corridor_period,tmc_code,minute,mean_tt,p95_tt,days,start_latitude,length_mi,distance_end_mi,distance_start_mi,t0_min,tti,pti95,gamma95
I-95 NB AM,110+04147,300,1.5508695652173914,1.589,23,38.52594,1.82979,2.3285183333333332,0.4987283333333332,1.5248249999999999,1.0170803634629493,1.0420867968455396,1.0245864872441828
I-95 NB AM,110+04147,305,1.561304347826087,1.6249999999999998,23,38.52594,1.82979,2.3285183333333332,0.4987283333333332,1.5248249999999999,1.0239236291548783,1.0656960634826946,1.0407964355332775
I-95 NB AM,110+04147,310,1.5817391304347828,1.6929999999999998,23,38.52594,1.82979,2.3285183333333332,0.4987283333333332,1.5248249999999999,1.0373250244682393,1.1102913449084322,1.0703408466190212
I-95 NB AM,110+04147,315,1.5882608695652174,1.656,23,38.52594,1.82979,2.3285183333333332,0.4987283333333332,1.5248249999999999,1.0416020655256948,1.086026265309134,1.042649876813578
I-95 NB AM,110+04147,320,1.5821739130434782,1.629,23,38.52594,1.82979,2.3285183333333332,0.4987283333333332,1.5248249999999999,1.0376101605387362,1.0683193153312676,1.0295960428689201
I-95 NB AM,110+04147,325,1.5939130434782611,1.629,23,38.52594,1.82979,2.3285183333333332,0.4987283333333332,1.5248249999999999,1.0453088344421564,1.0683193153312676,1.022013093289689
I-95 NB AM,110+04147,330,1.586521739130435,1.648,23,38.52594,1.82979,2.3285183333333332,0.4987283333333332,1.5248249999999999,1.0404615212437067,1.0807797616119883,1.0387503425596052
I-95 NB AM,110+04147,335,1.587826086956522,1.63,23,38.52594,1.82979,2.3285183333333332,0.4987283333333332,1.5248249999999999,1.0413169294551978,1.0689751282934108,1.0265607886089811
I-95 NB AM,110+04147,340,1.5795652173913042,1.6389999999999998,23,38.52594,1.82979,2.3285183333333332,0.4987283333333332,1.5248249999999999,1.0358993441157538,1.0748774449526994,1.037627305257363
I-95 NB AM,110+04147,345,1.588695652173913,1.682,23,38.52594,1.82979,2.3285183333333332,0.4987283333333332,1.5248249999999999,1.0418872015961917,1.103077402324857,1.0587301587301587
I-95 NB AM,110+04147,350,1.5895652173913044,1.6769999999999998,23,38.52594,1.82979,2.3285183333333332,0.4987283333333332,1.5248249999999999,1.042457473737186,1.099798337514141,1.0550054704595184
I-95 NB AM,110+04147,355,1.6013043478260869,1.6789999999999998,23,38.52594,1.82979,2.3285183333333332,0.4987283333333332,1.5248249999999999,1.050156147640606,1.1011099634384274,1.0485202280749388
I-95 NB AM,110+04147,360,1.5982608695652174,1.7189999999999999,23,38.52594,1.82979,2.3285183333333332,0.4987283333333332,1.5248249999999999,1.0481601951471267,1.1273424819241553,1.075544069640914
I-95 NB AM,110+04147,365,1.602608695652174,1.66,23,38.52594,1.82979,2.3285183333333332,0.4987283333333332,1.5248249999999999,1.0510115558520972,1.0886495171577066,1.0358111774281062
I-95 NB AM,110+04147,370,1.5995652173913044,1.63,23,38.52594,1.82979,2.3285183333333332,0.4987283333333332,1.5248249999999999,1.049015603358618,1.0689751282934108,1.0190269094862734
I-95 NB AM,110+04147,375,1.6326086956521741,1.8949999999999996,23,38.52594,1.82979,2.3285183333333332,0.4987283333333332,1.5248249999999999,1.0706859447163932,1.2427655632613577,1.1607190412782953
I-95 NB AM,110+04147,380,1.6656521739130437,1.8779999999999997,23,38.52594,1.82979,2.3285183333333332,0.4987283333333332,1.5248249999999999,1.0923562860741685,1.2316167429049234,1.1274862960062644
I-95 NB AM,110+04147,385,1.6743478260869564,1.9109999999999996,23,38.52594,1.82979,2.3285183333333332,0.4987283333333332,1.5248249999999999,1.098059007484109,1.253258570655649,1.1413399117112437
I-95 NB AM,110+04147,390,1.7269565217391303,2.6439999999999984,23,38.52594,1.82979,2.3285183333333332,0.4987283333333332,1.5248249999999999,1.132560472014251,1.7339694719066112,1.5310171198388713
I-95 NB AM,110+04147,395,1.8330434782608698,1.775,23,38.52594,1.82979,2.3285183333333332,0.4987283333333332,1.5248249999999999,1.2021336732155297,1.1640680078041743,0.9683349146110055
I-95 NB AM,110+04147,400,1.916521739130435,1.7879999999999998,23,38.52594,1.82979,2.3285183333333332,0.4987283333333332,1.5248249999999999,1.2568797987509617,1.1725935763120359,0.9329401088929218
I-95 NB AM,110+04147,405,2.033913043478261,1.816,23,38.52594,1.82979,2.3285183333333332,0.4987283333333332,1.5248249999999999,1.333866537785163,1.1909563392520455,0.8928601966652415
I-95 NB AM,110+04147,410,2.143913043478261,1.678,23,38.52594,1.82979,2.3285183333333332,0.4987283333333332,1.5248249999999999,1.4060059636209146,1.1004541504762841,0.7826809977692151
I-95 NB AM,110+04147,415,2.1308695652173912,1.66,23,38.52594,1.82979,2.3285183333333332,0.4987283333333332,1.5248249999999999,1.3974518815060033,1.0886495171577066,0.7790246888390124
I-95 NB AM,110+04147,420,1.8995652173913042,1.6669999999999998,23,38.52594,1.82979,2.3285183333333332,0.4987283333333332,1.5248249999999999,1.2457594920015769,1.093240207892709,0.8775692378118563
I-95 NB AM,110+04147,425,2.16,1.658,23,38.52594,1.82979,2.3285183333333332,0.4987283333333332,1.5248249999999999,1.4165559982293052,1.0873378912334202,0.7675925925925925
I-95 NB AM,110+04147,430,2.0817391304347828,1.7579999999999998,23,38.52594,1.82979,2.3285183333333332,0.4987283333333332,1.5248249999999999,1.3652315055398376,1.1529191874477398,0.844486215538847
I-95 NB AM,110+04147,435,2.5678260869565217,1.7279999999999998,23,38.52594,1.82979,2.3285183333333332,0.4987283333333332,1.5248249999999999,1.6840136323555306,1.133244798583444,0.6729427700643412
I-95 NB AM,110+04147,440,2.2708695652173914,1.678,23,38.52594,1.82979,2.3285183333333332,0.4987283333333332,1.5248249999999999,1.4892656962060509,1.1004541504762841,0.738923990044036
I-95 NB AM,110+04147,445,2.0704347826086957,2.407999999999999,23,38.52594,1.82979,2.3285183333333332,0.4987283333333332,1.5248249999999999,1.3578179677069144,1.5791976128408174,1.1630407391852158
I-95 NB AM,110+04147,450,2.050869565217391,1.9469999999999996,23,38.52594,1.82979,2.3285183333333332,0.4987283333333332,1.5248249999999999,1.3449868445345474,1.276867837292804,0.9493534025863896
I-95 NB AM,110+04147,455,2.0743478260869566,1.619,23,38.52594,1.82979,2.3285183333333332,0.4987283333333332,1.5248249999999999,1.3603841923413877,1.0617611857098357,0.780486271221966
I-95 NB AM,110+04147,460,1.934782608695652,1.6549999999999998,23,38.52594,1.82979,2.3285183333333332,0.4987283333333332,1.5248249999999999,1.2688555137118374,1.0853704523469907,0.8553932584269662
I-95 NB AM,110+04147,465,1.9947826086956524,1.6589999999999998,23,38.52594,1.82979,2.3285183333333332,0.4987283333333332,1.5248249999999999,1.3082042914404293,1.0879937041955634,0.8316695727986049
I-95 NB AM,110+04147,470,1.8969565217391307,1.648,23,38.52594,1.82979,2.3285183333333332,0.4987283333333332,1.5248249999999999,1.2440486755785949,1.0807797616119883,0.8687600275040108
I-95 NB AM,110+04147,475,1.6782608695652175,1.6389999999999998,23,38.52594,1.82979,2.3285183333333332,0.4987283333333332,1.5248249999999999,1.1006252321185825,1.0748774449526994,0.9766062176165802
I-95 NB AM,110+04147,480,1.6539130434782607,1.64,23,38.52594,1.82979,2.3285183333333332,0.4987283333333332,1.5248249999999999,1.084657612170748,1.0755332579148427,0.9915878023133544
I-95 NB AM,110+04147,485,1.6791304347826088,1.668,23,38.52594,1.82979,2.3285183333333332,0.4987283333333332,1.5248249999999999,1.1011955042595767,1.0938960208548523,0.9933713102019678
I-95 NB AM,110+04147,490,1.7104347826086959,1.65,23,38.52594,1.82979,2.3285183333333332,0.4987283333333332,1.5248249999999999,1.1217253013353636,1.0820913875362748,0.9646670055922724
I-95 NB AM,110+04147,495,1.733913043478261,1.656,23,38.52594,1.82979,2.3285183333333332,0.4987283333333332,1.5248249999999999,1.137122649142204,1.086026265309134,0.9550651955867602
I-95 NB AM,110+04147,500,1.7404347826086957,1.648,23,38.52594,1.82979,2.3285183333333332,0.4987283333333332,1.5248249999999999,1.1413996901996595,1.0807797616119883,0.9468898326255308
I-95 NB AM,110+04147,505,1.722608695652174,1.656,23,38.52594,1.82979,2.3285183333333332,0.4987283333333332,1.5248249999999999,1.1297091113092808,1.086026265309134,0.9613326602725895
I-95 NB AM,110+04147,510,1.6691304347826088,1.6669999999999998,23,38.52594,1.82979,2.3285183333333332,0.4987283333333332,1.5248249999999999,1.0946373746381446,1.093240207892709,0.9987236259442561
I-95 NB AM,110+04147,515,1.663913043478261,1.6689999999999998,23,38.52594,1.82979,2.3285183333333332,0.4987283333333332,1.5248249999999999,1.0912157417921802,1.0945518338169953,1.0030572249804022
I-95 NB AM,110+04147,520,1.6665217391304348,1.7049999999999998,23,38.52594,1.82979,2.3285183333333332,0.4987283333333332,1.5248249999999999,1.0929265582151624,1.1181611004541505,1.0230889642577614
I-95 NB AM,110+04147,525,1.6430434782608696,1.65,23,38.52594,1.82979,2.3285183333333332,0.4987283333333332,1.5248249999999999,1.077529210408322,1.0820913875362748,1.0042339243186027
I-95 NB AM,110+04147,530,1.6169565217391304,1.7859999999999998,23,38.52594,1.82979,2.3285183333333332,0.4987283333333332,1.5248249999999999,1.0604210461784995,1.1712819503877494,1.1045442323205161
I-95 NB AM,110+04147,535,1.6008695652173912,1.6569999999999998,23,38.52594,1.82979,2.3285183333333332,0.4987283333333332,1.5248249999999999,1.0498710115701089,1.086682078271277,1.0350624660510592
I-95 NB AM,110+04147,540,1.605217391304348,1.704,23,38.52594,1.82979,2.3285183333333332,0.4987283333333332,1.5248249999999999,1.0527223722750794,1.1175052874920073,1.0615384615384615
I-95 NB AM,110+04147,545,1.6139130434782607,1.7309999999999999,23,38.52594,1.82979,2.3285183333333332,0.4987283333333332,1.5248249999999999,1.0584250936850201,1.1352122374698737,1.0725484913793104
I-95 NB AM,110+04147,550,1.602608695652174,1.6589999999999998,23,38.52594,1.82979,2.3285183333333332,0.4987283333333332,1.5248249999999999,1.0510115558520972,1.0879937041955634,1.0351871947911013
I-95 NB AM,110+04147,555,1.5995652173913044,1.6589999999999998,23,38.52594,1.82979,2.3285183333333332,0.4987283333333332,1.5248249999999999,1.049015603358618,1.0879937041955634,1.0371568360967653
I-95 NB AM,110+04147,560,1.6134782608695653,1.7049999999999998,23,38.52594,1.82979,2.3285183333333332,0.4987283333333332,1.5248249999999999,1.0581399576145232,1.1181611004541505,1.056723255187281
I-95 NB AM,110+04147,565,1.5995652173913044,1.658,23,38.52594,1.82979,2.3285183333333332,0.4987283333333332,1.5248249999999999,1.049015603358618,1.0873378912334202,1.036531666213645
I-95 NB AM,110+04147,570,1.603913043478261,1.6689999999999998,23,38.52594,1.82979,2.3285183333333332,0.4987283333333332,1.5248249999999999,1.0518669640635883,1.0945518338169953,1.0405801030089454
I-95 NB AM,110+04147,575,1.6021739130434782,1.688,23,38.52594,1.82979,2.3285183333333332,0.4987283333333332,1.5248249999999999,1.0507264197816002,1.1070122800977162,1.0535685210312076
I-95 NB AM,110+04147,580,1.591304347826087,1.6489999999999998,23,38.52594,1.82979,2.3285183333333332,0.4987283333333332,1.5248249999999999,1.0435980180191742,1.0814355745741313,1.0362568306010926
I-95 NB AM,110+04147,585,1.6130434782608696,1.7319999999999998,23,38.52594,1.82979,2.3285183333333332,0.4987283333333332,1.5248249999999999,1.0578548215440262,1.1358680504320167,1.0737466307277626
I-95 NB AM,110+04147,590,1.622608695652174,1.757,23,38.52594,1.82979,2.3285183333333332,0.4987283333333332,1.5248249999999999,1.0641278150949611,1.1522633744855968,1.082824222936763
I-95 NB AM,110+04147,595,1.6382608695652174,1.8869999999999998,23,38.52594,1.82979,2.3285183333333332,0.4987283333333332,1.5248249999999999,1.0743927136328546,1.2375190595642123,1.1518312101910826
I-95 NB AM,110+04147,600,1.6339130434782607,1.8849999999999998,23,38.52594,1.82979,2.3285183333333332,0.4987283333333332,1.5248249999999999,1.071541352927884,1.2362074336399258,1.153672166045769
I-95 NB AM,110+04147,605,1.6034782608695652,1.7229999999999999,23,38.52594,1.82979,2.3285183333333332,0.4987283333333332,1.5248249999999999,1.0515818279930913,1.129965733772728,1.0745390455531452
I-95 NB AM,110+04147,610,1.6552173913043478,1.7979999999999998,23,38.52594,1.82979,2.3285183333333332,0.4987283333333332,1.5248249999999999,1.0855130203822392,1.1791517059334677,1.0862621486734962
I-95 NB AM,110+04147,615,1.6421739130434785,1.6849999999999998,23,38.52594,1.82979,2.3285183333333332,0.4987283333333332,1.5248249999999999,1.0769589382673281,1.1050448412112865,1.0260788985967697
I-95 NB AM,110+04147,620,1.6199999999999999,1.6489999999999998,23,38.52594,1.82979,2.3285183333333332,0.4987283333333332,1.5248249999999999,1.0624169986719787,1.0814355745741313,1.0179012345679013
I-95 NB AM,110+04147,625,1.5926086956521741,1.6489999999999998,23,38.52594,1.82979,2.3285183333333332,0.4987283333333332,1.5248249999999999,1.0444534262306653,1.0814355745741313,1.0354081354081353
I-95 NB AM,110+04147,630,1.6043478260869564,1.7209999999999999,23,38.52594,1.82979,2.3285183333333332,0.4987283333333332,1.5248249999999999,1.0521521001340852,1.1286541078484416,1.072710027100271
I-95 NB AM,110+04147,635,1.6121739130434782,1.7129999999999999,23,38.52594,1.82979,2.3285183333333332,0.4987283333333332,1.5248249999999999,1.057284549403032,1.1234076041512961,1.0625404530744336
I-95 NB AM,110+04147,640,1.6134782608695653,1.6949999999999998,23,38.52594,1.82979,2.3285183333333332,0.4987283333333332,1.5248249999999999,1.0581399576145232,1.1116029708327184,1.0505254648342763
I-95 NB AM,110+04147,645,1.6500000000000001,1.716,23,38.52594,1.82979,2.3285183333333332,0.4987283333333332,1.5248249999999999,1.0820913875362748,1.1253750430377256,1.0399999999999998
I-95 NB AM,110+04147,650,1.6386956521739133,1.7209999999999999,23,38.52594,1.82979,2.3285183333333332,0.4987283333333332,1.5248249999999999,1.0746778497033518,1.1286541078484416,1.050225524011674
I-95 NB AM,110+04147,655,1.6056521739130434,1.6969999999999998,23,38.52594,1.82979,2.3285183333333332,0.4987283333333332,1.5248249999999999,1.0530075083455763,1.1129145967570049,1.0568914161927971
I-95 NB AM,110+04148,300,1.6960869565217391,1.7289999999999999,23,38.55214,1.9785741666666667,4.706038333333334,2.727464166666667,1.6582546445034223,1.022814537045754,1.0426625402383618,1.019405280697257
I-95 NB AM,110+04148,305,1.702173913043478,1.7389999999999999,23,38.55214,1.9785741666666667,4.706038333333334,2.727464166666667,1.6582546445034223,1.026485237768297,1.0486929771396825,1.0216347381864623
I-95 NB AM,110+04148,310,1.7269565217391303,1.769,23,38.55214,1.9785741666666667,4.706038333333334,2.727464166666667,1.6582546445034223,1.0414302335672223,1.0667842878436449,1.0243454179254783
I-95 NB AM,110+04148,315,1.746086956521739,1.857,23,38.55214,1.9785741666666667,4.706038333333334,2.727464166666667,1.6582546445034223,1.0529667215523577,1.1198521325752677,1.0635209163346615
I-95 NB AM,110+04148,320,1.7439130434782608,1.827,23,38.55214,1.9785741666666667,4.706038333333334,2.727464166666667,1.6582546445034223,1.0516557570085925,1.1017608218713055,1.0476439790575915
I-95 NB AM,110+04148,325,1.7552173913043476,1.82,23,38.55214,1.9785741666666667,4.706038333333334,2.727464166666667,1.6582546445034223,1.0584727726361722,1.097539516040381,1.036908595491702
I-95 NB AM,110+04148,330,1.748695652173913,1.808,23,38.55214,1.9785741666666667,4.706038333333334,2.727464166666667,1.6582546445034223,1.0545398790048761,1.090302991758796,1.0339134758826456
I-95 NB AM,110+04148,335,1.75,1.828,23,38.55214,1.9785741666666667,4.706038333333334,2.727464166666667,1.6582546445034223,1.0553264577311354,1.1023638655614376,1.0445714285714287
I-95 NB AM,110+04148,340,1.7369565217391305,1.799,23,38.55214,1.9785741666666667,4.706038333333334,2.727464166666667,1.6582546445034223,1.0474606704685432,1.0848755985476073,1.0357196495619523
I-95 NB AM,110+04148,345,1.75,1.8739999999999999,23,38.55214,1.9785741666666667,4.706038333333334,2.727464166666667,1.6582546445034223,1.0553264577311354,1.130103875307513,1.0708571428571427
I-95 NB AM,110+04148,350,1.7482608695652175,1.864,23,38.55214,1.9785741666666667,4.706038333333334,2.727464166666667,1.6582546445034223,1.0542776860961232,1.1240734384061923,1.0662024372046754
I-95 NB AM,110+04148,355,1.7573913043478262,1.846,23,38.55214,1.9785741666666667,4.706038333333334,2.727464166666667,1.6582546445034223,1.059783737179938,1.113218651983815,1.0504205838693716
I-95 NB AM,110+04148,360,1.7560869565217392,1.854,23,38.55214,1.9785741666666667,4.706038333333334,2.727464166666667,1.6582546445034223,1.0589971584536786,1.1180430015048717,1.0557563753404309
I-95 NB AM,110+04148,365,1.767391304347826,1.8929999999999998,23,38.55214,1.9785741666666667,4.706038333333334,2.727464166666667,1.6582546445034223,1.0658141740812586,1.1415617054200224,1.071070110701107
I-95 NB AM,110+04148,370,1.7721739130434782,1.839,23,38.55214,1.9785741666666667,4.706038333333334,2.727464166666667,1.6582546445034223,1.0686982960775424,1.1089973461528904,1.0377085377821393
I-95 NB AM,110+04148,375,1.7882608695652176,1.84,23,38.55214,1.9785741666666667,4.706038333333334,2.727464166666667,1.6582546445034223,1.0783994337014065,1.1096003898430224,1.0289326525650375
I-95 NB AM,110+04148,380,1.82,1.896,23,38.55214,1.9785741666666667,4.706038333333334,2.727464166666667,1.6582546445034223,1.097539516040381,1.1433708364904187,1.0417582417582416
I-95 NB AM,110+04148,385,1.9821739130434783,1.8989999999999998,23,38.55214,1.9785741666666667,4.706038333333334,2.727464166666667,1.6582546445034223,1.1953374710052787,1.145179967560815,0.9580390436499231
I-95 NB AM,110+04148,390,2.1043478260869564,1.9389999999999998,23,38.55214,1.9785741666666667,4.706038333333334,2.727464166666667,1.6582546445034223,1.2690136783648933,1.169301715166098,0.9214256198347107
I-95 NB AM,110+04148,395,2.203478260869565,1.9979999999999996,23,38.55214,1.9785741666666667,4.706038333333334,2.727464166666667,1.6582546445034223,1.3287936615605949,1.2048812928838903,0.9067482241515389
I-95 NB AM,110+04148,400,2.1669565217391304,1.8969999999999998,23,38.55214,1.9785741666666667,4.706038333333334,2.727464166666667,1.6582546445034223,1.3067694572253366,1.1439738801805508,0.8754213483146066
I-95 NB AM,110+04148,405,2.152608695652174,1.9889999999999999,23,38.55214,1.9785741666666667,4.706038333333334,2.727464166666667,1.6582546445034223,1.298117091236485,1.199453899672702,0.9239951524944455
I-95 NB AM,110+04148,410,2.371739130434783,1.9869999999999999,23,38.55214,1.9785741666666667,4.706038333333334,2.727464166666667,1.6582546445034223,1.430262317248036,1.1982478122924378,0.8377818515123738
I-95 NB AM,110+04148,415,2.5643478260869568,1.9329999999999998,23,38.55214,1.9785741666666667,4.706038333333334,2.727464166666667,1.6582546445034223,1.546413775825649,1.1656834530253055,0.753797897592404
I-95 NB AM,110+04148,420,2.1221739130434782,1.9089999999999998,23,38.55214,1.9785741666666667,4.706038333333334,2.727464166666667,1.6582546445034223,1.2797635876237694,1.1512104044621356,0.8995492726900225
I-95 NB AM,110+04148,425,2.2295652173913045,1.869,23,38.55214,1.9785741666666667,4.706038333333334,2.727464166666667,1.6582546445034223,1.3445252360857798,1.1270886568568528,0.8382800312012479
I-95 NB AM,110+04148,430,2.1534782608695653,2.014,23,38.55214,1.9785741666666667,4.706038333333334,2.727464166666667,1.6582546445034223,1.2986414770539911,1.2145299919260037,0.9352311730264485
I-95 NB AM,110+04148,435,2.1617391304347824,1.838,23,38.55214,1.9785741666666667,4.706038333333334,2.727464166666667,1.6582546445034223,1.3036231423202993,1.1083943024627583,0.8502413515687853
I-95 NB AM,110+04148,440,2.2456521739130433,2.098,23,38.55214,1.9785741666666667,4.706038333333334,2.727464166666667,1.6582546445034223,1.3542263737096434,1.2651856618970982,0.9342497579864473
I-95 NB AM,110+04148,445,2.1339130434782607,1.86,23,38.55214,1.9785741666666667,4.706038333333334,2.727464166666667,1.6582546445034223,1.2868427961601026,1.121661263645664,0.8716381418092911
I-95 NB AM,110+04148,450,1.9234782608695653,1.838,23,38.55214,1.9785741666666667,4.706038333333334,2.727464166666667,1.6582546445034223,1.1599414283236134,1.1083943024627583,0.9555605786618445
I-95 NB AM,110+04148,455,2.0482608695652176,2.001,23,38.55214,1.9785741666666667,4.706038333333334,2.727464166666667,1.6582546445034223,1.2351907931357464,1.2066904239542868,0.9769263426024197
I-95 NB AM,110+04148,460,2.0095652173913043,1.9509999999999998,23,38.55214,1.9785741666666667,4.706038333333334,2.727464166666667,1.6582546445034223,1.2118556242567224,1.1765382394476829,0.9708567719601903
I-95 NB AM,110+04148,465,1.8430434782608696,1.828,23,38.55214,1.9785741666666667,4.706038333333334,2.727464166666667,1.6582546445034223,1.111435740204294,1.1023638655614376,0.9918376975701817
I-95 NB AM,110+04148,470,1.817391304347826,1.869,23,38.55214,1.9785741666666667,4.706038333333334,2.727464166666667,1.6582546445034223,1.0959663585878625,1.1270886568568528,1.028397129186603
I-95 NB AM,110+04148,475,1.815217391304348,1.8619999999999999,23,38.55214,1.9785741666666667,4.706038333333334,2.727464166666667,1.6582546445034223,1.094655394044097,1.1228673510259282,1.0257724550898202
I-95 NB AM,110+04148,480,1.8204347826086955,1.9859999999999998,23,38.55214,1.9785741666666667,4.706038333333334,2.727464166666667,1.6582546445034223,1.0978017089491339,1.1976447686023055,1.090948172916169
I-95 NB AM,110+04148,485,1.8295652173913042,1.908,23,38.55214,1.9785741666666667,4.706038333333334,2.727464166666667,1.6582546445034223,1.1033077600329484,1.1506073607720038,1.0428707224334601
I-95 NB AM,110+04148,490,1.8456521739130436,2.2539999999999996,23,38.55214,1.9785741666666667,4.706038333333334,2.727464166666667,1.6582546445034223,1.1130088976568124,1.3592604775577022,1.2212485276796228
I-95 NB AM,110+04148,495,1.835217391304348,2.0079999999999996,23,38.55214,1.9785741666666667,4.706038333333334,2.727464166666667,1.6582546445034223,1.1067162678467386,1.2109117297852112,1.0941483060886044
I-95 NB AM,110+04148,500,1.8347826086956522,2.2919999999999994,23,38.55214,1.9785741666666667,4.706038333333334,2.727464166666667,1.6582546445034223,1.1064540749379856,1.382176137782721,1.2491943127962082
I-95 NB AM,110+04148,505,1.8530434782608693,2.4539999999999993,23,38.55214,1.9785741666666667,4.706038333333334,2.727464166666667,1.6582546445034223,1.1174661771056147,1.4798692155841175,1.3243078366963865
I-95 NB AM,110+04148,510,1.8656521739130434,2.6049999999999986,23,38.55214,1.9785741666666667,4.706038333333334,2.727464166666667,1.6582546445034223,1.125069771459454,1.5709288127940608,1.3962945700302953
I-95 NB AM,110+04148,515,1.8834782608695653,2.8229999999999986,23,38.55214,1.9785741666666667,4.706038333333334,2.727464166666667,1.6582546445034223,1.1358196807183303,1.7023923372428538,1.4988227146814397
I-95 NB AM,110+04148,520,1.9030434782608696,2.822999999999999,23,38.55214,1.9785741666666667,4.706038333333334,2.727464166666667,1.6582546445034223,1.1476183616122186,1.702392337242854,1.4834132967786149
I-95 NB AM,110+04148,525,1.9004347826086956,2.7189999999999985,23,38.55214,1.9785741666666667,4.706038333333334,2.727464166666667,1.6582546445034223,1.1460452041597002,1.6396757934691175,1.4307252345001136
I-95 NB AM,110+04148,530,1.9200000000000002,2.4029999999999996,23,38.55214,1.9785741666666667,4.706038333333334,2.727464166666667,1.6582546445034223,1.1578438850535888,1.4491139873873817,1.2515624999999997
I-95 NB AM,110+04148,535,1.8795652173913042,1.9129999999999998,23,38.55214,1.9785741666666667,4.706038333333334,2.727464166666667,1.6582546445034223,1.1334599445395523,1.153622579222664,1.0177885727504048
I-95 NB AM,110+04148,540,1.9030434782608694,1.894,23,38.55214,1.9785741666666667,4.706038333333334,2.727464166666667,1.6582546445034223,1.1476183616122186,1.1421647491101545,0.9952478866803747
I-95 NB AM,110+04148,545,1.9021739130434783,1.928,23,38.55214,1.9785741666666667,4.706038333333334,2.727464166666667,1.6582546445034223,1.1470939757947125,1.1626682345746453,1.0135771428571427
I-95 NB AM,110+04148,550,1.8247826086956522,2.1689999999999996,23,38.55214,1.9785741666666667,4.706038333333334,2.727464166666667,1.6582546445034223,1.1004236380366648,1.3080017638964756,1.1886347390993564
I-95 NB AM,110+04148,555,1.791304347826087,1.84,23,38.55214,1.9785741666666667,4.706038333333334,2.727464166666667,1.6582546445034223,1.0802347840626778,1.1096003898430224,1.0271844660194174
I-95 NB AM,110+04148,560,1.8321739130434782,1.8989999999999998,23,38.55214,1.9785741666666667,4.706038333333334,2.727464166666667,1.6582546445034223,1.104880917485467,1.145179967560815,1.0364736592311343
I-95 NB AM,110+04148,565,1.8256521739130436,1.924,23,38.55214,1.9785741666666667,4.706038333333334,2.727464166666667,1.6582546445034223,1.100948023854171,1.160256059814117,1.0538699690402475
I-95 NB AM,110+04148,570,1.808695652173913,1.916,23,38.55214,1.9785741666666667,4.706038333333334,2.727464166666667,1.6582546445034223,1.090722500412801,1.1554317102930602,1.059326923076923
I-95 NB AM,110+04148,575,1.8021739130434784,1.9289999999999998,23,38.55214,1.9785741666666667,4.706038333333334,2.727464166666667,1.6582546445034223,1.0867896067815048,1.1632712782647772,1.0703739445114595
I-95 NB AM,110+04148,580,1.7773913043478262,1.88,23,38.55214,1.9785741666666667,4.706038333333334,2.727464166666667,1.6582546445034223,1.0718446109825794,1.1337221374483055,1.057729941291585
I-95 NB AM,110+04148,585,1.7799999999999998,1.859,23,38.55214,1.9785741666666667,4.706038333333334,2.727464166666667,1.6582546445034223,1.0734177684350976,1.121058219955532,1.0443820224719103
I-95 NB AM,110+04148,590,1.7921739130434782,1.8949999999999998,23,38.55214,1.9785741666666667,4.706038333333334,2.727464166666667,1.6582546445034223,1.080759169880184,1.1427677928002866,1.0573750606501697
I-95 NB AM,110+04148,595,1.7782608695652173,1.846,23,38.55214,1.9785741666666667,4.706038333333334,2.727464166666667,1.6582546445034223,1.0723689968000856,1.113218651983815,1.0380929095354523
I-95 NB AM,110+04148,600,1.7682608695652176,1.8749999999999998,23,38.55214,1.9785741666666667,4.706038333333334,2.727464166666667,1.6582546445034223,1.066338559898765,1.130706918997645,1.0603639045979836
I-95 NB AM,110+04148,605,1.7773913043478262,1.858,23,38.55214,1.9785741666666667,4.706038333333334,2.727464166666667,1.6582546445034223,1.0718446109825794,1.1204551762653998,1.0453522504892367
I-95 NB AM,110+04148,610,1.7595652173913043,1.854,23,38.55214,1.9785741666666667,4.706038333333334,2.727464166666667,1.6582546445034223,1.0610947017237031,1.1180430015048717,1.0536693847294292
I-95 NB AM,110+04148,615,1.7930434782608697,1.99,23,38.55214,1.9785741666666667,4.706038333333334,2.727464166666667,1.6582546445034223,1.0812835556976903,1.200056943362834,1.1098448108632395
I-95 NB AM,110+04148,620,1.8026086956521739,1.9549999999999998,23,38.55214,1.9785741666666667,4.706038333333334,2.727464166666667,1.6582546445034223,1.0870517996902578,1.1789504142082112,1.0845393150024119
I-95 NB AM,110+04148,625,1.836521739130435,2.432999999999999,23,38.55214,1.9785741666666667,4.706038333333334,2.727464166666667,1.6582546445034223,1.107502846572998,1.4672052980913437,1.324786931818181
I-95 NB AM,110+04148,630,1.8130434782608698,1.838,23,38.55214,1.9785741666666667,4.706038333333334,2.727464166666667,1.6582546445034223,1.0933444295003318,1.1083943024627583,1.0137649880095922
I-95 NB AM,110+04148,635,1.7921739130434782,1.829,23,38.55214,1.9785741666666667,4.706038333333334,2.727464166666667,1.6582546445034223,1.080759169880184,1.1029669092515695,1.020548277535177
I-95 NB AM,110+04148,640,1.796521739130435,1.857,23,38.55214,1.9785741666666667,4.706038333333334,2.727464166666667,1.6582546445034223,1.0833810989677148,1.1198521325752677,1.0336640851887704
I-95 NB AM,110+04148,645,1.7982608695652174,1.857,23,38.55214,1.9785741666666667,4.706038333333334,2.727464166666667,1.6582546445034223,1.084429870602727,1.1198521325752677,1.0326644100580271
I-95 NB AM,110+04148,650,1.7626086956521738,1.837,23,38.55214,1.9785741666666667,4.706038333333334,2.727464166666667,1.6582546445034223,1.0629300520849747,1.1077912587726262,1.0422052294030588
I-95 NB AM,110+04148,655,1.7656521739130435,1.848,23,38.55214,1.9785741666666667,4.706038333333334,2.727464166666667,1.6582546445034223,1.0647654024462463,1.1144247393640792,1.0466387589263728
I-95 NB AM,110+04149,300,2.6482608695652177,2.7699999999999996,23,38.58331,3.040653333333333,8.261191666666667,5.220538333333334,2.5914659090909087,1.0219161518872664,1.0688930887660109,1.0459694631423408
I-95 NB AM,110+04149,305,2.657826086956522,2.727,23,38.58331,3.040653333333333,8.261191666666667,5.220538333333334,2.5914659090909087,1.0256071969277392,1.05230016356134,1.0260265008997218
I-95 NB AM,110+04149,310,2.6934782608695653,2.74,23,38.58331,3.040653333333333,8.261191666666667,5.220538333333334,2.5914659090909087,1.0393647284422285,1.0573166293208918,1.01727199354318
I-95 NB AM,110+04149,315,2.7230434782608697,2.847,23,38.58331,3.040653333333333,8.261191666666667,5.220538333333334,2.5914659090909087,1.0507734131127808,1.098606001341817,1.04552131566342
I-95 NB AM,110+04149,320,2.7669565217391305,2.972,23,38.58331,3.040653333333333,8.261191666666667,5.220538333333334,2.5914659090909087,1.0677186653440425,1.1468412490298139,1.0741043368950345
I-95 NB AM,110+04149,325,2.738695652173913,2.937,23,38.58331,3.040653333333333,8.261191666666667,5.220538333333334,2.5914659090909087,1.0568133049971908,1.1333353796771748,1.0724083187807587
I-95 NB AM,110+04149,330,2.751304347826087,2.9139999999999997,23,38.58331,3.040653333333333,8.261191666666667,5.220538333333334,2.5914659090909087,1.0616787734596322,1.1244600941025833,1.059134007585335
I-95 NB AM,110+04149,335,2.753478260869565,2.8569999999999998,23,38.58331,3.040653333333333,8.261191666666667,5.220538333333334,2.5914659090909087,1.062517647332467,1.1024648211568566,1.0375967156166115
I-95 NB AM,110+04149,340,2.7286956521739127,2.864,23,38.58331,3.040653333333333,8.261191666666667,5.220538333333334,2.5914659090909087,1.052954485182151,1.1051659950273847,1.049585723390695
I-95 NB AM,110+04149,345,2.7291304347826086,2.856,23,38.58331,3.040653333333333,8.261191666666667,5.220538333333334,2.5914659090909087,1.053122259956718,1.1020789391753527,1.0464871754022622
I-95 NB AM,110+04149,350,2.7447826086956524,2.884,23,38.58331,3.040653333333333,8.261191666666667,5.220538333333334,2.5914659090909087,1.0591621518411283,1.1128836346574642,1.0507207349912877
I-95 NB AM,110+04149,355,2.746086956521739,2.819,23,38.58331,3.040653333333333,8.261191666666667,5.220538333333334,2.5914659090909087,1.059665476164829,1.0878013058597058,1.0265516149461684
I-95 NB AM,110+04149,360,2.7752173913043476,2.9050000000000002,23,38.58331,3.040653333333333,8.261191666666667,5.220538333333334,2.5914659090909087,1.0709063860608143,1.1209871562690477,1.0467648441171864
I-95 NB AM,110+04149,365,2.7821739130434784,2.917,23,38.58331,3.040653333333333,8.261191666666667,5.220538333333334,2.5914659090909087,1.0735907824538855,1.1256177400470952,1.0484606969839037
I-95 NB AM,110+04149,370,2.784347826086957,2.959,23,38.58331,3.040653333333333,8.261191666666667,5.220538333333334,2.5914659090909087,1.0744296563267204,1.1418247832702624,1.062726420986883
I-95 NB AM,110+04149,375,2.8082608695652174,2.9579999999999997,23,38.58331,3.040653333333333,8.261191666666667,5.220538333333334,2.5914659090909087,1.0836572689279023,1.1414389012887582,1.053320947515095
I-95 NB AM,110+04149,380,2.823913043478261,2.937,23,38.58331,3.040653333333333,8.261191666666667,5.220538333333334,2.5914659090909087,1.0896971608123123,1.1333353796771748,1.0400461893764432
I-95 NB AM,110+04149,385,2.8256521739130434,2.947,23,38.58331,3.040653333333333,8.261191666666667,5.220538333333334,2.5914659090909087,1.09036825991058,1.1371941994922146,1.0429450684720727
I-95 NB AM,110+04149,390,2.845652173913044,2.977,23,38.58331,3.040653333333333,8.261191666666667,5.220538333333334,2.5914659090909087,1.0980858995406597,1.1487706589373339,1.0461573720397248
I-95 NB AM,110+04149,395,2.863913043478261,3.0229999999999997,23,38.58331,3.040653333333333,8.261191666666667,5.220538333333334,2.5914659090909087,1.1051324400724714,1.1665212300865166,1.0555488082586912
I-95 NB AM,110+04149,400,2.8786956521739127,3.1319999999999997,23,38.58331,3.040653333333333,8.261191666666667,5.220538333333334,2.5914659090909087,1.1108367824077472,1.2085823660704498,1.087992750339828
I-95 NB AM,110+04149,405,2.89,3.081,23,38.58331,3.040653333333333,8.261191666666667,5.220538333333334,2.5914659090909087,1.1151989265464881,1.1889023850137472,1.0660899653979239
I-95 NB AM,110+04149,410,2.9082608695652175,3.1859999999999995,23,38.58331,3.040653333333333,8.261191666666667,5.220538333333334,2.5914659090909087,1.1222454670782998,1.2294199930716645,1.0955000747495887
I-95 NB AM,110+04149,415,2.9182608695652177,3.276,23,38.58331,3.040653333333333,8.261191666666667,5.220538333333334,2.5914659090909087,1.1261042868933395,1.2641493714070222,1.122586412395709
I-95 NB AM,110+04149,420,2.882608695652174,3.009,23,38.58331,3.040653333333333,8.261191666666667,5.220538333333334,2.5914659090909087,1.11234675537885,1.161118882345461,1.0438461538461539
I-95 NB AM,110+04149,425,2.8869565217391306,3.179,23,38.58331,3.040653333333333,8.261191666666667,5.220538333333334,2.5914659090909087,1.1140245031245195,1.2267188192011367,1.1011596385542168
I-95 NB AM,110+04149,430,2.9004347826086954,3.006,23,38.58331,3.040653333333333,8.261191666666667,5.220538333333334,2.5914659090909087,1.1192255211360946,1.159961236400949,1.0363963423774547
I-95 NB AM,110+04149,435,3.071739130434783,3.218,23,38.58331,3.040653333333333,8.261191666666667,5.220538333333334,2.5914659090909087,1.1853287823154715,1.2417682164797919,1.0476150035385703
I-95 NB AM,110+04149,440,3.167391304347826,3.141,23,38.58331,3.040653333333333,8.261191666666667,5.220538333333334,2.5914659090909087,1.2222392327201992,1.2120553039039856,0.9916678105696638
I-95 NB AM,110+04149,445,3.174782608695652,2.979,23,38.58331,3.040653333333333,8.261191666666667,5.220538333333334,2.5914659090909087,1.2250914038878373,1.149542422900342,0.9383319638455219
I-95 NB AM,110+04149,450,3.218695652173913,3.2319999999999998,23,38.58331,3.040653333333333,8.261191666666667,5.220538333333334,2.5914659090909087,1.242036656119099,1.2471705642208475,1.004133459408348
I-95 NB AM,110+04149,455,3.347826086956522,3.603999999999999,23,38.58331,3.040653333333333,8.261191666666667,5.220538333333334,2.5914659090909087,1.2918657641654818,1.390718661340326,1.0765194805194802
I-95 NB AM,110+04149,460,3.4586956521739127,3.7789999999999995,23,38.58331,3.040653333333333,8.261191666666667,5.220538333333334,2.5914659090909087,1.3346483316800528,1.4582480081035216,1.092608422375864
I-95 NB AM,110+04149,465,3.533913043478261,4.496999999999999,23,38.58331,3.040653333333333,8.261191666666667,5.220538333333334,2.5914659090909087,1.3636733676801347,1.7353112708233756,1.2725270669291335
I-95 NB AM,110+04149,470,3.7652173913043474,5.390999999999998,23,38.58331,3.040653333333333,8.261191666666667,5.220538333333334,2.5914659090909087,1.4529295477497495,2.080289762287929,1.431789838337182
I-95 NB AM,110+04149,475,3.7369565217391307,5.581999999999997,23,38.58331,3.040653333333333,8.261191666666667,5.220538333333334,2.5914659090909087,1.4420241874028983,2.1539932207551877,1.4937289121582307
I-95 NB AM,110+04149,480,3.4782608695652173,4.960999999999998,23,38.58331,3.040653333333333,8.261191666666667,5.220538333333334,2.5914659090909087,1.3421981965355654,1.9143605102412196,1.4262874999999993
I-95 NB AM,110+04149,485,3.3717391304347823,4.9579999999999975,23,38.58331,3.040653333333333,8.261191666666667,5.220538333333334,2.5914659090909087,1.3010933767666637,1.9132028642967076,1.4704577691811729
I-95 NB AM,110+04149,490,3.5539130434782606,4.224999999999998,23,38.58331,3.040653333333333,8.261191666666667,5.220538333333334,2.5914659090909087,1.371391007310214,1.630351371854294,1.1888304379740635
I-95 NB AM,110+04149,495,3.497391304347826,3.911999999999998,23,38.58331,3.040653333333333,8.261191666666667,5.220538333333334,2.5914659090909087,1.349580286616511,1.5095703116435497,1.1185479860765783
I-95 NB AM,110+04149,500,3.4526086956521738,4.038999999999998,23,38.58331,3.040653333333333,8.261191666666667,5.220538333333334,2.5914659090909087,1.3322994848361156,1.5585773232945546,1.169840070520085
I-95 NB AM,110+04149,505,3.2708695652173914,3.7989999999999995,23,38.58331,3.040653333333333,8.261191666666667,5.220538333333334,2.5914659090909087,1.2621696290671325,1.4659656477336012,1.161464841153795
I-95 NB AM,110+04149,510,3.2356521739130435,3.797999999999999,23,38.58331,3.040653333333333,8.261191666666667,5.220538333333334,2.5914659090909087,1.24857987232721,1.465579765752097,1.1737973662993817
I-95 NB AM,110+04149,515,3.2908695652173914,4.170999999999998,23,38.58331,3.040653333333333,8.261191666666667,5.220538333333334,2.5914659090909087,1.269887268697212,1.6095137448530792,1.2674461619764823
I-95 NB AM,110+04149,520,3.4434782608695653,3.866999999999999,23,38.58331,3.040653333333333,8.261191666666667,5.220538333333334,2.5914659090909087,1.32877621457021,1.4922056224758713,1.1229924242424238
I-95 NB AM,110+04149,525,3.4417391304347826,4.253999999999999,23,38.58331,3.040653333333333,8.261191666666667,5.220538333333334,2.5914659090909087,1.328105115471942,1.6415419493179095,1.2360030318342594
I-95 NB AM,110+04149,530,3.246521739130435,4.647999999999997,23,38.58331,3.040653333333333,8.261191666666667,5.220538333333334,2.5914659090909087,1.2527742416913836,1.7935794500304751,1.4316860854426132
I-95 NB AM,110+04149,535,3.097391304347826,3.785,23,38.58331,3.040653333333333,8.261191666666667,5.220538333333334,2.5914659090909087,1.195227494014921,1.4605632999925457,1.2219960696238068
I-95 NB AM,110+04149,540,2.9452173913043476,4.043999999999999,23,38.58331,3.040653333333333,8.261191666666667,5.220538333333334,2.5914659090909087,1.13650632291649,1.5605067332020748,1.3730735163861822
I-95 NB AM,110+04149,545,2.955217391304348,4.249999999999999,23,38.58331,3.040653333333333,8.261191666666667,5.220538333333334,2.5914659090909087,1.1403651427315298,1.6399984213918937,1.4381344710901867
I-95 NB AM,110+04149,550,2.962608695652174,4.002999999999998,23,38.58331,3.040653333333333,8.261191666666667,5.220538333333334,2.5914659090909087,1.143217313899168,1.5446855719604116,1.35117405341943
I-95 NB AM,110+04149,555,2.959565217391304,3.729999999999999,23,38.58331,3.040653333333333,8.261191666666667,5.220538333333334,2.5914659090909087,1.142042890477199,1.4393397910098267,1.2603202585573672
I-95 NB AM,110+04149,560,2.9508695652173915,3.7079999999999997,23,38.58331,3.040653333333333,8.261191666666667,5.220538333333334,2.5914659090909087,1.1386873949858605,1.4308503874167395,1.256578753499337
I-95 NB AM,110+04149,565,2.9095652173913042,3.3939999999999997,23,38.58331,3.040653333333333,8.261191666666667,5.220538333333334,2.5914659090909087,1.1227487914020005,1.3096834452244912,1.1664973102211595
I-95 NB AM,110+04149,570,2.896086956521739,3.3049999999999997,23,38.58331,3.040653333333333,8.261191666666667,5.220538333333334,2.5914659090909087,1.1175477733904253,1.2753399488706376,1.1411950157633988
I-95 NB AM,110+04149,575,2.884782608695652,2.981,23,38.58331,3.040653333333333,8.261191666666667,5.220538333333334,2.5914659090909087,1.1131856292516846,1.1503141868633497,1.033353428786737
I-95 NB AM,110+04149,580,2.9126086956521737,2.9179999999999997,23,38.58331,3.040653333333333,8.261191666666667,5.220538333333334,2.5914659090909087,1.123923214823969,1.1260036220285992,1.0018510225406776
I-95 NB AM,110+04149,585,2.9165217391304346,3.3759999999999994,23,38.58331,3.040653333333333,8.261191666666667,5.220538333333334,2.5914659090909087,1.1254331877950716,1.3027375695574197,1.1575432319618366
I-95 NB AM,110+04149,590,2.9117391304347824,3.743999999999999,23,38.58331,3.040653333333333,8.261191666666667,5.220538333333334,2.5914659090909087,1.1235876652748351,1.4447421387508823,1.2858294758847242
I-95 NB AM,110+04149,595,2.9113043478260865,3.182,23,38.58331,3.040653333333333,8.261191666666667,5.220538333333334,2.5914659090909087,1.1234198905002681,1.2278764651456486,1.0929808841099165
I-95 NB AM,110+04149,600,2.8713043478260873,2.867,23,38.58331,3.040653333333333,8.261191666666667,5.220538333333334,2.5914659090909087,1.1079846112401095,1.1063236409718966,0.9985009085402785
I-95 NB AM,110+04149,605,2.856086956521739,2.869,23,38.58331,3.040653333333333,8.261191666666667,5.220538333333334,2.5914659090909087,1.1021124941302662,1.1070954049349047,1.004521236108997
I-95 NB AM,110+04149,610,2.7930434782608695,2.924,23,38.58331,3.040653333333333,8.261191666666667,5.220538333333334,2.5914659090909087,1.077785151818059,1.128318913917623,1.0468866749688668
I-95 NB AM,110+04149,615,2.7917391304347823,3.0359999999999996,23,38.58331,3.040653333333333,8.261191666666667,5.220538333333334,2.5914659090909087,1.077281827494358,1.1715376958460682,1.0874941597881949
I-95 NB AM,110+04149,620,2.763913043478261,2.9969999999999994,23,38.58331,3.040653333333333,8.261191666666667,5.220538333333334,2.5914659090909087,1.0665442419220739,1.1564882985674132,1.0843322321849926
I-95 NB AM,110+04149,625,2.748695652173913,2.916,23,38.58331,3.040653333333333,8.261191666666667,5.220538333333334,2.5914659090909087,1.0606721248122306,1.1252318580655913,1.0608668142992723
I-95 NB AM,110+04149,630,2.8413043478260867,3.614999999999999,23,38.58331,3.040653333333333,8.261191666666667,5.220538333333334,2.5914659090909087,1.09640815179499,1.3949633631368694,1.27230298393267
I-95 NB AM,110+04149,635,2.9460869565217394,4.727999999999997,23,38.58331,3.040653333333333,8.261191666666667,5.220538333333334,2.5914659090909087,1.1368418724656242,1.824450008550793,1.6048406139315219
I-95 NB AM,110+04149,640,3.0443478260869563,5.602999999999996,23,38.58331,3.040653333333333,8.261191666666667,5.220538333333334,2.5914659090909087,1.1747589715177535,2.1620967423667707,1.8404598686089677
I-95 NB AM,110+04149,645,3.0043478260869563,4.073999999999998,23,38.58331,3.040653333333333,8.261191666666667,5.220538333333334,2.5914659090909087,1.1593236922575947,1.5720831926471937,1.356034732272069
I-95 NB AM,110+04149,650,2.9908695652173916,3.199,23,38.58331,3.040653333333333,8.261191666666667,5.220538333333334,2.5914659090909087,1.1541226742460196,1.2344364588312162,1.069588602994621
I-95 NB AM,110+04149,655,3.0439130434782613,4.523999999999997,23,38.58331,3.040653333333333,8.261191666666667,5.220538333333334,2.5914659090909087,1.174591196743187,1.7457300843239822,1.4862448221682607
I-95 NB AM,110+04150,300,0.4556521739130435,0.469,23,38.6281,0.5233800000000001,8.784571666666666,8.261191666666667,0.443542372881356,1.0273024670743842,1.0573961557568112,1.0292938931297708
I-95 NB AM,110+04150,305,0.46,0.47,23,38.6281,0.5233800000000001,8.784571666666666,8.261191666666667,0.443542372881356,1.0371049715312008,1.059650731781879,1.0217391304347825
I-95 NB AM,110+04150,310,0.46347826086956523,0.48,23,38.6281,0.5233800000000001,8.784571666666666,8.261191666666667,0.443542372881356,1.0449469750966542,1.0821964920325573,1.0356472795497185
I-95 NB AM,110+04150,315,0.468695652173913,0.48,23,38.6281,0.5233800000000001,8.784571666666666,8.261191666666667,0.443542372881356,1.056709980444834,1.0821964920325573,1.0241187384044528
I-95 NB AM,110+04150,320,0.47130434782608693,0.499,23,38.6281,0.5233800000000001,8.784571666666666,8.261191666666667,0.443542372881356,1.062591483118924,1.1250334365088461,1.0587638376383763
I-95 NB AM,110+04150,325,0.4852173913043478,0.538,23,38.6281,0.5233800000000001,8.784571666666666,8.261191666666667,0.443542372881356,1.0939594973807374,1.2129619014864916,1.1087813620071685
I-95 NB AM,110+04150,330,0.5104347826086957,0.6569999999999998,23,38.6281,0.5233800000000001,8.784571666666666,8.261191666666667,0.443542372881356,1.150814023230274,1.4812564484695625,1.2871379897785344
I-95 NB AM,110+04150,335,0.5182608695652174,0.6889999999999998,23,38.6281,0.5233800000000001,8.784571666666666,8.261191666666667,0.443542372881356,1.168458531252544,1.553402881271733,1.3294463087248318
I-95 NB AM,110+04150,340,0.5473913043478261,0.9359999999999996,23,38.6281,0.5233800000000001,8.784571666666666,8.261191666666667,0.443542372881356,1.2341353111132154,2.110283159463486,1.709928514694201
I-95 NB AM,110+04150,345,0.5599999999999999,0.9309999999999998,23,38.6281,0.5233800000000001,8.784571666666666,8.261191666666667,0.443542372881356,1.2625625740379836,2.0990102793381475,1.6624999999999999
I-95 NB AM,110+04150,350,0.5478260869565217,0.8419999999999999,23,38.6281,0.5233800000000001,8.784571666666666,8.261191666666667,0.443542372881356,1.235115561558897,1.898353013107111,1.536984126984127
I-95 NB AM,110+04150,355,0.5121739130434783,0.7799999999999999,23,38.6281,0.5233800000000001,8.784571666666666,8.261191666666667,0.443542372881356,1.1547350250130006,1.7585692995529056,1.5229202037351441
I-95 NB AM,110+04150,360,0.5226086956521739,0.7529999999999999,23,38.6281,0.5233800000000001,8.784571666666666,8.261191666666667,0.443542372881356,1.1782610357093606,1.6976957468760743,1.4408485856905155
I-95 NB AM,110+04150,365,0.5717391304347826,1.0419999999999996,23,38.6281,0.5233800000000001,8.784571666666666,8.261191666666667,0.443542372881356,1.2890293360713887,2.3492682181206757,1.8225095057034213
I-95 NB AM,110+04150,370,0.6582608695652175,1.0479999999999998,23,38.6281,0.5233800000000001,8.784571666666666,8.261191666666667,0.443542372881356,1.48409917476204,2.362795674271083,1.5920739762219283
I-95 NB AM,110+04150,375,0.6552173913043479,1.4359999999999993,23,38.6281,0.5233800000000001,8.784571666666666,8.261191666666667,0.443542372881356,1.4772374216422683,3.2375711719973994,2.191639017916389
I-95 NB AM,110+04150,380,0.6795652173913044,1.7329999999999992,23,38.6281,0.5233800000000001,8.784571666666666,8.261191666666667,0.443542372881356,1.5321314466004414,3.907180251442544,2.5501599488163773
I-95 NB AM,110+04150,385,0.6030434782608696,0.8539999999999999,23,38.6281,0.5233800000000001,8.784571666666666,8.261191666666667,0.443542372881356,1.3596073681604683,1.9254079254079248,1.4161499639509731
I-95 NB AM,110+04150,390,0.5947826086956521,1.1439999999999992,23,38.6281,0.5233800000000001,8.784571666666666,8.261191666666667,0.443542372881356,1.3409826096925168,2.5792349726775936,1.9233918128654959
I-95 NB AM,110+04150,395,0.6226086956521739,1.3399999999999987,23,38.6281,0.5233800000000001,8.784571666666666,8.261191666666667,0.443542372881356,1.4037186382161433,3.0211318735908868,2.152234636871506
I-95 NB AM,110+04150,400,0.7056521739130435,2.0769999999999977,23,38.6281,0.5233800000000001,8.784571666666666,8.261191666666667,0.443542372881356,1.5909464733413412,4.682754404065873,2.9433764633394914
I-95 NB AM,110+04150,405,0.6908695652173913,1.9079999999999981,23,38.6281,0.5233800000000001,8.784571666666666,8.261191666666667,0.443542372881356,1.5576179581881646,4.3017310558294115,2.7617369414726216
I-95 NB AM,110+04150,410,0.6504347826086957,1.7179999999999984,23,38.6281,0.5233800000000001,8.784571666666666,8.261191666666667,0.443542372881356,1.46645466673977,3.873361611066525,2.641310160427805
I-95 NB AM,110+04150,415,0.6260869565217392,1.224999999999999,23,38.6281,0.5233800000000001,8.784571666666666,8.261191666666667,0.443542372881356,1.4115606417815967,2.761855630708087,1.9565972222222205
I-95 NB AM,110+04150,420,0.5726086956521739,1.1469999999999996,23,38.6281,0.5233800000000001,8.784571666666666,8.261191666666667,0.443542372881356,1.290989836962752,2.5859987007527976,2.0031131359149574
I-95 NB AM,110+04150,425,0.6621739130434783,1.8989999999999982,23,38.6281,0.5233800000000001,8.784571666666666,8.261191666666667,0.443542372881356,1.492921428773175,4.281439871603801,2.867826657912013
I-95 NB AM,110+04150,430,0.6739130434782609,1.089,23,38.6281,0.5233800000000001,8.784571666666666,8.261191666666667,0.443542372881356,1.5193881908065796,2.455233291298865,1.6159354838709676
I-95 NB AM,110+04150,435,0.6247826086956522,0.709,23,38.6281,0.5233800000000001,8.784571666666666,8.261191666666667,0.443542372881356,1.4086198904445517,1.59849440177309,1.134794711203897
I-95 NB AM,110+04150,440,0.621304347826087,0.747,23,38.6281,0.5233800000000001,8.784571666666666,8.261191666666667,0.443542372881356,1.4007778868790985,1.6841682907256674,1.2023093072078375
I-95 NB AM,110+04150,445,0.6130434782608696,1.017,23,38.6281,0.5233800000000001,8.784571666666666,8.261191666666667,0.443542372881356,1.3821531284111468,2.292903817493981,1.6589361702127658
I-95 NB AM,110+04150,450,0.7000000000000001,2.167,23,38.6281,0.5233800000000001,8.784571666666666,8.261191666666667,0.443542372881356,1.5782032175474798,4.885666246321983,3.095714285714285
I-95 NB AM,110+04150,455,0.74,2.281999999999999,23,38.6281,0.5233800000000001,8.784571666666666,8.261191666666667,0.443542372881356,1.6683862585501927,5.144942489204782,3.0837837837837827
I-95 NB AM,110+04150,460,0.7365217391304348,1.9089999999999991,23,38.6281,0.5233800000000001,8.784571666666666,8.261191666666667,0.443542372881356,1.6605442549847396,4.303985631854482,2.5919126328217224
I-95 NB AM,110+04150,465,0.7552173913043478,2.6509999999999985,23,38.6281,0.5233800000000001,8.784571666666666,8.261191666666667,0.443542372881356,1.702695024149051,5.976881042454808,3.5102475532527326
I-95 NB AM,110+04150,470,0.7495652173913043,2.6579999999999977,23,38.6281,0.5233800000000001,8.784571666666666,8.261191666666667,0.443542372881356,1.6899517683551892,5.992663074630282,3.5460556844547533
I-95 NB AM,110+04150,475,0.6691304347826087,2.0739999999999976,23,38.6281,0.5233800000000001,8.784571666666666,8.261191666666667,0.443542372881356,1.5086054359040815,4.67599067599067,3.0995451591942786
I-95 NB AM,110+04150,480,0.5991304347826087,0.789,23,38.6281,0.5233800000000001,8.784571666666666,8.261191666666667,0.443542372881356,1.3507851141493337,1.7788604837785162,1.3169085631349782
I-95 NB AM,110+04150,485,0.5682608695652174,0.6009999999999999,23,38.6281,0.5233800000000001,8.784571666666666,8.261191666666667,0.443542372881356,1.2811873325059353,1.3550001910657643,1.05761285386381
I-95 NB AM,110+04150,490,0.5595652173913044,0.6429999999999998,23,38.6281,0.5233800000000001,8.784571666666666,8.261191666666667,0.443542372881356,1.261582323592302,1.449692384118613,1.1491064491064487
I-95 NB AM,110+04150,495,0.5891304347826087,1.101999999999999,23,38.6281,0.5233800000000001,8.784571666666666,8.261191666666667,0.443542372881356,1.3282393538986552,2.484542779624744,1.8705535055350535
I-95 NB AM,110+04150,500,0.6308695652173913,1.823999999999998,23,38.6281,0.5233800000000001,8.784571666666666,8.261191666666667,0.443542372881356,1.422343396684095,4.112346669723713,2.891247415575462
I-95 NB AM,110+04150,505,0.63,2.0949999999999975,23,38.6281,0.5233800000000001,8.784571666666666,8.261191666666667,0.443542372881356,1.4203828957927316,4.723336772517094,3.3253968253968216
I-95 NB AM,110+04150,510,0.6430434782608696,2.074999999999998,23,38.6281,0.5233800000000001,8.784571666666666,8.261191666666667,0.443542372881356,1.4497904091631817,4.6782452520157385,3.2268424611223767
I-95 NB AM,110+04150,515,0.6482608695652174,1.6209999999999993,23,38.6281,0.5233800000000001,8.784571666666666,8.261191666666667,0.443542372881356,1.4615534145113616,3.6546677366349476,2.5005365526492276
I-95 NB AM,110+04150,520,0.6952173913043478,2.0359999999999996,23,38.6281,0.5233800000000001,8.784571666666666,8.261191666666667,0.443542372881356,1.5674204626449812,4.5903167870380965,2.928580362726704
I-95 NB AM,110+04150,525,0.6117391304347827,1.5939999999999992,23,38.6281,0.5233800000000001,8.784571666666666,8.261191666666667,0.443542372881356,1.3792123770741018,3.593794183958116,2.6056858564321237
I-95 NB AM,110+04150,530,0.5482608695652174,0.6899999999999997,23,38.6281,0.5233800000000001,8.784571666666666,8.261191666666667,0.443542372881356,1.2360958120045786,1.5556574572968007,1.2585249801744642
I-95 NB AM,110+04150,535,0.5521739130434782,0.48,23,38.6281,0.5233800000000001,8.784571666666666,8.261191666666667,0.443542372881356,1.2449180660157135,1.0821964920325573,0.8692913385826773
I-95 NB AM,110+04150,540,0.5247826086956522,0.6179999999999999,23,38.6281,0.5233800000000001,8.784571666666666,8.261191666666667,0.443542372881356,1.1831622879377688,1.3933279834919174,1.1776304888152442
I-95 NB AM,110+04150,545,0.5304347826086956,0.6,23,38.6281,0.5233800000000001,8.784571666666666,8.261191666666667,0.443542372881356,1.1959055437316304,1.3527456150406967,1.1311475409836067
I-95 NB AM,110+04150,550,0.5695652173913043,1.0099999999999993,23,38.6281,0.5233800000000001,8.784571666666666,8.261191666666667,0.443542372881356,1.28412808384298,2.2771217853185046,1.7732824427480907
I-95 NB AM,110+04150,555,0.6273913043478261,1.8399999999999979,23,38.6281,0.5233800000000001,8.784571666666666,8.261191666666667,0.443542372881356,1.4145013931186416,4.148419886124799,2.9327789327789295
I-95 NB AM,110+04150,560,0.6282608695652173,1.4539999999999986,23,38.6281,0.5233800000000001,8.784571666666666,8.261191666666667,0.443542372881356,1.4164618940100049,3.278153540448619,2.314325259515569
I-95 NB AM,110+04150,565,0.6643478260869565,1.3999999999999986,23,38.6281,0.5233800000000001,8.784571666666666,8.261191666666667,0.443542372881356,1.4978226810015831,3.156406435094956,2.107329842931935
I-95 NB AM,110+04150,570,0.5973913043478261,1.109999999999999,23,38.6281,0.5233800000000001,8.784571666666666,8.261191666666667,0.443542372881356,1.3468641123666067,2.502579387825287,1.8580786026200857
I-95 NB AM,110+04150,575,0.581304347826087,0.7159999999999996,23,38.6281,0.5233800000000001,8.784571666666666,8.261191666666667,0.443542372881356,1.3105948458763852,1.614276433948564,1.2317127898279725
I-95 NB AM,110+04150,580,0.5904347826086956,0.527,23,38.6281,0.5233800000000001,8.784571666666666,8.261191666666667,0.443542372881356,1.3311801052357002,1.1881615652107453,0.8925625920471282
I-95 NB AM,110+04150,585,0.5491304347826087,0.48,23,38.6281,0.5233800000000001,8.784571666666666,8.261191666666667,0.443542372881356,1.238056312895942,1.0821964920325573,0.8741092636579572
I-95 NB AM,110+04150,590,0.5230434782608695,0.499,23,38.6281,0.5233800000000001,8.784571666666666,8.261191666666667,0.443542372881356,1.179241286155042,1.1250334365088461,0.9540315876974232
I-95 NB AM,110+04150,595,0.5578260869565217,0.489,23,38.6281,0.5233800000000001,8.784571666666666,8.261191666666667,0.443542372881356,1.2576613218095753,1.102487676258168,0.8766173031956352
I-95 NB AM,110+04150,600,0.5560869565217391,0.48,23,38.6281,0.5233800000000001,8.784571666666666,8.261191666666667,0.443542372881356,1.2537403200268487,1.0821964920325573,0.8631743549648162
I-95 NB AM,110+04150,605,0.5939130434782609,0.479,23,38.6281,0.5233800000000001,8.784571666666666,8.261191666666667,0.443542372881356,1.3390221088011536,1.0799419160074895,0.806515373352855
I-95 NB AM,110+04150,610,0.5756521739130435,0.48,23,38.6281,0.5233800000000001,8.784571666666666,8.261191666666667,0.443542372881356,1.2978515900825236,1.0821964920325573,0.8338368580060422
I-95 NB AM,110+04150,615,0.4721739130434782,0.479,23,38.6281,0.5233800000000001,8.784571666666666,8.261191666666667,0.443542372881356,1.0645519840102873,1.0799419160074895,1.0144567219152856
I-95 NB AM,110+04150,620,0.46391304347826084,0.489,23,38.6281,0.5233800000000001,8.784571666666666,8.261191666666667,0.443542372881356,1.0459272255423357,1.102487676258168,1.0540768509840674
I-95 NB AM,110+04150,625,0.46043478260869564,0.48,23,38.6281,0.5233800000000001,8.784571666666666,8.261191666666667,0.443542372881356,1.0380852219768826,1.0821964920325573,1.0424929178470255
I-95 NB AM,110+04150,630,0.45826086956521733,0.48,23,38.6281,0.5233800000000001,8.784571666666666,8.261191666666667,0.443542372881356,1.0331839697484742,1.0821964920325573,1.0474383301707781
I-95 NB AM,110+04150,635,0.45869565217391306,0.47,23,38.6281,0.5233800000000001,8.784571666666666,8.261191666666667,0.443542372881356,1.0341642201941559,1.059650731781879,1.024644549763033
I-95 NB AM,110+04150,640,0.46043478260869564,0.47,23,38.6281,0.5233800000000001,8.784571666666666,8.261191666666667,0.443542372881356,1.0380852219768826,1.059650731781879,1.0207743153918791
I-95 NB AM,110+04150,645,0.46347826086956523,0.48,23,38.6281,0.5233800000000001,8.784571666666666,8.261191666666667,0.443542372881356,1.0449469750966542,1.0821964920325573,1.0356472795497185
I-95 NB AM,110+04150,650,0.4608695652173913,0.48,23,38.6281,0.5233800000000001,8.784571666666666,8.261191666666667,0.443542372881356,1.0390654724225643,1.0821964920325573,1.0415094339622641
I-95 NB AM,110+04150,655,0.46043478260869564,0.479,23,38.6281,0.5233800000000001,8.784571666666666,8.261191666666667,0.443542372881356,1.0380852219768826,1.0799419160074895,1.040321057601511
I-95 NB AM,110+04151,300,0.5782608695652174,0.599,23,38.64317,0.6478633333333332,10.00035,9.352486666666666,0.5553907701100157,1.0411783930990992,1.0785199038891948,1.0358646616541354
I-95 NB AM,110+04151,305,0.5878260869565217,0.619,23,38.64317,0.6478633333333332,10.00035,9.352486666666666,0.5553907701100157,1.058400892834573,1.1145305851542764,1.0530325443786983
I-95 NB AM,110+04151,310,0.5934782608695652,0.629,23,38.64317,0.6478633333333332,10.00035,9.352486666666666,0.5553907701100157,1.068577824496444,1.1325359257868173,1.0598534798534798
I-95 NB AM,110+04151,315,0.6334782608695653,0.7349999999999999,23,38.64317,0.6478633333333332,10.00035,9.352486666666666,0.5553907701100157,1.1405991870266072,1.3233925364917496,1.1602608098833216
I-95 NB AM,110+04151,320,0.7421739130434782,1.048,23,38.64317,0.6478633333333332,10.00035,9.352486666666666,0.5553907701100157,1.3363094112933551,1.8869596982902774,1.412067955477446
I-95 NB AM,110+04151,325,0.948695652173913,1.6979999999999997,23,38.64317,0.6478633333333332,10.00035,9.352486666666666,0.5553907701100157,1.7081588374001764,3.0573068394054297,1.7898258478460125
I-95 NB AM,110+04151,330,1.0882608695652174,1.786,23,38.64317,0.6478633333333332,10.00035,9.352486666666666,0.5553907701100157,1.9594507653586808,3.2157538369717895,1.6411506192568917
I-95 NB AM,110+04151,335,1.2265217391304348,2.122,23,38.64317,0.6478633333333332,10.00035,9.352486666666666,0.5553907701100157,2.208394170625984,3.8207332822251607,1.7300957107408719
I-95 NB AM,110+04151,340,1.3178260869565217,2.398999999999999,23,38.64317,0.6478633333333332,10.00035,9.352486666666666,0.5553907701100157,2.3727907590100523,4.31948121774654,1.8204223028703392
I-95 NB AM,110+04151,345,1.3513043478260869,2.005,23,38.64317,0.6478633333333332,10.00035,9.352486666666666,0.5553907701100157,2.433069508084211,3.610070796824433,1.4837516087516087
I-95 NB AM,110+04151,350,1.5104347826086957,2.8149999999999995,23,38.64317,0.6478633333333332,10.00035,9.352486666666666,0.5553907701100157,2.71958927641073,5.068503388060238,1.8637017846862403
I-95 NB AM,110+04151,355,1.5943478260869566,4.053999999999998,23,38.64317,0.6478633333333332,10.00035,9.352486666666666,0.5553907701100157,2.8706775695446596,7.2993650924320415,2.542732478865556
I-95 NB AM,110+04151,360,1.5791304347826087,3.799999999999998,23,38.64317,0.6478633333333332,10.00035,9.352486666666666,0.5553907701100157,2.8432781381473147,6.842029440365506,2.4063876651982365
I-95 NB AM,110+04151,365,1.442608695652174,2.903999999999999,23,38.64317,0.6478633333333332,10.00035,9.352486666666666,0.5553907701100157,2.5974660964682794,5.22875091968985,2.013019891500903
I-95 NB AM,110+04151,370,1.343913043478261,2.4799999999999995,23,38.64317,0.6478633333333332,10.00035,9.352486666666666,0.5553907701100157,2.419761212834072,4.465324476870121,1.845357489485603
I-95 NB AM,110+04151,375,1.3965217391304348,2.5919999999999996,23,38.64317,0.6478633333333332,10.00035,9.352486666666666,0.5553907701100157,2.514484961379178,4.666984291954578,1.8560398505603983
I-95 NB AM,110+04151,380,1.502608695652174,2.669,23,38.64317,0.6478633333333332,10.00035,9.352486666666666,0.5553907701100157,2.7054981402635243,4.805625414825143,1.7762442129629628
I-95 NB AM,110+04151,385,1.4478260869565216,2.6259999999999994,23,38.64317,0.6478633333333332,10.00035,9.352486666666666,0.5553907701100157,2.606860187233083,4.728202450105217,1.8137537537537536
I-95 NB AM,110+04151,390,1.5530434782608695,2.7019999999999995,23,38.64317,0.6478633333333332,10.00035,9.352486666666666,0.5553907701100157,2.796307684323295,4.865043038912527,1.7398096304591262
I-95 NB AM,110+04151,395,1.7278260869565218,2.662,23,38.64317,0.6478633333333332,10.00035,9.352486666666666,0.5553907701100157,3.111009724944226,4.793021676382365,1.5406643180674382
I-95 NB AM,110+04151,400,1.6417391304347826,2.7399999999999998,23,38.64317,0.6478633333333332,10.00035,9.352486666666666,0.5553907701100157,2.9560072273249616,4.933463333316182,1.6689618644067796
I-95 NB AM,110+04151,405,1.5978260869565217,2.421,23,38.64317,0.6478633333333332,10.00035,9.352486666666666,0.5553907701100157,2.8769402967211954,4.359092967138131,1.5151836734693878
I-95 NB AM,110+04151,410,1.4656521739130435,2.343,23,38.64317,0.6478633333333332,10.00035,9.352486666666666,0.5553907701100157,2.63895666401283,4.218651310204312,1.598605754968852
I-95 NB AM,110+04151,415,1.4660869565217391,2.6549999999999994,23,38.64317,0.6478633333333332,10.00035,9.352486666666666,0.5553907701100157,2.6397395049098966,4.7804179379395855,1.8109430604982202
I-95 NB AM,110+04151,420,1.4152173913043478,2.447,23,38.64317,0.6478633333333332,10.00035,9.352486666666666,0.5553907701100157,2.5481471199530588,4.405906852782738,1.729062980030722
I-95 NB AM,110+04151,425,1.5308695652173914,2.868,23,38.64317,0.6478633333333332,10.00035,9.352486666666666,0.5553907701100157,2.756382798572879,5.163931693412706,1.8734450440215846
I-95 NB AM,110+04151,430,1.6199999999999999,3.0839999999999996,23,38.64317,0.6478633333333332,10.00035,9.352486666666666,0.5553907701100157,2.9168651824716116,5.552847051075586,1.9037037037037037
I-95 NB AM,110+04151,435,1.6178260869565217,3.099999999999999,23,38.64317,0.6478633333333332,10.00035,9.352486666666666,0.5553907701100157,2.912950977986277,5.581655596087651,1.9161515721580216
I-95 NB AM,110+04151,440,1.5508695652173914,2.8429999999999995,23,38.64317,0.6478633333333332,10.00035,9.352486666666666,0.5553907701100157,2.79239347983796,5.118918341831352,1.8331651247546954
I-95 NB AM,110+04151,445,1.422608695652174,2.891,23,38.64317,0.6478633333333332,10.00035,9.352486666666666,0.5553907701100157,2.5614554152031976,5.20534397686755,2.032182151589242
I-95 NB AM,110+04151,450,1.3256521739130434,3.248999999999999,23,38.64317,0.6478633333333332,10.00035,9.352486666666666,0.5553907701100157,2.3868818951572583,5.849935171512509,2.450869137422105
I-95 NB AM,110+04151,455,1.2930434782608695,2.955999999999999,23,38.64317,0.6478633333333332,10.00035,9.352486666666666,0.5553907701100157,2.328168827877234,5.322378690979063,2.2860793544048414
I-95 NB AM,110+04151,460,1.213913043478261,2.915999999999999,23,38.64317,0.6478633333333332,10.00035,9.352486666666666,0.5553907701100157,2.1856917846110417,5.250357328448899,2.4021489971346695
I-95 NB AM,110+04151,465,1.0391304347826087,2.4309999999999996,23,38.64317,0.6478633333333332,10.00035,9.352486666666666,0.5553907701100157,1.8709897439901106,4.377098307770671,2.339456066945606
I-95 NB AM,110+04151,470,0.938695652173913,2.2329999999999997,23,38.64317,0.6478633333333332,10.00035,9.352486666666666,0.5553907701100157,1.6901534967676355,4.020592563246363,2.3788327929597033
I-95 NB AM,110+04151,475,0.8278260869565217,1.870999999999999,23,38.64317,0.6478633333333332,10.00035,9.352486666666666,0.5553907701100157,1.4905290680155525,3.3687992323483846,2.2601365546218477
I-95 NB AM,110+04151,480,0.7908695652173914,1.45,23,38.64317,0.6478633333333332,10.00035,9.352486666666666,0.5553907701100157,1.4239875917648583,2.610774391718418,1.8334249587685538
I-95 NB AM,110+04151,485,0.8678260869565217,2.061999999999999,23,38.64317,0.6478633333333332,10.00035,9.352486666666666,0.5553907701100157,1.5625504305457159,3.712701238429914,2.3760521042084157
I-95 NB AM,110+04151,490,0.8265217391304347,1.8399999999999996,23,38.64317,0.6478633333333332,10.00035,9.352486666666666,0.5553907701100157,1.4881805453243515,3.312982676387509,2.226196738558653
I-95 NB AM,110+04151,495,0.8686956521739131,2.1349999999999993,23,38.64317,0.6478633333333332,10.00035,9.352486666666666,0.5553907701100157,1.56411611233985,3.8441402250474628,2.4577077077077067
I-95 NB AM,110+04151,500,0.8652173913043479,1.549,23,38.64317,0.6478633333333332,10.00035,9.352486666666666,0.5553907701100157,1.557853385163314,2.789027263980572,1.7903015075376882
I-95 NB AM,110+04151,505,1.001304347826087,1.998,23,38.64317,0.6478633333333332,10.00035,9.352486666666666,0.5553907701100157,1.8028825859452826,3.5974670583816546,1.995397307859314
I-95 NB AM,110+04151,510,1.0069565217391305,2.217999999999999,23,38.64317,0.6478633333333332,10.00035,9.352486666666666,0.5553907701100157,1.8130595176071536,3.993584552297551,2.202677029360966
I-95 NB AM,110+04151,515,0.9743478260869566,2.481999999999999,23,38.64317,0.6478633333333332,10.00035,9.352486666666666,0.5553907701100157,1.754346450327129,4.468925544996628,2.547344935296741
I-95 NB AM,110+04151,520,0.9543478260869565,1.7909999999999997,23,38.64317,0.6478633333333332,10.00035,9.352486666666666,0.5553907701100157,1.718335769062047,3.2247565072880593,1.8766742596810932
I-95 NB AM,110+04151,525,0.9895652173913044,1.9949999999999994,23,38.64317,0.6478633333333332,10.00035,9.352486666666666,0.5553907701100157,1.7817458817244738,3.5920654561918917,2.0160369068541293
I-95 NB AM,110+04151,530,1.046521739130435,2.1029999999999993,23,38.64317,0.6478633333333332,10.00035,9.352486666666666,0.5553907701100157,1.8842980392402497,3.786523135023332,2.009513917739924
I-95 NB AM,110+04151,535,1.07,2.206,23,38.64317,0.6478633333333332,10.00035,9.352486666666666,0.5553907701100157,1.9265714476818672,3.9719781435385038,2.061682242990654
I-95 NB AM,110+04151,540,0.9878260869565217,2.0079999999999996,23,38.64317,0.6478633333333332,10.00035,9.352486666666666,0.5553907701100157,1.7786145181362056,3.6154723990141946,2.032746478873239
I-95 NB AM,110+04151,545,0.9547826086956522,2.095999999999999,23,38.64317,0.6478633333333332,10.00035,9.352486666666666,0.5553907701100157,1.7191186099591145,3.773919396580553,2.195264116575591
I-95 NB AM,110+04151,550,0.9873913043478261,2.1639999999999993,23,38.64317,0.6478633333333332,10.00035,9.352486666666666,0.5553907701100157,1.7778316772391387,3.8963557128818307,2.1916336415675906
I-95 NB AM,110+04151,555,0.9278260869565217,2.1939999999999986,23,38.64317,0.6478633333333332,10.00035,9.352486666666666,0.5553907701100157,1.6705824743409607,3.950371734779452,2.364667291471414
I-95 NB AM,110+04151,560,0.8847826086956523,2.0959999999999988,23,38.64317,0.6478633333333332,10.00035,9.352486666666666,0.5553907701100157,1.5930812255313287,3.7739193965805526,2.3689434889434873
I-95 NB AM,110+04151,565,0.8686956521739131,1.8679999999999988,23,38.64317,0.6478633333333332,10.00035,9.352486666666666,0.5553907701100157,1.56411611233985,3.3633976301586217,2.1503503503503487
I-95 NB AM,110+04151,570,0.8604347826086957,1.5619999999999998,23,38.64317,0.6478633333333332,10.00035,9.352486666666666,0.5553907701100157,1.549242135295577,2.812434206802875,1.8153612935826173
I-95 NB AM,110+04151,575,0.9465217391304348,1.8259999999999996,23,38.64317,0.6478633333333332,10.00035,9.352486666666666,0.5553907701100157,1.7042446329148415,3.287775199501952,1.9291685806155254
I-95 NB AM,110+04151,580,0.8717391304347827,1.4599999999999995,23,38.64317,0.6478633333333332,10.00035,9.352486666666666,0.5553907701100157,1.5695959986193189,2.628779732350958,1.6748129675810466
I-95 NB AM,110+04151,585,0.7960869565217391,1.4179999999999997,23,38.64317,0.6478633333333332,10.00035,9.352486666666666,0.5553907701100157,1.4333816825296621,2.553157301694287,1.7812124522119057
I-95 NB AM,110+04151,590,0.8039130434782608,1.2909999999999997,23,38.64317,0.6478633333333332,10.00035,9.352486666666666,0.5553907701100157,1.447472818676868,2.3244894756610184,1.6058950784207677
I-95 NB AM,110+04151,595,0.8004347826086956,0.8699999999999999,23,38.64317,0.6478633333333332,10.00035,9.352486666666666,0.5553907701100157,1.441210091500332,1.5664646350310507,1.086909288430201
I-95 NB AM,110+04151,600,0.7795652173913044,0.8149999999999997,23,38.64317,0.6478633333333332,10.00035,9.352486666666666,0.5553907701100157,1.4036337284411164,1.4674352615520758,1.0454545454545452
I-95 NB AM,110+04151,605,0.731304347826087,0.9369999999999995,23,38.64317,0.6478633333333332,10.00035,9.352486666666666,0.5553907701100157,1.3167383888666806,1.6871004172690733,1.2812722948870385
I-95 NB AM,110+04151,610,0.6521739130434783,0.7119999999999999,23,38.64317,0.6478633333333332,10.00035,9.352486666666666,0.5553907701100157,1.174261345600488,1.2819802530369058,1.091733333333333
I-95 NB AM,110+04151,615,0.6347826086956522,0.7179999999999999,23,38.64317,0.6478633333333332,10.00035,9.352486666666666,0.5553907701100157,1.1429477097178082,1.2927834574164303,1.1310958904109587
I-95 NB AM,110+04151,620,0.6452173913043479,0.6849999999999998,23,38.64317,0.6478633333333332,10.00035,9.352486666666666,0.5553907701100157,1.161735891247416,1.2333658333290454,1.0616576819407004
I-95 NB AM,110+04151,625,0.6452173913043479,0.9819999999999994,23,38.64317,0.6478633333333332,10.00035,9.352486666666666,0.5553907701100157,1.161735891247416,1.768124450115507,1.521967654986522
I-95 NB AM,110+04151,630,0.628695652173913,0.7479999999999999,23,38.64317,0.6478633333333332,10.00035,9.352486666666666,0.5553907701100157,1.1319879371588701,1.3467994793140527,1.1897648686030429
I-95 NB AM,110+04151,635,0.638695652173913,0.6649999999999999,23,38.64317,0.6478633333333332,10.00035,9.352486666666666,0.5553907701100157,1.149993277791411,1.197355152063964,1.0411844792375766
I-95 NB AM,110+04151,640,0.6230434782608696,0.629,23,38.64317,0.6478633333333332,10.00035,9.352486666666666,0.5553907701100157,1.1218110054969994,1.1325359257868173,1.009560362875087
I-95 NB AM,110+04151,645,0.6365217391304347,0.649,23,38.64317,0.6478633333333332,10.00035,9.352486666666666,0.5553907701100157,1.1460790733060762,1.1685466070518988,1.0196038251366122
I-95 NB AM,110+04151,650,0.6186956521739131,0.639,23,38.64317,0.6478633333333332,10.00035,9.352486666666666,0.5553907701100157,1.1139825965263297,1.1505412664193582,1.0328179901616303
I-95 NB AM,110+04151,655,0.6417391304347826,0.629,23,38.64317,0.6478633333333332,10.00035,9.352486666666666,0.5553907701100157,1.15547316407088,1.1325359257868173,0.9801490514905149
I-95 NB AM,110+04152,300,1.0421739130434782,1.116,23,38.66284,1.1285458333333334,11.964985,10.836439166666667,0.9674701205180778,1.0772156069123837,1.1535239965885302,1.0708385481852318
I-95 NB AM,110+04152,305,1.082608695652174,1.204,23,38.66284,1.1285458333333334,11.964985,10.836439166666667,0.9674701205180778,1.119009954614867,1.2444828780399555,1.1121285140562247
I-95 NB AM,110+04152,310,1.1682608695652175,1.4969999999999994,23,38.66284,1.1285458333333334,11.964985,10.836439166666667,0.9674701205180778,1.207542067490019,1.547334608327087,1.2813918868626715
I-95 NB AM,110+04152,315,1.2621739130434784,1.5879999999999999,23,38.66284,1.1285458333333334,11.964985,10.836439166666667,0.9674701205180778,1.3046128105409471,1.641394360737084,1.2581467447468133
I-95 NB AM,110+04152,320,1.465217391304348,1.9069999999999998,23,38.66284,1.1285458333333334,11.964985,10.836439166666667,0.9674701205180778,1.5144833522297596,1.9711203059985007,1.3015133531157268
I-95 NB AM,110+04152,325,1.5191304347826087,1.759,23,38.66284,1.1285458333333334,11.964985,10.836439166666667,0.9674701205180778,1.5702091491664034,1.818144005375649,1.1578992558672008
I-95 NB AM,110+04152,330,1.5895652173913044,1.926,23,38.66284,1.1285458333333334,11.964985,10.836439166666667,0.9674701205180778,1.6430122064545996,1.9907591554027857,1.211652078774617
I-95 NB AM,110+04152,335,1.5778260869565217,1.9519999999999997,23,38.66284,1.1285458333333334,11.964985,10.836439166666667,0.9674701205180778,1.6308783635732336,2.0176333703770704,1.2371452190686139
I-95 NB AM,110+04152,340,1.6547826086956523,1.94,23,38.66284,1.1285458333333334,11.964985,10.836439166666667,0.9674701205180778,1.710422444684411,2.0052298865427853,1.1723594324750393
I-95 NB AM,110+04152,345,1.5978260869565217,2.035,23,38.66284,1.1285458333333334,11.964985,10.836439166666667,0.9674701205180778,1.6515508366303757,2.1034241335642108,1.2736054421768708
I-95 NB AM,110+04152,350,1.6034782608695652,1.9839999999999998,23,38.66284,1.1285458333333334,11.964985,10.836439166666667,0.9674701205180778,1.6573930572769593,2.050709327268498,1.2373101952277656
I-95 NB AM,110+04152,355,1.6160869565217393,2.0639999999999996,23,38.66284,1.1285458333333334,11.964985,10.836439166666667,0.9674701205180778,1.670425703334723,2.133399219497066,1.277158999192897
I-95 NB AM,110+04152,360,1.603913043478261,1.9389999999999998,23,38.66284,1.1285458333333334,11.964985,10.836439166666667,0.9674701205180778,1.6578424588651581,2.004196262889928,1.208918406072106
I-95 NB AM,110+04152,365,1.751304347826087,2.142,23,38.66284,1.1285458333333334,11.964985,10.836439166666667,0.9674701205180778,1.8101895972645314,2.2140218644199208,1.2230883813306852
I-95 NB AM,110+04152,370,1.7973913043478262,2.365,23,38.66284,1.1285458333333334,11.964985,10.836439166666667,0.9674701205180778,1.8578261656135981,2.4445199390070558,1.315795839380745
I-95 NB AM,110+04152,375,1.8204347826086955,2.3369999999999997,23,38.66284,1.1285458333333334,11.964985,10.836439166666667,0.9674701205180778,1.8816444497881313,2.415578476727056,1.2837592548363983
I-95 NB AM,110+04152,380,1.8656521739130434,2.2779999999999996,23,38.66284,1.1285458333333334,11.964985,10.836439166666667,0.9674701205180778,1.9283822149608005,2.3545946812084866,1.2210207410859937
I-95 NB AM,110+04152,385,1.8856521739130434,2.288,23,38.66284,1.1285458333333334,11.964985,10.836439166666667,0.9674701205180778,1.9490546880179425,2.364930917737058,1.2133732995157942
I-95 NB AM,110+04152,390,1.9956521739130435,2.3850000000000002,23,38.66284,1.1285458333333334,11.964985,10.836439166666667,0.9674701205180778,2.0627532898322243,2.4651924120641975,1.1950980392156865
I-95 NB AM,110+04152,395,1.8513043478260869,2.272,23,38.66284,1.1285458333333334,11.964985,10.836439166666667,0.9674701205180778,1.913551962550242,2.3483929392913443,1.227242837012682
I-95 NB AM,110+04152,400,1.9930434782608697,2.568,23,38.66284,1.1285458333333334,11.964985,10.836439166666667,0.9674701205180778,2.060056880303032,2.6543455405370477,1.28848167539267
I-95 NB AM,110+04152,405,2.0156521739130433,2.837999999999999,23,38.66284,1.1285458333333334,11.964985,10.836439166666667,0.9674701205180778,2.0834257628893664,2.9334239268084654,1.407981018119068
I-95 NB AM,110+04152,410,2.026086956521739,2.7309999999999994,23,38.66284,1.1285458333333334,11.964985,10.836439166666667,0.9674701205180778,2.094211401006136,2.8228261959527554,1.3479184549356222
I-95 NB AM,110+04152,415,1.9295652173913045,2.6539999999999995,23,38.66284,1.1285458333333334,11.964985,10.836439166666667,0.9674701205180778,1.9944442484260156,2.743237174682758,1.375439387111311
I-95 NB AM,110+04152,420,2.1056521739130436,2.452,23,38.66284,1.1285458333333334,11.964985,10.836439166666667,0.9674701205180778,2.176451891646506,2.5344451968056236,1.164484823456535
I-95 NB AM,110+04152,425,2.197391304347826,2.917,23,38.66284,1.1285458333333334,11.964985,10.836439166666667,0.9674701205180778,2.2712756267564407,3.0150801953841775,1.3274831816383061
I-95 NB AM,110+04152,430,2.026521739130435,2.9699999999999993,23,38.66284,1.1285458333333334,11.964985,10.836439166666667,0.9674701205180778,2.094660802594335,3.069862248985604,1.4655653293284698
I-95 NB AM,110+04152,435,1.8886956521739129,2.4779999999999993,23,38.66284,1.1285458333333334,11.964985,10.836439166666667,0.9674701205180778,1.9522004991353337,2.5613194117799076,1.3120165745856351
I-95 NB AM,110+04152,440,1.858695652173913,2.6389999999999993,23,38.66284,1.1285458333333334,11.964985,10.836439166666667,0.9674701205180778,1.9211917895496207,2.727732819889902,1.4198128654970756
I-95 NB AM,110+04152,445,1.7943478260869568,2.755,23,38.66284,1.1285458333333334,11.964985,10.836439166666667,0.9674701205180778,1.8546803544962072,2.8476331636213263,1.5353767870123574
I-95 NB AM,110+04152,450,1.8256521739130436,2.4179999999999997,23,38.66284,1.1285458333333334,11.964985,10.836439166666667,0.9674701205180778,1.8870372688465165,2.4993019926084816,1.3244582043343651
I-95 NB AM,110+04152,455,1.808695652173913,2.3369999999999997,23,38.66284,1.1285458333333334,11.964985,10.836439166666667,0.9674701205180778,1.8695106069067653,2.415578476727056,1.292091346153846
I-95 NB AM,110+04152,460,1.713913043478261,2.37,23,38.66284,1.1285458333333334,11.964985,10.836439166666667,0.9674701205180778,1.7715410606794397,2.449688057271341,1.382800608828006
I-95 NB AM,110+04152,465,1.7682608695652176,2.328,23,38.66284,1.1285458333333334,11.964985,10.836439166666667,0.9674701205180778,1.8277162592042826,2.4062758638513424,1.3165478239488564
I-95 NB AM,110+04152,470,1.751304347826087,2.364,23,38.66284,1.1285458333333334,11.964985,10.836439166666667,0.9674701205180778,1.8101895972645314,2.443486315354198,1.3498510427010921
I-95 NB AM,110+04152,475,1.7369565217391305,2.2939999999999996,23,38.66284,1.1285458333333334,11.964985,10.836439166666667,0.9674701205180778,1.795359344853973,2.3711326596542004,1.3207008760951187
I-95 NB AM,110+04152,480,1.663478260869565,2.231,23,38.66284,1.1285458333333334,11.964985,10.836439166666667,0.9674701205180778,1.7194104764483855,2.306014369524203,1.3411657083115527
I-95 NB AM,110+04152,485,1.64,2.166,23,38.66284,1.1285458333333334,11.964985,10.836439166666667,0.9674701205180778,1.6951427906856535,2.2388288320884913,1.3207317073170732
I-95 NB AM,110+04152,490,1.6556521739130434,2.267,23,38.66284,1.1285458333333334,11.964985,10.836439166666667,0.9674701205180778,1.7113212478608082,2.343224821027059,1.369248949579832
I-95 NB AM,110+04152,495,1.6947826086956523,2.372,23,38.66284,1.1285458333333334,11.964985,10.836439166666667,0.9674701205180778,1.7517673907986953,2.451755304577055,1.3995895330938941
I-95 NB AM,110+04152,500,1.7639130434782608,2.3099999999999996,23,38.66284,1.1285458333333334,11.964985,10.836439166666667,0.9674701205180778,1.8232222433222949,2.387670638099914,1.3095883657875276
I-95 NB AM,110+04152,505,1.7430434782608697,2.242,23,38.66284,1.1285458333333334,11.964985,10.836439166666667,0.9674701205180778,1.8016509670887555,2.3173842297056315,1.286255924170616
I-95 NB AM,110+04152,510,1.6339130434782607,2.148,23,38.66284,1.1285458333333334,11.964985,10.836439166666667,0.9674701205180778,1.6888511684508711,2.2202236063370635,1.3146354443853114
I-95 NB AM,110+04152,515,1.6604347826086956,2.171,23,38.66284,1.1285458333333334,11.964985,10.836439166666667,0.9674701205180778,1.7162646653309943,2.2439969503527766,1.307488871432312
I-95 NB AM,110+04152,520,1.7747826086956522,2.2279999999999998,23,38.66284,1.1285458333333334,11.964985,10.836439166666667,0.9674701205180778,1.8344572830272636,2.3029134985656317,1.2553650171484565
I-95 NB AM,110+04152,525,1.7552173913043476,2.2849999999999997,23,38.66284,1.1285458333333334,11.964985,10.836439166666667,0.9674701205180778,1.8142342115583199,2.3618300467784867,1.3018330443398562
I-95 NB AM,110+04152,530,1.6960869565217391,2.115,23,38.66284,1.1285458333333334,11.964985,10.836439166666667,0.9674701205180778,1.7531155955632913,2.186114025792779,1.246987951807229
I-95 NB AM,110+04152,535,1.7004347826086956,2.3159999999999994,23,38.66284,1.1285458333333334,11.964985,10.836439166666667,0.9674701205180778,1.7576096114452786,2.3938723800170565,1.362004602403477
I-95 NB AM,110+04152,540,1.6443478260869566,2.3719999999999994,23,38.66284,1.1285458333333334,11.964985,10.836439166666667,0.9674701205180778,1.699636806567641,2.4517553045770546,1.4425171866737172
I-95 NB AM,110+04152,545,1.5799999999999998,1.956,23,38.66284,1.1285458333333334,11.964985,10.836439166666667,0.9674701205180778,1.633125371514227,2.021767864988499,1.237974683544304
I-95 NB AM,110+04152,550,1.4891304347826086,1.986,23,38.66284,1.1285458333333334,11.964985,10.836439166666667,0.9674701205180778,1.5392004395806902,2.0527765745742124,1.3336642335766424
I-95 NB AM,110+04152,555,1.451304347826087,1.9569999999999996,23,38.66284,1.1285458333333334,11.964985,10.836439166666667,0.9674701205180778,1.5001025014073996,2.0228014886413557,1.3484421809466745
I-95 NB AM,110+04152,560,1.4408695652173913,1.9189999999999998,23,38.66284,1.1285458333333334,11.964985,10.836439166666667,0.9674701205180778,1.48931686329063,1.983523789832786,1.3318346409173203
I-95 NB AM,110+04152,565,1.4591304347826088,2.0829999999999997,23,38.66284,1.1285458333333334,11.964985,10.836439166666667,0.9674701205180778,1.5081917299949772,2.1530380689013513,1.4275625744934441
I-95 NB AM,110+04152,570,1.3908695652173915,1.8519999999999999,23,38.66284,1.1285458333333334,11.964985,10.836439166666667,0.9674701205180778,1.4376356806477748,1.9142710050913598,1.331541106595811
I-95 NB AM,110+04152,575,1.477391304347826,1.8889999999999998,23,38.66284,1.1285458333333334,11.964985,10.836439166666667,0.9674701205180778,1.527066596699324,1.9525150802470728,1.2786050618010594
I-95 NB AM,110+04152,580,1.4417391304347824,1.8389999999999997,23,38.66284,1.1285458333333334,11.964985,10.836439166666667,0.9674701205180778,1.4902156664670272,1.9008338976042174,1.2755428226779253
I-95 NB AM,110+04152,585,1.4056521739130434,1.785,23,38.66284,1.1285458333333334,11.964985,10.836439166666667,0.9674701205180778,1.4529153346465318,1.845018220349934,1.2698731828023508
I-95 NB AM,110+04152,590,1.37,1.7229999999999999,23,38.66284,1.1285458333333334,11.964985,10.836439166666667,0.9674701205180778,1.4160644044142352,1.7809335538727933,1.2576642335766421
I-95 NB AM,110+04152,595,1.326086956521739,1.692,23,38.66284,1.1285458333333334,11.964985,10.836439166666667,0.9674701205180778,1.370674844006162,1.748891220634223,1.2759344262295083
I-95 NB AM,110+04152,600,1.311304347826087,1.809,23,38.66284,1.1285458333333334,11.964985,10.836439166666667,0.9674701205180778,1.355395190007405,1.8698251880185044,1.3795424403183023
I-95 NB AM,110+04152,605,1.1943478260869564,1.53,23,38.66284,1.1285458333333334,11.964985,10.836439166666667,0.9674701205180778,1.2345061627819434,1.581444188871372,1.2810338551146707
I-95 NB AM,110+04152,610,1.1695652173913045,1.6099999999999997,23,38.66284,1.1285458333333334,11.964985,10.836439166666667,0.9674701205180778,1.2088902722546153,1.66413408109994,1.376579925650557
I-95 NB AM,110+04152,615,1.12,1.5679999999999994,23,38.66284,1.1285458333333334,11.964985,10.836439166666667,0.9674701205180778,1.1576584911999586,1.6207218876799414,1.3999999999999992
I-95 NB AM,110+04152,620,1.102608695652174,1.4269999999999996,23,38.66284,1.1285458333333334,11.964985,10.836439166666667,0.9674701205180778,1.1396824276720088,1.4749809526270896,1.2942034700315455
I-95 NB AM,110+04152,625,1.1208695652173915,1.5509999999999997,23,38.66284,1.1285458333333334,11.964985,10.836439166666667,0.9674701205180778,1.1585572943763562,1.6031502855813708,1.3837470907680367
I-95 NB AM,110+04152,630,1.1300000000000001,1.6019999999999999,23,38.66284,1.1285458333333334,11.964985,10.836439166666667,0.9674701205180778,1.1679947277285296,1.6558650918770834,1.4176991150442475
I-95 NB AM,110+04152,635,1.0995652173913044,1.3889999999999996,23,38.66284,1.1285458333333334,11.964985,10.836439166666667,0.9674701205180778,1.1365366165546178,1.4357032538185195,1.2632265717674966
I-95 NB AM,110+04152,640,1.1082608695652174,1.4419999999999995,23,38.66284,1.1285458333333334,11.964985,10.836439166666667,0.9674701205180778,1.1455246483185926,1.4904853074199462,1.3011377010592384
I-95 NB AM,110+04152,645,1.0704347826086957,1.108,23,38.66284,1.1285458333333334,11.964985,10.836439166666667,0.9674701205180778,1.106426710145302,1.1452550073656733,1.0350934199837531
I-95 NB AM,110+04152,650,1.068695652173913,1.1809999999999998,23,38.66284,1.1285458333333334,11.964985,10.836439166666667,0.9674701205180778,1.1046291037925071,1.2207095340242418,1.1050854353132626
I-95 NB AM,110+04152,655,1.072608695652174,1.108,23,38.66284,1.1285458333333334,11.964985,10.836439166666667,0.9674701205180778,1.108673718086296,1.1452550073656733,1.0329955411430887
I-95 NB AM,110+04153,300,0.4339130434782609,0.45,23,38.67161,0.49183999999999994,13.038425,12.546585,0.4228456798968333,1.0261735288016371,1.0642180383864672,1.0370741482965933
I-95 NB AM,110+04153,305,0.44130434782608696,0.459,23,38.67161,0.49183999999999994,13.038425,12.546585,0.4228456798968333,1.0436534386108833,1.0855023991541968,1.0400985221674877
I-95 NB AM,110+04153,310,0.44608695652173913,0.47,23,38.67161,0.49183999999999994,13.038425,12.546585,0.4228456798968333,1.0549639684874546,1.1115166178703102,1.053606237816764
I-95 NB AM,110+04153,315,0.4543478260869565,0.47,23,38.67161,0.49183999999999994,13.038425,12.546585,0.4228456798968333,1.0745003382742593,1.1115166178703102,1.0344497607655503
I-95 NB AM,110+04153,320,0.45826086956521733,0.489,23,38.67161,0.49183999999999994,13.038425,12.546585,0.4228456798968333,1.083754408173272,1.1564502683799611,1.0670777988614801
I-95 NB AM,110+04153,325,0.4643478260869565,0.49,23,38.67161,0.49183999999999994,13.038425,12.546585,0.4228456798968333,1.0981496280161807,1.1588151973541532,1.0552434456928839
I-95 NB AM,110+04153,330,0.46304347826086956,0.49,23,38.67161,0.49183999999999994,13.038425,12.546585,0.4228456798968333,1.0950649380498432,1.1588151973541532,1.0582159624413146
I-95 NB AM,110+04153,335,0.4673913043478261,0.48,23,38.67161,0.49183999999999994,13.038425,12.546585,0.4228456798968333,1.1053472379376352,1.1351659076122318,1.0269767441860465
I-95 NB AM,110+04153,340,0.47565217391304343,0.508,23,38.67161,0.49183999999999994,13.038425,12.546585,0.4228456798968333,1.1248836077244397,1.201383918889612,1.0680073126142597
I-95 NB AM,110+04153,345,0.4730434782608695,0.49,23,38.67161,0.49183999999999994,13.038425,12.546585,0.4228456798968333,1.1187142277917645,1.1588151973541532,1.0358455882352942
I-95 NB AM,110+04153,350,0.4730434782608696,0.499,23,38.67161,0.49183999999999994,13.038425,12.546585,0.4228456798968333,1.1187142277917648,1.1800995581218825,1.0548713235294116
I-95 NB AM,110+04153,355,0.47782608695652173,0.5,23,38.67161,0.49183999999999994,13.038425,12.546585,0.4228456798968333,1.1300247576683358,1.1824644870960748,1.0464058234758873
I-95 NB AM,110+04153,360,0.4769565217391304,0.509,23,38.67161,0.49183999999999994,13.038425,12.546585,0.4228456798968333,1.1279682976907772,1.203748847863804,1.0671832269826802
I-95 NB AM,110+04153,365,0.48,0.5,23,38.67161,0.49183999999999994,13.038425,12.546585,0.4228456798968333,1.1351659076122318,1.1824644870960748,1.0416666666666667
I-95 NB AM,110+04153,370,0.4791304347826087,0.519,23,38.67161,0.49183999999999994,13.038425,12.546585,0.4228456798968333,1.1331094476346735,1.2273981376057257,1.0832123411978223
I-95 NB AM,110+04153,375,0.4891304347826087,0.519,23,38.67161,0.49183999999999994,13.038425,12.546585,0.4228456798968333,1.1567587373765948,1.2273981376057257,1.0610666666666666
I-95 NB AM,110+04153,380,0.5017391304347826,0.539,23,38.67161,0.49183999999999994,13.038425,12.546585,0.4228456798968333,1.1865774070511914,1.2746967170895687,1.074263431542461
I-95 NB AM,110+04153,385,0.5021739130434782,0.548,23,38.67161,0.49183999999999994,13.038425,12.546585,0.4228456798968333,1.1876056370399708,1.295981077857298,1.0912554112554114
I-95 NB AM,110+04153,390,0.5343478260869565,0.6259999999999999,23,38.67161,0.49183999999999994,13.038425,12.546585,0.4228456798968333,1.2636946562096312,1.4804455378442853,1.171521562245728
I-95 NB AM,110+04153,395,0.5473913043478261,0.7809999999999999,23,38.67161,0.49183999999999994,13.038425,12.546585,0.4228456798968333,1.2945415558730071,1.8470095288440687,1.4267672756155676
I-95 NB AM,110+04153,400,0.6191304347826087,0.8959999999999998,23,38.67161,0.49183999999999994,13.038425,12.546585,0.4228456798968333,1.4641995040215743,2.1189763608761654,1.4471910112359547
I-95 NB AM,110+04153,405,0.6634782608695652,1.4459999999999993,23,38.67161,0.49183999999999994,13.038425,12.546585,0.4228456798968333,1.569078962877052,3.4196872966818463,2.1794233289646123
I-95 NB AM,110+04153,410,0.7043478260869565,0.9439999999999998,23,38.67161,0.49183999999999994,13.038425,12.546585,0.4228456798968333,1.6657325818222966,2.2324929516373886,1.3402469135802468
I-95 NB AM,110+04153,415,0.6178260869565217,0.9919999999999993,23,38.67161,0.49183999999999994,13.038425,12.546585,0.4228456798968333,1.4611148140552368,2.346009542398611,1.6056298381421523
I-95 NB AM,110+04153,420,0.5982608695652174,1.4319999999999988,23,38.67161,0.49183999999999994,13.038425,12.546585,0.4228456798968333,1.414844464560173,3.3865782910431554,2.393604651162789
I-95 NB AM,110+04153,425,0.5869565217391305,0.7619999999999998,23,38.67161,0.49183999999999994,13.038425,12.546585,0.4228456798968333,1.388110484851914,1.8020758783344175,1.2982222222222217
I-95 NB AM,110+04153,430,0.587391304347826,0.608,23,38.67161,0.49183999999999994,13.038425,12.546585,0.4228456798968333,1.3891387148406928,1.437876816308827,1.0350851221317543
I-95 NB AM,110+04153,435,0.5465217391304348,0.698,23,38.67161,0.49183999999999994,13.038425,12.546585,0.4228456798968333,1.2924850958954486,1.6507204239861202,1.277167859984089
I-95 NB AM,110+04153,440,0.5869565217391305,1.025,23,38.67161,0.49183999999999994,13.038425,12.546585,0.4228456798968333,1.388110484851914,2.424052198546953,1.746296296296296
I-95 NB AM,110+04153,445,0.5747826086956522,0.8799999999999999,23,38.67161,0.49183999999999994,13.038425,12.546585,0.4228456798968333,1.3593200451660965,2.0811374972890913,1.5310136157337364
I-95 NB AM,110+04153,450,0.6139130434782609,1.079,23,38.67161,0.49183999999999994,13.038425,12.546585,0.4228456798968333,1.4518607441562241,2.551758363153329,1.7575779036827193
I-95 NB AM,110+04153,455,0.66,1.4249999999999994,23,38.67161,0.49183999999999994,13.038425,12.546585,0.4228456798968333,1.5608531229668188,3.3700237882238118,2.159090909090908
I-95 NB AM,110+04153,460,0.6739130434782609,1.2369999999999997,23,38.67161,0.49183999999999994,13.038425,12.546585,0.4228456798968333,1.5937564826077528,2.925417141075688,1.8355483870967737
I-95 NB AM,110+04153,465,0.6343478260869565,1.4399999999999995,23,38.67161,0.49183999999999994,13.038425,12.546585,0.4228456798968333,1.500187553628846,3.405497722836694,2.2700479780671685
I-95 NB AM,110+04153,470,0.6321739130434783,1.2479999999999996,23,38.67161,0.49183999999999994,13.038425,12.546585,0.4228456798968333,1.4950464036849502,2.9514313597918016,1.9741403026134794
I-95 NB AM,110+04153,475,0.6339130434782608,1.1359999999999997,23,38.67161,0.49183999999999994,13.038425,12.546585,0.4228456798968333,1.4991593236400669,2.686559314682281,1.792043895747599
I-95 NB AM,110+04153,480,0.5891304347826086,1.031,23,38.67161,0.49183999999999994,13.038425,12.546585,0.4228456798968333,1.3932516347958097,2.438241772392106,1.7500369003690037
I-95 NB AM,110+04153,485,0.542608695652174,0.8629999999999999,23,38.67161,0.49183999999999994,13.038425,12.546585,0.4228456798968333,1.283231025996436,2.040933704727825,1.5904647435897432
I-95 NB AM,110+04153,490,0.5660869565217391,0.9359999999999997,23,38.67161,0.49183999999999994,13.038425,12.546585,0.4228456798968333,1.3387554453905124,2.2135735198438513,1.6534562211981563
I-95 NB AM,110+04153,495,0.5647826086956522,1.0139999999999998,23,38.67161,0.49183999999999994,13.038425,12.546585,0.4228456798968333,1.335670755424175,2.398037979830839,1.7953810623556576
I-95 NB AM,110+04153,500,0.5330434782608695,0.6419999999999999,23,38.67161,0.49183999999999994,13.038425,12.546585,0.4228456798968333,1.2606099662432935,1.5182844014313597,1.2044045676998367
I-95 NB AM,110+04153,505,0.5530434782608696,0.568,23,38.67161,0.49183999999999994,13.038425,12.546585,0.4228456798968333,1.3079085457271367,1.3432796573411407,1.0270440251572326
I-95 NB AM,110+04153,510,0.5243478260869565,0.537,23,38.67161,0.49183999999999994,13.038425,12.546585,0.4228456798968333,1.2400453664677096,1.2699668591411843,1.024129353233831
I-95 NB AM,110+04153,515,0.51,0.517,23,38.67161,0.49183999999999994,13.038425,12.546585,0.4228456798968333,1.2061137768379964,1.2226682796573414,1.0137254901960784
I-95 NB AM,110+04153,520,0.48869565217391303,0.528,23,38.67161,0.49183999999999994,13.038425,12.546585,0.4228456798968333,1.1557305073878157,1.248682498373455,1.0804270462633452
I-95 NB AM,110+04153,525,0.5104347826086957,0.5159999999999999,23,38.67161,0.49183999999999994,13.038425,12.546585,0.4228456798968333,1.2071420068267755,1.2203033506831489,1.0109028960817714
I-95 NB AM,110+04153,530,0.5313043478260869,0.508,23,38.67161,0.49183999999999994,13.038425,12.546585,0.4228456798968333,1.2564970462881768,1.201383918889612,0.9561374795417349
I-95 NB AM,110+04153,535,0.5295652173913044,0.508,23,38.67161,0.49183999999999994,13.038425,12.546585,0.4228456798968333,1.25238412633306,1.201383918889612,0.9592775041050903
I-95 NB AM,110+04153,540,0.4960869565217391,0.5,23,38.67161,0.49183999999999994,13.038425,12.546585,0.4228456798968333,1.1732104171970619,1.1824644870960748,1.0078878177037687
I-95 NB AM,110+04153,545,0.47260869565217395,0.489,23,38.67161,0.49183999999999994,13.038425,12.546585,0.4228456798968333,1.1176859978029856,1.1564502683799611,1.034682612695492
I-95 NB AM,110+04153,550,0.45869565217391306,0.48,23,38.67161,0.49183999999999994,13.038425,12.546585,0.4228456798968333,1.0847826381620511,1.1351659076122318,1.0464454976303317
I-95 NB AM,110+04153,555,0.4578260869565217,0.479,23,38.67161,0.49183999999999994,13.038425,12.546585,0.4228456798968333,1.0827261781844928,1.1328009786380395,1.0462488129154797
I-95 NB AM,110+04153,560,0.45695652173913043,0.479,23,38.67161,0.49183999999999994,13.038425,12.546585,0.4228456798968333,1.0806697182069345,1.1328009786380395,1.0482397716460514
I-95 NB AM,110+04153,565,0.45652173913043476,0.479,23,38.67161,0.49183999999999994,13.038425,12.546585,0.4228456798968333,1.079641488218155,1.1328009786380395,1.0492380952380953
I-95 NB AM,110+04153,570,0.45521739130434785,0.479,23,38.67161,0.49183999999999994,13.038425,12.546585,0.4228456798968333,1.0765567982518176,1.1328009786380395,1.0522445081184335
I-95 NB AM,110+04153,575,0.4543478260869565,0.47,23,38.67161,0.49183999999999994,13.038425,12.546585,0.4228456798968333,1.0745003382742593,1.1115166178703102,1.0344497607655503
I-95 NB AM,110+04153,580,0.4617391304347826,0.489,23,38.67161,0.49183999999999994,13.038425,12.546585,0.4228456798968333,1.0919802480835055,1.1564502683799611,1.059039548022599
I-95 NB AM,110+04153,585,0.46,0.479,23,38.67161,0.49183999999999994,13.038425,12.546585,0.4228456798968333,1.0878673281283888,1.1328009786380395,1.0413043478260868
I-95 NB AM,110+04153,590,0.4556521739130435,0.479,23,38.67161,0.49183999999999994,13.038425,12.546585,0.4228456798968333,1.077585028240597,1.1328009786380395,1.051240458015267
I-95 NB AM,110+04153,595,0.45608695652173914,0.489,23,38.67161,0.49183999999999994,13.038425,12.546585,0.4228456798968333,1.078613258229376,1.1564502683799611,1.0721639656816015
I-95 NB AM,110+04153,600,0.4578260869565217,0.47,23,38.67161,0.49183999999999994,13.038425,12.546585,0.4228456798968333,1.0827261781844928,1.1115166178703102,1.0265906932573599
I-95 NB AM,110+04153,605,0.4578260869565217,0.48,23,38.67161,0.49183999999999994,13.038425,12.546585,0.4228456798968333,1.0827261781844928,1.1351659076122318,1.0484330484330484
I-95 NB AM,110+04153,610,0.45695652173913043,0.48,23,38.67161,0.49183999999999994,13.038425,12.546585,0.4228456798968333,1.0806697182069345,1.1351659076122318,1.0504281636536632
I-95 NB AM,110+04153,615,0.45695652173913043,0.5059999999999999,23,38.67161,0.49183999999999994,13.038425,12.546585,0.4228456798968333,1.0806697182069345,1.1966540609412275,1.1073263558515698
I-95 NB AM,110+04153,620,0.45521739130434785,0.479,23,38.67161,0.49183999999999994,13.038425,12.546585,0.4228456798968333,1.0765567982518176,1.1328009786380395,1.0522445081184335
I-95 NB AM,110+04153,625,0.45608695652173914,0.48799999999999993,23,38.67161,0.49183999999999994,13.038425,12.546585,0.4228456798968333,1.078613258229376,1.1540853394057689,1.0699714013346042
I-95 NB AM,110+04153,630,0.45478260869565224,0.48,23,38.67161,0.49183999999999994,13.038425,12.546585,0.4228456798968333,1.0755285682630387,1.1351659076122318,1.0554493307839385
I-95 NB AM,110+04153,635,0.45521739130434785,0.47,23,38.67161,0.49183999999999994,13.038425,12.546585,0.4228456798968333,1.0765567982518176,1.1115166178703102,1.032473734479465
I-95 NB AM,110+04153,640,0.45391304347826084,0.47,23,38.67161,0.49183999999999994,13.038425,12.546585,0.4228456798968333,1.07347210828548,1.1115166178703102,1.03544061302682
I-95 NB AM,110+04153,645,0.44869565217391305,0.469,23,38.67161,0.49183999999999994,13.038425,12.546585,0.4228456798968333,1.0611333484201297,1.1091516888961181,1.045251937984496
I-95 NB AM,110+04153,650,0.44565217391304346,0.469,23,38.67161,0.49183999999999994,13.038425,12.546585,0.4228456798968333,1.0539357384986752,1.1091516888961181,1.052390243902439
I-95 NB AM,110+04153,655,0.4504347826086956,0.469,23,38.67161,0.49183999999999994,13.038425,12.546585,0.4228456798968333,1.0652462683752464,1.1091516888961181,1.0412162162162162
I-95 NB AM,110+04154,300,1.3030434782608695,1.3949999999999998,23,38.68568,1.4954366666666665,15.548755,14.053318333333333,1.2745198863636362,1.0223798719834922,1.094529802889234,1.0705705705705704
I-95 NB AM,110+04154,305,1.3204347826086957,1.368,23,38.68568,1.4954366666666665,15.548755,14.053318333333333,1.2745198863636362,1.0360252489869424,1.0733453550913783,1.0360223905169574
I-95 NB AM,110+04154,310,1.33,1.3969999999999998,23,38.68568,1.4954366666666665,15.548755,14.053318333333333,1.2745198863636362,1.0435302063388399,1.0960990212446309,1.0503759398496237
I-95 NB AM,110+04154,315,1.353913043478261,1.3989999999999998,23,38.68568,1.4954366666666665,15.548755,14.053318333333333,1.2745198863636362,1.0622925997185837,1.0976682396000277,1.0333012202954397
I-95 NB AM,110+04154,320,1.3730434782608696,1.4589999999999999,23,38.68568,1.4954366666666665,15.548755,14.053318333333333,1.2745198863636362,1.0773025144223787,1.14474479026193,1.0626029132362254
I-95 NB AM,110+04154,325,1.386086956521739,1.4489999999999998,23,38.68568,1.4954366666666665,15.548755,14.053318333333333,1.2745198863636362,1.087536547174966,1.1368986984849465,1.0453889585947302
I-95 NB AM,110+04154,330,1.401304347826087,1.47,23,38.68568,1.4954366666666665,15.548755,14.053318333333333,1.2745198863636362,1.0994762520529848,1.1533754912166123,1.0490226497052435
I-95 NB AM,110+04154,335,1.4234782608695653,1.498,23,38.68568,1.4954366666666665,15.548755,14.053318333333333,1.2745198863636362,1.1168741077323838,1.175344548192167,1.052351863164325
I-95 NB AM,110+04154,340,1.44,1.539,23,38.68568,1.4954366666666665,15.548755,14.053318333333333,1.2745198863636362,1.129837215885661,1.2075135244778004,1.06875
I-95 NB AM,110+04154,345,1.4560869565217391,1.547,23,38.68568,1.4954366666666665,15.548755,14.053318333333333,1.2745198863636362,1.1424591896138525,1.2137903978993874,1.0624365482233502
I-95 NB AM,110+04154,350,1.534782608695652,1.9479999999999997,23,38.68568,1.4954366666666665,15.548755,14.053318333333333,1.2745198863636362,1.2042045205544636,1.528418678156436,1.2692351274787534
I-95 NB AM,110+04154,355,1.5978260869565217,2.23,23,38.68568,1.4954366666666665,15.548755,14.053318333333333,1.2745198863636362,1.25366901219197,1.749678466267378,1.3956462585034013
I-95 NB AM,110+04154,360,1.6169565217391304,2.0639999999999996,23,38.68568,1.4954366666666665,15.548755,14.053318333333333,1.2745198863636362,1.268678926895765,1.6194333427694474,1.2764721699381552
I-95 NB AM,110+04154,365,1.6308695652173912,2.21,23,38.68568,1.4954366666666665,15.548755,14.053318333333333,1.2745198863636362,1.279595228498525,1.7339862827134105,1.3551053052519328
I-95 NB AM,110+04154,370,1.7430434782608697,2.7539999999999996,23,38.68568,1.4954366666666665,15.548755,14.053318333333333,1.2745198863636362,1.3676079101707779,2.1608136753813265,1.579995011224744
I-95 NB AM,110+04154,375,1.856086956521739,3.148,23,38.68568,1.4954366666666665,15.548755,14.053318333333333,1.2745198863636362,1.4563028606932027,2.469949691394487,1.6960412274537364
I-95 NB AM,110+04154,380,2.0460869565217394,3.2479999999999998,23,38.68568,1.4954366666666665,15.548755,14.053318333333333,1.2745198863636362,1.6053786044558944,2.5484106091643244,1.5874203144921373
I-95 NB AM,110+04154,385,2.1452173913043477,3.951999999999999,23,38.68568,1.4954366666666665,15.548755,14.053318333333333,1.2745198863636362,1.6831572533755592,3.1007754702639803,1.8422375354681797
I-95 NB AM,110+04154,390,2.3082608695652174,3.594,23,38.68568,1.4954366666666665,15.548755,14.053318333333333,1.2745198863636362,1.811082662782903,2.8198853846479626,1.5570163872669052
I-95 NB AM,110+04154,395,2.432608695652174,4.1709999999999985,23,38.68568,1.4954366666666665,15.548755,14.053318333333333,1.2745198863636362,1.908647108357571,3.2726048801799243,1.71462019660411
I-95 NB AM,110+04154,400,2.5982608695652174,3.9859999999999998,23,38.68568,1.4954366666666665,15.548755,14.053318333333333,1.2745198863636362,2.038619324315432,3.127452182305726,1.534103078982597
I-95 NB AM,110+04154,405,2.8078260869565215,4.986999999999998,23,38.68568,1.4954366666666665,15.548755,14.053318333333333,1.2745198863636362,2.2030461172070046,3.9128459691817987,1.7761071539176212
I-95 NB AM,110+04154,410,2.854347826086957,4.999999999999999,23,38.68568,1.4954366666666665,15.548755,14.053318333333333,1.2745198863636362,2.2395475006912338,3.9230458884918784,1.7517136329017513
I-95 NB AM,110+04154,415,2.8530434782608696,5.188000000000001,23,38.68568,1.4954366666666665,15.548755,14.053318333333333,1.2745198863636362,2.238524097415975,4.070552413899174,1.8184090216397442
I-95 NB AM,110+04154,420,2.917826086956522,5.152,23,38.68568,1.4954366666666665,15.548755,14.053318333333333,1.2745198863636362,2.2893531267538263,4.042306483502032,1.7656981075845626
I-95 NB AM,110+04154,425,3.1743478260869566,5.660999999999999,23,38.68568,1.4954366666666665,15.548755,14.053318333333333,1.2745198863636362,2.490622437554714,4.441672554950505,1.78335844404876
I-95 NB AM,110+04154,430,3.1339130434782607,5.87,23,38.68568,1.4954366666666665,15.548755,14.053318333333333,1.2745198863636362,2.4588969360216923,4.605655873089466,1.8730577136514985
I-95 NB AM,110+04154,435,3.575217391304348,8.279999999999998,23,38.68568,1.4954366666666665,15.548755,14.053318333333333,1.2745198863636362,2.8051483774842367,6.4965639913425495,2.315943086464793
I-95 NB AM,110+04154,440,3.7982608695652176,7.188,23,38.68568,1.4954366666666665,15.548755,14.053318333333333,1.2745198863636362,2.980150337553483,5.639770769295925,1.8924450549450549
I-95 NB AM,110+04154,445,3.955217391304348,8.01,23,38.68568,1.4954366666666665,15.548755,14.053318333333333,1.2745198863636362,3.1032998650096193,6.28471951336399,2.02517313400022
I-95 NB AM,110+04154,450,3.88,5.9959999999999996,23,38.68568,1.4954366666666665,15.548755,14.053318333333333,1.2745198863636362,3.044283609469698,4.704516629479461,1.5453608247422679
I-95 NB AM,110+04154,455,3.783478260869565,6.356,23,38.68568,1.4954366666666665,15.548755,14.053318333333333,1.2745198863636362,2.9685517671005504,4.986975933450877,1.6799356469777063
I-95 NB AM,110+04154,460,3.9991304347826087,6.841999999999999,23,38.68568,1.4954366666666665,15.548755,14.053318333333333,1.2745198863636362,3.1377544419433305,5.3682959938122865,1.7108719286801475
I-95 NB AM,110+04154,465,4.192608695652174,7.897999999999997,23,38.68568,1.4954366666666665,15.548755,14.053318333333333,1.2745198863636362,3.2895592611067124,6.19684328546177,1.8837913512392401
I-95 NB AM,110+04154,470,3.6843478260869564,7.163999999999999,23,38.68568,1.4954366666666665,15.548755,14.053318333333333,1.2745198863636362,2.8907731181808853,5.6209401490311635,1.9444418220438988
I-95 NB AM,110+04154,475,3.455217391304348,6.762,23,38.68568,1.4954366666666665,15.548755,14.053318333333333,1.2745198863636362,2.7109952761604315,5.305527259596417,1.9570403926009814
I-95 NB AM,110+04154,480,3.248695652173913,6.636,23,38.68568,1.4954366666666665,15.548755,14.053318333333333,1.2745198863636362,2.5489564242444627,5.206666503206422,2.0426659528907924
I-95 NB AM,110+04154,485,3.000434782608696,6.967,23,38.68568,1.4954366666666665,15.548755,14.053318333333333,1.2745198863636362,2.354168667520214,5.466372141024584,2.3219968120562235
I-95 NB AM,110+04154,490,2.8791304347826085,4.9270000000000005,23,38.68568,1.4954366666666665,15.548755,14.053318333333333,1.2745198863636362,2.2589921629211496,3.865769418519898,1.7112805798852313
I-95 NB AM,110+04154,495,2.7939130434782613,6.690999999999997,23,38.68568,1.4954366666666665,15.548755,14.053318333333333,1.2745198863636362,2.192129815604245,5.249820007979831,2.3948490507314024
I-95 NB AM,110+04154,500,2.6939130434782608,5.860999999999998,23,38.68568,1.4954366666666665,15.548755,14.053318333333333,1.2745198863636362,2.113668897834407,4.598594390490179,2.1756455777921233
I-95 NB AM,110+04154,505,2.3782608695652177,5.094999999999999,23,38.68568,1.4954366666666665,15.548755,14.053318333333333,1.2745198863636362,1.8660053052217895,3.997583760373224,2.1423217550274214
I-95 NB AM,110+04154,510,2.1269565217391304,4.185,23,38.68568,1.4954366666666665,15.548755,14.053318333333333,1.2745198863636362,1.6688296075219367,3.2835894086677024,1.9676001635322975
I-95 NB AM,110+04154,515,2.0195652173913046,3.928,23,38.68568,1.4954366666666665,15.548755,14.053318333333333,1.2745198863636362,1.584569404525633,3.0819448499992204,1.9449730893433796
I-95 NB AM,110+04154,520,1.8982608695652172,4.220999999999998,23,38.68568,1.4954366666666665,15.548755,14.053318333333333,1.2745198863636362,1.4893928999265689,3.311835339064843,2.2236142922583593
I-95 NB AM,110+04154,525,1.8095652173913046,3.9239999999999986,23,38.68568,1.4954366666666665,15.548755,14.053318333333333,1.2745198863636362,1.4198014772089742,3.0788064132884254,2.168476693897164
I-95 NB AM,110+04154,530,1.86,3.9429999999999983,23,38.68568,1.4954366666666665,15.548755,14.053318333333333,1.2745198863636362,1.4593730705189791,3.0937139876646946,2.1198924731182784
I-95 NB AM,110+04154,535,1.7947826086956522,4.672999999999997,23,38.68568,1.4954366666666665,15.548755,14.053318333333333,1.2745198863636362,1.4082029067560415,3.666478687384508,2.6036579457364324
I-95 NB AM,110+04154,540,1.7056521739130437,3.300999999999999,23,38.68568,1.4954366666666665,15.548755,14.053318333333333,1.2745198863636362,1.3382703496133603,2.5899948955823375,1.9353301045118523
I-95 NB AM,110+04154,545,1.5382608695652176,2.955999999999998,23,38.68568,1.4954366666666665,15.548755,14.053318333333333,1.2745198863636362,1.206933595955154,2.3193047292763973,1.9216506500847923
I-95 NB AM,110+04154,550,1.443913043478261,1.931999999999999,23,38.68568,1.4954366666666665,15.548755,14.053318333333333,1.2745198863636362,1.1329074257114375,1.5158649313132613,1.338030713640469
I-95 NB AM,110+04154,555,1.4378260869565218,2.021999999999999,23,38.68568,1.4954366666666665,15.548755,14.053318333333333,1.2745198863636362,1.12813154376023,1.5864797573061151,1.406289688539461
I-95 NB AM,110+04154,560,1.4391304347826088,2.1529999999999987,23,38.68568,1.4954366666666665,15.548755,14.053318333333333,1.2745198863636362,1.1291549470354887,1.6892635595846022,1.4960422960725066
I-95 NB AM,110+04154,565,1.3900000000000001,1.521,23,38.68568,1.4954366666666665,15.548755,14.053318333333333,1.2745198863636362,1.0906067570007425,1.1933905592792295,1.0942446043165466
I-95 NB AM,110+04154,570,1.446521739130435,1.458,23,38.68568,1.4954366666666665,15.548755,14.053318333333333,1.2745198863636362,1.134954232261955,1.143960181084232,1.0079350766456265
I-95 NB AM,110+04154,575,1.43,1.7339999999999995,23,38.68568,1.4954366666666665,15.548755,14.053318333333333,1.2745198863636362,1.1219911241086773,1.3605123141289832,1.2125874125874123
I-95 NB AM,110+04154,580,1.4108695652173915,1.446,23,38.68568,1.4954366666666665,15.548755,14.053318333333333,1.2745198863636362,1.1069812094048825,1.1345448709518513,1.0248998459167948
I-95 NB AM,110+04154,585,1.382608695652174,1.438,23,38.68568,1.4954366666666665,15.548755,14.053318333333333,1.2745198863636362,1.0848074717742762,1.1282679975302643,1.040062893081761
I-95 NB AM,110+04154,590,1.37,1.454,23,38.68568,1.4954366666666665,15.548755,14.053318333333333,1.2745198863636362,1.0749145734467749,1.1408217443734383,1.0613138686131385
I-95 NB AM,110+04154,595,1.3630434782608696,1.428,23,38.68568,1.4954366666666665,15.548755,14.053318333333333,1.2745198863636362,1.0694564226453949,1.1204219057532807,1.0476555023923444
I-95 NB AM,110+04154,600,1.3804347826086956,1.4719999999999998,23,38.68568,1.4954366666666665,15.548755,14.053318333333333,1.2745198863636362,1.0831017996488448,1.154944709572009,1.066330708661417
I-95 NB AM,110+04154,605,1.3717391304347826,1.41,23,38.68568,1.4954366666666665,15.548755,14.053318333333333,1.2745198863636362,1.07627911114712,1.10629894055471,1.027892234548336
I-95 NB AM,110+04154,610,1.362608695652174,1.4269999999999998,23,38.68568,1.4954366666666665,15.548755,14.053318333333333,1.2745198863636362,1.0691152882203085,1.119637296575582,1.0472559029993618
I-95 NB AM,110+04154,615,1.363913043478261,1.4719999999999998,23,38.68568,1.4954366666666665,15.548755,14.053318333333333,1.2745198863636362,1.0701386914955675,1.154944709572009,1.079247688874721
I-95 NB AM,110+04154,620,1.3521739130434782,1.3889999999999998,23,38.68568,1.4954366666666665,15.548755,14.053318333333333,1.2745198863636362,1.0609280620182386,1.0898221478230439,1.0272347266881028
I-95 NB AM,110+04154,625,1.3895652173913045,1.3889999999999998,23,38.68568,1.4954366666666665,15.548755,14.053318333333333,1.2745198863636362,1.0902656225756562,1.0898221478230439,0.9995932415519397
I-95 NB AM,110+04154,630,1.41,1.3889999999999998,23,38.68568,1.4954366666666665,15.548755,14.053318333333333,1.2745198863636362,1.10629894055471,1.0898221478230439,0.9851063829787233
I-95 NB AM,110+04154,635,1.3891304347826088,1.4089999999999998,23,38.68568,1.4954366666666665,15.548755,14.053318333333333,1.2745198863636362,1.0899244881505699,1.1055143313770113,1.0143035993740217
I-95 NB AM,110+04154,640,1.3834782608695653,1.4269999999999998,23,38.68568,1.4954366666666665,15.548755,14.053318333333333,1.2745198863636362,1.0854897406244486,1.119637296575582,1.0314582023884349
I-95 NB AM,110+04154,645,1.3717391304347826,1.4289999999999998,23,38.68568,1.4954366666666665,15.548755,14.053318333333333,1.2745198863636362,1.07627911114712,1.121206514930979,1.0417432646592708
I-95 NB AM,110+04154,650,1.335217391304348,1.406,23,38.68568,1.4954366666666665,15.548755,14.053318333333333,1.2745198863636362,1.0476238194398748,1.1031605038439163,1.053012048192771
I-95 NB AM,110+04154,655,1.3308695652173912,1.378,23,38.68568,1.4954366666666665,15.548755,14.053318333333333,1.2745198863636362,1.0442124751890123,1.0811914468683619,1.0354132636393336
I-95 NB AM,110+04155,300,2.152608695652174,2.282,23,38.71023,2.396053333333334,18.184775000000002,15.788721666666667,2.077803150744328,1.036002229027831,1.0982753583670921,1.0601090688749748
I-95 NB AM,110+04155,305,2.177391304347826,2.3539999999999996,23,38.71023,2.396053333333334,18.184775000000002,15.788721666666667,2.077803150744328,1.0479295421069232,1.132927341628455,1.0811102236421724
I-95 NB AM,110+04155,310,2.217391304347826,2.344,23,38.71023,2.396053333333334,18.184775000000002,15.788721666666667,2.077803150744328,1.0671806439187916,1.128114566175488,1.0570980392156861
I-95 NB AM,110+04155,315,2.227826086956522,2.325,23,38.71023,2.396053333333334,18.184775000000002,15.788721666666667,2.077803150744328,1.0722026704784096,1.1189702928148508,1.0436182669789227
I-95 NB AM,110+04155,320,2.281304347826087,2.38,23,38.71023,2.396053333333334,18.184775000000002,15.788721666666667,2.077803150744328,1.097940556596451,1.1454405578061697,1.0432628168477225
I-95 NB AM,110+04155,325,2.298695652173913,2.4090000000000003,23,38.71023,2.396053333333334,18.184775000000002,15.788721666666667,2.077803150744328,1.1063106008624808,1.1593976066197744,1.0479856251182147
I-95 NB AM,110+04155,330,2.3230434782608698,2.508,23,38.71023,2.396053333333334,18.184775000000002,15.788721666666667,2.077803150744328,1.1180286628349225,1.2070440836041485,1.079618192026951
I-95 NB AM,110+04155,335,2.351304347826087,2.545,23,38.71023,2.396053333333334,18.184775000000002,15.788721666666667,2.077803150744328,1.1316299847672207,1.2248513527801268,1.0823779585798816
I-95 NB AM,110+04155,340,2.4478260869565216,2.634,23,38.71023,2.396053333333334,18.184775000000002,15.788721666666667,2.077803150744328,1.1780837304436855,1.267685054311534,1.076056838365897
I-95 NB AM,110+04155,345,2.504782608695652,2.8649999999999998,23,38.71023,2.396053333333334,18.184775000000002,15.788721666666667,2.077803150744328,1.2054956254149332,1.378860167275074,1.1438118382225306
I-95 NB AM,110+04155,350,2.650434782608696,3.7769999999999992,23,38.71023,2.396053333333334,18.184775000000002,15.788721666666667,2.077803150744328,1.2755947461429322,1.8177852885856731,1.4250492125984249
I-95 NB AM,110+04155,355,2.696521739130435,3.7489999999999997,23,38.71023,2.396053333333334,18.184775000000002,15.788721666666667,2.077803150744328,1.297775363447911,1.8043095173173656,1.3903095775556271
I-95 NB AM,110+04155,360,2.7556521739130435,3.609,23,38.71023,2.396053333333334,18.184775000000002,15.788721666666667,2.077803150744328,1.3262335139524122,1.7369306609758264,1.3096718207636477
I-95 NB AM,110+04155,365,3.0104347826086952,4.207999999999999,23,38.71023,2.396053333333334,18.184775000000002,15.788721666666667,2.077803150744328,1.4488546624497476,2.025215910608555,1.3978047371461582
I-95 NB AM,110+04155,370,3.3369565217391304,4.35,23,38.71023,2.396053333333334,18.184775000000002,15.788721666666667,2.077803150744328,1.606002243544456,2.093557322040688,1.3035830618892508
I-95 NB AM,110+04155,375,3.67304347826087,5.1209999999999996,23,38.71023,2.396053333333334,18.184775000000002,15.788721666666667,2.077803150744328,1.7677533489854809,2.4646223094644517,1.3942116477272726
I-95 NB AM,110+04155,380,4.017391304347826,8.180999999999994,23,38.71023,2.396053333333334,18.184775000000002,15.788721666666667,2.077803150744328,1.9334802254528696,3.9373315980723813,2.0363961038961023
I-95 NB AM,110+04155,385,4.43304347826087,7.804999999999997,23,38.71023,2.396053333333334,18.184775000000002,15.788721666666667,2.077803150744328,2.1335242834109804,3.75637124104082,1.760641428010984
I-95 NB AM,110+04155,390,5.114347826086957,9.578999999999997,23,38.71023,2.396053333333334,18.184775000000002,15.788721666666667,2.077803150744328,2.4614207675326956,4.610157606397183,1.8729660800816113
I-95 NB AM,110+04155,395,5.490869565217392,12.045999999999994,23,38.71023,2.396053333333334,18.184775000000002,15.788721666666667,2.077803150744328,2.6426322258922395,5.797469310644165,2.1938237390133803
I-95 NB AM,110+04155,400,5.379130434782609,11.301999999999994,23,38.71023,2.396053333333334,18.184775000000002,15.788721666666667,2.077803150744328,2.5888546914829984,5.439398816943413,2.101083090850306
I-95 NB AM,110+04155,405,4.859565217391304,7.834999999999997,23,38.71023,2.396053333333334,18.184775000000002,15.788721666666667,2.077803150744328,2.3387996190353597,3.7708095673997213,1.6122841549610805
I-95 NB AM,110+04155,410,4.9513043478260865,7.485999999999998,23,38.71023,2.396053333333334,18.184775000000002,15.788721666666667,2.077803150744328,2.3829516025386663,3.60284370409117,1.5119248331577095
I-95 NB AM,110+04155,415,5.374347826086956,6.9399999999999995,23,38.71023,2.396053333333334,18.184775000000002,15.788721666666667,2.077803150744328,2.58655292930984,3.340066164359167,1.2913194725345845
I-95 NB AM,110+04155,420,5.401739130434783,7.9609999999999985,23,38.71023,2.396053333333334,18.184775000000002,15.788721666666667,2.077803150744328,2.599735749028837,3.8314505381071076,1.4737846104314227
I-95 NB AM,110+04155,425,5.35695652173913,9.818999999999996,23,38.71023,2.396053333333334,18.184775000000002,15.788721666666667,2.077803150744328,2.57818288504381,4.725664217268393,1.8329437545653753
I-95 NB AM,110+04155,430,5.479565217391304,7.965999999999998,23,38.71023,2.396053333333334,18.184775000000002,15.788721666666667,2.077803150744328,2.6371916971193197,3.833856925833591,1.4537649765928744
I-95 NB AM,110+04155,435,5.604347826086957,8.413999999999998,23,38.71023,2.396053333333334,18.184775000000002,15.788721666666667,2.077803150744328,2.6972467647280833,4.049469266126517,1.5013343677269197
I-95 NB AM,110+04155,440,5.780869565217392,8.330999999999998,23,38.71023,2.396053333333334,18.184775000000002,15.788721666666667,2.077803150744328,2.7822027140282857,4.00952322986689,1.4411326714801438
I-95 NB AM,110+04155,445,5.802608695652174,7.609999999999998,23,38.71023,2.396053333333334,18.184775000000002,15.788721666666667,2.077803150744328,2.7926652693608225,3.662522119707962,1.3114790948598827
I-95 NB AM,110+04155,450,5.916956521739131,8.405,23,38.71023,2.396053333333334,18.184775000000002,15.788721666666667,2.077803150744328,2.8476983104099682,4.045137768218847,1.4204937908736863
I-95 NB AM,110+04155,455,6.121739130434783,7.188,23,38.71023,2.396053333333334,18.184775000000002,15.788721666666667,2.077803150744328,2.9462555816424683,3.459422995592751,1.1741761363636363
I-95 NB AM,110+04155,460,5.682608695652173,8.008,23,38.71023,2.396053333333334,18.184775000000002,15.788721666666667,2.077803150744328,2.734911963925217,3.854070582736053,1.409211935730681
I-95 NB AM,110+04155,465,5.1326086956521735,7.562999999999999,23,38.71023,2.396053333333334,18.184775000000002,15.788721666666667,2.077803150744328,2.4702093140120263,3.639902075079017,1.4735196950444727
I-95 NB AM,110+04155,470,5.176521739130435,7.775999999999999,23,38.71023,2.396053333333334,18.184775000000002,15.788721666666667,2.077803150744328,2.4913436757837517,3.742414192227216,1.5021669746346376
I-95 NB AM,110+04155,475,5.127391304347826,7.711,23,38.71023,2.396053333333334,18.184775000000002,15.788721666666667,2.077803150744328,2.4676983007322177,3.7111311517829306,1.5038836597981853
I-95 NB AM,110+04155,480,4.958260869565217,7.913999999999998,23,38.71023,2.396053333333334,18.184775000000002,15.788721666666667,2.077803150744328,2.3862996202450786,3.808830493478162,1.5961241669589614
I-95 NB AM,110+04155,485,4.675652173913043,7.774,23,38.71023,2.396053333333334,18.184775000000002,15.788721666666667,2.077803150744328,2.250286400922095,3.741451637136623,1.6626557559977684
I-95 NB AM,110+04155,490,4.4708695652173915,8.284999999999997,23,38.71023,2.396053333333334,18.184775000000002,15.788721666666667,2.077803150744328,2.151729129689595,3.9873844627832407,1.8531070699212284
I-95 NB AM,110+04155,495,4.074782608695652,6.599999999999998,23,38.71023,2.396053333333334,18.184775000000002,15.788721666666667,2.077803150744328,1.9611013715307677,3.176431798958285,1.6197183098591545
I-95 NB AM,110+04155,500,3.9195652173913045,6.300999999999998,23,38.71023,2.396053333333334,18.184775000000002,15.788721666666667,2.077803150744328,1.8863987264564523,3.032529812914569,1.607576261785912
I-95 NB AM,110+04155,505,3.920434782608696,5.896,23,38.71023,2.396053333333334,18.184775000000002,15.788721666666667,2.077803150744328,1.886817228669754,2.8376124070694018,1.5039148275479648
I-95 NB AM,110+04155,510,3.6717391304347826,6.117999999999999,23,38.71023,2.396053333333334,18.184775000000002,15.788721666666667,2.077803150744328,1.7671255956655285,2.944456022125271,1.6662403789224391
I-95 NB AM,110+04155,515,3.5413043478260873,5.869,23,38.71023,2.396053333333334,18.184775000000002,15.788721666666667,2.077803150744328,1.7043502636703056,2.824617913346391,1.6572989564149783
I-95 NB AM,110+04155,520,3.3404347826086958,5.955,23,38.71023,2.396053333333334,18.184775000000002,15.788721666666667,2.077803150744328,1.607676252397662,2.866007782241908,1.7827020695041
I-95 NB AM,110+04155,525,3.282173913043478,5.926,23,38.71023,2.396053333333334,18.184775000000002,15.788721666666667,2.077803150744328,1.5796366041064622,2.852050733428303,1.8055106636640617
I-95 NB AM,110+04155,530,3.1517391304347826,5.199,23,38.71023,2.396053333333334,18.184775000000002,15.788721666666667,2.077803150744328,1.5168612721112393,2.502161957997595,1.6495654573044558
I-95 NB AM,110+04155,535,2.930869565217391,5.185999999999998,23,38.71023,2.396053333333334,18.184775000000002,15.788721666666667,2.077803150744328,1.4105617099326615,2.495905349908737,1.7694407357958755
I-95 NB AM,110+04155,540,2.7508695652173913,4.132,23,38.71023,2.396053333333334,18.184775000000002,15.788721666666667,2.077803150744328,1.323931751779254,1.9886388171660054,1.5020704915441756
I-95 NB AM,110+04155,545,2.808695652173913,5.057999999999998,23,38.71023,2.396053333333334,18.184775000000002,15.788721666666667,2.077803150744328,1.3517621489638028,2.434301824110758,1.800835913312693
I-95 NB AM,110+04155,550,2.7395652173913043,4.719999999999998,23,38.71023,2.396053333333334,18.184775000000002,15.788721666666667,2.077803150744328,1.3184912230063346,2.27163001380047,1.7229011268052683
I-95 NB AM,110+04155,555,2.6939130434782608,4.572999999999999,23,38.71023,2.396053333333334,18.184775000000002,15.788721666666667,2.077803150744328,1.2965198568080065,2.200882214641854,1.6975306649451254
I-95 NB AM,110+04155,560,2.746521739130435,4.989999999999998,23,38.71023,2.396053333333334,18.184775000000002,15.788721666666667,2.077803150744328,1.3218392407127466,2.401574951030582,1.816843438340984
I-95 NB AM,110+04155,565,2.8365217391304345,5.7349999999999985,23,38.71023,2.396053333333334,18.184775000000002,15.788721666666667,2.077803150744328,1.3651542197894502,2.760126722276631,2.0218424279583074
I-95 NB AM,110+04155,570,2.85695652173913,4.905,23,38.71023,2.396053333333334,18.184775000000002,15.788721666666667,2.077803150744328,1.374989021802035,2.3606663596803625,1.7168619692588651
I-95 NB AM,110+04155,575,2.6913043478260867,4.069999999999999,23,38.71023,2.396053333333334,18.184775000000002,15.788721666666667,2.077803150744328,1.295264350168102,1.9587996093576092,1.5122778675282713
I-95 NB AM,110+04155,580,2.7495652173913046,4.052,23,38.71023,2.396053333333334,18.184775000000002,15.788721666666667,2.077803150744328,1.3233039984593018,1.9501366135422686,1.4736875395319415
I-95 NB AM,110+04155,585,3.0460869565217394,5.402999999999999,23,38.71023,2.396053333333334,18.184775000000002,15.788721666666667,2.077803150744328,1.466013253195109,2.6003425772381235,1.77375107051099
I-95 NB AM,110+04155,590,3.213913043478261,5.991999999999998,23,38.71023,2.396053333333334,18.184775000000002,15.788721666666667,2.077803150744328,1.5467841803622957,2.8838150514178853,1.8643939393939388
I-95 NB AM,110+04155,595,2.9873913043478257,4.953999999999998,23,38.71023,2.396053333333334,18.184775000000002,15.788721666666667,2.077803150744328,1.4377643537972582,2.3842489593999003,1.6583030126619118
I-95 NB AM,110+04155,600,2.8721739130434782,4.104999999999999,23,38.71023,2.396053333333334,18.184775000000002,15.788721666666667,2.077803150744328,1.3823128105348113,1.9756443234429937,1.429231002119285
I-95 NB AM,110+04155,605,2.7447826086956524,3.6879999999999993,23,38.71023,2.396053333333334,18.184775000000002,15.788721666666667,2.077803150744328,1.3210022362861435,1.774951587054266,1.3436401077142401
I-95 NB AM,110+04155,610,2.6230434782608696,4.0619999999999985,23,38.71023,2.396053333333334,18.184775000000002,15.788721666666667,2.077803150744328,1.2624119264239353,1.9549493889952352,1.548582794629537
I-95 NB AM,110+04155,615,2.5543478260869565,3.881,23,38.71023,2.396053333333334,18.184775000000002,15.788721666666667,2.077803150744328,1.2293502515731178,1.8678381532965314,1.5193702127659574
I-95 NB AM,110+04155,620,2.5434782608695654,3.6129999999999995,23,38.71023,2.396053333333334,18.184775000000002,15.788721666666667,2.077803150744328,1.2241189739068494,1.738855771157013,1.4204957264957263
I-95 NB AM,110+04155,625,2.4756521739130433,2.8890000000000002,23,38.71023,2.396053333333334,18.184775000000002,15.788721666666667,2.077803150744328,1.1914758012693332,1.3904108283621952,1.1669652265542678
I-95 NB AM,110+04155,630,2.391739130434783,2.8329999999999997,23,38.71023,2.396053333333334,18.184775000000002,15.788721666666667,2.077803150744328,1.15109033768574,1.3634592858255792,1.1844937284130157
I-95 NB AM,110+04155,635,2.392608695652174,2.486,23,38.71023,2.396053333333334,18.184775000000002,15.788721666666667,2.077803150744328,1.1515088398990414,1.1964559776076211,1.0390332545884062
I-95 NB AM,110+04155,640,2.4065217391304348,2.867999999999999,23,38.71023,2.396053333333334,18.184775000000002,15.788721666666667,2.077803150744328,1.158204875311865,1.3803039999109636,1.1917615176151757
I-95 NB AM,110+04155,645,2.3747826086956523,2.744999999999999,23,38.71023,2.396053333333334,18.184775000000002,15.788721666666667,2.077803150744328,1.1429295445263608,1.3211068618394686,1.1558952764555104
I-95 NB AM,110+04155,650,2.4095652173913042,2.8949999999999996,23,38.71023,2.396053333333334,18.184775000000002,15.788721666666667,2.077803150744328,1.1596696330584202,1.3932984936339752,1.2014615662215806
I-95 NB AM,110+04155,655,2.4282608695652175,2.838,23,38.71023,2.396053333333334,18.184775000000002,15.788721666666667,2.077803150744328,1.1686674306444023,1.365865673552063,1.1687376902417188
I-95 NB AM,110+04156,300,0.40304347826086956,0.439,23,38.74343,0.43652,19.177348333333338,18.740828333333337,0.38516753799660297,1.0464108173737743,1.1397637565289103,1.0892125134843582
I-95 NB AM,110+04156,305,0.4026086956521739,0.43799999999999994,23,38.74343,0.43652,19.177348333333338,18.740828333333337,0.38516753799660297,1.04528200311555,1.1371674837349945,1.0879049676025918
I-95 NB AM,110+04156,310,0.41608695652173916,0.439,23,38.74343,0.43652,19.177348333333338,18.740828333333337,0.38516753799660297,1.0802752451204984,1.1397637565289103,1.0550679205851619
I-95 NB AM,110+04156,315,0.4230434782608696,0.459,23,38.74343,0.43652,19.177348333333338,18.740828333333337,0.38516753799660297,1.0983362732520845,1.1916892124072207,1.084994861253854
I-95 NB AM,110+04156,320,0.44521739130434784,0.49,23,38.74343,0.43652,19.177348333333338,18.740828333333337,0.38516753799660297,1.1559058004215155,1.2721736690186014,1.1005859375
I-95 NB AM,110+04156,325,0.45086956521739124,0.49799999999999994,23,38.74343,0.43652,19.177348333333338,18.740828333333337,0.38516753799660297,1.1705803857784292,1.2929438513699254,1.1045323047251687
I-95 NB AM,110+04156,330,0.4578260869565217,0.49,23,38.74343,0.43652,19.177348333333338,18.740828333333337,0.38516753799660297,1.1886414139100154,1.2721736690186014,1.070275403608737
I-95 NB AM,110+04156,335,0.468695652173913,0.51,23,38.74343,0.43652,19.177348333333338,18.740828333333337,0.38516753799660297,1.2168617703656188,1.3240991248969118,1.0881261595547311
I-95 NB AM,110+04156,340,0.4926086956521739,0.6149999999999999,23,38.74343,0.43652,19.177348333333338,18.740828333333337,0.38516753799660297,1.2789465545679464,1.5967077682580404,1.2484554280670783
I-95 NB AM,110+04156,345,0.5156521739130434,0.6709999999999999,23,38.74343,0.43652,19.177348333333338,18.740828333333337,0.38516753799660297,1.3387737102538253,1.7420990447173093,1.3012647554806072
I-95 NB AM,110+04156,350,0.5078260869565218,0.598,23,38.74343,0.43652,19.177348333333338,18.740828333333337,0.38516753799660297,1.318455053605791,1.552571130761477,1.177568493150685
I-95 NB AM,110+04156,355,0.5391304347826087,0.66,23,38.74343,0.43652,19.177348333333338,18.740828333333337,0.38516753799660297,1.3997296801979289,1.7135400439842388,1.224193548387097
I-95 NB AM,110+04156,360,0.611304347826087,0.8309999999999998,23,38.74343,0.43652,19.177348333333338,18.740828333333337,0.38516753799660297,1.5871128470631357,2.157502691743791,1.3593883357041248
I-95 NB AM,110+04156,365,0.6582608695652175,0.8579999999999999,23,38.74343,0.43652,19.177348333333338,18.740828333333337,0.38516753799660297,1.7090247869513424,2.22760205717951,1.3034346103038306
I-95 NB AM,110+04156,370,0.7291304347826086,0.8929999999999999,23,38.74343,0.43652,19.177348333333338,18.740828333333337,0.38516753799660297,1.8930215110418762,2.318471604966553,1.224746571258199
I-95 NB AM,110+04156,375,0.7821739130434784,0.869,23,38.74343,0.43652,19.177348333333338,18.740828333333337,0.38516753799660297,2.0307368505452215,2.256161057912581,1.1110061145080599
I-95 NB AM,110+04156,380,0.8769565217391305,1.1909999999999998,23,38.74343,0.43652,19.177348333333338,18.740828333333337,0.38516753799660297,2.276818358838083,3.092160897553376,1.3581060981655921
I-95 NB AM,110+04156,385,0.9752173913043478,1.8169999999999988,23,38.74343,0.43652,19.177348333333338,18.740828333333337,0.38516753799660297,2.5319303811967373,4.717427666544484,1.8631743201069983
I-95 NB AM,110+04156,390,0.9786956521739131,1.646999999999999,23,38.74343,0.43652,19.177348333333338,18.740828333333337,0.38516753799660297,2.5409608952625304,4.276061291578848,1.682852065748555
I-95 NB AM,110+04156,395,0.966086956521739,1.057,23,38.74343,0.43652,19.177348333333338,18.740828333333337,0.38516753799660297,2.5082252817740303,2.744260343168697,1.0941044104410442
I-95 NB AM,110+04156,400,1.0052173913043478,1.293,23,38.74343,0.43652,19.177348333333338,18.740828333333337,0.38516753799660297,2.6098185650142027,3.3569807225327586,1.2862889273356402
I-95 NB AM,110+04156,405,0.9965217391304347,1.1389999999999998,23,38.74343,0.43652,19.177348333333338,18.740828333333337,0.38516753799660297,2.58724227984972,2.957154712269769,1.1429755671902266
I-95 NB AM,110+04156,410,1.0439130434782609,1.246,23,38.74343,0.43652,19.177348333333338,18.740828333333337,0.38516753799660297,2.710283033996151,3.2349559012187297,1.1935860058309038
I-95 NB AM,110+04156,415,1.06,1.8569999999999995,23,38.74343,0.43652,19.177348333333338,18.740828333333337,0.38516753799660297,2.752049161550444,4.821278578301107,1.7518867924528296
I-95 NB AM,110+04156,420,0.9882608695652174,1.22,23,38.74343,0.43652,19.177348333333338,18.740828333333337,0.38516753799660297,2.5657948089434615,3.1674528085769262,1.2344918609766828
I-95 NB AM,110+04156,425,0.9982608695652174,1.4379999999999995,23,38.74343,0.43652,19.177348333333338,18.740828333333337,0.38516753799660297,2.591757536882617,3.733440277650507,1.4405052264808358
I-95 NB AM,110+04156,430,0.9991304347826088,1.2169999999999999,23,38.74343,0.43652,19.177348333333338,18.740828333333337,0.38516753799660297,2.5940151653990653,3.1596639901951793,1.2180591818973017
I-95 NB AM,110+04156,435,1.0326086956521738,1.2739999999999998,23,38.74343,0.43652,19.177348333333338,18.740828333333337,0.38516753799660297,2.6809338632823234,3.307651539448363,1.2337684210526314
I-95 NB AM,110+04156,440,1.0434782608695652,1.2969999999999997,23,38.74343,0.43652,19.177348333333338,18.740828333333337,0.38516753799660297,2.709154219737927,3.3673658137084197,1.2429583333333332
I-95 NB AM,110+04156,445,1.0443478260869565,1.196,23,38.74343,0.43652,19.177348333333338,18.740828333333337,0.38516753799660297,2.711411848254375,3.105142261522954,1.1452123230641131
I-95 NB AM,110+04156,450,0.9869565217391304,1.2399999999999998,23,38.74343,0.43652,19.177348333333338,18.740828333333337,0.38516753799660297,2.562408366168789,3.219378264455236,1.2563876651982377
I-95 NB AM,110+04156,455,0.9108695652173913,1.1,23,38.74343,0.43652,19.177348333333338,18.740828333333337,0.38516753799660297,2.3648658709795654,2.855900073307065,1.2076372315035802
I-95 NB AM,110+04156,460,0.8899999999999999,1.088,23,38.74343,0.43652,19.177348333333338,18.740828333333337,0.38516753799660297,2.3106827865848065,2.8247447997800785,1.2224719101123598
I-95 NB AM,110+04156,465,0.9582608695652174,1.355,23,38.74343,0.43652,19.177348333333338,18.740828333333337,0.38516753799660297,2.487906625125996,3.5179496357555204,1.4140199637023594
I-95 NB AM,110+04156,470,0.9052173913043479,1.089,23,38.74343,0.43652,19.177348333333338,18.740828333333337,0.38516753799660297,2.3501912856226514,2.827341072573994,1.2030259365994236
I-95 NB AM,110+04156,475,0.8899999999999999,1.1749999999999998,23,38.74343,0.43652,19.177348333333338,18.740828333333337,0.38516753799660297,2.3106827865848065,3.0506205328507274,1.3202247191011236
I-95 NB AM,110+04156,480,0.8439130434782609,1.1609999999999998,23,38.74343,0.43652,19.177348333333338,18.740828333333337,0.38516753799660297,2.191028475213048,3.0142727137359104,1.3757341576506952
I-95 NB AM,110+04156,485,0.7978260869565218,1.178,23,38.74343,0.43652,19.177348333333338,18.740828333333337,0.38516753799660297,2.07137416384129,3.0584093512324744,1.4765122615803812
I-95 NB AM,110+04156,490,0.8282608695652174,1.164,23,38.74343,0.43652,19.177348333333338,18.740828333333337,0.38516753799660297,2.1503911619169793,3.0220615321176574,1.4053543307086613
I-95 NB AM,110+04156,495,0.8247826086956521,1.276,23,38.74343,0.43652,19.177348333333338,18.740828333333337,0.38516753799660297,2.141360647851186,3.312844085036195,1.547074327886136
I-95 NB AM,110+04156,500,0.8017391304347826,1.108,23,38.74343,0.43652,19.177348333333338,18.740828333333337,0.38516753799660297,2.081533492165307,2.876670255658389,1.3819956616052063
I-95 NB AM,110+04156,505,0.751304347826087,1.068,23,38.74343,0.43652,19.177348333333338,18.740828333333337,0.38516753799660297,1.9505910382113074,2.772819343901768,1.4215277777777777
I-95 NB AM,110+04156,510,0.7456521739130434,1.1239999999999999,23,38.74343,0.43652,19.177348333333338,18.740828333333337,0.38516753799660297,1.9359164528543933,2.9182106203610365,1.507405247813411
I-95 NB AM,110+04156,515,0.778695652173913,1.274,23,38.74343,0.43652,19.177348333333338,18.740828333333337,0.38516753799660297,2.021706336479428,3.307651539448364,1.63606923506421
I-95 NB AM,110+04156,520,0.7617391304347826,1.2859999999999998,23,38.74343,0.43652,19.177348333333338,18.740828333333337,0.38516753799660297,1.9776825804086866,3.3388068129753496,1.68824200913242
I-95 NB AM,110+04156,525,0.6773913043478261,1.2499999999999998,23,38.74343,0.43652,19.177348333333338,18.740828333333337,0.38516753799660297,1.7586926143132042,3.2453409923943908,1.8453145057766362
I-95 NB AM,110+04156,530,0.6404347826086957,1.2159999999999997,23,38.74343,0.43652,19.177348333333338,18.740828333333337,0.38516753799660297,1.6627434023641527,3.1570677174012634,1.898710115410726
I-95 NB AM,110+04156,535,0.6726086956521738,1.2619999999999998,23,38.74343,0.43652,19.177348333333338,18.740828333333337,0.38516753799660297,1.7462756574727385,3.276496265921377,1.8762766645119584
I-95 NB AM,110+04156,540,0.6508695652173914,1.097,23,38.74343,0.43652,19.177348333333338,18.740828333333337,0.38516753799660297,1.689834944561532,2.848111254925318,1.6854375417501668
I-95 NB AM,110+04156,545,0.6243478260869565,1.0189999999999997,23,38.74343,0.43652,19.177348333333338,18.740828333333337,0.38516753799660297,1.6209772748098594,2.6456019769999073,1.632103064066852
I-95 NB AM,110+04156,550,0.5847826086956521,1.0639999999999996,23,38.74343,0.43652,19.177348333333338,18.740828333333337,0.38516753799660297,1.518255177311463,2.762434252726105,1.8194795539033453
I-95 NB AM,110+04156,555,0.5865217391304348,0.9989999999999997,23,38.74343,0.43652,19.177348333333338,18.740828333333337,0.38516753799660297,1.5227704343443598,2.593676521121597,1.7032616753150476
I-95 NB AM,110+04156,560,0.6117391304347827,1.0239999999999998,23,38.74343,0.43652,19.177348333333338,18.740828333333337,0.38516753799660297,1.5882416613213597,2.6585833409694852,1.6739161336176256
I-95 NB AM,110+04156,565,0.6060869565217392,0.8719999999999999,23,38.74343,0.43652,19.177348333333338,18.740828333333337,0.38516753799660297,1.573567075964446,2.263949876294327,1.4387374461979912
I-95 NB AM,110+04156,570,0.6217391304347827,0.7859999999999999,23,38.74343,0.43652,19.177348333333338,18.740828333333337,0.38516753799660297,1.614204389260515,2.0406704160175932,1.264195804195804
I-95 NB AM,110+04156,575,0.6882608695652174,1.0039999999999998,23,38.74343,0.43652,19.177348333333338,18.740828333333337,0.38516753799660297,1.7869129707688076,2.606657885091175,1.4587492103600754
I-95 NB AM,110+04156,580,0.7100000000000001,1.009,23,38.74343,0.43652,19.177348333333338,18.740828333333337,0.38516753799660297,1.8433536836800146,2.6196392490607527,1.42112676056338
I-95 NB AM,110+04156,585,0.6934782608695652,0.857,23,38.74343,0.43652,19.177348333333338,18.740828333333337,0.38516753799660297,1.800458741867497,2.2250057843855946,1.2357993730407524
I-95 NB AM,110+04156,590,0.6991304347826086,0.768,23,38.74343,0.43652,19.177348333333338,18.740828333333337,0.38516753799660297,1.8151333272244108,1.9939375057271143,1.0985074626865674
I-95 NB AM,110+04156,595,0.7126086956521739,0.8949999999999999,23,38.74343,0.43652,19.177348333333338,18.740828333333337,0.38516753799660297,1.8501265692293591,2.323664150554384,1.2559487492373398
I-95 NB AM,110+04156,600,0.6734782608695652,0.877,23,38.74343,0.43652,19.177348333333338,18.740828333333337,0.38516753799660297,1.748533285989187,2.276931240263905,1.3021949644932216
I-95 NB AM,110+04156,605,0.6313043478260869,0.8809999999999999,23,38.74343,0.43652,19.177348333333338,18.740828333333337,0.38516753799660297,1.6390383029414457,2.287316331439567,1.3955234159779615
I-95 NB AM,110+04156,610,0.5826086956521739,0.758,23,38.74343,0.43652,19.177348333333338,18.740828333333337,0.38516753799660297,1.5126111060203424,1.967974777787959,1.301044776119403
I-95 NB AM,110+04156,615,0.5565217391304348,0.7559999999999999,23,38.74343,0.43652,19.177348333333338,18.740828333333337,0.38516753799660297,1.4448822505268943,1.9627822322001278,1.3584374999999997
I-95 NB AM,110+04156,620,0.58,0.779,23,38.74343,0.43652,19.177348333333338,18.740828333333337,0.38516753799660297,1.5058382204709975,2.0224965064601848,1.3431034482758621
I-95 NB AM,110+04156,625,0.5547826086956522,0.769,23,38.74343,0.43652,19.177348333333338,18.740828333333337,0.38516753799660297,1.4403669934939978,1.9965337785210298,1.386128526645768
I-95 NB AM,110+04156,630,0.5743478260869566,0.747,23,38.74343,0.43652,19.177348333333338,18.740828333333337,0.38516753799660297,1.491163635114084,1.9394157770548883,1.3006056018168053
I-95 NB AM,110+04156,635,0.5430434782608696,0.7339999999999999,23,38.74343,0.43652,19.177348333333338,18.740828333333337,0.38516753799660297,1.4098890085219462,1.9056642307339864,1.3516413130504399
I-95 NB AM,110+04156,640,0.5347826086956522,0.7349999999999999,23,38.74343,0.43652,19.177348333333338,18.740828333333337,0.38516753799660297,1.3884415376156876,1.9082605035279019,1.3743902439024387
I-95 NB AM,110+04156,645,0.5530434782608696,0.729,23,38.74343,0.43652,19.177348333333338,18.740828333333337,0.38516753799660297,1.4358517364611014,1.892682866764409,1.3181603773584905
I-95 NB AM,110+04156,650,0.5408695652173913,0.7999999999999999,23,38.74343,0.43652,19.177348333333338,18.740828333333337,0.38516753799660297,1.4042449372308252,2.0770182351324102,1.4790996784565915
I-95 NB AM,110+04156,655,0.5208695652173914,0.8159999999999997,23,38.74343,0.43652,19.177348333333338,18.740828333333337,0.38516753799660297,1.3523194813525152,2.1185585998350582,1.5666110183639392
I-95 NB AM,110+04158,300,0.15043478260869564,0.16,23,38.77203,0.15737583333333333,20.581585833333335,20.424210000000002,0.14309170398320947,1.0513172910873143,1.1181640552604961,1.0635838150289019
I-95 NB AM,110+04158,305,0.15,0.16,23,38.77203,0.15737583333333333,20.581585833333335,20.424210000000002,0.14309170398320947,1.048278801806715,1.1181640552604961,1.0666666666666667
I-95 NB AM,110+04158,310,0.15130434782608695,0.16,23,38.77203,0.15737583333333333,20.581585833333335,20.424210000000002,0.14309170398320947,1.0573942696485128,1.1181640552604961,1.0574712643678161
I-95 NB AM,110+04158,315,0.15478260869565216,0.17,23,38.77203,0.15737583333333333,20.581585833333335,20.424210000000002,0.14309170398320947,1.081702183893306,1.1880493087142774,1.0983146067415732
I-95 NB AM,110+04158,320,0.16,0.179,23,38.77203,0.15737583333333333,20.581585833333335,20.424210000000002,0.14309170398320947,1.1181640552604961,1.2509460368226801,1.11875
I-95 NB AM,110+04158,325,0.16956521739130437,0.19,23,38.77203,0.15737583333333333,20.581585833333335,20.424210000000002,0.14309170398320947,1.1850108194336781,1.3278198156218393,1.1205128205128203
I-95 NB AM,110+04158,330,0.16782608695652176,0.18,23,38.77203,0.15737583333333333,20.581585833333335,20.424210000000002,0.14309170398320947,1.1728568623112816,1.2579345621680582,1.0725388601036268
I-95 NB AM,110+04158,335,0.1743478260869565,0.2,23,38.77203,0.15737583333333333,20.581585833333335,20.424210000000002,0.14309170398320947,1.218434201520269,1.3977050690756203,1.14713216957606
I-95 NB AM,110+04158,340,0.17521739130434782,0.2,23,38.77203,0.15737583333333333,20.581585833333335,20.424210000000002,0.14309170398320947,1.2245111800814672,1.3977050690756203,1.141439205955335
I-95 NB AM,110+04158,345,0.17782608695652175,0.19899999999999998,23,38.77203,0.15737583333333333,20.581585833333335,20.424210000000002,0.14309170398320947,1.2427421157650624,1.390716543730242,1.1190709046454765
I-95 NB AM,110+04158,350,0.18695652173913044,0.21899999999999997,23,38.77203,0.15737583333333333,20.581585833333335,20.424210000000002,0.14309170398320947,1.306550390657645,1.5304870506378039,1.171395348837209
I-95 NB AM,110+04158,355,0.18869565217391304,0.22,23,38.77203,0.15737583333333333,20.581585833333335,20.424210000000002,0.14309170398320947,1.3187043477800418,1.5374755759831822,1.1658986175115207
I-95 NB AM,110+04158,360,0.20260869565217393,0.24699999999999997,23,38.77203,0.15737583333333333,20.581585833333335,20.424210000000002,0.14309170398320947,1.4159360047592153,1.7261657603083909,1.2190987124463517
I-95 NB AM,110+04158,365,0.2091304347826087,0.23799999999999996,23,38.77203,0.15737583333333333,20.581585833333335,20.424210000000002,0.14309170398320947,1.4615133439682029,1.663269032199988,1.1380457380457378
I-95 NB AM,110+04158,370,0.2056521739130435,0.22899999999999998,23,38.77203,0.15737583333333333,20.581585833333335,20.424210000000002,0.14309170398320947,1.4372054297234096,1.6003723040915852,1.1135306553911204
I-95 NB AM,110+04158,375,0.21086956521739128,0.24799999999999997,23,38.77203,0.15737583333333333,20.581585833333335,20.424210000000002,0.14309170398320947,1.4736673010905994,1.733154285653769,1.1760824742268041
I-95 NB AM,110+04158,380,0.2017391304347826,0.22899999999999998,23,38.77203,0.15737583333333333,20.581585833333335,20.424210000000002,0.14309170398320947,1.4098590261980168,1.6003723040915852,1.1351293103448277
I-95 NB AM,110+04158,385,0.2082608695652174,0.22899999999999998,23,38.77203,0.15737583333333333,20.581585833333335,20.424210000000002,0.14309170398320947,1.4554363654070046,1.6003723040915852,1.099582463465553
I-95 NB AM,110+04158,390,0.21608695652173912,0.259,23,38.77203,0.15737583333333333,20.581585833333335,20.424210000000002,0.14309170398320947,1.5101291724577897,1.8100280644529283,1.1985915492957748
I-95 NB AM,110+04158,395,0.2217391304347826,0.34999999999999987,23,38.77203,0.15737583333333333,20.581585833333335,20.424210000000002,0.14309170398320947,1.549629533105579,2.4459838708823347,1.578431372549019
I-95 NB AM,110+04158,400,0.2165217391304348,0.3119999999999999,23,38.77203,0.15737583333333333,20.581585833333335,20.424210000000002,0.14309170398320947,1.513167661738389,2.1804199077579667,1.4409638554216861
I-95 NB AM,110+04158,405,0.2126086956521739,0.3559999999999998,23,38.77203,0.15737583333333333,20.581585833333335,20.424210000000002,0.14309170398320947,1.4858212582129964,2.4879150229546028,1.67443762781186
I-95 NB AM,110+04158,410,0.22130434782608696,0.4049999999999999,23,38.77203,0.15737583333333333,20.581585833333335,20.424210000000002,0.14309170398320947,1.54659104382498,2.8303527648781306,1.8300589390962667
I-95 NB AM,110+04158,415,0.21130434782608698,0.27799999999999997,23,38.77203,0.15737583333333333,20.581585833333335,20.424210000000002,0.14309170398320947,1.4767057903711989,1.9428100460151119,1.3156378600823042
I-95 NB AM,110+04158,420,0.21695652173913044,0.23,23,38.77203,0.15737583333333333,20.581585833333335,20.424210000000002,0.14309170398320947,1.5162061510189881,1.6073608294369635,1.060120240480962
I-95 NB AM,110+04158,425,0.21782608695652173,0.26799999999999996,23,38.77203,0.15737583333333333,20.581585833333335,20.424210000000002,0.14309170398320947,1.5222831295801862,1.8729247925613308,1.2303393213572853
I-95 NB AM,110+04158,430,0.2165217391304348,0.25699999999999995,23,38.77203,0.15737583333333333,20.581585833333335,20.424210000000002,0.14309170398320947,1.513167661738389,1.7960510137621717,1.1869477911646584
I-95 NB AM,110+04158,435,0.20782608695652174,0.26599999999999996,23,38.77203,0.15737583333333333,20.581585833333335,20.424210000000002,0.14309170398320947,1.4523978761264054,1.8589477418705747,1.2799163179916315
I-95 NB AM,110+04158,440,0.20869565217391303,0.22,23,38.77203,0.15737583333333333,20.581585833333335,20.424210000000002,0.14309170398320947,1.4584748546876036,1.5374755759831822,1.0541666666666667
I-95 NB AM,110+04158,445,0.20043478260869566,0.22,23,38.77203,0.15737583333333333,20.581585833333335,20.424210000000002,0.14309170398320947,1.4007435583562193,1.5374755759831822,1.0976138828633406
I-95 NB AM,110+04158,450,0.2021739130434783,0.22,23,38.77203,0.15737583333333333,20.581585833333335,20.424210000000002,0.14309170398320947,1.4128975154786163,1.5374755759831822,1.0881720430107527
I-95 NB AM,110+04158,455,0.19956521739130434,0.24799999999999997,23,38.77203,0.15737583333333333,20.581585833333335,20.424210000000002,0.14309170398320947,1.394666579795021,1.733154285653769,1.2427015250544662
I-95 NB AM,110+04158,460,0.19999999999999998,0.29299999999999987,23,38.77203,0.15737583333333333,20.581585833333335,20.424210000000002,0.14309170398320947,1.39770506907562,2.0476379261957827,1.4649999999999994
I-95 NB AM,110+04158,465,0.2017391304347826,0.299,23,38.77203,0.15737583333333333,20.581585833333335,20.424210000000002,0.14309170398320947,1.4098590261980168,2.089569078268052,1.4821120689655174
I-95 NB AM,110+04158,470,0.2126086956521739,0.34199999999999986,23,38.77203,0.15737583333333333,20.581585833333335,20.424210000000002,0.14309170398320947,1.4858212582129964,2.3900756681193096,1.608588957055214
I-95 NB AM,110+04158,475,0.2217391304347826,0.37899999999999984,23,38.77203,0.15737583333333333,20.581585833333335,20.424210000000002,0.14309170398320947,1.549629533105579,2.648651105898299,1.7092156862745091
I-95 NB AM,110+04158,480,0.22826086956521738,0.3629999999999999,23,38.77203,0.15737583333333333,20.581585833333335,20.424210000000002,0.14309170398320947,1.5952068723145665,2.53683470037225,1.5902857142857139
I-95 NB AM,110+04158,485,0.22608695652173913,0.319,23,38.77203,0.15737583333333333,20.581585833333335,20.424210000000002,0.14309170398320947,1.5800144259115707,2.229339585175614,1.4109615384615386
I-95 NB AM,110+04158,490,0.23826086956521741,0.35699999999999993,23,38.77203,0.15737583333333333,20.581585833333335,20.424210000000002,0.14309170398320947,1.6650921257683478,2.4949035482999817,1.4983576642335763
I-95 NB AM,110+04158,495,0.22739130434782612,0.319,23,38.77203,0.15737583333333333,20.581585833333335,20.424210000000002,0.14309170398320947,1.5891298937533684,2.229339585175614,1.402868068833652
I-95 NB AM,110+04158,500,0.2343478260869565,0.3559999999999999,23,38.77203,0.15737583333333333,20.581585833333335,20.424210000000002,0.14309170398320947,1.637745722242955,2.4879150229546036,1.5191094619666046
I-95 NB AM,110+04158,505,0.24695652173913044,0.35,23,38.77203,0.15737583333333333,20.581585833333335,20.424210000000002,0.14309170398320947,1.725861911380331,2.445983870882335,1.4172535211267605
I-95 NB AM,110+04158,510,0.25956521739130434,0.408,23,38.77203,0.15737583333333333,20.581585833333335,20.424210000000002,0.14309170398320947,1.8139781005177071,2.8513183409142653,1.571859296482412
I-95 NB AM,110+04158,515,0.25826086956521743,0.43599999999999994,23,38.77203,0.15737583333333333,20.581585833333335,20.424210000000002,0.14309170398320947,1.8048626326759099,3.0469970505848516,1.6882154882154878
I-95 NB AM,110+04158,520,0.24521739130434786,0.4409999999999999,23,38.77203,0.15737583333333333,20.581585833333335,20.424210000000002,0.14309170398320947,1.7137079542579345,3.081939677311742,1.7984042553191482
I-95 NB AM,110+04158,525,0.24043478260869566,0.4879999999999998,23,38.77203,0.15737583333333333,20.581585833333335,20.424210000000002,0.14309170398320947,1.6802845721713435,3.4104003685445123,2.0296564195298363
I-95 NB AM,110+04158,530,0.24130434782608695,0.43699999999999994,23,38.77203,0.15737583333333333,20.581585833333335,20.424210000000002,0.14309170398320947,1.6863615507325418,3.0539855759302297,1.8109909909909907
I-95 NB AM,110+04158,535,0.23478260869565218,0.38599999999999995,23,38.77203,0.15737583333333333,20.581585833333335,20.424210000000002,0.14309170398320947,1.6407842115235542,2.6975707833159466,1.6440740740740738
I-95 NB AM,110+04158,540,0.21782608695652173,0.319,23,38.77203,0.15737583333333333,20.581585833333335,20.424210000000002,0.14309170398320947,1.5222831295801862,2.229339585175614,1.4644710578842317
I-95 NB AM,110+04158,545,0.19217391304347825,0.25699999999999995,23,38.77203,0.15737583333333333,20.581585833333335,20.424210000000002,0.14309170398320947,1.343012262024835,1.7960510137621717,1.3373303167420814
I-95 NB AM,110+04158,550,0.1965217391304348,0.29499999999999993,23,38.77203,0.15737583333333333,20.581585833333335,20.424210000000002,0.14309170398320947,1.373397154830827,2.0616149768865393,1.501106194690265
I-95 NB AM,110+04158,555,0.19608695652173913,0.2869999999999999,23,38.77203,0.15737583333333333,20.581585833333335,20.424210000000002,0.14309170398320947,1.3703586655502276,2.0057067741235146,1.4636363636363632
I-95 NB AM,110+04158,560,0.1930434782608696,0.24,23,38.77203,0.15737583333333333,20.581585833333335,20.424210000000002,0.14309170398320947,1.3490892405860337,1.6772460828907443,1.243243243243243
I-95 NB AM,110+04158,565,0.1908695652173913,0.21899999999999997,23,38.77203,0.15737583333333333,20.581585833333335,20.424210000000002,0.14309170398320947,1.3338967941830375,1.5304870506378039,1.147380410022779
I-95 NB AM,110+04158,570,0.19999999999999998,0.26599999999999996,23,38.77203,0.15737583333333333,20.581585833333335,20.424210000000002,0.14309170398320947,1.39770506907562,1.8589477418705747,1.3299999999999998
I-95 NB AM,110+04158,575,0.2147826086956522,0.27599999999999997,23,38.77203,0.15737583333333333,20.581585833333335,20.424210000000002,0.14309170398320947,1.5010137046159924,1.9288329953243557,1.2850202429149795
I-95 NB AM,110+04158,580,0.20521739130434782,0.209,23,38.77203,0.15737583333333333,20.581585833333335,20.424210000000002,0.14309170398320947,1.4341669404428103,1.460601797184023,1.0184322033898305
I-95 NB AM,110+04158,585,0.19130434782608696,0.2,23,38.77203,0.15737583333333333,20.581585833333335,20.424210000000002,0.14309170398320947,1.3369352834636368,1.3977050690756203,1.0454545454545454
I-95 NB AM,110+04158,590,0.18608695652173915,0.22699999999999998,23,38.77203,0.15737583333333333,20.581585833333335,20.424210000000002,0.14309170398320947,1.3004734120964467,1.5863952534008288,1.2198598130841118
I-95 NB AM,110+04158,595,0.1852173913043478,0.24499999999999994,23,38.77203,0.15737583333333333,20.581585833333335,20.424210000000002,0.14309170398320947,1.2943964335352482,1.7121887096176345,1.322769953051643
I-95 NB AM,110+04158,600,0.1791304347826087,0.23499999999999993,23,38.77203,0.15737583333333333,20.581585833333335,20.424210000000002,0.14309170398320947,1.25185758360686,1.6423034561638532,1.3118932038834947
I-95 NB AM,110+04158,605,0.18043478260869567,0.2,23,38.77203,0.15737583333333333,20.581585833333335,20.424210000000002,0.14309170398320947,1.2609730514486575,1.3977050690756203,1.108433734939759
I-95 NB AM,110+04158,610,0.18130434782608695,0.23699999999999996,23,38.77203,0.15737583333333333,20.581585833333335,20.424210000000002,0.14309170398320947,1.2670500300098557,1.6562805068546098,1.3071942446043163
I-95 NB AM,110+04158,615,0.1808695652173913,0.209,23,38.77203,0.15737583333333333,20.581585833333335,20.424210000000002,0.14309170398320947,1.2640115407292567,1.460601797184023,1.155528846153846
I-95 NB AM,110+04158,620,0.18304347826086956,0.2,23,38.77203,0.15737583333333333,20.581585833333335,20.424210000000002,0.14309170398320947,1.2792039871322525,1.3977050690756203,1.0926365795724466
I-95 NB AM,110+04158,625,0.1743478260869565,0.19,23,38.77203,0.15737583333333333,20.581585833333335,20.424210000000002,0.14309170398320947,1.218434201520269,1.3278198156218393,1.089775561097257
I-95 NB AM,110+04158,630,0.1791304347826087,0.20799999999999996,23,38.77203,0.15737583333333333,20.581585833333335,20.424210000000002,0.14309170398320947,1.25185758360686,1.4536132718386447,1.161165048543689
I-95 NB AM,110+04158,635,0.17782608695652175,0.209,23,38.77203,0.15737583333333333,20.581585833333335,20.424210000000002,0.14309170398320947,1.2427421157650624,1.460601797184023,1.1753056234718826
I-95 NB AM,110+04158,640,0.17478260869565218,0.19899999999999998,23,38.77203,0.15737583333333333,20.581585833333335,20.424210000000002,0.14309170398320947,1.2214726908008682,1.390716543730242,1.1385572139303481
I-95 NB AM,110+04158,645,0.1765217391304348,0.2,23,38.77203,0.15737583333333333,20.581585833333335,20.424210000000002,0.14309170398320947,1.233626647923265,1.3977050690756203,1.1330049261083743
I-95 NB AM,110+04158,650,0.17565217391304347,0.19899999999999998,23,38.77203,0.15737583333333333,20.581585833333335,20.424210000000002,0.14309170398320947,1.2275496693620664,1.390716543730242,1.132920792079208
I-95 NB AM,110+04158,655,0.17173913043478262,0.18899999999999997,23,38.77203,0.15737583333333333,20.581585833333335,20.424210000000002,0.14309170398320947,1.200203265836674,1.320831290276461,1.1005063291139239
I-95 NB AM,110+04159,300,0.3417391304347826,0.369,23,38.78192,0.360815,21.485699166666667,21.124884166666668,0.3301143641354071,1.035214360725628,1.1177944375926723,1.0797709923664123
I-95 NB AM,110+04159,305,0.3426086956521739,0.36,23,38.78192,0.360815,21.485699166666667,21.124884166666668,0.3301143641354071,1.0378484939590262,1.0905311586269972,1.0507614213197969
I-95 NB AM,110+04159,310,0.34347826086956523,0.369,23,38.78192,0.360815,21.485699166666667,21.124884166666668,0.3301143641354071,1.040482627192425,1.1177944375926723,1.0743037974683545
I-95 NB AM,110+04159,315,0.3408695652173913,0.35,23,38.78192,0.360815,21.485699166666667,21.124884166666668,0.3301143641354071,1.0325802274922293,1.060238626442914,1.0267857142857142
I-95 NB AM,110+04159,320,0.34043478260869564,0.36,23,38.78192,0.360815,21.485699166666667,21.124884166666668,0.3301143641354071,1.03126316087553,1.0905311586269972,1.0574712643678161
I-95 NB AM,110+04159,325,0.341304347826087,0.359,23,38.78192,0.360815,21.485699166666667,21.124884166666668,0.3301143641354071,1.0338972941089286,1.0875019054085888,1.0518471337579616
I-95 NB AM,110+04159,330,0.34043478260869564,0.35,23,38.78192,0.360815,21.485699166666667,21.124884166666668,0.3301143641354071,1.03126316087553,1.060238626442914,1.0280970625798211
I-95 NB AM,110+04159,335,0.34043478260869564,0.36,23,38.78192,0.360815,21.485699166666667,21.124884166666668,0.3301143641354071,1.03126316087553,1.0905311586269972,1.0574712643678161
I-95 NB AM,110+04159,340,0.341304347826087,0.36799999999999994,23,38.78192,0.360815,21.485699166666667,21.124884166666668,0.3301143641354071,1.0338972941089286,1.1147651843742636,1.078216560509554
I-95 NB AM,110+04159,345,0.34,0.359,23,38.78192,0.360815,21.485699166666667,21.124884166666668,0.3301143641354071,1.0299460942588308,1.0875019054085888,1.0558823529411763
I-95 NB AM,110+04159,350,0.34304347826086956,0.359,23,38.78192,0.360815,21.485699166666667,21.124884166666668,0.3301143641354071,1.0391655605757257,1.0875019054085888,1.0465145754119138
I-95 NB AM,110+04159,355,0.34652173913043477,0.37,23,38.78192,0.360815,21.485699166666667,21.124884166666668,0.3301143641354071,1.0497020935093198,1.1208236908110805,1.067754077791719
I-95 NB AM,110+04159,360,0.34782608695652173,0.37,23,38.78192,0.360815,21.485699166666667,21.124884166666668,0.3301143641354071,1.0536532933594176,1.1208236908110805,1.06375
I-95 NB AM,110+04159,365,0.35043478260869565,0.379,23,38.78192,0.360815,21.485699166666667,21.124884166666668,0.3301143641354071,1.0615556930596133,1.1480869697767555,1.0815136476426799
I-95 NB AM,110+04159,370,0.3556521739130435,0.38,23,38.78192,0.360815,21.485699166666667,21.124884166666668,0.3301143641354071,1.0773604924600046,1.1511162229951637,1.0684596577017114
I-95 NB AM,110+04159,375,0.3517391304347826,0.369,23,38.78192,0.360815,21.485699166666667,21.124884166666668,0.3301143641354071,1.0655068929097111,1.1177944375926723,1.0490729295426453
I-95 NB AM,110+04159,380,0.3495652173913043,0.37,23,38.78192,0.360815,21.485699166666667,21.124884166666668,0.3301143641354071,1.0589215598262145,1.1208236908110805,1.0584577114427862
I-95 NB AM,110+04159,385,0.3547826086956522,0.38,23,38.78192,0.360815,21.485699166666667,21.124884166666668,0.3301143641354071,1.074726359226606,1.1511162229951637,1.071078431372549
I-95 NB AM,110+04159,390,0.358695652173913,0.38,23,38.78192,0.360815,21.485699166666667,21.124884166666668,0.3301143641354071,1.0865799587768994,1.1511162229951637,1.0593939393939396
I-95 NB AM,110+04159,395,0.3634782608695652,0.389,23,38.78192,0.360815,21.485699166666667,21.124884166666668,0.3301143641354071,1.1010676915605913,1.1783795019608387,1.0702153110047847
I-95 NB AM,110+04159,400,0.3656521739130435,0.4,23,38.78192,0.360815,21.485699166666667,21.124884166666668,0.3301143641354071,1.1076530246440879,1.2117012873633304,1.093935790725327
I-95 NB AM,110+04159,405,0.36826086956521736,0.429,23,38.78192,0.360815,21.485699166666667,21.124884166666668,0.3301143641354071,1.1155554243442833,1.2995496306971717,1.164935064935065
I-95 NB AM,110+04159,410,0.358695652173913,0.38,23,38.78192,0.360815,21.485699166666667,21.124884166666668,0.3301143641354071,1.0865799587768994,1.1511162229951637,1.0593939393939396
I-95 NB AM,110+04159,415,0.36086956521739133,0.38,23,38.78192,0.360815,21.485699166666667,21.124884166666668,0.3301143641354071,1.0931652918603958,1.1511162229951637,1.053012048192771
I-95 NB AM,110+04159,420,0.3678260869565217,0.39,23,38.78192,0.360815,21.485699166666667,21.124884166666668,0.3301143641354071,1.114238357727584,1.1814087551792471,1.0602836879432627
I-95 NB AM,110+04159,425,0.3673913043478261,0.39,23,38.78192,0.360815,21.485699166666667,21.124884166666668,0.3301143641354071,1.1129212911108848,1.1814087551792471,1.0615384615384615
I-95 NB AM,110+04159,430,0.3765217391304348,0.39,23,38.78192,0.360815,21.485699166666667,21.124884166666668,0.3301143641354071,1.1405796900615697,1.1814087551792471,1.035796766743649
I-95 NB AM,110+04159,435,0.39,0.4169999999999999,23,38.78192,0.360815,21.485699166666667,21.124884166666668,0.3301143641354071,1.1814087551792471,1.2631985920762716,1.069230769230769
I-95 NB AM,110+04159,440,0.391304347826087,0.409,23,38.78192,0.360815,21.485699166666667,21.124884166666668,0.3301143641354071,1.185359955029345,1.2389645663290052,1.045222222222222
I-95 NB AM,110+04159,445,0.3743478260869565,0.399,23,38.78192,0.360815,21.485699166666667,21.124884166666668,0.3301143641354071,1.133994356978073,1.208672034144922,1.0658536585365854
I-95 NB AM,110+04159,450,0.3804347826086957,0.429,23,38.78192,0.360815,21.485699166666667,21.124884166666668,0.3301143641354071,1.1524332896118632,1.2995496306971717,1.1276571428571427
I-95 NB AM,110+04159,455,0.3834782608695652,0.429,23,38.78192,0.360815,21.485699166666667,21.124884166666668,0.3301143641354071,1.161652755928758,1.2995496306971717,1.1187074829931973
I-95 NB AM,110+04159,460,0.38,0.419,23,38.78192,0.360815,21.485699166666667,21.124884166666668,0.3301143641354071,1.1511162229951637,1.2692570985130884,1.1026315789473684
I-95 NB AM,110+04159,465,0.3726086956521739,0.4,23,38.78192,0.360815,21.485699166666667,21.124884166666668,0.3301143641354071,1.1287260905112761,1.2117012873633304,1.073512252042007
I-95 NB AM,110+04159,470,0.3821739130434782,0.419,23,38.78192,0.360815,21.485699166666667,21.124884166666668,0.3301143641354071,1.1577015560786599,1.2692570985130884,1.0963594994311718
I-95 NB AM,110+04159,475,0.3978260869565218,0.5039999999999999,23,38.78192,0.360815,21.485699166666667,21.124884166666668,0.3301143641354071,1.205115954279834,1.526743622077796,1.2668852459016389
I-95 NB AM,110+04159,480,0.3947826086956522,0.508,23,38.78192,0.360815,21.485699166666667,21.124884166666668,0.3301143641354071,1.195896487962939,1.5388606349514296,1.286784140969163
I-95 NB AM,110+04159,485,0.3908695652173913,0.46799999999999997,23,38.78192,0.360815,21.485699166666667,21.124884166666668,0.3301143641354071,1.1840428884126455,1.4176905062150964,1.1973303670745272
I-95 NB AM,110+04159,490,0.3869565217391305,0.419,23,38.78192,0.360815,21.485699166666667,21.124884166666668,0.3301143641354071,1.1721892888623522,1.2692570985130884,1.0828089887640449
I-95 NB AM,110+04159,495,0.39869565217391306,0.4749999999999999,23,38.78192,0.360815,21.485699166666667,21.124884166666668,0.3301143641354071,1.2077500875132325,1.4388952787439544,1.1913849509269354
I-95 NB AM,110+04159,500,0.4295652173913044,0.7419999999999997,23,38.78192,0.360815,21.485699166666667,21.124884166666668,0.3301143641354071,1.3012618172988808,2.247705888058977,1.7273279352226711
I-95 NB AM,110+04159,505,0.5160869565217391,0.7649999999999998,23,38.78192,0.360815,21.485699166666667,21.124884166666668,0.3301143641354071,1.5633580740220359,2.3173787120823683,1.4823083403538329
I-95 NB AM,110+04159,510,0.5947826086956521,1.1129999999999998,23,38.78192,0.360815,21.485699166666667,21.124884166666668,0.3301143641354071,1.801747131644604,3.371558832088466,1.871271929824561
I-95 NB AM,110+04159,515,0.6278260869565218,2.119999999999999,23,38.78192,0.360815,21.485699166666667,21.124884166666668,0.3301143641354071,1.901844194513749,6.422016823025648,3.376731301939057
I-95 NB AM,110+04159,520,0.6204347826086957,1.8039999999999994,23,38.78192,0.360815,21.485699166666667,21.124884166666668,0.3301143641354071,1.8794540620298612,5.464772806008618,2.9076384022424655
I-95 NB AM,110+04159,525,0.7165217391304348,2.502999999999999,23,38.78192,0.360815,21.485699166666667,21.124884166666668,0.3301143641354071,2.1705257843204007,7.582220805676036,3.4932645631067945
I-95 NB AM,110+04159,530,0.7391304347826086,2.7289999999999988,23,38.78192,0.360815,21.485699166666667,21.124884166666668,0.3301143641354071,2.2390132483887624,8.266832033036318,3.692176470588234
I-95 NB AM,110+04159,535,0.7078260869565218,2.8599999999999977,23,38.78192,0.360815,21.485699166666667,21.124884166666668,0.3301143641354071,2.144184451986415,8.663664204647805,4.040540540540537
I-95 NB AM,110+04159,540,0.6978260869565218,2.578999999999998,23,38.78192,0.360815,21.485699166666667,21.124884166666668,0.3301143641354071,2.113891919802332,7.812444050275066,3.695763239875386
I-95 NB AM,110+04159,545,0.672608695652174,2.2839999999999985,23,38.78192,0.360815,21.485699166666667,21.124884166666668,0.3301143641354071,2.037502056033774,6.918814350844611,3.395733678086617
I-95 NB AM,110+04159,550,0.5960869565217392,1.9419999999999984,23,38.78192,0.360815,21.485699166666667,21.124884166666668,0.3301143641354071,1.8056983314947022,5.882809750148963,3.2579139314369043
I-95 NB AM,110+04159,555,0.5560869565217391,2.0889999999999973,23,38.78192,0.360815,21.485699166666667,21.124884166666668,0.3301143641354071,1.684528202758369,6.328109973254985,3.756606724003123
I-95 NB AM,110+04159,560,0.5347826086956521,1.8449999999999982,23,38.78192,0.360815,21.485699166666667,21.124884166666668,0.3301143641354071,1.6199919385401043,5.588972187963355,3.449999999999997
I-95 NB AM,110+04159,565,0.5313043478260869,1.8049999999999984,23,38.78192,0.360815,21.485699166666667,21.124884166666668,0.3301143641354071,1.6094554056065105,5.467802059227023,3.3972995090016336
I-95 NB AM,110+04159,570,0.5213043478260869,1.7359999999999982,23,38.78192,0.360815,21.485699166666667,21.124884166666668,0.3301143641354071,1.579162873422427,5.258783587156848,3.330108423686402
I-95 NB AM,110+04159,575,0.47782608695652173,1.3269999999999984,23,38.78192,0.360815,21.485699166666667,21.124884166666668,0.3301143641354071,1.4474562117525,4.0198190208278435,2.777161055505001
I-95 NB AM,110+04159,580,0.43999999999999995,0.7049999999999995,23,38.78192,0.360815,21.485699166666667,21.124884166666668,0.3301143641354071,1.332871416099663,2.135623518977868,1.6022727272727264
I-95 NB AM,110+04159,585,0.3834782608695652,0.4739999999999999,23,38.78192,0.360815,21.485699166666667,21.124884166666668,0.3301143641354071,1.161652755928758,1.4358660255255462,1.2360544217687073
I-95 NB AM,110+04159,590,0.3656521739130435,0.409,23,38.78192,0.360815,21.485699166666667,21.124884166666668,0.3301143641354071,1.1076530246440879,1.2389645663290052,1.1185493460166467
I-95 NB AM,110+04159,595,0.36,0.389,23,38.78192,0.360815,21.485699166666667,21.124884166666668,0.3301143641354071,1.0905311586269972,1.1783795019608387,1.0805555555555557
I-95 NB AM,110+04159,600,0.3582608695652174,0.38,23,38.78192,0.360815,21.485699166666667,21.124884166666668,0.3301143641354071,1.0852628921602003,1.1511162229951637,1.0606796116504853
I-95 NB AM,110+04159,605,0.36,0.399,23,38.78192,0.360815,21.485699166666667,21.124884166666668,0.3301143641354071,1.0905311586269972,1.208672034144922,1.1083333333333334
I-95 NB AM,110+04159,610,0.3552173913043478,0.379,23,38.78192,0.360815,21.485699166666667,21.124884166666668,0.3301143641354071,1.0760434258433051,1.1480869697767555,1.066952264381885
I-95 NB AM,110+04159,615,0.3530434782608695,0.37,23,38.78192,0.360815,21.485699166666667,21.124884166666668,0.3301143641354071,1.0694580927598087,1.1208236908110805,1.0480295566502464
I-95 NB AM,110+04159,620,0.3526086956521739,0.379,23,38.78192,0.360815,21.485699166666667,21.124884166666668,0.3301143641354071,1.0681410261431097,1.1480869697767555,1.074845869297164
I-95 NB AM,110+04159,625,0.3521739130434782,0.369,23,38.78192,0.360815,21.485699166666667,21.124884166666668,0.3301143641354071,1.0668239595264102,1.1177944375926723,1.047777777777778
I-95 NB AM,110+04159,630,0.3508695652173913,0.379,23,38.78192,0.360815,21.485699166666667,21.124884166666668,0.3301143641354071,1.0628727596763126,1.1480869697767555,1.080173482032218
I-95 NB AM,110+04159,635,0.3508695652173913,0.38699999999999996,23,38.78192,0.360815,21.485699166666667,21.124884166666668,0.3301143641354071,1.0628727596763126,1.172320995524022,1.102973977695167
I-95 NB AM,110+04159,640,0.3491304347826087,0.38,23,38.78192,0.360815,21.485699166666667,21.124884166666668,0.3301143641354071,1.0576044932095154,1.1511162229951637,1.0884184308841844
I-95 NB AM,110+04159,645,0.3473913043478261,0.38,23,38.78192,0.360815,21.485699166666667,21.124884166666668,0.3301143641354071,1.0523362267427185,1.1511162229951637,1.0938673341677096
I-95 NB AM,110+04159,650,0.3491304347826087,0.36,23,38.78192,0.360815,21.485699166666667,21.124884166666668,0.3301143641354071,1.0576044932095154,1.0905311586269972,1.0311332503113324
I-95 NB AM,110+04159,655,0.35347826086956524,0.37,23,38.78192,0.360815,21.485699166666667,21.124884166666668,0.3301143641354071,1.0707751593765082,1.1208236908110805,1.0467404674046739
I-95 NB AM,110P04146,300,0.4265217391304348,0.44,23,38.52073,0.49872833333333333,0.49872833333333333,0.0,0.41566467564939574,1.0261197646013027,1.0585455675601614,1.0316004077471967
I-95 NB AM,110P04146,305,0.43043478260869567,0.4669999999999999,23,38.52073,0.49872833333333333,0.49872833333333333,0.0,0.41566467564939574,1.03553370739581,1.123501772842262,1.0849494949494947
I-95 NB AM,110P04146,310,0.43565217391304345,0.459,23,38.52073,0.49872833333333333,0.49872833333333333,0.0,0.41566467564939574,1.0480856311218198,1.1042554897957138,1.0535928143712576
I-95 NB AM,110P04146,315,0.4360869565217391,0.459,23,38.52073,0.49872833333333333,0.49872833333333333,0.0,0.41566467564939574,1.049131624765654,1.1042554897957138,1.052542372881356
I-95 NB AM,110P04146,320,0.4373913043478261,0.45,23,38.52073,0.49872833333333333,0.49872833333333333,0.0,0.41566467564939574,1.0522696056971563,1.0826034213683469,1.02882703777336
I-95 NB AM,110P04146,325,0.4404347826086957,0.46,23,38.52073,0.49872833333333333,0.49872833333333333,0.0,0.41566467564939574,1.0595915612039957,1.1066612751765323,1.0444225074037512
I-95 NB AM,110P04146,330,0.4404347826086957,0.469,23,38.52073,0.49872833333333333,0.49872833333333333,0.0,0.41566467564939574,1.0595915612039957,1.1283133436038992,1.0648568608094766
I-95 NB AM,110P04146,335,0.43565217391304345,0.46799999999999997,23,38.52073,0.49872833333333333,0.49872833333333333,0.0,0.41566467564939574,1.0480856311218198,1.1259075582230806,1.074251497005988
I-95 NB AM,110P04146,340,0.43478260869565216,0.459,23,38.52073,0.49872833333333333,0.49872833333333333,0.0,0.41566467564939574,1.0459936438341515,1.1042554897957138,1.0557
I-95 NB AM,110P04146,345,0.43826086956521737,0.459,23,38.52073,0.49872833333333333,0.49872833333333333,0.0,0.41566467564939574,1.0543615929848247,1.1042554897957138,1.0473214285714287
I-95 NB AM,110P04146,350,0.43652173913043474,0.45,23,38.52073,0.49872833333333333,0.49872833333333333,0.0,0.41566467564939574,1.050177618409488,1.0826034213683469,1.0308764940239046
I-95 NB AM,110P04146,355,0.43999999999999995,0.459,23,38.52073,0.49872833333333333,0.49872833333333333,0.0,0.41566467564939574,1.0585455675601612,1.1042554897957138,1.0431818181818184
I-95 NB AM,110P04146,360,0.43956521739130433,0.46799999999999997,23,38.52073,0.49872833333333333,0.49872833333333333,0.0,0.41566467564939574,1.057499573916327,1.1259075582230806,1.0646884272997033
I-95 NB AM,110P04146,365,0.4434782608695652,0.469,23,38.52073,0.49872833333333333,0.49872833333333333,0.0,0.41566467564939574,1.0669135167108346,1.1283133436038992,1.0575490196078432
I-95 NB AM,110P04146,370,0.44304347826086954,0.459,23,38.52073,0.49872833333333333,0.49872833333333333,0.0,0.41566467564939574,1.0658675230670003,1.1042554897957138,1.0360157016683023
I-95 NB AM,110P04146,375,0.4491304347826087,0.46,23,38.52073,0.49872833333333333,0.49872833333333333,0.0,0.41566467564939574,1.0805114340806785,1.1066612751765323,1.0242013552758955
I-95 NB AM,110P04146,380,0.45826086956521744,0.538,23,38.52073,0.49872833333333333,0.49872833333333333,0.0,0.41566467564939574,1.1024773006011959,1.2943125348803792,1.1740037950664135
I-95 NB AM,110P04146,385,0.4747826086956522,0.6489999999999999,23,38.52073,0.49872833333333333,0.49872833333333333,0.0,0.41566467564939574,1.1422250590668936,1.561354712151238,1.3669413919413917
I-95 NB AM,110P04146,390,0.4747826086956522,0.6109999999999999,23,38.52073,0.49872833333333333,0.49872833333333333,0.0,0.41566467564939574,1.1422250590668936,1.469934867680133,1.2869047619047616
I-95 NB AM,110P04146,395,0.4643478260869565,0.567,23,38.52073,0.49872833333333333,0.49872833333333333,0.0,0.41566467564939574,1.1171212116148739,1.3640803109241169,1.221067415730337
I-95 NB AM,110P04146,400,0.46478260869565213,0.539,23,38.52073,0.49872833333333333,0.49872833333333333,0.0,0.41566467564939574,1.118167205258708,1.2967183202611978,1.1596819457436858
I-95 NB AM,110P04146,405,0.5082608695652173,0.528,23,38.52073,0.49872833333333333,0.49872833333333333,0.0,0.41566467564939574,1.222766569642123,1.2702546810721937,1.0388366124893074
I-95 NB AM,110P04146,410,0.5465217391304348,0.49699999999999994,23,38.52073,0.49872833333333333,0.49872833333333333,0.0,0.41566467564939574,1.3148140102995285,1.1956753342668185,0.909387430389817
I-95 NB AM,110P04146,415,0.5352173913043479,0.48799999999999993,23,38.52073,0.49872833333333333,0.49872833333333333,0.0,0.41566467564939574,1.2876181755598406,1.1740232658394516,0.9117790414297318
I-95 NB AM,110P04146,420,0.5626086956521739,0.5049999999999999,23,38.52073,0.49872833333333333,0.49872833333333333,0.0,0.41566467564939574,1.353515775121392,1.2149216173133668,0.8976043276661514
I-95 NB AM,110P04146,425,0.6286956521739131,0.5309999999999999,23,38.52073,0.49872833333333333,0.49872833333333333,0.0,0.41566467564939574,1.5125068089841833,1.277472037214649,0.8446058091286305
I-95 NB AM,110P04146,430,0.5743478260869566,0.5879999999999999,23,38.52073,0.49872833333333333,0.49872833333333333,0.0,0.41566467564939574,1.3817576035049142,1.4146018039213062,1.0237698713096137
I-95 NB AM,110P04146,435,0.6282608695652173,0.5859999999999997,23,38.52073,0.49872833333333333,0.49872833333333333,0.0,0.41566467564939574,1.5114608153403488,1.4097902331596688,0.9327335640138406
I-95 NB AM,110P04146,440,0.6369565217391304,0.47,23,38.52073,0.49872833333333333,0.49872833333333333,0.0,0.41566467564939574,1.5323806882170319,1.1307191289847178,0.7378839590443685
I-95 NB AM,110P04146,445,0.5565217391304348,0.5419999999999999,23,38.52073,0.49872833333333333,0.49872833333333333,0.0,0.41566467564939574,1.338871864107714,1.3039356764036532,0.9739062499999999
I-95 NB AM,110P04146,450,0.4743478260869565,0.459,23,38.52073,0.49872833333333333,0.49872833333333333,0.0,0.41566467564939574,1.1411790654230594,1.1042554897957138,0.9676443629697525
I-95 NB AM,110P04146,455,0.4930434782608696,0.459,23,38.52073,0.49872833333333333,0.49872833333333333,0.0,0.41566467564939574,1.186156792107928,1.1042554897957138,0.930952380952381
I-95 NB AM,110P04146,460,0.5430434782608696,0.45,23,38.52073,0.49872833333333333,0.49872833333333333,0.0,0.41566467564939574,1.3064460611488555,1.0826034213683469,0.8286629303442753
I-95 NB AM,110P04146,465,0.5343478260869565,0.46799999999999997,23,38.52073,0.49872833333333333,0.49872833333333333,0.0,0.41566467564939574,1.2855261882721722,1.1259075582230806,0.8758340113913751
I-95 NB AM,110P04146,470,0.6004347826086956,0.459,23,38.52073,0.49872833333333333,0.49872833333333333,0.0,0.41566467564939574,1.4445172221349634,1.1042554897957138,0.7644460535843592
I-95 NB AM,110P04146,475,0.542608695652174,0.459,23,38.52073,0.49872833333333333,0.49872833333333333,0.0,0.41566467564939574,1.3054000675050212,1.1042554897957138,0.8459134615384615
I-95 NB AM,110P04146,480,0.46608695652173915,0.46,23,38.52073,0.49872833333333333,0.49872833333333333,0.0,0.41566467564939574,1.1213051861902106,1.1066612751765323,0.9869402985074627
I-95 NB AM,110P04146,485,0.4426086956521739,0.47,23,38.52073,0.49872833333333333,0.49872833333333333,0.0,0.41566467564939574,1.0648215294231662,1.1307191289847178,1.0618860510805501
I-95 NB AM,110P04146,490,0.44173913043478263,0.459,23,38.52073,0.49872833333333333,0.49872833333333333,0.0,0.41566467564939574,1.062729542135498,1.1042554897957138,1.0390748031496062
I-95 NB AM,110P04146,495,0.47347826086956524,0.449,23,38.52073,0.49872833333333333,0.49872833333333333,0.0,0.41566467564939574,1.139087078135391,1.0801976359875283,0.9483011937557392
I-95 NB AM,110P04146,500,0.4865217391304348,0.45,23,38.52073,0.49872833333333333,0.49872833333333333,0.0,0.41566467564939574,1.1704668874504156,1.0826034213683469,0.9249329758713137
I-95 NB AM,110P04146,505,0.4795652173913043,0.449,23,38.52073,0.49872833333333333,0.49872833333333333,0.0,0.41566467564939574,1.153730989149069,1.0801976359875283,0.9362647325475976
I-95 NB AM,110P04146,510,0.47130434782608693,0.45,23,38.52073,0.49872833333333333,0.49872833333333333,0.0,0.41566467564939574,1.1338571099162202,1.0826034213683469,0.9547970479704798
I-95 NB AM,110P04146,515,0.45521739130434785,0.459,23,38.52073,0.49872833333333333,0.49872833333333333,0.0,0.41566467564939574,1.0951553450943567,1.1042554897957138,1.0083094555873926
I-95 NB AM,110P04146,520,0.44869565217391305,0.45,23,38.52073,0.49872833333333333,0.49872833333333333,0.0,0.41566467564939574,1.0794654404368444,1.0826034213683469,1.002906976744186
I-95 NB AM,110P04146,525,0.43521739130434783,0.45,23,38.52073,0.49872833333333333,0.49872833333333333,0.0,0.41566467564939574,1.0470396374779858,1.0826034213683469,1.033966033966034
I-95 NB AM,110P04146,530,0.43913043478260866,0.46,23,38.52073,0.49872833333333333,0.49872833333333333,0.0,0.41566467564939574,1.056453580272493,1.1066612751765323,1.0475247524752476
I-95 NB AM,110P04146,535,0.4339130434782609,0.449,23,38.52073,0.49872833333333333,0.49872833333333333,0.0,0.41566467564939574,1.0439016565464831,1.0801976359875283,1.0347695390781564
I-95 NB AM,110P04146,540,0.43782608695652175,0.46,23,38.52073,0.49872833333333333,0.49872833333333333,0.0,0.41566467564939574,1.0533155993409906,1.1066612751765323,1.0506454816285997
I-95 NB AM,110P04146,545,0.44304347826086954,0.46,23,38.52073,0.49872833333333333,0.49872833333333333,0.0,0.41566467564939574,1.0658675230670003,1.1066612751765323,1.0382728164867518
I-95 NB AM,110P04146,550,0.43826086956521737,0.459,23,38.52073,0.49872833333333333,0.49872833333333333,0.0,0.41566467564939574,1.0543615929848247,1.1042554897957138,1.0473214285714287
I-95 NB AM,110P04146,555,0.4373913043478261,0.46799999999999997,23,38.52073,0.49872833333333333,0.49872833333333333,0.0,0.41566467564939574,1.0522696056971563,1.1259075582230806,1.0699801192842942
I-95 NB AM,110P04146,560,0.43826086956521737,0.469,23,38.52073,0.49872833333333333,0.49872833333333333,0.0,0.41566467564939574,1.0543615929848247,1.1283133436038992,1.070138888888889
I-95 NB AM,110P04146,565,0.43652173913043474,0.45,23,38.52073,0.49872833333333333,0.49872833333333333,0.0,0.41566467564939574,1.050177618409488,1.0826034213683469,1.0308764940239046
I-95 NB AM,110P04146,570,0.44304347826086954,0.46,23,38.52073,0.49872833333333333,0.49872833333333333,0.0,0.41566467564939574,1.0658675230670003,1.1066612751765323,1.0382728164867518
I-95 NB AM,110P04146,575,0.43826086956521737,0.45,23,38.52073,0.49872833333333333,0.49872833333333333,0.0,0.41566467564939574,1.0543615929848247,1.0826034213683469,1.0267857142857144
I-95 NB AM,110P04146,580,0.43695652173913047,0.45,23,38.52073,0.49872833333333333,0.49872833333333333,0.0,0.41566467564939574,1.0512236120533223,1.0826034213683469,1.0298507462686566
I-95 NB AM,110P04146,585,0.44478260869565217,0.478,23,38.52073,0.49872833333333333,0.49872833333333333,0.0,0.41566467564939574,1.070051497642337,1.1499654120312661,1.0746823069403715
I-95 NB AM,110P04146,590,0.4434782608695652,0.48799999999999993,23,38.52073,0.49872833333333333,0.49872833333333333,0.0,0.41566467564939574,1.0669135167108346,1.1740232658394516,1.100392156862745
I-95 NB AM,110P04146,595,0.4743478260869565,0.7099999999999999,23,38.52073,0.49872833333333333,0.49872833333333333,0.0,0.41566467564939574,1.1411790654230594,1.7081076203811691,1.4967919340054991
I-95 NB AM,110P04146,600,0.46478260869565213,0.7029999999999996,23,38.52073,0.49872833333333333,0.49872833333333333,0.0,0.41566467564939574,1.118167205258708,1.6912671227154388,1.5125350795135635
I-95 NB AM,110P04146,605,0.45304347826086955,0.5769999999999997,23,38.52073,0.49872833333333333,0.49872833333333333,0.0,0.41566467564939574,1.0899253768751858,1.388138164732302,1.2736084452975043
I-95 NB AM,110P04146,610,0.4556521739130435,0.48599999999999993,23,38.52073,0.49872833333333333,0.49872833333333333,0.0,0.41566467564939574,1.096201338738191,1.1692116950778144,1.0666030534351143
I-95 NB AM,110P04146,615,0.43434782608695655,0.449,23,38.52073,0.49872833333333333,0.49872833333333333,0.0,0.41566467564939574,1.0449476501903174,1.0801976359875283,1.0337337337337338
I-95 NB AM,110P04146,620,0.43565217391304345,0.45,23,38.52073,0.49872833333333333,0.49872833333333333,0.0,0.41566467564939574,1.0480856311218198,1.0826034213683469,1.032934131736527
I-95 NB AM,110P04146,625,0.43434782608695655,0.44,23,38.52073,0.49872833333333333,0.49872833333333333,0.0,0.41566467564939574,1.0449476501903174,1.0585455675601614,1.013013013013013
I-95 NB AM,110P04146,630,0.4373913043478261,0.45,23,38.52073,0.49872833333333333,0.49872833333333333,0.0,0.41566467564939574,1.0522696056971563,1.0826034213683469,1.02882703777336
I-95 NB AM,110P04146,635,0.43913043478260866,0.459,23,38.52073,0.49872833333333333,0.49872833333333333,0.0,0.41566467564939574,1.056453580272493,1.1042554897957138,1.0452475247524753
I-95 NB AM,110P04146,640,0.43434782608695655,0.449,23,38.52073,0.49872833333333333,0.49872833333333333,0.0,0.41566467564939574,1.0449476501903174,1.0801976359875283,1.0337337337337338
I-95 NB AM,110P04146,645,0.43347826086956526,0.449,23,38.52073,0.49872833333333333,0.49872833333333333,0.0,0.41566467564939574,1.042855662902649,1.0801976359875283,1.0358074222668003
I-95 NB AM,110P04146,650,0.43521739130434783,0.449,23,38.52073,0.49872833333333333,0.49872833333333333,0.0,0.41566467564939574,1.0470396374779858,1.0801976359875283,1.0316683316683317
I-95 NB AM,110P04146,655,0.43434782608695655,0.46,23,38.52073,0.49872833333333333,0.49872833333333333,0.0,0.41566467564939574,1.0449476501903174,1.1066612751765323,1.059059059059059
I-95 NB AM,110P04147,300,0.33956521739130435,0.35,23,38.5466,0.39894583333333333,2.7274641666666666,2.3285183333333332,0.3307094501243438,1.0267780895394156,1.0583308093203962,1.030729833546735
I-95 NB AM,110P04147,305,0.34043478260869564,0.35,23,38.5466,0.39894583333333333,2.7274641666666666,2.3285183333333332,0.3307094501243438,1.0294074828544972,1.0583308093203962,1.0280970625798211
I-95 NB AM,110P04147,310,0.3473913043478261,0.369,23,38.5466,0.39894583333333333,2.7274641666666666,2.3285183333333332,0.3307094501243438,1.0504426293751512,1.1157830532549322,1.0622027534418021
I-95 NB AM,110P04147,315,0.3491304347826087,0.37799999999999995,23,38.5466,0.39894583333333333,2.7274641666666666,2.3285183333333332,0.3307094501243438,1.0557014160053146,1.142997274066028,1.082689912826899
I-95 NB AM,110P04147,320,0.34782608695652173,0.36,23,38.5466,0.39894583333333333,2.7274641666666666,2.3285183333333332,0.3307094501243438,1.051757326032692,1.0885688324438363,1.035
I-95 NB AM,110P04147,325,0.3534782608695652,0.37,23,38.5466,0.39894583333333333,2.7274641666666666,2.3285183333333332,0.3307094501243438,1.0688483825807231,1.118806855567276,1.046740467404674
I-95 NB AM,110P04147,330,0.3491304347826087,0.36,23,38.5466,0.39894583333333333,2.7274641666666666,2.3285183333333332,0.3307094501243438,1.0557014160053146,1.0885688324438363,1.0311332503113324
I-95 NB AM,110P04147,335,0.3539130434782609,0.379,23,38.5466,0.39894583333333333,2.7274641666666666,2.3285183333333332,0.3307094501243438,1.0701630792382644,1.146021076378372,1.0708845208845208
I-95 NB AM,110P04147,340,0.34652173913043477,0.36,23,38.5466,0.39894583333333333,2.7274641666666666,2.3285183333333332,0.3307094501243438,1.0478132360600694,1.0885688324438363,1.0388958594730238
I-95 NB AM,110P04147,345,0.35130434782608694,0.379,23,38.5466,0.39894583333333333,2.7274641666666666,2.3285183333333332,0.3307094501243438,1.0622748992930189,1.146021076378372,1.0788366336633664
I-95 NB AM,110P04147,350,0.3556521739130435,0.379,23,38.5466,0.39894583333333333,2.7274641666666666,2.3285183333333332,0.3307094501243438,1.0754218658684276,1.146021076378372,1.0656479217603911
I-95 NB AM,110P04147,355,0.3539130434782609,0.379,23,38.5466,0.39894583333333333,2.7274641666666666,2.3285183333333332,0.3307094501243438,1.0701630792382644,1.146021076378372,1.0708845208845208
I-95 NB AM,110P04147,360,0.3521739130434782,0.37,23,38.5466,0.39894583333333333,2.7274641666666666,2.3285183333333332,0.3307094501243438,1.0649042926081005,1.118806855567276,1.0506172839506174
I-95 NB AM,110P04147,365,0.3560869565217391,0.39,23,38.5466,0.39894583333333333,2.7274641666666666,2.3285183333333332,0.3307094501243438,1.0767365625259684,1.179282901814156,1.0952380952380953
I-95 NB AM,110P04147,370,0.3560869565217391,0.37,23,38.5466,0.39894583333333333,2.7274641666666666,2.3285183333333332,0.3307094501243438,1.0767365625259684,1.118806855567276,1.0390720390720392
I-95 NB AM,110P04147,375,0.36,0.37,23,38.5466,0.39894583333333333,2.7274641666666666,2.3285183333333332,0.3307094501243438,1.0885688324438363,1.118806855567276,1.027777777777778
I-95 NB AM,110P04147,380,0.358695652173913,0.379,23,38.5466,0.39894583333333333,2.7274641666666666,2.3285183333333332,0.3307094501243438,1.0846247424712137,1.146021076378372,1.0566060606060608
I-95 NB AM,110P04147,385,0.3704347826086956,0.389,23,38.5466,0.39894583333333333,2.7274641666666666,2.3285183333333332,0.3307094501243438,1.120121552224817,1.176259099501812,1.0501173708920188
I-95 NB AM,110P04147,390,0.47000000000000003,0.39,23,38.5466,0.39894583333333333,2.7274641666666666,2.3285183333333332,0.3307094501243438,1.4211870868016752,1.179282901814156,0.8297872340425532
I-95 NB AM,110P04147,395,0.45652173913043476,0.4069999999999999,23,38.5466,0.39894583333333333,2.7274641666666666,2.3285183333333332,0.3307094501243438,1.3804314904179082,1.2306875411240035,0.8915238095238094
I-95 NB AM,110P04147,400,0.45652173913043476,0.39799999999999996,23,38.5466,0.39894583333333333,2.7274641666666666,2.3285183333333332,0.3307094501243438,1.3804314904179082,1.2034733203129078,0.8718095238095238
I-95 NB AM,110P04147,405,0.4782608695652174,0.39,23,38.5466,0.39894583333333333,2.7274641666666666,2.3285183333333332,0.3307094501243438,1.4461663232949515,1.179282901814156,0.8154545454545454
I-95 NB AM,110P04147,410,0.6482608695652174,0.39,23,38.5466,0.39894583333333333,2.7274641666666666,2.3285183333333332,0.3307094501243438,1.96021271639343,1.179282901814156,0.6016096579476861
I-95 NB AM,110P04147,415,0.538695652173913,0.379,23,38.5466,0.39894583333333333,2.7274641666666666,2.3285183333333332,0.3307094501243438,1.6289091586931317,1.146021076378372,0.7035512510088782
I-95 NB AM,110P04147,420,0.43043478260869567,0.379,23,38.5466,0.39894583333333333,2.7274641666666666,2.3285183333333332,0.3307094501243438,1.3015496909654565,1.146021076378372,0.8805050505050505
I-95 NB AM,110P04147,425,0.5608695652173913,0.369,23,38.5466,0.39894583333333333,2.7274641666666666,2.3285183333333332,0.3307094501243438,1.6959586882277158,1.1157830532549322,0.6579069767441861
I-95 NB AM,110P04147,430,0.43304347826086953,0.43399999999999994,23,38.5466,0.39894583333333333,2.7274641666666666,2.3285183333333332,0.3307094501243438,1.3094378709107015,1.3123302035572912,1.0022088353413654
I-95 NB AM,110P04147,435,0.4191304347826087,0.369,23,38.5466,0.39894583333333333,2.7274641666666666,2.3285183333333332,0.3307094501243438,1.2673675778693938,1.1157830532549322,0.8803941908713693
I-95 NB AM,110P04147,440,0.4504347826086956,0.37,23,38.5466,0.39894583333333333,2.7274641666666666,2.3285183333333332,0.3307094501243438,1.362025737212336,1.118806855567276,0.8214285714285715
I-95 NB AM,110P04147,445,0.44565217391304346,0.36,23,38.5466,0.39894583333333333,2.7274641666666666,2.3285183333333332,0.3307094501243438,1.3475640739793866,1.0885688324438363,0.8078048780487805
I-95 NB AM,110P04147,450,0.4091304347826087,0.37799999999999995,23,38.5466,0.39894583333333333,2.7274641666666666,2.3285183333333332,0.3307094501243438,1.237129554745954,1.142997274066028,0.9239107332624866
I-95 NB AM,110P04147,455,0.49521739130434783,0.4139999999999999,23,38.5466,0.39894583333333333,2.7274641666666666,2.3285183333333332,0.3307094501243438,1.4974394929390453,1.2518541573104114,0.8359964881474976
I-95 NB AM,110P04147,460,0.46565217391304353,0.38799999999999996,23,38.5466,0.39894583333333333,2.7274641666666666,2.3285183333333332,0.3307094501243438,1.4080401202262667,1.1732352971894677,0.8332399626517272
I-95 NB AM,110P04147,465,0.42478260869565215,0.369,23,38.5466,0.39894583333333333,2.7274641666666666,2.3285183333333332,0.3307094501243438,1.2844586344174251,1.1157830532549322,0.8686796315250768
I-95 NB AM,110P04147,470,0.3847826086956522,0.36,23,38.5466,0.39894583333333333,2.7274641666666666,2.3285183333333332,0.3307094501243438,1.1635065419236656,1.0885688324438363,0.9355932203389831
I-95 NB AM,110P04147,475,0.38565217391304346,0.369,23,38.5466,0.39894583333333333,2.7274641666666666,2.3285183333333332,0.3307094501243438,1.1661359352387473,1.1157830532549322,0.9568207440811726
I-95 NB AM,110P04147,480,0.3834782608695652,0.37,23,38.5466,0.39894583333333333,2.7274641666666666,2.3285183333333332,0.3307094501243438,1.159562451951043,1.118806855567276,0.9648526077097506
I-95 NB AM,110P04147,485,0.3769565217391304,0.39699999999999996,23,38.5466,0.39894583333333333,2.7274641666666666,2.3285183333333332,0.3307094501243438,1.1398420020879299,1.2004495180005637,1.0531718569780852
I-95 NB AM,110P04147,490,0.3821739130434782,0.369,23,38.5466,0.39894583333333333,2.7274641666666666,2.3285183333333332,0.3307094501243438,1.1556183619784202,1.1157830532549322,0.965529010238908
I-95 NB AM,110P04147,495,0.3795652173913044,0.4139999999999999,23,38.5466,0.39894583333333333,2.7274641666666666,2.3285183333333332,0.3307094501243438,1.1477301820331753,1.2518541573104114,1.0907216494845358
I-95 NB AM,110P04147,500,0.3852173913043478,0.36,23,38.5466,0.39894583333333333,2.7274641666666666,2.3285183333333332,0.3307094501243438,1.1648212385812062,1.0885688324438363,0.9345372460496615
I-95 NB AM,110P04147,505,0.3904347826086957,0.369,23,38.5466,0.39894583333333333,2.7274641666666666,2.3285183333333332,0.3307094501243438,1.180597598471697,1.1157830532549322,0.9451002227171491
I-95 NB AM,110P04147,510,0.3782608695652174,0.37,23,38.5466,0.39894583333333333,2.7274641666666666,2.3285183333333332,0.3307094501243438,1.1437860920605525,1.118806855567276,0.9781609195402299
I-95 NB AM,110P04147,515,0.3708695652173913,0.37,23,38.5466,0.39894583333333333,2.7274641666666666,2.3285183333333332,0.3307094501243438,1.1214362488823577,1.118806855567276,0.9976553341148887
I-95 NB AM,110P04147,520,0.3743478260869565,0.4149999999999999,23,38.5466,0.39894583333333333,2.7274641666666666,2.3285183333333332,0.3307094501243438,1.1319538221426848,1.2548779596227555,1.108594657375145
I-95 NB AM,110P04147,525,0.3656521739130435,0.38,23,38.5466,0.39894583333333333,2.7274641666666666,2.3285183333333332,0.3307094501243438,1.1056598889918676,1.1490448786907161,1.0392390011890607
I-95 NB AM,110P04147,530,0.358695652173913,0.37,23,38.5466,0.39894583333333333,2.7274641666666666,2.3285183333333332,0.3307094501243438,1.0846247424712137,1.118806855567276,1.0315151515151515
I-95 NB AM,110P04147,535,0.348695652173913,0.36,23,38.5466,0.39894583333333333,2.7274641666666666,2.3285183333333332,0.3307094501243438,1.0543867193477736,1.0885688324438363,1.032418952618454
I-95 NB AM,110P04147,540,0.3491304347826087,0.36,23,38.5466,0.39894583333333333,2.7274641666666666,2.3285183333333332,0.3307094501243438,1.0557014160053146,1.0885688324438363,1.0311332503113324
I-95 NB AM,110P04147,545,0.35347826086956524,0.379,23,38.5466,0.39894583333333333,2.7274641666666666,2.3285183333333332,0.3307094501243438,1.0688483825807233,1.146021076378372,1.0722017220172202
I-95 NB AM,110P04147,550,0.3517391304347826,0.36,23,38.5466,0.39894583333333333,2.7274641666666666,2.3285183333333332,0.3307094501243438,1.06358959595056,1.0885688324438363,1.023485784919654
I-95 NB AM,110P04147,555,0.3491304347826087,0.369,23,38.5466,0.39894583333333333,2.7274641666666666,2.3285183333333332,0.3307094501243438,1.0557014160053146,1.1157830532549322,1.056911581569116
I-95 NB AM,110P04147,560,0.3560869565217391,0.38799999999999996,23,38.5466,0.39894583333333333,2.7274641666666666,2.3285183333333332,0.3307094501243438,1.0767365625259684,1.1732352971894677,1.0896214896214895
I-95 NB AM,110P04147,565,0.3517391304347826,0.36,23,38.5466,0.39894583333333333,2.7274641666666666,2.3285183333333332,0.3307094501243438,1.06358959595056,1.0885688324438363,1.023485784919654
I-95 NB AM,110P04147,570,0.3526086956521739,0.37,23,38.5466,0.39894583333333333,2.7274641666666666,2.3285183333333332,0.3307094501243438,1.0662189892656415,1.118806855567276,1.0493218249075216
I-95 NB AM,110P04147,575,0.35347826086956524,0.37,23,38.5466,0.39894583333333333,2.7274641666666666,2.3285183333333332,0.3307094501243438,1.0688483825807233,1.118806855567276,1.0467404674046739
I-95 NB AM,110P04147,580,0.35000000000000003,0.36,23,38.5466,0.39894583333333333,2.7274641666666666,2.3285183333333332,0.3307094501243438,1.0583308093203965,1.0885688324438363,1.0285714285714285
I-95 NB AM,110P04147,585,0.35,0.36,23,38.5466,0.39894583333333333,2.7274641666666666,2.3285183333333332,0.3307094501243438,1.0583308093203962,1.0885688324438363,1.0285714285714287
I-95 NB AM,110P04147,590,0.3521739130434782,0.369,23,38.5466,0.39894583333333333,2.7274641666666666,2.3285183333333332,0.3307094501243438,1.0649042926081005,1.1157830532549322,1.047777777777778
I-95 NB AM,110P04147,595,0.3508695652173913,0.379,23,38.5466,0.39894583333333333,2.7274641666666666,2.3285183333333332,0.3307094501243438,1.060960202635478,1.146021076378372,1.080173482032218
I-95 NB AM,110P04147,600,0.3495652173913043,0.37,23,38.5466,0.39894583333333333,2.7274641666666666,2.3285183333333332,0.3307094501243438,1.0570161126628554,1.118806855567276,1.0584577114427862
I-95 NB AM,110P04147,605,0.3491304347826087,0.37,23,38.5466,0.39894583333333333,2.7274641666666666,2.3285183333333332,0.3307094501243438,1.0557014160053146,1.118806855567276,1.0597758405977584
I-95 NB AM,110P04147,610,0.3517391304347826,0.379,23,38.5466,0.39894583333333333,2.7274641666666666,2.3285183333333332,0.3307094501243438,1.06358959595056,1.146021076378372,1.077503090234858
I-95 NB AM,110P04147,615,0.35695652173913045,0.37,23,38.5466,0.39894583333333333,2.7274641666666666,2.3285183333333332,0.3307094501243438,1.0793659558410502,1.118806855567276,1.0365408038976858
I-95 NB AM,110P04147,620,0.3517391304347826,0.37799999999999995,23,38.5466,0.39894583333333333,2.7274641666666666,2.3285183333333332,0.3307094501243438,1.06358959595056,1.142997274066028,1.0746600741656365
I-95 NB AM,110P04147,625,0.3482608695652174,0.36,23,38.5466,0.39894583333333333,2.7274641666666666,2.3285183333333332,0.3307094501243438,1.053072022690233,1.0885688324438363,1.0337078651685392
I-95 NB AM,110P04147,630,0.34695652173913044,0.36799999999999994,23,38.5466,0.39894583333333333,2.7274641666666666,2.3285183333333332,0.3307094501243438,1.0491279327176104,1.1127592509425879,1.0606516290726815
I-95 NB AM,110P04147,635,0.36086956521739133,0.369,23,38.5466,0.39894583333333333,2.7274641666666666,2.3285183333333332,0.3307094501243438,1.0911982257589181,1.1157830532549322,1.0225301204819277
I-95 NB AM,110P04147,640,0.4047826086956522,0.369,23,38.5466,0.39894583333333333,2.7274641666666666,2.3285183333333332,0.3307094501243438,1.2239825881705455,1.1157830532549322,0.9116004296455423
I-95 NB AM,110P04147,645,0.3982608695652174,0.379,23,38.5466,0.39894583333333333,2.7274641666666666,2.3285183333333332,0.3307094501243438,1.2042621383074323,1.146021076378372,0.9516375545851529
I-95 NB AM,110P04147,650,0.3678260869565218,0.4049999999999999,23,38.5466,0.39894583333333333,2.7274641666666666,2.3285183333333332,0.3307094501243438,1.112233372279572,1.2246399364993155,1.1010638297872337
I-95 NB AM,110P04147,655,0.3656521739130435,0.36,23,38.5466,0.39894583333333333,2.7274641666666666,2.3285183333333332,0.3307094501243438,1.1056598889918676,1.0885688324438363,0.9845422116527942
I-95 NB AM,110P04148,300,0.45086956521739135,0.46,23,38.57713,0.5145000000000001,5.220538333333334,4.706038333333334,0.4373760272031738,1.0308511147730313,1.0517265954000645,1.0202507232401157
I-95 NB AM,110P04148,305,0.4491304347826087,0.46,23,38.57713,0.5145000000000001,5.220538333333334,4.706038333333334,0.4373760272031738,1.0268748327488344,1.0517265954000645,1.0242013552758955
I-95 NB AM,110P04148,310,0.45913043478260873,0.479,23,38.57713,0.5145000000000001,5.220538333333334,4.706038333333334,0.4373760272031738,1.0497384543879662,1.095167476514415,1.043276515151515
I-95 NB AM,110P04148,315,0.46391304347826084,0.49,23,38.57713,0.5145000000000001,5.220538333333334,4.706038333333334,0.4373760272031738,1.0606732299545074,1.12031746031746,1.056232427366448
I-95 NB AM,110P04148,320,0.46608695652173915,0.49799999999999994,23,38.57713,0.5145000000000001,5.220538333333334,4.706038333333334,0.4373760272031738,1.0656435824847534,1.1386083576287653,1.0684701492537312
I-95 NB AM,110P04148,325,0.46391304347826084,0.49,23,38.57713,0.5145000000000001,5.220538333333334,4.706038333333334,0.4373760272031738,1.0606732299545074,1.12031746031746,1.056232427366448
I-95 NB AM,110P04148,330,0.47043478260869565,0.499,23,38.57713,0.5145000000000001,5.220538333333334,4.706038333333334,0.4373760272031738,1.0755842875452455,1.1408947197926786,1.0607208872458411
I-95 NB AM,110P04148,335,0.46956521739130436,0.5,23,38.57713,0.5145000000000001,5.220538333333334,4.706038333333334,0.4373760272031738,1.0735961465331472,1.143181081956592,1.0648148148148149
I-95 NB AM,110P04148,340,0.4617391304347826,0.49,23,38.57713,0.5145000000000001,5.220538333333334,4.706038333333334,0.4373760272031738,1.0557028774242614,1.12031746031746,1.06120527306968
I-95 NB AM,110P04148,345,0.47000000000000003,0.49,23,38.57713,0.5145000000000001,5.220538333333334,4.706038333333334,0.4373760272031738,1.0745902170391963,1.12031746031746,1.0425531914893615
I-95 NB AM,110P04148,350,0.4656521739130434,0.489,23,38.57713,0.5145000000000001,5.220538333333334,4.706038333333334,0.4373760272031738,1.064649511978704,1.1180310981535468,1.050140056022409
I-95 NB AM,110P04148,355,0.46695652173913044,0.489,23,38.57713,0.5145000000000001,5.220538333333334,4.706038333333334,0.4373760272031738,1.067631723496852,1.1180310981535468,1.0472067039106145
I-95 NB AM,110P04148,360,0.46695652173913044,0.49,23,38.57713,0.5145000000000001,5.220538333333334,4.706038333333334,0.4373760272031738,1.067631723496852,1.12031746031746,1.0493482309124766
I-95 NB AM,110P04148,365,0.4730434782608695,0.499,23,38.57713,0.5145000000000001,5.220538333333334,4.706038333333334,0.4373760272031738,1.0815487105815407,1.1408947197926786,1.0548713235294118
I-95 NB AM,110P04148,370,0.47000000000000003,0.48,23,38.57713,0.5145000000000001,5.220538333333334,4.706038333333334,0.4373760272031738,1.0745902170391963,1.0974538386783281,1.0212765957446808
I-95 NB AM,110P04148,375,0.47565217391304343,0.509,23,38.57713,0.5145000000000001,5.220538333333334,4.706038333333334,0.4373760272031738,1.087513133617836,1.1637583414318105,1.0701096892138942
I-95 NB AM,110P04148,380,0.47695652173913045,0.5,23,38.57713,0.5145000000000001,5.220538333333334,4.706038333333334,0.4373760272031738,1.0904953451359838,1.143181081956592,1.048313582497721
I-95 NB AM,110P04148,385,0.47565217391304343,0.5,23,38.57713,0.5145000000000001,5.220538333333334,4.706038333333334,0.4373760272031738,1.087513133617836,1.143181081956592,1.0511882998171846
I-95 NB AM,110P04148,390,0.4808695652173913,0.499,23,38.57713,0.5145000000000001,5.220538333333334,4.706038333333334,0.4373760272031738,1.0994419796904267,1.1408947197926786,1.0377034358047015
I-95 NB AM,110P04148,395,0.4826086956521739,0.5,23,38.57713,0.5145000000000001,5.220538333333334,4.706038333333334,0.4373760272031738,1.1034182617146235,1.143181081956592,1.0360360360360361
I-95 NB AM,110P04148,400,0.47565217391304343,0.508,23,38.57713,0.5145000000000001,5.220538333333334,4.706038333333334,0.4373760272031738,1.087513133617836,1.1614719792678974,1.0680073126142597
I-95 NB AM,110P04148,405,0.4769565217391304,0.499,23,38.57713,0.5145000000000001,5.220538333333334,4.706038333333334,0.4373760272031738,1.0904953451359836,1.1408947197926786,1.0462169553327256
I-95 NB AM,110P04148,410,0.4804347826086957,0.51,23,38.57713,0.5145000000000001,5.220538333333334,4.706038333333334,0.4373760272031738,1.0984479091843775,1.1660447035957238,1.0615384615384613
I-95 NB AM,110P04148,415,0.4760869565217391,0.5,23,38.57713,0.5145000000000001,5.220538333333334,4.706038333333334,0.4373760272031738,1.0885072041238852,1.143181081956592,1.0502283105022832
I-95 NB AM,110P04148,420,0.47565217391304343,0.509,23,38.57713,0.5145000000000001,5.220538333333334,4.706038333333334,0.4373760272031738,1.087513133617836,1.1637583414318105,1.0701096892138942
I-95 NB AM,110P04148,425,0.47347826086956524,0.499,23,38.57713,0.5145000000000001,5.220538333333334,4.706038333333334,0.4373760272031738,1.08254278108759,1.1408947197926786,1.053902662993572
I-95 NB AM,110P04148,430,0.4717391304347826,0.49,23,38.57713,0.5145000000000001,5.220538333333334,4.706038333333334,0.4373760272031738,1.0785664990633932,1.12031746031746,1.038709677419355
I-95 NB AM,110P04148,435,0.4656521739130434,0.49,23,38.57713,0.5145000000000001,5.220538333333334,4.706038333333334,0.4373760272031738,1.064649511978704,1.12031746031746,1.0522875816993464
I-95 NB AM,110P04148,440,0.4678260869565217,0.49,23,38.57713,0.5145000000000001,5.220538333333334,4.706038333333334,0.4373760272031738,1.0696198645089503,1.12031746031746,1.0473977695167287
I-95 NB AM,110P04148,445,0.47043478260869565,0.499,23,38.57713,0.5145000000000001,5.220538333333334,4.706038333333334,0.4373760272031738,1.0755842875452455,1.1408947197926786,1.0607208872458411
I-95 NB AM,110P04148,450,0.4665217391304348,0.48,23,38.57713,0.5145000000000001,5.220538333333334,4.706038333333334,0.4373760272031738,1.0666376529908028,1.0974538386783281,1.0288909599254425
I-95 NB AM,110P04148,455,0.4782608695652174,0.5259999999999999,23,38.57713,0.5145000000000001,5.220538333333334,4.706038333333334,0.4373760272031738,1.0934775566541315,1.2026264982183346,1.0998181818181816
I-95 NB AM,110P04148,460,0.4826086956521739,0.5909999999999999,23,38.57713,0.5145000000000001,5.220538333333334,4.706038333333334,0.4373760272031738,1.1034182617146235,1.3512400388726913,1.2245945945945944
I-95 NB AM,110P04148,465,0.4947826086956522,0.6009999999999999,23,38.57713,0.5145000000000001,5.220538333333334,4.706038333333334,0.4373760272031738,1.1312522358840014,1.374103660511823,1.2146748681898063
I-95 NB AM,110P04148,470,0.5104347826086957,0.6629999999999999,23,38.57713,0.5145000000000001,5.220538333333334,4.706038333333334,0.4373760272031738,1.167038774101773,1.5158581146744408,1.2988926746166949
I-95 NB AM,110P04148,475,0.5434782608695652,1.059,23,38.57713,0.5145000000000001,5.220538333333334,4.706038333333334,0.4373760272031738,1.242588132561513,2.4212575315840614,1.94856
I-95 NB AM,110P04148,480,0.5217391304347826,0.9589999999999995,23,38.57713,0.5145000000000001,5.220538333333334,4.706038333333334,0.4373760272031738,1.1928846072590524,2.192621315192742,1.8380833333333324
I-95 NB AM,110P04148,485,0.5356521739130435,0.8269999999999995,23,38.57713,0.5145000000000001,5.220538333333334,4.706038333333334,0.4373760272031738,1.2246948634526273,1.8908215095562018,1.5439123376623365
I-95 NB AM,110P04148,490,0.5439130434782609,0.6709999999999997,23,38.57713,0.5145000000000001,5.220538333333334,4.706038333333334,0.4373760272031738,1.243582203067562,1.5341490119857457,1.233653077537969
I-95 NB AM,110P04148,495,0.4978260869565217,0.6789999999999996,23,38.57713,0.5145000000000001,5.220538333333334,4.706038333333334,0.4373760272031738,1.1382107294263457,1.552439909297051,1.363930131004366
I-95 NB AM,110P04148,500,0.548695652173913,0.7809999999999997,23,38.57713,0.5145000000000001,5.220538333333334,4.706038333333334,0.4373760272031738,1.2545169786341035,1.7856488500161958,1.4233755942947697
I-95 NB AM,110P04148,505,0.5013043478260869,0.7479999999999997,23,38.57713,0.5145000000000001,5.220538333333334,4.706038333333334,0.4373760272031738,1.1461632934747394,1.7101988986070606,1.4921075455333905
I-95 NB AM,110P04148,510,0.5043478260869565,0.647,23,38.57713,0.5145000000000001,5.220538333333334,4.706038333333334,0.4373760272031738,1.153121787017084,1.47927632005183,1.282844827586207
I-95 NB AM,110P04148,515,0.4826086956521739,0.527,23,38.57713,0.5145000000000001,5.220538333333334,4.706038333333334,0.4373760272031738,1.1034182617146235,1.2049128603822479,1.091981981981982
I-95 NB AM,110P04148,520,0.5160869565217391,0.519,23,38.57713,0.5145000000000001,5.220538333333334,4.706038333333334,0.4373760272031738,1.1799616906804125,1.1866219630709425,1.0056444818871104
I-95 NB AM,110P04148,525,0.5156521739130434,0.5439999999999999,23,38.57713,0.5145000000000001,5.220538333333334,4.706038333333334,0.4373760272031738,1.1789676201743633,1.2437810171687718,1.054974704890388
I-95 NB AM,110P04148,530,0.5356521739130435,0.5909999999999999,23,38.57713,0.5145000000000001,5.220538333333334,4.706038333333334,0.4373760272031738,1.2246948634526273,1.3512400388726913,1.1033279220779217
I-95 NB AM,110P04148,535,0.5460869565217391,0.8069999999999996,23,38.57713,0.5145000000000001,5.220538333333334,4.706038333333334,0.4373760272031738,1.248552555597808,1.8450942662779384,1.477786624203821
I-95 NB AM,110P04148,540,0.5352173913043479,0.8459999999999995,23,38.57713,0.5145000000000001,5.220538333333334,4.706038333333334,0.4373760272031738,1.223700792946578,1.9342623906705523,1.5806661251015424
I-95 NB AM,110P04148,545,0.5165217391304349,0.8249999999999995,23,38.57713,0.5145000000000001,5.220538333333334,4.706038333333334,0.4373760272031738,1.180955761186462,1.8862487852283756,1.597222222222221
I-95 NB AM,110P04148,550,0.5321739130434783,0.5829999999999999,23,38.57713,0.5145000000000001,5.220538333333334,4.706038333333334,0.4373760272031738,1.2167422994042334,1.3329491415613859,1.095506535947712
I-95 NB AM,110P04148,555,0.5208695652173914,0.7959999999999995,23,38.57713,0.5145000000000001,5.220538333333334,4.706038333333334,0.4373760272031738,1.190896466246954,1.819944282474893,1.5282136894824696
I-95 NB AM,110P04148,560,0.523913043478261,0.9319999999999993,23,38.57713,0.5145000000000001,5.220538333333334,4.706038333333334,0.4373760272031738,1.1978549597892987,2.1308895367670857,1.7789211618257246
I-95 NB AM,110P04148,565,0.4969565217391304,0.6659999999999999,23,38.57713,0.5145000000000001,5.220538333333334,4.706038333333334,0.4373760272031738,1.1362225884142474,1.5227172011661803,1.3401574803149605
I-95 NB AM,110P04148,570,0.4865217391304348,0.558,23,38.57713,0.5145000000000001,5.220538333333334,4.706038333333334,0.4373760272031738,1.1123648962690664,1.2757900874635566,1.146916890080429
I-95 NB AM,110P04148,575,0.47043478260869565,0.49,23,38.57713,0.5145000000000001,5.220538333333334,4.706038333333334,0.4373760272031738,1.0755842875452455,1.12031746031746,1.0415896487985212
I-95 NB AM,110P04148,580,0.46695652173913044,0.499,23,38.57713,0.5145000000000001,5.220538333333334,4.706038333333334,0.4373760272031738,1.067631723496852,1.1408947197926786,1.0686219739292364
I-95 NB AM,110P04148,585,0.468695652173913,0.489,23,38.57713,0.5145000000000001,5.220538333333334,4.706038333333334,0.4373760272031738,1.0716080055210486,1.1180310981535468,1.0433209647495363
I-95 NB AM,110P04148,590,0.47782608695652173,0.517,23,38.57713,0.5145000000000001,5.220538333333334,4.706038333333334,0.4373760272031738,1.092483486148082,1.182049238743116,1.0819836214740675
I-95 NB AM,110P04148,595,0.468695652173913,0.499,23,38.57713,0.5145000000000001,5.220538333333334,4.706038333333334,0.4373760272031738,1.0716080055210486,1.1408947197926786,1.064656771799629
I-95 NB AM,110P04148,600,0.4691304347826087,0.499,23,38.57713,0.5145000000000001,5.220538333333334,4.706038333333334,0.4373760272031738,1.072602076027098,1.1408947197926786,1.0636700648748842
I-95 NB AM,110P04148,605,0.4682608695652174,0.508,23,38.57713,0.5145000000000001,5.220538333333334,4.706038333333334,0.4373760272031738,1.0706139350149995,1.1614719792678974,1.0848653667595172
I-95 NB AM,110P04148,610,0.45913043478260873,0.48799999999999993,23,38.57713,0.5145000000000001,5.220538333333334,4.706038333333334,0.4373760272031738,1.0497384543879662,1.1157447359896335,1.0628787878787878
I-95 NB AM,110P04148,615,0.46695652173913044,0.499,23,38.57713,0.5145000000000001,5.220538333333334,4.706038333333334,0.4373760272031738,1.067631723496852,1.1408947197926786,1.0686219739292364
I-95 NB AM,110P04148,620,0.4760869565217391,0.578,23,38.57713,0.5145000000000001,5.220538333333334,4.706038333333334,0.4373760272031738,1.0885072041238852,1.3215173307418202,1.2140639269406392
I-95 NB AM,110P04148,625,0.4826086956521739,0.6789999999999996,23,38.57713,0.5145000000000001,5.220538333333334,4.706038333333334,0.4373760272031738,1.1034182617146235,1.552439909297051,1.4069369369369362
I-95 NB AM,110P04148,630,0.4717391304347826,0.509,23,38.57713,0.5145000000000001,5.220538333333334,4.706038333333334,0.4373760272031738,1.0785664990633932,1.1637583414318105,1.0789861751152074
I-95 NB AM,110P04148,635,0.46695652173913044,0.48,23,38.57713,0.5145000000000001,5.220538333333334,4.706038333333334,0.4373760272031738,1.067631723496852,1.0974538386783281,1.0279329608938548
I-95 NB AM,110P04148,640,0.4652173913043478,0.48,23,38.57713,0.5145000000000001,5.220538333333334,4.706038333333334,0.4373760272031738,1.063655441472655,1.0974538386783281,1.0317757009345794
I-95 NB AM,110P04148,645,0.468695652173913,0.49,23,38.57713,0.5145000000000001,5.220538333333334,4.706038333333334,0.4373760272031738,1.0716080055210486,1.12031746031746,1.0454545454545454
I-95 NB AM,110P04148,650,0.46043478260869564,0.479,23,38.57713,0.5145000000000001,5.220538333333334,4.706038333333334,0.4373760272031738,1.0527206659061137,1.095167476514415,1.040321057601511
I-95 NB AM,110P04148,655,0.4643478260869565,0.489,23,38.57713,0.5145000000000001,5.220538333333334,4.706038333333334,0.4373760272031738,1.0616673004605566,1.1180310981535468,1.0530898876404495
I-95 NB AM,110P04150,300,0.4943478260869565,0.519,23,38.63537,0.5679150000000001,9.352486666666666,8.784571666666666,0.47993154881372413,1.030038194631851,1.0814042154195609,1.0498680738786281
I-95 NB AM,110P04150,305,0.4982608695652174,0.519,23,38.63537,0.5679150000000001,9.352486666666666,8.784571666666666,0.47993154881372413,1.0381915312648209,1.0814042154195609,1.0416230366492145
I-95 NB AM,110P04150,310,0.5004347826086957,0.519,23,38.63537,0.5679150000000001,9.352486666666666,8.784571666666666,0.47993154881372413,1.0427211627275819,1.0814042154195609,1.0370981754995656
I-95 NB AM,110P04150,315,0.5147826086956522,0.576,23,38.63537,0.5679150000000001,9.352486666666666,8.784571666666666,0.47993154881372413,1.0726167303818046,1.2001711523731542,1.1189189189189188
I-95 NB AM,110P04150,320,0.5595652173913044,0.7249999999999999,23,38.63537,0.5679150000000001,9.352486666666666,8.784571666666666,0.47993154881372413,1.1659271385146812,1.5106320928307928,1.2956487956487954
I-95 NB AM,110P04150,325,0.6247826086956522,0.9939999999999997,23,38.63537,0.5679150000000001,9.352486666666666,8.784571666666666,0.47993154881372413,1.301816082397511,2.0711286900328383,1.5909533750869862
I-95 NB AM,110P04150,330,0.7047826086956522,1.4259999999999997,23,38.63537,0.5679150000000001,9.352486666666666,8.784571666666666,0.47993154881372413,1.468506520227116,2.971257054312704,2.0233189389265878
I-95 NB AM,110P04150,335,0.7482608695652174,1.6649999999999994,23,38.63537,0.5679150000000001,9.352486666666666,8.784571666666666,0.47993154881372413,1.5590991494823359,3.4692447373286477,2.22515979081929
I-95 NB AM,110P04150,340,0.8630434782608696,2.0869999999999997,23,38.63537,0.5679150000000001,9.352486666666666,8.784571666666666,0.47993154881372413,1.7982636907161165,4.348536796879813,2.4181863979848863
I-95 NB AM,110P04150,345,0.9013043478260869,1.9859999999999998,23,38.63537,0.5679150000000001,9.352486666666666,8.784571666666666,0.47993154881372413,1.87798520446071,4.138090119119937,2.2034732272069464
I-95 NB AM,110P04150,350,0.8534782608695651,1.7509999999999997,23,38.63537,0.5679150000000001,9.352486666666666,8.784571666666666,0.47993154881372413,1.7783333122799678,3.6484369579954734,2.051604686704024
I-95 NB AM,110P04150,355,0.8913043478260869,1.9189999999999996,23,38.63537,0.5679150000000001,9.352486666666666,8.784571666666666,0.47993154881372413,1.8571488997320094,3.998486877437643,2.153024390243902
I-95 NB AM,110P04150,360,0.8973913043478261,2.1959999999999997,23,38.63537,0.5679150000000001,9.352486666666666,8.784571666666666,0.47993154881372413,1.8698318678277404,4.5756525184226495,2.4470930232558135
I-95 NB AM,110P04150,365,1.0208695652173914,2.448,23,38.63537,0.5679150000000001,9.352486666666666,8.784571666666666,0.47993154881372413,2.1271149349125653,5.1007273975859055,2.3979557069846678
I-95 NB AM,110P04150,370,0.9365217391304348,2.7829999999999995,23,38.63537,0.5679150000000001,9.352486666666666,8.784571666666666,0.47993154881372413,1.9513652341574383,5.798743605997374,2.971634168987929
I-95 NB AM,110P04150,375,0.9739130434782608,2.7419999999999995,23,38.63537,0.5679150000000001,9.352486666666666,8.784571666666666,0.47993154881372413,2.0292748953169273,5.713314756609702,2.8154464285714282
I-95 NB AM,110P04150,380,0.9947826086956522,2.9579999999999993,23,38.63537,0.5679150000000001,9.352486666666666,8.784571666666666,0.47993154881372413,2.072759357359433,6.163378938749634,2.973513986013985
I-95 NB AM,110P04150,385,0.9756521739130435,2.3699999999999997,23,38.63537,0.5679150000000001,9.352486666666666,8.784571666666666,0.47993154881372413,2.0328986004871363,4.9382042207020405,2.4291443850267376
I-95 NB AM,110P04150,390,0.9017391304347825,2.493999999999999,23,38.63537,0.5679150000000001,9.352486666666666,8.784571666666666,0.47993154881372413,1.878891130753262,5.196574399337925,2.765766634522661
I-95 NB AM,110P04150,395,0.9656521739130435,2.4539999999999984,23,38.63537,0.5679150000000001,9.352486666666666,8.784571666666666,0.47993154881372413,2.0120622957584358,5.113229180423122,2.54128770823953
I-95 NB AM,110P04150,400,1.011304347826087,2.3729999999999993,23,38.63537,0.5679150000000001,9.352486666666666,8.784571666666666,0.47993154881372413,2.1071845564764167,4.944455112120649,2.3464746345657774
I-95 NB AM,110P04150,405,0.947391304347826,2.327999999999999,23,38.63537,0.5679150000000001,9.352486666666666,8.784571666666666,0.47993154881372413,1.9740133914712432,4.850691740841496,2.457273978889398
I-95 NB AM,110P04150,410,0.9556521739130435,2.0529999999999995,23,38.63537,0.5679150000000001,9.352486666666666,8.784571666666666,0.47993154881372413,1.991225991029735,4.277693360802231,2.148271155595996
I-95 NB AM,110P04150,415,0.9065217391304349,1.9909999999999992,23,38.63537,0.5679150000000001,9.352486666666666,8.784571666666666,0.47993154881372413,1.8888563199713366,4.148508271484286,2.1963069544364497
I-95 NB AM,110P04150,420,0.8504347826086956,2.0569999999999995,23,38.63537,0.5679150000000001,9.352486666666666,8.784571666666666,0.47993154881372413,1.7719918282321028,4.286027882693711,2.4187627811860937
I-95 NB AM,110P04150,425,0.9495652173913044,2.546,23,38.63537,0.5679150000000001,9.352486666666666,8.784571666666666,0.47993154881372413,1.9785430229340044,5.304923183927171,2.681227106227106
I-95 NB AM,110P04150,430,0.9917391304347826,2.345,23,38.63537,0.5679150000000001,9.352486666666666,8.784571666666666,0.47993154881372413,2.0664178733115675,4.886113458880289,2.3645330995177556
I-95 NB AM,110P04150,435,1.0265217391304347,2.0349999999999997,23,38.63537,0.5679150000000001,9.352486666666666,8.784571666666666,0.47993154881372413,2.1388919767157435,4.24018801229057,1.9824227022448115
I-95 NB AM,110P04150,440,1.1034782608695652,1.9899999999999998,23,38.63537,0.5679150000000001,9.352486666666666,8.784571666666666,0.47993154881372413,2.299240930497483,4.146424641011418,1.8033884948778562
I-95 NB AM,110P04150,445,1.057391304347826,2.525,23,38.63537,0.5679150000000001,9.352486666666666,8.784571666666666,0.47993154881372413,2.2032127434869495,5.2611669439968995,2.387952302631579
I-95 NB AM,110P04150,450,1.0343478260869565,3.297999999999999,23,38.63537,0.5679150000000001,9.352486666666666,8.784571666666666,0.47993154881372413,2.155198649981683,6.871813299525454,3.1884825556956695
I-95 NB AM,110P04150,455,0.9143478260869565,3.1919999999999993,23,38.63537,0.5679150000000001,9.352486666666666,8.784571666666666,0.47993154881372413,1.905162993237276,6.650948469401228,3.491012838801711
I-95 NB AM,110P04150,460,0.8913043478260869,2.5189999999999997,23,38.63537,0.5679150000000001,9.352486666666666,8.784571666666666,0.47993154881372413,1.8571488997320094,5.248665161159679,2.826195121951219
I-95 NB AM,110P04150,465,0.831304347826087,2.12,23,38.63537,0.5679150000000001,9.352486666666666,8.784571666666666,0.47993154881372413,1.732131071359806,4.417296602484526,2.5502092050209204
I-95 NB AM,110P04150,470,0.78,2.3409999999999993,23,38.63537,0.5679150000000001,9.352486666666666,8.784571666666666,0.47993154881372413,1.6252317688386464,4.877778936988808,3.0012820512820504
I-95 NB AM,110P04150,475,0.7152173913043478,1.7029999999999994,23,38.63537,0.5679150000000001,9.352486666666666,8.784571666666666,0.47993154881372413,1.4902487512483684,3.54842269529771,2.3810942249240115
I-95 NB AM,110P04150,480,0.63,0.9499999999999998,23,38.63537,0.5679150000000001,9.352486666666666,8.784571666666666,0.47993154881372413,1.3126871979081374,1.9794489492265561,1.5079365079365077
I-95 NB AM,110P04150,485,0.5739130434782609,0.8999999999999999,23,38.63537,0.5679150000000001,9.352486666666666,8.784571666666666,0.47993154881372413,1.1958227061689037,1.8752674255830533,1.568181818181818
I-95 NB AM,110P04150,490,0.5891304347826087,0.8599999999999995,23,38.63537,0.5679150000000001,9.352486666666666,8.784571666666666,0.47993154881372413,1.2275301264082308,1.79192220666825,1.459778597785977
I-95 NB AM,110P04150,495,0.6691304347826087,1.3599999999999994,23,38.63537,0.5679150000000001,9.352486666666666,8.784571666666666,0.47993154881372413,1.3942205642378354,2.8337374431032796,2.032488628979856
I-95 NB AM,110P04150,500,0.678695652173913,1.305,23,38.63537,0.5679150000000001,9.352486666666666,8.784571666666666,0.47993154881372413,1.4141509426739838,2.7191377670954275,1.9228058936579115
I-95 NB AM,110P04150,505,0.6904347826086957,1.5909999999999986,23,38.63537,0.5679150000000001,9.352486666666666,8.784571666666666,0.47993154881372413,1.4386109525728934,3.3150560823362616,2.304345088161207
I-95 NB AM,110P04150,510,0.7104347826086956,1.8049999999999993,23,38.63537,0.5679150000000001,9.352486666666666,8.784571666666666,0.47993154881372413,1.4802835620302943,3.7609530035304557,2.540697674418604
I-95 NB AM,110P04150,515,0.7365217391304348,1.7129999999999994,23,38.63537,0.5679150000000001,9.352486666666666,8.784571666666666,0.47993154881372413,1.5346391395834265,3.5692590000264106,2.325796930342384
I-95 NB AM,110P04150,520,0.7195652173913044,2.1529999999999982,23,38.63537,0.5679150000000001,9.352486666666666,8.784571666666666,0.47993154881372413,1.4993080141738906,4.486056408089234,2.9920845921450123
I-95 NB AM,110P04150,525,0.6513043478260869,0.9759999999999998,23,38.63537,0.5679150000000001,9.352486666666666,8.784571666666666,0.47993154881372413,1.3570775862431952,2.0336233415211775,1.498531375166889
I-95 NB AM,110P04150,530,0.6978260869565218,1.1299999999999997,23,38.63537,0.5679150000000001,9.352486666666666,8.784571666666666,0.47993154881372413,1.4540116995462808,2.3545024343431664,1.6193146417445476
I-95 NB AM,110P04150,535,0.7139130434782609,1.351,23,38.63537,0.5679150000000001,9.352486666666666,8.784571666666666,0.47993154881372413,1.487530972370712,2.81498476884745,1.8923873325213154
I-95 NB AM,110P04150,540,0.7169565217391305,1.7819999999999998,23,38.63537,0.5679150000000001,9.352486666666666,8.784571666666666,0.47993154881372413,1.4938724564185775,3.7130295026544453,2.4855063674954514
I-95 NB AM,110P04150,545,0.6826086956521739,2.0949999999999984,23,38.63537,0.5679150000000001,9.352486666666666,8.784571666666666,0.47993154881372413,1.4223042793069536,4.365205840662771,3.069108280254775
I-95 NB AM,110P04150,550,0.6982608695652174,2.2179999999999986,23,38.63537,0.5679150000000001,9.352486666666666,8.784571666666666,0.47993154881372413,1.4549176258388328,4.621492388825789,3.1764632627646305
I-95 NB AM,110P04150,555,0.7369565217391304,2.072999999999998,23,38.63537,0.5679150000000001,9.352486666666666,8.784571666666666,0.47993154881372413,1.5355450658759784,4.319365970259629,2.8129203539822987
I-95 NB AM,110P04150,560,0.7034782608695652,1.8449999999999982,23,38.63537,0.5679150000000001,9.352486666666666,8.784571666666666,0.47993154881372413,1.4657887413494592,3.8442982224452558,2.6226823238566106
I-95 NB AM,110P04150,565,0.697391304347826,1.7709999999999981,23,38.63537,0.5679150000000001,9.352486666666666,8.784571666666666,0.47993154881372413,1.4531057732537283,3.6901095674528714,2.539463840399
I-95 NB AM,110P04150,570,0.7304347826086957,1.953999999999998,23,38.63537,0.5679150000000001,9.352486666666666,8.784571666666666,0.47993154881372413,1.5219561714876955,4.071413943988092,2.6751190476190447
I-95 NB AM,110P04150,575,0.7182608695652174,1.4919999999999993,23,38.63537,0.5679150000000001,9.352486666666666,8.784571666666666,0.47993154881372413,1.496590235296234,3.1087766655221274,2.077239709443098
I-95 NB AM,110P04150,580,0.7104347826086956,1.255,23,38.63537,0.5679150000000001,9.352486666666666,8.784571666666666,0.47993154881372413,1.4802835620302943,2.6149562434519242,1.7665238678090573
I-95 NB AM,110P04150,585,0.6343478260869565,0.6519999999999999,23,38.63537,0.5679150000000001,9.352486666666666,8.784571666666666,0.47993154881372413,1.3217464608336593,1.3585270683112785,1.0278272789581904
I-95 NB AM,110P04150,590,0.6108695652173913,0.6419999999999999,23,38.63537,0.5679150000000001,9.352486666666666,8.784571666666666,0.47993154881372413,1.2728264410358407,1.3376907635825779,1.0509608540925266
I-95 NB AM,110P04150,595,0.62,0.53,23,38.63537,0.5679150000000001,9.352486666666666,8.784571666666666,0.47993154881372413,1.2918508931794368,1.1043241506211314,0.8548387096774194
I-95 NB AM,110P04150,600,0.62,0.52,23,38.63537,0.5679150000000001,9.352486666666666,8.784571666666666,0.47993154881372413,1.2918508931794368,1.0834878458924309,0.8387096774193549
I-95 NB AM,110P04150,605,0.6482608695652174,0.519,23,38.63537,0.5679150000000001,9.352486666666666,8.784571666666666,0.47993154881372413,1.35073610219533,1.0814042154195609,0.8006036217303822
I-95 NB AM,110P04150,610,0.5752173913043478,0.53,23,38.63537,0.5679150000000001,9.352486666666666,8.784571666666666,0.47993154881372413,1.1985404850465602,1.1043241506211314,0.9213907785336358
I-95 NB AM,110P04150,615,0.5230434782608695,0.519,23,38.63537,0.5679150000000001,9.352486666666666,8.784571666666666,0.47993154881372413,1.0898293299402961,1.0814042154195609,0.9922693266832919
I-95 NB AM,110P04150,620,0.5139130434782608,0.53,23,38.63537,0.5679150000000001,9.352486666666666,8.784571666666666,0.47993154881372413,1.0708048777967,1.1043241506211314,1.0313028764805416
I-95 NB AM,110P04150,625,0.5052173913043478,0.52,23,38.63537,0.5679150000000001,9.352486666666666,8.784571666666666,0.47993154881372413,1.0526863519456562,1.0834878458924309,1.0292598967297764
I-95 NB AM,110P04150,630,0.5,0.52,23,38.63537,0.5679150000000001,9.352486666666666,8.784571666666666,0.47993154881372413,1.0418152364350297,1.0834878458924309,1.04
I-95 NB AM,110P04150,635,0.4978260869565217,0.519,23,38.63537,0.5679150000000001,9.352486666666666,8.784571666666666,0.47993154881372413,1.0372856049722685,1.0814042154195609,1.0425327510917033
I-95 NB AM,110P04150,640,0.5013043478260869,0.51,23,38.63537,0.5679150000000001,9.352486666666666,8.784571666666666,0.47993154881372413,1.0445330153126862,1.0626515411637303,1.0173460537727668
I-95 NB AM,110P04150,645,0.5030434782608696,0.53,23,38.63537,0.5679150000000001,9.352486666666666,8.784571666666666,0.47993154881372413,1.0481567204828952,1.1043241506211314,1.0535868625756266
I-95 NB AM,110P04150,650,0.5008695652173912,0.52,23,38.63537,0.5679150000000001,9.352486666666666,8.784571666666666,0.47993154881372413,1.043627089020134,1.0834878458924309,1.0381944444444446
I-95 NB AM,110P04150,655,0.5021739130434782,0.52,23,38.63537,0.5679150000000001,9.352486666666666,8.784571666666666,0.47993154881372413,1.0463448678977907,1.0834878458924309,1.0354978354978355
I-95 NB AM,110P04151,300,0.7417391304347826,0.759,23,38.65176,0.8360891666666668,10.836439166666667,10.00035,0.708550141242938,1.0468407064793248,1.0712015365187324,1.0232708089097304
I-95 NB AM,110P04151,305,0.7578260869565218,0.816,23,38.65176,0.8360891666666668,10.836439166666667,10.00035,0.708550141242938,1.0695447546268835,1.1516475017118386,1.0767641996557658
I-95 NB AM,110P04151,310,0.7965217391304348,0.939,23,38.65176,0.8360891666666668,10.836439166666667,10.00035,0.708550141242938,1.1241571947656055,1.325241426602226,1.1788755458515283
I-95 NB AM,110P04151,315,0.92,1.3189999999999997,23,38.65176,0.8360891666666668,10.836439166666667,10.00035,0.708550141242938,1.2984261048711907,1.8615478612229348,1.4336956521739126
I-95 NB AM,110P04151,320,1.2052173913043478,1.7029999999999998,23,38.65176,0.8360891666666668,10.836439166666667,10.00035,0.708550141242938,1.700962742298176,2.4034996267343884,1.4130230880230878
I-95 NB AM,110P04151,325,1.5052173913043476,2.281,23,38.65176,0.8360891666666668,10.836439166666667,10.00035,0.708550141242938,2.1243625591039987,3.2192499404469412,1.5153957250144428
I-95 NB AM,110P04151,330,1.6456521739130436,2.214,23,38.65176,0.8360891666666668,10.836439166666667,10.00035,0.708550141242938,2.322562763202957,3.124690648026974,1.3453632760898282
I-95 NB AM,110P04151,335,1.818695652173913,2.5549999999999997,23,38.65176,0.8360891666666668,10.836439166666667,10.00035,0.708550141242938,2.566784686519939,3.605955106462926,1.4048529763327753
I-95 NB AM,110P04151,340,1.9182608695652172,2.442,23,38.65176,0.8360891666666668,10.836439166666667,10.00035,0.708550141242938,2.7073043358656395,3.4464745087993998,1.2730281051677246
I-95 NB AM,110P04151,345,1.8830434782608696,2.368,23,38.65176,0.8360891666666668,10.836439166666667,10.00035,0.708550141242938,2.6576008791101735,3.3420358873206295,1.2575386746709767
I-95 NB AM,110P04151,350,1.998695652173913,2.638,23,38.65176,0.8360891666666668,10.836439166666667,10.00035,0.708550141242938,2.8208245766034326,3.7230957224458705,1.3198607787687622
I-95 NB AM,110P04151,355,1.9852173913043476,2.824,23,38.65176,0.8360891666666668,10.836439166666667,10.00035,0.708550141242938,2.8018022659933157,3.9856036088654805,1.4225142356548401
I-95 NB AM,110P04151,360,1.9408695652173913,3.3519999999999994,23,38.65176,0.8360891666666668,10.836439166666667,10.00035,0.708550141242938,2.739212727856803,4.730787286443729,1.7270609318996413
I-95 NB AM,110P04151,365,1.8843478260869566,2.6329999999999996,23,38.65176,0.8360891666666668,10.836439166666667,10.00035,0.708550141242938,2.6594417478788945,3.7160390588324397,1.3973004153207196
I-95 NB AM,110P04151,370,2.0756521739130434,2.866,23,38.65176,0.8360891666666668,10.836439166666667,10.00035,0.708550141242938,2.9294358339579696,4.044879583218297,1.3807708420611648
I-95 NB AM,110P04151,375,2.0669565217391304,2.723,23,38.65176,0.8360891666666668,10.836439166666667,10.00035,0.708550141242938,2.91716337549983,3.843059003874187,1.317395877156079
I-95 NB AM,110P04151,380,2.079565217391304,2.8129999999999997,23,38.65176,0.8360891666666668,10.836439166666667,10.00035,0.708550141242938,2.9349584402641327,3.970078948915934,1.3526865983692242
I-95 NB AM,110P04151,385,2.1795652173913043,2.8759999999999994,23,38.65176,0.8360891666666668,10.836439166666667,10.00035,0.708550141242938,3.0760917125327403,4.0589929104451565,1.3195292240175542
I-95 NB AM,110P04151,390,2.3791304347826085,3.0129999999999995,23,38.65176,0.8360891666666668,10.836439166666667,10.00035,0.708550141242938,3.3577446341470485,4.252345493453149,1.2664290935672513
I-95 NB AM,110P04151,395,2.3378260869565217,2.7150000000000003,23,38.65176,0.8360891666666668,10.836439166666667,10.00035,0.708550141242938,3.299450456470885,3.831768342092699,1.161335317091315
I-95 NB AM,110P04151,400,2.2069565217391305,2.7529999999999997,23,38.65176,0.8360891666666668,10.836439166666667,10.00035,0.708550141242938,3.114749956675881,3.885398985554769,1.2474192277383764
I-95 NB AM,110P04151,405,2.3552173913043477,3.072,23,38.65176,0.8360891666666668,10.836439166666667,10.00035,0.708550141242938,3.3239953733871643,4.335614124091628,1.3043381945726418
I-95 NB AM,110P04151,410,2.3143478260869568,3.533999999999999,23,38.65176,0.8360891666666668,10.836439166666667,10.00035,0.708550141242938,3.2663148186339077,4.987649841972594,1.5269960548562833
I-95 NB AM,110P04151,415,2.123913043478261,3.1769999999999996,23,38.65176,0.8360891666666668,10.836439166666667,10.00035,0.708550141242938,2.997547978400646,4.483804059973665,1.49582395087001
I-95 NB AM,110P04151,420,2.111304347826087,2.9290000000000003,23,38.65176,0.8360891666666668,10.836439166666667,10.00035,0.708550141242938,2.9797529136363434,4.133793544747519,1.3872940691927513
I-95 NB AM,110P04151,425,2.3134782608695654,3.49,23,38.65176,0.8360891666666668,10.836439166666667,10.00035,0.708550141242938,3.2650875727880937,4.925551202174408,1.5085510242435631
I-95 NB AM,110P04151,430,2.2378260869565216,3.2949999999999995,23,38.65176,0.8360891666666668,10.836439166666667,10.00035,0.708550141242938,3.158317184202277,4.650341321250623,1.4724111132698658
I-95 NB AM,110P04151,435,1.912608695652174,2.6929999999999996,23,38.65176,0.8360891666666668,10.836439166666667,10.00035,0.708550141242938,2.699327237867849,3.8007190221936042,1.4080245510343257
I-95 NB AM,110P04151,440,2.0469565217391303,3.3879999999999995,23,38.65176,0.8360891666666668,10.836439166666667,10.00035,0.708550141242938,2.8889367210461083,4.781595264460427,1.6551401869158877
I-95 NB AM,110P04151,445,1.961304347826087,3.5829999999999984,23,38.65176,0.8360891666666668,10.836439166666667,10.00035,0.708550141242938,2.7680530052334316,5.056805145384211,1.8268454888051422
I-95 NB AM,110P04151,450,1.9691304347826086,2.895,23,38.65176,0.8360891666666668,10.836439166666667,10.00035,0.708550141242938,2.7790982178457573,4.085808232176192,1.4701920953852947
I-95 NB AM,110P04151,455,1.9982608695652175,3.5929999999999986,23,38.65176,0.8360891666666668,10.836439166666667,10.00035,0.708550141242938,2.820210953680526,5.070918472611072,1.798063533507397
I-95 NB AM,110P04151,460,1.8282608695652176,2.784,23,38.65176,0.8360891666666668,10.836439166666667,10.00035,0.708550141242938,2.580284390823893,3.9291502999580374,1.5227586206896548
I-95 NB AM,110P04151,465,1.7269565217391303,2.614,23,38.65176,0.8360891666666668,10.836439166666667,10.00035,0.708550141242938,2.4373102497865635,3.6892237371014045,1.513645518630413
I-95 NB AM,110P04151,470,1.622608695652174,2.455,23,38.65176,0.8360891666666668,10.836439166666667,10.00035,0.708550141242938,2.2900407482888863,3.4648218341943187,1.5129957127545552
I-95 NB AM,110P04151,475,1.518695652173913,2.5939999999999994,23,38.65176,0.8360891666666668,10.836439166666667,10.00035,0.708550141242938,2.1433848697141156,3.6609970826476825,1.7080446607500712
I-95 NB AM,110P04151,480,1.4013043478260871,2.149,23,38.65176,0.8360891666666668,10.836439166666667,10.00035,0.708550141242938,1.9777066805292287,3.032954021052379,1.5335712069500465
I-95 NB AM,110P04151,485,1.3604347826086955,2.3899999999999997,23,38.65176,0.8360891666666668,10.836439166666667,10.00035,0.708550141242938,1.9200261257759712,3.3730852072197233,1.7567913071268775
I-95 NB AM,110P04151,490,1.4356521739130437,2.4309999999999996,23,38.65176,0.8360891666666668,10.836439166666667,10.00035,0.708550141242938,2.026182891438881,3.430949848849852,1.6933070866141726
I-95 NB AM,110P04151,495,1.4765217391304348,2.4069999999999996,23,38.65176,0.8360891666666668,10.836439166666667,10.00035,0.708550141242938,2.083863446192138,3.397077863505386,1.630182567726737
I-95 NB AM,110P04151,500,1.645217391304348,3.033999999999999,23,38.65176,0.8360891666666668,10.836439166666667,10.00035,0.708550141242938,2.32194914028005,4.281983480629555,1.8441331923890056
I-95 NB AM,110P04151,505,1.7786956521739128,3.0089999999999995,23,38.65176,0.8360891666666668,10.836439166666667,10.00035,0.708550141242938,2.5103313776124954,4.246700162562404,1.6916890735761427
I-95 NB AM,110P04151,510,1.642608695652174,2.462,23,38.65176,0.8360891666666668,10.836439166666667,10.00035,0.708550141242938,2.318267402742608,3.4747011632531213,1.498835362625728
I-95 NB AM,110P04151,515,1.6152173913043477,2.58,23,38.65176,0.8360891666666668,10.836439166666667,10.00035,0.708550141242938,2.2796091585994676,3.641238424530078,1.5973082099596232
I-95 NB AM,110P04151,520,1.7647826086956524,2.896,23,38.65176,0.8360891666666668,10.836439166666667,10.00035,0.708550141242938,2.4906954440794724,4.087219564898878,1.6409953190440993
I-95 NB AM,110P04151,525,1.9104347826086956,2.908,23,38.65176,0.8360891666666668,10.836439166666667,10.00035,0.708550141242938,2.6962591232533137,4.1041555575711115,1.522166590805644
I-95 NB AM,110P04151,530,1.8417391304347825,2.8539999999999996,23,38.65176,0.8360891666666668,10.836439166666667,10.00035,0.708550141242938,2.599306701434009,4.027943590546062,1.549622285174693
I-95 NB AM,110P04151,535,1.6591304347826086,2.267,23,38.65176,0.8360891666666668,10.836439166666667,10.00035,0.708550141242938,2.3415850738130732,3.199491282329336,1.3663784067085953
I-95 NB AM,110P04151,540,1.585217391304348,2.6259999999999994,23,38.65176,0.8360891666666668,10.836439166666667,10.00035,0.708550141242938,2.2372691769188853,3.706159729773637,1.6565551289083924
I-95 NB AM,110P04151,545,1.6817391304347826,2.8869999999999996,23,38.65176,0.8360891666666668,10.836439166666667,10.00035,0.708550141242938,2.373493465804237,4.074517570394703,1.7166752843846946
I-95 NB AM,110P04151,550,1.584782608695652,2.8819999999999992,23,38.65176,0.8360891666666668,10.836439166666667,10.00035,0.708550141242938,2.236655553995978,4.067460906781272,1.818545953360768
I-95 NB AM,110P04151,555,1.4052173913043478,2.902999999999999,23,38.65176,0.8360891666666668,10.836439166666667,10.00035,0.708550141242938,1.9832292868353913,4.097098893957679,2.065872524752475
I-95 NB AM,110P04151,560,1.3504347826086955,2.7009999999999987,23,38.65176,0.8360891666666668,10.836439166666667,10.00035,0.708550141242938,1.9059127985491104,3.8120096839750914,2.000096587250482
I-95 NB AM,110P04151,565,1.392608695652174,2.5469999999999993,23,38.65176,0.8360891666666668,10.836439166666667,10.00035,0.708550141242938,1.9654342220710888,3.5946644446814364,1.8289416172338426
I-95 NB AM,110P04151,570,1.3643478260869564,2.564999999999999,23,38.65176,0.8360891666666668,10.836439166666667,10.00035,0.708550141242938,1.925548732082134,3.6200684336897857,1.8800191204588905
I-95 NB AM,110P04151,575,1.478695652173913,2.269,23,38.65176,0.8360891666666668,10.836439166666667,10.00035,0.708550141242938,2.0869315608066725,3.2023139477747082,1.534460452807998
I-95 NB AM,110P04151,580,1.4808695652173913,1.9589999999999999,23,38.65176,0.8360891666666668,10.836439166666667,10.00035,0.708550141242938,2.0899996754212076,2.764800803742024,1.3228714034057545
I-95 NB AM,110P04151,585,1.3717391304347826,2.037,23,38.65176,0.8360891666666668,10.836439166666667,10.00035,0.708550141242938,1.9359803217715532,2.8748847561115385,1.4849762282091918
I-95 NB AM,110P04151,590,1.2795652173913044,1.9919999999999998,23,38.65176,0.8360891666666668,10.836439166666667,10.00035,0.708550141242938,1.8058922621152713,2.8113747835906646,1.5567787971457694
I-95 NB AM,110P04151,595,1.2547826086956522,1.736,23,38.65176,0.8360891666666668,10.836439166666667,10.00035,0.708550141242938,1.770915755509573,2.4500736065830293,1.3835065835065834
I-95 NB AM,110P04151,600,1.1669565217391304,2.0409999999999995,23,38.65176,0.8360891666666668,10.836439166666667,10.00035,0.708550141242938,1.646963925082361,2.880530087002282,1.7489940387481366
I-95 NB AM,110P04151,605,0.9569565217391305,1.5109999999999997,23,38.65176,0.8360891666666668,10.836439166666667,10.00035,0.708550141242938,1.350584053318285,2.1325237439786617,1.5789641072239886
I-95 NB AM,110P04151,610,0.8965217391304349,1.676999999999999,23,38.65176,0.8360891666666668,10.836439166666667,10.00035,0.708550141242938,1.2652904670342133,2.3668049759445493,1.8705625606207552
I-95 NB AM,110P04151,615,0.8860869565217391,1.976999999999998,23,38.65176,0.8360891666666668,10.836439166666667,10.00035,0.708550141242938,1.2505635168844453,2.7902047927503713,2.2311579980372893
I-95 NB AM,110P04151,620,0.8908695652173912,1.5519999999999992,23,38.65176,0.8360891666666668,10.836439166666667,10.00035,0.708550141242938,1.2573133690364222,2.19038838560879,1.7421181063933617
I-95 NB AM,110P04151,625,0.8765217391304347,1.4429999999999998,23,38.65176,0.8360891666666668,10.836439166666667,10.00035,0.708550141242938,1.2370638125804916,2.0365531188360086,1.6462797619047618
I-95 NB AM,110P04151,630,0.8682608695652173,1.3709999999999996,23,38.65176,0.8360891666666668,10.836439166666667,10.00035,0.708550141242938,1.2254049770452586,1.9349371628026106,1.5790185277916873
I-95 NB AM,110P04151,635,0.8417391304347825,1.4099999999999995,23,38.65176,0.8360891666666668,10.836439166666667,10.00035,0.708550141242938,1.1879739787479324,1.9899791389873676,1.6751033057851235
I-95 NB AM,110P04151,640,0.8234782608695653,1.3269999999999995,23,38.65176,0.8360891666666668,10.836439166666667,10.00035,0.708550141242938,1.1622018159858392,1.8728385230044233,1.6114572333685313
I-95 NB AM,110P04151,645,0.812608695652174,1.2859999999999994,23,38.65176,0.8360891666666668,10.836439166666667,10.00035,0.708550141242938,1.1468612429131642,1.814973881374294,1.5825575173889772
I-95 NB AM,110P04151,650,0.8034782608695652,1.2369999999999994,23,38.65176,0.8360891666666668,10.836439166666667,10.00035,0.708550141242938,1.1339751615321174,1.7458185779626763,1.5395562770562763
I-95 NB AM,110P04151,655,0.7982608695652174,1.2059999999999993,23,38.65176,0.8360891666666668,10.836439166666667,10.00035,0.708550141242938,1.1266116864572335,1.7020672635594076,1.5107843137254893
I-95 NB AM,110P04152,300,0.5243478260869565,0.54,23,38.66959,0.5815999999999999,12.546585,11.964985,0.49851428571428563,1.0518210633335328,1.083218707015131,1.0298507462686568
I-95 NB AM,110P04152,305,0.5378260869565218,0.56,23,38.66959,0.5815999999999999,12.546585,11.964985,0.49851428571428563,1.0788579231704645,1.1233379183860617,1.0412287793047696
I-95 NB AM,110P04152,310,0.5473913043478261,0.579,23,38.66959,0.5815999999999999,12.546585,11.964985,0.49851428571428563,1.0980453720869967,1.1614511691884457,1.0577442414614773
I-95 NB AM,110P04152,315,0.5660869565217391,0.6,23,38.66959,0.5815999999999999,12.546585,11.964985,0.49851428571428563,1.1355481131511276,1.2035763411279232,1.0599078341013826
I-95 NB AM,110P04152,320,0.5852173913043478,0.639,23,38.66959,0.5815999999999999,12.546585,11.964985,0.49851428571428563,1.1739230109841916,1.2818088033012383,1.0919019316493315
I-95 NB AM,110P04152,325,0.5830434782608696,0.629,23,38.66959,0.5815999999999999,12.546585,11.964985,0.49851428571428563,1.1695622271395254,1.2617491976157729,1.0788217747949291
I-95 NB AM,110P04152,330,0.5895652173913044,0.62,23,38.66959,0.5815999999999999,12.546585,11.964985,0.49851428571428563,1.1826445786735247,1.243695552498854,1.051622418879056
I-95 NB AM,110P04152,335,0.6039130434782609,0.678,23,38.66959,0.5815999999999999,12.546585,11.964985,0.49851428571428563,1.2114257520483227,1.3600412654745533,1.1226781857451404
I-95 NB AM,110P04152,340,0.6117391304347827,0.67,23,38.66959,0.5815999999999999,12.546585,11.964985,0.49851428571428563,1.2271245738891219,1.343993580926181,1.0952380952380951
I-95 NB AM,110P04152,345,0.6073913043478261,0.65,23,38.66959,0.5815999999999999,12.546585,11.964985,0.49851428571428563,1.2184030061997888,1.3038743695552502,1.0701503221188262
I-95 NB AM,110P04152,350,0.6056521739130435,0.659,23,38.66959,0.5815999999999999,12.546585,11.964985,0.49851428571428563,1.2149143791240558,1.321928014672169,1.0880832735104091
I-95 NB AM,110P04152,355,0.6278260869565218,0.698,23,38.66959,0.5815999999999999,12.546585,11.964985,0.49851428571428563,1.259394374339653,1.4001604768454838,1.1117728531855955
I-95 NB AM,110P04152,360,0.6313043478260869,0.72,23,38.66959,0.5815999999999999,12.546585,11.964985,0.49851428571428563,1.266371628491119,1.4442916093535076,1.140495867768595
I-95 NB AM,110P04152,365,0.6343478260869565,0.719,23,38.66959,0.5815999999999999,12.546585,11.964985,0.49851428571428563,1.272476725873652,1.4422856487849611,1.1334475668265935
I-95 NB AM,110P04152,370,0.6404347826086957,0.719,23,38.66959,0.5815999999999999,12.546585,11.964985,0.49851428571428563,1.2846869206387181,1.4422856487849611,1.1226748133061777
I-95 NB AM,110P04152,375,0.6773913043478261,0.769,23,38.66959,0.5815999999999999,12.546585,11.964985,0.49851428571428563,1.3588202459980467,1.5425836772122883,1.1352374839537869
I-95 NB AM,110P04152,380,0.6917391304347826,0.75,23,38.66959,0.5815999999999999,12.546585,11.964985,0.49851428571428563,1.3876014193728448,1.504470426409904,1.0842237586423633
I-95 NB AM,110P04152,385,0.68,0.75,23,38.66959,0.5815999999999999,12.546585,11.964985,0.49851428571428563,1.3640531866116463,1.504470426409904,1.102941176470588
I-95 NB AM,110P04152,390,0.7130434782608696,0.817,23,38.66959,0.5815999999999999,12.546585,11.964985,0.49851428571428563,1.4303371010505754,1.638869784502522,1.1457926829268292
I-95 NB AM,110P04152,395,0.7026086956521739,0.808,23,38.66959,0.5815999999999999,12.546585,11.964985,0.49851428571428563,1.4094053385961767,1.6208161393856033,1.1500000000000001
I-95 NB AM,110P04152,400,0.7373913043478261,0.9209999999999999,23,38.66959,0.5815999999999999,12.546585,11.964985,0.49851428571428563,1.4791778801108388,1.847489683631362,1.248997641509434
I-95 NB AM,110P04152,405,0.7765217391304348,1.0299999999999998,23,38.66959,0.5815999999999999,12.546585,11.964985,0.49851428571428563,1.5576719893148339,2.066139385602934,1.3264277715565507
I-95 NB AM,110P04152,410,0.8017391304347826,0.9639999999999997,23,38.66959,0.5815999999999999,12.546585,11.964985,0.49851428571428563,1.608257081912964,1.9337459880788628,1.202386117136659
I-95 NB AM,110P04152,415,0.7556521739130434,0.9329999999999997,23,38.66959,0.5815999999999999,12.546585,11.964985,0.49851428571428563,1.5158084644060363,1.8715612104539199,1.2346950517836592
I-95 NB AM,110P04152,420,0.7473913043478262,0.9499999999999997,23,38.66959,0.5815999999999999,12.546585,11.964985,0.49851428571428563,1.4992374857963044,1.905662540119211,1.2710878417684695
I-95 NB AM,110P04152,425,0.7721739130434784,0.837,23,38.66959,0.5815999999999999,12.546585,11.964985,0.49851428571428563,1.5489504216255015,1.6789889958734527,1.0839527027027025
I-95 NB AM,110P04152,430,0.7186956521739131,0.8009999999999999,23,38.66959,0.5815999999999999,12.546585,11.964985,0.49851428571428563,1.441675139046708,1.6067744154057773,1.114519056261343
I-95 NB AM,110P04152,435,0.6591304347826087,0.7639999999999999,23,38.66959,0.5815999999999999,12.546585,11.964985,0.49851428571428563,1.322189661702849,1.5325538743695553,1.15910290237467
I-95 NB AM,110P04152,440,0.6982608695652174,0.826,23,38.66959,0.5815999999999999,12.546585,11.964985,0.49851428571428563,1.4006837709068438,1.6569234296194408,1.1829389788293898
I-95 NB AM,110P04152,445,0.6882608695652174,0.76,23,38.66959,0.5815999999999999,12.546585,11.964985,0.49851428571428563,1.3806241652213784,1.5245300320953694,1.104232469993683
I-95 NB AM,110P04152,450,0.6504347826086957,0.8319999999999999,23,38.66959,0.5815999999999999,12.546585,11.964985,0.49851428571428563,1.3047465263241835,1.66895919303072,1.2791443850267377
I-95 NB AM,110P04152,455,0.6452173913043479,0.76,23,38.66959,0.5815999999999999,12.546585,11.964985,0.49851428571428563,1.2942806450969842,1.5245300320953694,1.1778975741239892
I-95 NB AM,110P04152,460,0.6469565217391304,0.748,23,38.66959,0.5815999999999999,12.546585,11.964985,0.49851428571428563,1.2977692721727172,1.5004585052728108,1.1561827956989248
I-95 NB AM,110P04152,465,0.66,0.7939999999999999,23,38.66959,0.5815999999999999,12.546585,11.964985,0.49851428571428563,1.3239339752407155,1.5927326914259514,1.203030303030303
I-95 NB AM,110P04152,470,0.6521739130434783,0.8299999999999998,23,38.66959,0.5815999999999999,12.546585,11.964985,0.49851428571428563,1.3082351533999166,1.6649472718936267,1.2726666666666664
I-95 NB AM,110P04152,475,0.6530434782608695,0.779,23,38.66959,0.5815999999999999,12.546585,11.964985,0.49851428571428563,1.3099794669377829,1.5626432828977537,1.1928761651131825
I-95 NB AM,110P04152,480,0.6273913043478261,0.7629999999999999,23,38.66959,0.5815999999999999,12.546585,11.964985,0.49851428571428563,1.2585222175707196,1.5305479138010087,1.216146916146916
I-95 NB AM,110P04152,485,0.6121739130434782,0.718,23,38.66959,0.5815999999999999,12.546585,11.964985,0.49851428571428563,1.2279967306580548,1.4402796882164146,1.1728693181818182
I-95 NB AM,110P04152,490,0.6130434782608696,0.69,23,38.66959,0.5815999999999999,12.546585,11.964985,0.49851428571428563,1.2297410441959216,1.3841127922971115,1.125531914893617
I-95 NB AM,110P04152,495,0.6295652173913043,0.729,23,38.66959,0.5815999999999999,12.546585,11.964985,0.49851428571428563,1.262883001415386,1.4623452544704265,1.1579419889502762
I-95 NB AM,110P04152,500,0.6295652173913043,0.7529999999999999,23,38.66959,0.5815999999999999,12.546585,11.964985,0.49851428571428563,1.262883001415386,1.5104883081155434,1.196063535911602
I-95 NB AM,110P04152,505,0.6178260869565217,0.7339999999999999,23,38.66959,0.5815999999999999,12.546585,11.964985,0.49851428571428563,1.2393347686541876,1.472375057313159,1.1880365939479238
I-95 NB AM,110P04152,510,0.6165217391304347,0.688,23,38.66959,0.5815999999999999,12.546585,11.964985,0.49851428571428563,1.2367182983473877,1.3801008711600184,1.115937940761636
I-95 NB AM,110P04152,515,0.5995652173913043,0.659,23,38.66959,0.5815999999999999,12.546585,11.964985,0.49851428571428563,1.2027041843589898,1.321928014672169,1.0991298042059465
I-95 NB AM,110P04152,520,0.5917391304347825,0.668,23,38.66959,0.5815999999999999,12.546585,11.964985,0.49851428571428563,1.1870053625181907,1.339981659789088,1.1288758265980898
I-95 NB AM,110P04152,525,0.5956521739130435,0.64,23,38.66959,0.5815999999999999,12.546585,11.964985,0.49851428571428563,1.1948547734385904,1.2838147638697848,1.0744525547445256
I-95 NB AM,110P04152,530,0.6095652173913043,0.649,23,38.66959,0.5815999999999999,12.546585,11.964985,0.49851428571428563,1.2227637900444552,1.3018684089867036,1.0646932952924395
I-95 NB AM,110P04152,535,0.6078260869565217,0.64,23,38.66959,0.5815999999999999,12.546585,11.964985,0.49851428571428563,1.2192751629687222,1.2838147638697848,1.0529327610872676
I-95 NB AM,110P04152,540,0.5960869565217392,0.6559999999999999,23,38.66959,0.5815999999999999,12.546585,11.964985,0.49851428571428563,1.1957269302075237,1.3159101329665293,1.1005105762217358
I-95 NB AM,110P04152,545,0.5852173913043479,0.629,23,38.66959,0.5815999999999999,12.546585,11.964985,0.49851428571428563,1.1739230109841918,1.2617491976157729,1.07481426448737
I-95 NB AM,110P04152,550,0.5660869565217391,0.608,23,38.66959,0.5815999999999999,12.546585,11.964985,0.49851428571428563,1.1355481131511276,1.2196240256762954,1.0740399385560675
I-95 NB AM,110P04152,555,0.5765217391304348,0.61,23,38.66959,0.5815999999999999,12.546585,11.964985,0.49851428571428563,1.1564798756055261,1.2236359468133886,1.0580693815987934
I-95 NB AM,110P04152,560,0.5747826086956521,0.638,23,38.66959,0.5815999999999999,12.546585,11.964985,0.49851428571428563,1.152991248529793,1.2798028427326917,1.1099848714069593
I-95 NB AM,110P04152,565,0.5652173913043478,0.609,23,38.66959,0.5815999999999999,12.546585,11.964985,0.49851428571428563,1.1338037996132608,1.221629986244842,1.0774615384615385
I-95 NB AM,110P04152,570,0.5660869565217391,0.628,23,38.66959,0.5815999999999999,12.546585,11.964985,0.49851428571428563,1.1355481131511276,1.2597432370472263,1.1093701996927803
I-95 NB AM,110P04152,575,0.568695652173913,0.609,23,38.66959,0.5815999999999999,12.546585,11.964985,0.49851428571428563,1.1407810537647272,1.221629986244842,1.0708715596330274
I-95 NB AM,110P04152,580,0.5652173913043478,0.609,23,38.66959,0.5815999999999999,12.546585,11.964985,0.49851428571428563,1.1338037996132608,1.221629986244842,1.0774615384615385
I-95 NB AM,110P04152,585,0.5647826086956522,0.599,23,38.66959,0.5815999999999999,12.546585,11.964985,0.49851428571428563,1.1329316428443277,1.2015703805593765,1.0605850654349498
I-95 NB AM,110P04152,590,0.5552173913043478,0.598,23,38.66959,0.5815999999999999,12.546585,11.964985,0.49851428571428563,1.1137441939277954,1.19956441999083,1.0770555990602977
I-95 NB AM,110P04152,595,0.5573913043478261,0.609,23,38.66959,0.5815999999999999,12.546585,11.964985,0.49851428571428563,1.118104977772462,1.221629986244842,1.0925897035881433
I-95 NB AM,110P04152,600,0.5569565217391305,0.59,23,38.66959,0.5815999999999999,12.546585,11.964985,0.49851428571428563,1.1172328210035287,1.1835167354424576,1.0593286494925838
I-95 NB AM,110P04152,605,0.5504347826086956,0.589,23,38.66959,0.5815999999999999,12.546585,11.964985,0.49851428571428563,1.1041504694695294,1.181510774873911,1.0700631911532386
I-95 NB AM,110P04152,610,0.5530434782608696,0.59,23,38.66959,0.5815999999999999,12.546585,11.964985,0.49851428571428563,1.1093834100831292,1.1835167354424576,1.066823899371069
I-95 NB AM,110P04152,615,0.5530434782608696,0.607,23,38.66959,0.5815999999999999,12.546585,11.964985,0.49851428571428563,1.1093834100831292,1.2176180651077488,1.097562893081761
I-95 NB AM,110P04152,620,0.541304347826087,0.578,23,38.66959,0.5815999999999999,12.546585,11.964985,0.49851428571428563,1.0858351773219308,1.1594452086198992,1.0677911646586342
I-95 NB AM,110P04152,625,0.5434782608695652,0.589,23,38.66959,0.5815999999999999,12.546585,11.964985,0.49851428571428563,1.090195961166597,1.181510774873911,1.08376
I-95 NB AM,110P04152,630,0.5456521739130435,0.59,23,38.66959,0.5815999999999999,12.546585,11.964985,0.49851428571428563,1.0945567450112637,1.1835167354424576,1.0812749003984061
I-95 NB AM,110P04152,635,0.54,0.568,23,38.66959,0.5815999999999999,12.546585,11.964985,0.49851428571428563,1.083218707015131,1.1393856029344338,1.0518518518518516
I-95 NB AM,110P04152,640,0.5486956521739131,0.58,23,38.66959,0.5815999999999999,12.546585,11.964985,0.49851428571428563,1.1006618423937966,1.1634571297569922,1.0570522979397778
I-95 NB AM,110P04152,645,0.5365217391304348,0.569,23,38.66959,0.5815999999999999,12.546585,11.964985,0.49851428571428563,1.0762414528636646,1.1413915635029803,1.0605348460291733
I-95 NB AM,110P04152,650,0.533913043478261,0.56,23,38.66959,0.5815999999999999,12.546585,11.964985,0.49851428571428563,1.0710085122500652,1.1233379183860617,1.0488599348534202
I-95 NB AM,110P04152,655,0.5395652173913044,0.579,23,38.66959,0.5815999999999999,12.546585,11.964985,0.49851428571428563,1.0823465502461975,1.1614511691884457,1.0730862207896856
I-95 NB AM,110P04153,300,0.8765217391304347,0.918,23,38.67434,1.0148933333333334,14.053318333333333,13.038425,0.862515580736544,1.0162387308782646,1.0643285993930396,1.0473214285714287
I-95 NB AM,110P04153,305,0.8921739130434783,0.92,23,38.67434,1.0148933333333334,14.053318333333333,13.038425,0.862515580736544,1.0343858510725192,1.0666473980845277,1.0311890838206628
I-95 NB AM,110P04153,310,0.8965217391304349,0.93,23,38.67434,1.0148933333333334,14.053318333333333,13.038425,0.862515580736544,1.0394267177931458,1.0782413915419682,1.0373423860329776
I-95 NB AM,110P04153,315,0.9091304347826087,0.93,23,38.67434,1.0148933333333334,14.053318333333333,13.038425,0.862515580736544,1.0540452312829618,1.0782413915419682,1.0229555236728838
I-95 NB AM,110P04153,320,0.91,0.958,23,38.67434,1.0148933333333334,14.053318333333333,13.038425,0.862515580736544,1.0550534046270872,1.1107045732228016,1.0527472527472526
I-95 NB AM,110P04153,325,0.9260869565217391,0.969,23,38.67434,1.0148933333333334,14.053318333333333,13.038425,0.862515580736544,1.0737046114934046,1.1234579660259862,1.046338028169014
I-95 NB AM,110P04153,330,0.9234782608695653,0.988,23,38.67434,1.0148933333333334,14.053318333333333,13.038425,0.862515580736544,1.0706800914610288,1.145486553595123,1.0698681732580038
I-95 NB AM,110P04153,335,0.9265217391304347,0.96,23,38.67434,1.0148933333333334,14.053318333333333,13.038425,0.862515580736544,1.074208698165467,1.1130233719142897,1.0361332707648991
I-95 NB AM,110P04153,340,0.9356521739130435,1.005,23,38.67434,1.0148933333333334,14.053318333333333,13.038425,0.862515580736544,1.0847945182787824,1.165196342472772,1.0741171003717471
I-95 NB AM,110P04153,345,0.9334782608695652,0.97,23,38.67434,1.0148933333333334,14.053318333333333,13.038425,0.862515580736544,1.082274084918469,1.1246173653717302,1.0391243595714952
I-95 NB AM,110P04153,350,0.9339130434782609,1.004,23,38.67434,1.0148933333333334,14.053318333333333,13.038425,0.862515580736544,1.0827781715905318,1.164036943127028,1.0750465549348232
I-95 NB AM,110P04153,355,0.9552173913043478,1.039,23,38.67434,1.0148933333333334,14.053318333333333,13.038425,0.862515580736544,1.1074784185216007,1.2046159202280697,1.0877105143377332
I-95 NB AM,110P04153,360,0.9526086956521739,1.036,23,38.67434,1.0148933333333334,14.053318333333333,13.038425,0.862515580736544,1.104453898489225,1.2011377221908377,1.0875399361022364
I-95 NB AM,110P04153,365,0.957391304347826,1.04,23,38.67434,1.0148933333333334,14.053318333333333,13.038425,0.862515580736544,1.109998851881914,1.205775319573814,1.086285195277021
I-95 NB AM,110P04153,370,0.9665217391304348,1.047,23,38.67434,1.0148933333333334,14.053318333333333,13.038425,0.862515580736544,1.1205846719952293,1.2138911149940221,1.0832658569500673
I-95 NB AM,110P04153,375,1.0452173913043479,1.088,23,38.67434,1.0148933333333334,14.053318333333333,13.038425,0.862515580736544,1.2118243596385656,1.2614264881695285,1.0409317803660565
I-95 NB AM,110P04153,380,1.0447826086956522,1.31,23,38.67434,1.0148933333333334,14.053318333333333,13.038425,0.862515580736544,1.211320272966503,1.5188131429247078,1.2538493549729506
I-95 NB AM,110P04153,385,1.0991304347826087,1.5979999999999999,23,38.67434,1.0148933333333334,14.053318333333333,13.038425,0.862515580736544,1.2743311069743317,1.8527201544989946,1.453876582278481
I-95 NB AM,110P04153,390,1.1943478260869564,2.163,23,38.67434,1.0148933333333334,14.053318333333333,13.038425,0.862515580736544,1.384726088156048,2.507780784844384,1.8110302147797597
I-95 NB AM,110P04153,395,1.2939130434782609,3.0619999999999985,23,38.67434,1.0148933333333334,14.053318333333333,13.038425,0.862515580736544,1.5001619360583904,3.550080796668285,2.3664650537634397
I-95 NB AM,110P04153,400,1.336521739130435,2.4899999999999998,23,38.67434,1.0148933333333334,14.053318333333333,13.038425,0.862515580736544,1.5495624299205286,2.886904370902689,1.8630448926480152
I-95 NB AM,110P04153,405,1.695217391304348,3.967999999999997,23,38.67434,1.0148933333333334,14.053318333333333,13.038425,0.862515580736544,1.9654339343721994,4.600496603912394,2.3407027442934063
I-95 NB AM,110P04153,410,1.934782608695652,5.596999999999994,23,38.67434,1.0148933333333334,14.053318333333333,13.038425,0.862515580736544,2.243185690678709,6.489158138129452,2.8928314606741545
I-95 NB AM,110P04153,415,1.825217391304348,4.915999999999995,23,38.67434,1.0148933333333334,14.053318333333333,13.038425,0.862515580736544,2.116155849318926,5.699607183677753,2.6933777989518792
I-95 NB AM,110P04153,420,1.553478260869565,4.917999999999997,23,38.67434,1.0148933333333334,14.053318333333333,13.038425,0.862515580736544,1.8011016792797812,5.701925982369243,3.165799048418694
I-95 NB AM,110P04153,425,1.623913043478261,3.5839999999999996,23,38.67434,1.0148933333333334,14.053318333333333,13.038425,0.862515580736544,1.8827637201539276,4.155287255146681,2.2070147255689423
I-95 NB AM,110P04153,430,1.7695652173913041,3.418,23,38.67434,1.0148933333333334,14.053318333333333,13.038425,0.862515580736544,2.051632755294909,3.9628269637531695,1.931547911547912
I-95 NB AM,110P04153,435,1.7186956521739132,4.438999999999998,23,38.67434,1.0148933333333334,14.053318333333333,13.038425,0.862515580736544,1.9926546146635813,5.146573695757844,2.5827725777890196
I-95 NB AM,110P04153,440,1.7769565217391303,4.420999999999999,23,38.67434,1.0148933333333334,14.053318333333333,13.038425,0.862515580736544,2.0602022287199735,5.1257045075344525,2.4879618301932958
I-95 NB AM,110P04153,445,1.9221739130434783,4.45,23,38.67434,1.0148933333333334,14.053318333333333,13.038425,0.862515580736544,2.228567177188893,5.159327088561031,2.315087084370052
I-95 NB AM,110P04153,450,1.9717391304347827,4.789,23,38.67434,1.0148933333333334,14.053318333333333,13.038425,0.862515580736544,2.2860330578040324,5.552363466768264,2.4288202866593163
I-95 NB AM,110P04153,455,2.007391304347826,4.6450000000000005,23,38.67434,1.0148933333333334,14.053318333333333,13.038425,0.862515580736544,2.3273681649131683,5.3854099609811215,2.313948451375352
I-95 NB AM,110P04153,460,1.9882608695652175,5.292999999999998,23,38.67434,1.0148933333333334,14.053318333333333,13.038425,0.862515580736544,2.3051883513424127,6.136700737023264,2.6621255193527213
I-95 NB AM,110P04153,465,2.2273913043478264,5.69,23,38.67434,1.0148933333333334,14.053318333333333,13.038425,0.862515580736544,2.58243602097686,6.596982277283655,2.5545578762443877
I-95 NB AM,110P04153,470,2.1791304347826084,5.018,23,38.67434,1.0148933333333334,14.053318333333333,13.038425,0.862515580736544,2.5264824003779074,5.817865916943652,2.3027533918595373
I-95 NB AM,110P04153,475,2.0569565217391306,5.149999999999998,23,38.67434,1.0148933333333334,14.053318333333333,13.038425,0.862515580736544,2.3848340455283084,5.970906630581864,2.5036990065525244
I-95 NB AM,110P04153,480,1.8608695652173912,4.231999999999999,23,38.67434,1.0148933333333334,14.053318333333333,13.038425,0.862515580736544,2.1574909564280613,4.906578031188826,2.2742056074766355
I-95 NB AM,110P04153,485,1.7578260869565216,4.299,23,38.67434,1.0148933333333334,14.053318333333333,13.038425,0.862515580736544,2.038022415149218,4.9842577873536795,2.4456344298788033
I-95 NB AM,110P04153,490,1.6347826086956523,3.506,23,38.67434,1.0148933333333334,14.053318333333333,13.038425,0.862515580736544,1.8953658869554935,4.064854106178645,2.1446276595744678
I-95 NB AM,110P04153,495,1.5265217391304347,3.8649999999999998,23,38.67434,1.0148933333333334,14.053318333333333,13.038425,0.862515580736544,1.769848305611898,4.48107847130076,2.531899743662774
I-95 NB AM,110P04153,500,1.501304347826087,3.0649999999999995,23,38.67434,1.0148933333333334,14.053318333333333,13.038425,0.862515580736544,1.7406112786322656,3.553558994705518,2.0415580654503325
I-95 NB AM,110P04153,505,1.5191304347826087,2.909,23,38.67434,1.0148933333333334,14.053318333333333,13.038425,0.862515580736544,1.7612788321868333,3.3726926967694464,1.9149112764739553
I-95 NB AM,110P04153,510,1.3630434782608696,2.7259999999999995,23,38.67434,1.0148933333333334,14.053318333333333,13.038425,0.862515580736544,1.580311716916349,3.1605226164982847,1.9999362041467301
I-95 NB AM,110P04153,515,1.2482608695652175,1.9629999999999992,23,38.67434,1.0148933333333334,14.053318333333333,13.038425,0.862515580736544,1.4472328354918145,2.2759009156955727,1.5725879484500165
I-95 NB AM,110P04153,520,1.0991304347826087,1.3509999999999995,23,38.67434,1.0148933333333334,14.053318333333333,13.038425,0.862515580736544,1.2743311069743317,1.5663485161002135,1.2291534810126576
I-95 NB AM,110P04153,525,1.127391304347826,1.2809999999999997,23,38.67434,1.0148933333333334,14.053318333333333,13.038425,0.862515580736544,1.3070967406584026,1.48519056189813,1.136251446201311
I-95 NB AM,110P04153,530,1.1921739130434783,1.5359999999999994,23,38.67434,1.0148933333333334,14.053318333333333,13.038425,0.862515580736544,1.3822056547957349,1.7808373950628629,1.2884026258205683
I-95 NB AM,110P04153,535,1.1691304347826088,0.997,23,38.67434,1.0148933333333334,14.053318333333333,13.038425,0.862515580736544,1.3554890611764154,1.1559211477068196,0.8527705466716251
I-95 NB AM,110P04153,540,1.0634782608695652,1.025,23,38.67434,1.0148933333333334,14.053318333333333,13.038425,0.862515580736544,1.232995999865196,1.188384329387653,0.9638184791496319
I-95 NB AM,110P04153,545,0.9704347826086956,1.2189999999999996,23,38.67434,1.0148933333333334,14.053318333333333,13.038425,0.862515580736544,1.1251214520437929,1.4133078024619987,1.2561379928315408
I-95 NB AM,110P04153,550,0.9647826086956522,0.967,23,38.67434,1.0148933333333334,14.053318333333333,13.038425,0.862515580736544,1.1185683253069787,1.1211391673344981,1.002298332582244
I-95 NB AM,110P04153,555,0.93,0.93,23,38.67434,1.0148933333333334,14.053318333333333,13.038425,0.862515580736544,1.0782413915419682,1.0782413915419682,1.0
I-95 NB AM,110P04153,560,0.9073913043478261,0.939,23,38.67434,1.0148933333333334,14.053318333333333,13.038425,0.862515580736544,1.0520288845947114,1.0886759856536645,1.0348346909439385
I-95 NB AM,110P04153,565,0.9078260869565217,0.94,23,38.67434,1.0148933333333334,14.053318333333333,13.038425,0.862515580736544,1.052532971266774,1.0898353849994087,1.03544061302682
I-95 NB AM,110P04153,570,0.9082608695652175,0.939,23,38.67434,1.0148933333333334,14.053318333333333,13.038425,0.862515580736544,1.0530370579388366,1.0886759856536645,1.0338439444710386
I-95 NB AM,110P04153,575,0.9069565217391304,0.94,23,38.67434,1.0148933333333334,14.053318333333333,13.038425,0.862515580736544,1.0515247979226487,1.0898353849994087,1.0364333652924256
I-95 NB AM,110P04153,580,0.9134782608695653,0.95,23,38.67434,1.0148933333333334,14.053318333333333,13.038425,0.862515580736544,1.0590860980035883,1.1014293784568492,1.03998096144693
I-95 NB AM,110P04153,585,0.9147826086956521,0.949,23,38.67434,1.0148933333333334,14.053318333333333,13.038425,0.862515580736544,1.060598358019776,1.100269979111105,1.0374049429657795
I-95 NB AM,110P04153,590,0.9121739130434783,0.939,23,38.67434,1.0148933333333334,14.053318333333333,13.038425,0.862515580736544,1.0575738379874002,1.0886759856536645,1.0294089609151573
I-95 NB AM,110P04153,595,0.9121739130434783,0.958,23,38.67434,1.0148933333333334,14.053318333333333,13.038425,0.862515580736544,1.0575738379874002,1.1107045732228016,1.05023832221163
I-95 NB AM,110P04153,600,0.9143478260869565,0.949,23,38.67434,1.0148933333333334,14.053318333333333,13.038425,0.862515580736544,1.0600942713477135,1.100269979111105,1.0378982406086543
I-95 NB AM,110P04153,605,0.9152173913043479,0.959,23,38.67434,1.0148933333333334,14.053318333333333,13.038425,0.862515580736544,1.0611024446918387,1.1118639725685457,1.0478384798099762
I-95 NB AM,110P04153,610,0.9056521739130435,0.92,23,38.67434,1.0148933333333334,14.053318333333333,13.038425,0.862515580736544,1.0500125379064609,1.0666473980845277,1.0158425348055689
I-95 NB AM,110P04153,615,0.9117391304347826,0.966,23,38.67434,1.0148933333333334,14.053318333333333,13.038425,0.862515580736544,1.0570697513153378,1.119979767988754,1.059513590844063
I-95 NB AM,110P04153,620,0.9139130434782609,0.95,23,38.67434,1.0148933333333334,14.053318333333333,13.038425,0.862515580736544,1.0595901846756508,1.1014293784568492,1.039486203615604
I-95 NB AM,110P04153,625,0.9117391304347826,0.949,23,38.67434,1.0148933333333334,14.053318333333333,13.038425,0.862515580736544,1.0570697513153378,1.100269979111105,1.0408679065331425
I-95 NB AM,110P04153,630,0.9095652173913045,0.949,23,38.67434,1.0148933333333334,14.053318333333333,13.038425,0.862515580736544,1.0545493179550247,1.100269979111105,1.0433556405353726
I-95 NB AM,110P04153,635,0.912608695652174,0.949,23,38.67434,1.0148933333333334,14.053318333333333,13.038425,0.862515580736544,1.058077924659463,1.100269979111105,1.0398761314911862
I-95 NB AM,110P04153,640,0.911304347826087,0.959,23,38.67434,1.0148933333333334,14.053318333333333,13.038425,0.862515580736544,1.056565664643275,1.1118639725685457,1.0523377862595418
I-95 NB AM,110P04153,645,0.9017391304347827,0.929,23,38.67434,1.0148933333333334,14.053318333333333,13.038425,0.862515580736544,1.0454757578578973,1.0770819921962242,1.0302314368370298
I-95 NB AM,110P04153,650,0.8965217391304349,0.929,23,38.67434,1.0148933333333334,14.053318333333333,13.038425,0.862515580736544,1.0394267177931458,1.0770819921962242,1.0362269641125121
I-95 NB AM,110P04153,655,0.9021739130434783,0.938,23,38.67434,1.0148933333333334,14.053318333333333,13.038425,0.862515580736544,1.0459798445299597,1.0875165863079206,1.0397108433734938
I-95 NB AM,110P04154,300,0.21043478260869564,0.21899999999999997,23,38.70697,0.2399666666666667,15.788721666666667,15.548755,0.20336158192090398,1.03478140079842,1.0768995693846366,1.0407024793388429
I-95 NB AM,110P04154,305,0.21304347826086953,0.22,23,38.70697,0.2399666666666667,15.788721666666667,15.548755,0.20336158192090398,1.047609269403359,1.0818169190165299,1.03265306122449
I-95 NB AM,110P04154,310,0.21434782608695652,0.22899999999999998,23,38.70697,0.2399666666666667,15.788721666666667,15.548755,0.20336158192090398,1.0540232037058286,1.1260730657035698,1.0683569979716023
I-95 NB AM,110P04154,315,0.21695652173913044,0.22,23,38.70697,0.2399666666666667,15.788721666666667,15.548755,0.20336158192090398,1.0668510723107676,1.0818169190165299,1.0140280561122244
I-95 NB AM,110P04154,320,0.2217391304347826,0.23,23,38.70697,0.2399666666666667,15.788721666666667,15.548755,0.20336158192090398,1.0903688314198228,1.130990415335463,1.0372549019607844
I-95 NB AM,110P04154,325,0.2217391304347826,0.239,23,38.70697,0.2399666666666667,15.788721666666667,15.548755,0.20336158192090398,1.0903688314198228,1.175246562022503,1.077843137254902
I-95 NB AM,110P04154,330,0.22478260869565217,0.239,23,38.70697,0.2399666666666667,15.788721666666667,15.548755,0.20336158192090398,1.1053346781255848,1.175246562022503,1.0632495164410058
I-95 NB AM,110P04154,335,0.22652173913043477,0.24899999999999997,23,38.70697,0.2399666666666667,15.788721666666667,15.548755,0.20336158192090398,1.1138865905288777,1.224420058341436,1.099232245681382
I-95 NB AM,110P04154,340,0.23304347826086957,0.25799999999999995,23,38.70697,0.2399666666666667,15.788721666666667,15.548755,0.20336158192090398,1.1459562620412254,1.268676205028476,1.1070895522388058
I-95 NB AM,110P04154,345,0.24130434782608695,0.30399999999999994,23,38.70697,0.2399666666666667,15.788721666666667,15.548755,0.20336158192090398,1.1865778459568659,1.4948742880955683,1.2598198198198196
I-95 NB AM,110P04154,350,0.24434782608695652,0.31399999999999995,23,38.70697,0.2399666666666667,15.788721666666667,15.548755,0.20336158192090398,1.2015436926626282,1.5440477844145015,1.2850533807829179
I-95 NB AM,110P04154,355,0.25434782608695655,0.33499999999999996,23,38.70697,0.2399666666666667,15.788721666666667,15.548755,0.20336158192090398,1.2507171889815614,1.6473121266842614,1.3170940170940169
I-95 NB AM,110P04154,360,0.24782608695652175,0.309,23,38.70697,0.2399666666666667,15.788721666666667,15.548755,0.20336158192090398,1.2186475174692137,1.5194610362550351,1.2468421052631578
I-95 NB AM,110P04154,365,0.26,0.3469999999999999,23,38.70697,0.2399666666666667,15.788721666666667,15.548755,0.20336158192090398,1.2785109042922627,1.706320322266981,1.3346153846153843
I-95 NB AM,110P04154,370,0.2891304347826087,0.469,23,38.70697,0.2399666666666667,15.788721666666667,15.548755,0.20336158192090398,1.421755437047416,2.306236977357966,1.6221052631578947
I-95 NB AM,110P04154,375,0.29782608695652174,0.4649999999999999,23,38.70697,0.2399666666666667,15.788721666666667,15.548755,0.20336158192090398,1.4645149990638795,2.2865675788303923,1.5613138686131385
I-95 NB AM,110P04154,380,0.3652173913043478,0.5289999999999999,23,38.70697,0.2399666666666667,15.788721666666667,15.548755,0.20336158192090398,1.7959016046914726,2.6012779552715646,1.4484523809523808
I-95 NB AM,110P04154,385,0.3708695652173913,0.5869999999999997,23,38.70697,0.2399666666666667,15.788721666666667,15.548755,0.20336158192090398,1.823695320002174,2.8864842339213763,1.5827667057444308
I-95 NB AM,110P04154,390,0.3969565217391305,0.6159999999999999,23,38.70697,0.2399666666666667,15.788721666666667,15.548755,0.20336158192090398,1.9519740060515651,3.0290873732462833,1.5518072289156621
I-95 NB AM,110P04154,395,0.5152173913043478,0.9389999999999998,23,38.70697,0.2399666666666667,15.788721666666667,15.548755,0.20336158192090398,2.5335040494754706,4.617391304347825,1.8225316455696199
I-95 NB AM,110P04154,400,0.5234782608695652,0.828,23,38.70697,0.2399666666666667,15.788721666666667,15.548755,0.20336158192090398,2.5741256333911107,4.071565495207667,1.5817275747508306
I-95 NB AM,110P04154,405,0.5078260869565218,0.789,23,38.70697,0.2399666666666667,15.788721666666667,15.548755,0.20336158192090398,2.497158421761476,3.879788859563828,1.553681506849315
I-95 NB AM,110P04154,410,0.5113043478260869,1.1059999999999997,23,38.70697,0.2399666666666667,15.788721666666667,15.548755,0.20336158192090398,2.5142622465680615,5.438588692874008,2.1630952380952375
I-95 NB AM,110P04154,415,0.5039130434782608,0.836,23,38.70697,0.2399666666666667,15.788721666666667,15.548755,0.20336158192090398,2.4779166188540676,4.110904292262814,1.659016393442623
I-95 NB AM,110P04154,420,0.5743478260869564,0.9269999999999996,23,38.70697,0.2399666666666667,15.788721666666667,15.548755,0.20336158192090398,2.8242690711874228,4.558383108765104,1.6140045420136255
I-95 NB AM,110P04154,425,0.5,0.8059999999999999,23,38.70697,0.2399666666666667,15.788721666666667,15.548755,0.20336158192090398,2.458674815946659,3.963383803306014,1.6119999999999999
I-95 NB AM,110P04154,430,0.5617391304347826,1.009,23,38.70697,0.2399666666666667,15.788721666666667,15.548755,0.20336158192090398,2.762267706263551,4.961605778580357,1.796207430340557
I-95 NB AM,110P04154,435,0.6021739130434782,0.9939999999999998,23,38.70697,0.2399666666666667,15.788721666666667,15.548755,0.20336158192090398,2.9610996696401064,4.887845534101957,1.650685920577617
I-95 NB AM,110P04154,440,0.6073913043478261,1.0799999999999998,23,38.70697,0.2399666666666667,15.788721666666667,15.548755,0.20336158192090398,2.986755406849985,5.3107376024447825,1.7780959198282031
I-95 NB AM,110P04154,445,0.6173913043478261,1.094,23,38.70697,0.2399666666666667,15.788721666666667,15.548755,0.20336158192090398,3.035928903168918,5.379580497291291,1.7719718309859156
I-95 NB AM,110P04154,450,0.6347826086956522,0.9939999999999999,23,38.70697,0.2399666666666667,15.788721666666667,15.548755,0.20336158192090398,3.121448027201845,4.887845534101958,1.565890410958904
I-95 NB AM,110P04154,455,0.6747826086956522,1.2579999999999998,23,38.70697,0.2399666666666667,15.788721666666667,15.548755,0.20336158192090398,3.318142012477578,6.186025836921793,1.8643041237113398
I-95 NB AM,110P04154,460,0.6695652173913044,1.045,23,38.70697,0.2399666666666667,15.788721666666667,15.548755,0.20336158192090398,3.2924862752677,5.138630365328517,1.5607142857142855
I-95 NB AM,110P04154,465,0.6360869565217391,1.1619999999999997,23,38.70697,0.2399666666666667,15.788721666666667,15.548755,0.20336158192090398,3.1278619615043146,5.713960272260034,1.8267942583732055
I-95 NB AM,110P04154,470,0.5721739130434783,1.0399999999999998,23,38.70697,0.2399666666666667,15.788721666666667,15.548755,0.20336158192090398,2.8135791806833073,5.11404361716905,1.8176291793313064
I-95 NB AM,110P04154,475,0.5317391304347826,0.9859999999999999,23,38.70697,0.2399666666666667,15.788721666666667,15.548755,0.20336158192090398,2.614747217306751,4.848506737046811,1.8542927228127553
I-95 NB AM,110P04154,480,0.4947826086956522,1.065,23,38.70697,0.2399666666666667,15.788721666666667,15.548755,0.20336158192090398,2.433019078736781,5.236977357966383,2.1524604569420034
I-95 NB AM,110P04154,485,0.5360869565217391,1.0719999999999998,23,38.70697,0.2399666666666667,15.788721666666667,15.548755,0.20336158192090398,2.636126998314983,5.271398805389636,1.9996755879967556
I-95 NB AM,110P04154,490,0.44739130434782615,0.8839999999999998,23,38.70697,0.2399666666666667,15.788721666666667,15.548755,0.20336158192090398,2.199979465747054,4.346937074593692,1.9758989310009711
I-95 NB AM,110P04154,495,0.4665217391304348,1.1249999999999993,23,38.70697,0.2399666666666667,15.788721666666667,15.548755,0.20336158192090398,2.294050502183274,5.53201833587998,2.4114631873252548
I-95 NB AM,110P04154,500,0.3765217391304348,0.7489999999999999,23,38.70697,0.2399666666666667,15.788721666666667,15.548755,0.20336158192090398,1.8514890353128755,3.6830948742880945,1.989260969976905
I-95 NB AM,110P04154,505,0.36869565217391304,0.7219999999999999,23,38.70697,0.2399666666666667,15.788721666666667,15.548755,0.20336158192090398,1.813005429498058,3.550326434226975,1.9582547169811317
I-95 NB AM,110P04154,510,0.3539130434782609,0.747,23,38.70697,0.2399666666666667,15.788721666666667,15.548755,0.20336158192090398,1.74031417407007,3.6732601750243083,2.1106879606879603
I-95 NB AM,110P04154,515,0.30869565217391304,0.6339999999999999,23,38.70697,0.2399666666666667,15.788721666666667,15.548755,0.20336158192090398,1.517964451584459,3.117599666620363,2.053802816901408
I-95 NB AM,110P04154,520,0.3126086956521739,0.547,23,38.70697,0.2399666666666667,15.788721666666667,15.548755,0.20336158192090398,1.5372062544918677,2.6897902486456453,1.7497913769123785
I-95 NB AM,110P04154,525,0.29217391304347823,0.6089999999999999,23,38.70697,0.2399666666666667,15.788721666666667,15.548755,0.20336158192090398,1.436721283753178,2.99466592582303,2.0843749999999996
I-95 NB AM,110P04154,530,0.2669565217391304,0.4829999999999999,23,38.70697,0.2399666666666667,15.788721666666667,15.548755,0.20336158192090398,1.3127185539054336,2.375079872204472,1.8092833876221495
I-95 NB AM,110P04154,535,0.2756521739130435,0.5199999999999999,23,38.70697,0.2399666666666667,15.788721666666667,15.548755,0.20336158192090398,1.3554781159218972,2.557021808584525,1.8864353312302835
I-95 NB AM,110P04154,540,0.25521739130434784,0.44399999999999995,23,38.70697,0.2399666666666667,15.788721666666667,15.548755,0.20336158192090398,1.2549931451832077,2.183303236560633,1.7396933560477
I-95 NB AM,110P04154,545,0.23391304347826086,0.279,23,38.70697,0.2399666666666667,15.788721666666667,15.548755,0.20336158192090398,1.1502322182428717,1.3719405472982358,1.1927509293680298
I-95 NB AM,110P04154,550,0.2308695652173913,0.32499999999999996,23,38.70697,0.2399666666666667,15.788721666666667,15.548755,0.20336158192090398,1.1352663715371094,1.5981386303653282,1.4077212806026365
I-95 NB AM,110P04154,555,0.2391304347826087,0.26599999999999996,23,38.70697,0.2399666666666667,15.788721666666667,15.548755,0.20336158192090398,1.17588795545275,1.3080150020836223,1.1123636363636362
I-95 NB AM,110P04154,560,0.24,0.37499999999999994,23,38.70697,0.2399666666666667,15.788721666666667,15.548755,0.20336158192090398,1.1801639116543963,1.844006111959994,1.5624999999999998
I-95 NB AM,110P04154,565,0.24043478260869566,0.4059999999999998,23,38.70697,0.2399666666666667,15.788721666666667,15.548755,0.20336158192090398,1.1823018897552195,1.9964439505486862,1.6886075949367079
I-95 NB AM,110P04154,570,0.25,0.46399999999999963,23,38.70697,0.2399666666666667,15.788721666666667,15.548755,0.20336158192090398,1.2293374079733295,2.281650229198498,1.8559999999999985
I-95 NB AM,110P04154,575,0.24130434782608695,0.4189999999999997,23,38.70697,0.2399666666666667,15.788721666666667,15.548755,0.20336158192090398,1.1865778459568659,2.060369495763299,1.7363963963963953
I-95 NB AM,110P04154,580,0.23347826086956522,0.26699999999999996,23,38.70697,0.2399666666666667,15.788721666666667,15.548755,0.20336158192090398,1.1480942401420486,1.3129323517155156,1.1435754189944132
I-95 NB AM,110P04154,585,0.22652173913043477,0.23,23,38.70697,0.2399666666666667,15.788721666666667,15.548755,0.20336158192090398,1.1138865905288777,1.130990415335463,1.0153550863723608
I-95 NB AM,110P04154,590,0.22782608695652176,0.25799999999999995,23,38.70697,0.2399666666666667,15.788721666666667,15.548755,0.20336158192090398,1.1203005248313473,1.268676205028476,1.1324427480916028
I-95 NB AM,110P04154,595,0.24217391304347827,0.27,23,38.70697,0.2399666666666667,15.788721666666667,15.548755,0.20336158192090398,1.1908538021585122,1.3276844006111959,1.1149012567324956
I-95 NB AM,110P04154,600,0.24,0.40399999999999975,23,38.70697,0.2399666666666667,15.788721666666667,15.548755,0.20336158192090398,1.1801639116543963,1.9866092512848992,1.6833333333333322
I-95 NB AM,110P04154,605,0.2326086956521739,0.23,23,38.70697,0.2399666666666667,15.788721666666667,15.548755,0.20336158192090398,1.143818283940402,1.130990415335463,0.988785046728972
I-95 NB AM,110P04154,610,0.23173913043478261,0.22899999999999998,23,38.70697,0.2399666666666667,15.788721666666667,15.548755,0.20336158192090398,1.139542327738756,1.1260730657035698,0.9881801125703563
I-95 NB AM,110P04154,615,0.22391304347826088,0.24799999999999997,23,38.70697,0.2399666666666667,15.788721666666667,15.548755,0.20336158192090398,1.1010587219239387,1.2195027087095427,1.1075728155339803
I-95 NB AM,110P04154,620,0.2217391304347826,0.22899999999999998,23,38.70697,0.2399666666666667,15.788721666666667,15.548755,0.20336158192090398,1.0903688314198228,1.1260730657035698,1.0327450980392157
I-95 NB AM,110P04154,625,0.23652173913043475,0.22,23,38.70697,0.2399666666666667,15.788721666666667,15.548755,0.20336158192090398,1.1630600868478107,1.0818169190165299,0.9301470588235295
I-95 NB AM,110P04154,630,0.22739130434782612,0.23,23,38.70697,0.2399666666666667,15.788721666666667,15.548755,0.20336158192090398,1.1181625467305243,1.130990415335463,1.011472275334608
I-95 NB AM,110P04154,635,0.22260869565217392,0.239,23,38.70697,0.2399666666666667,15.788721666666667,15.548755,0.20336158192090398,1.094644787621469,1.175246562022503,1.0736328124999999
I-95 NB AM,110P04154,640,0.22782608695652176,0.23,23,38.70697,0.2399666666666667,15.788721666666667,15.548755,0.20336158192090398,1.1203005248313473,1.130990415335463,1.0095419847328244
I-95 NB AM,110P04154,645,0.23,0.22899999999999998,23,38.70697,0.2399666666666667,15.788721666666667,15.548755,0.20336158192090398,1.130990415335463,1.1260730657035698,0.9956521739130434
I-95 NB AM,110P04154,650,0.21739130434782608,0.22,23,38.70697,0.2399666666666667,15.788721666666667,15.548755,0.20336158192090398,1.0689890504115909,1.0818169190165299,1.012
I-95 NB AM,110P04154,655,0.21347826086956523,0.22,23,38.70697,0.2399666666666667,15.788721666666667,15.548755,0.20336158192090398,1.0497472475041822,1.0818169190165299,1.030549898167006
I-95 NB AM,110P04155,300,0.5134782608695653,0.558,23,38.73636,0.5560533333333333,18.740828333333337,18.184775000000002,0.4878374031291124,1.0525602538386478,1.143823733934395,1.0867061812023708
I-95 NB AM,110P04155,305,0.5178260869565218,0.569,23,38.73636,0.5560533333333333,18.740828333333337,18.184775000000002,0.4878374031291124,1.0614727030667481,1.1663722304814885,1.0988245172124265
I-95 NB AM,110P04155,310,0.5356521739130435,0.569,23,38.73636,0.5560533333333333,18.740828333333337,18.184775000000002,0.4878374031291124,1.0980137449019594,1.1663722304814885,1.0622564935064933
I-95 NB AM,110P04155,315,0.5356521739130435,0.579,23,38.73636,0.5560533333333333,18.740828333333337,18.184775000000002,0.4878374031291124,1.0980137449019594,1.1868708637061194,1.0809253246753245
I-95 NB AM,110P04155,320,0.551304347826087,0.598,23,38.73636,0.5560533333333333,18.740828333333337,18.184775000000002,0.4878374031291124,1.1300985621231203,1.2258182668329178,1.0847003154574133
I-95 NB AM,110P04155,325,0.5508695652173913,0.589,23,38.73636,0.5560533333333333,18.740828333333337,18.184775000000002,0.4878374031291124,1.1292073172003103,1.20736949693075,1.0692186266771901
I-95 NB AM,110P04155,330,0.5678260869565218,0.617,23,38.73636,0.5560533333333333,18.740828333333337,18.184775000000002,0.4878374031291124,1.1639658691899017,1.2647656699597163,1.0866003062787135
I-95 NB AM,110P04155,335,0.5856521739130435,0.7039999999999998,23,38.73636,0.5560533333333333,18.740828333333337,18.184775000000002,0.4878374031291124,1.200506911025113,1.4431037790140033,1.2020786933927243
I-95 NB AM,110P04155,340,0.5934782608695652,0.6759999999999999,23,38.73636,0.5560533333333333,18.740828333333337,18.184775000000002,0.4878374031291124,1.2165493196356936,1.3857076059850375,1.1390476190476189
I-95 NB AM,110P04155,345,0.6378260869565218,0.789,23,38.73636,0.5560533333333333,18.740828333333337,18.184775000000002,0.4878374031291124,1.3074563017623169,1.617342161423365,1.2370143149284254
I-95 NB AM,110P04155,350,0.6430434782608695,0.747,23,38.73636,0.5560533333333333,18.740828333333337,18.184775000000002,0.4878374031291124,1.318151240836037,1.5312479018799157,1.161663286004057
I-95 NB AM,110P04155,355,0.6443478260869565,0.8209999999999998,23,38.73636,0.5560533333333333,18.740828333333337,18.184775000000002,0.4878374031291124,1.3208249756044672,1.682937787742183,1.2741565452091765
I-95 NB AM,110P04155,360,0.711304347826087,0.9999999999999999,23,38.73636,0.5560533333333333,18.740828333333337,18.184775000000002,0.4878374031291124,1.4580766937172123,2.049863322463073,1.4058679706601465
I-95 NB AM,110P04155,365,0.767391304347826,1.005,23,38.73636,0.5560533333333333,18.740828333333337,18.184775000000002,0.4878374031291124,1.573047288759706,2.0601126390753883,1.3096317280453258
I-95 NB AM,110P04155,370,0.8421739130434783,1.1629999999999998,23,38.73636,0.5560533333333333,18.740828333333337,18.184775000000002,0.4878374031291124,1.7263414154830319,2.3839910440245538,1.3809499225606605
I-95 NB AM,110P04155,375,0.9378260869565217,1.279,23,38.73636,0.5560533333333333,18.740828333333337,18.184775000000002,0.4878374031291124,1.9224152985012386,2.6217751894302705,1.363792304126101
I-95 NB AM,110P04155,380,0.9665217391304348,1.3809999999999998,23,38.73636,0.5560533333333333,18.740828333333337,18.184775000000002,0.4878374031291124,1.981237463406701,2.830861248321504,1.428834907782276
I-95 NB AM,110P04155,385,1.128695652173913,1.3619999999999999,23,38.73636,0.5560533333333333,18.740828333333337,18.184775000000002,0.4878374031291124,2.313671819614843,2.7919138451947054,1.2067026194144836
I-95 NB AM,110P04155,390,1.2195652173913043,2.166999999999999,23,38.73636,0.5560533333333333,18.740828333333337,18.184775000000002,0.4878374031291124,2.4999420084821393,4.4420538197774775,1.7768627450980383
I-95 NB AM,110P04155,395,1.1604347826086958,1.6709999999999998,23,38.73636,0.5560533333333333,18.740828333333337,18.184775000000002,0.4878374031291124,2.3787326989799755,3.425321611835795,1.4399775196702882
I-95 NB AM,110P04155,400,1.1908695652173913,1.4589999999999999,23,38.73636,0.5560533333333333,18.740828333333337,18.184775000000002,0.4878374031291124,2.4411198435766774,2.9907505874736238,1.2251551661190214
I-95 NB AM,110P04155,405,1.2239130434782608,1.6629999999999998,23,38.73636,0.5560533333333333,18.740828333333337,18.184775000000002,0.4878374031291124,2.5088544577102394,3.4089227052560904,1.3587566607460035
I-95 NB AM,110P04155,410,1.2599999999999998,1.8529999999999995,23,38.73636,0.5560533333333333,18.740828333333337,18.184775000000002,0.4878374031291124,2.582827786303472,3.798396736524074,1.4706349206349205
I-95 NB AM,110P04155,415,1.2517391304347825,1.6909999999999998,23,38.73636,0.5560533333333333,18.740828333333337,18.184775000000002,0.4878374031291124,2.5658941327700813,3.4663188782850565,1.350920458492532
I-95 NB AM,110P04155,420,1.2834782608695652,2.3289999999999993,23,38.73636,0.5560533333333333,18.740828333333337,18.184775000000002,0.4878374031291124,2.630955012135214,4.774131678016496,1.8146002710027096
I-95 NB AM,110P04155,425,1.2717391304347827,2.2199999999999993,23,38.73636,0.5560533333333333,18.740828333333337,18.184775000000002,0.4878374031291124,2.6068913992193434,4.550696575868021,1.7456410256410249
I-95 NB AM,110P04155,430,1.3056521739130436,2.080999999999999,23,38.73636,0.5560533333333333,18.740828333333337,18.184775000000002,0.4878374031291124,2.676408503198526,4.265765574045654,1.593839493839493
I-95 NB AM,110P04155,435,1.518695652173913,1.787,23,38.73636,0.5560533333333333,18.740828333333337,18.184775000000002,0.4878374031291124,3.113118515375441,3.663105757241512,1.1766676209561981
I-95 NB AM,110P04155,440,1.5152173913043478,1.787,23,38.73636,0.5560533333333333,18.740828333333337,18.184775000000002,0.4878374031291124,3.105988555992961,3.663105757241512,1.1793687230989955
I-95 NB AM,110P04155,445,1.5508695652173914,2.0769999999999995,23,38.73636,0.5560533333333333,18.740828333333337,18.184775000000002,0.4878374031291124,3.179070639663384,4.257566120755802,1.3392486683487521
I-95 NB AM,110P04155,450,1.5943478260869566,2.046,23,38.73636,0.5560533333333333,18.740828333333337,18.184775000000002,0.4878374031291124,3.268195131944387,4.194020357759448,1.2832833378783746
I-95 NB AM,110P04155,455,1.4860869565217392,1.914,23,38.73636,0.5560533333333333,18.740828333333337,18.184775000000002,0.4878374031291124,3.046275146164689,3.923438399194322,1.287946167349327
I-95 NB AM,110P04155,460,1.322608695652174,1.7029999999999998,23,38.73636,0.5560533333333333,18.740828333333337,18.184775000000002,0.4878374031291124,2.7111670551881173,3.4909172381546134,1.2876068376068373
I-95 NB AM,110P04155,465,1.3182608695652174,1.9179999999999997,23,38.73636,0.5560533333333333,18.740828333333337,18.184775000000002,0.4878374031291124,2.7022546059600168,3.931637852484174,1.454947229551451
I-95 NB AM,110P04155,470,1.3295652173913042,1.8729999999999998,23,38.73636,0.5560533333333333,18.740828333333337,18.184775000000002,0.4878374031291124,2.725426973953077,3.8393940029733358,1.4087311968606933
I-95 NB AM,110P04155,475,1.2282608695652173,1.578,23,38.73636,0.5560533333333333,18.740828333333337,18.184775000000002,0.4878374031291124,2.51776690693834,3.23468432284673,1.2847433628318585
I-95 NB AM,110P04155,480,1.1652173913043478,1.8219999999999998,23,38.73636,0.5560533333333333,18.740828333333337,18.184775000000002,0.4878374031291124,2.3885363931308854,3.734850973527719,1.5636567164179105
I-95 NB AM,110P04155,485,1.087391304347826,1.8949999999999998,23,38.73636,0.5560533333333333,18.740828333333337,18.184775000000002,0.4878374031291124,2.2290035519478897,3.8844909960675236,1.742702918832467
I-95 NB AM,110P04155,490,1.0530434782608695,1.7669999999999995,23,38.73636,0.5560533333333333,18.740828333333337,18.184775000000002,0.4878374031291124,2.158595203045897,3.6221084907922494,1.6779933938893472
I-95 NB AM,110P04155,495,1.0291304347826087,1.5299999999999998,23,38.73636,0.5560533333333333,18.740828333333337,18.184775000000002,0.4878374031291124,2.1095767322913455,3.1362908833685017,1.4866920152091252
I-95 NB AM,110P04155,500,1.0321739130434782,1.6209999999999996,23,38.73636,0.5560533333333333,18.740828333333337,18.184775000000002,0.4878374031291124,2.1158154467510153,3.322828445712641,1.570471777590564
I-95 NB AM,110P04155,505,1.0039130434782608,1.6209999999999998,23,38.73636,0.5560533333333333,18.740828333333337,18.184775000000002,0.4878374031291124,2.0578845267683636,3.3228284457126414,1.6146816803811173
I-95 NB AM,110P04155,510,0.8895652173913043,1.4249999999999998,23,38.73636,0.5560533333333333,18.740828333333337,18.184775000000002,0.4878374031291124,1.8234871120693252,2.921055234509879,1.6019061583577712
I-95 NB AM,110P04155,515,0.9182608695652175,1.507,23,38.73636,0.5560533333333333,18.740828333333337,18.184775000000002,0.4878374031291124,1.8823092769747876,3.089144026951851,1.641145833333333
I-95 NB AM,110P04155,520,0.9417391304347826,1.513,23,38.73636,0.5560533333333333,18.740828333333337,18.184775000000002,0.4878374031291124,1.9304365028065291,3.1014432068866298,1.606602031394275
I-95 NB AM,110P04155,525,0.8943478260869565,1.337,23,38.73636,0.5560533333333333,18.740828333333337,18.184775000000002,0.4878374031291124,1.8332908062202355,2.740667262133129,1.4949440933398153
I-95 NB AM,110P04155,530,0.783913043478261,1.3639999999999997,23,38.73636,0.5560533333333333,18.740828333333337,18.184775000000002,0.4878374031291124,1.6069145958264877,2.7960135718396315,1.739988907376594
I-95 NB AM,110P04155,535,0.7760869565217392,1.144,23,38.73636,0.5560533333333333,18.740828333333337,18.184775000000002,0.4878374031291124,1.590872187215907,2.3450436408977557,1.4740616246498597
I-95 NB AM,110P04155,540,0.751304347826087,1.164,23,38.73636,0.5560533333333333,18.740828333333337,18.184775000000002,0.4878374031291124,1.5400712266157353,2.386040907347017,1.5493055555555553
I-95 NB AM,110P04155,545,0.7291304347826086,1.1829999999999998,23,38.73636,0.5560533333333333,18.740828333333337,18.184775000000002,0.4878374031291124,1.4946177355524233,2.4249883104738155,1.6224806201550386
I-95 NB AM,110P04155,550,0.7717391304347826,1.2249999999999999,23,38.73636,0.5560533333333333,18.740828333333337,18.184775000000002,0.4878374031291124,1.5819597379878065,2.5110825700172645,1.5873239436619717
I-95 NB AM,110P04155,555,0.76,1.4159999999999997,23,38.73636,0.5560533333333333,18.740828333333337,18.184775000000002,0.4878374031291124,1.5578961250719356,2.902606464607711,1.8631578947368417
I-95 NB AM,110P04155,560,0.78,1.4419999999999995,23,38.73636,0.5560533333333333,18.740828333333337,18.184775000000002,0.4878374031291124,1.5988933915211971,2.9559029109917505,1.848717948717948
I-95 NB AM,110P04155,565,0.7960869565217391,1.277,23,38.73636,0.5560533333333333,18.740828333333337,18.184775000000002,0.4878374031291124,1.6318694536651683,2.6176754627853445,1.6040961223375205
I-95 NB AM,110P04155,570,0.792608695652174,1.2409999999999997,23,38.73636,0.5560533333333333,18.740828333333337,18.184775000000002,0.4878374031291124,1.6247394942826883,2.543880383176673,1.5657158529895772
I-95 NB AM,110P04155,575,0.8169565217391304,1.174,23,38.73636,0.5560533333333333,18.740828333333337,18.184775000000002,0.4878374031291124,1.6746492099600498,2.406539540571648,1.4370409792442789
I-95 NB AM,110P04155,580,0.9104347826086957,1.3419999999999999,23,38.73636,0.5560533333333333,18.740828333333337,18.184775000000002,0.4878374031291124,1.8662668683642067,2.750916578745444,1.4740210124164277
I-95 NB AM,110P04155,585,0.9213043478260871,1.5819999999999999,23,38.73636,0.5560533333333333,18.740828333333337,18.184775000000002,0.4878374031291124,1.8885479914344578,3.2428837761365816,1.717130722038697
I-95 NB AM,110P04155,590,0.8273913043478262,1.2179999999999997,23,38.73636,0.5560533333333333,18.740828333333337,18.184775000000002,0.4878374031291124,1.6960390881074907,2.4967335267600226,1.4720966894377294
I-95 NB AM,110P04155,595,0.8621739130434782,1.255,23,38.73636,0.5560533333333333,18.740828333333337,18.184775000000002,0.4878374031291124,1.7673386819322932,2.5725784696911567,1.4556227937468482
I-95 NB AM,110P04155,600,0.8756521739130435,1.184,23,38.73636,0.5560533333333333,18.740828333333337,18.184775000000002,0.4878374031291124,1.7949672745394043,2.4270381737962787,1.3521350546176762
I-95 NB AM,110P04155,605,0.8491304347826087,1.289,23,38.73636,0.5560533333333333,18.740828333333337,18.184775000000002,0.4878374031291124,1.7406013342479925,2.6422738226549014,1.5180235535074242
I-95 NB AM,110P04155,610,0.7608695652173914,1.095,23,38.73636,0.5560533333333333,18.740828333333337,18.184775000000002,0.4878374031291124,1.5596786149175559,2.244600338097065,1.439142857142857
I-95 NB AM,110P04155,615,0.7082608695652174,1.0619999999999998,23,38.73636,0.5560533333333333,18.740828333333337,18.184775000000002,0.4878374031291124,1.451837979257542,2.1769548484557837,1.4994475138121546
I-95 NB AM,110P04155,620,0.7091304347826086,1.108,23,38.73636,0.5560533333333333,18.740828333333337,18.184775000000002,0.4878374031291124,1.4536204691031618,2.2712485612890854,1.5624770079705705
I-95 NB AM,110P04155,625,0.721304347826087,1.2609999999999997,23,38.73636,0.5560533333333333,18.740828333333337,18.184775000000002,0.4878374031291124,1.478575326941843,2.584877649625935,1.7482218203737185
I-95 NB AM,110P04155,630,0.6760869565217391,1.029,23,38.73636,0.5560533333333333,18.740828333333337,18.184775000000002,0.4878374031291124,1.3858858549695996,2.109309358814502,1.5219935691318327
I-95 NB AM,110P04155,635,0.6895652173913043,1.0619999999999998,23,38.73636,0.5560533333333333,18.740828333333337,18.184775000000002,0.4878374031291124,1.4135144475767103,2.1769548484557837,1.5401008827238334
I-95 NB AM,110P04155,640,0.6482608695652174,0.867,23,38.73636,0.5560533333333333,18.740828333333337,18.184775000000002,0.4878374031291124,1.3288461799097577,1.7772315005754846,1.337424547283702
I-95 NB AM,110P04155,645,0.6565217391304348,1.0349999999999997,23,38.73636,0.5560533333333333,18.740828333333337,18.184775000000002,0.4878374031291124,1.345779833443148,2.1216085387492805,1.576490066225165
I-95 NB AM,110P04155,650,0.6900000000000001,1.1869999999999998,23,38.73636,0.5560533333333333,18.740828333333337,18.184775000000002,0.4878374031291124,1.4144056924995208,2.4331877637636676,1.7202898550724635
I-95 NB AM,110P04155,655,0.6595652173913044,1.2989999999999993,23,38.73636,0.5560533333333333,18.740828333333337,18.184775000000002,0.4878374031291124,1.3520185479028184,2.662772455879531,1.9694792353328927
I-95 NB AM,110P04156,300,0.6878260869565217,0.72,23,38.74937,0.7644000000000001,19.941748333333337,19.177348333333338,0.6667248146532926,1.0316491479534957,1.079905808477237,1.0467762326169405
I-95 NB AM,110P04156,305,0.69,0.728,23,38.74937,0.7644000000000001,19.941748333333337,19.177348333333338,0.6667248146532926,1.034909733124019,1.091904761904762,1.055072463768116
I-95 NB AM,110P04156,310,0.7086956521739131,0.729,23,38.74937,0.7644000000000001,19.941748333333337,19.177348333333338,0.6667248146532926,1.0629507655905173,1.0934046310832026,1.0286503067484662
I-95 NB AM,110P04156,315,0.7143478260869565,0.749,23,38.74937,0.7644000000000001,19.941748333333337,19.177348333333338,0.6667248146532926,1.0714282870338772,1.1234020146520147,1.0485088253195376
I-95 NB AM,110P04156,320,0.7347826086956522,0.76,23,38.74937,0.7644000000000001,19.941748333333337,19.177348333333338,0.6667248146532926,1.102077787636794,1.1399005756148615,1.034319526627219
I-95 NB AM,110P04156,325,0.7560869565217392,0.799,23,38.74937,0.7644000000000001,19.941748333333337,19.177348333333338,0.6667248146532926,1.13403152230792,1.1983954735740452,1.0567567567567568
I-95 NB AM,110P04156,330,0.78,0.8929999999999999,23,38.74937,0.7644000000000001,19.941748333333337,19.177348333333338,0.6667248146532926,1.1698979591836736,1.339383176347462,1.1448717948717948
I-95 NB AM,110P04156,335,0.7817391304347826,0.849,23,38.74937,0.7644000000000001,19.941748333333337,19.177348333333338,0.6667248146532926,1.172506427320092,1.2733889324960754,1.086040044493882
I-95 NB AM,110P04156,340,0.8260869565217391,1.2139999999999995,23,38.74937,0.7644000000000001,19.941748333333337,19.177348333333338,0.6667248146532926,1.2390223647987624,1.8208411826268964,1.4695789473684204
I-95 NB AM,110P04156,345,0.84,0.959,23,38.74937,0.7644000000000001,19.941748333333337,19.177348333333338,0.6667248146532926,1.2598901098901099,1.4383745421245422,1.1416666666666666
I-95 NB AM,110P04156,350,0.8913043478260869,1.158,23,38.74937,0.7644000000000001,19.941748333333337,19.177348333333338,0.6667248146532926,1.336839919914454,1.736848508634223,1.299219512195122
I-95 NB AM,110P04156,355,0.9447826086956522,1.4069999999999998,23,38.74937,0.7644000000000001,19.941748333333337,19.177348333333338,0.6667248146532926,1.4170503151093214,2.110315934065934,1.4892314772204323
I-95 NB AM,110P04156,360,1.017391304347826,1.299,23,38.74937,0.7644000000000001,19.941748333333337,19.177348333333338,0.6667248146532926,1.5259538598047915,1.9483300627943485,1.2767948717948718
I-95 NB AM,110P04156,365,1.1178260869565217,1.3199999999999998,23,38.74937,0.7644000000000001,19.941748333333337,19.177348333333338,0.6667248146532926,1.676592894682957,1.979827315541601,1.1808634772462077
I-95 NB AM,110P04156,370,1.2147826086956521,1.37,23,38.74937,0.7644000000000001,19.941748333333337,19.177348333333338,0.6667248146532926,1.8220149932882852,2.0548207744636318,1.1277738010021476
I-95 NB AM,110P04156,375,1.2726086956521738,1.456,23,38.74937,0.7644000000000001,19.941748333333337,19.177348333333338,0.6667248146532926,1.9087465588241985,2.183809523809524,1.1441065937820294
I-95 NB AM,110P04156,380,1.4504347826086956,1.8739999999999999,23,38.74937,0.7644000000000001,19.941748333333337,19.177348333333338,0.6667248146532926,2.175462425772985,2.8107548403976974,1.2920263788968824
I-95 NB AM,110P04156,385,1.5169565217391305,3.1619999999999973,23,38.74937,0.7644000000000001,19.941748333333337,19.177348333333338,0.6667248146532926,2.2752363319909907,4.742586342229195,2.0844368013757504
I-95 NB AM,110P04156,390,1.434782608695652,1.6469999999999998,23,38.74937,0.7644000000000001,19.941748333333337,19.177348333333338,0.6667248146532926,2.1519862125452187,2.4702845368916795,1.1479090909090908
I-95 NB AM,110P04156,395,1.4608695652173913,1.827,23,38.74937,0.7644000000000001,19.941748333333337,19.177348333333338,0.6667248146532926,2.1911132345914957,2.7402609890109892,1.2506249999999999
I-95 NB AM,110P04156,400,1.4821739130434783,2.0159999999999996,23,38.74937,0.7644000000000001,19.941748333333337,19.177348333333338,0.6667248146532926,2.2230669692626215,3.0237362637362635,1.3601642710472275
I-95 NB AM,110P04156,405,1.591304347826087,1.9259999999999995,23,38.74937,0.7644000000000001,19.941748333333337,19.177348333333338,0.6667248146532926,2.3867483448228795,2.8887480376766086,1.2103278688524586
I-95 NB AM,110P04156,410,1.6117391304347826,2.752999999999999,23,38.74937,0.7644000000000001,19.941748333333337,19.177348333333338,0.6667248146532926,2.417397845425796,4.129139848246989,1.7080927974103042
I-95 NB AM,110P04156,415,1.554782608695652,2.763999999999999,23,38.74937,0.7644000000000001,19.941748333333337,19.177348333333338,0.6667248146532926,2.3319705139580913,4.145638409209837,1.777740492170022
I-95 NB AM,110P04156,420,1.5052173913043476,1.7489999999999999,23,38.74937,0.7644000000000001,19.941748333333337,19.177348333333338,0.6667248146532926,2.257629172070166,2.623271193092622,1.1619584055459273
I-95 NB AM,110P04156,425,1.5178260869565217,1.8019999999999998,23,38.74937,0.7644000000000001,19.941748333333337,19.177348333333338,0.6667248146532926,2.2765405660591997,2.7027642595499737,1.1872242910340876
I-95 NB AM,110P04156,430,1.4247826086956523,1.6599999999999997,23,38.74937,0.7644000000000001,19.941748333333337,19.177348333333338,0.6667248146532926,2.136987520760813,2.489782836211407,1.1650900213610005
I-95 NB AM,110P04156,435,1.4408695652173913,1.6889999999999998,23,38.74937,0.7644000000000001,19.941748333333337,19.177348333333338,0.6667248146532926,2.1611158510226836,2.533279042386185,1.1722088111044056
I-95 NB AM,110P04156,440,1.4917391304347827,1.6779999999999997,23,38.74937,0.7644000000000001,19.941748333333337,19.177348333333338,0.6667248146532926,2.2374135440129232,2.5167804814233383,1.1248615563975515
I-95 NB AM,110P04156,445,1.5234782608695652,1.9329999999999996,23,38.74937,0.7644000000000001,19.941748333333337,19.177348333333338,0.6667248146532926,2.2850180875025594,2.899247121925693,1.2688070776255707
I-95 NB AM,110P04156,450,1.3052173913043479,1.7149999999999999,23,38.74937,0.7644000000000001,19.941748333333337,19.177348333333338,0.6667248146532926,1.9576553363820446,2.572275641025641,1.3139573617588274
I-95 NB AM,110P04156,455,1.2665217391304346,1.6899999999999997,23,38.74937,0.7644000000000001,19.941748333333337,19.177348333333338,0.6667248146532926,1.899616920346734,2.5347789115646258,1.334363199450738
I-95 NB AM,110P04156,460,1.3391304347826087,1.7429999999999999,23,38.74937,0.7644000000000001,19.941748333333337,19.177348333333338,0.6667248146532926,2.008520465042204,2.614271978021978,1.301590909090909
I-95 NB AM,110P04156,465,1.3382608695652174,1.7859999999999998,23,38.74937,0.7644000000000001,19.941748333333337,19.177348333333338,0.6667248146532926,2.007216230973995,2.678766352694924,1.3345679012345677
I-95 NB AM,110P04156,470,1.2760869565217392,1.7079999999999997,23,38.74937,0.7644000000000001,19.941748333333337,19.177348333333338,0.6667248146532926,1.9139634950970357,2.5617765567765565,1.3384667802385006
I-95 NB AM,110P04156,475,1.2752173913043479,1.8729999999999996,23,38.74937,0.7644000000000001,19.941748333333337,19.177348333333338,0.6667248146532926,1.9126592610288264,2.8092549712192563,1.4687691783157173
I-95 NB AM,110P04156,480,1.2086956521739132,1.8619999999999999,23,38.74937,0.7644000000000001,19.941748333333337,19.177348333333338,0.6667248146532926,1.812885354810821,2.7927564102564104,1.540503597122302
I-95 NB AM,110P04156,485,1.1904347826086956,1.8619999999999994,23,38.74937,0.7644000000000001,19.941748333333337,19.177348333333338,0.6667248146532926,1.785496439378427,2.7927564102564095,1.5641344046749448
I-95 NB AM,110P04156,490,1.2143478260869565,1.755,23,38.74937,0.7644000000000001,19.941748333333337,19.177348333333338,0.6667248146532926,1.8213628762541807,2.6322704081632655,1.445220193340494
I-95 NB AM,110P04156,495,1.2530434782608695,2.106,23,38.74937,0.7644000000000001,19.941748333333337,19.177348333333338,0.6667248146532926,1.8794012922894912,3.1587244897959184,1.680707841776544
I-95 NB AM,110P04156,500,1.1343478260869566,1.579,23,38.74937,0.7644000000000001,19.941748333333337,19.177348333333338,0.6667248146532926,1.7013733419789323,2.3682934327577185,1.3919892679187427
I-95 NB AM,110P04156,505,1.183478260869565,1.668,23,38.74937,0.7644000000000001,19.941748333333337,19.177348333333338,0.6667248146532926,1.775062566832753,2.5017817896389327,1.4094048493754594
I-95 NB AM,110P04156,510,1.2869565217391306,2.0699999999999994,23,38.74937,0.7644000000000001,19.941748333333337,19.177348333333338,0.6667248146532926,1.9302664209496512,3.1047291993720556,1.6084459459459453
I-95 NB AM,110P04156,515,1.31,2.309,23,38.74937,0.7644000000000001,19.941748333333337,19.177348333333338,0.6667248146532926,1.9648286237571955,3.463197933019362,1.7625954198473284
I-95 NB AM,110P04156,520,1.191304347826087,2.309,23,38.74937,0.7644000000000001,19.941748333333337,19.177348333333338,0.6667248146532926,1.7868006734466364,3.463197933019362,1.9382116788321169
I-95 NB AM,110P04156,525,1.083913043478261,2.4109999999999983,23,38.74937,0.7644000000000001,19.941748333333337,19.177348333333338,0.6667248146532926,1.6257277660227971,3.616184589220301,2.2243481748896894
I-95 NB AM,110P04156,530,1.1043478260869564,1.904,23,38.74937,0.7644000000000001,19.941748333333337,19.177348333333338,0.6667248146532926,1.6563772666257137,2.855750915750916,1.7240944881889766
I-95 NB AM,110P04156,535,1.1204347826086956,2.1799999999999997,23,38.74937,0.7644000000000001,19.941748333333337,19.177348333333338,0.6667248146532926,1.6805055968875844,3.269714809000523,1.945673263484672
I-95 NB AM,110P04156,540,1.0165217391304346,1.7059999999999997,23,38.74937,0.7644000000000001,19.941748333333337,19.177348333333338,0.6667248146532926,1.5246496257365822,2.5587768184196755,1.6782720273738239
I-95 NB AM,110P04156,545,0.972608695652174,1.5799999999999996,23,38.74937,0.7644000000000001,19.941748333333337,19.177348333333338,0.6667248146532926,1.4587858052920166,2.369793301936159,1.6244970943227532
I-95 NB AM,110P04156,550,0.8995652173913044,1.309,23,38.74937,0.7644000000000001,19.941748333333337,19.177348333333338,0.6667248146532926,1.3492301435624419,1.9633287545787546,1.4551474142097631
I-95 NB AM,110P04156,555,0.9073913043478261,1.5139999999999993,23,38.74937,0.7644000000000001,19.941748333333337,19.177348333333338,0.6667248146532926,1.360968250176325,2.2708019361590783,1.6685194058457107
I-95 NB AM,110P04156,560,0.9743478260869566,1.6159999999999997,23,38.74937,0.7644000000000001,19.941748333333337,19.177348333333338,0.6667248146532926,1.461394273428435,2.4237885923600206,1.6585452922802315
I-95 NB AM,110P04156,565,0.9269565217391305,1.2999999999999998,23,38.74937,0.7644000000000001,19.941748333333337,19.177348333333338,0.6667248146532926,1.3903135167110323,1.949829931972789,1.4024390243902436
I-95 NB AM,110P04156,570,0.9513043478260869,1.154,23,38.74937,0.7644000000000001,19.941748333333337,19.177348333333338,0.6667248146532926,1.4268320706208903,1.7308490319204606,1.213071297989031
I-95 NB AM,110P04156,575,1.0439130434782609,1.3619999999999999,23,38.74937,0.7644000000000001,19.941748333333337,19.177348333333338,0.6667248146532926,1.565732998885173,2.0428218210361067,1.3047063723448562
I-95 NB AM,110P04156,580,1.066521739130435,1.2779999999999998,23,38.74937,0.7644000000000001,19.941748333333337,19.177348333333338,0.6667248146532926,1.599643084658613,1.9168328100470955,1.1982878108438644
I-95 NB AM,110P04156,585,1.0365217391304349,1.063,23,38.74937,0.7644000000000001,19.941748333333337,19.177348333333338,0.6667248146532926,1.5546470093053946,1.5943609366823652,1.0255453020134226
I-95 NB AM,110P04156,590,1.0082608695652175,1.113,23,38.74937,0.7644000000000001,19.941748333333337,19.177348333333338,0.6667248146532926,1.5122594020885949,1.6693543956043957,1.1038809831824061
I-95 NB AM,110P04156,595,1.0413043478260868,1.078,23,38.74937,0.7644000000000001,19.941748333333337,19.177348333333338,0.6667248146532926,1.561820296680545,1.6168589743589745,1.035240083507307
I-95 NB AM,110P04156,600,0.9704347826086956,1.4909999999999997,23,38.74937,0.7644000000000001,19.941748333333337,19.177348333333338,0.6667248146532926,1.4555252201214934,2.2363049450549446,1.5364247311827954
I-95 NB AM,110P04156,605,0.9021739130434783,1.1,23,38.74937,0.7644000000000001,19.941748333333337,19.177348333333338,0.6667248146532926,1.3531428457670696,1.649856096284668,1.219277108433735
I-95 NB AM,110P04156,610,0.8965217391304349,1.076,23,38.74937,0.7644000000000001,19.941748333333337,19.177348333333338,0.6667248146532926,1.3446653243237097,1.6138592360020934,1.2001939864209505
I-95 NB AM,110P04156,615,0.9017391304347827,1.2179999999999997,23,38.74937,0.7644000000000001,19.941748333333337,19.177348333333338,0.6667248146532926,1.352490728732965,1.826840659340659,1.350723240115718
I-95 NB AM,110P04156,620,0.9017391304347827,1.148,23,38.74937,0.7644000000000001,19.941748333333337,19.177348333333338,0.6667248146532926,1.352490728732965,1.7218498168498169,1.2730954676952746
I-95 NB AM,110P04156,625,0.9069565217391304,1.2259999999999998,23,38.74937,0.7644000000000001,19.941748333333337,19.177348333333338,0.6667248146532926,1.3603161331422202,1.8388396127681839,1.3517737296260783
I-95 NB AM,110P04156,630,0.9052173913043479,1.2439999999999998,23,38.74937,0.7644000000000001,19.941748333333337,19.177348333333338,0.6667248146532926,1.3577076650058018,1.865837257980115,1.3742555235350622
I-95 NB AM,110P04156,635,0.8656521739130435,1.065,23,38.74937,0.7644000000000001,19.941748333333337,19.177348333333338,0.6667248146532926,1.298365014902282,1.5973606750392464,1.230286288297338
I-95 NB AM,110P04156,640,0.841304347826087,0.957,23,38.74937,0.7644000000000001,19.941748333333337,19.177348333333338,0.6667248146532926,1.2618464609924238,1.435374803767661,1.1375193798449612
I-95 NB AM,110P04156,645,0.8404347826086958,1.0539999999999998,23,38.74937,0.7644000000000001,19.941748333333337,19.177348333333338,0.6667248146532926,1.2605422269242148,1.5808621140763996,1.2541127780651833
I-95 NB AM,110P04156,650,0.83,0.956,23,38.74937,0.7644000000000001,19.941748333333337,19.177348333333338,0.6667248146532926,1.2448914181057038,1.4338749345892203,1.1518072289156627
I-95 NB AM,110P04156,655,0.8121739130434783,1.019,23,38.74937,0.7644000000000001,19.941748333333337,19.177348333333338,0.6667248146532926,1.218154619707415,1.5283666928309785,1.2546573875802995
I-95 NB AM,110P04157,300,0.4434782608695652,0.47,23,38.76508,0.4824616666666666,20.424210000000002,19.941748333333337,0.4257640829533755,1.0416056182882143,1.1038977189897643,1.0598039215686275
I-95 NB AM,110P04157,305,0.4439130434782609,0.489,23,38.76508,0.4824616666666666,20.424210000000002,19.941748333333337,0.4257640829533755,1.0426268002669283,1.1485233714595633,1.1015670910871693
I-95 NB AM,110P04157,310,0.44782608695652176,0.46,23,38.76508,0.4824616666666666,20.424210000000002,19.941748333333337,0.4257640829533755,1.0518174380753538,1.080410533479344,1.0271844660194174
I-95 NB AM,110P04157,315,0.46043478260869564,0.5159999999999999,23,38.76508,0.4824616666666666,20.424210000000002,19.941748333333337,0.4257640829533755,1.0814317154580577,1.2119387723376984,1.1206798866855523
I-95 NB AM,110P04157,320,0.4773913043478261,0.52,23,38.76508,0.4824616666666666,20.424210000000002,19.941748333333337,0.4257640829533755,1.1212578126279014,1.221333646541867,1.0892531876138434
I-95 NB AM,110P04157,325,0.5039130434782608,0.579,23,38.76508,0.4824616666666666,20.424210000000002,19.941748333333337,0.4257640829533755,1.1835499133294511,1.359908041053348,1.1490077653149267
I-95 NB AM,110P04157,330,0.5021739130434782,0.548,23,38.76508,0.4824616666666666,20.424210000000002,19.941748333333337,0.4257640829533755,1.1794651854145954,1.2870977659710445,1.0912554112554114
I-95 NB AM,110P04157,335,0.5360869565217391,0.628,23,38.76508,0.4824616666666666,20.424210000000002,19.941748333333337,0.4257640829533755,1.2591173797542825,1.4749952500544086,1.1714517437145175
I-95 NB AM,110P04157,340,0.538695652173913,0.6459999999999999,23,38.76508,0.4824616666666666,20.424210000000002,19.941748333333337,0.4257640829533755,1.265244471626566,1.5172721839731653,1.1991928974979822
I-95 NB AM,110P04157,345,0.5530434782608696,0.649,23,38.76508,0.4824616666666666,20.424210000000002,19.941748333333337,0.4257640829533755,1.2989434769241262,1.5243183396262916,1.173506289308176
I-95 NB AM,110P04157,350,0.59,0.769,23,38.76508,0.4824616666666666,20.424210000000002,19.941748333333337,0.4257640829533755,1.3857439451148106,1.8061645657513379,1.3033898305084746
I-95 NB AM,110P04157,355,0.6104347826086957,0.68,23,38.76508,0.4824616666666666,20.424210000000002,19.941748333333337,0.4257640829533755,1.4337394981143656,1.5971286147085952,1.113960113960114
I-95 NB AM,110P04157,360,0.6660869565217391,0.709,23,38.76508,0.4824616666666666,20.424210000000002,19.941748333333337,0.4257640829533755,1.5644507913897492,1.6652414526888146,1.064425587467363
I-95 NB AM,110P04157,365,0.6769565217391305,0.739,23,38.76508,0.4824616666666666,20.424210000000002,19.941748333333337,0.4257640829533755,1.5899803408575977,1.7357030092200763,1.09165061014772
I-95 NB AM,110P04157,370,0.7021739130434782,0.8119999999999998,23,38.76508,0.4824616666666666,20.424210000000002,19.941748333333337,0.4257640829533755,1.6492088956230058,1.9071594634461457,1.15640866873065
I-95 NB AM,110P04157,375,0.7465217391304348,0.8329999999999999,23,38.76508,0.4824616666666666,20.424210000000002,19.941748333333337,0.4257640829533755,1.7533694574518275,1.9564825530180288,1.1158415841584155
I-95 NB AM,110P04157,380,0.7430434782608696,0.829,23,38.76508,0.4824616666666666,20.424210000000002,19.941748333333337,0.4257640829533755,1.7452000016221159,1.947087678813861,1.115681685196021
I-95 NB AM,110P04157,385,0.7330434782608696,0.8039999999999999,23,38.76508,0.4824616666666666,20.424210000000002,19.941748333333337,0.4257640829533755,1.7217128161116955,1.8883697150378096,1.096797153024911
I-95 NB AM,110P04157,390,0.7626086956521739,0.8929999999999999,23,38.76508,0.4824616666666666,20.424210000000002,19.941748333333337,0.4257640829533755,1.791153190664243,2.0974056660805522,1.1709806157354616
I-95 NB AM,110P04157,395,0.7978260869565218,1.0909999999999997,23,38.76508,0.4824616666666666,20.424210000000002,19.941748333333337,0.4257640829533755,1.873868930940072,2.562451939186878,1.3674659400544955
I-95 NB AM,110P04157,400,0.8456521739130435,1.2509999999999994,23,38.76508,0.4824616666666666,20.424210000000002,19.941748333333337,0.4257640829533755,1.9861989485986047,2.9382469073536055,1.4793316195372743
I-95 NB AM,110P04157,405,0.7256521739130435,1.1749999999999994,23,38.76508,0.4824616666666666,20.424210000000002,19.941748333333337,0.4257640829533755,1.7043527224735584,2.7597442974744095,1.6192330736968237
I-95 NB AM,110P04157,410,0.7804347826086956,1.842999999999999,23,38.76508,0.4824616666666666,20.424210000000002,19.941748333333337,0.4257640829533755,1.833021651791514,4.3286882895705,2.3615041782729795
I-95 NB AM,110P04157,415,0.7221739130434782,1.1299999999999994,23,38.76508,0.4824616666666666,20.424210000000002,19.941748333333337,0.4257640829533755,1.6961832666438468,2.654051962677517,1.5647200481637562
I-95 NB AM,110P04157,420,0.7760869565217392,0.877,23,38.76508,0.4824616666666666,20.424210000000002,19.941748333333337,0.4257640829533755,1.822809832004375,2.0598261692638795,1.1300280112044816
I-95 NB AM,110P04157,425,0.7495652173913044,0.8969999999999998,23,38.76508,0.4824616666666666,20.424210000000002,19.941748333333337,0.4257640829533755,1.760517731302825,2.10680054028472,1.1966937354988394
I-95 NB AM,110P04157,430,0.7695652173913043,0.8059999999999999,23,38.76508,0.4824616666666666,20.424210000000002,19.941748333333337,0.4257640829533755,1.8074921023236659,1.8930671521398936,1.0473446327683615
I-95 NB AM,110P04157,435,0.7460869565217392,0.8759999999999998,23,38.76508,0.4824616666666666,20.424210000000002,19.941748333333337,0.4257640829533755,1.7523482754731134,2.057477450712837,1.1741258741258738
I-95 NB AM,110P04157,440,0.7478260869565218,0.78,23,38.76508,0.4824616666666666,20.424210000000002,19.941748333333337,0.4257640829533755,1.7564330033879691,1.8320004698128005,1.0430232558139536
I-95 NB AM,110P04157,445,0.6643478260869565,0.7259999999999999,23,38.76508,0.4824616666666666,20.424210000000002,19.941748333333337,0.4257640829533755,1.5603660634748935,1.7051696680565294,1.0928010471204186
I-95 NB AM,110P04157,450,0.6365217391304349,0.688,23,38.76508,0.4824616666666666,20.424210000000002,19.941748333333337,0.4257640829533755,1.4950104168372018,1.6159183631169316,1.0808743169398904
I-95 NB AM,110P04157,455,0.6339130434782608,0.7249999999999999,23,38.76508,0.4824616666666666,20.424210000000002,19.941748333333337,0.4257640829533755,1.488883324964918,1.7028209495054873,1.1436899862825787
I-95 NB AM,110P04157,460,0.6334782608695653,0.9219999999999996,23,38.76508,0.4824616666666666,20.424210000000002,19.941748333333337,0.4257640829533755,1.4878621429862042,2.165518504060771,1.4554564172958127
I-95 NB AM,110P04157,465,0.658695652173913,0.9839999999999999,23,38.76508,0.4824616666666666,20.424210000000002,19.941748333333337,0.4257640829533755,1.5470906977516123,2.3111390542253787,1.4938613861386136
I-95 NB AM,110P04157,470,0.6808695652173913,0.9729999999999999,23,38.76508,0.4824616666666666,20.424210000000002,19.941748333333337,0.4257640829533755,1.599170978666023,2.2853031501639163,1.4290549169859512
I-95 NB AM,110P04157,475,0.6908695652173913,1.1959999999999993,23,38.76508,0.4824616666666666,20.424210000000002,19.941748333333337,0.4257640829533755,1.6226581641764435,2.809067387046292,1.7311516677155434
I-95 NB AM,110P04157,480,0.7143478260869565,1.3009999999999997,23,38.76508,0.4824616666666666,20.424210000000002,19.941748333333337,0.4257640829533755,1.677801991026996,3.0556828349057086,1.8212416311625073
I-95 NB AM,110P04157,485,0.7443478260869566,1.2549999999999997,23,38.76508,0.4824616666666666,20.424210000000002,19.941748333333337,0.4257640829533755,1.748263547558258,2.9476417815577745,1.6860397196261676
I-95 NB AM,110P04157,490,0.7456521739130434,1.172,23,38.76508,0.4824616666666666,20.424210000000002,19.941748333333337,0.4257640829533755,1.7513270934943992,2.7526981418212846,1.5717784256559768
I-95 NB AM,110P04157,495,0.7152173913043478,1.056,23,38.76508,0.4824616666666666,20.424210000000002,19.941748333333337,0.4257640829533755,1.679844354984424,2.480246789900407,1.4764741641337387
I-95 NB AM,110P04157,500,0.7000000000000001,1.074,23,38.76508,0.4824616666666666,20.424210000000002,19.941748333333337,0.4257640829533755,1.6441029857294365,2.522523723819164,1.5342857142857143
I-95 NB AM,110P04157,505,0.7608695652173914,1.246,23,38.76508,0.4824616666666666,20.424210000000002,19.941748333333337,0.4257640829533755,1.7870684627493874,2.9265033145983965,1.6376
I-95 NB AM,110P04157,510,0.7856521739130435,1.1869999999999998,23,38.76508,0.4824616666666666,20.424210000000002,19.941748333333337,0.4257640829533755,1.8452758355360817,2.787928920086915,1.5108467072495846
I-95 NB AM,110P04157,515,0.7965217391304348,1.4649999999999999,23,38.76508,0.4824616666666666,20.424210000000002,19.941748333333337,0.4257640829533755,1.87080538500393,3.4408726772766056,1.8392467248908295
I-95 NB AM,110P04157,520,0.7534782608695653,1.3129999999999997,23,38.76508,0.4824616666666666,20.424210000000002,19.941748333333337,0.4257640829533755,1.7697083691112505,3.0838674575182132,1.7425851125216383
I-95 NB AM,110P04157,525,0.7095652173913044,1.2899999999999998,23,38.76508,0.4824616666666666,20.424210000000002,19.941748333333337,0.4257640829533755,1.666568989261143,3.029846930844246,1.8180147058823526
I-95 NB AM,110P04157,530,0.7265217391304348,1.384,23,38.76508,0.4824616666666666,20.424210000000002,19.941748333333337,0.4257640829533755,1.7063950864309865,3.2506264746421993,1.9049670855774983
I-95 NB AM,110P04157,535,0.7121739130434782,1.273,23,38.76508,0.4824616666666666,20.424210000000002,19.941748333333337,0.4257640829533755,1.6726960811334264,2.9899187154765317,1.7874847374847376
I-95 NB AM,110P04157,540,0.6260869565217392,0.9379999999999996,23,38.76508,0.4824616666666666,20.424210000000002,19.941748333333337,0.4257640829533755,1.4705020493480674,2.2030980008774437,1.4981944444444437
I-95 NB AM,110P04157,545,0.5734782608695652,0.8599999999999999,23,38.76508,0.4824616666666666,20.424210000000002,19.941748333333337,0.4257640829533755,1.346939029923681,2.019897953896164,1.4996209249431385
I-95 NB AM,110P04157,550,0.5878260869565217,0.8969999999999997,23,38.76508,0.4824616666666666,20.424210000000002,19.941748333333337,0.4257640829533755,1.3806380352212408,2.10680054028472,1.525961538461538
I-95 NB AM,110P04157,555,0.5995652173913043,1.1459999999999992,23,38.76508,0.4824616666666666,20.424210000000002,19.941748333333337,0.4257640829533755,1.408209948646517,2.6916314594941895,1.9113850616388677
I-95 NB AM,110P04157,560,0.5821739130434783,0.8949999999999998,23,38.76508,0.4824616666666666,20.424210000000002,19.941748333333337,0.4257640829533755,1.36736266949796,2.102103103182636,1.5373412994772213
I-95 NB AM,110P04157,565,0.5773913043478262,0.7959999999999999,23,38.76508,0.4824616666666666,20.424210000000002,19.941748333333337,0.4257640829533755,1.3561296677321066,1.869579966629473,1.378614457831325
I-95 NB AM,110P04157,570,0.5939130434782609,0.9509999999999996,23,38.76508,0.4824616666666666,20.424210000000002,19.941748333333337,0.4257640829533755,1.394934582923236,2.2336313420409906,1.6012445095168368
I-95 NB AM,110P04157,575,0.6217391304347827,1.0199999999999996,23,38.76508,0.4824616666666666,20.424210000000002,19.941748333333337,0.4257640829533755,1.4602902295609281,2.3956929220628917,1.6405594405594397
I-95 NB AM,110P04157,580,0.5934782608695652,0.6819999999999998,23,38.76508,0.4824616666666666,20.424210000000002,19.941748333333337,0.4257640829533755,1.393913400944522,1.6018260518106788,1.1491575091575088
I-95 NB AM,110P04157,585,0.6126086956521739,0.6709999999999999,23,38.76508,0.4824616666666666,20.424210000000002,19.941748333333337,0.4257640829533755,1.4388454080079351,1.5759901477492166,1.0953158268275371
I-95 NB AM,110P04157,590,0.5956521739130435,0.7279999999999999,23,38.76508,0.4824616666666666,20.424210000000002,19.941748333333337,0.4257640829533755,1.3990193108380917,1.7098671051586134,1.2221897810218976
I-95 NB AM,110P04157,595,0.5817391304347826,0.8999999999999996,23,38.76508,0.4824616666666666,20.424210000000002,19.941748333333337,0.4257640829533755,1.366341487519246,2.1138466959378457,1.547085201793721
I-95 NB AM,110P04157,600,0.5478260869565217,0.6999999999999998,23,38.76508,0.4824616666666666,20.424210000000002,19.941748333333337,0.4257640829533755,1.2866892931795586,1.6441029857294358,1.2777777777777777
I-95 NB AM,110P04157,605,0.5373913043478261,0.607,23,38.76508,0.4824616666666666,20.424210000000002,19.941748333333337,0.4257640829533755,1.2621809256904244,1.4256721604825253,1.1295307443365694
I-95 NB AM,110P04157,610,0.5391304347826087,0.629,23,38.76508,0.4824616666666666,20.424210000000002,19.941748333333337,0.4257640829533755,1.26626565360528,1.4773439686054506,1.1666935483870968
I-95 NB AM,110P04157,615,0.5486956521739131,0.7019999999999998,23,38.76508,0.4824616666666666,20.424210000000002,19.941748333333337,0.4257640829533755,1.288731657136987,1.64880042283152,1.279397781299524
I-95 NB AM,110P04157,620,0.5434782608695652,0.7169999999999997,23,38.76508,0.4824616666666666,20.424210000000002,19.941748333333337,0.4257640829533755,1.2764774733924193,1.6840312010971505,1.3192799999999996
I-95 NB AM,110P04157,625,0.5378260869565218,0.6049999999999999,23,38.76508,0.4824616666666666,20.424210000000002,19.941748333333337,0.4257640829533755,1.2632021076691384,1.420974723380441,1.1248989490703312
I-95 NB AM,110P04157,630,0.5456521739130435,0.7219999999999999,23,38.76508,0.4824616666666666,20.424210000000002,19.941748333333337,0.4257640829533755,1.2815833832859893,1.695774793852361,1.3231872509960154
I-95 NB AM,110P04157,635,0.5273913043478261,0.6529999999999999,23,38.76508,0.4824616666666666,20.424210000000002,19.941748333333337,0.4257640829533755,1.2386937401800038,1.5337132138304597,1.238169826875515
I-95 NB AM,110P04157,640,0.5182608695652174,0.596,23,38.76508,0.4824616666666666,20.424210000000002,19.941748333333337,0.4257640829533755,1.2172489186270112,1.399836256421063,1.15
I-95 NB AM,110P04157,645,0.5221739130434783,0.61,23,38.76508,0.4824616666666666,20.424210000000002,19.941748333333337,0.4257640829533755,1.2264395564354367,1.4327183161356516,1.1681931723563697
I-95 NB AM,110P04157,650,0.5278260869565218,0.589,23,38.76508,0.4824616666666666,20.424210000000002,19.941748333333337,0.4257640829533755,1.2397149221587178,1.3833952265637683,1.1158978583196044
I-95 NB AM,110P04157,655,0.5178260869565218,0.6359999999999999,23,38.76508,0.4824616666666666,20.424210000000002,19.941748333333337,0.4257640829533755,1.2162277366482974,1.4937849984627447,1.228211586901763
I-95 NB AM,110P04158,300,0.5108695652173914,0.54,23,38.77421,0.5432983333333333,21.124884166666668,20.581585833333335,0.5000444853505139,1.0216482336752288,1.079903920191178,1.0570212765957447
I-95 NB AM,110P04158,305,0.5143478260869565,0.53,23,38.77421,0.5432983333333333,21.124884166666668,20.581585833333335,0.5000444853505139,1.0286041365428047,1.0599056994468967,1.0304311073541843
I-95 NB AM,110P04158,310,0.5134782608695653,0.539,23,38.77421,0.5432983333333333,21.124884166666668,20.581585833333335,0.5000444853505139,1.0268651608259107,1.0779040981167498,1.0497036409822185
I-95 NB AM,110P04158,315,0.5173913043478261,0.549,23,38.77421,0.5432983333333333,21.124884166666668,20.581585833333335,0.5000444853505139,1.0346905515519338,1.0979023188610308,1.06109243697479
I-95 NB AM,110P04158,320,0.5208695652173914,0.54,23,38.77421,0.5432983333333333,21.124884166666668,20.581585833333335,0.5000444853505139,1.0416464544195099,1.079903920191178,1.036727879799666
I-95 NB AM,110P04158,325,0.53,0.56,23,38.77421,0.5432983333333333,21.124884166666668,20.581585833333335,0.5000444853505139,1.0599056994468967,1.11990036167974,1.0566037735849056
I-95 NB AM,110P04158,330,0.5304347826086957,0.569,23,38.77421,0.5432983333333333,21.124884166666668,20.581585833333335,0.5000444853505139,1.060775187305344,1.137898760349593,1.0727049180327868
I-95 NB AM,110P04158,335,0.532608695652174,0.579,23,38.77421,0.5432983333333333,21.124884166666668,20.581585833333335,0.5000444853505139,1.0651226265975788,1.157896981093874,1.0871020408163263
I-95 NB AM,110P04158,340,0.5334782608695652,0.58,23,38.77421,0.5432983333333333,21.124884166666668,20.581585833333335,0.5000444853505139,1.0668616023144728,1.1598968031683021,1.0872045639771801
I-95 NB AM,110P04158,345,0.5365217391304348,0.569,23,38.77421,0.5432983333333333,21.124884166666668,20.581585833333335,0.5000444853505139,1.072948017323602,1.137898760349593,1.0605348460291733
I-95 NB AM,110P04158,350,0.5373913043478261,0.57,23,38.77421,0.5432983333333333,21.124884166666668,20.581585833333335,0.5000444853505139,1.0746869930404959,1.1398985824240209,1.0606796116504853
I-95 NB AM,110P04158,355,0.5434782608695652,0.59,23,38.77421,0.5432983333333333,21.124884166666668,20.581585833333335,0.5000444853505139,1.0868598230587538,1.1798950239125832,1.0856
I-95 NB AM,110P04158,360,0.552608695652174,0.629,23,38.77421,0.5432983333333333,21.124884166666668,20.581585833333335,0.5000444853505139,1.1051190680861411,1.2578880848152794,1.1382376081825334
I-95 NB AM,110P04158,365,0.5617391304347826,0.617,23,38.77421,0.5432983333333333,21.124884166666668,20.581585833333335,0.5000444853505139,1.123378313113528,1.233890219922142,1.098374613003096
I-95 NB AM,110P04158,370,0.5634782608695652,0.6459999999999999,23,38.77421,0.5432983333333333,21.124884166666668,20.581585833333335,0.5000444853505139,1.126856264547316,1.291885060080557,1.1464506172839504
I-95 NB AM,110P04158,375,0.5630434782608696,0.6529999999999999,23,38.77421,0.5432983333333333,21.124884166666668,20.581585833333335,0.5000444853505139,1.1259867766888692,1.3058838146015537,1.1597683397683394
I-95 NB AM,110P04158,380,0.5608695652173913,0.6439999999999999,23,38.77421,0.5432983333333333,21.124884166666668,20.581585833333335,0.5000444853505139,1.121639337396634,1.2878854159317008,1.1482170542635657
I-95 NB AM,110P04158,385,0.5704347826086957,0.619,23,38.77421,0.5432983333333333,21.124884166666668,20.581585833333335,0.5000444853505139,1.1407680702824683,1.2378898640709983,1.085137195121951
I-95 NB AM,110P04158,390,0.5756521739130435,0.619,23,38.77421,0.5432983333333333,21.124884166666668,20.581585833333335,0.5000444853505139,1.151201924583832,1.2378898640709983,1.0753021148036255
I-95 NB AM,110P04158,395,0.5717391304347826,0.629,23,38.77421,0.5432983333333333,21.124884166666668,20.581585833333335,0.5000444853505139,1.1433765338578092,1.2578880848152794,1.1001520912547529
I-95 NB AM,110P04158,400,0.5752173913043478,0.667,23,38.77421,0.5432983333333333,21.124884166666668,20.581585833333335,0.5000444853505139,1.150332436725385,1.3338813236435476,1.1595616024187454
I-95 NB AM,110P04158,405,0.5821739130434783,0.678,23,38.77421,0.5432983333333333,21.124884166666668,20.581585833333335,0.5000444853505139,1.1642442424605373,1.3558793664622568,1.1646004480955936
I-95 NB AM,110P04158,410,0.5782608695652174,0.657,23,38.77421,0.5432983333333333,21.124884166666668,20.581585833333335,0.5000444853505139,1.1564188517345142,1.3138831028992664,1.1361654135338346
I-95 NB AM,110P04158,415,0.5778260869565217,0.657,23,38.77421,0.5432983333333333,21.124884166666668,20.581585833333335,0.5000444853505139,1.155549363876067,1.3138831028992664,1.1370203160270882
I-95 NB AM,110P04158,420,0.5908695652173913,0.638,23,38.77421,0.5432983333333333,21.124884166666668,20.581585833333335,0.5000444853505139,1.1816339996294771,1.2758864834851324,1.0797645327446652
I-95 NB AM,110P04158,425,0.5947826086956521,0.639,23,38.77421,0.5432983333333333,21.124884166666668,20.581585833333335,0.5000444853505139,1.1894593903555002,1.2778863055595604,1.0743421052631579
I-95 NB AM,110P04158,430,0.5908695652173913,0.647,23,38.77421,0.5432983333333333,21.124884166666668,20.581585833333335,0.5000444853505139,1.1816339996294771,1.2938848821549853,1.0949963208241353
I-95 NB AM,110P04158,435,0.5830434782608696,0.649,23,38.77421,0.5432983333333333,21.124884166666668,20.581585833333335,0.5000444853505139,1.1659832181774312,1.2978845263038417,1.1131245339299032
I-95 NB AM,110P04158,440,0.5834782608695652,0.639,23,38.77421,0.5432983333333333,21.124884166666668,20.581585833333335,0.5000444853505139,1.1668527060358782,1.2778863055595604,1.0951564828614009
I-95 NB AM,110P04158,445,0.577391304347826,0.61,23,38.77421,0.5432983333333333,21.124884166666668,20.581585833333335,0.5000444853505139,1.15467987601762,1.2198914654011452,1.056475903614458
I-95 NB AM,110P04158,450,0.5826086956521739,0.62,23,38.77421,0.5432983333333333,21.124884166666668,20.581585833333335,0.5000444853505139,1.165113730318984,1.2398896861454265,1.064179104477612
I-95 NB AM,110P04158,455,0.5852173913043478,0.629,23,38.77421,0.5432983333333333,21.124884166666668,20.581585833333335,0.5000444853505139,1.1703306574696661,1.2578880848152794,1.07481426448737
I-95 NB AM,110P04158,460,0.5852173913043478,0.64,23,38.77421,0.5432983333333333,21.124884166666668,20.581585833333335,0.5000444853505139,1.1703306574696661,1.2798861276339886,1.0936106983655276
I-95 NB AM,110P04158,465,0.5778260869565217,0.647,23,38.77421,0.5432983333333333,21.124884166666668,20.581585833333335,0.5000444853505139,1.155549363876067,1.2938848821549853,1.1197140707298723
I-95 NB AM,110P04158,470,0.5865217391304348,0.677,23,38.77421,0.5432983333333333,21.124884166666668,20.581585833333335,0.5000444853505139,1.1729391210450073,1.3538795443878286,1.1542624166048925
I-95 NB AM,110P04158,475,0.5939130434782609,0.7049999999999998,23,38.77421,0.5432983333333333,21.124884166666668,20.581585833333335,0.5000444853505139,1.1877204146386062,1.4098745624718152,1.1870424597364564
I-95 NB AM,110P04158,480,0.6043478260869566,0.728,23,38.77421,0.5432983333333333,21.124884166666668,20.581585833333335,0.5000444853505139,1.2085881232413345,1.455870470183662,1.2046043165467624
I-95 NB AM,110P04158,485,0.6030434782608696,0.6869999999999999,23,38.77421,0.5432983333333333,21.124884166666668,20.581585833333335,0.5000444853505139,1.2059796596659933,1.3738777651321095,1.1392213410237924
I-95 NB AM,110P04158,490,0.6147826086956522,0.689,23,38.77421,0.5432983333333333,21.124884166666668,20.581585833333335,0.5000444853505139,1.2294558318440623,1.3778774092809658,1.1207213578500708
I-95 NB AM,110P04158,495,0.6117391304347827,0.67,23,38.77421,0.5432983333333333,21.124884166666668,20.581585833333335,0.5000444853505139,1.2233694168349334,1.339880789866832,1.0952380952380951
I-95 NB AM,110P04158,500,0.6269565217391304,0.699,23,38.77421,0.5432983333333333,21.124884166666668,20.581585833333335,0.5000444853505139,1.2538014918805784,1.3978756300252468,1.1149098474341192
I-95 NB AM,110P04158,505,0.6543478260869565,0.71,23,38.77421,0.5432983333333333,21.124884166666668,20.581585833333335,0.5000444853505139,1.3085792269627397,1.419873672843956,1.0850498338870431
I-95 NB AM,110P04158,510,0.6939130434782609,0.8359999999999997,23,38.77421,0.5432983333333333,21.124884166666668,20.581585833333335,0.5000444853505139,1.387702622081417,1.671851254221897,1.2047619047619045
I-95 NB AM,110P04158,515,0.7782608695652173,1.0459999999999998,23,38.77421,0.5432983333333333,21.124884166666668,20.581585833333335,0.5000444853505139,1.5563832666201354,2.0918138898517995,1.3440223463687149
I-95 NB AM,110P04158,520,0.7917391304347826,1.7179999999999986,23,38.77421,0.5432983333333333,21.124884166666668,20.581585833333335,0.5000444853505139,1.5833373902319927,3.4356943238674855,2.169906644700712
I-95 NB AM,110P04158,525,0.8269565217391304,2.0559999999999987,23,38.77421,0.5432983333333333,21.124884166666668,20.581585833333335,0.5000444853505139,1.6537659067661998,4.111634185024186,2.4862250262881163
I-95 NB AM,110P04158,530,0.8843478260869565,2.3249999999999997,23,38.77421,0.5432983333333333,21.124884166666668,20.581585833333335,0.5000444853505139,1.7685383040812042,4.649586323045349,2.62905604719764
I-95 NB AM,110P04158,535,0.9873913043478261,3.4719999999999986,23,38.77421,0.5432983333333333,21.124884166666668,20.581585833333335,0.5000444853505139,1.974606926533144,6.943382242414385,3.5163364156759123
I-95 NB AM,110P04158,540,0.948695652173913,3.284999999999998,23,38.77421,0.5432983333333333,21.124884166666668,20.581585833333335,0.5000444853505139,1.8972225071313609,6.5694155144963275,3.462648945921171
I-95 NB AM,110P04158,545,0.8613043478260869,2.935999999999997,23,38.77421,0.5432983333333333,21.124884166666668,20.581585833333335,0.5000444853505139,1.722455447583513,5.871477610520916,3.4087834427057007
I-95 NB AM,110P04158,550,0.8099999999999999,2.5109999999999975,23,38.77421,0.5432983333333333,21.124884166666668,20.581585833333335,0.5000444853505139,1.6198558802867666,5.021553228888972,3.099999999999997
I-95 NB AM,110P04158,555,0.7521739130434782,1.8879999999999981,23,38.77421,0.5432983333333333,21.124884166666668,20.581585833333335,0.5000444853505139,1.5042139951133153,3.7756640765202625,2.5100578034682055
I-95 NB AM,110P04158,560,0.7491304347826088,2.1539999999999977,23,38.77421,0.5432983333333333,21.124884166666668,20.581585833333335,0.5000444853505139,1.4981275801041865,4.3076167483181385,2.875333720255365
I-95 NB AM,110P04158,565,0.7604347826086958,2.2639999999999976,23,38.77421,0.5432983333333333,21.124884166666668,20.581585833333335,0.5000444853505139,1.5207342644238087,4.52759717650523,2.977244139508287
I-95 NB AM,110P04158,570,0.7695652173913043,2.0369999999999977,23,38.77421,0.5432983333333333,21.124884166666668,20.581585833333335,0.5000444853505139,1.5389935094511955,4.073637565610049,2.64694915254237
I-95 NB AM,110P04158,575,0.7082608695652174,1.1889999999999992,23,38.77421,0.5432983333333333,21.124884166666668,20.581585833333335,0.5000444853505139,1.4163957214101681,2.3777884464950176,1.678759975445057
I-95 NB AM,110P04158,580,0.65,0.7799999999999998,23,38.77421,0.5432983333333333,21.124884166666668,20.581585833333335,0.5000444853505139,1.2998843483782696,1.559861218053923,1.1999999999999997
I-95 NB AM,110P04158,585,0.5856521739130435,0.627,23,38.77421,0.5432983333333333,21.124884166666668,20.581585833333335,0.5000444853505139,1.1712001453281131,1.2538884406664232,1.0706013363028954
I-95 NB AM,110P04158,590,0.5691304347826087,0.6439999999999999,23,38.77421,0.5432983333333333,21.124884166666668,20.581585833333335,0.5000444853505139,1.1381596067071271,1.2878854159317008,1.1315508021390372
I-95 NB AM,110P04158,595,0.5691304347826087,0.62,23,38.77421,0.5432983333333333,21.124884166666668,20.581585833333335,0.5000444853505139,1.1381596067071271,1.2398896861454265,1.0893812070282658
I-95 NB AM,110P04158,600,0.5608695652173913,0.628,23,38.77421,0.5432983333333333,21.124884166666668,20.581585833333335,0.5000444853505139,1.121639337396634,1.2558882627408512,1.1196899224806203
I-95 NB AM,110P04158,605,0.5578260869565217,0.6259999999999999,23,38.77421,0.5432983333333333,21.124884166666668,20.581585833333335,0.5000444853505139,1.115552922387505,1.2518886185919949,1.1222135619641465
I-95 NB AM,110P04158,610,0.56,0.608,23,38.77421,0.5432983333333333,21.124884166666668,20.581585833333335,0.5000444853505139,1.11990036167974,1.2158918212522891,1.0857142857142856
I-95 NB AM,110P04158,615,0.5569565217391305,0.599,23,38.77421,0.5432983333333333,21.124884166666668,20.581585833333335,0.5000444853505139,1.113813946670611,1.197893422582436,1.075487900078064
I-95 NB AM,110P04158,620,0.5560869565217391,0.598,23,38.77421,0.5432983333333333,21.124884166666668,20.581585833333335,0.5000444853505139,1.112074970953717,1.195893600508008,1.075371383893667
I-95 NB AM,110P04158,625,0.5508695652173913,0.579,23,38.77421,0.5432983333333333,21.124884166666668,20.581585833333335,0.5000444853505139,1.101641116652353,1.157896981093874,1.0510655090765588
I-95 NB AM,110P04158,630,0.5504347826086956,0.579,23,38.77421,0.5432983333333333,21.124884166666668,20.581585833333335,0.5000444853505139,1.1007716287939058,1.157896981093874,1.0518957345971565
I-95 NB AM,110P04158,635,0.551304347826087,0.609,23,38.77421,0.5432983333333333,21.124884166666668,20.581585833333335,0.5000444853505139,1.1025106045108,1.2178916433267173,1.104652996845426
I-95 NB AM,110P04158,640,0.5478260869565217,0.599,23,38.77421,0.5432983333333333,21.124884166666668,20.581585833333335,0.5000444853505139,1.0955547016432239,1.197893422582436,1.0934126984126984
I-95 NB AM,110P04158,645,0.5439130434782609,0.57,23,38.77421,0.5432983333333333,21.124884166666668,20.581585833333335,0.5000444853505139,1.0877293109172008,1.1398985824240209,1.0479616306954436
I-95 NB AM,110P04158,650,0.5473913043478261,0.597,23,38.77421,0.5432983333333333,21.124884166666668,20.581585833333335,0.5000444853505139,1.094685213784777,1.19389377843358,1.0906274821286734
I-95 NB AM,110P04158,655,0.542608695652174,0.58,23,38.77421,0.5432983333333333,21.124884166666668,20.581585833333335,0.5000444853505139,1.0851208473418599,1.1598968031683021,1.0689102564102562
I-95 SB PM,110-04146,720,1.7730434782608697,2.382999999999999,23,38.54607,1.9348608333333335,21.137496666666664,19.202635833333332,1.6088088968957872,1.102084580512934,1.4812200532940993,1.3440166748406075
I-95 SB PM,110-04146,725,1.7556521739130433,2.3319999999999994,23,38.54607,1.9348608333333335,21.137496666666664,19.202635833333332,1.6088088968957872,1.0912745306795553,1.4495195821577171,1.3282813273897967
I-95 SB PM,110-04146,730,1.7765217391304347,2.1350000000000002,23,38.54607,1.9348608333333335,21.137496666666664,19.202635833333332,1.6088088968957872,1.1042465904796095,1.3270687426701233,1.2017865883504653
I-95 SB PM,110-04146,735,1.7382608695652173,2.026,23,38.54607,1.9348608333333335,21.137496666666664,19.202635833333332,1.6088088968957872,1.080464480846177,1.2593167553394236,1.1655327663831916
I-95 SB PM,110-04146,740,1.7308695652173913,1.9329999999999998,23,38.54607,1.9348608333333335,21.137496666666664,19.202635833333332,1.6088088968957872,1.0758702096669912,1.2015100138554322,1.1167797035920621
I-95 SB PM,110-04146,745,1.7695652173913041,2.481999999999999,23,38.54607,1.9348608333333335,21.137496666666664,19.202635833333332,1.6088088968957872,1.099922570546258,1.5427562619706061,1.402604422604422
I-95 SB PM,110-04146,750,1.8056521739130436,2.806999999999998,23,38.54607,1.9348608333333335,21.137496666666664,19.202635833333332,1.6088088968957872,1.1223534239505186,1.7447690682318655,1.554562966530218
I-95 SB PM,110-04146,755,1.821304347826087,2.554999999999999,23,38.54607,1.9348608333333335,21.137496666666664,19.202635833333332,1.6088088968957872,1.1320824688005593,1.5881314461462122,1.4028407734542843
I-95 SB PM,110-04146,760,1.8243478260869566,2.810999999999998,23,38.54607,1.9348608333333335,21.137496666666664,19.202635833333332,1.6088088968957872,1.1339742275214004,1.7472553796935426,1.5408245948522392
I-95 SB PM,110-04146,765,1.8004347826086955,2.2719999999999994,23,38.54607,1.9348608333333335,21.137496666666664,19.202635833333332,1.6088088968957872,1.1191104090005048,1.4122249102325615,1.2619174112533202
I-95 SB PM,110-04146,770,1.7843478260869565,1.9929999999999997,23,38.54607,1.9348608333333335,21.137496666666664,19.202635833333332,1.6088088968957872,1.1091111129046298,1.2388046857805877,1.1169346978557504
I-95 SB PM,110-04146,775,1.7760869565217392,1.839,23,38.54607,1.9348608333333335,21.137496666666664,19.202635833333332,1.6088088968957872,1.1039763392337751,1.1430816945060216,1.0354222766217869
I-95 SB PM,110-04146,780,1.796521739130435,2.5359999999999987,23,38.54607,1.9348608333333335,21.137496666666664,19.202635833333332,1.6088088968957872,1.1166781477879948,1.5763214667032461,1.411616650532429
I-95 SB PM,110-04146,785,1.8969565217391307,3.2259999999999978,23,38.54607,1.9348608333333335,21.137496666666664,19.202635833333332,1.6088088968957872,1.1791061855757556,2.0052101938425357,1.7006188402475346
I-95 SB PM,110-04146,790,1.8443478260869566,3.0849999999999977,23,38.54607,1.9348608333333335,21.137496666666664,19.202635833333332,1.6088088968957872,1.1464057848297855,1.91756771481842,1.6726779820839215
I-95 SB PM,110-04146,795,1.822608695652174,2.909999999999998,23,38.54607,1.9348608333333335,21.137496666666664,19.202635833333332,1.6088088968957872,1.1328932225380626,1.8087915883700494,1.596612595419846
I-95 SB PM,110-04146,800,1.8021739130434782,2.164999999999999,23,38.54607,1.9348608333333335,21.137496666666664,19.202635833333332,1.6088088968957872,1.1201914139838427,1.3457160786327005,1.2013268998793722
I-95 SB PM,110-04146,805,1.7778260869565217,1.825,23,38.54607,1.9348608333333335,21.137496666666664,19.202635833333332,1.6088088968957872,1.105057344217113,1.134379604390152,1.0265346050379065
I-95 SB PM,110-04146,810,1.7599999999999998,1.849,23,38.54607,1.9348608333333335,21.137496666666664,19.202635833333332,1.6088088968957872,1.0939770431379,1.1492974731602144,1.050568181818182
I-95 SB PM,110-04146,815,1.7665217391304346,2.2399999999999993,23,38.54607,1.9348608333333335,21.137496666666664,19.202635833333332,1.6088088968957872,1.098030811825417,1.392334418539145,1.2680285503322666
I-95 SB PM,110-04146,820,1.7821739130434784,2.486999999999999,23,38.54607,1.9348608333333335,21.137496666666664,19.202635833333332,1.6088088968957872,1.1077598566754576,1.5458641512977025,1.3954867040741639
I-95 SB PM,110-04146,825,1.7908695652173912,2.437,23,38.54607,1.9348608333333335,21.137496666666664,19.202635833333332,1.6088088968957872,1.1131648815921467,1.5147852580267398,1.3607914542364652
I-95 SB PM,110-04146,830,1.7578260869565216,2.1879999999999997,23,38.54607,1.9348608333333335,21.137496666666664,19.202635833333332,1.6088088968957872,1.0926257869087277,1.3600123695373438,1.244719267870393
I-95 SB PM,110-04146,835,1.808695652173913,2.118,23,38.54607,1.9348608333333335,21.137496666666664,19.202635833333332,1.6088088968957872,1.1242451826713598,1.3165019189579956,1.1710096153846152
I-95 SB PM,110-04146,840,1.817826086956522,2.093,23,38.54607,1.9348608333333335,21.137496666666664,19.202635833333332,1.6088088968957872,1.1299204588338836,1.3009624723225142,1.151375269074384
I-95 SB PM,110-04146,845,1.7895652173913041,2.3829999999999996,23,38.54607,1.9348608333333335,21.137496666666664,19.202635833333332,1.6088088968957872,1.1123541278546434,1.4812200532940996,1.3316083576287656
I-95 SB PM,110-04146,850,1.791304347826087,2.331,23,38.54607,1.9348608333333335,21.137496666666664,19.202635833333332,1.6088088968957872,1.1134351328379812,1.4488980042922983,1.3012864077669901
I-95 SB PM,110-04146,855,1.8582608695652174,2.821,23,38.54607,1.9348608333333335,21.137496666666664,19.202635833333332,1.6088088968957872,1.1550538246964883,1.7534711583477365,1.5180861020121668
I-95 SB PM,110-04146,860,1.8895652173913045,2.812,23,38.54607,1.9348608333333335,21.137496666666664,19.202635833333332,1.6088088968957872,1.1745119143965697,1.747876957558963,1.4881730326737228
I-95 SB PM,110-04146,865,1.957391304347826,2.957,23,38.54607,1.9348608333333335,21.137496666666664,19.202635833333332,1.6088088968957872,1.2166711087467454,1.8380057480447558,1.5106841403820526
I-95 SB PM,110-04146,870,1.9478260869565216,3.403999999999999,23,38.54607,1.9348608333333335,21.137496666666664,19.202635833333332,1.6088088968957872,1.2107255813383873,2.115851053887165,1.7475892857142854
I-95 SB PM,110-04146,875,2.0178260869565214,3.3849999999999993,23,38.54607,1.9348608333333335,21.137496666666664,19.202635833333332,1.6088088968957872,1.2542360319177355,2.1040410744441993,1.6775479422538246
I-95 SB PM,110-04146,880,2.006521739130435,3.122,23,38.54607,1.9348608333333335,21.137496666666664,19.202635833333332,1.6088088968957872,1.2472094995260397,1.940566095838934,1.5559263271939328
I-95 SB PM,110-04146,885,2.143913043478261,3.8219999999999987,23,38.54607,1.9348608333333335,21.137496666666664,19.202635833333332,1.6088088968957872,1.3326088932097295,2.3756706016324163,1.7827215574934083
I-95 SB PM,110-04146,890,2.3330434782608696,3.4869999999999997,23,38.54607,1.9348608333333335,21.137496666666664,19.202635833333332,1.6088088968957872,1.4501681851477202,2.167442016716964,1.4946142377935145
I-95 SB PM,110-04146,895,2.3204347826086957,3.5039999999999987,23,38.54607,1.9348608333333335,21.137496666666664,19.202635833333332,1.6088088968957872,1.4423308990185209,2.178008840429091,1.5100618324901625
I-95 SB PM,110-04146,900,2.5008695652173913,3.8639999999999985,23,38.54607,1.9348608333333335,21.137496666666664,19.202635833333332,1.6088088968957872,1.5544851660398225,2.401776871980025,1.545062586926286
I-95 SB PM,110-04146,905,2.4995652173913046,3.2439999999999998,23,38.54607,1.9348608333333335,21.137496666666664,19.202635833333332,1.6088088968957872,1.5536744123023192,2.0163985954200836,1.297825708818925
I-95 SB PM,110-04146,910,2.4895652173913043,3.3399999999999994,23,38.54607,1.9348608333333335,21.137496666666664,19.202635833333332,1.6088088968957872,1.5474586336481264,2.0760700705003328,1.3415997205728254
I-95 SB PM,110-04146,915,2.856521739130435,3.517,23,38.54607,1.9348608333333335,21.137496666666664,19.202635833333332,1.6088088968957872,1.775550685132412,2.1860893526795424,1.2312176560121764
I-95 SB PM,110-04146,920,3.177826086956522,4.3469999999999995,23,38.54607,1.9348608333333335,21.137496666666664,19.202635833333332,1.6088088968957872,1.975266355804079,2.701998980977529,1.3679162676152685
I-95 SB PM,110-04146,925,3.4556521739130437,5.797999999999999,23,38.54607,1.9348608333333335,21.137496666666664,19.202635833333332,1.6088088968957872,2.1479569018923,3.603908463700877,1.6778309008555607
I-95 SB PM,110-04146,930,3.2508695652173913,4.356,23,38.54607,1.9348608333333335,21.137496666666664,19.202635833333332,1.6088088968957872,2.0206685651042684,2.7075931817663026,1.339949177477598
I-95 SB PM,110-04146,935,3.109565217391304,4.690999999999998,23,38.54607,1.9348608333333335,21.137496666666664,19.202635833333332,1.6088088968957872,1.9328369102080682,2.915821766681754,1.5085710290827736
I-95 SB PM,110-04146,940,2.9517391304347824,4.053,23,38.54607,1.9348608333333335,21.137496666666664,19.202635833333332,1.6088088968957872,1.834735707970159,2.5192550885442664,1.3730888201502431
I-95 SB PM,110-04146,945,2.9169565217391304,3.666,23,38.54607,1.9348608333333335,21.137496666666664,19.202635833333332,1.6088088968957872,1.8131156083034021,2.2787044546270123,1.256789387390073
I-95 SB PM,110-04146,950,3.112608695652174,3.9859999999999998,23,38.54607,1.9348608333333335,21.137496666666664,19.202635833333332,1.6088088968957872,1.9347286689289096,2.4776093715611758,1.2805978488615728
I-95 SB PM,110-04146,955,3.179130434782609,4.5489999999999995,23,38.54607,1.9348608333333335,21.137496666666664,19.202635833333332,1.6088088968957872,1.9760771095415823,2.8275577097922198,1.4308944201312908
I-95 SB PM,110-04146,960,3.176521739130435,4.643,23,38.54607,1.9348608333333335,21.137496666666664,19.202635833333332,1.6088088968957872,1.9744556020665756,2.8859860291416304,1.4616616479605802
I-95 SB PM,110-04146,965,3.1821739130434783,4.417,23,38.54607,1.9348608333333335,21.137496666666664,19.202635833333332,1.6088088968957872,1.9779688682624235,2.7455094315568775,1.3880448148654188
I-95 SB PM,110-04146,970,3.2630434782608693,4.48,23,38.54607,1.9348608333333335,21.137496666666664,19.202635833333332,1.6088088968957872,2.0282355999876334,2.7846688370782915,1.3729513657561627
I-95 SB PM,110-04146,975,3.1213043478260873,4.231,23,38.54607,1.9348608333333335,21.137496666666664,19.202635833333332,1.6088088968957872,1.940133693845599,2.629895948588895,1.3555230533500486
I-95 SB PM,110-04146,980,3.2352173913043476,4.636,23,38.54607,1.9348608333333335,21.137496666666664,19.202635833333332,1.6088088968957872,2.0109395202542277,2.881634984083696,1.4329794382475476
I-95 SB PM,110-04146,985,3.28695652173913,5.1899999999999995,23,38.54607,1.9348608333333335,21.137496666666664,19.202635833333332,1.6088088968957872,2.0430994185085285,3.2259891215259664,1.578968253968254
I-95 SB PM,110-04146,990,3.138260869565218,4.608,23,38.54607,1.9348608333333335,21.137496666666664,19.202635833333332,1.6088088968957872,1.9506734924331433,2.864230803851956,1.4683291770573563
I-95 SB PM,110-04146,995,3.236521739130435,4.952999999999999,23,38.54607,1.9348608333333335,21.137496666666664,19.202635833333332,1.6088088968957872,2.0117502739917312,3.0786751674216015,1.5303465878559912
I-95 SB PM,110-04146,1000,3.1586956521739133,4.289,23,38.54607,1.9348608333333335,21.137496666666664,19.202635833333332,1.6088088968957872,1.963375300987363,2.665947464783212,1.3578389538885063
I-95 SB PM,110-04146,1005,3.1934782608695653,4.808,23,38.54607,1.9348608333333335,21.137496666666664,19.202635833333332,1.6088088968957872,1.9849954006541195,2.9885463769358087,1.5055684138869978
I-95 SB PM,110-04146,1010,3.226521739130435,4.6579999999999995,23,38.54607,1.9348608333333335,21.137496666666664,19.202635833333332,1.6088088968957872,2.005534495337539,2.895309697122919,1.443659884112653
I-95 SB PM,110-04146,1015,3.154782608695652,4.239999999999999,23,38.54607,1.9348608333333335,21.137496666666664,19.202635833333332,1.6088088968957872,1.9609430397748524,2.635490149377668,1.3439911797133406
I-95 SB PM,110-04146,1020,3.0630434782608695,4.292,23,38.54607,1.9348608333333335,21.137496666666664,19.202635833333332,1.6088088968957872,1.903920026903781,2.66781219837947,1.4012207239176722
I-95 SB PM,110-04146,1025,2.986521739130435,4.268999999999999,23,38.54607,1.9348608333333335,21.137496666666664,19.202635833333332,1.6088088968957872,1.856355807636916,2.6535159074748265,1.4294220410540104
I-95 SB PM,110-04146,1030,2.8378260869565217,3.8049999999999997,23,38.54607,1.9348608333333335,21.137496666666664,19.202635833333332,1.6088088968957872,1.76392988156153,2.3651037779202895,1.3408150758388233
I-95 SB PM,110-04146,1035,2.666086956521739,3.7559999999999993,23,38.54607,1.9348608333333335,21.137496666666664,19.202635833333332,1.6088088968957872,1.6571806394569177,2.3346464625147454,1.4088062622309194
I-95 SB PM,110-04146,1040,2.662608695652174,4.476999999999999,23,38.54607,1.9348608333333335,21.137496666666664,19.202635833333332,1.6088088968957872,1.6550186294902423,2.7828041034820328,1.6814337034617892
I-95 SB PM,110-04146,1045,2.573478260869565,3.839,23,38.54607,1.9348608333333335,21.137496666666664,19.202635833333332,1.6088088968957872,1.5996171240941774,2.3862374253445444,1.4917553640817705
I-95 SB PM,110-04146,1050,2.4139130434782605,3.5369999999999995,23,38.54607,1.9348608333333335,21.137496666666664,19.202635833333332,1.6088088968957872,1.5004349168729298,2.198520909987927,1.4652557636887609
I-95 SB PM,110-04146,1055,2.4791304347826086,3.6279999999999997,23,38.54607,1.9348608333333335,21.137496666666664,19.202635833333332,1.6088088968957872,1.5409726037480993,2.2550844957410803,1.4634163451420554
I-95 SB PM,110-04146,1060,2.4595652173913045,3.781999999999999,23,38.54607,1.9348608333333335,21.137496666666664,19.202635833333332,1.6088088968957872,1.5288112976855486,2.350807487015646,1.5376701431854336
I-95 SB PM,110-04146,1065,2.4195652173913045,4.243999999999998,23,38.54607,1.9348608333333335,21.137496666666664,19.202635833333332,1.6088088968957872,1.5039481830687782,2.637976460839344,1.7540341419586694
I-95 SB PM,110-04146,1070,2.1856521739130437,3.3699999999999997,23,38.54607,1.9348608333333335,21.137496666666664,19.202635833333332,1.6088088968957872,1.358553012809838,2.0947174064629106,1.5418738810423709
I-95 SB PM,110-04146,1075,2.0169565217391305,2.609,23,38.54607,1.9348608333333335,21.137496666666664,19.202635833333332,1.6088088968957872,1.2536955294260668,1.621696650878853,1.2935330890278076
I-95 SB PM,110-04146,1080,1.910869565217391,2.704999999999999,23,38.54607,1.9348608333333335,21.137496666666664,19.202635833333332,1.6088088968957872,1.187754225442458,1.6813681259591016,1.4155858930602956
I-95 SB PM,110-04146,1085,1.874782608695652,2.8829999999999987,23,38.54607,1.9348608333333335,21.137496666666664,19.202635833333332,1.6088088968957872,1.165323372038198,1.7920089860037298,1.5377782931354353
I-95 SB PM,110-04146,1090,1.8617391304347826,2.7219999999999995,23,38.54607,1.9348608333333335,21.137496666666664,19.202635833333332,1.6088088968957872,1.157215834663164,1.6919349496712293,1.4620737972909854
I-95 SB PM,110-04146,1095,1.9004347826086956,2.910999999999999,23,38.54607,1.9348608333333335,21.137496666666664,19.202635833333332,1.6088088968957872,1.1812681955424311,1.8094131662354693,1.5317547471974373
I-95 SB PM,110-04146,1100,1.9865217391304346,3.7669999999999986,23,38.54607,1.9348608333333335,21.137496666666664,19.202635833333332,1.6088088968957872,1.2347779422176544,2.341483819034357,1.896279273363974
I-95 SB PM,110-04146,1105,1.9878260869565216,3.653999999999999,23,38.54607,1.9348608333333335,21.137496666666664,19.202635833333332,1.6088088968957872,1.2355886959551579,2.2712455202419806,1.8381889763779524
I-95 SB PM,110-04146,1110,2.0043478260869567,3.4919999999999995,23,38.54607,1.9348608333333335,21.137496666666664,19.202635833333332,1.6088088968957872,1.2458582432968675,2.1705499060440605,1.742212581344902
I-95 SB PM,110-04146,1115,2.0356521739130433,3.4739999999999998,23,38.54607,1.9348608333333335,21.137496666666664,19.202635833333332,1.6088088968957872,1.2653163329969486,2.159361504466514,1.706578385305425
I-95 SB PM,110-04146,1120,2.064782608695652,3.3169999999999997,23,38.54607,1.9348608333333335,21.137496666666664,19.202635833333332,1.6088088968957872,1.2834231664678575,2.06177377959569,1.6064645188460727
I-95 SB PM,110-04146,1125,1.9660869565217391,3.337999999999999,23,38.54607,1.9348608333333335,21.137496666666664,19.202635833333332,1.6088088968957872,1.2220761336634347,2.074826914769494,1.697788589119858
I-95 SB PM,110-04146,1130,1.8852173913043477,2.785,23,38.54607,1.9348608333333335,21.137496666666664,19.202635833333332,1.6088088968957872,1.1718094019382248,1.731094355192643,1.4772832103321034
I-95 SB PM,110-04146,1135,1.818695652173913,2.3009999999999997,23,38.54607,1.9348608333333335,21.137496666666664,19.202635833333332,1.6088088968957872,1.1304609613255523,1.4302506683297203,1.2651924456131962
I-95 SB PM,110-04146,1140,1.7395652173913043,1.78,23,38.54607,1.9348608333333335,21.137496666666664,19.202635833333332,1.6088088968957872,1.0812752345836802,1.1064086004462852,1.023244188952762
I-95 SB PM,110-04146,1145,1.7386956521739132,1.858,23,38.54607,1.9348608333333335,21.137496666666664,19.202635833333332,1.6088088968957872,1.0807347320920115,1.1548916739489876,1.068617154288572
I-95 SB PM,110-04146,1150,1.73,1.798,23,38.54607,1.9348608333333335,21.137496666666664,19.202635833333332,1.6088088968957872,1.0753297071753223,1.117597002023832,1.039306358381503
I-95 SB PM,110-04146,1155,1.746086956521739,1.839,23,38.54607,1.9348608333333335,21.137496666666664,19.202635833333332,1.6088088968957872,1.085329003271197,1.1430816945060216,1.0532121513944224
I-95 SB PM,110-04146,1160,1.7426086956521738,1.827,23,38.54607,1.9348608333333335,21.137496666666664,19.202635833333332,1.6088088968957872,1.0831669933045216,1.1356227601209905,1.0484281437125749
I-95 SB PM,110-04146,1165,1.7439130434782608,1.864,23,38.54607,1.9348608333333335,21.137496666666664,19.202635833333332,1.6088088968957872,1.0839777470420249,1.1586211411415033,1.068860633258539
I-95 SB PM,110-04146,1170,1.7456521739130435,1.87,23,38.54607,1.9348608333333335,21.137496666666664,19.202635833333332,1.6088088968957872,1.0850587520253627,1.162350608334019,1.071232876712329
I-95 SB PM,110-04146,1175,1.7260869565217392,1.799,23,38.54607,1.9348608333333335,21.137496666666664,19.202635833333332,1.6088088968957872,1.072897445962812,1.1182185798892512,1.042241813602015
I-95 SB PM,110-04146,1180,1.7391304347826086,1.809,23,38.54607,1.9348608333333335,21.137496666666664,19.202635833333332,1.6088088968957872,1.081004983337846,1.1244343585434438,1.040175
I-95 SB PM,110-04146,1185,1.7195652173913043,1.809,23,38.54607,1.9348608333333335,21.137496666666664,19.202635833333332,1.6088088968957872,1.0688436772752952,1.1244343585434438,1.0520101137800253
I-95 SB PM,110-04146,1190,1.7304347826086954,1.819,23,38.54607,1.9348608333333335,21.137496666666664,19.202635833333332,1.6088088968957872,1.0755999584211566,1.1306501371976365,1.0511809045226133
I-95 SB PM,110-04146,1195,1.7386956521739132,1.798,23,38.54607,1.9348608333333335,21.137496666666664,19.202635833333332,1.6088088968957872,1.0807347320920115,1.117597002023832,1.034108527131783
I-95 SB PM,110-04146,1200,1.7165217391304346,1.78,23,38.54607,1.9348608333333335,21.137496666666664,19.202635833333332,1.6088088968957872,1.0669519185544538,1.1064086004462852,1.0369807497467074
I-95 SB PM,110-04146,1205,1.7217391304347827,1.797,23,38.54607,1.9348608333333335,21.137496666666664,19.202635833333332,1.6088088968957872,1.0701949335044674,1.1169754241584127,1.0437121212121212
I-95 SB PM,110-04146,1210,1.7247826086956521,1.827,23,38.54607,1.9348608333333335,21.137496666666664,19.202635833333332,1.6088088968957872,1.0720866922253087,1.1356227601209905,1.0592639274010587
I-95 SB PM,110-04146,1215,1.7104347826086954,1.78,23,38.54607,1.9348608333333335,21.137496666666664,19.202635833333332,1.6088088968957872,1.0631684011127713,1.1064086004462852,1.0406710726995425
I-95 SB PM,110-04146,1220,1.7117391304347824,1.768,23,38.54607,1.9348608333333335,21.137496666666664,19.202635833333332,1.6088088968957872,1.0639791548502746,1.098949666061254,1.0328676657353315
I-95 SB PM,110-04146,1225,1.7243478260869565,1.799,23,38.54607,1.9348608333333335,21.137496666666664,19.202635833333332,1.6088088968957872,1.0718164409794741,1.1182185798892512,1.0432929904185577
I-95 SB PM,110-04146,1230,1.713913043478261,1.787,23,38.54607,1.9348608333333335,21.137496666666664,19.202635833333332,1.6088088968957872,1.0653304110794473,1.1107596455042201,1.0426433282597665
I-95 SB PM,110-04146,1235,1.6973913043478261,1.757,23,38.54607,1.9348608333333335,21.137496666666664,19.202635833333332,1.6088088968957872,1.0550608637377377,1.0921123095416423,1.0351178278688524
I-95 SB PM,110-04146,1240,1.7104347826086954,1.779,23,38.54607,1.9348608333333335,21.137496666666664,19.202635833333332,1.6088088968957872,1.0631684011127713,1.105787022580866,1.0400864260294866
I-95 SB PM,110-04146,1245,1.7008695652173913,1.8,23,38.54607,1.9348608333333335,21.137496666666664,19.202635833333332,1.6088088968957872,1.0572228737044134,1.1188401577546705,1.0582822085889572
I-95 SB PM,110-04146,1250,1.6991304347826086,1.777,23,38.54607,1.9348608333333335,21.137496666666664,19.202635833333332,1.6088088968957872,1.0561418687210753,1.1045438668500274,1.0458290685772773
I-95 SB PM,110-04146,1255,1.6991304347826086,1.849,23,38.54607,1.9348608333333335,21.137496666666664,19.202635833333332,1.6088088968957872,1.0561418687210753,1.1492974731602144,1.0882036847492325
I-95 SB PM,110-04147,720,2.262608695652174,4.214999999999998,23,38.57715,1.9568258333333333,18.760885833333333,16.80406,1.6587955637185645,1.364006960918093,2.5410002849001625,1.8628939277478855
I-95 SB PM,110-04147,725,2.115217391304348,3.3669999999999995,23,38.57715,1.9568258333333333,18.760885833333333,16.80406,1.6587955637185645,1.2751525489751196,2.029785992706726,1.5917985611510788
I-95 SB PM,110-04147,730,2.0991304347826087,3.295,23,38.57715,1.9568258333333333,18.760885833333333,16.80406,1.6587955637185645,1.2654545748102521,1.9863810056336986,1.5696975973487985
I-95 SB PM,110-04147,735,2.0817391304347828,3.408,23,38.57715,1.9568258333333333,18.760885833333333,16.80406,1.6587955637185645,1.2549702784158012,2.054502721456645,1.6370927318295738
I-95 SB PM,110-04147,740,2.0582608695652174,3.266,23,38.57715,1.9568258333333333,18.760885833333333,16.80406,1.6587955637185645,1.240816478283292,1.9688984413959512,1.5867765103506548
I-95 SB PM,110-04147,745,2.0378260869565215,3.3319999999999994,23,38.57715,1.9568258333333333,18.760885833333333,16.80406,1.6587955637185645,1.2284974300198117,2.008686346212893,1.6350757414124173
I-95 SB PM,110-04147,750,2.0652173913043477,3.3449999999999998,23,38.57715,1.9568258333333333,18.760885833333333,16.80406,1.6587955637185645,1.2450101968410725,2.0165233577677455,1.6196842105263158
I-95 SB PM,110-04147,755,2.052608695652174,3.53,23,38.57715,1.9568258333333333,18.760885833333333,16.80406,1.6587955637185645,1.2374090819550954,2.1280500606637194,1.719762762126668
I-95 SB PM,110-04147,760,2.03,3.4050000000000002,23,38.57715,1.9568258333333333,18.760885833333333,16.80406,1.6587955637185645,1.2237794966423088,2.052694180328602,1.6773399014778327
I-95 SB PM,110-04147,765,2.0434782608695654,3.465,23,38.57715,1.9568258333333333,18.760885833333333,16.80406,1.6587955637185645,1.2319048263480088,2.088865002889458,1.69563829787234
I-95 SB PM,110-04147,770,2.1030434782608696,4.050999999999999,23,38.57715,1.9568258333333333,18.760885833333333,16.80406,1.6587955637185645,1.2678135414990037,2.442133369900489,1.9262559437667972
I-95 SB PM,110-04147,775,2.0430434782608695,3.1990000000000003,23,38.57715,1.9568258333333333,18.760885833333333,16.80406,1.6587955637185645,1.2316427189381474,1.9285076895363285,1.5658012343051715
I-95 SB PM,110-04147,780,2.0386956521739132,3.264,23,38.57715,1.9568258333333333,18.760885833333333,16.80406,1.6587955637185645,1.2290216448395346,1.9676927473105892,1.601023672424824
I-95 SB PM,110-04147,785,2.095217391304348,3.694,23,38.57715,1.9568258333333333,18.760885833333333,16.80406,1.6587955637185645,1.2630956081215008,2.2269169756633937,1.7630628761153766
I-95 SB PM,110-04147,790,2.1069565217391304,3.7249999999999996,23,38.57715,1.9568258333333333,18.760885833333333,16.80406,1.6587955637185645,1.2701725081877553,2.2456052339865025,1.7679529508873295
I-95 SB PM,110-04147,795,2.0834782608695654,3.795999999999999,23,38.57715,1.9568258333333333,18.760885833333333,16.80406,1.6587955637185645,1.2560187080552463,2.288407374016849,1.8219532554257087
I-95 SB PM,110-04147,800,2.106521739130435,3.601999999999999,23,38.57715,1.9568258333333333,18.760885833333333,16.80406,1.6587955637185645,1.269910400777894,2.1714550477367465,1.7099277605779148
I-95 SB PM,110-04147,805,2.1404347826086956,3.6789999999999994,23,38.57715,1.9568258333333333,18.760885833333333,16.80406,1.6587955637185645,1.2903547787470737,2.217874270023179,1.7188096689010763
I-95 SB PM,110-04147,810,2.0917391304347825,3.4409999999999994,23,38.57715,1.9568258333333333,18.760885833333333,16.80406,1.6587955637185645,1.2609987488426104,2.0743966738651154,1.6450426106838492
I-95 SB PM,110-04147,815,2.150434782608696,3.5979999999999994,23,38.57715,1.9568258333333333,18.760885833333333,16.80406,1.6587955637185645,1.2963832491738831,2.169043659566023,1.6731500202183578
I-95 SB PM,110-04147,820,2.177826086956522,3.4029999999999996,23,38.57715,1.9568258333333333,18.760885833333333,16.80406,1.6587955637185645,1.3128960159951437,2.05148848624324,1.5625673787183068
I-95 SB PM,110-04147,825,2.170434782608696,3.870999999999999,23,38.57715,1.9568258333333333,18.760885833333333,16.80406,1.6587955637185645,1.308440190027502,2.3336209022179197,1.7835136217948713
I-95 SB PM,110-04147,830,2.14,3.423,23,38.57715,1.9568258333333333,18.760885833333333,16.80406,1.6587955637185645,1.2900926713372125,2.0635454270968587,1.5995327102803738
I-95 SB PM,110-04147,835,2.0965217391304347,3.4459999999999997,23,38.57715,1.9568258333333333,18.760885833333333,16.80406,1.6587955637185645,1.2638819303510844,2.0774109090785204,1.6436748237245955
I-95 SB PM,110-04147,840,2.110869565217391,3.476,23,38.57715,1.9568258333333333,18.760885833333333,16.80406,1.6587955637185645,1.2725314748765066,2.0954963203589485,1.646714727085479
I-95 SB PM,110-04147,845,2.16,3.5839999999999996,23,38.57715,1.9568258333333333,18.760885833333333,16.80406,1.6587955637185645,1.3021496121908314,2.1606038009684903,1.659259259259259
I-95 SB PM,110-04147,850,2.2113043478260868,3.8529999999999998,23,38.57715,1.9568258333333333,18.760885833333333,16.80406,1.6587955637185645,1.333078286554462,2.322769655449663,1.7424105387337792
I-95 SB PM,110-04147,855,2.210434782608696,3.545,23,38.57715,1.9568258333333333,18.760885833333333,16.80406,1.6587955637185645,1.3325540717347397,2.1370927663039336,1.6037568843430368
I-95 SB PM,110-04147,860,2.221304347826087,3.6929999999999996,23,38.57715,1.9568258333333333,18.760885833333333,16.80406,1.6587955637185645,1.3391067569812716,2.2263141286207127,1.6625366999412798
I-95 SB PM,110-04147,865,2.3534782608695655,3.663,23,38.57715,1.9568258333333333,18.760885833333333,16.80406,1.6587955637185645,1.4187874095791002,2.2082287173402846,1.5564197302789577
I-95 SB PM,110-04147,870,2.41,3.726,23,38.57715,1.9568258333333333,18.760885833333333,16.80406,1.6587955637185645,1.4528613728610664,2.246208081029184,1.546058091286307
I-95 SB PM,110-04147,875,2.457826086956522,3.9379999999999993,23,38.57715,1.9568258333333333,18.760885833333333,16.80406,1.6587955637185645,1.481693187945807,2.3740116540775427,1.602228905006191
I-95 SB PM,110-04147,880,2.725217391304348,4.483,23,38.57715,1.9568258333333333,18.760885833333333,16.80406,1.6587955637185645,1.642889245010493,2.7025632923386556,1.6450063816209315
I-95 SB PM,110-04147,885,2.713913043478261,4.325,23,38.57715,1.9568258333333333,18.760885833333333,16.80406,1.6587955637185645,1.6360744523540998,2.6073134595950673,1.593639859019545
I-95 SB PM,110-04147,890,2.822173913043478,4.577999999999999,23,38.57715,1.9568258333333333,18.760885833333333,16.80406,1.6587955637185645,1.701339197409558,2.759833761393345,1.6221537513480202
I-95 SB PM,110-04147,895,2.8656521739130434,4.400999999999999,23,38.57715,1.9568258333333333,18.760885833333333,16.80406,1.6587955637185645,1.727549938395686,2.653129834838818,1.535776058261265
I-95 SB PM,110-04147,900,2.97,4.521,23,38.57715,1.9568258333333333,18.760885833333333,16.80406,1.6587955637185645,1.790455716762393,2.7254714799605315,1.5222222222222221
I-95 SB PM,110-04147,905,3.119565217391304,4.8549999999999995,23,38.57715,1.9568258333333333,18.760885833333333,16.80406,1.6587955637185645,1.8806206657546727,2.926822392215965,1.5563066202090592
I-95 SB PM,110-04147,910,2.9530434782608697,4.1659999999999995,23,38.57715,1.9568258333333333,18.760885833333333,16.80406,1.6587955637185645,1.7802335277778032,2.511460779808797,1.410747938751472
I-95 SB PM,110-04147,915,2.9878260869565216,4.489999999999999,23,38.57715,1.9568258333333333,18.760885833333333,16.80406,1.6587955637185645,1.8012021205667053,2.706783221637422,1.502764842840512
I-95 SB PM,110-04147,920,3.0847826086956522,3.678,23,38.57715,1.9568258333333333,18.760885833333333,16.80406,1.6587955637185645,1.8596520729657704,2.217271422980499,1.1923044397463
I-95 SB PM,110-04147,925,3.308695652173913,4.2749999999999995,23,38.57715,1.9568258333333333,18.760885833333333,16.80406,1.6587955637185645,1.9946373890443287,2.57717110746102,1.2920499342969776
I-95 SB PM,110-04147,930,3.676521739130435,5.132999999999999,23,38.57715,1.9568258333333333,18.760885833333333,16.80406,1.6587955637185645,2.2163802577869705,3.0944138700812664,1.3961565752128664
I-95 SB PM,110-04147,935,3.859565217391304,5.64,23,38.57715,1.9568258333333333,18.760885833333333,16.80406,1.6587955637185645,2.326727477338568,3.4000573207205034,1.461304494761744
I-95 SB PM,110-04147,940,3.5504347826086957,6.188999999999998,23,38.57715,1.9568258333333333,18.760885833333333,16.80406,1.6587955637185645,2.1403691089271994,3.731020347152339,1.7431667891256424
I-95 SB PM,110-04147,945,3.426086956521739,4.883,23,38.57715,1.9568258333333333,18.760885833333333,16.80406,1.6587955637185645,2.0654063897068737,2.943702109411032,1.425241116751269
I-95 SB PM,110-04147,950,3.2017391304347824,4.924999999999998,23,38.57715,1.9568258333333333,18.760885833333333,16.80406,1.6587955637185645,1.9301589662184542,2.96902168520363,1.5382265073329706
I-95 SB PM,110-04147,955,3.2082608695652177,4.4239999999999995,23,38.57715,1.9568258333333333,18.760885833333333,16.80406,1.6587955637185645,1.9340905773663737,2.66699531682048,1.3789402358043092
I-95 SB PM,110-04147,960,3.28695652173913,4.581999999999999,23,38.57715,1.9568258333333333,18.760885833333333,16.80406,1.6587955637185645,1.9815320185512646,2.7622451495640683,1.393994708994709
I-95 SB PM,110-04147,965,3.1282608695652177,5.124999999999999,23,38.57715,1.9568258333333333,18.760885833333333,16.80406,1.6587955637185645,1.8858628139518985,3.089591093739819,1.638290479499652
I-95 SB PM,110-04147,970,3.152608695652174,5.107,23,38.57715,1.9568258333333333,18.760885833333333,16.80406,1.6587955637185645,1.90054082890413,3.0787398469715628,1.6199282857536892
I-95 SB PM,110-04147,975,3.0626086956521736,4.345,23,38.57715,1.9568258333333333,18.760885833333333,16.80406,1.6587955637185645,1.846284595062845,2.6193704004486857,1.4187251561612721
I-95 SB PM,110-04147,980,3.132173913043478,5.039,23,38.57715,1.9568258333333333,18.760885833333333,16.80406,1.6587955637185645,1.8882217806406496,3.0377462480692583,1.6087867851193782
I-95 SB PM,110-04147,985,3.2652173913043474,5.1499999999999995,23,38.57715,1.9568258333333333,18.760885833333333,16.80406,1.6587955637185645,1.9684266480582007,3.1046622698068425,1.5772303595206392
I-95 SB PM,110-04147,990,3.282608695652174,5.257,23,38.57715,1.9568258333333333,18.760885833333333,16.80406,1.6587955637185645,1.978910944452652,3.169166903373703,1.6014701986754967
I-95 SB PM,110-04147,995,3.358695652173913,5.875999999999999,23,38.57715,1.9568258333333333,18.760885833333333,16.80406,1.6587955637185645,2.0247797411783757,3.542329222793205,1.7494886731391581
I-95 SB PM,110-04147,1000,3.1395652173913042,4.954,23,38.57715,1.9568258333333333,18.760885833333333,16.80406,1.6587955637185645,1.8926776066082913,2.9865042494413783,1.5779254950837833
I-95 SB PM,110-04147,1005,3.1421739130434783,5.427999999999999,23,38.57715,1.9568258333333333,18.760885833333333,16.80406,1.6587955637185645,1.8942502510674593,3.272253747672144,1.7274664452746642
I-95 SB PM,110-04147,1010,3.0886956521739135,5.0089999999999995,23,38.57715,1.9568258333333333,18.760885833333333,16.80406,1.6587955637185645,1.8620110396545222,3.01966083678883,1.6217201576576572
I-95 SB PM,110-04147,1015,3.104347826086957,5.050999999999999,23,38.57715,1.9568258333333333,18.760885833333333,16.80406,1.6587955637185645,1.871446906409528,3.0449804125814293,1.6270728291316523
I-95 SB PM,110-04147,1020,3.0552173913043474,5.2879999999999985,23,38.57715,1.9568258333333333,18.760885833333333,16.80406,1.6587955637185645,1.8418287690952033,3.187855161696812,1.7308097338835915
I-95 SB PM,110-04147,1025,2.8817391304347826,4.539999999999999,23,38.57715,1.9568258333333333,18.760885833333333,16.80406,1.6587955637185645,1.7372479125605533,2.736925573771469,1.5754375377187686
I-95 SB PM,110-04147,1030,2.822173913043478,4.547999999999999,23,38.57715,1.9568258333333333,18.760885833333333,16.80406,1.6587955637185645,1.701339197409558,2.7417483501129163,1.6115236481281774
I-95 SB PM,110-04147,1035,2.734782608695652,4.24,23,38.57715,1.9568258333333333,18.760885833333333,16.80406,1.6587955637185645,1.6486556080274413,2.5560714609671873,1.5503974562798093
I-95 SB PM,110-04147,1040,2.637826086956522,4.336,23,38.57715,1.9568258333333333,18.760885833333333,16.80406,1.6587955637185645,1.5902056556283763,2.6139447770645576,1.6437778144058017
I-95 SB PM,110-04147,1045,2.615652173913044,4.642999999999999,23,38.57715,1.9568258333333333,18.760885833333333,16.80406,1.6587955637185645,1.5768381777254512,2.7990188191676055,1.775083111702127
I-95 SB PM,110-04147,1050,2.6808695652173915,5.355999999999999,23,38.57715,1.9568258333333333,18.760885833333333,16.80406,1.6587955637185645,1.6161542892046428,3.228848760599116,1.9978592280246508
I-95 SB PM,110-04147,1055,2.482608695652174,4.0169999999999995,23,38.57715,1.9568258333333333,18.760885833333333,16.80406,1.6587955637185645,1.4966333103079,2.421636570449337,1.6180560420315233
I-95 SB PM,110-04147,1060,2.342608695652174,3.403,23,38.57715,1.9568258333333333,18.760885833333333,16.80406,1.6587955637185645,1.4122347243325681,2.05148848624324,1.452654046028211
I-95 SB PM,110-04147,1065,2.4091304347826084,4.146999999999999,23,38.57715,1.9568258333333333,18.760885833333333,16.80406,1.6587955637185645,1.4523371580413436,2.5000066859978594,1.7213679841183902
I-95 SB PM,110-04147,1070,2.5169565217391305,4.713,23,38.57715,1.9568258333333333,18.760885833333333,16.80406,1.6587955637185645,1.5173397956869408,2.841218112155272,1.8724995681464847
I-95 SB PM,110-04147,1075,2.5095652173913043,5.371999999999997,23,38.57715,1.9568258333333333,18.760885833333333,16.80406,1.6587955637185645,1.512883969719299,3.23849431328201,2.1406098406098395
I-95 SB PM,110-04147,1080,2.2695652173913046,3.592,23,38.57715,1.9568258333333333,18.760885833333333,16.80406,1.6587955637185645,1.3682006794758734,2.1654265773099377,1.5826819923371647
I-95 SB PM,110-04147,1085,2.1691304347826086,3.511,23,38.57715,1.9568258333333333,18.760885833333333,16.80406,1.6587955637185645,1.307653867797918,2.1165959668527816,1.6186209661254762
I-95 SB PM,110-04147,1090,2.167826086956522,3.537,23,38.57715,1.9568258333333333,18.760885833333333,16.80406,1.6587955637185645,1.3068675455683343,2.132269989962486,1.6315884476534295
I-95 SB PM,110-04147,1095,2.1104347826086958,3.4719999999999995,23,38.57715,1.9568258333333333,18.760885833333333,16.80406,1.6587955637185645,1.2722693674666454,2.0930849321882246,1.6451586320560359
I-95 SB PM,110-04147,1100,2.103913043478261,3.799999999999999,23,38.57715,1.9568258333333333,18.760885833333333,16.80406,1.6587955637185645,1.2683377563187264,2.290818762187573,1.806158297168836
I-95 SB PM,110-04147,1105,2.067391304347826,3.218,23,38.57715,1.9568258333333333,18.760885833333333,16.80406,1.6587955637185645,1.2463207338903788,1.939961783347266,1.5565509989484756
I-95 SB PM,110-04147,1110,1.9934782608695654,2.7529999999999992,23,38.57715,1.9568258333333333,18.760885833333333,16.80406,1.6587955637185645,1.2017624742139617,1.6596379085006283,1.3810032715376221
I-95 SB PM,110-04147,1115,1.9543478260869567,2.6319999999999997,23,38.57715,1.9568258333333333,18.760885833333333,16.80406,1.6587955637185645,1.1781728073264466,1.586693416336235,1.3467408231368183
I-95 SB PM,110-04147,1120,1.9917391304347827,2.9909999999999997,23,38.57715,1.9568258333333333,18.760885833333333,16.80406,1.6587955637185645,1.2007140445745166,1.8031155046586924,1.5017026850032742
I-95 SB PM,110-04147,1125,2.0391304347826087,2.869,23,38.57715,1.9568258333333333,18.760885833333333,16.80406,1.6587955637185645,1.2292837522493958,1.729568165451618,1.4069722814498935
I-95 SB PM,110-04147,1130,2.111304347826087,3.5409999999999986,23,38.57715,1.9568258333333333,18.760885833333333,16.80406,1.6587955637185645,1.272793582286368,2.134681378133209,1.6771622734761111
I-95 SB PM,110-04147,1135,2.0817391304347828,3.700999999999998,23,38.57715,1.9568258333333333,18.760885833333333,16.80406,1.6587955637185645,1.2549702784158012,2.231136904962159,1.7778404344193806
I-95 SB PM,110-04147,1140,1.9965217391304348,3.324999999999998,23,38.57715,1.9568258333333333,18.760885833333333,16.80406,1.6587955637185645,1.2035972260829906,2.0044664169141253,1.6653963414634136
I-95 SB PM,110-04147,1145,1.9356521739130437,2.557999999999999,23,38.57715,1.9568258333333333,18.760885833333333,16.80406,1.6587955637185645,1.1669021887024116,1.5420827351778448,1.3215184186882294
I-95 SB PM,110-04147,1150,1.9043478260869564,2.4249999999999994,23,38.57715,1.9568258333333333,18.760885833333333,16.80406,1.6587955637185645,1.1480304551923994,1.46190407850128,1.2734018264840181
I-95 SB PM,110-04147,1155,1.9304347826086956,2.151,23,38.57715,1.9568258333333333,18.760885833333333,16.80406,1.6587955637185645,1.1637568997840761,1.2967239888067026,1.1142567567567567
I-95 SB PM,110-04147,1160,1.9373913043478261,2.0469999999999997,23,38.57715,1.9568258333333333,18.760885833333333,16.80406,1.6587955637185645,1.1679506183418567,1.2340278963678848,1.0565754039497306
I-95 SB PM,110-04147,1165,1.933478260869565,2.0279999999999996,23,38.57715,1.9568258333333333,18.760885833333333,16.80406,1.6587955637185645,1.165591651653105,1.2225738025569468,1.0488868900382278
I-95 SB PM,110-04147,1170,1.9104347826086956,2.0909999999999997,23,38.57715,1.9568258333333333,18.760885833333333,16.80406,1.6587955637185645,1.1516999589304573,1.2605531662458462,1.0945152480655438
I-95 SB PM,110-04147,1175,1.8743478260869566,2.05,23,38.57715,1.9568258333333333,18.760885833333333,16.80406,1.6587955637185645,1.1299450439119714,1.2358364374959276,1.0937137555091625
I-95 SB PM,110-04147,1180,1.8830434782608696,2.3349999999999995,23,38.57715,1.9568258333333333,18.760885833333333,16.80406,1.6587955637185645,1.135187192109197,1.4076478446599954,1.240013853613484
I-95 SB PM,110-04147,1185,1.8917391304347826,2.4339999999999997,23,38.57715,1.9568258333333333,18.760885833333333,16.80406,1.6587955637185645,1.1404293403064223,1.4673297018854088,1.2866467478740518
I-95 SB PM,110-04147,1190,1.8956521739130436,2.13,23,38.57715,1.9568258333333333,18.760885833333333,16.80406,1.6587955637185645,1.142788306995174,1.2840642009104029,1.123623853211009
I-95 SB PM,110-04147,1195,1.8569565217391304,1.9189999999999998,23,38.57715,1.9568258333333333,18.760885833333333,16.80406,1.6587955637185645,1.11946074751752,1.1568634749047244,1.0334113790681339
I-95 SB PM,110-04147,1200,1.84,1.9369999999999998,23,38.57715,1.9568258333333333,18.760885833333333,16.80406,1.6587955637185645,1.1092385585329303,1.1677147216729813,1.0527173913043477
I-95 SB PM,110-04147,1205,1.8443478260869566,2.0199999999999996,23,38.57715,1.9568258333333333,18.760885833333333,16.80406,1.6587955637185645,1.111859632631543,1.2177510262154994,1.095238095238095
I-95 SB PM,110-04147,1210,1.8495652173913044,2.131,23,38.57715,1.9568258333333333,18.760885833333333,16.80406,1.6587955637185645,1.1150049215498785,1.2846670479530837,1.1521626704278325
I-95 SB PM,110-04147,1215,1.8217391304347825,1.9489999999999998,23,38.57715,1.9568258333333333,18.760885833333333,16.80406,1.6587955637185645,1.0982300473187565,1.1749488861851527,1.0698568019093078
I-95 SB PM,110-04147,1220,1.8673913043478263,2.0429999999999997,23,38.57715,1.9568258333333333,18.760885833333333,16.80406,1.6587955637185645,1.1257513253541909,1.231616508197161,1.0940395809080323
I-95 SB PM,110-04147,1225,1.8426086956521741,1.924,23,38.57715,1.9568258333333333,18.760885833333333,16.80406,1.6587955637185645,1.110811202992098,1.1598777101181292,1.044171779141104
I-95 SB PM,110-04147,1230,1.856086956521739,2.1949999999999994,23,38.57715,1.9568258333333333,18.760885833333333,16.80406,1.6587955637185645,1.1189365326977976,1.3232492586846638,1.182595455610213
I-95 SB PM,110-04147,1235,1.8630434782608696,2.2589999999999995,23,38.57715,1.9568258333333333,18.760885833333333,16.80406,1.6587955637185645,1.123130251255578,1.361831469416244,1.2125320886814466
I-95 SB PM,110-04147,1240,1.8282608695652172,1.9489999999999998,23,38.57715,1.9568258333333333,18.760885833333333,16.80406,1.6587955637185645,1.1021616584666756,1.1749488861851527,1.0660404280618312
I-95 SB PM,110-04147,1245,1.7834782608695654,1.86,23,38.57715,1.9568258333333333,18.760885833333333,16.80406,1.6587955637185645,1.075164595250964,1.1212954993865492,1.0429058995611895
I-95 SB PM,110-04147,1250,1.81,1.976,23,38.57715,1.9568258333333333,18.760885833333333,16.80406,1.6587955637185645,1.091153147252502,1.1912257563375381,1.0917127071823205
I-95 SB PM,110-04147,1255,1.8017391304347825,1.954,23,38.57715,1.9568258333333333,18.760885833333333,16.80406,1.6587955637185645,1.0861731064651376,1.1779631213985575,1.084507722007722
I-95 SB PM,110-04148,720,2.7056521739130437,4.887999999999999,23,38.61467,2.4472499999999995,16.266088333333332,13.818838333333332,2.110001436988073,1.2822987351967088,2.316586100044267,1.8065884621565156
I-95 SB PM,110-04148,725,2.776086956521739,5.648999999999997,23,38.61467,2.4472499999999995,16.266088333333332,13.818838333333332,2.110001436988073,1.3156801260213697,2.677249361528245,2.034878621769772
I-95 SB PM,110-04148,730,2.754782608695652,5.378999999999998,23,38.61467,2.4472499999999995,16.266088333333332,13.818838333333332,2.110001436988073,1.3055832855867502,2.5492873633670436,1.9526041666666658
I-95 SB PM,110-04148,735,2.6539130434782607,4.683,23,38.61467,2.4472499999999995,16.266088333333332,13.818838333333332,2.110001436988073,1.2577778369983463,2.219429768107059,1.7645642201834864
I-95 SB PM,110-04148,740,2.551304347826087,4.457999999999999,23,38.61467,2.4472499999999995,16.266088333333332,13.818838333333332,2.110001436988073,1.209148156537729,2.112794769639391,1.7473415132924333
I-95 SB PM,110-04148,745,2.5404347826086955,4.579999999999998,23,38.61467,2.4472499999999995,16.266088333333332,13.818838333333332,2.110001436988073,1.203996707336392,2.1706146354751925,1.802841006332363
I-95 SB PM,110-04148,750,2.488695652173913,4.248999999999999,23,38.61467,2.4472499999999995,16.266088333333332,13.818838333333332,2.110001436988073,1.17947580913803,2.0137427043960905,1.707320055904961
I-95 SB PM,110-04148,755,2.4747826086956524,3.9029999999999987,23,38.61467,2.4472499999999995,16.266088333333332,13.818838333333332,2.110001436988073,1.172881954160319,1.8497617734191434,1.577108222066057
I-95 SB PM,110-04148,760,2.5121739130434784,4.274999999999998,23,38.61467,2.4472499999999995,16.266088333333332,13.818838333333332,2.110001436988073,1.190602939412917,2.0260649708856873,1.7017133956386283
I-95 SB PM,110-04148,765,2.5473913043478262,4.137999999999999,23,38.61467,2.4472499999999995,16.266088333333332,13.818838333333332,2.110001436988073,1.2072936348252477,1.961136105152041,1.624406895374637
I-95 SB PM,110-04148,770,2.529130434782609,3.7539999999999996,23,38.61467,2.4472499999999995,16.266088333333332,13.818838333333332,2.110001436988073,1.198639200167002,1.7791457077672217,1.4843046243768263
I-95 SB PM,110-04148,775,2.5469565217391303,4.650999999999997,23,38.61467,2.4472499999999995,16.266088333333332,13.818838333333332,2.110001436988073,1.207087576857194,2.2042639016583228,1.8261010583816992
I-95 SB PM,110-04148,780,2.553478260869565,4.2269999999999985,23,38.61467,2.4472499999999995,16.266088333333332,13.818838333333332,2.110001436988073,1.210178446377996,2.003316171212585,1.6553890686191037
I-95 SB PM,110-04148,785,2.5504347826086957,4.859999999999998,23,38.61467,2.4472499999999995,16.266088333333332,13.818838333333332,2.110001436988073,1.2087360406016219,2.303315966901623,1.9055574497101935
I-95 SB PM,110-04148,790,2.477826086956522,3.3919999999999995,23,38.61467,2.4472499999999995,16.266088333333332,13.818838333333332,2.110001436988073,1.1743243599366933,1.6075818435659073,1.3689419196350234
I-95 SB PM,110-04148,795,2.467391304347826,4.230999999999998,23,38.61467,2.4472499999999995,16.266088333333332,13.818838333333332,2.110001436988073,1.1693789687034102,2.0052119045186765,1.7147665198237878
I-95 SB PM,110-04148,800,2.5004347826086954,4.168999999999999,23,38.61467,2.4472499999999995,16.266088333333332,13.818838333333332,2.110001436988073,1.1850393742754732,1.975828038274253,1.6673100330377322
I-95 SB PM,110-04148,805,2.471304347826087,4.509999999999998,23,38.61467,2.4472499999999995,16.266088333333332,13.818838333333332,2.110001436988073,1.1712334904158914,2.1374393026185845,1.8249472202674164
I-95 SB PM,110-04148,810,2.4765217391304346,4.196999999999997,23,38.61467,2.4472499999999995,16.266088333333332,13.818838333333332,2.110001436988073,1.1737061860325328,1.9890981714168954,1.6947155898876396
I-95 SB PM,110-04148,815,2.583913043478261,4.826999999999996,23,38.61467,2.4472499999999995,16.266088333333332,13.818838333333332,2.110001436988073,1.2246025041417385,2.2876761671263646,1.868096920747096
I-95 SB PM,110-04148,820,2.4969565217391305,3.972999999999998,23,38.61467,2.4472499999999995,16.266088333333332,13.818838333333332,2.110001436988073,1.1833909105310458,1.882937106275751,1.5911370363921287
I-95 SB PM,110-04148,825,2.3952173913043477,3.337999999999999,23,38.61467,2.4472499999999995,16.266088333333332,13.818838333333332,2.110001436988073,1.135173346006535,1.5819894439336668,1.3936104556180793
I-95 SB PM,110-04148,830,2.4195652173913045,3.346999999999999,23,38.61467,2.4472499999999995,16.266088333333332,13.818838333333332,2.110001436988073,1.1467125922175292,1.5862548438723734,1.3833063791554354
I-95 SB PM,110-04148,835,2.4439130434782608,2.7789999999999995,23,38.61467,2.4472499999999995,16.266088333333332,13.818838333333332,2.110001436988073,1.158251838428523,1.3170607144073279,1.1371108343711083
I-95 SB PM,110-04148,840,2.369565217391304,3.0939999999999994,23,38.61467,2.4472499999999995,16.266088333333332,13.818838333333332,2.110001436988073,1.1230159258913806,1.4663497122620628,1.3057247706422017
I-95 SB PM,110-04148,845,2.3730434782608696,3.2609999999999992,23,38.61467,2.4472499999999995,16.266088333333332,13.818838333333332,2.110001436988073,1.1246643896358084,1.5454965777913983,1.374184683034078
I-95 SB PM,110-04148,850,2.497826086956522,3.8959999999999977,23,38.61467,2.4472499999999995,16.266088333333332,13.818838333333332,2.110001436988073,1.1838030264671526,1.8464442401334822,1.5597563098346379
I-95 SB PM,110-04148,855,2.5691304347826085,4.454999999999997,23,38.61467,2.4472499999999995,16.266088333333332,13.818838333333332,2.110001436988073,1.2175965332279206,2.111372969659821,1.7340497546116085
I-95 SB PM,110-04148,860,2.564782608695652,3.457,23,38.61467,2.4472499999999995,16.266088333333332,13.818838333333332,2.110001436988073,1.2155359535473862,1.6383875097899003,1.3478725207662314
I-95 SB PM,110-04148,865,2.5808695652173914,3.6879999999999997,23,38.61467,2.4472499999999995,16.266088333333332,13.818838333333332,2.110001436988073,1.2231600983653643,1.7478661082167057,1.428975741239892
I-95 SB PM,110-04148,870,2.661304347826087,4.133,23,38.61467,2.4472499999999995,16.266088333333332,13.818838333333332,2.110001436988073,1.2612808224552552,1.9587664385194268,1.5529978761640255
I-95 SB PM,110-04148,875,2.739130434782609,4.528999999999999,23,38.61467,2.4472499999999995,16.266088333333332,13.818838333333332,2.110001436988073,1.2981651987368255,2.1464440358225216,1.653444444444444
I-95 SB PM,110-04148,880,2.759130434782609,4.35,23,38.61467,2.4472499999999995,16.266088333333332,13.818838333333332,2.110001436988073,1.3076438652672848,2.0616099703749104,1.5765836747557513
I-95 SB PM,110-04148,885,2.826521739130435,4.618999999999999,23,38.61467,2.4472499999999995,16.266088333333332,13.818838333333332,2.110001436988073,1.3395828503155718,2.1890980352095886,1.6341639747731111
I-95 SB PM,110-04148,890,2.947391304347826,4.734999999999999,23,38.61467,2.4472499999999995,16.266088333333332,13.818838333333332,2.110001436988073,1.3968669654344348,2.244074301086253,1.6065053842749666
I-95 SB PM,110-04148,895,3.107391304347826,5.608,23,38.61467,2.4472499999999995,16.266088333333332,13.818838333333332,2.110001436988073,1.4726962976781095,2.6578180951408044,1.8047292570309221
I-95 SB PM,110-04148,900,3.0869565217391304,5.893,23,38.61467,2.4472499999999995,16.266088333333332,13.818838333333332,2.110001436988073,1.4630115731795967,2.7928890931998502,1.909
I-95 SB PM,110-04148,905,3.009130434782609,4.965,23,38.61467,2.4472499999999995,16.266088333333332,13.818838333333332,2.110001436988073,1.426127196898027,2.353078966186536,1.6499783268313826
I-95 SB PM,110-04148,910,2.9295652173913043,4.793,23,38.61467,2.4472499999999995,16.266088333333332,13.818838333333332,2.110001436988073,1.3884185887442426,2.2715624340245855,1.6360789551795787
I-95 SB PM,110-04148,915,2.796521739130435,4.534999999999999,23,38.61467,2.4472499999999995,16.266088333333332,13.818838333333332,2.110001436988073,1.3253648505198827,2.1492876357816595,1.6216573383084574
I-95 SB PM,110-04148,920,2.8052173913043474,4.6179999999999986,23,38.61467,2.4472499999999995,16.266088333333332,13.818838333333332,2.110001436988073,1.3294860098809518,2.1886241018830654,1.6462182269063854
I-95 SB PM,110-04148,925,2.8678260869565215,4.058999999999999,23,38.61467,2.4472499999999995,16.266088333333332,13.818838333333332,2.110001436988073,1.3591583572806507,1.9236953723567267,1.4153577926015766
I-95 SB PM,110-04148,930,2.9269565217391302,3.4849999999999994,23,38.61467,2.4472499999999995,16.266088333333332,13.818838333333332,2.110001436988073,1.3871822409359218,1.6516576429325431,1.1906565656565655
I-95 SB PM,110-04148,935,3.0226086956521736,3.405,23,38.61467,2.4472499999999995,16.266088333333332,13.818838333333332,2.110001436988073,1.432514993907684,1.6137429768107059,1.1265103567318757
I-95 SB PM,110-04148,940,3.3134782608695654,4.672,23,38.61467,2.4472499999999995,16.266088333333332,13.818838333333332,2.110001436988073,1.5703677745354518,2.214216501515306,1.4099986878362418
I-95 SB PM,110-04148,945,3.5939130434782607,5.7879999999999985,23,38.61467,2.4472499999999995,16.266088333333332,13.818838333333332,2.110001436988073,1.7032751639299362,2.7431260939149382,1.610500846842487
I-95 SB PM,110-04148,950,3.604347826086957,5.912,23,38.61467,2.4472499999999995,16.266088333333332,13.818838333333332,2.110001436988073,1.7082205551632195,2.801893826403787,1.640241254523522
I-95 SB PM,110-04148,955,3.3760869565217395,6.163999999999998,23,38.61467,2.4472499999999995,16.266088333333332,13.818838333333332,2.110001436988073,1.6000401219351508,2.9213250246875737,1.8257823567289109
I-95 SB PM,110-04148,960,3.18,6.082999999999998,23,38.61467,2.4472499999999995,16.266088333333332,13.818838333333332,2.110001436988073,1.5071079783430383,2.8829364252392136,1.9128930817610057
I-95 SB PM,110-04148,965,3.1156521739130434,4.823999999999999,23,38.61467,2.4472499999999995,16.266088333333332,13.818838333333332,2.110001436988073,1.4766113990711254,2.286254367146797,1.548311470834496
I-95 SB PM,110-04148,970,3.319565217391304,4.374999999999999,23,38.61467,2.4472499999999995,16.266088333333332,13.818838333333332,2.110001436988073,1.5732525860882,2.0734583035379845,1.3179436804191225
I-95 SB PM,110-04148,975,3.5121739130434784,5.482999999999998,23,38.61467,2.4472499999999995,16.266088333333332,13.818838333333332,2.110001436988073,1.664536265935885,2.5985764293254325,1.5611413716266396
I-95 SB PM,110-04148,980,3.3982608695652172,5.087,23,38.61467,2.4472499999999995,16.266088333333332,13.818838333333332,2.110001436988073,1.6105490783058771,2.410898832022338,1.4969421699078813
I-95 SB PM,110-04148,985,3.2778260869565217,5.648,23,38.61467,2.4472499999999995,16.266088333333332,13.818838333333332,2.110001436988073,1.5534710211550677,2.676775428201723,1.7230932484414379
I-95 SB PM,110-04148,990,3.3052173913043474,5.728,23,38.61467,2.4472499999999995,16.266088333333332,13.818838333333332,2.110001436988073,1.5664526731424357,2.7146900943235606,1.733017626940279
I-95 SB PM,110-04148,995,3.2530434782608695,5.1469999999999985,23,38.61467,2.4472499999999995,16.266088333333332,13.818838333333332,2.110001436988073,1.5417257169760201,2.4393348316137153,1.5822106388666128
I-95 SB PM,110-04148,1000,3.2621739130434784,5.589999999999999,23,38.61467,2.4472499999999995,16.266088333333332,13.818838333333332,2.110001436988073,1.546052934305143,2.649287295263391,1.713581234172997
I-95 SB PM,110-04148,1005,3.3095652173913046,5.603999999999999,23,38.61467,2.4472499999999995,16.266088333333332,13.818838333333332,2.110001436988073,1.5685132528229706,2.6559223618347123,1.6932737782448761
I-95 SB PM,110-04148,1010,3.2352173913043476,5.448999999999999,23,38.61467,2.4472499999999995,16.266088333333332,13.818838333333332,2.110001436988073,1.5332773402858282,2.582462696223652,1.6842763069479907
I-95 SB PM,110-04148,1015,3.2247826086956524,4.459,23,38.61467,2.4472499999999995,16.266088333333332,13.818838333333332,2.110001436988073,1.528331949052545,2.113268702965914,1.3827288661183765
I-95 SB PM,110-04148,1020,3.1586956521739133,5.078999999999998,23,38.61467,2.4472499999999995,16.266088333333332,13.818838333333332,2.110001436988073,1.4970111379084186,2.4071073654101536,1.6079421885753604
I-95 SB PM,110-04148,1025,3.1343478260869566,5.207999999999998,23,38.61467,2.4472499999999995,16.266088333333332,13.818838333333332,2.110001436988073,1.4854718916974246,2.4682447645316166,1.6615896795672072
I-95 SB PM,110-04148,1030,3.1282608695652177,4.6049999999999995,23,38.61467,2.4472499999999995,16.266088333333332,13.818838333333332,2.110001436988073,1.482587080144676,2.1824629686382675,1.4720639332870047
I-95 SB PM,110-04148,1035,3.17304347826087,4.269,23,38.61467,2.4472499999999995,16.266088333333332,13.818838333333332,2.110001436988073,1.5038110508541829,2.0232213709265503,1.3453959989038091
I-95 SB PM,110-04148,1040,3.223478260869565,4.3229999999999995,23,38.61467,2.4472499999999995,16.266088333333332,13.818838333333332,2.110001436988073,1.5277137751483847,2.0488137705587905,1.3410979228486646
I-95 SB PM,110-04148,1045,3.3130434782608695,4.731999999999999,23,38.61467,2.4472499999999995,16.266088333333332,13.818838333333332,2.110001436988073,1.5701617165673982,2.2426525011066842,1.428293963254593
I-95 SB PM,110-04148,1050,3.5647826086956518,4.8790000000000004,23,38.61467,2.4472499999999995,16.266088333333332,13.818838333333332,2.110001436988073,1.689469280070354,2.3123207001055612,1.3686669105988538
I-95 SB PM,110-04148,1055,3.4417391304347826,4.67,23,38.61467,2.4472499999999995,16.266088333333332,13.818838333333332,2.110001436988073,1.6311548751112237,2.2132686348622603,1.3568721576553815
I-95 SB PM,110-04148,1060,3.342608695652174,5.205999999999999,23,38.61467,2.4472499999999995,16.266088333333332,13.818838333333332,2.110001436988073,1.5841736583950339,2.4672968978785708,1.557466181061394
I-95 SB PM,110-04148,1065,3.1691304347826086,4.4479999999999995,23,38.61467,2.4472499999999995,16.266088333333332,13.818838333333332,2.110001436988073,1.5019565291417016,2.1080554363741615,1.4035395801893262
I-95 SB PM,110-04148,1070,2.93,4.018,23,38.61467,2.4472499999999995,16.266088333333332,13.818838333333332,2.110001436988073,1.3886246467122962,1.9042641059692853,1.3713310580204776
I-95 SB PM,110-04148,1075,2.8634782608695653,3.77,23,38.61467,2.4472499999999995,16.266088333333332,13.818838333333332,2.110001436988073,1.357097777600116,1.7867286409915892,1.3165806255693897
I-95 SB PM,110-04148,1080,2.623913043478261,3.324,23,38.61467,2.4472499999999995,16.266088333333332,13.818838333333332,2.110001436988073,1.2435598372026573,1.5753543773623455,1.2668102734051365
I-95 SB PM,110-04148,1085,2.471304347826087,3.0249999999999995,23,38.61467,2.4472499999999995,16.266088333333332,13.818838333333332,2.110001436988073,1.1712334904158914,1.433648312731978,1.2240499648135115
I-95 SB PM,110-04148,1090,2.3965217391304345,3.000999999999999,23,38.61467,2.4472499999999995,16.266088333333332,13.818838333333332,2.110001436988073,1.1357915199106954,1.4222739128954265,1.2522314949201738
I-95 SB PM,110-04148,1095,2.3734782608695655,2.8809999999999993,23,38.61467,2.4472499999999995,16.266088333333332,13.818838333333332,2.110001436988073,1.124870447603862,1.3654019137126705,1.2138303718629782
I-95 SB PM,110-04148,1100,2.412608695652174,2.984999999999999,23,38.61467,2.4472499999999995,16.266088333333332,13.818838333333332,2.110001436988073,1.1434156647286737,1.414690979671059,1.2372499549468368
I-95 SB PM,110-04148,1105,2.4173913043478263,2.9489999999999994,23,38.61467,2.4472499999999995,16.266088333333332,13.818838333333332,2.110001436988073,1.1456823023772618,1.3976293799162323,1.2199100719424456
I-95 SB PM,110-04148,1110,2.426521739130435,3.1419999999999995,23,38.61467,2.4472499999999995,16.266088333333332,13.818838333333332,2.110001436988073,1.1500095197063844,1.4890985119351652,1.2948575524099621
I-95 SB PM,110-04148,1115,2.4221739130434785,3.0369999999999995,23,38.61467,2.4472499999999995,16.266088333333332,13.818838333333332,2.110001436988073,1.14794894002585,1.4393355126502536,1.253832346077903
I-95 SB PM,110-04148,1120,2.4495652173913043,3.077,23,38.61467,2.4472499999999995,16.266088333333332,13.818838333333332,2.110001436988073,1.160930592013218,1.4582928457111726,1.256141285055023
I-95 SB PM,110-04148,1125,2.5186956521739132,3.2249999999999996,23,38.61467,2.4472499999999995,16.266088333333332,13.818838333333332,2.110001436988073,1.193693808933719,1.5284349780365716,1.2804246504401862
I-95 SB PM,110-04148,1130,2.4991304347826087,2.956,23,38.61467,2.4472499999999995,16.266088333333332,13.818838333333332,2.110001436988073,1.184421200371313,1.4009469132018935,1.182811412665275
I-95 SB PM,110-04148,1135,2.5669565217391304,3.3149999999999995,23,38.61467,2.4472499999999995,16.266088333333332,13.818838333333332,2.110001436988073,1.2165662433876534,1.5710889774236387,1.2914126016260161
I-95 SB PM,110-04148,1140,2.6043478260869564,3.174,23,38.61467,2.4472499999999995,16.266088333333332,13.818838333333332,2.110001436988073,1.2342872286402513,1.5042643783839003,1.2187312186978299
I-95 SB PM,110-04148,1145,2.6221739130434782,3.5559999999999996,23,38.61467,2.4472499999999995,16.266088333333332,13.818838333333332,2.110001436988073,1.2427356053304435,1.685306909115674,1.356126678826065
I-95 SB PM,110-04148,1150,2.643913043478261,3.369,23,38.61467,2.4472499999999995,16.266088333333332,13.818838333333332,2.110001436988073,1.2530385037331166,1.5966813770558792,1.274247656635422
I-95 SB PM,110-04148,1155,2.8308695652173914,3.515,23,38.61467,2.4472499999999995,16.266088333333332,13.818838333333332,2.110001436988073,1.3416434299961064,1.6658756427282326,1.2416679465519889
I-95 SB PM,110-04148,1160,2.9239130434782608,3.475,23,38.61467,2.4472499999999995,16.266088333333332,13.818838333333332,2.110001436988073,1.3857398351595476,1.646918309667314,1.188475836431227
I-95 SB PM,110-04148,1165,2.936521739130435,3.952999999999999,23,38.61467,2.4472499999999995,16.266088333333332,13.818838333333332,2.110001436988073,1.3917155162330983,1.873458439745292,1.3461504293751847
I-95 SB PM,110-04148,1170,2.996086956521739,4.239999999999998,23,38.61467,2.4472499999999995,16.266088333333332,13.818838333333332,2.110001436988073,1.4199454578564228,2.0094773044573837,1.4151792192715131
I-95 SB PM,110-04148,1175,2.9878260869565216,4.108,23,38.61467,2.4472499999999995,16.266088333333332,13.818838333333332,2.110001436988073,1.416030356463407,1.9469181053563522,1.3749126891734575
I-95 SB PM,110-04148,1180,3.003478260869565,4.765999999999999,23,38.61467,2.4472499999999995,16.266088333333332,13.818838333333332,2.110001436988073,1.4234484433133316,2.258766234208465,1.5868268674001156
I-95 SB PM,110-04148,1185,3.039130434782609,4.757999999999999,23,38.61467,2.4472499999999995,16.266088333333332,13.818838333333332,2.110001436988073,1.440345196693716,2.2549747675962815,1.5655793991416305
I-95 SB PM,110-04148,1190,2.930434782608695,4.72,23,38.61467,2.4472499999999995,16.266088333333332,13.818838333333332,2.110001436988073,1.3888307046803494,2.236965301188409,1.6106824925816026
I-95 SB PM,110-04148,1195,2.7682608695652173,4.178,23,38.61467,2.4472499999999995,16.266088333333332,13.818838333333332,2.110001436988073,1.3119710825964075,1.9800934382129602,1.509250824564159
I-95 SB PM,110-04148,1200,2.707826086956522,3.7929999999999997,23,38.61467,2.4472499999999995,16.266088333333332,13.818838333333332,2.110001436988073,1.283329025036976,1.7976291075016175,1.4007546563904945
I-95 SB PM,110-04148,1205,2.819565217391304,4.323999999999999,23,38.61467,2.4472499999999995,16.266088333333332,13.818838333333332,2.110001436988073,1.336285922826716,2.0492877038853132,1.5335697764070932
I-95 SB PM,110-04148,1210,2.9400000000000004,4.707999999999998,23,38.61467,2.4472499999999995,16.266088333333332,13.818838333333332,2.110001436988073,1.3933639799775261,2.2312781012701324,1.6013605442176864
I-95 SB PM,110-04148,1215,2.884782608695652,4.572999999999999,23,38.61467,2.4472499999999995,16.266088333333332,13.818838333333332,2.110001436988073,1.3671946180347359,2.167297102189532,1.5852147701582513
I-95 SB PM,110-04148,1220,2.8765217391304345,4.417999999999999,23,38.61467,2.4472499999999995,16.266088333333332,13.818838333333332,2.110001436988073,1.36327951664172,2.093837436578472,1.5358827085852478
I-95 SB PM,110-04148,1225,2.854347826086957,4.150999999999999,23,38.61467,2.4472499999999995,16.266088333333332,13.818838333333332,2.110001436988073,1.3527705602709936,1.9672972383968397,1.4542726580350338
I-95 SB PM,110-04148,1230,2.778260869565217,3.863,23,38.61467,2.4472499999999995,16.266088333333332,13.818838333333332,2.110001436988073,1.316710415861637,1.8308044403582253,1.390438184663537
I-95 SB PM,110-04148,1235,2.701304347826087,3.8699999999999997,23,38.61467,2.4472499999999995,16.266088333333332,13.818838333333332,2.110001436988073,1.280238155516174,1.8341219736438859,1.4326412361178174
I-95 SB PM,110-04148,1240,2.6508695652173913,4.131999999999999,23,38.61467,2.4472499999999995,16.266088333333332,13.818838333333332,2.110001436988073,1.256335431221972,1.9582925051929032,1.5587338035099225
I-95 SB PM,110-04148,1245,2.6469565217391304,3.762999999999999,23,38.61467,2.4472499999999995,16.266088333333332,13.818838333333332,2.110001436988073,1.2544809095094909,1.783411107705928,1.4216327201051244
I-95 SB PM,110-04148,1250,2.5565217391304347,3.5079999999999996,23,38.61467,2.4472499999999995,16.266088333333332,13.818838333333332,2.110001436988073,1.2116208521543703,1.6625581094425714,1.3721768707482993
I-95 SB PM,110-04148,1255,2.4721739130434783,3.2659999999999996,23,38.61467,2.4472499999999995,16.266088333333332,13.818838333333332,2.110001436988073,1.1716456063519982,1.5478662444240132,1.3211044671122052
I-95 SB PM,110-04149,720,0.5582608695652174,0.5929999999999999,23,38.63589,0.5515833333333333,12.784623333333332,12.233039999999999,0.46612676056338026,1.197658913404757,1.2721861308354734,1.062227414330218
I-95 SB PM,110-04149,725,0.5617391304347826,0.6359999999999998,23,38.63589,0.5515833333333333,12.784623333333332,12.233039999999999,0.46612676056338026,1.2051209627094597,1.3644357153648583,1.1321981424148602
I-95 SB PM,110-04149,730,0.5765217391304348,0.6549999999999998,23,38.63589,0.5515833333333333,12.784623333333332,12.233039999999999,0.46612676056338026,1.2368346722544454,1.405197159691796,1.1361236802413268
I-95 SB PM,110-04149,735,0.577391304347826,0.587,23,38.63589,0.5515833333333333,12.784623333333332,12.233039999999999,0.46612676056338026,1.238700184580621,1.2593140957848616,1.0166415662650603
I-95 SB PM,110-04149,740,0.5860869565217391,0.6849999999999997,23,38.63589,0.5515833333333333,12.784623333333332,12.233039999999999,0.46612676056338026,1.2573553078423774,1.4695573349448552,1.1687685459940649
I-95 SB PM,110-04149,745,0.578695652173913,0.6579999999999999,23,38.63589,0.5515833333333333,12.784623333333332,12.233039999999999,0.46612676056338026,1.2414984530698845,1.4116331772171022,1.1370398196844476
I-95 SB PM,110-04149,750,0.5791304347826087,0.7929999999999996,23,38.63589,0.5515833333333333,12.784623333333332,12.233039999999999,0.46612676056338026,1.2424312092329723,1.7012539658558687,1.3692942942942936
I-95 SB PM,110-04149,755,0.5882608695652174,0.5909999999999999,23,38.63589,0.5515833333333333,12.784623333333332,12.233039999999999,0.46612676056338026,1.2620190886578164,1.2678954524852695,1.0046563192904654
I-95 SB PM,110-04149,760,0.5786956521739129,0.5359999999999999,23,38.63589,0.5515833333333333,12.784623333333332,12.233039999999999,0.46612676056338026,1.2414984530698843,1.1499017978546606,0.9262208865514651
I-95 SB PM,110-04149,765,0.5682608695652174,0.558,23,38.63589,0.5515833333333333,12.784623333333332,12.233039999999999,0.46612676056338026,1.2191123051557768,1.1970992597069046,0.9819433817903597
I-95 SB PM,110-04149,770,0.5552173913043478,0.5739999999999998,23,38.63589,0.5515833333333333,12.784623333333332,12.233039999999999,0.46612676056338026,1.1911296202631423,1.2314246865085356,1.0338292873923256
I-95 SB PM,110-04149,775,0.5626086956521739,0.54,23,38.63589,0.5515833333333333,12.784623333333332,12.233039999999999,0.46612676056338026,1.2069864750356352,1.158483154555069,0.9598145285935087
I-95 SB PM,110-04149,780,0.5704347826086956,0.6739999999999997,23,38.63589,0.5515833333333333,12.784623333333332,12.233039999999999,0.46612676056338026,1.223776085971216,1.4459586040187333,1.1815548780487801
I-95 SB PM,110-04149,785,0.5604347826086957,0.5909999999999999,23,38.63589,0.5515833333333333,12.784623333333332,12.233039999999999,0.46612676056338026,1.2023226942201963,1.2678954524852695,1.0545384018619082
I-95 SB PM,110-04149,790,0.568695652173913,0.648,23,38.63589,0.5515833333333333,12.784623333333332,12.233039999999999,0.46612676056338026,1.2200450613188647,1.3901797854660827,1.1394495412844037
I-95 SB PM,110-04149,795,0.5634782608695652,0.6329999999999999,23,38.63589,0.5515833333333333,12.784623333333332,12.233039999999999,0.46612676056338026,1.2088519873618109,1.3579996978395525,1.1233796296296295
I-95 SB PM,110-04149,800,0.561304347826087,0.5819999999999999,23,38.63589,0.5515833333333333,12.784623333333332,12.233039999999999,0.46612676056338026,1.2041882065463718,1.2485873999093515,1.0368706429124708
I-95 SB PM,110-04149,805,0.5430434782608696,0.547,23,38.63589,0.5515833333333333,12.784623333333332,12.233039999999999,0.46612676056338026,1.1650124476966837,1.1735005287807827,1.0072858286629303
I-95 SB PM,110-04149,810,0.5560869565217391,0.529,23,38.63589,0.5515833333333333,12.784623333333332,12.233039999999999,0.46612676056338026,1.192995132589318,1.134884423628947,0.9512900703674747
I-95 SB PM,110-04149,815,0.5465217391304348,0.5559999999999999,23,38.63589,0.5515833333333333,12.784623333333332,12.233039999999999,0.46612676056338026,1.172474497001386,1.1928085813567004,1.0173428798727127
I-95 SB PM,110-04149,820,0.5517391304347826,0.5649999999999998,23,38.63589,0.5515833333333333,12.784623333333332,12.233039999999999,0.46612676056338026,1.1836675709584399,1.212116633932618,1.024034672970843
I-95 SB PM,110-04149,825,0.5643478260869565,0.548,23,38.63589,0.5515833333333333,12.784623333333332,12.233039999999999,0.46612676056338026,1.2107174996879866,1.1756458679558848,0.9710323574730355
I-95 SB PM,110-04149,830,0.5726086956521739,0.6919999999999997,23,38.63589,0.5515833333333333,12.784623333333332,12.233039999999999,0.46612676056338026,1.228439866786655,1.484574709170569,1.2085041761579343
I-95 SB PM,110-04149,835,0.5734782608695652,0.547,23,38.63589,0.5515833333333333,12.784623333333332,12.233039999999999,0.46612676056338026,1.2303053791128307,1.1735005287807827,0.9538286580742988
I-95 SB PM,110-04149,840,0.5473913043478261,0.538,23,38.63589,0.5515833333333333,12.784623333333332,12.233039999999999,0.46612676056338026,1.1743400093275618,1.154192476204865,0.9828435266084193
I-95 SB PM,110-04149,845,0.5052173913043478,0.537,23,38.63589,0.5515833333333333,12.784623333333332,12.233039999999999,0.46612676056338026,1.0838626615080436,1.152047137029763,1.062908777969019
I-95 SB PM,110-04149,850,0.4917391304347826,0.519,23,38.63589,0.5515833333333333,12.784623333333332,12.233039999999999,0.46612676056338026,1.0549472204523211,1.1134310318779272,1.0554376657824933
I-95 SB PM,110-04149,855,0.5008695652173912,0.5909999999999999,23,38.63589,0.5515833333333333,12.784623333333332,12.233039999999999,0.46612676056338026,1.074535099877165,1.2678954524852695,1.1799479166666667
I-95 SB PM,110-04149,860,0.4973913043478261,0.51,23,38.63589,0.5515833333333333,12.784623333333332,12.233039999999999,0.46612676056338026,1.0670730505724626,1.0941229793020095,1.0253496503496504
I-95 SB PM,110-04149,865,0.4895652173913043,0.5,23,38.63589,0.5515833333333333,12.784623333333332,12.233039999999999,0.46612676056338026,1.0502834396368819,1.0726695875509897,1.0213143872113677
I-95 SB PM,110-04149,870,0.4947826086956521,0.53,23,38.63589,0.5515833333333333,12.784623333333332,12.233039999999999,0.46612676056338026,1.0614765135939357,1.137029762804049,1.0711775043936733
I-95 SB PM,110-04149,875,0.4926086956521739,0.51,23,38.63589,0.5515833333333333,12.784623333333332,12.233039999999999,0.46612676056338026,1.0568127327784966,1.0941229793020095,1.0353045013239188
I-95 SB PM,110-04149,880,0.4926086956521739,0.519,23,38.63589,0.5515833333333333,12.784623333333332,12.233039999999999,0.46612676056338026,1.0568127327784966,1.1134310318779272,1.0535745807590469
I-95 SB PM,110-04149,885,0.4930434782608696,0.527,23,38.63589,0.5515833333333333,12.784623333333332,12.233039999999999,0.46612676056338026,1.0577454889415845,1.1305937452787431,1.0688712522045856
I-95 SB PM,110-04149,890,0.5008695652173912,0.529,23,38.63589,0.5515833333333333,12.784623333333332,12.233039999999999,0.46612676056338026,1.074535099877165,1.134884423628947,1.0561631944444447
I-95 SB PM,110-04149,895,0.5130434782608696,0.6179999999999999,23,38.63589,0.5515833333333333,12.784623333333332,12.233039999999999,0.46612676056338026,1.1006522724436243,1.3258196102130229,1.2045762711864403
I-95 SB PM,110-04149,900,0.5408695652173913,0.8349999999999995,23,38.63589,0.5515833333333333,12.784623333333332,12.233039999999999,0.46612676056338026,1.1603486668812444,1.7913582112101516,1.5438102893890668
I-95 SB PM,110-04149,905,0.5208695652173914,0.607,23,38.63589,0.5515833333333333,12.784623333333332,12.233039999999999,0.46612676056338026,1.117441883379205,1.3022208792869014,1.1653589315525874
I-95 SB PM,110-04149,910,0.5295652173913044,0.7199999999999998,23,38.63589,0.5515833333333333,12.784623333333332,12.233039999999999,0.46612676056338026,1.1360970066409612,1.5446442060734245,1.3596059113300487
I-95 SB PM,110-04149,915,0.5334782608695652,0.61,23,38.63589,0.5515833333333333,12.784623333333332,12.233039999999999,0.46612676056338026,1.1444918121087515,1.3086568968122072,1.143439282803586
I-95 SB PM,110-04149,920,0.5373913043478261,0.589,23,38.63589,0.5515833333333333,12.784623333333332,12.233039999999999,0.46612676056338026,1.152886617576542,1.2636047741350658,1.0960355987055015
I-95 SB PM,110-04149,925,0.5630434782608695,0.7149999999999997,23,38.63589,0.5515833333333333,12.784623333333332,12.233039999999999,0.46612676056338026,1.207919231198723,1.5339175101979146,1.2698841698841694
I-95 SB PM,110-04149,930,0.5308695652173914,0.6389999999999999,23,38.63589,0.5515833333333333,12.784623333333332,12.233039999999999,0.46612676056338026,1.1388952751302248,1.3708717328901645,1.2036855036855034
I-95 SB PM,110-04149,935,0.5347826086956522,0.538,23,38.63589,0.5515833333333333,12.784623333333332,12.233039999999999,0.46612676056338026,1.147290080598015,1.154192476204865,1.0060162601626017
I-95 SB PM,110-04149,940,0.5173913043478261,0.539,23,38.63589,0.5515833333333333,12.784623333333332,12.233039999999999,0.46612676056338026,1.1099798340745024,1.1563378153799668,1.041764705882353
I-95 SB PM,110-04149,945,0.5117391304347826,0.53,23,38.63589,0.5515833333333333,12.784623333333332,12.233039999999999,0.46612676056338026,1.0978540039543607,1.137029762804049,1.0356839422259985
I-95 SB PM,110-04149,950,0.5043478260869565,0.52,23,38.63589,0.5515833333333333,12.784623333333332,12.233039999999999,0.46612676056338026,1.0819971491818678,1.1155763710530293,1.0310344827586209
I-95 SB PM,110-04149,955,0.5043478260869565,0.539,23,38.63589,0.5515833333333333,12.784623333333332,12.233039999999999,0.46612676056338026,1.0819971491818678,1.1563378153799668,1.0687068965517244
I-95 SB PM,110-04149,960,0.5104347826086957,0.549,23,38.63589,0.5515833333333333,12.784623333333332,12.233039999999999,0.46612676056338026,1.0950557354650974,1.1777912071309866,1.0755536626916524
I-95 SB PM,110-04149,965,0.5213043478260869,0.589,23,38.63589,0.5515833333333333,12.784623333333332,12.233039999999999,0.46612676056338026,1.1183746395422927,1.2636047741350658,1.1298582151793162
I-95 SB PM,110-04149,970,0.5317391304347826,0.667,23,38.63589,0.5515833333333333,12.784623333333332,12.233039999999999,0.46612676056338026,1.1407607874564003,1.4309412297930202,1.25437448896157
I-95 SB PM,110-04149,975,0.5452173913043478,0.6949999999999997,23,38.63589,0.5515833333333333,12.784623333333332,12.233039999999999,0.46612676056338026,1.1696762285121225,1.491010726695875,1.2747208931419454
I-95 SB PM,110-04149,980,0.5265217391304348,0.6829999999999997,23,38.63589,0.5515833333333333,12.784623333333332,12.233039999999999,0.46612676056338026,1.1295677134993465,1.4652666565946513,1.2971924029727493
I-95 SB PM,110-04149,985,0.5304347826086956,0.6579999999999999,23,38.63589,0.5515833333333333,12.784623333333332,12.233039999999999,0.46612676056338026,1.1379625189671367,1.4116331772171022,1.2404918032786885
I-95 SB PM,110-04149,990,0.5469565217391305,0.6389999999999999,23,38.63589,0.5515833333333333,12.784623333333332,12.233039999999999,0.46612676056338026,1.173407253164474,1.3708717328901645,1.1682829888712238
I-95 SB PM,110-04149,995,0.5652173913043478,0.5949999999999999,23,38.63589,0.5515833333333333,12.784623333333332,12.233039999999999,0.46612676056338026,1.212583012014162,1.2764768091856773,1.0526923076923076
I-95 SB PM,110-04149,1000,0.5691304347826087,0.56,23,38.63589,0.5515833333333333,12.784623333333332,12.233039999999999,0.46612676056338026,1.2209778174819526,1.2013899380571085,0.983957219251337
I-95 SB PM,110-04149,1005,0.5626086956521739,0.6569999999999998,23,38.63589,0.5515833333333333,12.784623333333332,12.233039999999999,0.46612676056338026,1.2069864750356352,1.409487838042,1.1677743431221017
I-95 SB PM,110-04149,1010,0.5691304347826087,0.8229999999999996,23,38.63589,0.5515833333333333,12.784623333333332,12.233039999999999,0.46612676056338026,1.2209778174819526,1.7656141411089281,1.4460656990068748
I-95 SB PM,110-04149,1015,0.5473913043478261,0.8849999999999996,23,38.63589,0.5515833333333333,12.784623333333332,12.233039999999999,0.46612676056338026,1.1743400093275618,1.8986251699652508,1.6167593328038117
I-95 SB PM,110-04149,1020,0.561304347826087,0.8289999999999995,23,38.63589,0.5515833333333333,12.784623333333332,12.233039999999999,0.46612676056338026,1.2041882065463718,1.7784861761595399,1.4769171185127798
I-95 SB PM,110-04149,1025,0.551304347826087,0.7909999999999996,23,38.63589,0.5515833333333333,12.784623333333332,12.233039999999999,0.46612676056338026,1.182734814795352,1.6969632875056646,1.4347791798107248
I-95 SB PM,110-04149,1030,0.5478260869565217,0.6129999999999999,23,38.63589,0.5515833333333333,12.784623333333332,12.233039999999999,0.46612676056338026,1.1752727654906494,1.315092914337513,1.118968253968254
I-95 SB PM,110-04149,1035,0.5643478260869565,0.6329999999999999,23,38.63589,0.5515833333333333,12.784623333333332,12.233039999999999,0.46612676056338026,1.2107174996879866,1.3579996978395525,1.1216486902927578
I-95 SB PM,110-04149,1040,0.5756521739130435,0.8289999999999995,23,38.63589,0.5515833333333333,12.784623333333332,12.233039999999999,0.46612676056338026,1.2349691599282697,1.7784861761595399,1.440105740181268
I-95 SB PM,110-04149,1045,0.5921739130434783,1.3269999999999988,23,38.63589,0.5515833333333333,12.784623333333332,12.233039999999999,0.46612676056338026,1.270413894125607,2.846865085360324,2.2408957415565323
I-95 SB PM,110-04149,1050,0.5695652173913043,0.8669999999999995,23,38.63589,0.5515833333333333,12.784623333333332,12.233039999999999,0.46612676056338026,1.2219105736450402,1.860009064813415,1.5222137404580147
I-95 SB PM,110-04149,1055,0.5539130434782609,0.6239999999999999,23,38.63589,0.5515833333333333,12.784623333333332,12.233039999999999,0.46612676056338026,1.188331351773879,1.3386916452636348,1.1265306122448977
I-95 SB PM,110-04149,1060,0.56,0.6329999999999999,23,38.63589,0.5515833333333333,12.784623333333332,12.233039999999999,0.46612676056338026,1.2013899380571085,1.3579996978395525,1.1303571428571426
I-95 SB PM,110-04149,1065,0.5482608695652174,0.637,23,38.63589,0.5515833333333333,12.784623333333332,12.233039999999999,0.46612676056338026,1.1762055216537373,1.3665810545399608,1.1618556701030929
I-95 SB PM,110-04149,1070,0.5443478260869565,0.8419999999999997,23,38.63589,0.5515833333333333,12.784623333333332,12.233039999999999,0.46612676056338026,1.167810716185947,1.806375585435866,1.5468051118210857
I-95 SB PM,110-04149,1075,0.5078260869565218,0.607,23,38.63589,0.5515833333333333,12.784623333333332,12.233039999999999,0.46612676056338026,1.0894591984865705,1.3022208792869014,1.1952910958904108
I-95 SB PM,110-04149,1080,0.4973913043478261,0.538,23,38.63589,0.5515833333333333,12.784623333333332,12.233039999999999,0.46612676056338026,1.0670730505724626,1.154192476204865,1.0816433566433568
I-95 SB PM,110-04149,1085,0.4991304347826087,0.529,23,38.63589,0.5515833333333333,12.784623333333332,12.233039999999999,0.46612676056338026,1.070804075224814,1.134884423628947,1.059843205574913
I-95 SB PM,110-04149,1090,0.4908695652173913,0.51,23,38.63589,0.5515833333333333,12.784623333333332,12.233039999999999,0.46612676056338026,1.0530817081261454,1.0941229793020095,1.0389725420726308
I-95 SB PM,110-04149,1095,0.4986956521739131,0.52,23,38.63589,0.5515833333333333,12.784623333333332,12.233039999999999,0.46612676056338026,1.0698713190617264,1.1155763710530293,1.042720139494333
I-95 SB PM,110-04149,1100,0.4965217391304348,0.519,23,38.63589,0.5515833333333333,12.784623333333332,12.233039999999999,0.46612676056338026,1.0652075382462871,1.1134310318779272,1.0452714535901926
I-95 SB PM,110-04149,1105,0.4969565217391304,0.519,23,38.63589,0.5515833333333333,12.784623333333332,12.233039999999999,0.46612676056338026,1.0661402944093747,1.1134310318779272,1.0443569553805776
I-95 SB PM,110-04149,1110,0.5,0.52,23,38.63589,0.5515833333333333,12.784623333333332,12.233039999999999,0.46612676056338026,1.0726695875509897,1.1155763710530293,1.04
I-95 SB PM,110-04149,1115,0.4965217391304348,0.529,23,38.63589,0.5515833333333333,12.784623333333332,12.233039999999999,0.46612676056338026,1.0652075382462871,1.134884423628947,1.0654115586690018
I-95 SB PM,110-04149,1120,0.5021739130434782,0.529,23,38.63589,0.5515833333333333,12.784623333333332,12.233039999999999,0.46612676056338026,1.0773333683664288,1.134884423628947,1.0534199134199136
I-95 SB PM,110-04149,1125,0.5047826086956522,0.529,23,38.63589,0.5515833333333333,12.784623333333332,12.233039999999999,0.46612676056338026,1.0829299053449557,1.134884423628947,1.0479758828596037
I-95 SB PM,110-04149,1130,0.5095652173913043,0.539,23,38.63589,0.5515833333333333,12.784623333333332,12.233039999999999,0.46612676056338026,1.0931902231389217,1.1563378153799668,1.057764505119454
I-95 SB PM,110-04149,1135,0.5121739130434783,0.567,23,38.63589,0.5515833333333333,12.784623333333332,12.233039999999999,0.46612676056338026,1.0987867601174486,1.216407312282822,1.1070458404074701
I-95 SB PM,110-04149,1140,0.5091304347826088,0.539,23,38.63589,0.5515833333333333,12.784623333333332,12.233039999999999,0.46612676056338026,1.092257466975834,1.1563378153799668,1.05866780529462
I-95 SB PM,110-04149,1145,0.5152173913043478,0.54,23,38.63589,0.5515833333333333,12.784623333333332,12.233039999999999,0.46612676056338026,1.1053160532590633,1.158483154555069,1.0481012658227848
I-95 SB PM,110-04149,1150,0.5173913043478261,0.54,23,38.63589,0.5515833333333333,12.784623333333332,12.233039999999999,0.46612676056338026,1.1099798340745024,1.158483154555069,1.0436974789915967
I-95 SB PM,110-04149,1155,0.5217391304347826,0.549,23,38.63589,0.5515833333333333,12.784623333333332,12.233039999999999,0.46612676056338026,1.1193073957053805,1.1777912071309866,1.0522500000000001
I-95 SB PM,110-04149,1160,0.5178260869565218,0.558,23,38.63589,0.5515833333333333,12.784623333333332,12.233039999999999,0.46612676056338026,1.1109125902375903,1.1970992597069046,1.077581863979849
I-95 SB PM,110-04149,1165,0.523913043478261,0.569,23,38.63589,0.5515833333333333,12.784623333333332,12.233039999999999,0.46612676056338026,1.1239711765208198,1.220697990633026,1.0860580912863067
I-95 SB PM,110-04149,1170,0.528695652173913,0.6309999999999999,23,38.63589,0.5515833333333333,12.784623333333332,12.233039999999999,0.46612676056338026,1.1342314943147855,1.3537090194893486,1.1935032894736841
I-95 SB PM,110-04149,1175,0.5365217391304348,0.577,23,38.63589,0.5515833333333333,12.784623333333332,12.233039999999999,0.46612676056338026,1.1510211052503663,1.2378607040338419,1.0754457050243111
I-95 SB PM,110-04149,1180,0.5447826086956522,0.56,23,38.63589,0.5515833333333333,12.784623333333332,12.233039999999999,0.46612676056338026,1.1687434723490349,1.2013899380571085,1.0279329608938548
I-95 SB PM,110-04149,1185,0.5660869565217391,0.569,23,38.63589,0.5515833333333333,12.784623333333332,12.233039999999999,0.46612676056338026,1.2144485243403378,1.220697990633026,1.0051459293394776
I-95 SB PM,110-04149,1190,0.6182608695652174,0.54,23,38.63589,0.5515833333333333,12.784623333333332,12.233039999999999,0.46612676056338026,1.326379263910876,1.158483154555069,0.8734177215189873
I-95 SB PM,110-04149,1195,0.6243478260869565,0.53,23,38.63589,0.5515833333333333,12.784623333333332,12.233039999999999,0.46612676056338026,1.3394378501941053,1.137029762804049,0.8488857938718664
I-95 SB PM,110-04149,1200,0.6086956521739131,0.6209999999999999,23,38.63589,0.5515833333333333,12.784623333333332,12.233039999999999,0.46612676056338026,1.305858628322944,1.3322556277383288,1.0202142857142855
I-95 SB PM,110-04149,1205,0.5817391304347826,0.6009999999999999,23,38.63589,0.5515833333333333,12.784623333333332,12.233039999999999,0.46612676056338026,1.2480277462114993,1.2893488442362893,1.0331091180866963
I-95 SB PM,110-04149,1210,0.5217391304347826,0.567,23,38.63589,0.5515833333333333,12.784623333333332,12.233039999999999,0.46612676056338026,1.1193073957053805,1.216407312282822,1.0867499999999999
I-95 SB PM,110-04149,1215,0.5126086956521739,0.54,23,38.63589,0.5515833333333333,12.784623333333332,12.233039999999999,0.46612676056338026,1.0997195162805364,1.158483154555069,1.0534351145038168
I-95 SB PM,110-04149,1220,0.523913043478261,0.6019999999999999,23,38.63589,0.5515833333333333,12.784623333333332,12.233039999999999,0.46612676056338026,1.1239711765208198,1.2914941834113913,1.1490456431535265
I-95 SB PM,110-04149,1225,0.5373913043478261,0.56,23,38.63589,0.5515833333333333,12.784623333333332,12.233039999999999,0.46612676056338026,1.152886617576542,1.2013899380571085,1.0420711974110033
I-95 SB PM,110-04149,1230,0.5391304347826087,0.53,23,38.63589,0.5515833333333333,12.784623333333332,12.233039999999999,0.46612676056338026,1.1566176422288932,1.137029762804049,0.9830645161290323
I-95 SB PM,110-04149,1235,0.5747826086956522,0.529,23,38.63589,0.5515833333333333,12.784623333333332,12.233039999999999,0.46612676056338026,1.2331036476020942,1.134884423628947,0.9203479576399395
I-95 SB PM,110-04149,1240,0.5839130434782609,0.53,23,38.63589,0.5515833333333333,12.784623333333332,12.233039999999999,0.46612676056338026,1.2526915270269383,1.137029762804049,0.9076693968726731
I-95 SB PM,110-04149,1245,0.5347826086956522,0.52,23,38.63589,0.5515833333333333,12.784623333333332,12.233039999999999,0.46612676056338026,1.147290080598015,1.1155763710530293,0.9723577235772358
I-95 SB PM,110-04149,1250,0.5247826086956522,0.538,23,38.63589,0.5515833333333333,12.784623333333332,12.233039999999999,0.46612676056338026,1.1258366888469953,1.154192476204865,1.0251864125932064
I-95 SB PM,110-04149,1255,0.5143478260869565,0.53,23,38.63589,0.5515833333333333,12.784623333333332,12.233039999999999,0.46612676056338026,1.1034505409328876,1.137029762804049,1.0304311073541843
I-95 SB PM,110-04150,720,0.5917391304347827,0.579,23,38.65272,0.6204833333333333,11.604943333333333,10.98446,0.5318428571428571,1.1126202457878211,1.0886674366757099,0.9784717119764877
I-95 SB PM,110-04150,725,0.6008695652173913,0.59,23,38.65272,0.6204833333333333,11.604943333333333,10.98446,0.5318428571428571,1.129787788154863,1.109350237717908,0.9819102749638204
I-95 SB PM,110-04150,730,0.6030434782608696,0.589,23,38.65272,0.6204833333333333,11.604943333333333,10.98446,0.5318428571428571,1.133875298242254,1.1074699830777084,0.9767123287671232
I-95 SB PM,110-04150,735,0.6265217391304347,0.589,23,38.65272,0.6204833333333333,11.604943333333333,10.98446,0.5318428571428571,1.1780204071860765,1.1074699830777084,0.9401110340041637
I-95 SB PM,110-04150,740,0.6108695652173913,0.589,23,38.65272,0.6204833333333333,11.604943333333333,10.98446,0.5318428571428571,1.1485903345568615,1.1074699830777084,0.9641992882562277
I-95 SB PM,110-04150,745,0.6165217391304347,0.617,23,38.65272,0.6204833333333333,11.604943333333333,10.98446,0.5318428571428571,1.159217860784078,1.1601171130033041,1.0007757404795488
I-95 SB PM,110-04150,750,0.6052173913043478,0.59,23,38.65272,0.6204833333333333,11.604943333333333,10.98446,0.5318428571428571,1.137962808329645,1.109350237717908,0.9748563218390804
I-95 SB PM,110-04150,755,0.6239130434782608,0.608,23,38.65272,0.6204833333333333,11.604943333333333,10.98446,0.5318428571428571,1.1731153950812072,1.1431948212415055,0.9744947735191638
I-95 SB PM,110-04150,760,0.6226086956521739,0.608,23,38.65272,0.6204833333333333,11.604943333333333,10.98446,0.5318428571428571,1.1706628890287727,1.1431948212415055,0.976536312849162
I-95 SB PM,110-04150,765,0.6139130434782609,0.619,23,38.65272,0.6204833333333333,11.604943333333333,10.98446,0.5318428571428571,1.154312848679209,1.1638776222837037,1.00828611898017
I-95 SB PM,110-04150,770,0.5973913043478261,0.609,23,38.65272,0.6204833333333333,11.604943333333333,10.98446,0.5318428571428571,1.1232477720150376,1.1450750758817052,1.0194323144104804
I-95 SB PM,110-04150,775,0.5856521739130435,0.628,23,38.65272,0.6204833333333333,11.604943333333333,10.98446,0.5318428571428571,1.1011752175431264,1.1807999140455023,1.0723088344469192
I-95 SB PM,110-04150,780,0.5700000000000001,0.6149999999999999,23,38.65272,0.6204833333333333,11.604943333333333,10.98446,0.5318428571428571,1.0717451449139115,1.156356603722904,1.0789473684210522
I-95 SB PM,110-04150,785,0.5621739130434783,0.607,23,38.65272,0.6204833333333333,11.604943333333333,10.98446,0.5318428571428571,1.057030108599304,1.1413145666013056,1.079737045630317
I-95 SB PM,110-04150,790,0.5669565217391304,0.599,23,38.65272,0.6204833333333333,11.604943333333333,10.98446,0.5318428571428571,1.066022630791564,1.126272529479707,1.0565184049079757
I-95 SB PM,110-04150,795,0.561304347826087,0.58,23,38.65272,0.6204833333333333,11.604943333333333,10.98446,0.5318428571428571,1.0553951045643475,1.0905476913159098,1.0333075135553833
I-95 SB PM,110-04150,800,0.561304347826087,0.589,23,38.65272,0.6204833333333333,11.604943333333333,10.98446,0.5318428571428571,1.0553951045643475,1.1074699830777084,1.0493415956622771
I-95 SB PM,110-04150,805,0.5573913043478261,0.58,23,38.65272,0.6204833333333333,11.604943333333333,10.98446,0.5318428571428571,1.048037586407044,1.0905476913159098,1.0405616224648984
I-95 SB PM,110-04150,810,0.5556521739130436,0.579,23,38.65272,0.6204833333333333,11.604943333333333,10.98446,0.5318428571428571,1.044767578337131,1.0886674366757099,1.0420187793427227
I-95 SB PM,110-04150,815,0.56,0.598,23,38.65272,0.6204833333333333,11.604943333333333,10.98446,0.5318428571428571,1.052942598511913,1.124392274839507,1.0678571428571426
I-95 SB PM,110-04150,820,0.5608695652173913,0.58,23,38.65272,0.6204833333333333,11.604943333333333,10.98446,0.5318428571428571,1.0545776025468692,1.0905476913159098,1.034108527131783
I-95 SB PM,110-04150,825,0.5617391304347826,0.58,23,38.65272,0.6204833333333333,11.604943333333333,10.98446,0.5318428571428571,1.0562126065818258,1.0905476913159098,1.0325077399380804
I-95 SB PM,110-04150,830,0.5678260869565218,0.58,23,38.65272,0.6204833333333333,11.604943333333333,10.98446,0.5318428571428571,1.0676576348265205,1.0905476913159098,1.021439509954058
I-95 SB PM,110-04150,835,0.5665217391304348,0.579,23,38.65272,0.6204833333333333,11.604943333333333,10.98446,0.5318428571428571,1.0652051287740858,1.0886674366757099,1.0220260936300842
I-95 SB PM,110-04150,840,0.5691304347826087,0.59,23,38.65272,0.6204833333333333,11.604943333333333,10.98446,0.5318428571428571,1.070110140878955,1.109350237717908,1.0366692131398012
I-95 SB PM,110-04150,845,0.5647826086956522,0.59,23,38.65272,0.6204833333333333,11.604943333333333,10.98446,0.5318428571428571,1.0619351207041732,1.109350237717908,1.0446497305619706
I-95 SB PM,110-04150,850,0.5747826086956522,0.609,23,38.65272,0.6204833333333333,11.604943333333333,10.98446,0.5318428571428571,1.0807376671061717,1.1450750758817052,1.0595310136157337
I-95 SB PM,110-04150,855,0.5743478260869564,0.609,23,38.65272,0.6204833333333333,11.604943333333333,10.98446,0.5318428571428571,1.0799201650886932,1.1450750758817052,1.060333080999243
I-95 SB PM,110-04150,860,0.5665217391304348,0.59,23,38.65272,0.6204833333333333,11.604943333333333,10.98446,0.5318428571428571,1.0652051287740858,1.109350237717908,1.0414428242517266
I-95 SB PM,110-04150,865,0.5634782608695652,0.588,23,38.65272,0.6204833333333333,11.604943333333333,10.98446,0.5318428571428571,1.0594826146517384,1.1055897284375085,1.0435185185185185
I-95 SB PM,110-04150,870,0.5621739130434783,0.589,23,38.65272,0.6204833333333333,11.604943333333333,10.98446,0.5318428571428571,1.057030108599304,1.1074699830777084,1.0477184841453981
I-95 SB PM,110-04150,875,0.5682608695652174,0.599,23,38.65272,0.6204833333333333,11.604943333333333,10.98446,0.5318428571428571,1.0684751368439986,1.126272529479707,1.0540933435348125
I-95 SB PM,110-04150,880,0.5665217391304348,0.599,23,38.65272,0.6204833333333333,11.604943333333333,10.98446,0.5318428571428571,1.0652051287740858,1.126272529479707,1.0573292402148886
I-95 SB PM,110-04150,885,0.5739130434782609,0.599,23,38.65272,0.6204833333333333,11.604943333333333,10.98446,0.5318428571428571,1.079102663071215,1.126272529479707,1.0437121212121212
I-95 SB PM,110-04150,890,0.5821739130434783,0.6,23,38.65272,0.6204833333333333,11.604943333333333,10.98446,0.5318428571428571,1.094635201403301,1.1281527841199066,1.0306198655713217
I-95 SB PM,110-04150,895,0.571304347826087,0.608,23,38.65272,0.6204833333333333,11.604943333333333,10.98446,0.5318428571428571,1.074197650966346,1.1431948212415055,1.0642313546423134
I-95 SB PM,110-04150,900,0.5721739130434783,0.59,23,38.65272,0.6204833333333333,11.604943333333333,10.98446,0.5318428571428571,1.0758326550013024,1.109350237717908,1.0311550151975681
I-95 SB PM,110-04150,905,0.5765217391304348,0.599,23,38.65272,0.6204833333333333,11.604943333333333,10.98446,0.5318428571428571,1.0840076751760843,1.126272529479707,1.0389894419306183
I-95 SB PM,110-04150,910,0.57,0.59,23,38.65272,0.6204833333333333,11.604943333333333,10.98446,0.5318428571428571,1.0717451449139113,1.109350237717908,1.0350877192982457
I-95 SB PM,110-04150,915,0.5760869565217391,0.6,23,38.65272,0.6204833333333333,11.604943333333333,10.98446,0.5318428571428571,1.083190173158606,1.1281527841199066,1.0415094339622641
I-95 SB PM,110-04150,920,0.587391304347826,0.619,23,38.65272,0.6204833333333333,11.604943333333333,10.98446,0.5318428571428571,1.104445225613039,1.1638776222837037,1.0538119911176906
I-95 SB PM,110-04150,925,0.5926086956521739,0.629,23,38.65272,0.6204833333333333,11.604943333333333,10.98446,0.5318428571428571,1.1142552498227773,1.1826801686857022,1.061408657373441
I-95 SB PM,110-04150,930,0.5826086956521739,0.619,23,38.65272,0.6204833333333333,11.604943333333333,10.98446,0.5318428571428571,1.0954527034207788,1.1638776222837037,1.0624626865671642
I-95 SB PM,110-04150,935,0.5826086956521739,0.627,23,38.65272,0.6204833333333333,11.604943333333333,10.98446,0.5318428571428571,1.0954527034207788,1.1789196594053024,1.0761940298507464
I-95 SB PM,110-04150,940,0.5817391304347825,0.63,23,38.65272,0.6204833333333333,11.604943333333333,10.98446,0.5318428571428571,1.0938176993858224,1.184560423325902,1.0829596412556055
I-95 SB PM,110-04150,945,0.5821739130434782,0.609,23,38.65272,0.6204833333333333,11.604943333333333,10.98446,0.5318428571428571,1.0946352014033007,1.1450750758817052,1.0460791635548918
I-95 SB PM,110-04150,950,0.5878260869565217,0.61,23,38.65272,0.6204833333333333,11.604943333333333,10.98446,0.5318428571428571,1.1052627276305174,1.1469553305219051,1.0377218934911243
I-95 SB PM,110-04150,955,0.5952173913043478,0.629,23,38.65272,0.6204833333333333,11.604943333333333,10.98446,0.5318428571428571,1.1191602619276466,1.1826801686857022,1.0567567567567568
I-95 SB PM,110-04150,960,0.596086956521739,0.648,23,38.65272,0.6204833333333333,11.604943333333333,10.98446,0.5318428571428571,1.1207952659626028,1.2184050068494994,1.0870897155361052
I-95 SB PM,110-04150,965,0.59,0.6659999999999999,23,38.65272,0.6204833333333333,11.604943333333333,10.98446,0.5318428571428571,1.109350237717908,1.2522495903730964,1.1288135593220339
I-95 SB PM,110-04150,970,0.6060869565217392,0.67,23,38.65272,0.6204833333333333,11.604943333333333,10.98446,0.5318428571428571,1.1395978123646016,1.2597706089338958,1.10545193687231
I-95 SB PM,110-04150,975,0.5943478260869565,0.6659999999999999,23,38.65272,0.6204833333333333,11.604943333333333,10.98446,0.5318428571428571,1.11752525789269,1.2522495903730964,1.1205559619604974
I-95 SB PM,110-04150,980,0.6,0.648,23,38.65272,0.6204833333333333,11.604943333333333,10.98446,0.5318428571428571,1.1281527841199066,1.2184050068494994,1.08
I-95 SB PM,110-04150,985,0.6026086956521739,0.677,23,38.65272,0.6204833333333333,11.604943333333333,10.98446,0.5318428571428571,1.1330577962247759,1.2729323914152948,1.1234487734487735
I-95 SB PM,110-04150,990,0.6004347826086956,0.639,23,38.65272,0.6204833333333333,11.604943333333333,10.98446,0.5318428571428571,1.128970286137385,1.2014827150877005,1.0642288196958727
I-95 SB PM,110-04150,995,0.5982608695652174,0.64,23,38.65272,0.6204833333333333,11.604943333333333,10.98446,0.5318428571428571,1.124882776049994,1.2033629697279005,1.069767441860465
I-95 SB PM,110-04150,1000,0.6108695652173912,0.697,23,38.65272,0.6204833333333333,11.604943333333333,10.98446,0.5318428571428571,1.1485903345568613,1.3105374842192916,1.1409964412811389
I-95 SB PM,110-04150,1005,0.6178260869565217,0.7259999999999999,23,38.65272,0.6204833333333333,11.604943333333333,10.98446,0.5318428571428571,1.1616703668365127,1.3650648687850868,1.175087966220971
I-95 SB PM,110-04150,1010,0.6004347826086956,0.669,23,38.65272,0.6204833333333333,11.604943333333333,10.98446,0.5318428571428571,1.128970286137385,1.2578903542936961,1.1141926140477916
I-95 SB PM,110-04150,1015,0.6143478260869565,0.689,23,38.65272,0.6204833333333333,11.604943333333333,10.98446,0.5318428571428571,1.155130350696687,1.2954954470976927,1.121514508138712
I-95 SB PM,110-04150,1020,0.6256521739130435,0.779,23,38.65272,0.6204833333333333,11.604943333333333,10.98446,0.5318428571428571,1.17638540315112,1.464718364715679,1.2451007644197358
I-95 SB PM,110-04150,1025,0.6139130434782608,0.7529999999999999,23,38.65272,0.6204833333333333,11.604943333333333,10.98446,0.5318428571428571,1.1543128486792087,1.4158317440704826,1.2265580736543908
I-95 SB PM,110-04150,1030,0.6147826086956522,0.679,23,38.65272,0.6204833333333333,11.604943333333333,10.98446,0.5318428571428571,1.1559478527141653,1.2766929006956944,1.1044554455445545
I-95 SB PM,110-04150,1035,0.6269565217391304,0.738,23,38.65272,0.6204833333333333,11.604943333333333,10.98446,0.5318428571428571,1.1788379092035546,1.3876279244674852,1.1771151178918169
I-95 SB PM,110-04150,1040,0.6217391304347826,0.7409999999999999,23,38.65272,0.6204833333333333,11.604943333333333,10.98446,0.5318428571428571,1.1690278849938163,1.3932686883880845,1.1918181818181817
I-95 SB PM,110-04150,1045,0.6126086956521739,0.668,23,38.65272,0.6204833333333333,11.604943333333333,10.98446,0.5318428571428571,1.1518603426267744,1.2560100996534962,1.0904187366926898
I-95 SB PM,110-04150,1050,0.5995652173913043,0.639,23,38.65272,0.6204833333333333,11.604943333333333,10.98446,0.5318428571428571,1.1273352821024285,1.2014827150877005,1.0657722987672227
I-95 SB PM,110-04150,1055,0.5939130434782609,0.629,23,38.65272,0.6204833333333333,11.604943333333333,10.98446,0.5318428571428571,1.116707755875212,1.1826801686857022,1.059077598828697
I-95 SB PM,110-04150,1060,0.6060869565217392,0.67,23,38.65272,0.6204833333333333,11.604943333333333,10.98446,0.5318428571428571,1.1395978123646016,1.2597706089338958,1.10545193687231
I-95 SB PM,110-04150,1065,0.6008695652173913,0.66,23,38.65272,0.6204833333333333,11.604943333333333,10.98446,0.5318428571428571,1.129787788154863,1.2409680625318975,1.0984081041968163
I-95 SB PM,110-04150,1070,0.59,0.63,23,38.65272,0.6204833333333333,11.604943333333333,10.98446,0.5318428571428571,1.109350237717908,1.184560423325902,1.0677966101694916
I-95 SB PM,110-04150,1075,0.5908695652173913,0.648,23,38.65272,0.6204833333333333,11.604943333333333,10.98446,0.5318428571428571,1.1109852417528647,1.2184050068494994,1.0966887417218543
I-95 SB PM,110-04150,1080,0.5939130434782609,0.649,23,38.65272,0.6204833333333333,11.604943333333333,10.98446,0.5318428571428571,1.116707755875212,1.220285261489699,1.092752562225476
I-95 SB PM,110-04150,1085,0.5860869565217391,0.62,23,38.65272,0.6204833333333333,11.604943333333333,10.98446,0.5318428571428571,1.1019927195606045,1.1657578769239036,1.0578635014836795
I-95 SB PM,110-04150,1090,0.5860869565217391,0.619,23,38.65272,0.6204833333333333,11.604943333333333,10.98446,0.5318428571428571,1.1019927195606045,1.1638776222837037,1.0561572700296735
I-95 SB PM,110-04150,1095,0.59,0.629,23,38.65272,0.6204833333333333,11.604943333333333,10.98446,0.5318428571428571,1.109350237717908,1.1826801686857022,1.0661016949152542
I-95 SB PM,110-04150,1100,0.5826086956521739,0.619,23,38.65272,0.6204833333333333,11.604943333333333,10.98446,0.5318428571428571,1.0954527034207788,1.1638776222837037,1.0624626865671642
I-95 SB PM,110-04150,1105,0.6004347826086956,0.649,23,38.65272,0.6204833333333333,11.604943333333333,10.98446,0.5318428571428571,1.128970286137385,1.220285261489699,1.080883417813179
I-95 SB PM,110-04150,1110,0.5834782608695652,0.628,23,38.65272,0.6204833333333333,11.604943333333333,10.98446,0.5318428571428571,1.0970877074557355,1.1807999140455023,1.0763040238450075
I-95 SB PM,110-04150,1115,0.6104347826086957,0.648,23,38.65272,0.6204833333333333,11.604943333333333,10.98446,0.5318428571428571,1.1477728325393834,1.2184050068494994,1.0615384615384615
I-95 SB PM,110-04150,1120,0.6217391304347827,0.67,23,38.65272,0.6204833333333333,11.604943333333333,10.98446,0.5318428571428571,1.1690278849938165,1.2597706089338958,1.0776223776223774
I-95 SB PM,110-04150,1125,0.6147826086956522,0.678,23,38.65272,0.6204833333333333,11.604943333333333,10.98446,0.5318428571428571,1.1559478527141653,1.2748126460554947,1.102828854314003
I-95 SB PM,110-04150,1130,0.6239130434782608,0.68,23,38.65272,0.6204833333333333,11.604943333333333,10.98446,0.5318428571428571,1.1731153950812072,1.2785731553358943,1.0898954703832755
I-95 SB PM,110-04150,1135,0.6130434782608696,0.669,23,38.65272,0.6204833333333333,11.604943333333333,10.98446,0.5318428571428571,1.1526778446442525,1.2578903542936961,1.0912765957446808
I-95 SB PM,110-04150,1140,0.6234782608695653,0.68,23,38.65272,0.6204833333333333,11.604943333333333,10.98446,0.5318428571428571,1.1722978930637291,1.2785731553358943,1.090655509065551
I-95 SB PM,110-04150,1145,0.6343478260869565,0.727,23,38.65272,0.6204833333333333,11.604943333333333,10.98446,0.5318428571428571,1.1927354435006838,1.366945123425287,1.1460589444825222
I-95 SB PM,110-04150,1150,0.6286956521739131,0.679,23,38.65272,0.6204833333333333,11.604943333333333,10.98446,0.5318428571428571,1.1821079172734676,1.2766929006956944,1.0800138312586445
I-95 SB PM,110-04150,1155,0.6226086956521739,0.6869999999999999,23,38.65272,0.6204833333333333,11.604943333333333,10.98446,0.5318428571428571,1.1706628890287727,1.291734937817293,1.1034217877094972
I-95 SB PM,110-04150,1160,0.6291304347826087,0.69,23,38.65272,0.6204833333333333,11.604943333333333,10.98446,0.5318428571428571,1.1829254192909455,1.2973757017378926,1.0967519004837594
I-95 SB PM,110-04150,1165,0.6286956521739131,0.679,23,38.65272,0.6204833333333333,11.604943333333333,10.98446,0.5318428571428571,1.1821079172734676,1.2766929006956944,1.0800138312586445
I-95 SB PM,110-04150,1170,0.6221739130434782,0.678,23,38.65272,0.6204833333333333,11.604943333333333,10.98446,0.5318428571428571,1.1698453870112946,1.2748126460554947,1.089727463312369
I-95 SB PM,110-04150,1175,0.6165217391304347,0.659,23,38.65272,0.6204833333333333,11.604943333333333,10.98446,0.5318428571428571,1.159217860784078,1.2390878078916976,1.0688998589562766
I-95 SB PM,110-04150,1180,0.6191304347826087,0.668,23,38.65272,0.6204833333333333,11.604943333333333,10.98446,0.5318428571428571,1.1641228728889472,1.2560100996534962,1.078932584269663
I-95 SB PM,110-04150,1185,0.6078260869565217,0.668,23,38.65272,0.6204833333333333,11.604943333333333,10.98446,0.5318428571428571,1.1428678204345142,1.2560100996534962,1.0989985693848356
I-95 SB PM,110-04150,1190,0.6147826086956522,0.65,23,38.65272,0.6204833333333333,11.604943333333333,10.98446,0.5318428571428571,1.1559478527141653,1.222165516129899,1.0572842998585574
I-95 SB PM,110-04150,1195,0.6113043478260869,0.7029999999999998,23,38.65272,0.6204833333333333,11.604943333333333,10.98446,0.5318428571428571,1.1494078365743396,1.3218190120604905,1.15
I-95 SB PM,110-04150,1200,0.6078260869565217,0.65,23,38.65272,0.6204833333333333,11.604943333333333,10.98446,0.5318428571428571,1.1428678204345142,1.222165516129899,1.0693848354792561
I-95 SB PM,110-04150,1205,0.5982608695652174,0.639,23,38.65272,0.6204833333333333,11.604943333333333,10.98446,0.5318428571428571,1.124882776049994,1.2014827150877005,1.068095930232558
I-95 SB PM,110-04150,1210,0.6060869565217392,0.647,23,38.65272,0.6204833333333333,11.604943333333333,10.98446,0.5318428571428571,1.1395978123646016,1.2165247522092995,1.0675035868005738
I-95 SB PM,110-04150,1215,0.6065217391304347,0.64,23,38.65272,0.6204833333333333,11.604943333333333,10.98446,0.5318428571428571,1.1404153143820794,1.2033629697279005,1.0551971326164875
I-95 SB PM,110-04150,1220,0.6078260869565217,0.669,23,38.65272,0.6204833333333333,11.604943333333333,10.98446,0.5318428571428571,1.1428678204345142,1.2578903542936961,1.1006437768240345
I-95 SB PM,110-04150,1225,0.5943478260869565,0.639,23,38.65272,0.6204833333333333,11.604943333333333,10.98446,0.5318428571428571,1.11752525789269,1.2014827150877005,1.0751280175566935
I-95 SB PM,110-04150,1230,0.5934782608695651,0.638,23,38.65272,0.6204833333333333,11.604943333333333,10.98446,0.5318428571428571,1.1158902538577335,1.1996024604475009,1.0750183150183152
I-95 SB PM,110-04150,1235,0.5969565217391305,0.639,23,38.65272,0.6204833333333333,11.604943333333333,10.98446,0.5318428571428571,1.1224302699975595,1.2014827150877005,1.0704297159504734
I-95 SB PM,110-04150,1240,0.6169565217391304,0.667,23,38.65272,0.6204833333333333,11.604943333333333,10.98446,0.5318428571428571,1.1600353628015563,1.2541298450132963,1.0811134601832277
I-95 SB PM,110-04150,1245,0.6091304347826086,0.639,23,38.65272,0.6204833333333333,11.604943333333333,10.98446,0.5318428571428571,1.1453203264869487,1.2014827150877005,1.0490364025695933
I-95 SB PM,110-04150,1250,0.596086956521739,0.639,23,38.65272,0.6204833333333333,11.604943333333333,10.98446,0.5318428571428571,1.1207952659626028,1.2014827150877005,1.0719912472647704
I-95 SB PM,110-04150,1255,0.578695652173913,0.61,23,38.65272,0.6204833333333333,11.604943333333333,10.98446,0.5318428571428571,1.0880951852634753,1.1469553305219051,1.0540946656649135
I-95 SB PM,110-04151,720,1.7952173913043479,2.1249999999999996,23,38.66998,1.4153533333333335,10.414711666666667,8.999358333333333,1.278933734939759,1.4036828822792036,1.6615403456380737,1.1837006539113584
I-95 SB PM,110-04151,725,1.7465217391304348,1.9269999999999998,23,38.66998,1.4153533333333335,10.414711666666667,8.999358333333333,1.278933734939759,1.3656076866349143,1.5067238804915615,1.1033358227532983
I-95 SB PM,110-04151,730,1.7695652173913046,1.9729999999999999,23,38.66998,1.4153533333333335,10.414711666666667,8.999358333333333,1.278933734939759,1.3836254131451584,1.5426913420912565,1.1149631449631447
I-95 SB PM,110-04151,735,1.7599999999999998,1.9249999999999998,23,38.66998,1.4153533333333335,10.414711666666667,8.999358333333333,1.278933734939759,1.376146356857887,1.505160077813314,1.09375
I-95 SB PM,110-04151,740,1.7604347826086957,1.8989999999999998,23,38.66998,1.4153533333333335,10.414711666666667,8.999358333333333,1.278933734939759,1.3764863139618542,1.4848306429960951,1.0787107927883426
I-95 SB PM,110-04151,745,1.7400000000000002,1.9129999999999998,23,38.66998,1.4153533333333335,10.414711666666667,8.999358333333333,1.278933734939759,1.3605083300754113,1.4957772617438283,1.0994252873563215
I-95 SB PM,110-04151,750,1.7643478260869565,1.9,23,38.66998,1.4153533333333335,10.414711666666667,8.999358333333333,1.278933734939759,1.379545927897556,1.485612544335219,1.0768851651059634
I-95 SB PM,110-04151,755,1.728695652173913,1.87,23,38.66998,1.4153533333333335,10.414711666666667,8.999358333333333,1.278933734939759,1.3516694453722726,1.4621555041615053,1.0817404426559358
I-95 SB PM,110-04151,760,1.7482608695652175,1.9089999999999998,23,38.66998,1.4153533333333335,10.414711666666667,8.999358333333333,1.278933734939759,1.3669675150507818,1.4926496563873333,1.0919423029097237
I-95 SB PM,110-04151,765,1.7626086956521738,2.002,23,38.66998,1.4153533333333335,10.414711666666667,8.999358333333333,1.278933734939759,1.3781860994816884,1.5653664809258465,1.135816477553034
I-95 SB PM,110-04151,770,1.7382608695652173,2.014,23,38.66998,1.4153533333333335,10.414711666666667,8.999358333333333,1.278933734939759,1.3591485016595437,1.574749296995332,1.1586293146573285
I-95 SB PM,110-04151,775,1.7569565217391305,1.932,23,38.66998,1.4153533333333335,10.414711666666667,8.999358333333333,1.278933734939759,1.3737666571301193,1.5106333871871807,1.099628804751299
I-95 SB PM,110-04151,780,1.7791304347826087,2.0359999999999996,23,38.66998,1.4153533333333335,10.414711666666667,8.999358333333333,1.278933734939759,1.3911044694324295,1.5919511264560555,1.1443792766373408
I-95 SB PM,110-04151,785,1.7608695652173914,2.0029999999999997,23,38.66998,1.4153533333333335,10.414711666666667,8.999358333333333,1.278933734939759,1.376826271065821,1.5661483822649702,1.137506172839506
I-95 SB PM,110-04151,790,1.7856521739130435,1.9069999999999998,23,38.66998,1.4153533333333335,10.414711666666667,8.999358333333333,1.278933734939759,1.3962038259919325,1.4910858537090856,1.0679571463355246
I-95 SB PM,110-04151,795,1.7960869565217392,1.869,23,38.66998,1.4153533333333335,10.414711666666667,8.999358333333333,1.278933734939759,1.4043627964871375,1.4613736028223814,1.0405954974582425
I-95 SB PM,110-04151,800,1.8039130434782609,1.9909999999999999,23,38.66998,1.4153533333333335,10.414711666666667,8.999358333333333,1.278933734939759,1.410482024358541,1.556765566195485,1.103711737768137
I-95 SB PM,110-04151,805,1.856521739130435,1.902,23,38.66998,1.4153533333333335,10.414711666666667,8.999358333333333,1.278933734939759,1.4516168339385322,1.4871763470134667,1.0244964871194377
I-95 SB PM,110-04151,810,1.841304347826087,1.9799999999999998,23,38.66998,1.4153533333333335,10.414711666666667,8.999358333333333,1.278933734939759,1.4397183352996918,1.5481646514651228,1.075324675324675
I-95 SB PM,110-04151,815,1.827391304347826,1.8879999999999997,23,38.66998,1.4153533333333335,10.414711666666667,8.999358333333333,1.278933734939759,1.428839707972752,1.4762297282657333,1.0331667856293123
I-95 SB PM,110-04151,820,1.8395652173913044,1.9129999999999998,23,38.66998,1.4153533333333335,10.414711666666667,8.999358333333333,1.278933734939759,1.4383585068838243,1.4957772617438283,1.0399196407468683
I-95 SB PM,110-04151,825,1.856086956521739,1.882,23,38.66998,1.4153533333333335,10.414711666666667,8.999358333333333,1.278933734939759,1.4512768768345652,1.4715383202309906,1.0139611150152261
I-95 SB PM,110-04151,830,1.8326086956521739,1.859,23,38.66998,1.4153533333333335,10.414711666666667,8.999358333333333,1.278933734939759,1.4329191932203544,1.4535545894311432,1.0144009489916963
I-95 SB PM,110-04151,835,1.8030434782608695,1.82,23,38.66998,1.4153533333333335,10.414711666666667,8.999358333333333,1.278933734939759,1.4098021101506073,1.4230604372053153,1.0094043887147337
I-95 SB PM,110-04151,840,1.873478260869565,1.946,23,38.66998,1.4153533333333335,10.414711666666667,8.999358333333333,1.278933734939759,1.46487516099324,1.5215800059349138,1.038709677419355
I-95 SB PM,110-04151,845,1.8695652173913044,1.82,23,38.66998,1.4153533333333335,10.414711666666667,8.999358333333333,1.278933734939759,1.4618155470575382,1.4230604372053153,0.9734883720930232
I-95 SB PM,110-04151,850,1.8347826086956522,1.847,23,38.66998,1.4153533333333335,10.414711666666667,8.999358333333333,1.278933734939759,1.4346189787401888,1.4441717733616577,1.0066587677725118
I-95 SB PM,110-04151,855,1.8686956521739129,1.888,23,38.66998,1.4153533333333335,10.414711666666667,8.999358333333333,1.278933734939759,1.4611356328496043,1.4762297282657335,1.0103303862261517
I-95 SB PM,110-04151,860,1.856521739130435,1.879,23,38.66998,1.4153533333333335,10.414711666666667,8.999358333333333,1.278933734939759,1.4516168339385322,1.4691926162136193,1.0121077283372364
I-95 SB PM,110-04151,865,1.816521739130435,1.88,23,38.66998,1.4153533333333335,10.414711666666667,8.999358333333333,1.278933734939759,1.4203407803735804,1.469974517552743,1.034944949736716
I-95 SB PM,110-04151,870,1.8491304347826087,1.898,23,38.66998,1.4153533333333335,10.414711666666667,8.999358333333333,1.278933734939759,1.4458375631710954,1.4840487416569714,1.0264284034798965
I-95 SB PM,110-04151,875,1.8456521739130436,1.839,23,38.66998,1.4153533333333335,10.414711666666667,8.999358333333333,1.278933734939759,1.4431179063393607,1.4379165626486674,0.9963957597173144
I-95 SB PM,110-04151,880,1.855217391304348,1.8119999999999998,23,38.66998,1.4153533333333335,10.414711666666667,8.999358333333333,1.278933734939759,1.4505969626266317,1.4168052264923245,0.9767049449261775
I-95 SB PM,110-04151,885,1.7969565217391303,1.8829999999999998,23,38.66998,1.4153533333333335,10.414711666666667,8.999358333333333,1.278933734939759,1.405042710695071,1.4723202215701143,1.0478828937817566
I-95 SB PM,110-04151,890,1.7434782608695654,1.902,23,38.66998,1.4153533333333335,10.414711666666667,8.999358333333333,1.278933734939759,1.3632279869071462,1.4871763470134667,1.0909226932668328
I-95 SB PM,110-04151,895,1.7291304347826084,1.78,23,38.66998,1.4153533333333335,10.414711666666667,8.999358333333333,1.278933734939759,1.3520094024762392,1.3917843836403632,1.0294191601709832
I-95 SB PM,110-04151,900,1.7056521739130432,1.759,23,38.66998,1.4153533333333335,10.414711666666667,8.999358333333333,1.278933734939759,1.3336517188620283,1.3753644555187634,1.0312770838643897
I-95 SB PM,110-04151,905,1.7434782608695654,1.839,23,38.66998,1.4153533333333335,10.414711666666667,8.999358333333333,1.278933734939759,1.3632279869071462,1.4379165626486674,1.0547880299251868
I-95 SB PM,110-04151,910,1.7173913043478262,1.83,23,38.66998,1.4153533333333335,10.414711666666667,8.999358333333333,1.278933734939759,1.342830560669134,1.4308794505965532,1.0655696202531646
I-95 SB PM,110-04151,915,1.7330434782608695,1.82,23,38.66998,1.4153533333333335,10.414711666666667,8.999358333333333,1.278933734939759,1.3550690164119412,1.4230604372053153,1.0501756146512795
I-95 SB PM,110-04151,920,1.7373913043478262,1.859,23,38.66998,1.4153533333333335,10.414711666666667,8.999358333333333,1.278933734939759,1.35846858745161,1.4535545894311432,1.069994994994995
I-95 SB PM,110-04151,925,1.7334782608695651,1.849,23,38.66998,1.4153533333333335,10.414711666666667,8.999358333333333,1.278933734939759,1.355408973515908,1.4457355760399053,1.0666415851517432
I-95 SB PM,110-04151,930,1.7200000000000002,1.817,23,38.66998,1.4153533333333335,10.414711666666667,8.999358333333333,1.278933734939759,1.3448703032929354,1.4207147331879437,1.056395348837209
I-95 SB PM,110-04151,935,1.7069565217391303,1.81,23,38.66998,1.4153533333333335,10.414711666666667,8.999358333333333,1.278933734939759,1.334671590173929,1.4152414238140771,1.0603667855323486
I-95 SB PM,110-04151,940,1.7352173913043476,1.819,23,38.66998,1.4153533333333335,10.414711666666667,8.999358333333333,1.278933734939759,1.3567688019317754,1.4222785358661914,1.0482836381859184
I-95 SB PM,110-04151,945,1.7504347826086957,1.847,23,38.66998,1.4153533333333335,10.414711666666667,8.999358333333333,1.278933734939759,1.368667300570616,1.4441717733616577,1.0551664182811724
I-95 SB PM,110-04151,950,1.7634782608695654,1.849,23,38.66998,1.4153533333333335,10.414711666666667,8.999358333333333,1.278933734939759,1.3788660136896222,1.4457355760399053,1.0484960552268243
I-95 SB PM,110-04151,955,1.7669565217391305,1.8989999999999998,23,38.66998,1.4153533333333335,10.414711666666667,8.999358333333333,1.278933734939759,1.3815856705213572,1.4848306429960951,1.0747293307086612
I-95 SB PM,110-04151,960,1.7208695652173913,1.809,23,38.66998,1.4153533333333335,10.414711666666667,8.999358333333333,1.278933734939759,1.345550217500869,1.4144595224749534,1.0512127337038908
I-95 SB PM,110-04151,965,1.7439130434782608,1.86,23,38.66998,1.4153533333333335,10.414711666666667,8.999358333333333,1.278933734939759,1.363567944011113,1.4543364907702672,1.0665669409124907
I-95 SB PM,110-04151,970,1.7430434782608695,1.8829999999999998,23,38.66998,1.4153533333333335,10.414711666666667,8.999358333333333,1.278933734939759,1.3628880298031791,1.4723202215701143,1.0802943377400847
I-95 SB PM,110-04151,975,1.7252173913043478,1.838,23,38.66998,1.4153533333333335,10.414711666666667,8.999358333333333,1.278933734939759,1.3489497885405377,1.4371346613095437,1.0653729838709678
I-95 SB PM,110-04151,980,1.7373913043478262,1.86,23,38.66998,1.4153533333333335,10.414711666666667,8.999358333333333,1.278933734939759,1.35846858745161,1.4543364907702672,1.0705705705705706
I-95 SB PM,110-04151,985,1.7295652173913043,1.884,23,38.66998,1.4153533333333335,10.414711666666667,8.999358333333333,1.278933734939759,1.3523493595802063,1.4731021229092383,1.0892911010558068
I-95 SB PM,110-04151,990,1.7395652173913043,1.829,23,38.66998,1.4153533333333335,10.414711666666667,8.999358333333333,1.278933734939759,1.3601683729714442,1.4300975492574293,1.0514121469632591
I-95 SB PM,110-04151,995,1.7373913043478262,1.85,23,38.66998,1.4153533333333335,10.414711666666667,8.999358333333333,1.278933734939759,1.35846858745161,1.4465174773790292,1.0648148148148149
I-95 SB PM,110-04151,1000,1.7482608695652175,1.859,23,38.66998,1.4153533333333335,10.414711666666667,8.999358333333333,1.278933734939759,1.3669675150507818,1.4535545894311432,1.0633424521263366
I-95 SB PM,110-04151,1005,1.7908695652173912,1.8989999999999998,23,38.66998,1.4153533333333335,10.414711666666667,8.999358333333333,1.278933734939759,1.4002833112395348,1.4848306429960951,1.0603787327021121
I-95 SB PM,110-04151,1010,1.7891304347826087,1.859,23,38.66998,1.4153533333333335,10.414711666666667,8.999358333333333,1.278933734939759,1.3989234828236674,1.4535545894311432,1.039052247873633
I-95 SB PM,110-04151,1015,1.8013043478260868,1.858,23,38.66998,1.4153533333333335,10.414711666666667,8.999358333333333,1.278933734939759,1.4084422817347397,1.4527726880920195,1.0314747767318369
I-95 SB PM,110-04151,1020,1.8052173913043479,1.869,23,38.66998,1.4153533333333335,10.414711666666667,8.999358333333333,1.278933734939759,1.4115018956704417,1.4613736028223814,1.0353323699421966
I-95 SB PM,110-04151,1025,1.8082608695652176,1.869,23,38.66998,1.4153533333333335,10.414711666666667,8.999358333333333,1.278933734939759,1.4138815953982098,1.4613736028223814,1.0335898052416446
I-95 SB PM,110-04151,1030,1.8021739130434784,1.8889999999999998,23,38.66998,1.4153533333333335,10.414711666666667,8.999358333333333,1.278933734939759,1.4091221959426736,1.4770116296048572,1.0481785283474063
I-95 SB PM,110-04151,1035,1.7904347826086957,1.9,23,38.66998,1.4153533333333335,10.414711666666667,8.999358333333333,1.278933734939759,1.3999433541355681,1.485612544335219,1.0611947547353082
I-95 SB PM,110-04151,1040,1.7926086956521738,1.9189999999999998,23,38.66998,1.4153533333333335,10.414711666666667,8.999358333333333,1.278933734939759,1.4016431396554023,1.5004686697785712,1.0705069124423963
I-95 SB PM,110-04151,1045,1.8082608695652171,1.8989999999999998,23,38.66998,1.4153533333333335,10.414711666666667,8.999358333333333,1.278933734939759,1.4138815953982096,1.4848306429960951,1.0501803318105314
I-95 SB PM,110-04151,1050,1.8382608695652174,1.9729999999999999,23,38.66998,1.4153533333333335,10.414711666666667,8.999358333333333,1.278933734939759,1.4373386355719238,1.5426913420912565,1.0732970671712392
I-95 SB PM,110-04151,1055,1.8143478260869568,1.9519999999999997,23,38.66998,1.4153533333333335,10.414711666666667,8.999358333333333,1.278933734939759,1.418640994853746,1.5262714139696565,1.0758686796069972
I-95 SB PM,110-04151,1060,1.8126086956521739,1.9049999999999998,23,38.66998,1.4153533333333335,10.414711666666667,8.999358333333333,1.278933734939759,1.4172811664378784,1.489522051030838,1.0509714559846486
I-95 SB PM,110-04151,1065,1.8147826086956522,1.964,23,38.66998,1.4153533333333335,10.414711666666667,8.999358333333333,1.278933734939759,1.4189809519577128,1.5356542300391423,1.0822232870148538
I-95 SB PM,110-04151,1070,1.8021739130434784,2.0349999999999997,23,38.66998,1.4153533333333335,10.414711666666667,8.999358333333333,1.278933734939759,1.4091221959426736,1.5911692251169318,1.1291917973462
I-95 SB PM,110-04151,1075,1.8443478260869566,2.0469999999999997,23,38.66998,1.4153533333333335,10.414711666666667,8.999358333333333,1.278933734939759,1.44209803502746,1.6005520411864174,1.1098774163130596
I-95 SB PM,110-04151,1080,1.8582608695652174,1.986,23,38.66998,1.4153533333333335,10.414711666666667,8.999358333333333,1.278933734939759,1.4529766623543996,1.552856059499866,1.068741226017782
I-95 SB PM,110-04151,1085,1.7982608695652174,1.976,23,38.66998,1.4153533333333335,10.414711666666667,8.999358333333333,1.278933734939759,1.4060625820069717,1.5450370461086278,1.0988394584139265
I-95 SB PM,110-04151,1090,1.7795652173913044,1.922,23,38.66998,1.4153533333333335,10.414711666666667,8.999358333333333,1.278933734939759,1.3914444265363963,1.5028143737959427,1.0800390911311997
I-95 SB PM,110-04151,1095,1.7808695652173914,1.8989999999999998,23,38.66998,1.4153533333333335,10.414711666666667,8.999358333333333,1.278933734939759,1.392464297848297,1.4848306429960951,1.0663330078125
I-95 SB PM,110-04151,1100,1.8039130434782609,1.9189999999999998,23,38.66998,1.4153533333333335,10.414711666666667,8.999358333333333,1.278933734939759,1.410482024358541,1.5004686697785712,1.0637985056640153
I-95 SB PM,110-04151,1105,1.7826086956521738,1.9529999999999998,23,38.66998,1.4153533333333335,10.414711666666667,8.999358333333333,1.278933734939759,1.3938241262641644,1.5270533153087804,1.0955853658536585
I-95 SB PM,110-04151,1110,1.7752173913043479,1.928,23,38.66998,1.4153533333333335,10.414711666666667,8.999358333333333,1.278933734939759,1.3880448554967277,1.5075057818306854,1.0860641685035513
I-95 SB PM,110-04151,1115,1.7960869565217392,1.9369999999999998,23,38.66998,1.4153533333333335,10.414711666666667,8.999358333333333,1.278933734939759,1.4043627964871375,1.5145428938827996,1.078455579762769
I-95 SB PM,110-04151,1120,1.8130434782608698,1.92,23,38.66998,1.4153533333333335,10.414711666666667,8.999358333333333,1.278933734939759,1.4176211235418454,1.501250571117695,1.0589928057553954
I-95 SB PM,110-04151,1125,1.827391304347826,1.926,23,38.66998,1.4153533333333335,10.414711666666667,8.999358333333333,1.278933734939759,1.428839707972752,1.5059419791524378,1.0539614561027837
I-95 SB PM,110-04151,1130,1.8321739130434782,1.93,23,38.66998,1.4153533333333335,10.414711666666667,8.999358333333333,1.278933734939759,1.4325792361163874,1.509069584508933,1.0533934504034173
I-95 SB PM,110-04151,1135,1.8595652173913044,1.98,23,38.66998,1.4153533333333335,10.414711666666667,8.999358333333333,1.278933734939759,1.4539965336663003,1.548164651465123,1.0647650222118306
I-95 SB PM,110-04151,1140,1.8517391304347826,2.0239999999999996,23,38.66998,1.4153533333333335,10.414711666666667,8.999358333333333,1.278933734939759,1.4478773057948966,1.58256831038657,1.0930265320497767
I-95 SB PM,110-04151,1145,1.848695652173913,2.021,23,38.66998,1.4153533333333335,10.414711666666667,8.999358333333333,1.278933734939759,1.4454976060671285,1.5802226063691989,1.0932031984948258
I-95 SB PM,110-04151,1150,1.8595652173913042,1.966,23,38.66998,1.4153533333333335,10.414711666666667,8.999358333333333,1.278933734939759,1.4539965336663,1.5372180327173899,1.057236380640636
I-95 SB PM,110-04151,1155,1.8617391304347826,1.93,23,38.66998,1.4153533333333335,10.414711666666667,8.999358333333333,1.278933734939759,1.4556963191861345,1.509069584508933,1.0366651097617936
I-95 SB PM,110-04151,1160,1.8465217391304347,1.978,23,38.66998,1.4153533333333335,10.414711666666667,8.999358333333333,1.278933734939759,1.443797820547294,1.5466008487868754,1.0712032022604192
I-95 SB PM,110-04151,1165,1.8543478260869564,2.017,23,38.66998,1.4153533333333335,10.414711666666667,8.999358333333333,1.278933734939759,1.4499170484186976,1.5770950010127036,1.0877139507620164
I-95 SB PM,110-04151,1170,1.8491304347826087,1.958,23,38.66998,1.4153533333333335,10.414711666666667,8.999358333333333,1.278933734939759,1.4458375631710954,1.5309628220043994,1.05887608746767
I-95 SB PM,110-04151,1175,1.873478260869565,2.082,23,38.66998,1.4153533333333335,10.414711666666667,8.999358333333333,1.278933734939759,1.46487516099324,1.6279185880557505,1.1113019262009747
I-95 SB PM,110-04151,1180,1.8669565217391304,2.054,23,38.66998,1.4153533333333335,10.414711666666667,8.999358333333333,1.278933734939759,1.459775804433737,1.6060253505602842,1.10018630647415
I-95 SB PM,110-04151,1185,1.8391304347826085,1.96,23,38.66998,1.4153533333333335,10.414711666666667,8.999358333333333,1.278933734939759,1.4380185497798572,1.532526624682647,1.0657210401891253
I-95 SB PM,110-04151,1190,1.8439130434782607,1.96,23,38.66998,1.4153533333333335,10.414711666666667,8.999358333333333,1.278933734939759,1.4417580779234929,1.532526624682647,1.0629568497995756
I-95 SB PM,110-04151,1195,1.83,1.958,23,38.66998,1.4153533333333335,10.414711666666667,8.999358333333333,1.278933734939759,1.4308794505965532,1.5309628220043994,1.0699453551912568
I-95 SB PM,110-04151,1200,1.8347826086956522,1.9789999999999999,23,38.66998,1.4153533333333335,10.414711666666667,8.999358333333333,1.278933734939759,1.4346189787401888,1.5473827501259991,1.078601895734597
I-95 SB PM,110-04151,1205,1.8330434782608698,2.039,23,38.66998,1.4153533333333335,10.414711666666667,8.999358333333333,1.278933734939759,1.4332591503243215,1.5942968304734273,1.1123576850094876
I-95 SB PM,110-04151,1210,1.8034782608695654,1.978,23,38.66998,1.4153533333333335,10.414711666666667,8.999358333333333,1.278933734939759,1.4101420672545744,1.5466008487868754,1.0967695274831242
I-95 SB PM,110-04151,1215,1.7939130434782609,1.986,23,38.66998,1.4153533333333335,10.414711666666667,8.999358333333333,1.278933734939759,1.402663010967303,1.552856059499866,1.1070770722249152
I-95 SB PM,110-04151,1220,1.7517391304347825,1.9389999999999998,23,38.66998,1.4153533333333335,10.414711666666667,8.999358333333333,1.278933734939759,1.3696871718825165,1.5161066965610472,1.1068999751799453
I-95 SB PM,110-04151,1225,1.7173913043478262,1.916,23,38.66998,1.4153533333333335,10.414711666666667,8.999358333333333,1.278933734939759,1.342830560669134,1.4981229657611999,1.115645569620253
I-95 SB PM,110-04151,1230,1.7169565217391305,1.934,23,38.66998,1.4153533333333335,10.414711666666667,8.999358333333333,1.278933734939759,1.3424906035651671,1.5121971898654283,1.1264117498100785
I-95 SB PM,110-04151,1235,1.6908695652173913,1.8989999999999998,23,38.66998,1.4153533333333335,10.414711666666667,8.999358333333333,1.278933734939759,1.322093177327155,1.4848306429960951,1.1230907688351761
I-95 SB PM,110-04151,1240,1.6534782608695653,1.879,23,38.66998,1.4153533333333335,10.414711666666667,8.999358333333333,1.278933734939759,1.2928568663860043,1.4691926162136193,1.13639232185117
I-95 SB PM,110-04151,1245,1.6356521739130434,1.838,23,38.66998,1.4153533333333335,10.414711666666667,8.999358333333333,1.278933734939759,1.2789186251233624,1.4371346613095437,1.1237107921318448
I-95 SB PM,110-04151,1250,1.6030434782608693,1.8599999999999999,23,38.66998,1.4153533333333335,10.414711666666667,8.999358333333333,1.278933734939759,1.2534218423258472,1.454336490770267,1.160292921074044
I-95 SB PM,110-04151,1255,1.578695652173913,1.888,23,38.66998,1.4153533333333335,10.414711666666667,8.999358333333333,1.278933734939759,1.2343842445037028,1.4762297282657335,1.1959239878821262
I-95 SB PM,110-04152,720,1.57,2.2279999999999998,23,38.6738,0.31509333333333334,8.446533333333333,8.13144,0.2740736445346477,5.728387356127286,8.129201929587,1.4191082802547768
I-95 SB PM,110-04152,725,1.5443478260869568,2.342,23,38.6738,0.31509333333333334,8.446533333333333,8.13144,0.2740736445346477,5.634791439757441,8.545148527420448,1.5164977477477475
I-95 SB PM,110-04152,730,1.463913043478261,2.4829999999999997,23,38.6738,0.31509333333333334,8.446533333333333,8.13144,0.2740736445346477,5.341312718936741,9.059608793161813,1.6961389961389957
I-95 SB PM,110-04152,735,1.4169565217391307,2.207,23,38.6738,0.31509333333333334,8.446533333333333,8.13144,0.2740736445346477,5.169984600836008,8.052580187880839,1.5575636698373732
I-95 SB PM,110-04152,740,1.3521739130434782,2.4459999999999993,23,38.6738,0.31509333333333334,8.446533333333333,8.13144,0.2740736445346477,4.933615252715551,8.92460858158429,1.808938906752411
I-95 SB PM,110-04152,745,1.4682608695652175,2.457,23,38.6738,0.31509333333333334,8.446533333333333,8.13144,0.2740736445346477,5.357176433575697,8.964743779620852,1.6734083506070474
I-95 SB PM,110-04152,750,1.4708695652173913,3.0169999999999995,23,38.6738,0.31509333333333334,8.446533333333333,8.13144,0.2740736445346477,5.366694662359071,11.007990225118482,2.051167602719479
I-95 SB PM,110-04152,755,1.4543478260869567,2.579,23,38.6738,0.31509333333333334,8.446533333333333,8.13144,0.2740736445346477,5.306412546731036,9.40987961238998,1.773303437967115
I-95 SB PM,110-04152,760,1.4217391304347828,2.154,23,38.6738,0.31509333333333334,8.446533333333333,8.13144,0.2740736445346477,5.18743468693886,7.8592015064319565,1.5150458715596327
I-95 SB PM,110-04152,765,1.3682608695652174,2.1669999999999994,23,38.6738,0.31509333333333334,8.446533333333333,8.13144,0.2740736445346477,4.9923109968796915,7.906634013202435,1.583762313314267
I-95 SB PM,110-04152,770,1.387391304347826,2.5229999999999992,23,38.6738,0.31509333333333334,8.446533333333333,8.13144,0.2740736445346477,5.062111341291101,9.205554967840214,1.8185208398621115
I-95 SB PM,110-04152,775,1.3834782608695653,2.2849999999999993,23,38.6738,0.31509333333333334,8.446533333333333,8.13144,0.2740736445346477,5.04783399811604,8.337175228503721,1.6516341923318663
I-95 SB PM,110-04152,780,1.2834782608695652,2.1389999999999993,23,38.6738,0.31509333333333334,8.446533333333333,8.13144,0.2740736445346477,4.682968561420035,7.804471690927554,1.666565040650406
I-95 SB PM,110-04152,785,1.298695652173913,2.1449999999999996,23,38.6738,0.31509333333333334,8.446533333333333,8.13144,0.2740736445346477,4.7384915626563835,7.8263636171293145,1.6516571811181784
I-95 SB PM,110-04152,790,1.2869565217391306,2.3439999999999994,23,38.6738,0.31509333333333334,8.446533333333333,8.13144,0.2740736445346477,4.6956595331312005,8.552445836154366,1.8213513513513506
I-95 SB PM,110-04152,795,1.4169565217391302,2.3329999999999997,23,38.6738,0.31509333333333334,8.446533333333333,8.13144,0.2740736445346477,5.169984600836006,8.512310638117805,1.6464866523473458
I-95 SB PM,110-04152,800,1.3660869565217393,2.63,23,38.6738,0.31509333333333334,8.446533333333333,8.13144,0.2740736445346477,4.984379139560214,9.595960985104941,1.925206874602164
I-95 SB PM,110-04152,805,1.3095652173913044,2.367,23,38.6738,0.31509333333333334,8.446533333333333,8.13144,0.2740736445346477,4.778150849253776,8.636364886594448,1.8074701195219123
I-95 SB PM,110-04152,810,1.4526086956521738,2.5439999999999996,23,38.6738,0.31509333333333334,8.446533333333333,8.13144,0.2740736445346477,5.3000670608754525,9.282176709546377,1.7513319365459443
I-95 SB PM,110-04152,815,1.3765217391304347,2.3439999999999994,23,38.6738,0.31509333333333334,8.446533333333333,8.13144,0.2740736445346477,5.0224520546937095,8.552445836154366,1.7028427037271001
I-95 SB PM,110-04152,820,1.478695652173913,2.4219999999999993,23,38.6738,0.31509333333333334,8.446533333333333,8.13144,0.2740736445346477,5.395249348709193,8.837040876777248,1.6379300205821814
I-95 SB PM,110-04152,825,1.4904347826086957,2.096,23,38.6738,0.31509333333333334,8.446533333333333,8.13144,0.2740736445346477,5.438081378234377,7.647579553148274,1.4063010501750293
I-95 SB PM,110-04152,830,1.463913043478261,2.086,23,38.6738,0.31509333333333334,8.446533333333333,8.13144,0.2740736445346477,5.341312718936741,7.611093009478672,1.4249480249480246
I-95 SB PM,110-04152,835,1.4482608695652175,2.3499999999999996,23,38.6738,0.31509333333333334,8.446533333333333,8.13144,0.2740736445346477,5.284203346236496,8.574337762356127,1.6226358450915637
I-95 SB PM,110-04152,840,1.4569565217391303,2.0989999999999998,23,38.6738,0.31509333333333334,8.446533333333333,8.13144,0.2740736445346477,5.315930775514409,7.658525516249153,1.4406744255446136
I-95 SB PM,110-04152,845,1.4704347826086956,1.9769999999999996,23,38.6738,0.31509333333333334,8.446533333333333,8.13144,0.2740736445346477,5.365108290895176,7.213389683480026,1.3445002956830276
I-95 SB PM,110-04152,850,1.5017391304347825,2.177,23,38.6738,0.31509333333333334,8.446533333333333,8.13144,0.2740736445346477,5.479327036295664,7.943120556872038,1.4496525767226407
I-95 SB PM,110-04152,855,1.4960869565217394,2.162,23,38.6738,0.31509333333333334,8.446533333333333,8.13144,0.2740736445346477,5.458704207265021,7.888390741367637,1.4451031676838126
I-95 SB PM,110-04152,860,1.5208695652173911,1.8829999999999998,23,38.6738,0.31509333333333334,8.446533333333333,8.13144,0.2740736445346477,5.549127380707073,6.870416172985781,1.2381074899942826
I-95 SB PM,110-04152,865,1.5830434782608693,1.944,23,38.6738,0.31509333333333334,8.446533333333333,8.13144,0.2740736445346477,5.775978500044155,7.092984089370345,1.228014281790717
I-95 SB PM,110-04152,870,1.6173913043478263,2.1899999999999995,23,38.6738,0.31509333333333334,8.446533333333333,8.13144,0.2740736445346477,5.901301845691915,7.990553063642517,1.3540322580645157
I-95 SB PM,110-04152,875,1.6013043478260869,1.9369999999999998,23,38.6738,0.31509333333333334,8.446533333333333,8.13144,0.2740736445346477,5.842606101527774,7.067443508801625,1.2096388813467283
I-95 SB PM,110-04152,880,1.583913043478261,1.857,23,38.6738,0.31509333333333334,8.446533333333333,8.13144,0.2740736445346477,5.779151242971947,6.775551159444821,1.172412846555037
I-95 SB PM,110-04152,885,1.627391304347826,1.879,23,38.6738,0.31509333333333334,8.446533333333333,8.13144,0.2740736445346477,5.937788389361514,6.855821555517942,1.1546086027250868
I-95 SB PM,110-04152,890,1.6291304347826085,1.948,23,38.6738,0.31509333333333334,8.446533333333333,8.13144,0.2740736445346477,5.944133875217097,7.1075787068381855,1.1957299172671472
I-95 SB PM,110-04152,895,1.6391304347826088,1.9949999999999999,23,38.6738,0.31509333333333334,8.446533333333333,8.13144,0.2740736445346477,5.980620418886698,7.279065462085308,1.2171087533156497
I-95 SB PM,110-04152,900,1.7073913043478262,2.0869999999999997,23,38.6738,0.31509333333333334,8.446533333333333,8.13144,0.2740736445346477,6.229680738718319,7.614741663845632,1.2223325693913927
I-95 SB PM,110-04152,905,1.8204347826086955,2.096,23,38.6738,0.31509333333333334,8.446533333333333,8.13144,0.2740736445346477,6.6421373193311934,7.647579553148274,1.1513732983042753
I-95 SB PM,110-04152,910,1.8030434782608695,2.1679999999999997,23,38.6738,0.31509333333333334,8.446533333333333,8.13144,0.2740736445346477,6.578682460775367,7.910282667569397,1.2024113817217263
I-95 SB PM,110-04152,915,1.7795652173913044,2.1599999999999997,23,38.6738,0.31509333333333334,8.446533333333333,8.13144,0.2740736445346477,6.493018401725001,7.881093432633716,1.213779623747862
I-95 SB PM,110-04152,920,1.8660869565217393,2.1550000000000002,23,38.6738,0.31509333333333334,8.446533333333333,8.13144,0.2740736445346477,6.808706323040241,7.862850160798918,1.1548229263746506
I-95 SB PM,110-04152,925,1.876521739130435,2.141,23,38.6738,0.31509333333333334,8.446533333333333,8.13144,0.2740736445346477,6.846779238173737,7.811768999661476,1.1409406858202038
I-95 SB PM,110-04152,930,1.7569565217391303,2.1639999999999997,23,38.6738,0.31509333333333334,8.446533333333333,8.13144,0.2740736445346477,6.410527085602425,7.8956880501015565,1.2316753278891364
I-95 SB PM,110-04152,935,1.6982608695652175,1.9449999999999998,23,38.6738,0.31509333333333334,8.446533333333333,8.13144,0.2740736445346477,6.19636693797651,7.096632743737305,1.1452892985151049
I-95 SB PM,110-04152,940,1.7843478260869565,2.065,23,38.6738,0.31509333333333334,8.446533333333333,8.13144,0.2740736445346477,6.510468487827853,7.534471267772512,1.157285575048733
I-95 SB PM,110-04152,945,1.8304347826086957,2.2439999999999998,23,38.6738,0.31509333333333334,8.446533333333333,8.13144,0.2740736445346477,6.678623863000795,8.18758039945836,1.225938242280285
I-95 SB PM,110-04152,950,1.7647826086956524,2.114,23,38.6738,0.31509333333333334,8.446533333333333,8.13144,0.2740736445346477,6.439081771952549,7.713255331753555,1.1978812515397879
I-95 SB PM,110-04152,955,1.7813043478260868,2.069,23,38.6738,0.31509333333333334,8.446533333333333,8.13144,0.2740736445346477,6.499363887580583,7.549065885240352,1.1615084207957043
I-95 SB PM,110-04152,960,1.6630434782608696,2.052,23,38.6738,0.31509333333333334,8.446533333333333,8.13144,0.2740736445346477,6.06787084940096,7.487038761002031,1.2338823529411764
I-95 SB PM,110-04152,965,1.6652173913043478,2.0,23,38.6738,0.31509333333333334,8.446533333333333,8.13144,0.2740736445346477,6.075802706720438,7.297308733920109,1.2010443864229765
I-95 SB PM,110-04152,970,1.7456521739130435,2.069,23,38.6738,0.31509333333333334,8.446533333333333,8.13144,0.2740736445346477,6.3692814275411385,7.549065885240352,1.185230386052304
I-95 SB PM,110-04152,975,1.7356521739130435,2.017,23,38.6738,0.31509333333333334,8.446533333333333,8.13144,0.2740736445346477,6.3327948838715376,7.359335858158429,1.1620991983967934
I-95 SB PM,110-04152,980,1.680869565217391,2.069,23,38.6738,0.31509333333333334,8.446533333333333,8.13144,0.2740736445346477,6.132912079420682,7.549065885240352,1.2309105018106572
I-95 SB PM,110-04152,985,1.7752173913043479,2.2939999999999996,23,38.6738,0.31509333333333334,8.446533333333333,8.13144,0.2740736445346477,6.477154687086045,8.370013117806362,1.2922361009061962
I-95 SB PM,110-04152,990,1.7743478260869565,2.218,23,38.6738,0.31509333333333334,8.446533333333333,8.13144,0.2740736445346477,6.473981944158253,8.0927153859174,1.250036755697133
I-95 SB PM,110-04152,995,1.75,2.222,23,38.6738,0.31509333333333334,8.446533333333333,8.13144,0.2740736445346477,6.385145142180095,8.10731000338524,1.2697142857142858
I-95 SB PM,110-04152,1000,1.8408695652173914,2.263,23,38.6738,0.31509333333333334,8.446533333333333,8.13144,0.2740736445346477,6.716696778134292,8.256904832430603,1.2293103448275862
I-95 SB PM,110-04152,1005,1.816086956521739,2.129,23,38.6738,0.31509333333333334,8.446533333333333,8.13144,0.2740736445346477,6.626273604692237,7.7679851472579555,1.1723006942781902
I-95 SB PM,110-04152,1010,1.6852173913043478,2.199,23,38.6738,0.31509333333333334,8.446533333333333,8.13144,0.2740736445346477,6.148775794059639,8.023390952945158,1.304876160990712
I-95 SB PM,110-04152,1015,1.7056521739130432,2.1039999999999996,23,38.6738,0.31509333333333334,8.446533333333333,8.13144,0.2740736445346477,6.223335252862735,7.676768788083953,1.2335457557991332
I-95 SB PM,110-04152,1020,1.7404347826086957,2.2539999999999996,23,38.6738,0.31509333333333334,8.446533333333333,8.13144,0.2740736445346477,6.35024496997439,8.22406694312796,1.2950786909817633
I-95 SB PM,110-04152,1025,1.7760869565217392,2.4429999999999996,23,38.6738,0.31509333333333334,8.446533333333333,8.13144,0.2740736445346477,6.480327430013836,8.91366261848341,1.3754957160342716
I-95 SB PM,110-04152,1030,1.8269565217391306,2.4949999999999997,23,38.6738,0.31509333333333334,8.446533333333333,8.13144,0.2740736445346477,6.66593289128963,9.103392645565334,1.3656592099000473
I-95 SB PM,110-04152,1035,1.8295652173913042,2.315,23,38.6738,0.31509333333333334,8.446533333333333,8.13144,0.2740736445346477,6.675451120073003,8.446634859512525,1.265327946768061
I-95 SB PM,110-04152,1040,1.8234782608695652,2.097,23,38.6738,0.31509333333333334,8.446533333333333,8.13144,0.2740736445346477,6.6532419195784644,7.651228207515234,1.15
I-95 SB PM,110-04152,1045,1.8721739130434785,2.3629999999999995,23,38.6738,0.31509333333333334,8.446533333333333,8.13144,0.2740736445346477,6.830915523534781,8.621770269126607,1.26216906641895
I-95 SB PM,110-04152,1050,1.7495652173913043,2.2039999999999997,23,38.6738,0.31509333333333334,8.446533333333333,8.13144,0.2740736445346477,6.383558770716199,8.041634224779958,1.259741550695825
I-95 SB PM,110-04152,1055,1.7743478260869565,2.154,23,38.6738,0.31509333333333334,8.446533333333333,8.13144,0.2740736445346477,6.473981944158253,7.8592015064319565,1.213967164910561
I-95 SB PM,110-04152,1060,1.7230434782608697,2.105,23,38.6738,0.31509333333333334,8.446533333333333,8.13144,0.2740736445346477,6.286790111418563,7.680417442450914,1.2216754983598284
I-95 SB PM,110-04152,1065,1.786086956521739,2.322,23,38.6738,0.31509333333333334,8.446533333333333,8.13144,0.2740736445346477,6.516813973683435,8.472175440081246,1.3000486854917237
I-95 SB PM,110-04152,1070,1.8869565217391304,2.3569999999999998,23,38.6738,0.31509333333333334,8.446533333333333,8.13144,0.2740736445346477,6.884852153307233,8.599878342924846,1.2491013824884791
I-95 SB PM,110-04152,1075,1.7808695652173914,2.4709999999999996,23,38.6738,0.31509333333333334,8.446533333333333,8.13144,0.2740736445346477,6.497777516116688,9.015824940758293,1.3875244140624998
I-95 SB PM,110-04152,1080,1.8156521739130433,2.1590000000000003,23,38.6738,0.31509333333333334,8.446533333333333,8.13144,0.2740736445346477,6.624687233228341,7.877444778266758,1.1891044061302685
I-95 SB PM,110-04152,1085,1.7365217391304346,2.2039999999999997,23,38.6738,0.31509333333333334,8.446533333333333,8.13144,0.2740736445346477,6.335967626799328,8.041634224779958,1.2692038057085628
I-95 SB PM,110-04152,1090,1.7952173913043479,2.21,23,38.6738,0.31509333333333334,8.446533333333333,8.13144,0.2740736445346477,6.5501277744252455,8.063526150981719,1.2310486800678129
I-95 SB PM,110-04152,1095,1.84,2.3779999999999997,23,38.6738,0.31509333333333334,8.446533333333333,8.13144,0.2740736445346477,6.7135240352065,8.676500084631007,1.292391304347826
I-95 SB PM,110-04152,1100,1.8126086956521739,2.375,23,38.6738,0.31509333333333334,8.446533333333333,8.13144,0.2740736445346477,6.613582632981072,8.665554121530128,1.3102662508994962
I-95 SB PM,110-04152,1105,1.7056521739130437,2.213,23,38.6738,0.31509333333333334,8.446533333333333,8.13144,0.2740736445346477,6.223335252862737,8.0744721140826,1.2974509304104
I-95 SB PM,110-04152,1110,1.7082608695652173,2.149,23,38.6738,0.31509333333333334,8.446533333333333,8.13144,0.2740736445346477,6.232853481646109,7.8409582345971565,1.2580045813184018
I-95 SB PM,110-04152,1115,1.7843478260869565,2.312,23,38.6738,0.31509333333333334,8.446533333333333,8.13144,0.2740736445346477,6.510468487827853,8.435688896411644,1.2957115009746587
I-95 SB PM,110-04152,1120,1.731304347826087,2.269,23,38.6738,0.31509333333333334,8.446533333333333,8.13144,0.2740736445346477,6.316931169232581,8.278796758632364,1.310572576594676
I-95 SB PM,110-04152,1125,1.7517391304347825,2.2399999999999998,23,38.6738,0.31509333333333334,8.446533333333333,8.13144,0.2740736445346477,6.391490628035677,8.172985781990521,1.2787292132042691
I-95 SB PM,110-04152,1130,1.692608695652174,2.096,23,38.6738,0.31509333333333334,8.446533333333333,8.13144,0.2740736445346477,6.175744108945866,7.647579553148274,1.2383251990752633
I-95 SB PM,110-04152,1135,1.7134782608695651,2.061,23,38.6738,0.31509333333333334,8.446533333333333,8.13144,0.2740736445346477,6.251889939212858,7.5198766503046715,1.2028165440243594
I-95 SB PM,110-04152,1140,1.7560869565217392,2.0969999999999995,23,38.6738,0.31509333333333334,8.446533333333333,8.13144,0.2740736445346477,6.407354342674634,7.651228207515232,1.1941322109433026
I-95 SB PM,110-04152,1145,1.7726086956521738,2.1999999999999997,23,38.6738,0.31509333333333334,8.446533333333333,8.13144,0.2740736445346477,6.467636458302669,8.027039607312119,1.2411086583272013
I-95 SB PM,110-04152,1150,1.711304347826087,2.096,23,38.6738,0.31509333333333334,8.446533333333333,8.13144,0.2740736445346477,6.24395808189338,7.647579553148274,1.2247967479674797
I-95 SB PM,110-04152,1155,1.7695652173913046,2.441,23,38.6738,0.31509333333333334,8.446533333333333,8.13144,0.2740736445346477,6.456531858055401,8.906365309749491,1.3794348894348891
I-95 SB PM,110-04152,1160,1.628695652173913,2.1399999999999997,23,38.6738,0.31509333333333334,8.446533333333333,8.13144,0.2740736445346477,5.942547503753201,7.8081203452945145,1.313934863854778
I-95 SB PM,110-04152,1165,1.6121739130434782,2.15,23,38.6738,0.31509333333333334,8.446533333333333,8.13144,0.2740736445346477,5.882265388125165,7.844606888964116,1.3336030204962244
I-95 SB PM,110-04152,1170,1.4404347826086958,1.7999999999999998,23,38.6738,0.31509333333333334,8.446533333333333,8.13144,0.2740736445346477,5.255648659886375,6.567577860528097,1.2496226984606094
I-95 SB PM,110-04152,1175,1.4386956521739132,2.077,23,38.6738,0.31509333333333334,8.446533333333333,8.13144,0.2740736445346477,5.249303174030792,7.578255120176032,1.4436687821093985
I-95 SB PM,110-04152,1180,1.4047826086956523,1.8869999999999998,23,38.6738,0.31509333333333334,8.446533333333333,8.13144,0.2740736445346477,5.125566199846928,6.885010790453622,1.3432683379758585
I-95 SB PM,110-04152,1185,1.2617391304347827,1.7349999999999999,23,38.6738,0.31509333333333334,8.446533333333333,8.13144,0.2740736445346477,4.603649988225252,6.330415326675694,1.3750861474844933
I-95 SB PM,110-04152,1190,1.2608695652173914,1.751,23,38.6738,0.31509333333333334,8.446533333333333,8.13144,0.2740736445346477,4.60047724529746,6.388793796547055,1.3887241379310344
I-95 SB PM,110-04152,1195,1.3543478260869564,1.9299999999999997,23,38.6738,0.31509333333333334,8.446533333333333,8.13144,0.2740736445346477,4.941547110035029,7.041902928232903,1.4250401284109149
I-95 SB PM,110-04152,1200,1.2230434782608695,1.626,23,38.6738,0.31509333333333334,8.446533333333333,8.13144,0.2740736445346477,4.462462927938535,5.932712000677048,1.3294703163881978
I-95 SB PM,110-04152,1205,1.1234782608695653,2.022,23,38.6738,0.31509333333333334,8.446533333333333,8.13144,0.2740736445346477,4.099183862706426,7.3775791299932285,1.799767801857585
I-95 SB PM,110-04152,1210,1.018695652173913,1.708,23,38.6738,0.31509333333333334,8.446533333333333,8.13144,0.2740736445346477,3.716868339907568,6.2319016587677725,1.6766538625693557
I-95 SB PM,110-04152,1215,0.9447826086956522,1.559,23,38.6738,0.31509333333333334,8.446533333333333,8.13144,0.2740736445346477,3.4471851910453037,5.688252158090724,1.6501150483202944
I-95 SB PM,110-04152,1220,0.8665217391304347,1.408,23,38.6738,0.31509333333333334,8.446533333333333,8.13144,0.2740736445346477,3.1616383275440816,5.137305348679756,1.6248871048670346
I-95 SB PM,110-04152,1225,0.7821739130434782,1.4349999999999998,23,38.6738,0.31509333333333334,8.446533333333333,8.13144,0.2740736445346477,2.8538822635483205,5.235819016587677,1.8346303501945525
I-95 SB PM,110-04152,1230,0.731304347826087,1.347,23,38.6738,0.31509333333333334,8.446533333333333,8.13144,0.2740736445346477,2.6682768022725267,4.914737432295193,1.8419143876337691
I-95 SB PM,110-04152,1235,0.7230434782608696,1.422,23,38.6738,0.31509333333333334,8.446533333333333,8.13144,0.2740736445346477,2.6381357444585087,5.188386509817197,1.96668671076368
I-95 SB PM,110-04152,1240,0.7408695652173912,1.6299999999999997,23,38.6738,0.31509333333333334,8.446533333333333,8.13144,0.2740736445346477,2.703176974478231,5.9473066181448875,2.2001173708920185
I-95 SB PM,110-04152,1245,0.658695652173913,1.5799999999999996,23,38.6738,0.31509333333333334,8.446533333333333,8.13144,0.2740736445346477,2.4033527678019486,5.764873899796885,2.398679867986798
I-95 SB PM,110-04152,1250,0.6204347826086957,1.3219999999999998,23,38.6738,0.31509333333333334,8.446533333333333,8.13144,0.2740736445346477,2.2637520789791292,4.823521073121191,2.1307638402242466
I-95 SB PM,110-04152,1255,0.6356521739130435,1.5819999999999999,23,38.6738,0.31509333333333334,8.446533333333333,8.13144,0.2740736445346477,2.319275080215478,5.772171208530805,2.488782489740082
I-95 SB PM,110-04153,720,3.6960869565217394,8.436,23,38.70536,1.7144816666666667,7.348295,5.633813333333333,1.4822608069164265,2.4935469785582303,5.691306118758925,2.2824138336666273
I-95 SB PM,110-04153,725,3.332173913043478,7.448999999999999,23,38.70536,1.7144816666666667,7.348295,5.633813333333333,1.4822608069164265,2.248034824570083,5.025431398605408,2.235477557411273
I-95 SB PM,110-04153,730,3.4030434782608694,7.862999999999999,23,38.70536,1.7144816666666667,7.348295,5.633813333333333,1.4822608069164265,2.295846629946508,5.304734472712354,2.3105787658106554
I-95 SB PM,110-04153,735,3.3786956521739135,8.295,23,38.70536,1.7144816666666667,7.348295,5.633813333333333,1.4822608069164265,2.2794204882220925,5.596181158736995,2.45508943507914
I-95 SB PM,110-04153,740,3.574347826086957,9.661,23,38.70536,1.7144816666666667,7.348295,5.633813333333333,1.4822608069164265,2.41141626993615,6.517746374268608,2.702870696995499
I-95 SB PM,110-04153,745,3.199130434782609,7.568,23,38.70536,1.7144816666666667,7.348295,5.633813333333333,1.4822608069164265,2.158277693004524,5.105714166283493,2.365642837727643
I-95 SB PM,110-04153,750,3.2343478260869567,10.445999999999996,23,38.70536,1.7144816666666667,7.348295,5.633813333333333,1.4822608069164265,2.182036933713054,7.047342782901341,3.2297082941255533
I-95 SB PM,110-04153,755,3.386086956521739,10.964999999999993,23,38.70536,1.7144816666666667,7.348295,5.633813333333333,1.4822608069164265,2.2844069955312896,7.397483593194829,3.238251155624035
I-95 SB PM,110-04153,760,3.2734782608695654,11.360999999999995,23,38.70536,1.7144816666666667,7.348295,5.633813333333333,1.4822608069164265,2.2084360900558657,7.664643055384083,3.470620268295921
I-95 SB PM,110-04153,765,2.848695652173913,9.371999999999995,23,38.70536,1.7144816666666667,7.348295,5.633813333333333,1.4822608069164265,1.9218585817566782,6.322773938478973,3.2899267399267385
I-95 SB PM,110-04153,770,2.767826086956522,8.745999999999997,23,38.70536,1.7144816666666667,7.348295,5.633813333333333,1.4822608069164265,1.867300325314868,5.900446101785863,3.1598806157712835
I-95 SB PM,110-04153,775,2.932608695652174,10.664999999999996,23,38.70536,1.7144816666666667,7.348295,5.633813333333333,1.4822608069164265,1.978470105914041,7.195090061233276,3.63669384729429
I-95 SB PM,110-04153,780,2.8756521739130436,9.881999999999996,23,38.70536,1.7144816666666667,7.348295,5.633813333333333,1.4822608069164265,1.940044667237282,6.666842942813617,3.436437859086784
I-95 SB PM,110-04153,785,2.893913043478261,9.711,23,38.70536,1.7144816666666667,7.348295,5.633813333333333,1.4822608069164265,1.952364273530594,6.551478629595534,3.3556640625
I-95 SB PM,110-04153,790,2.9504347826086956,11.222,23,38.70536,1.7144816666666667,7.348295,5.633813333333333,1.4822608069164265,1.9904963882479882,7.570867385575232,3.8035072207486
I-95 SB PM,110-04153,795,2.859565217391304,9.489999999999998,23,38.70536,1.7144816666666667,7.348295,5.633813333333333,1.4822608069164265,1.9291916807407925,6.40238206105052,3.3186863311540216
I-95 SB PM,110-04153,800,2.822173913043478,9.103,23,38.70536,1.7144816666666667,7.348295,5.633813333333333,1.4822608069164265,1.9039658202354393,6.1412944048201155,3.2255276536743187
I-95 SB PM,110-04153,805,2.8039130434782606,9.143999999999998,23,38.70536,1.7144816666666667,7.348295,5.633813333333333,1.4822608069164265,1.8916462139421273,6.168954854188194,3.261156768491239
I-95 SB PM,110-04153,810,2.8052173913043474,8.169,23,38.70536,1.7144816666666667,7.348295,5.633813333333333,1.4822608069164265,1.892526185820221,5.511175875313142,2.9120737755734662
I-95 SB PM,110-04153,815,2.8843478260869566,10.759999999999993,23,38.70536,1.7144816666666667,7.348295,5.633813333333333,1.4822608069164265,1.9459111464245733,7.259181346354433,3.7304793488091623
I-95 SB PM,110-04153,820,2.9352173913043482,10.937999999999995,23,38.70536,1.7144816666666667,7.348295,5.633813333333333,1.4822608069164265,1.9802300496702285,7.37926817531829,3.7264701525699877
I-95 SB PM,110-04153,825,2.9499999999999997,10.287999999999998,23,38.70536,1.7144816666666667,7.348295,5.633813333333333,1.4822608069164265,1.9902030642886235,6.940748856068257,3.4874576271186437
I-95 SB PM,110-04153,830,2.7582608695652175,8.806,23,38.70536,1.7144816666666667,7.348295,5.633813333333333,1.4822608069164265,1.8608471982088475,5.940924808178176,3.1925914249684735
I-95 SB PM,110-04153,835,2.619565217391304,8.510999999999997,23,38.70536,1.7144816666666667,7.348295,5.633813333333333,1.4822608069164265,1.7672768551715485,5.741904501749312,3.2490124481327793
I-95 SB PM,110-04153,840,2.603913043478261,8.149999999999995,23,38.70536,1.7144816666666667,7.348295,5.633813333333333,1.4822608069164265,1.756717192634424,5.498357618288907,3.129904825513439
I-95 SB PM,110-04153,845,2.606086956521739,7.3299999999999965,23,38.70536,1.7144816666666667,7.348295,5.633813333333333,1.4822608069164265,1.758183812431247,4.945148630927323,2.8126459793126446
I-95 SB PM,110-04153,850,2.6769565217391302,5.711999999999999,23,38.70536,1.7144816666666667,7.348295,5.633813333333333,1.4822608069164265,1.8059956178076721,3.8535728485480054,2.1337664446970925
I-95 SB PM,110-04153,855,2.9408695652173913,7.423999999999998,23,38.70536,1.7144816666666667,7.348295,5.633813333333333,1.4822608069164265,1.9840432611419676,5.008565270941945,2.5244234180958007
I-95 SB PM,110-04153,860,3.4065217391304343,9.692999999999994,23,38.70536,1.7144816666666667,7.348295,5.633813333333333,1.4822608069164265,2.2981932216214243,6.539335017677836,2.8454243777919577
I-95 SB PM,110-04153,865,3.38304347826087,8.648999999999996,23,38.70536,1.7144816666666667,7.348295,5.633813333333333,1.4822608069164265,2.282353727815738,5.835005526451626,2.5565737051792814
I-95 SB PM,110-04153,870,3.5273913043478258,5.898999999999999,23,38.70536,1.7144816666666667,7.348295,5.633813333333333,1.4822608069164265,2.3797372823247755,3.9797314834707085,1.6723406877850362
I-95 SB PM,110-04153,875,3.892608695652174,7.159,23,38.70536,1.7144816666666667,7.348295,5.633813333333333,1.4822608069164265,2.6261294081910167,4.829784317709239,1.8391265497598568
I-95 SB PM,110-04153,880,3.9486956521739134,6.933999999999999,23,38.70536,1.7144816666666667,7.348295,5.633813333333333,1.4822608069164265,2.6639681989490467,4.6779891687380735,1.7560229024443952
I-95 SB PM,110-04153,885,4.089130434782609,6.079999999999999,23,38.70536,1.7144816666666667,7.348295,5.633813333333333,1.4822608069164265,2.7587118378238036,4.10184224775418,1.4868686868686867
I-95 SB PM,110-04153,890,4.5691304347826085,6.808,23,38.70536,1.7144816666666667,7.348295,5.633813333333333,1.4822608069164265,3.082541488962291,4.59298388531422,1.489999048434675
I-95 SB PM,110-04153,895,4.514347826086956,6.192,23,38.70536,1.7144816666666667,7.348295,5.633813333333333,1.4822608069164265,3.045582670082355,4.177402499686495,1.3716266974862759
I-95 SB PM,110-04153,900,4.77695652173913,6.332,23,38.70536,1.7144816666666667,7.348295,5.633813333333333,1.4822608069164265,3.222750341538557,4.271852814601886,1.3255301720214798
I-95 SB PM,110-04153,905,5.115217391304348,6.6739999999999995,23,38.70536,1.7144816666666667,7.348295,5.633813333333333,1.4822608069164265,3.4509563819241946,4.502581441038059,1.3047343816404589
I-95 SB PM,110-04153,910,5.084347826086956,7.167999999999999,23,38.70536,1.7144816666666667,7.348295,5.633813333333333,1.4822608069164265,3.4301303808093095,4.835856123668086,1.4098170001710277
I-95 SB PM,110-04153,915,5.329565217391305,8.195,23,38.70536,1.7144816666666667,7.348295,5.633813333333333,1.4822608069164265,3.5955650938909285,5.528716648083143,1.5376488823625387
I-95 SB PM,110-04153,920,5.522173913043479,7.7909999999999995,23,38.70536,1.7144816666666667,7.348295,5.633813333333333,1.4822608069164265,3.7255076078894342,5.256160025041582,1.4108574128021414
I-95 SB PM,110-04153,925,5.570434782608696,8.017999999999999,23,38.70536,1.7144816666666667,7.348295,5.633813333333333,1.4822608069164265,3.7580665673789015,5.409304464225825,1.4393849516078674
I-95 SB PM,110-04153,930,5.761739130434783,7.6979999999999995,23,38.70536,1.7144816666666667,7.348295,5.633813333333333,1.4822608069164265,3.887129109499314,5.1934180301335,1.3360549351041349
I-95 SB PM,110-04153,935,5.788695652173913,7.411,23,38.70536,1.7144816666666667,7.348295,5.633813333333333,1.4822608069164265,3.905315194979917,4.9997948845569455,1.2802538681087576
I-95 SB PM,110-04153,940,5.799130434782609,8.015,23,38.70536,1.7144816666666667,7.348295,5.633813333333333,1.4822608069164265,3.912354970004667,5.4072805289062105,1.3821037636827112
I-95 SB PM,110-04153,945,5.987826086956522,8.244,23,38.70536,1.7144816666666667,7.348295,5.633813333333333,1.4822608069164265,4.039657568368892,5.56177425830353,1.3767934940458901
I-95 SB PM,110-04153,950,6.1808695652173915,8.473999999999998,23,38.70536,1.7144816666666667,7.348295,5.633813333333333,1.4822608069164265,4.169893406326762,5.716942632807388,1.3710045019696113
I-95 SB PM,110-04153,955,6.188260869565217,8.528999999999998,23,38.70536,1.7144816666666667,7.348295,5.633813333333333,1.4822608069164265,4.174879913635959,5.7540481136670065,1.3782547600646384
I-95 SB PM,110-04153,960,6.381304347826087,8.823,23,38.70536,1.7144816666666667,7.348295,5.633813333333333,1.4822608069164265,4.30511575159383,5.952393774989331,1.382632690604347
I-95 SB PM,110-04153,965,6.425217391304348,7.939,23,38.70536,1.7144816666666667,7.348295,5.633813333333333,1.4822608069164265,4.334741471489651,5.356007500809283,1.235600216538097
I-95 SB PM,110-04153,970,6.565217391304348,8.241,23,38.70536,1.7144816666666667,7.348295,5.633813333333333,1.4822608069164265,4.429191786405043,5.5597503229839145,1.255251655629139
I-95 SB PM,110-04153,975,6.16,7.821,23,38.70536,1.7144816666666667,7.348295,5.633813333333333,1.4822608069164265,4.155813856277262,5.276399378237738,1.269642857142857
I-95 SB PM,110-04153,980,6.318695652173912,7.974999999999998,23,38.70536,1.7144816666666667,7.348295,5.633813333333333,1.4822608069164265,4.26287710144533,5.380294724644668,1.2621275717332965
I-95 SB PM,110-04153,985,6.617391304347826,8.011,23,38.70536,1.7144816666666667,7.348295,5.633813333333333,1.4822608069164265,4.464390661528792,5.404581948480056,1.2105978975032852
I-95 SB PM,110-04153,990,6.666086956521739,8.457,23,38.70536,1.7144816666666667,7.348295,5.633813333333333,1.4822608069164265,4.497242944977624,5.705473665996235,1.268660318288547
I-95 SB PM,110-04153,995,6.521739130434782,8.373000000000001,23,38.70536,1.7144816666666667,7.348295,5.633813333333333,1.4822608069164265,4.399859390468586,5.648803477046999,1.2838600000000002
I-95 SB PM,110-04153,1000,6.394782608695652,8.447000000000001,23,38.70536,1.7144816666666667,7.348295,5.633813333333333,1.4822608069164265,4.314208794334131,5.69872721493085,1.3209205874354095
I-95 SB PM,110-04153,1005,6.36608695652174,8.57,23,38.70536,1.7144816666666667,7.348295,5.633813333333333,1.4822608069164265,4.2948494130160695,5.781708563035087,1.3461958748804805
I-95 SB PM,110-04153,1010,6.583478260869566,8.849,23,38.70536,1.7144816666666667,7.348295,5.633813333333333,1.4822608069164265,4.441511392698356,5.969934547759332,1.3441223088099323
I-95 SB PM,110-04153,1015,6.944347826086957,9.008999999999999,23,38.70536,1.7144816666666667,7.348295,5.633813333333333,1.4822608069164265,4.68497027897095,6.0778777648054945,1.2973140495867765
I-95 SB PM,110-04153,1020,6.793478260869565,8.849,23,38.70536,1.7144816666666667,7.348295,5.633813333333333,1.4822608069164265,4.583186865071444,5.969934547759332,1.3025728
I-95 SB PM,110-04153,1025,7.030869565217392,9.328999999999999,23,38.70536,1.7144816666666667,7.348295,5.633813333333333,1.4822608069164265,4.743341746884501,6.2937641988978195,1.3268629027271037
I-95 SB PM,110-04153,1030,7.131739130434783,8.875,23,38.70536,1.7144816666666667,7.348295,5.633813333333333,1.4822608069164265,4.811392905457081,5.9874753205293345,1.244436993232945
I-95 SB PM,110-04153,1035,6.7495652173913046,8.57,23,38.70536,1.7144816666666667,7.348295,5.633813333333333,1.4822608069164265,4.553561145175622,5.781708563035087,1.2697114145838702
I-95 SB PM,110-04153,1040,6.894782608695652,9.097999999999997,23,38.70536,1.7144816666666667,7.348295,5.633813333333333,1.4822608069164265,4.651531347603389,6.137921179287422,1.3195484928742587
I-95 SB PM,110-04153,1045,7.359565217391305,8.427,23,38.70536,1.7144816666666667,7.348295,5.633813333333333,1.4822608069164265,4.965094660164118,5.685234312800079,1.145040467891534
I-95 SB PM,110-04153,1050,7.591304347826087,9.977999999999998,23,38.70536,1.7144816666666667,7.348295,5.633813333333333,1.4822608069164265,5.121436330505434,6.731608873041316,1.314398625429553
I-95 SB PM,110-04153,1055,7.441739130434782,9.2,23,38.70536,1.7144816666666667,7.348295,5.633813333333333,1.4822608069164265,5.020532888484021,6.206734980154351,1.2362701565786398
I-95 SB PM,110-04153,1060,7.7269565217391305,9.362,23,38.70536,1.7144816666666667,7.348295,5.633813333333333,1.4822608069164265,5.2129534058271805,6.316027487413591,1.2116025208192662
I-95 SB PM,110-04153,1065,7.760434782608696,10.062999999999999,23,38.70536,1.7144816666666667,7.348295,5.633813333333333,1.4822608069164265,5.235539350698253,6.788953707097091,1.2967056977981957
I-95 SB PM,110-04153,1070,7.699565217391305,10.68,23,38.70536,1.7144816666666667,7.348295,5.633813333333333,1.4822608069164265,5.194473996387213,7.205209737831356,1.3870913095036421
I-95 SB PM,110-04153,1075,7.528695652173913,11.206999999999997,23,38.70536,1.7144816666666667,7.348295,5.633813333333333,1.4822608069164265,5.079197680356936,7.560747708977153,1.4885712635712631
I-95 SB PM,110-04153,1080,7.151304347826087,9.334999999999999,23,38.70536,1.7144816666666667,7.348295,5.633813333333333,1.4822608069164265,4.824592483628487,6.297812069537051,1.305356274319066
I-95 SB PM,110-04153,1085,7.198695652173913,10.130999999999998,23,38.70536,1.7144816666666667,7.348295,5.633813333333333,1.4822608069164265,4.856564795199225,6.834829574341709,1.4073382859213623
I-95 SB PM,110-04153,1090,7.347391304347826,10.792999999999997,23,38.70536,1.7144816666666667,7.348295,5.633813333333333,1.4822608069164265,4.956881589301909,7.281444634870207,1.468956743002544
I-95 SB PM,110-04153,1095,7.262608695652173,11.338999999999999,23,38.70536,1.7144816666666667,7.348295,5.633813333333333,1.4822608069164265,4.899683417225817,7.649800863040237,1.5612847222222221
I-95 SB PM,110-04153,1100,6.866521739130435,9.520999999999999,23,38.70536,1.7144816666666667,7.348295,5.633813333333333,1.4822608069164265,4.632465290244692,6.423296059353215,1.3865826632052174
I-95 SB PM,110-04153,1105,6.845652173913043,9.227,23,38.70536,1.7144816666666667,7.348295,5.633813333333333,1.4822608069164265,4.618385740195192,6.2249503980308925,1.3478628135916164
I-95 SB PM,110-04153,1110,6.824347826086957,9.551,23,38.70536,1.7144816666666667,7.348295,5.633813333333333,1.4822608069164265,4.604012866186328,6.443535412549371,1.3995476554536188
I-95 SB PM,110-04153,1115,7.098695652173913,9.698,23,38.70536,1.7144816666666667,7.348295,5.633813333333333,1.4822608069164265,4.789100284545373,6.542708243210534,1.3661664727139096
I-95 SB PM,110-04153,1120,6.443913043478261,8.633000000000001,23,38.70536,1.7144816666666667,7.348295,5.633813333333333,1.4822608069164265,4.347354401742328,5.824211204747014,1.3397139194386345
I-95 SB PM,110-04153,1125,6.100869565217391,8.798,23,38.70536,1.7144816666666667,7.348295,5.633813333333333,1.4822608069164265,4.11592179780368,5.935527647325868,1.4420895096921322
I-95 SB PM,110-04153,1130,5.974347826086956,8.652,23,38.70536,1.7144816666666667,7.348295,5.633813333333333,1.4822608069164265,4.030564525628589,5.837029461771245,1.448191543555782
I-95 SB PM,110-04153,1135,5.429565217391304,7.776999999999999,23,38.70536,1.7144816666666667,7.348295,5.633813333333333,1.4822608069164265,3.66302960454478,5.246714993550042,1.4323430493273541
I-95 SB PM,110-04153,1140,5.285652173913043,6.622,23,38.70536,1.7144816666666667,7.348295,5.633813333333333,1.4822608069164265,3.565939373995106,4.467499895498056,1.2528255326149544
I-95 SB PM,110-04153,1145,5.371304347826087,7.321999999999999,23,38.70536,1.7144816666666667,7.348295,5.633813333333333,1.4822608069164265,3.623724193989928,4.939751470075017,1.3631698235389345
I-95 SB PM,110-04153,1150,5.024782608695652,7.211999999999999,23,38.70536,1.7144816666666667,7.348295,5.633813333333333,1.4822608069164265,3.389944998376363,4.865540508355781,1.4352859738686508
I-95 SB PM,110-04153,1155,5.053478260869565,7.130999999999999,23,38.70536,1.7144816666666667,7.348295,5.633813333333333,1.4822608069164265,3.409304379694425,4.810894254726161,1.41110728727523
I-95 SB PM,110-04153,1160,4.860869565217391,7.611999999999999,23,38.70536,1.7144816666666667,7.348295,5.633813333333333,1.4822608069164265,3.279361865695919,5.135398550971187,1.5659749552772808
I-95 SB PM,110-04153,1165,4.355652173913044,7.177,23,38.70536,1.7144816666666667,7.348295,5.633813333333333,1.4822608069164265,2.9385194249142867,4.841927929626933,1.6477440606907563
I-95 SB PM,110-04153,1170,4.124782608695653,6.276,23,38.70536,1.7144816666666667,7.348295,5.633813333333333,1.4822608069164265,2.782764402491699,4.234072688635729,1.5215347317381678
I-95 SB PM,110-04153,1175,3.9508695652173915,6.451,23,38.70536,1.7144816666666667,7.348295,5.633813333333333,1.4822608069164265,2.6654348187458696,4.35213558227997,1.6328051061956639
I-95 SB PM,110-04153,1180,3.6982608695652175,6.382,23,38.70536,1.7144816666666667,7.348295,5.633813333333333,1.4822608069164265,2.4950135983550528,4.305585069928812,1.7256759934164119
I-95 SB PM,110-04153,1185,3.3839130434782607,5.896999999999999,23,38.70536,1.7144816666666667,7.348295,5.633813333333333,1.4822608069164265,2.282940375734467,3.9783821932576315,1.742657073108056
I-95 SB PM,110-04153,1190,3.0578260869565215,5.871999999999999,23,38.70536,1.7144816666666667,7.348295,5.633813333333333,1.4822608069164265,2.0629474062110376,3.9615160655941684,1.920318498507038
I-95 SB PM,110-04153,1195,2.7530434782608695,5.269999999999999,23,38.70536,1.7144816666666667,7.348295,5.633813333333333,1.4822608069164265,1.8573273106964723,3.5553797114579813,1.9142451042324695
I-95 SB PM,110-04153,1200,2.627391304347826,5.211999999999999,23,38.70536,1.7144816666666667,7.348295,5.633813333333333,1.4822608069164265,1.7725566864401108,3.516250295278747,1.9837166970047986
I-95 SB PM,110-04153,1205,2.465217391304348,4.887999999999999,23,38.70536,1.7144816666666667,7.348295,5.633813333333333,1.4822608069164265,1.6631468495971256,3.297665280760268,1.982786596119929
I-95 SB PM,110-04153,1210,2.3860869565217393,4.318999999999999,23,38.70536,1.7144816666666667,7.348295,5.633813333333333,1.4822608069164265,1.6097618889927734,2.913792215139852,1.8100765306122444
I-95 SB PM,110-04153,1215,2.303913043478261,4.779999999999999,23,38.70536,1.7144816666666667,7.348295,5.633813333333333,1.4822608069164265,1.5543236606728692,3.2248036092541086,2.074731081336101
I-95 SB PM,110-04153,1220,2.2282608695652173,4.321,23,38.70536,1.7144816666666667,7.348295,5.633813333333333,1.4822608069164265,1.5032852917434334,2.9151415053529295,1.939180487804878
I-95 SB PM,110-04153,1225,2.0830434782608696,3.661,23,38.70536,1.7144816666666667,7.348295,5.633813333333333,1.4822608069164265,1.4053150893156663,2.469875735037509,1.7575245251513254
I-95 SB PM,110-04153,1230,2.0,3.8629999999999995,23,38.70536,1.7144816666666667,7.348295,5.633813333333333,1.4822608069164265,1.349290213077033,2.606154046558289,1.9314999999999998
I-95 SB PM,110-04153,1235,2.008695652173913,3.8189999999999995,23,38.70536,1.7144816666666667,7.348295,5.633813333333333,1.4822608069164265,1.3551566922643246,2.5764696618705942,1.901233766233766
I-95 SB PM,110-04153,1240,1.9339130434782608,3.241999999999999,23,38.70536,1.7144816666666667,7.348295,5.633813333333333,1.4822608069164265,1.304704971253618,2.18719943539787,1.6763938848920859
I-95 SB PM,110-04153,1245,1.8873913043478263,2.282,23,38.70536,1.7144816666666667,7.348295,5.633813333333333,1.4822608069164265,1.273319307601609,1.5395401331208947,1.2090762497120477
I-95 SB PM,110-04153,1250,1.8830434782608696,1.9059999999999997,23,38.70536,1.7144816666666667,7.348295,5.633813333333333,1.4822608069164265,1.270386068007963,1.2858735730624122,1.0121911798660816
I-95 SB PM,110-04153,1255,1.8708695652173915,1.783,23,38.70536,1.7144816666666667,7.348295,5.633813333333333,1.4822608069164265,1.2621729971457551,1.2028922249581748,0.9530327678363931
I-95 SB PM,110-04154,720,3.9452173913043476,10.677999999999992,23,38.73735,2.6195399999999998,5.425583333333333,2.8060433333333332,2.2778773759230138,1.731970927410311,4.687697464694816,2.7065682168834013
I-95 SB PM,110-04154,725,3.617391304347826,8.576999999999995,23,38.73735,2.6195399999999998,5.425583333333333,2.8060433333333332,2.2778773759230138,1.5880535724106004,3.7653475514785018,2.3710456730769214
I-95 SB PM,110-04154,730,3.6469565217391304,9.770999999999994,23,38.73735,2.6195399999999998,5.425583333333333,2.8060433333333332,2.2778773759230138,1.6010328564158793,4.289519753468164,2.6792203147353346
I-95 SB PM,110-04154,735,3.571304347826087,10.078999999999999,23,38.73735,2.6195399999999998,5.425583333333333,2.8060433333333332,2.2778773759230138,1.5678211591082538,4.424733353311395,2.8222181641100557
I-95 SB PM,110-04154,740,3.4447826086956526,9.421,23,38.73735,2.6195399999999998,5.425583333333333,2.8060433333333332,2.2778773759230138,1.5122774584386043,4.135867935464496,2.73486053262653
I-95 SB PM,110-04154,745,3.2656521739130433,7.366,23,38.73735,2.6195399999999998,5.425583333333333,2.8060433333333332,2.2778773759230138,1.4336382671125023,3.2337122611858065,2.2555984555984554
I-95 SB PM,110-04154,750,3.4113043478260865,9.593999999999994,23,38.73735,2.6195399999999998,5.425583333333333,2.8060433333333332,2.2778773759230138,1.4975803280208617,4.211815834077736,2.8124139689013496
I-95 SB PM,110-04154,755,3.4756521739130433,9.940999999999994,23,38.73735,2.6195399999999998,5.425583333333333,2.8060433333333332,2.2778773759230138,1.5258293579147042,4.364150636498517,2.8601826369777315
I-95 SB PM,110-04154,760,3.4456521739130435,9.760999999999994,23,38.73735,2.6195399999999998,5.425583333333333,2.8060433333333332,2.2778773759230138,1.5126592020858183,4.285129701525202,2.832845425867506
I-95 SB PM,110-04154,765,3.3360869565217395,5.883999999999999,23,38.73735,2.6195399999999998,5.425583333333333,2.8060433333333332,2.2778773759230138,1.4645595025368434,2.583106563238838,1.7637429949172416
I-95 SB PM,110-04154,770,3.380434782608696,5.192,23,38.73735,2.6195399999999998,5.425583333333333,2.8060433333333332,2.2778773759230138,1.4840284285447618,2.2793149687858687,1.5358971061093247
I-95 SB PM,110-04154,775,3.2991304347826085,8.036999999999994,23,38.73735,2.6195399999999998,5.425583333333333,2.8060433333333332,2.2778773759230138,1.4483353975302447,3.5282847465585534,2.4360964681075363
I-95 SB PM,110-04154,780,3.1239130434782605,8.72899999999999,23,38.73735,2.6195399999999998,5.425583333333333,2.8060433333333332,2.2778773759230138,1.371414052616606,3.8320763410115224,2.7942519137091133
I-95 SB PM,110-04154,785,3.0069565217391303,8.051999999999992,23,38.73735,2.6195399999999998,5.425583333333333,2.8060433333333332,2.2778773759230138,1.3200695320663114,3.534869824472996,2.6777906304222068
I-95 SB PM,110-04154,790,3.0121739130434784,7.9639999999999915,23,38.73735,2.6195399999999998,5.425583333333333,2.8060433333333332,2.2778773759230138,1.322359993949596,3.49623736737493,2.6439376443417983
I-95 SB PM,110-04154,795,3.0008695652173913,6.566999999999993,23,38.73735,2.6195399999999998,5.425583333333333,2.8060433333333332,2.2778773759230138,1.317397326535813,2.8829471109431397,2.1883656911040257
I-95 SB PM,110-04154,800,3.0913043478260867,7.892999999999992,23,38.73735,2.6195399999999998,5.425583333333333,2.8060433333333332,2.2778773759230138,1.3570986658460777,3.4650679985799,2.5532911392405038
I-95 SB PM,110-04154,805,3.2278260869565214,10.690999999999987,23,38.73735,2.6195399999999998,5.425583333333333,2.8060433333333332,2.2778773759230138,1.4170324184586893,4.693404532220664,3.312136314655169
I-95 SB PM,110-04154,810,3.095217391304348,7.153999999999993,23,38.73735,2.6195399999999998,5.425583333333333,2.8060433333333332,2.2778773759230138,1.3588165122585414,3.140643159995009,2.3113077679449336
I-95 SB PM,110-04154,815,3.2017391304347824,9.642999999999988,23,38.73735,2.6195399999999998,5.425583333333333,2.8060433333333332,2.2778773759230138,1.4055801090422668,4.233327088598248,3.0118006518196596
I-95 SB PM,110-04154,820,3.3726086956521737,11.690999999999985,23,38.73735,2.6195399999999998,5.425583333333333,2.8060433333333332,2.2778773759230138,1.480592735719835,5.132409726516863,3.4664561041639765
I-95 SB PM,110-04154,825,3.432608695652174,12.045999999999985,23,38.73735,2.6195399999999998,5.425583333333333,2.8060433333333332,2.2778773759230138,1.506933047377607,5.288256570492014,3.509284357188089
I-95 SB PM,110-04154,830,3.218260869565217,9.397999999999989,23,38.73735,2.6195399999999998,5.425583333333333,2.8060433333333332,2.2778773759230138,1.4128332383393345,4.125770815995679,2.9202107538503075
I-95 SB PM,110-04154,835,3.356521739130435,9.809999999999992,23,38.73735,2.6195399999999998,5.425583333333333,2.8060433333333332,2.2778773759230138,1.4735304782463745,4.306640956045714,2.9226683937823807
I-95 SB PM,110-04154,840,3.218260869565217,9.065999999999994,23,38.73735,2.6195399999999998,5.425583333333333,2.8060433333333332,2.2778773759230138,1.4128332383393345,3.980021091489343,2.8170494460956483
I-95 SB PM,110-04154,845,3.242173913043479,8.923999999999994,23,38.73735,2.6195399999999998,5.425583333333333,2.8060433333333332,2.2778773759230138,1.4233311886377222,3.917682353899283,2.7524741853292185
I-95 SB PM,110-04154,850,3.2334782608695654,8.898999999999994,23,38.73735,2.6195399999999998,5.425583333333333,2.8060433333333332,2.2778773759230138,1.4195137521655812,3.906707224041878,2.7521446819954263
I-95 SB PM,110-04154,855,3.205217391304348,9.063999999999993,23,38.73735,2.6195399999999998,5.425583333333333,2.8060433333333332,2.2778773759230138,1.4071070836311232,3.97914308110075,2.827889310906129
I-95 SB PM,110-04154,860,3.3352173913043477,8.302999999999994,23,38.73735,2.6195399999999998,5.425583333333333,2.8060433333333332,2.2778773759230138,1.4641777588896292,3.645060128241343,2.489492895320035
I-95 SB PM,110-04154,865,3.500434782608696,8.119999999999994,23,38.73735,2.6195399999999998,5.425583333333333,2.8060433333333332,2.2778773759230138,1.536709051860306,3.5647221776851383,2.3197118370388754
I-95 SB PM,110-04154,870,3.6243478260869564,9.085999999999993,23,38.73735,2.6195399999999998,5.425583333333333,2.8060433333333332,2.2778773759230138,1.591107521588313,3.9888011953752667,2.506933781190017
I-95 SB PM,110-04154,875,3.5969565217391306,10.283999999999994,23,38.73735,2.6195399999999998,5.425583333333333,2.8060433333333332,2.2778773759230138,1.5790825967010693,4.514729418142114,2.8590837664692352
I-95 SB PM,110-04154,880,3.4517391304347824,6.289999999999998,23,38.73735,2.6195399999999998,5.425583333333333,2.8060433333333332,2.2778773759230138,1.5153314076163167,2.761342672123095,1.8222698072805135
I-95 SB PM,110-04154,885,3.32695652173913,5.743999999999998,23,38.73735,2.6195399999999998,5.425583333333333,2.8060433333333332,2.2778773759230138,1.4605511942410954,2.52164583603737,1.726502875065342
I-95 SB PM,110-04154,890,3.502173913043478,6.427999999999999,23,38.73735,2.6195399999999998,5.425583333333333,2.8060433333333332,2.2778773759230138,1.537472539154734,2.821925388935971,1.8354314090626938
I-95 SB PM,110-04154,895,3.6769565217391307,7.113999999999997,23,38.73735,2.6195399999999998,5.425583333333333,2.8060433333333332,2.2778773759230138,1.6142030122447655,3.1230829522231627,1.9347522762208813
I-95 SB PM,110-04154,900,3.951304347826087,7.7189999999999985,23,38.73735,2.6195399999999998,5.425583333333333,2.8060433333333332,2.2778773759230138,1.7346431329408096,3.3886810947723642,1.9535321302816897
I-95 SB PM,110-04154,905,3.992173913043478,8.047999999999998,23,38.73735,2.6195399999999998,5.425583333333333,2.8060433333333332,2.2778773759230138,1.7525850843598716,3.5331138036958136,2.0159442387279456
I-95 SB PM,110-04154,910,3.9539130434782606,7.661999999999999,23,38.73735,2.6195399999999998,5.425583333333333,2.8060433333333332,2.2778773759230138,1.7357883638824518,3.363657798697481,1.9378271387728172
I-95 SB PM,110-04154,915,3.9356521739130432,6.776999999999999,23,38.73735,2.6195399999999998,5.425583333333333,2.8060433333333332,2.2778773759230138,1.727771747290956,2.9751382017453447,1.7219509500662835
I-95 SB PM,110-04154,920,4.150434782608696,6.923,23,38.73735,2.6195399999999998,5.425583333333333,2.8060433333333332,2.2778773759230138,1.8220624281528355,3.03923296011259,1.668018018018018
I-95 SB PM,110-04154,925,4.340434782608695,7.330999999999999,23,38.73735,2.6195399999999998,5.425583333333333,2.8060433333333332,2.2778773759230138,1.9054734150691133,3.2183470793854387,1.6890013022137633
I-95 SB PM,110-04154,930,4.699565217391305,7.005,23,38.73735,2.6195399999999998,5.425583333333333,2.8060433333333332,2.2778773759230138,2.0631335413685314,3.0752313860448783,1.4905634193727448
I-95 SB PM,110-04154,935,5.086086956521739,7.920999999999999,23,38.73735,2.6195399999999998,5.425583333333333,2.8060433333333332,2.2778773759230138,2.2328185925551924,3.477360144020197,1.5573858779278509
I-95 SB PM,110-04154,940,5.164782608695652,7.396999999999999,23,38.73735,2.6195399999999998,5.425583333333333,2.8060433333333332,2.2778773759230138,2.2673663926280674,3.247321422208988,1.4321996801077532
I-95 SB PM,110-04154,945,5.52391304347826,7.975999999999999,23,38.73735,2.6195399999999998,5.425583333333333,2.8060433333333332,2.2778773759230138,2.425026518927485,3.5015054297064876,1.4439039748130658
I-95 SB PM,110-04154,950,5.592173913043479,7.65,23,38.73735,2.6195399999999998,5.425583333333333,2.8060433333333332,2.2778773759230138,2.4549933952337915,3.358389736365927,1.3679832063442698
I-95 SB PM,110-04154,955,5.9021739130434785,8.564,23,38.73735,2.6195399999999998,5.425583333333333,2.8060433333333332,2.2778773759230138,2.591085005465613,3.7596404839526536,1.4509907918968692
I-95 SB PM,110-04154,960,6.380434782608695,9.203,23,38.73735,2.6195399999999998,5.425583333333333,2.8060433333333332,2.2778773759230138,2.8010440114333606,4.040164803107925,1.4423781942078364
I-95 SB PM,110-04154,965,6.2986956521739135,9.328,23,38.73735,2.6195399999999998,5.425583333333333,2.8060433333333332,2.2778773759230138,2.7651601085952366,4.09504045239495,1.480941533788914
I-95 SB PM,110-04154,970,6.524347826086957,9.59,23,38.73735,2.6195399999999998,5.425583333333333,2.8060433333333332,2.2778773759230138,2.864222585047292,4.210059813300554,1.4698787151805943
I-95 SB PM,110-04154,975,6.708695652173914,9.556999999999999,23,38.73735,2.6195399999999998,5.425583333333333,2.8060433333333332,2.2778773759230138,2.9451522382566786,4.195572641888779,1.4245690213869082
I-95 SB PM,110-04154,980,6.7700000000000005,9.703000000000001,23,38.73735,2.6195399999999998,5.425583333333333,2.8060433333333332,2.2778773759230138,2.9720651653852714,4.259667400256025,1.433234859675037
I-95 SB PM,110-04154,985,6.663043478260869,9.443,23,38.73735,2.6195399999999998,5.425583333333333,2.8060433333333332,2.2778773759230138,2.9251106967779386,4.145526049739013,1.417220228384992
I-95 SB PM,110-04154,990,6.610434782608695,9.775,23,38.73735,2.6195399999999998,5.425583333333333,2.8060433333333332,2.2778773759230138,2.902015206121486,4.291275774245351,1.478722704551434
I-95 SB PM,110-04154,995,6.583478260869566,10.037999999999998,23,38.73735,2.6195399999999998,5.425583333333333,2.8060433333333332,2.2778773759230138,2.8901811530578505,4.406734140345251,1.5247259278827099
I-95 SB PM,110-04154,1000,6.6204347826086964,10.521999999999997,23,38.73735,2.6195399999999998,5.425583333333333,2.8060433333333332,2.2778773759230138,2.906405258064449,4.619212654384611,1.5893215997898462
I-95 SB PM,110-04154,1005,6.883478260869565,9.239,23,38.73735,2.6195399999999998,5.425583333333333,2.8060433333333332,2.2778773759230138,3.0218827113467097,4.055968990102588,1.3421993431025772
I-95 SB PM,110-04154,1010,7.0465217391304344,9.698,23,38.73735,2.6195399999999998,5.425583333333333,2.8060433333333332,2.2778773759230138,3.093459645199351,4.257472374284544,1.376281853520084
I-95 SB PM,110-04154,1015,6.937826086956521,10.177999999999999,23,38.73735,2.6195399999999998,5.425583333333333,2.8060433333333332,2.2778773759230138,3.04574168929759,4.468194867546719,1.467030143510685
I-95 SB PM,110-04154,1020,6.998695652173913,9.849,23,38.73735,2.6195399999999998,5.425583333333333,2.8060433333333332,2.2778773759230138,3.072463744602576,4.32376215862327,1.40726222277443
I-95 SB PM,110-04154,1025,7.167826086956523,9.973,23,38.73735,2.6195399999999998,5.425583333333333,2.8060433333333332,2.2778773759230138,3.1467128839857166,4.378198802715999,1.3913563023171174
I-95 SB PM,110-04154,1030,7.368260869565217,10.196,23,38.73735,2.6195399999999998,5.425583333333333,2.8060433333333332,2.2778773759230138,3.234704794668563,4.4760969610440515,1.3837729391632736
I-95 SB PM,110-04154,1035,7.24,9.567,23,38.73735,2.6195399999999998,5.425583333333333,2.8060433333333332,2.2778773759230138,3.1783976067044852,4.199962693831742,1.3214088397790056
I-95 SB PM,110-04154,1040,7.4534782608695656,9.648,23,38.73735,2.6195399999999998,5.425583333333333,2.8060433333333332,2.2778773759230138,3.2721156720955435,4.235522114569734,1.294429213089891
I-95 SB PM,110-04154,1045,7.762608695652173,9.944,23,38.73735,2.6195399999999998,5.425583333333333,2.8060433333333332,2.2778773759230138,3.407825538680151,4.365467652081409,1.2810126582278483
I-95 SB PM,110-04154,1050,7.705217391304347,10.882,23,38.73735,2.6195399999999998,5.425583333333333,2.8060433333333332,2.2778773759230138,3.382630457964021,4.777254524331244,1.4122898092766054
I-95 SB PM,110-04154,1055,7.849565217391304,10.715,23,38.73735,2.6195399999999998,5.425583333333333,2.8060433333333332,2.2778773759230138,3.44599990340156,4.703940656883779,1.3650437576160408
I-95 SB PM,110-04154,1060,7.881739130434783,11.494999999999997,23,38.73735,2.6195399999999998,5.425583333333333,2.8060433333333332,2.2778773759230138,3.460124418348481,5.0463647084348136,1.458434466019417
I-95 SB PM,110-04154,1065,7.955217391304347,10.789,23,38.73735,2.6195399999999998,5.425583333333333,2.8060433333333332,2.2778773759230138,3.4923817565380713,4.736427041261698,1.3562168661529213
I-95 SB PM,110-04154,1070,7.9513043478260865,13.033999999999995,23,38.73735,2.6195399999999998,5.425583333333333,2.8060433333333332,2.2778773759230138,3.490663910125608,5.721993702456664,1.639227909011373
I-95 SB PM,110-04154,1075,8.082608695652175,15.074999999999994,23,38.73735,2.6195399999999998,5.425583333333333,2.8060433333333332,2.2778773759230138,3.5483072008549357,6.618003304015207,1.8651156535771911
I-95 SB PM,110-04154,1080,7.5826086956521745,14.852999999999994,23,38.73735,2.6195399999999998,5.425583333333333,2.8060433333333332,2.2778773759230138,3.3288046037068355,6.520544150881451,1.9588245412844028
I-95 SB PM,110-04154,1085,7.4913043478260875,16.393999999999988,23,38.73735,2.6195399999999998,5.425583333333333,2.8060433333333332,2.2778773759230138,3.2887215207493563,7.197051155291891,2.1884039466047573
I-95 SB PM,110-04154,1090,7.3704347826086964,15.525999999999991,23,38.73735,2.6195399999999998,5.425583333333333,2.8060433333333332,2.2778773759230138,3.2356591537865986,6.815994646642792,2.1065243039169403
I-95 SB PM,110-04154,1095,7.2247826086956515,15.100999999999992,23,38.73735,2.6195399999999998,5.425583333333333,2.8060433333333332,2.2778773759230138,3.1717170928782386,6.629417439066907,2.090166696756333
I-95 SB PM,110-04154,1100,7.107826086956522,15.644999999999992,23,38.73735,2.6195399999999998,5.425583333333333,2.8060433333333332,2.2778773759230138,3.1203725723279443,6.86823626476404,2.201094935160263
I-95 SB PM,110-04154,1105,6.734347826086956,13.453999999999994,23,38.73735,2.6195399999999998,5.425583333333333,2.8060433333333332,2.2778773759230138,2.9564136758494937,5.906375884061067,1.9978178061850338
I-95 SB PM,110-04154,1110,6.483043478260869,11.852999999999996,23,38.73735,2.6195399999999998,5.425583333333333,2.8060433333333332,2.2778773759230138,2.8460897618046226,5.203528567992852,1.8283079605660248
I-95 SB PM,110-04154,1115,6.4791304347826095,10.025,23,38.73735,2.6195399999999998,5.425583333333333,2.8060433333333332,2.2778773759230138,2.8443719153921596,4.401027072819401,1.547275533485438
I-95 SB PM,110-04154,1120,6.300434782608695,9.946,23,38.73735,2.6195399999999998,5.425583333333333,2.8060433333333332,2.2778773759230138,2.7659235958896646,4.366345662470001,1.5786212131667932
I-95 SB PM,110-04154,1125,6.059565217391304,10.879999999999999,23,38.73735,2.6195399999999998,5.425583333333333,2.8060433333333332,2.2778773759230138,2.6601806056113624,4.776376513942651,1.7955083590442706
I-95 SB PM,110-04154,1130,5.634347826086957,9.975999999999997,23,38.73735,2.6195399999999998,5.425583333333333,2.8060433333333332,2.2778773759230138,2.4735079621236746,4.379515818298886,1.7705687167219686
I-95 SB PM,110-04154,1135,5.014782608695652,7.954,23,38.73735,2.6195399999999998,5.425583333333333,2.8060433333333332,2.2778773759230138,2.201515613483638,3.4918473154319716,1.5861106294433847
I-95 SB PM,110-04154,1140,4.555217391304348,7.114,23,38.73735,2.6195399999999998,5.425583333333333,2.8060433333333332,2.2778773759230138,1.9997640959309928,3.123082952223164,1.5617256848334446
I-95 SB PM,110-04154,1145,4.256521739130435,7.005,23,38.73735,2.6195399999999998,5.425583333333333,2.8060433333333332,2.2778773759230138,1.8686351531129544,3.0752313860448783,1.6457099080694584
I-95 SB PM,110-04154,1150,3.9591304347826086,6.734999999999999,23,38.73735,2.6195399999999998,5.425583333333333,2.8060433333333332,2.2778773759230138,1.7380788257657365,2.956699983584904,1.7011311223369205
I-95 SB PM,110-04154,1155,4.027826086956522,8.165,23,38.73735,2.6195399999999998,5.425583333333333,2.8060433333333332,2.2778773759230138,1.7682365738956494,3.5844774114284697,2.027148100172711
I-95 SB PM,110-04154,1160,4.020434782608696,7.962999999999998,23,38.73735,2.6195399999999998,5.425583333333333,2.8060433333333332,2.2778773759230138,1.7649917528943295,3.4957983621806368,1.9806315561803822
I-95 SB PM,110-04154,1165,4.04,6.943,23,38.73735,2.6195399999999998,5.425583333333333,2.8060433333333332,2.2778773759230138,1.7735809849566464,3.0480130639985137,1.7185643564356434
I-95 SB PM,110-04154,1170,4.072608695652174,6.992999999999999,23,38.73735,2.6195399999999998,5.425583333333333,2.8060433333333332,2.2778773759230138,1.7878963717271747,3.0699633237133237,1.7170812426604034
I-95 SB PM,110-04154,1175,3.898695652173913,6.582,23,38.73735,2.6195399999999998,5.425583333333333,2.8060433333333332,2.2778773759230138,1.7115476422843574,2.889532188857586,1.6882569421211107
I-95 SB PM,110-04154,1180,3.657391304347826,6.9079999999999995,23,38.73735,2.6195399999999998,5.425583333333333,2.8060433333333332,2.2778773759230138,1.6056137801824484,3.032647882198147,1.8887779362815025
I-95 SB PM,110-04154,1185,3.3495652173913046,6.307999999999999,23,38.73735,2.6195399999999998,5.425583333333333,2.8060433333333332,2.2778773759230138,1.4704765290686619,2.7692447656204267,1.883229491173416
I-95 SB PM,110-04154,1190,3.1934782608695653,5.435999999999999,23,38.73735,2.6195399999999998,5.425583333333333,2.8060433333333332,2.2778773759230138,1.4019535443937332,2.386432236194141,1.7022191967324707
I-95 SB PM,110-04154,1195,3.0408695652173914,4.888999999999999,23,38.73735,2.6195399999999998,5.425583333333333,2.8060433333333332,2.2778773759230138,1.334957534307661,2.1462963949141196,1.607763797540749
I-95 SB PM,110-04154,1200,2.890869565217391,4.903999999999998,23,38.73735,2.6195399999999998,5.425583333333333,2.8060433333333332,2.2778773759230138,1.269106755163231,2.152881472828562,1.6963753947962095
I-95 SB PM,110-04154,1205,2.801304347826087,3.898999999999999,23,38.73735,2.6195399999999998,5.425583333333333,2.8060433333333332,2.2778773759230138,1.2297871595001801,1.711681252560882,1.3918516219152566
I-95 SB PM,110-04154,1210,2.795217391304348,4.104999999999999,23,38.73735,2.6195399999999998,5.425583333333333,2.8060433333333332,2.2778773759230138,1.2271149539696815,1.802116322585899,1.4685798724529469
I-95 SB PM,110-04154,1215,2.7543478260869567,4.886999999999997,23,38.73735,2.6195399999999998,5.425583333333333,2.8060433333333332,2.2778773759230138,1.2091730025506195,2.1454183845255264,1.7742857142857131
I-95 SB PM,110-04154,1220,2.7369565217391307,3.550999999999999,23,38.73735,2.6195399999999998,5.425583333333333,2.8060433333333332,2.2778773759230138,1.2015381296063379,1.5589074449458042,1.2974265289912623
I-95 SB PM,110-04154,1225,2.61304347826087,3.0509999999999997,23,38.73735,2.6195399999999998,5.425583333333333,2.8060433333333332,2.2778773759230138,1.1471396598783303,1.339404847797705,1.1676039933444258
I-95 SB PM,110-04154,1230,2.609565217391304,2.936,23,38.73735,2.6195399999999998,5.425583333333333,2.8060433333333332,2.2778773759230138,1.145612685289474,1.288919250453642,1.125091636121293
I-95 SB PM,110-04154,1235,2.6617391304347824,3.927999999999998,23,38.73735,2.6195399999999998,5.425583333333333,2.8060433333333332,2.2778773759230138,1.1685173041223191,1.7244124031954713,1.4757268866383528
I-95 SB PM,110-04154,1240,2.6291304347826085,3.865999999999998,23,38.73735,2.6195399999999998,5.425583333333333,2.8060433333333332,2.2778773759230138,1.1542019173517908,1.6971940811491069,1.4704481561104672
I-95 SB PM,110-04154,1245,2.547391304347826,2.877,23,38.73735,2.6195399999999998,5.425583333333333,2.8060433333333332,2.2778773759230138,1.1183180145136666,1.2630179439901663,1.1293906810035843
I-95 SB PM,110-04154,1250,2.515217391304348,2.632,23,38.73735,2.6195399999999998,5.425583333333333,2.8060433333333332,2.2778773759230138,1.1041934995667455,1.1554616713875974,1.0464304235090753
I-95 SB PM,110-04154,1255,2.502173913043478,2.705,23,38.73735,2.6195399999999998,5.425583333333333,2.8060433333333332,2.2778773759230138,1.0984673448585343,1.18750905057122,1.0810599478714162
I-95 SB PM,110-04156,720,0.4969565217391304,0.5869999999999997,23,38.76673,0.4564966666666667,1.4283316666666668,0.971835,0.40535444723989944,1.2259801887532233,1.448115356811659,1.181189851268591
I-95 SB PM,110-04156,725,0.4934782608695652,0.8999999999999992,23,38.76673,0.4564966666666667,1.4283316666666668,0.971835,0.40535444723989944,1.217399400030541,2.2202790819940246,1.8237885462555052
I-95 SB PM,110-04156,730,0.5065217391304347,0.7579999999999996,23,38.76673,0.4564966666666667,1.4283316666666668,0.971835,0.40535444723989944,1.2495773577405993,1.8699683823905235,1.4964806866952782
I-95 SB PM,110-04156,735,0.4986956521739131,0.596,23,38.76673,0.4564966666666667,1.4283316666666668,0.971835,0.40535444723989944,1.2302705831145646,1.4703181476315998,1.1951176983435046
I-95 SB PM,110-04156,740,0.5056521739130435,0.5259999999999999,23,38.76673,0.4564966666666667,1.4283316666666668,0.971835,0.40535444723989944,1.247432160559929,1.2976297745876197,1.0402407566638003
I-95 SB PM,110-04156,745,0.5,0.489,23,38.76673,0.4564966666666667,1.4283316666666668,0.971835,0.40535444723989944,1.2334883788855704,1.2063516345500878,0.978
I-95 SB PM,110-04156,750,0.5091304347826088,0.5059999999999999,23,38.76673,0.4564966666666667,1.4283316666666668,0.971835,0.40535444723989944,1.2560129492826113,1.2482902394321969,0.9938514090520919
I-95 SB PM,110-04156,755,0.49521739130434783,0.49,23,38.76673,0.4564966666666667,1.4283316666666668,0.971835,0.40535444723989944,1.2216897943918823,1.208818611307859,0.9894644424934153
I-95 SB PM,110-04156,760,0.5030434782608696,0.5049999999999999,23,38.76673,0.4564966666666667,1.4283316666666668,0.971835,0.40535444723989944,1.2409965690179172,1.2458232626744257,1.003889369057908
I-95 SB PM,110-04156,765,0.4982608695652174,0.46,23,38.76673,0.4564966666666667,1.4283316666666668,0.971835,0.40535444723989944,1.2291979845242293,1.1348093085747248,0.9232111692844677
I-95 SB PM,110-04156,770,0.4969565217391304,0.46,23,38.76673,0.4564966666666667,1.4283316666666668,0.971835,0.40535444723989944,1.2259801887532233,1.1348093085747248,0.925634295713036
I-95 SB PM,110-04156,775,0.5026086956521739,0.499,23,38.76673,0.4564966666666667,1.4283316666666668,0.971835,0.40535444723989944,1.239923970427582,1.2310214021277992,0.9928200692041522
I-95 SB PM,110-04156,780,0.5065217391304347,0.47,23,38.76673,0.4564966666666667,1.4283316666666668,0.971835,0.40535444723989944,1.2495773577405993,1.159479076152436,0.9278969957081545
I-95 SB PM,110-04156,785,0.49521739130434783,0.479,23,38.76673,0.4564966666666667,1.4283316666666668,0.971835,0.40535444723989944,1.2216897943918823,1.1816818669723763,0.9672519754170325
I-95 SB PM,110-04156,790,0.5156521739130434,0.6029999999999999,23,38.76673,0.4564966666666667,1.4283316666666668,0.971835,0.40535444723989944,1.2721019281376402,1.4875869849359975,1.1693929173693085
I-95 SB PM,110-04156,795,0.5265217391304348,0.7109999999999997,23,38.76673,0.4564966666666667,1.4283316666666668,0.971835,0.40535444723989944,1.2989168928960222,1.7540204747752803,1.3503715937241945
I-95 SB PM,110-04156,800,0.5243478260869565,0.5829999999999999,23,38.76673,0.4564966666666667,1.4283316666666668,0.971835,0.40535444723989944,1.2935538999443459,1.4382474497805746,1.1118573797678273
I-95 SB PM,110-04156,805,0.528695652173913,0.61,23,38.76673,0.4564966666666667,1.4283316666666668,0.971835,0.40535444723989944,1.3042798858476987,1.5048558222403958,1.1537828947368423
I-95 SB PM,110-04156,810,0.5395652173913044,0.728,23,38.76673,0.4564966666666667,1.4283316666666668,0.971835,0.40535444723989944,1.3310948506060807,1.7959590796573903,1.3492344883158742
I-95 SB PM,110-04156,815,0.5334782608695652,0.619,23,38.76673,0.4564966666666667,1.4283316666666668,0.971835,0.40535444723989944,1.3160784703413866,1.527058613060336,1.1603096984515078
I-95 SB PM,110-04156,820,0.5308695652173913,0.8159999999999997,23,38.76673,0.4564966666666667,1.4283316666666668,0.971835,0.40535444723989944,1.309642878799375,2.01305303434125,1.5371007371007368
I-95 SB PM,110-04156,825,0.6004347826086956,1.7249999999999985,23,38.76673,0.4564966666666667,1.4283316666666668,0.971835,0.40535444723989944,1.4812586532530196,4.255534907155214,2.872918175235334
I-95 SB PM,110-04156,830,0.6408695652173914,1.4219999999999988,23,38.76673,0.4564966666666667,1.4283316666666668,0.971835,0.40535444723989944,1.5810103221542007,3.508040949550559,2.2188602442333765
I-95 SB PM,110-04156,835,0.5978260869565217,0.816,23,38.76673,0.4564966666666667,1.4283316666666668,0.971835,0.40535444723989944,1.4748230617110079,2.0130530343412505,1.3649454545454545
I-95 SB PM,110-04156,840,0.6165217391304347,0.8039999999999999,23,38.76673,0.4564966666666667,1.4283316666666668,0.971835,0.40535444723989944,1.5209448010954247,1.983449313247997,1.3040902679830748
I-95 SB PM,110-04156,845,0.6065217391304347,0.728,23,38.76673,0.4564966666666667,1.4283316666666668,0.971835,0.40535444723989944,1.4962750335177133,1.7959590796573903,1.2002867383512545
I-95 SB PM,110-04156,850,0.5547826086956522,0.8509999999999999,23,38.76673,0.4564966666666667,1.4283316666666668,0.971835,0.40535444723989944,1.3686358012678155,2.0993972208632403,1.5339341692789965
I-95 SB PM,110-04156,855,0.5252173913043479,0.6739999999999999,23,38.76673,0.4564966666666667,1.4283316666666668,0.971835,0.40535444723989944,1.2956990971250166,1.6627423347377486,1.2832781456953641
I-95 SB PM,110-04156,860,0.5152173913043478,0.669,23,38.76673,0.4564966666666667,1.4283316666666668,0.971835,0.40535444723989944,1.2710293295473052,1.650407450948893,1.2984810126582278
I-95 SB PM,110-04156,865,0.5578260869565217,0.8449999999999999,23,38.76673,0.4564966666666667,1.4283316666666668,0.971835,0.40535444723989944,1.3761439914001623,2.0845953603166136,1.5148090413094308
I-95 SB PM,110-04156,870,0.5569565217391305,0.8559999999999999,23,38.76673,0.4564966666666667,1.4283316666666668,0.971835,0.40535444723989944,1.3739987942194918,2.1117321046520963,1.5369242779078842
I-95 SB PM,110-04156,875,0.6108695652173913,0.8849999999999999,23,38.76673,0.4564966666666667,1.4283316666666668,0.971835,0.40535444723989944,1.5070010194210663,2.1832744306274594,1.4487544483985764
I-95 SB PM,110-04156,880,0.6339130434782608,0.9829999999999999,23,38.76673,0.4564966666666667,1.4283316666666668,0.971835,0.40535444723989944,1.563848744708836,2.425038152889031,1.5506858710562412
I-95 SB PM,110-04156,885,0.6378260869565218,0.8839999999999999,23,38.76673,0.4564966666666667,1.4283316666666668,0.971835,0.40535444723989944,1.5735021320218536,2.180807453869688,1.385957736877982
I-95 SB PM,110-04156,890,0.7030434782608697,0.968,23,38.76673,0.4564966666666667,1.4283316666666668,0.971835,0.40535444723989944,1.7343919205721456,2.388033501522464,1.3768707482993194
I-95 SB PM,110-04156,895,0.726086956521739,1.014,23,38.76673,0.4564966666666667,1.4283316666666668,0.971835,0.40535444723989944,1.791239645859915,2.5015144323799365,1.3965269461077847
I-95 SB PM,110-04156,900,0.6839130434782609,1.006,23,38.76673,0.4564966666666667,1.4283316666666668,0.971835,0.40535444723989944,1.687197582597393,2.4817786183177675,1.4709472345835983
I-95 SB PM,110-04156,905,0.7086956521739131,0.958,23,38.76673,0.4564966666666667,1.4283316666666668,0.971835,0.40535444723989944,1.748335702246504,2.3633637339447526,1.3517791411042943
I-95 SB PM,110-04156,910,0.706086956521739,0.95,23,38.76673,0.4564966666666667,1.4283316666666668,0.971835,0.40535444723989944,1.741900110704492,2.3436279198825836,1.3454433497536946
I-95 SB PM,110-04156,915,0.7043478260869565,1.0399999999999998,23,38.76673,0.4564966666666667,1.4283316666666668,0.971835,0.40535444723989944,1.737609716343151,2.5656558280819857,1.4765432098765432
I-95 SB PM,110-04156,920,0.6882608695652174,0.899,23,38.76673,0.4564966666666667,1.4283316666666668,0.971835,0.40535444723989944,1.6979235685007459,2.2178121052362556,1.3061907770056855
I-95 SB PM,110-04156,925,0.6839130434782609,0.9,23,38.76673,0.4564966666666667,1.4283316666666668,0.971835,0.40535444723989944,1.687197582597393,2.220279081994027,1.315956770502225
I-95 SB PM,110-04156,930,0.71,0.939,23,38.76673,0.4564966666666667,1.4283316666666668,0.971835,0.40535444723989944,1.7515534980175098,2.316491175547101,1.3225352112676056
I-95 SB PM,110-04156,935,0.6995652173913044,0.9529999999999998,23,38.76673,0.4564966666666667,1.4283316666666668,0.971835,0.40535444723989944,1.7258111318494633,2.3510288501558967,1.3622747047855808
I-95 SB PM,110-04156,940,0.7221739130434782,0.939,23,38.76673,0.4564966666666667,1.4283316666666668,0.971835,0.40535444723989944,1.7815862585468976,2.316491175547101,1.3002408187838652
I-95 SB PM,110-04156,945,0.7352173913043478,1.017,23,38.76673,0.4564966666666667,1.4283316666666668,0.971835,0.40535444723989944,1.813764216256956,2.5089153626532497,1.3832643406268479
I-95 SB PM,110-04156,950,0.7182608695652174,1.006,23,38.76673,0.4564966666666667,1.4283316666666668,0.971835,0.40535444723989944,1.7719328712338802,2.4817786183177675,1.4006053268765133
I-95 SB PM,110-04156,955,0.7430434782608696,1.069,23,38.76673,0.4564966666666667,1.4283316666666668,0.971835,0.40535444723989944,1.833070990882991,2.6371981540573493,1.4386775892334698
I-95 SB PM,110-04156,960,0.7265217391304348,0.967,23,38.76673,0.4564966666666667,1.4283316666666668,0.971835,0.40535444723989944,1.7923122444502506,2.385566524764693,1.3309994015559543
I-95 SB PM,110-04156,965,0.6795652173913044,0.918,23,38.76673,0.4564966666666667,1.4283316666666668,0.971835,0.40535444723989944,1.6764715966940404,2.2646846636339073,1.3508637236084453
I-95 SB PM,110-04156,970,0.6847826086956522,1.007,23,38.76673,0.4564966666666667,1.4283316666666668,0.971835,0.40535444723989944,1.6893427797780638,2.484245595075538,1.4705396825396824
I-95 SB PM,110-04156,975,0.7126086956521739,0.939,23,38.76673,0.4564966666666667,1.4283316666666668,0.971835,0.40535444723989944,1.7579890895595214,2.316491175547101,1.3176937156802928
I-95 SB PM,110-04156,980,0.6856521739130435,0.9359999999999999,23,38.76673,0.4564966666666667,1.4283316666666668,0.971835,0.40535444723989944,1.691487976958734,2.3090902452737874,1.3651236525047559
I-95 SB PM,110-04156,985,0.7308695652173912,1.1129999999999998,23,38.76673,0.4564966666666667,1.4283316666666668,0.971835,0.40535444723989944,1.803038230353603,2.745745131399279,1.5228435455086258
I-95 SB PM,110-04156,990,0.7756521739130434,1.1769999999999996,23,38.76673,0.4564966666666667,1.4283316666666668,0.971835,0.40535444723989944,1.9135158851581366,2.9036316438966314,1.5174327354260086
I-95 SB PM,110-04156,995,0.783913043478261,1.196,23,38.76673,0.4564966666666667,1.4283316666666668,0.971835,0.40535444723989944,1.9338952583745075,2.950504202294284,1.5256794231835826
I-95 SB PM,110-04156,1000,0.7221739130434782,1.236,23,38.76673,0.4564966666666667,1.4283316666666668,0.971835,0.40535444723989944,1.7815862585468976,3.04918327260513,1.7114990969295605
I-95 SB PM,110-04156,1005,0.7713043478260869,1.1449999999999998,23,38.76673,0.4564966666666667,1.4283316666666668,0.971835,0.40535444723989944,1.902789899254784,2.8246883876479556,1.4844983089064259
I-95 SB PM,110-04156,1010,0.7782608695652173,1.069,23,38.76673,0.4564966666666667,1.4283316666666668,0.971835,0.40535444723989944,1.9199514767001484,2.6371981540573493,1.3735754189944134
I-95 SB PM,110-04156,1015,0.7495652173913043,1.1939999999999995,23,38.76673,0.4564966666666667,1.4283316666666668,0.971835,0.40535444723989944,1.84915996973802,2.9455702487787407,1.5929234338747094
I-95 SB PM,110-04156,1020,0.7660869565217392,1.2489999999999997,23,38.76673,0.4564966666666667,1.4283316666666668,0.971835,0.40535444723989944,1.889918716170761,3.081253970456154,1.630363223609534
I-95 SB PM,110-04156,1025,0.7556521739130434,1.144,23,38.76673,0.4564966666666667,1.4283316666666668,0.971835,0.40535444723989944,1.864176350002714,2.8222214108901844,1.5139240506329115
I-95 SB PM,110-04156,1030,0.7265217391304348,1.2689999999999997,23,38.76673,0.4564966666666667,1.4283316666666668,0.971835,0.40535444723989944,1.7923122444502506,3.130593505611577,1.7466786355475759
I-95 SB PM,110-04156,1035,0.7130434782608696,1.1409999999999996,23,38.76673,0.4564966666666667,1.4283316666666668,0.971835,0.40535444723989944,1.7590616881498569,2.8148204806168704,1.6001829268292678
I-95 SB PM,110-04156,1040,0.7747826086956522,1.4209999999999998,23,38.76673,0.4564966666666667,1.4283316666666668,0.971835,0.40535444723989944,1.9113706879774663,3.5055739727927904,1.8340628507295171
I-95 SB PM,110-04156,1045,0.7334782608695652,1.048,23,38.76673,0.4564966666666667,1.4283316666666668,0.971835,0.40535444723989944,1.809473821895615,2.5853916421441556,1.4288085358624778
I-95 SB PM,110-04156,1050,0.7460869565217392,1.3089999999999997,23,38.76673,0.4564966666666667,1.4283316666666668,0.971835,0.40535444723989944,1.840579181015338,3.2292725759224226,1.754487179487179
I-95 SB PM,110-04156,1055,0.7626086956521739,1.089,23,38.76673,0.4564966666666667,1.4283316666666668,0.971835,0.40535444723989944,1.8813379274480786,2.686537689212772,1.4279931584948689
I-95 SB PM,110-04156,1060,0.7321739130434782,1.3249999999999995,23,38.76673,0.4564966666666667,1.4283316666666668,0.971835,0.40535444723989944,1.806256026124609,3.2687442040467602,1.809679334916864
I-95 SB PM,110-04156,1065,0.6808695652173913,1.2299999999999995,23,38.76673,0.4564966666666667,1.4283316666666668,0.971835,0.40535444723989944,1.6796893924650462,3.0343814120585018,1.8065134099616853
I-95 SB PM,110-04156,1070,0.6678260869565217,1.0299999999999998,23,38.76673,0.4564966666666667,1.4283316666666668,0.971835,0.40535444723989944,1.6475114347549877,2.5409860605042742,1.5423177083333333
I-95 SB PM,110-04156,1075,0.6821739130434782,1.2079999999999995,23,38.76673,0.4564966666666667,1.4283316666666668,0.971835,0.40535444723989944,1.6829071882360518,2.9801079233875365,1.770809432759719
I-95 SB PM,110-04156,1080,0.5956521739130435,0.9849999999999999,23,38.76673,0.4564966666666667,1.4283316666666668,0.971835,0.40535444723989944,1.4694600687593316,2.4299721064045734,1.6536496350364962
I-95 SB PM,110-04156,1085,0.5986956521739131,1.083,23,38.76673,0.4564966666666667,1.4283316666666668,0.971835,0.40535444723989944,1.4769682588916786,2.671735828666145,1.8089324618736382
I-95 SB PM,110-04156,1090,0.6017391304347826,1.372999999999999,23,38.76673,0.4564966666666667,1.4283316666666668,0.971835,0.40535444723989944,1.4844764490240254,3.3871590884197738,2.2817196531791897
I-95 SB PM,110-04156,1095,0.5547826086956522,0.8969999999999996,23,38.76673,0.4564966666666667,1.4283316666666668,0.971835,0.40535444723989944,1.3686358012678155,2.212878151720712,1.6168495297805634
I-95 SB PM,110-04156,1100,0.601304347826087,1.2479999999999993,23,38.76673,0.4564966666666667,1.4283316666666668,0.971835,0.40535444723989944,1.4834038504336904,3.078786993698382,2.0754880694143156
I-95 SB PM,110-04156,1105,0.5839130434782609,1.241999999999999,23,38.76673,0.4564966666666667,1.4283316666666668,0.971835,0.40535444723989944,1.440499906820279,3.0639851331517542,2.1270290394638853
I-95 SB PM,110-04156,1110,0.5295652173913044,0.8149999999999998,23,38.76673,0.4564966666666667,1.4283316666666668,0.971835,0.40535444723989944,1.3064250830283692,2.0105860575834793,1.5389983579638749
I-95 SB PM,110-04156,1115,0.5473913043478261,0.9049999999999998,23,38.76673,0.4564966666666667,1.4283316666666668,0.971835,0.40535444723989944,1.3504016252321158,2.232613965782882,1.6532962668784745
I-95 SB PM,110-04156,1120,0.5447826086956521,0.7899999999999998,23,38.76673,0.4564966666666667,1.4283316666666668,0.971835,0.40535444723989944,1.3439660336901038,1.9489116386392007,1.4501197126895449
I-95 SB PM,110-04156,1125,0.5486956521739131,0.638,23,38.76673,0.4564966666666667,1.4283316666666668,0.971835,0.40535444723989944,1.3536194210031218,1.5739311714579878,1.1627575277337558
I-95 SB PM,110-04156,1130,0.5195652173913043,0.6339999999999999,23,38.76673,0.4564966666666667,1.4283316666666668,0.971835,0.40535444723989944,1.2817553154506578,1.5640632644269028,1.2202510460251044
I-95 SB PM,110-04156,1135,0.4965217391304348,0.6149999999999999,23,38.76673,0.4564966666666667,1.4283316666666668,0.971835,0.40535444723989944,1.224907590162888,1.517190706029251,1.2386164623467597
I-95 SB PM,110-04156,1140,0.5008695652173912,0.53,23,38.76673,0.4564966666666667,1.4283316666666668,0.971835,0.40535444723989944,1.2356335760662407,1.3074976816187045,1.0581597222222223
I-95 SB PM,110-04156,1145,0.4830434782608695,0.519,23,38.76673,0.4564966666666667,1.4283316666666668,0.971835,0.40535444723989944,1.1916570338624943,1.280360937283222,1.0744374437443747
I-95 SB PM,110-04156,1150,0.4795652173913043,0.51,23,38.76673,0.4564966666666667,1.4283316666666668,0.971835,0.40535444723989944,1.183076245139812,1.2581581464632818,1.0634632819582956
I-95 SB PM,110-04156,1155,0.4717391304347826,0.508,23,38.76673,0.4564966666666667,1.4283316666666668,0.971835,0.40535444723989944,1.163769470513777,1.2532241929477395,1.0768663594470047
I-95 SB PM,110-04156,1160,0.4747826086956522,0.518,23,38.76673,0.4564966666666667,1.4283316666666668,0.971835,0.40535444723989944,1.1712776606461242,1.277893960525451,1.091025641025641
I-95 SB PM,110-04156,1165,0.4717391304347826,0.499,23,38.76673,0.4564966666666667,1.4283316666666668,0.971835,0.40535444723989944,1.163769470513777,1.2310214021277992,1.0577880184331798
I-95 SB PM,110-04156,1170,0.4869565217391304,0.508,23,38.76673,0.4564966666666667,1.4283316666666668,0.971835,0.40535444723989944,1.201310421175512,1.2532241929477395,1.0432142857142859
I-95 SB PM,110-04156,1175,0.5230434782608695,0.49,23,38.76673,0.4564966666666667,1.4283316666666668,0.971835,0.40535444723989944,1.2903361041733399,1.208818611307859,0.9368246051537823
I-95 SB PM,110-04156,1180,0.5295652173913044,0.507,23,38.76673,0.4564966666666667,1.4283316666666668,0.971835,0.40535444723989944,1.3064250830283692,1.2507572161899683,0.9573891625615764
I-95 SB PM,110-04156,1185,0.5334782608695652,0.508,23,38.76673,0.4564966666666667,1.4283316666666668,0.971835,0.40535444723989944,1.3160784703413866,1.2532241929477395,0.9522412387938061
I-95 SB PM,110-04156,1190,0.5408695652173913,0.5819999999999999,23,38.76673,0.4564966666666667,1.4283316666666668,0.971835,0.40535444723989944,1.3343126463770865,1.4357804730228034,1.0760450160771702
I-95 SB PM,110-04156,1195,0.542608695652174,0.7599999999999996,23,38.76673,0.4564966666666667,1.4283316666666668,0.971835,0.40535444723989944,1.3386030407384277,1.8749023359060657,1.4006410256410247
I-95 SB PM,110-04156,1200,0.5460869565217391,0.7149999999999996,23,38.76673,0.4564966666666667,1.4283316666666668,0.971835,0.40535444723989944,1.3471838294611098,1.7638883818063646,1.3093152866242033
I-95 SB PM,110-04156,1205,0.47695652173913045,0.48,23,38.76673,0.4564966666666667,1.4283316666666668,0.971835,0.40535444723989944,1.1766406535978007,1.1841488437301475,1.006381039197812
I-95 SB PM,110-04156,1210,0.4678260869565217,0.49,23,38.76673,0.4564966666666667,1.4283316666666668,0.971835,0.40535444723989944,1.1541160832007598,1.208818611307859,1.0473977695167287
I-95 SB PM,110-04156,1215,0.46478260869565213,0.509,23,38.76673,0.4564966666666667,1.4283316666666668,0.971835,0.40535444723989944,1.1466078930684127,1.2556911697055106,1.0951356407857813
I-95 SB PM,110-04156,1220,0.45521739130434785,0.48,23,38.76673,0.4564966666666667,1.4283316666666668,0.971835,0.40535444723989944,1.1230107240810367,1.1841488437301475,1.0544412607449856
I-95 SB PM,110-04156,1225,0.4743478260869565,0.519,23,38.76673,0.4564966666666667,1.4283316666666668,0.971835,0.40535444723989944,1.170205062055789,1.280360937283222,1.094133822181485
I-95 SB PM,110-04156,1230,0.44956521739130434,0.49699999999999994,23,38.76673,0.4564966666666667,1.4283316666666668,0.971835,0.40535444723989944,1.109066942406678,1.2260874486122568,1.105512572533849
I-95 SB PM,110-04156,1235,0.44086956521739135,0.46,23,38.76673,0.4564966666666667,1.4283316666666668,0.971835,0.40535444723989944,1.0876149705999725,1.1348093085747248,1.0433925049309665
I-95 SB PM,110-04156,1240,0.4434782608695652,0.46,23,38.76673,0.4564966666666667,1.4283316666666668,0.971835,0.40535444723989944,1.094050562141984,1.1348093085747248,1.0372549019607844
I-95 SB PM,110-04156,1245,0.44478260869565217,0.469,23,38.76673,0.4564966666666667,1.4283316666666668,0.971835,0.40535444723989944,1.0972683579129898,1.1570120993946649,1.0544477028347996
I-95 SB PM,110-04156,1250,0.43521739130434783,0.45,23,38.76673,0.4564966666666667,1.4283316666666668,0.971835,0.40535444723989944,1.0736711889256139,1.1101395409970134,1.033966033966034
I-95 SB PM,110-04156,1255,0.43434782608695655,0.449,23,38.76673,0.4564966666666667,1.4283316666666668,0.971835,0.40535444723989944,1.0715259917449433,1.1076725642392422,1.0337337337337338
I-95 SB PM,110N04146,720,0.2034782608695652,0.29699999999999993,23,38.52464,0.21622,21.353716666666664,21.137496666666664,0.17727794479365944,1.1477923049390115,1.675335306632134,1.4596153846153845
I-95 SB PM,110N04146,725,0.20130434782608694,0.29499999999999993,23,38.52464,0.21622,21.353716666666664,21.137496666666664,0.17727794479365944,1.1355295666383811,1.6640535873955538,1.4654427645788335
I-95 SB PM,110N04146,730,0.2008695652173913,0.29199999999999987,23,38.52464,0.21622,21.353716666666664,21.137496666666664,0.17727794479365944,1.133077018978255,1.6471310085406834,1.453679653679653
I-95 SB PM,110N04146,735,0.1947826086956522,0.23799999999999996,23,38.52464,0.21622,21.353716666666664,21.137496666666664,0.17727794479365944,1.09874135173649,1.342524589153023,1.2218749999999996
I-95 SB PM,110N04146,740,0.20043478260869566,0.29499999999999993,23,38.52464,0.21622,21.353716666666664,21.137496666666664,0.17727794479365944,1.130624471318129,1.6640535873955538,1.471800433839479
I-95 SB PM,110N04146,745,0.21565217391304348,0.4529999999999996,23,38.52464,0.21622,21.353716666666664,21.137496666666664,0.17727794479365944,1.216463639422542,2.5553094070853746,2.1006048387096756
I-95 SB PM,110N04146,750,0.20739130434782607,0.33499999999999974,23,38.52464,0.21622,21.353716666666664,21.137496666666664,0.17727794479365944,1.1698652338801463,1.8896879721271533,1.6153039832285103
I-95 SB PM,110N04146,755,0.2034782608695652,0.34399999999999975,23,38.52464,0.21622,21.353716666666664,21.137496666666664,0.17727794479365944,1.1477923049390115,1.9404557086917635,1.6905982905982895
I-95 SB PM,110N04146,760,0.19521739130434784,0.25399999999999995,23,38.52464,0.21622,21.353716666666664,21.137496666666664,0.17727794479365944,1.101193899396616,1.4327783430456633,1.301113585746102
I-95 SB PM,110N04146,765,0.19826086956521738,0.23699999999999996,23,38.52464,0.21622,21.353716666666664,21.137496666666664,0.17727794479365944,1.1183617330174984,1.3368837295347331,1.1953947368421052
I-95 SB PM,110N04146,770,0.2034782608695652,0.29199999999999987,23,38.52464,0.21622,21.353716666666664,21.137496666666664,0.17727794479365944,1.1477923049390115,1.6471310085406834,1.4350427350427346
I-95 SB PM,110N04146,775,0.1991304347826087,0.2719999999999999,23,38.52464,0.21622,21.353716666666664,21.137496666666664,0.17727794479365944,1.1232668283377507,1.5343138161748833,1.3659388646288204
I-95 SB PM,110N04146,780,0.22434782608695653,0.30699999999999983,23,38.52464,0.21622,21.353716666666664,21.137496666666664,0.17727794479365944,1.2655145926250642,1.7317439028150334,1.3684108527131775
I-95 SB PM,110N04146,785,0.20913043478260868,0.40599999999999964,23,38.52464,0.21622,21.353716666666664,21.137496666666664,0.17727794479365944,1.1796754245206507,2.2901890050257436,1.9413721413721399
I-95 SB PM,110N04146,790,0.19608695652173913,0.209,23,38.52464,0.21622,21.353716666666664,21.137496666666664,0.17727794479365944,1.106098994716868,1.178939660222613,1.0658536585365854
I-95 SB PM,110N04146,795,0.19521739130434784,0.209,23,38.52464,0.21622,21.353716666666664,21.137496666666664,0.17727794479365944,1.101193899396616,1.178939660222613,1.0706013363028952
I-95 SB PM,110N04146,800,0.20478260869565218,0.2729999999999999,23,38.52464,0.21622,21.353716666666664,21.137496666666664,0.17727794479365944,1.1551499479193899,1.5399546757931735,1.3331210191082798
I-95 SB PM,110N04146,805,0.20913043478260868,0.31799999999999995,23,38.52464,0.21622,21.353716666666664,21.137496666666664,0.17727794479365944,1.1796754245206507,1.7937933586162242,1.5205821205821204
I-95 SB PM,110N04146,810,0.2034782608695652,0.30399999999999994,23,38.52464,0.21622,21.353716666666664,21.137496666666664,0.17727794479365944,1.1477923049390115,1.714821323960164,1.4940170940170938
I-95 SB PM,110N04146,815,0.20043478260869566,0.22699999999999998,23,38.52464,0.21622,21.353716666666664,21.137496666666664,0.17727794479365944,1.130624471318129,1.2804751333518332,1.1325379609544468
I-95 SB PM,110N04146,820,0.20043478260869566,0.3019999999999999,23,38.52464,0.21622,21.353716666666664,21.137496666666664,0.17727794479365944,1.130624471318129,1.7035396047235836,1.506724511930585
I-95 SB PM,110N04146,825,0.19608695652173913,0.25399999999999995,23,38.52464,0.21622,21.353716666666664,21.137496666666664,0.17727794479365944,1.106098994716868,1.4327783430456633,1.2953436807095342
I-95 SB PM,110N04146,830,0.20043478260869566,0.3009999999999999,23,38.52464,0.21622,21.353716666666664,21.137496666666664,0.17727794479365944,1.130624471318129,1.6978987451052936,1.5017353579175698
I-95 SB PM,110N04146,835,0.20260869565217393,0.31499999999999995,23,38.52464,0.21622,21.353716666666664,21.137496666666664,0.17727794479365944,1.1428872096187594,1.776870779761354,1.554721030042918
I-95 SB PM,110N04146,840,0.2034782608695652,0.26399999999999996,23,38.52464,0.21622,21.353716666666664,21.137496666666664,0.17727794479365944,1.1477923049390115,1.4891869392285635,1.2974358974358975
I-95 SB PM,110N04146,845,0.2082608695652174,0.35499999999999976,23,38.52464,0.21622,21.353716666666664,21.137496666666664,0.17727794479365944,1.1747703292003986,2.0025051644929537,1.7045929018789132
I-95 SB PM,110N04146,850,0.21826086956521742,0.3829999999999999,23,38.52464,0.21622,21.353716666666664,21.137496666666664,0.17727794479365944,1.231178925383299,2.1604492338050747,1.7547808764940231
I-95 SB PM,110N04146,855,0.21956521739130433,0.3749999999999998,23,38.52464,0.21622,21.353716666666664,21.137496666666664,0.17727794479365944,1.2385365683636769,2.115322356858754,1.707920792079207
I-95 SB PM,110N04146,860,0.22130434782608696,0.4429999999999998,23,38.52464,0.21622,21.353716666666664,21.137496666666664,0.17727794479365944,1.2483467590041815,2.4989008109024753,2.001768172888015
I-95 SB PM,110N04146,865,0.22391304347826088,0.4189999999999998,23,38.52464,0.21622,21.353716666666664,21.137496666666664,0.17727794479365944,1.2630620449649381,2.363520180063515,1.8712621359223292
I-95 SB PM,110N04146,870,0.22043478260869567,0.339,23,38.52464,0.21622,21.353716666666664,21.137496666666664,0.17727794479365944,1.2434416636839294,1.912251410600315,1.537869822485207
I-95 SB PM,110N04146,875,0.2426086956521739,0.4759999999999999,23,38.52464,0.21622,21.353716666666664,21.137496666666664,0.17727794479365944,1.36852159435036,2.685049178306046,1.962007168458781
I-95 SB PM,110N04146,880,0.26260869565217393,0.6679999999999995,23,38.52464,0.21622,21.353716666666664,21.137496666666664,0.17727794479365944,1.4813387867161603,3.7680942250177267,2.543708609271521
I-95 SB PM,110N04146,885,0.27434782608695657,0.34,23,38.52464,0.21622,21.353716666666664,21.137496666666664,0.17727794479365944,1.547557573539565,1.917892270218605,1.2393026941362915
I-95 SB PM,110N04146,890,0.2908695652173913,0.4159999999999999,23,38.52464,0.21622,21.353716666666664,21.137496666666664,0.17727794479365944,1.6407543846243564,2.3465976012086456,1.4301943198804181
I-95 SB PM,110N04146,895,0.29,0.44499999999999995,23,38.52464,0.21622,21.353716666666664,21.137496666666664,0.17727794479365944,1.6358492893041041,2.510182530139056,1.5344827586206895
I-95 SB PM,110N04146,900,0.28956521739130436,0.4429999999999999,23,38.52464,0.21622,21.353716666666664,21.137496666666664,0.17727794479365944,1.633396741643978,2.4989008109024757,1.5298798798798794
I-95 SB PM,110N04146,905,0.29869565217391303,0.37699999999999995,23,38.52464,0.21622,21.353716666666664,21.137496666666664,0.17727794479365944,1.684900242506626,2.1266040760953353,1.2621542940320232
I-95 SB PM,110N04146,910,0.3130434782608696,0.5799999999999997,23,38.52464,0.21622,21.353716666666664,21.137496666666664,0.17727794479365944,1.7658343152907872,3.271698578608207,1.8527777777777767
I-95 SB PM,110N04146,915,0.3426086956521739,0.6799999999999997,23,38.52464,0.21622,21.353716666666664,21.137496666666664,0.17727794479365944,1.9326075561793612,3.835784540437208,1.9847715736040603
I-95 SB PM,110N04146,920,0.3517391304347826,0.627,23,38.52464,0.21622,21.353716666666664,21.137496666666664,0.17727794479365944,1.9841110570420093,3.536818980667839,1.7825710754017305
I-95 SB PM,110N04146,925,0.3456521739130435,0.529,23,38.52464,0.21622,21.353716666666664,21.137496666666664,0.17727794479365944,1.9497753898002441,2.984014738075418,1.5304402515723272
I-95 SB PM,110N04146,930,0.35000000000000003,0.8309999999999997,23,38.52464,0.21622,21.353716666666664,21.137496666666664,0.17727794479365944,1.9743008664015052,4.687554342799,2.3742857142857132
I-95 SB PM,110N04146,935,0.3017391304347826,0.429,23,38.52464,0.21622,21.353716666666664,21.137496666666664,0.17727794479365944,1.7020680761275087,2.419928776246416,1.421757925072046
I-95 SB PM,110N04146,940,0.29,0.43,23,38.52464,0.21622,21.353716666666664,21.137496666666664,0.17727794479365944,1.6358492893041041,2.425569635864706,1.4827586206896552
I-95 SB PM,110N04146,945,0.31869565217391305,0.439,23,38.52464,0.21622,21.353716666666664,21.137496666666664,0.17727794479365944,1.7977174348724263,2.4763373724293163,1.3774897680763984
I-95 SB PM,110N04146,950,0.3665217391304348,0.6029999999999999,23,38.52464,0.21622,21.353716666666664,21.137496666666664,0.17727794479365944,2.0674976774862968,3.401438349828878,1.6451957295373663
I-95 SB PM,110N04146,955,0.33999999999999997,0.527,23,38.52464,0.21622,21.353716666666664,21.137496666666664,0.17727794479365944,1.9178922702186048,2.972733018838838,1.5500000000000003
I-95 SB PM,110N04146,960,0.3139130434782609,0.4759999999999999,23,38.52464,0.21622,21.353716666666664,21.137496666666664,0.17727794479365944,1.7707394106110392,2.685049178306046,1.5163434903047088
I-95 SB PM,110N04146,965,0.3326086956521739,0.5959999999999998,23,38.52464,0.21622,21.353716666666664,21.137496666666664,0.17727794479365944,1.876198959996461,3.3619523325008474,1.7918954248366008
I-95 SB PM,110N04146,970,0.32173913043478264,0.509,23,38.52464,0.21622,21.353716666666664,21.137496666666664,0.17727794479365944,1.8148852684933092,2.8711975457096175,1.582027027027027
I-95 SB PM,110N04146,975,0.33869565217391306,0.5239999999999999,23,38.52464,0.21622,21.353716666666664,21.137496666666664,0.17727794479365944,1.9105346272382266,2.955810439983967,1.5471116816431318
I-95 SB PM,110N04146,980,0.3760869565217391,0.6009999999999999,23,38.52464,0.21622,21.353716666666664,21.137496666666664,0.17727794479365944,2.1214537260090705,3.3901566305922977,1.5980346820809246
I-95 SB PM,110N04146,985,0.3773913043478261,0.6769999999999998,23,38.52464,0.21622,21.353716666666664,21.137496666666664,0.17727794479365944,2.128811368989449,3.8188619615823387,1.7938940092165894
I-95 SB PM,110N04146,990,0.3456521739130435,0.519,23,38.52464,0.21622,21.353716666666664,21.137496666666664,0.17727794479365944,1.9497753898002441,2.9276061418925177,1.501509433962264
I-95 SB PM,110N04146,995,0.34,0.5,23,38.52464,0.21622,21.353716666666664,21.137496666666664,0.17727794479365944,1.917892270218605,2.8204298091450073,1.4705882352941175
I-95 SB PM,110N04146,1000,0.3430434782608696,0.569,23,38.52464,0.21622,21.353716666666664,21.137496666666664,0.17727794479365944,1.935060103839488,3.209649122807018,1.6586818757921415
I-95 SB PM,110N04146,1005,0.35782608695652174,0.6079999999999999,23,38.52464,0.21622,21.353716666666664,21.137496666666664,0.17727794479365944,2.0184467242837747,3.429642647920328,1.6991494532199267
I-95 SB PM,110N04146,1010,0.3334782608695652,0.509,23,38.52464,0.21622,21.353716666666664,21.137496666666664,0.17727794479365944,1.8811040553167135,2.8711975457096175,1.5263363754889179
I-95 SB PM,110N04146,1015,0.32304347826086954,0.489,23,38.52464,0.21622,21.353716666666664,21.137496666666664,0.17727794479365944,1.822242911473687,2.758380353343817,1.513728129205922
I-95 SB PM,110N04146,1020,0.30826086956521737,0.489,23,38.52464,0.21622,21.353716666666664,21.137496666666664,0.17727794479365944,1.7388562910293999,2.758380353343817,1.5863187588152328
I-95 SB PM,110N04146,1025,0.26173913043478264,0.35,23,38.52464,0.21622,21.353716666666664,21.137496666666664,0.17727794479365944,1.4764336913959082,1.974300866401505,1.337209302325581
I-95 SB PM,110N04146,1030,0.2569565217391304,0.39399999999999996,23,38.52464,0.21622,21.353716666666664,21.137496666666664,0.17727794479365944,1.449455667134521,2.2224986896062653,1.5333333333333332
I-95 SB PM,110N04146,1035,0.28521739130434787,0.41,23,38.52464,0.21622,21.353716666666664,21.137496666666664,0.17727794479365944,1.6088712650427173,2.3127524434989057,1.4374999999999998
I-95 SB PM,110N04146,1040,0.28695652173913044,0.5229999999999998,23,38.52464,0.21622,21.353716666666664,21.137496666666664,0.17727794479365944,1.6186814556832216,2.9501695803656762,1.8225757575757568
I-95 SB PM,110N04146,1045,0.2543478260869565,0.35,23,38.52464,0.21622,21.353716666666664,21.137496666666664,0.17727794479365944,1.4347403811737645,1.974300866401505,1.376068376068376
I-95 SB PM,110N04146,1050,0.26782608695652177,0.45499999999999996,23,38.52464,0.21622,21.353716666666664,21.137496666666664,0.17727794479365944,1.5107693586376736,2.5665911263219563,1.698863636363636
I-95 SB PM,110N04146,1055,0.2682608695652174,0.32799999999999996,23,38.52464,0.21622,21.353716666666664,21.137496666666664,0.17727794479365944,1.5132219062977994,1.8502019547991244,1.2226904376012964
I-95 SB PM,110N04146,1060,0.2582608695652174,0.339,23,38.52464,0.21622,21.353716666666664,21.137496666666664,0.17727794479365944,1.4568133101148992,1.912251410600315,1.3126262626262628
I-95 SB PM,110N04146,1065,0.22956521739130437,0.38699999999999996,23,38.52464,0.21622,21.353716666666664,21.137496666666664,0.17727794479365944,1.2949451645465773,2.1830126722782355,1.6857954545454543
I-95 SB PM,110N04146,1070,0.21521739130434783,0.2849999999999999,23,38.52464,0.21622,21.353716666666664,21.137496666666664,0.17727794479365944,1.214011091762416,1.6076449912126536,1.3242424242424238
I-95 SB PM,110N04146,1075,0.21391304347826087,0.339,23,38.52464,0.21622,21.353716666666664,21.137496666666664,0.17727794479365944,1.206653448782038,1.912251410600315,1.5847560975609758
I-95 SB PM,110N04146,1080,0.21434782608695652,0.3009999999999999,23,38.52464,0.21622,21.353716666666664,21.137496666666664,0.17727794479365944,1.209105996442164,1.6978987451052936,1.4042596348884375
I-95 SB PM,110N04146,1085,0.22130434782608696,0.4439999999999996,23,38.52464,0.21622,21.353716666666664,21.137496666666664,0.17727794479365944,1.2483467590041815,2.5045416705207644,2.0062868369351654
I-95 SB PM,110N04146,1090,0.21913043478260869,0.25599999999999995,23,38.52464,0.21622,21.353716666666664,21.137496666666664,0.17727794479365944,1.2360840207035508,1.4440600622822435,1.168253968253968
I-95 SB PM,110N04146,1095,0.22956521739130437,0.3829999999999998,23,38.52464,0.21622,21.353716666666664,21.137496666666664,0.17727794479365944,1.2949451645465773,2.1604492338050743,1.668371212121211
I-95 SB PM,110N04146,1100,0.2391304347826087,0.21,23,38.52464,0.21622,21.353716666666664,21.137496666666664,0.17727794479365944,1.3489012130693512,1.184580519840903,0.8781818181818182
I-95 SB PM,110N04146,1105,0.24608695652173915,0.2,23,38.52464,0.21622,21.353716666666664,21.137496666666664,0.17727794479365944,1.3881419756313689,1.128171923658003,0.8127208480565371
I-95 SB PM,110N04146,1110,0.23347826086956522,0.2,23,38.52464,0.21622,21.353716666666664,21.137496666666664,0.17727794479365944,1.317018093487712,1.128171923658003,0.856610800744879
I-95 SB PM,110N04146,1115,0.23565217391304347,0.209,23,38.52464,0.21622,21.353716666666664,21.137496666666664,0.17727794479365944,1.3292808317883424,1.178939660222613,0.8869003690036901
I-95 SB PM,110N04146,1120,0.20608695652173914,0.209,23,38.52464,0.21622,21.353716666666664,21.137496666666664,0.17727794479365944,1.1625075908997682,1.178939660222613,1.0141350210970463
I-95 SB PM,110N04146,1125,0.19999999999999998,0.2999999999999999,23,38.52464,0.21622,21.353716666666664,21.137496666666664,0.17727794479365944,1.1281719236580028,1.6922578854870036,1.4999999999999996
I-95 SB PM,110N04146,1130,0.19608695652173913,0.23699999999999996,23,38.52464,0.21622,21.353716666666664,21.137496666666664,0.17727794479365944,1.106098994716868,1.3368837295347331,1.2086474501108646
I-95 SB PM,110N04146,1135,0.19695652173913045,0.23699999999999996,23,38.52464,0.21622,21.353716666666664,21.137496666666664,0.17727794479365944,1.1110040900371203,1.3368837295347331,1.2033112582781453
I-95 SB PM,110N04146,1140,0.1965217391304348,0.2,23,38.52464,0.21622,21.353716666666664,21.137496666666664,0.17727794479365944,1.1085515423769943,1.128171923658003,1.0176991150442478
I-95 SB PM,110N04146,1145,0.1926086956521739,0.209,23,38.52464,0.21622,21.353716666666664,21.137496666666664,0.17727794479365944,1.0864786134358593,1.178939660222613,1.0851015801354402
I-95 SB PM,110N04146,1150,0.1908695652173913,0.2,23,38.52464,0.21622,21.353716666666664,21.137496666666664,0.17727794479365944,1.076668422795355,1.128171923658003,1.0478359908883828
I-95 SB PM,110N04146,1155,0.1908695652173913,0.2,23,38.52464,0.21622,21.353716666666664,21.137496666666664,0.17727794479365944,1.076668422795355,1.128171923658003,1.0478359908883828
I-95 SB PM,110N04146,1160,0.19217391304347825,0.2,23,38.52464,0.21622,21.353716666666664,21.137496666666664,0.17727794479365944,1.084026065775733,1.128171923658003,1.0407239819004526
I-95 SB PM,110N04146,1165,0.1917391304347826,0.2,23,38.52464,0.21622,21.353716666666664,21.137496666666664,0.17727794479365944,1.081573518115607,1.128171923658003,1.0430839002267573
I-95 SB PM,110N04146,1170,0.19130434782608696,0.2,23,38.52464,0.21622,21.353716666666664,21.137496666666664,0.17727794479365944,1.079120970455481,1.128171923658003,1.0454545454545454
I-95 SB PM,110N04146,1175,0.19043478260869565,0.2,23,38.52464,0.21622,21.353716666666664,21.137496666666664,0.17727794479365944,1.0742158751352289,1.128171923658003,1.0502283105022832
I-95 SB PM,110N04146,1180,0.1917391304347826,0.209,23,38.52464,0.21622,21.353716666666664,21.137496666666664,0.17727794479365944,1.081573518115607,1.178939660222613,1.0900226757369613
I-95 SB PM,110N04146,1185,0.18739130434782608,0.19899999999999998,23,38.52464,0.21622,21.353716666666664,21.137496666666664,0.17727794479365944,1.0570480415143462,1.1225310640397128,1.0619489559164732
I-95 SB PM,110N04146,1190,0.19,0.2,23,38.52464,0.21622,21.353716666666664,21.137496666666664,0.17727794479365944,1.0717633274751028,1.128171923658003,1.0526315789473684
I-95 SB PM,110N04146,1195,0.19130434782608696,0.209,23,38.52464,0.21622,21.353716666666664,21.137496666666664,0.17727794479365944,1.079120970455481,1.178939660222613,1.0925
I-95 SB PM,110N04146,1200,0.1882608695652174,0.2,23,38.52464,0.21622,21.353716666666664,21.137496666666664,0.17727794479365944,1.0619531368345985,1.128171923658003,1.0623556581986144
I-95 SB PM,110N04146,1205,0.18956521739130436,0.2,23,38.52464,0.21622,21.353716666666664,21.137496666666664,0.17727794479365944,1.0693107798149766,1.128171923658003,1.055045871559633
I-95 SB PM,110N04146,1210,0.18782608695652175,0.2,23,38.52464,0.21622,21.353716666666664,21.137496666666664,0.17727794479365944,1.0595005891744724,1.128171923658003,1.0648148148148149
I-95 SB PM,110N04146,1215,0.1882608695652174,0.2,23,38.52464,0.21622,21.353716666666664,21.137496666666664,0.17727794479365944,1.0619531368345985,1.128171923658003,1.0623556581986144
I-95 SB PM,110N04146,1220,0.1891304347826087,0.2,23,38.52464,0.21622,21.353716666666664,21.137496666666664,0.17727794479365944,1.0668582321548505,1.128171923658003,1.0574712643678161
I-95 SB PM,110N04146,1225,0.19217391304347825,0.2,23,38.52464,0.21622,21.353716666666664,21.137496666666664,0.17727794479365944,1.084026065775733,1.128171923658003,1.0407239819004526
I-95 SB PM,110N04146,1230,0.18956521739130436,0.2,23,38.52464,0.21622,21.353716666666664,21.137496666666664,0.17727794479365944,1.0693107798149766,1.128171923658003,1.055045871559633
I-95 SB PM,110N04146,1235,0.1865217391304348,0.19899999999999998,23,38.52464,0.21622,21.353716666666664,21.137496666666664,0.17727794479365944,1.052142946194094,1.1225310640397128,1.0668997668997668
I-95 SB PM,110N04146,1240,0.18739130434782608,0.19899999999999998,23,38.52464,0.21622,21.353716666666664,21.137496666666664,0.17727794479365944,1.0570480415143462,1.1225310640397128,1.0619489559164732
I-95 SB PM,110N04146,1245,0.1882608695652174,0.19899999999999998,23,38.52464,0.21622,21.353716666666664,21.137496666666664,0.17727794479365944,1.0619531368345985,1.1225310640397128,1.0570438799076212
I-95 SB PM,110N04146,1250,0.18565217391304345,0.19,23,38.52464,0.21622,21.353716666666664,21.137496666666664,0.17727794479365944,1.0472378508738416,1.0717633274751028,1.0234192037470728
I-95 SB PM,110N04146,1255,0.1865217391304348,0.19,23,38.52464,0.21622,21.353716666666664,21.137496666666664,0.17727794479365944,1.052142946194094,1.0717633274751028,1.0186480186480187
I-95 SB PM,110N04147,720,0.40956521739130436,0.4759999999999999,23,38.5522,0.44175,19.202635833333332,18.760885833333333,0.37330985915492954,1.0971186732609928,1.27508017355216,1.1622080679405518
I-95 SB PM,110N04147,725,0.39869565217391306,0.439,23,38.5522,0.44175,19.202635833333332,18.760885833333333,0.37330985915492954,1.0680019356479091,1.1759667987172233,1.101090512540894
I-95 SB PM,110N04147,730,0.4026086956521739,0.43,23,38.5522,0.44175,19.202635833333332,18.760885833333333,0.37330985915492954,1.078483961188619,1.15185813997359,1.0680345572354213
I-95 SB PM,110N04147,735,0.4056521739130435,0.44799999999999995,23,38.5522,0.44175,19.202635833333332,18.760885833333333,0.37330985915492954,1.0866366477202827,1.2000754574608565,1.1043944265809216
I-95 SB PM,110N04147,740,0.4056521739130435,0.439,23,38.5522,0.44175,19.202635833333332,18.760885833333333,0.37330985915492954,1.0866366477202827,1.1759667987172233,1.082207931404073
I-95 SB PM,110N04147,745,0.4043478260869566,0.439,23,38.5522,0.44175,19.202635833333332,18.760885833333333,0.37330985915492954,1.0831426392067127,1.1759667987172233,1.0856989247311826
I-95 SB PM,110N04147,750,0.40304347826086956,0.44,23,38.5522,0.44175,19.202635833333332,18.760885833333333,0.37330985915492954,1.0796486306931425,1.178645538577627,1.0916936353829558
I-95 SB PM,110N04147,755,0.40652173913043477,0.449,23,38.5522,0.44175,19.202635833333332,18.760885833333333,0.37330985915492954,1.0889659867293293,1.2027541973212603,1.1044919786096257
I-95 SB PM,110N04147,760,0.41043478260869565,0.5209999999999999,23,38.5522,0.44175,19.202635833333332,18.760885833333333,0.37330985915492954,1.0994480122700394,1.3956234672703263,1.2693855932203388
I-95 SB PM,110N04147,765,0.42478260869565215,0.6229999999999998,23,38.5522,0.44175,19.202635833333332,18.760885833333333,0.37330985915492954,1.1378821059193098,1.668854933031503,1.4666325486182186
I-95 SB PM,110N04147,770,0.4126086956521739,0.46,23,38.5522,0.44175,19.202635833333332,18.760885833333333,0.37330985915492954,1.105271359792656,1.232220335785701,1.1148577449947314
I-95 SB PM,110N04147,775,0.4156521739130435,0.439,23,38.5522,0.44175,19.202635833333332,18.760885833333333,0.37330985915492954,1.1134240463243197,1.1759667987172233,1.0561715481171547
I-95 SB PM,110N04147,780,0.41521739130434787,0.44,23,38.5522,0.44175,19.202635833333332,18.760885833333333,0.37330985915492954,1.1122593768197964,1.178645538577627,1.0596858638743454
I-95 SB PM,110N04147,785,0.40608695652173915,0.439,23,38.5522,0.44175,19.202635833333332,18.760885833333333,0.37330985915492954,1.087801317224806,1.1759667987172233,1.081049250535332
I-95 SB PM,110N04147,790,0.41,0.4829999999999999,23,38.5522,0.44175,19.202635833333332,18.760885833333333,0.37330985915492954,1.098283342765516,1.2938313525749856,1.1780487804878046
I-95 SB PM,110N04147,795,0.42173913043478256,0.5829999999999997,23,38.5522,0.44175,19.202635833333332,18.760885833333333,0.37330985915492954,1.1297294193876464,1.561705338615355,1.3823711340206182
I-95 SB PM,110N04147,800,0.42260869565217396,0.5479999999999999,23,38.5522,0.44175,19.202635833333332,18.760885833333333,0.37330985915492954,1.1320587583966932,1.4679494435012261,1.296707818930041
I-95 SB PM,110N04147,805,0.40608695652173915,0.439,23,38.5522,0.44175,19.202635833333332,18.760885833333333,0.37330985915492954,1.087801317224806,1.1759667987172233,1.081049250535332
I-95 SB PM,110N04147,810,0.4043478260869566,0.449,23,38.5522,0.44175,19.202635833333332,18.760885833333333,0.37330985915492954,1.0831426392067127,1.2027541973212603,1.1104301075268816
I-95 SB PM,110N04147,815,0.401304347826087,0.44,23,38.5522,0.44175,19.202635833333332,18.760885833333333,0.37330985915492954,1.0749899526750493,1.178645538577627,1.0964247020585047
I-95 SB PM,110N04147,820,0.4147826086956522,0.45,23,38.5522,0.44175,19.202635833333332,18.760885833333333,0.37330985915492954,1.111094707315273,1.205432937181664,1.0849056603773584
I-95 SB PM,110N04147,825,0.41043478260869565,0.45,23,38.5522,0.44175,19.202635833333332,18.760885833333333,0.37330985915492954,1.0994480122700394,1.205432937181664,1.096398305084746
I-95 SB PM,110N04147,830,0.4056521739130435,0.45,23,38.5522,0.44175,19.202635833333332,18.760885833333333,0.37330985915492954,1.0866366477202827,1.205432937181664,1.1093247588424437
I-95 SB PM,110N04147,835,0.4091304347826087,0.44,23,38.5522,0.44175,19.202635833333332,18.760885833333333,0.37330985915492954,1.0959540037564695,1.178645538577627,1.075451647183847
I-95 SB PM,110N04147,840,0.4134782608695652,0.4669999999999999,23,38.5522,0.44175,19.202635833333332,18.760885833333333,0.37330985915492954,1.1076006988017026,1.2509715148085265,1.1294426919032596
I-95 SB PM,110N04147,845,0.42869565217391303,0.459,23,38.5522,0.44175,19.202635833333332,18.760885833333333,0.37330985915492954,1.14836413146002,1.2295415959252973,1.0706896551724139
I-95 SB PM,110N04147,850,0.40739130434782606,0.459,23,38.5522,0.44175,19.202635833333332,18.760885833333333,0.37330985915492954,1.091295325738376,1.2295415959252973,1.1266808964781219
I-95 SB PM,110N04147,855,0.4073913043478261,0.44,23,38.5522,0.44175,19.202635833333332,18.760885833333333,0.37330985915492954,1.091295325738376,1.178645538577627,1.0800426894343649
I-95 SB PM,110N04147,860,0.42869565217391303,0.45,23,38.5522,0.44175,19.202635833333332,18.760885833333333,0.37330985915492954,1.14836413146002,1.205432937181664,1.0496957403651117
I-95 SB PM,110N04147,865,0.4330434782608696,0.557,23,38.5522,0.44175,19.202635833333332,18.760885833333333,0.37330985915492954,1.1600108265052536,1.4920581022448598,1.2862449799196787
I-95 SB PM,110N04147,870,0.43130434782608695,0.6389999999999997,23,38.5522,0.44175,19.202635833333332,18.760885833333333,0.37330985915492954,1.15535214848716,1.711714770797962,1.481552419354838
I-95 SB PM,110N04147,875,0.45391304347826084,0.5559999999999999,23,38.5522,0.44175,19.202635833333332,18.760885833333333,0.37330985915492954,1.215914962722374,1.4893793623844558,1.224904214559387
I-95 SB PM,110N04147,880,0.45956521739130435,0.8669999999999994,23,38.5522,0.44175,19.202635833333332,18.760885833333333,0.37330985915492954,1.2310556662811776,2.3224674589700043,1.8865657521286647
I-95 SB PM,110N04147,885,0.43000000000000005,0.5039999999999999,23,38.5522,0.44175,19.202635833333332,18.760885833333333,0.37330985915492954,1.15185813997359,1.3500848896434634,1.1720930232558135
I-95 SB PM,110N04147,890,0.4760869565217391,0.7909999999999999,23,38.5522,0.44175,19.202635833333332,18.760885833333333,0.37330985915492954,1.2753131074530648,2.1188832295793247,1.661461187214612
I-95 SB PM,110N04147,895,0.5334782608695652,0.8329999999999999,23,38.5522,0.44175,19.202635833333332,18.760885833333333,0.37330985915492954,1.4290494820501465,2.23139030371628,1.5614506927465361
I-95 SB PM,110N04147,900,0.5334782608695652,0.6809999999999997,23,38.5522,0.44175,19.202635833333332,18.760885833333333,0.37330985915492954,1.4290494820501465,1.8242218449349175,1.2765281173594127
I-95 SB PM,110N04147,905,0.5460869565217391,0.8129999999999996,23,38.5522,0.44175,19.202635833333332,18.760885833333333,0.37330985915492954,1.4628248976813236,2.177815506508205,1.4887738853503178
I-95 SB PM,110N04147,910,0.5,0.737,23,38.5522,0.44175,19.202635833333332,18.760885833333333,0.37330985915492954,1.339369930201849,1.9742312771175252,1.474
I-95 SB PM,110N04147,915,0.5678260869565218,0.8659999999999997,23,38.5522,0.44175,19.202635833333332,18.760885833333333,0.37330985915492954,1.5210583729074911,2.319788719109601,1.5251148545176103
I-95 SB PM,110N04147,920,0.6378260869565218,1.126,23,38.5522,0.44175,19.202635833333332,18.760885833333333,0.37330985915492954,1.70857016313575,3.0162610828145633,1.7653715064758007
I-95 SB PM,110N04147,925,0.7143478260869565,0.9749999999999999,23,38.5522,0.44175,19.202635833333332,18.760885833333333,0.37330985915492954,1.9135519959318588,2.611771363893605,1.3648813146682897
I-95 SB PM,110N04147,930,0.7878260869565218,1.5879999999999992,23,38.5522,0.44175,19.202635833333332,18.760885833333333,0.37330985915492954,2.110381142196305,4.25383889832107,2.015673289183222
I-95 SB PM,110N04147,935,0.7147826086956522,1.5219999999999996,23,38.5522,0.44175,19.202635833333332,18.760885833333333,0.37330985915492954,1.9147166654363823,4.0770420675344266,2.1293187347931863
I-95 SB PM,110N04147,940,0.6943478260869566,1.1529999999999998,23,38.5522,0.44175,19.202635833333332,18.760885833333333,0.37330985915492954,1.859977198723785,3.088587059045463,1.6605510331872257
I-95 SB PM,110N04147,945,0.6426086956521739,0.91,23,38.5522,0.44175,19.202635833333332,18.760885833333333,0.37330985915492954,1.7213815276855067,2.4376532729673652,1.416102841677943
I-95 SB PM,110N04147,950,0.601304347826087,0.9609999999999999,23,38.5522,0.44175,19.202635833333332,18.760885833333333,0.37330985915492954,1.6107379247557887,2.574269005847953,1.5981923355025305
I-95 SB PM,110N04147,955,0.6295652173913043,0.8809999999999999,23,38.5522,0.44175,19.202635833333332,18.760885833333333,0.37330985915492954,1.6864414425498062,2.3599698170156573,1.399378453038674
I-95 SB PM,110N04147,960,0.6178260869565217,1.1279999999999997,23,38.5522,0.44175,19.202635833333332,18.760885833333333,0.37330985915492954,1.654995365927676,3.02161856253537,1.8257565095003514
I-95 SB PM,110N04147,965,0.6365217391304349,1.087,23,38.5522,0.44175,19.202635833333332,18.760885833333333,0.37330985915492954,1.70507615462218,2.9117902282588193,1.7077185792349725
I-95 SB PM,110N04147,970,0.62,0.987,23,38.5522,0.44175,19.202635833333332,18.760885833333333,0.37330985915492954,1.6608187134502925,2.6439162422184497,1.5919354838709678
I-95 SB PM,110N04147,975,0.706086956521739,1.2009999999999996,23,38.5522,0.44175,19.202635833333332,18.760885833333333,0.37330985915492954,1.891423275345915,3.21716657234484,1.7009236453201968
I-95 SB PM,110N04147,980,0.62,1.009,23,38.5522,0.44175,19.202635833333332,18.760885833333333,0.37330985915492954,1.6608187134502925,2.702848519147331,1.6274193548387095
I-95 SB PM,110N04147,985,0.6543478260869565,1.2539999999999996,23,38.5522,0.44175,19.202635833333332,18.760885833333333,0.37330985915492954,1.752827604307637,3.359139784946236,1.9164119601328897
I-95 SB PM,110N04147,990,0.6921739130434783,1.303,23,38.5522,0.44175,19.202635833333332,18.760885833333333,0.37330985915492954,1.8541538512011684,3.490398038106018,1.8824748743718591
I-95 SB PM,110N04147,995,0.6291304347826088,1.051,23,38.5522,0.44175,19.202635833333332,18.760885833333333,0.37330985915492954,1.6852767730452831,2.815355593284286,1.6705597788527986
I-95 SB PM,110N04147,1000,0.6504347826086957,1.1789999999999998,23,38.5522,0.44175,19.202635833333332,18.760885833333333,0.37330985915492954,1.742345578766927,3.158234295415959,1.8126336898395718
I-95 SB PM,110N04147,1005,0.653913043478261,1.1,23,38.5522,0.44175,19.202635833333332,18.760885833333333,0.37330985915492954,1.7516629348031139,2.946613846444068,1.6821808510638296
I-95 SB PM,110N04147,1010,0.6678260869565217,1.2059999999999997,23,38.5522,0.44175,19.202635833333332,18.760885833333333,0.37330985915492954,1.7889323589478605,3.230560271646859,1.8058593749999998
I-95 SB PM,110N04147,1015,0.6534782608695652,1.035,23,38.5522,0.44175,19.202635833333332,18.760885833333333,0.37330985915492954,1.75049826529859,2.772495755517827,1.5838323353293413
I-95 SB PM,110N04147,1020,0.6126086956521739,0.9939999999999998,23,38.5522,0.44175,19.202635833333332,18.760885833333333,0.37330985915492954,1.6410193318733957,2.662667421241275,1.6225691980127748
I-95 SB PM,110N04147,1025,0.6134782608695651,0.9789999999999999,23,38.5522,0.44175,19.202635833333332,18.760885833333333,0.37330985915492954,1.643348670882442,2.62248632333522,1.5958185683912118
I-95 SB PM,110N04147,1030,0.5921739130434783,0.927,23,38.5522,0.44175,19.202635833333332,18.760885833333333,0.37330985915492954,1.5862798651607986,2.483191850594228,1.565418502202643
I-95 SB PM,110N04147,1035,0.5491304347826087,0.8949999999999999,23,38.5522,0.44175,19.202635833333332,18.760885833333333,0.37330985915492954,1.470977584212987,2.397472175061309,1.6298495645288993
I-95 SB PM,110N04147,1040,0.5152173913043478,0.6719999999999999,23,38.5522,0.44175,19.202635833333332,18.760885833333333,0.37330985915492954,1.380133362860166,1.8001131861912847,1.3043037974683542
I-95 SB PM,110N04147,1045,0.5321739130434783,0.9979999999999999,23,38.5522,0.44175,19.202635833333332,18.760885833333333,0.37330985915492954,1.4255554735365765,2.67338238068289,1.8753267973856207
I-95 SB PM,110N04147,1050,0.523913043478261,0.8709999999999999,23,38.5522,0.44175,19.202635833333332,18.760885833333333,0.37330985915492954,1.4034267529506332,2.3331824184116203,1.662489626556016
I-95 SB PM,110N04147,1055,0.4856521739130435,0.7199999999999999,23,38.5522,0.44175,19.202635833333332,18.760885833333333,0.37330985915492954,1.3009358365525785,1.928692699490662,1.4825425246195163
I-95 SB PM,110N04147,1060,0.5104347826086957,0.8699999999999999,23,38.5522,0.44175,19.202635833333332,18.760885833333333,0.37330985915492954,1.3673219983104092,2.3305036785512168,1.7044293015332195
I-95 SB PM,110N04147,1065,0.5282608695652175,0.8399999999999999,23,38.5522,0.44175,19.202635833333332,18.760885833333333,0.37330985915492954,1.4150734479958667,2.2501414827391057,1.590123456790123
I-95 SB PM,110N04147,1070,0.5130434782608696,1.1549999999999991,23,38.5522,0.44175,19.202635833333332,18.760885833333333,0.37330985915492954,1.3743100153375494,3.0939445387662685,2.2512711864406763
I-95 SB PM,110N04147,1075,0.44434782608695655,0.5619999999999998,23,38.5522,0.44175,19.202635833333332,18.760885833333333,0.37330985915492954,1.1902922336228605,1.5054518015468776,1.2647749510763204
I-95 SB PM,110N04147,1080,0.4252173913043478,0.469,23,38.5522,0.44175,19.202635833333332,18.760885833333333,0.37330985915492954,1.1390467754238331,1.256328994529334,1.1029652351738242
I-95 SB PM,110N04147,1085,0.4273913043478261,0.46,23,38.5522,0.44175,19.202635833333332,18.760885833333333,0.37330985915492954,1.14487012294645,1.232220335785701,1.076297049847406
I-95 SB PM,110N04147,1090,0.42347826086956525,0.459,23,38.5522,0.44175,19.202635833333332,18.760885833333333,0.37330985915492954,1.1343880974057399,1.2295415959252973,1.0838809034907597
I-95 SB PM,110N04147,1095,0.4208695652173913,0.478,23,38.5522,0.44175,19.202635833333332,18.760885833333333,0.37330985915492954,1.1274000803785997,1.2804376532729675,1.1357438016528927
I-95 SB PM,110N04147,1100,0.42782608695652175,0.45,23,38.5522,0.44175,19.202635833333332,18.760885833333333,0.37330985915492954,1.1460347924509733,1.205432937181664,1.0518292682926829
I-95 SB PM,110N04147,1105,0.4295652173913044,0.469,23,38.5522,0.44175,19.202635833333332,18.760885833333333,0.37330985915492954,1.1506934704690668,1.256328994529334,1.0918016194331983
I-95 SB PM,110N04147,1110,0.43130434782608695,0.49799999999999994,23,38.5522,0.44175,19.202635833333332,18.760885833333333,0.37330985915492954,1.15535214848716,1.3340124504810413,1.1546370967741935
I-95 SB PM,110N04147,1115,0.43173913043478257,0.499,23,38.5522,0.44175,19.202635833333332,18.760885833333333,0.37330985915492954,1.1565168179916834,1.3366911903414451,1.1557905337361531
I-95 SB PM,110N04147,1120,0.42869565217391303,0.549,23,38.5522,0.44175,19.202635833333332,18.760885833333333,0.37330985915492954,1.14836413146002,1.4706281833616301,1.2806288032454363
I-95 SB PM,110N04147,1125,0.42434782608695654,0.469,23,38.5522,0.44175,19.202635833333332,18.760885833333333,0.37330985915492954,1.1367174364147865,1.256328994529334,1.1052254098360654
I-95 SB PM,110N04147,1130,0.4360869565217391,0.507,23,38.5522,0.44175,19.202635833333332,18.760885833333333,0.37330985915492954,1.1681635130369168,1.3581211092246748,1.1626121635094717
I-95 SB PM,110N04147,1135,0.43304347826086953,0.47,23,38.5522,0.44175,19.202635833333332,18.760885833333333,0.37330985915492954,1.1600108265052533,1.259007734389738,1.0853413654618473
I-95 SB PM,110N04147,1140,0.41739130434782606,0.44,23,38.5522,0.44175,19.202635833333332,18.760885833333333,0.37330985915492954,1.118082724342413,1.178645538577627,1.0541666666666667
I-95 SB PM,110N04147,1145,0.42173913043478256,0.459,23,38.5522,0.44175,19.202635833333332,18.760885833333333,0.37330985915492954,1.1297294193876464,1.2295415959252973,1.0883505154639177
I-95 SB PM,110N04147,1150,0.42,0.45699999999999996,23,38.5522,0.44175,19.202635833333332,18.760885833333333,0.37330985915492954,1.125070741369553,1.2241841162044897,1.088095238095238
I-95 SB PM,110N04147,1155,0.42391304347826086,0.469,23,38.5522,0.44175,19.202635833333332,18.760885833333333,0.37330985915492954,1.1355527669102632,1.256328994529334,1.1063589743589743
I-95 SB PM,110N04147,1160,0.41956521739130437,0.45,23,38.5522,0.44175,19.202635833333332,18.760885833333333,0.37330985915492954,1.1239060718650298,1.205432937181664,1.072538860103627
I-95 SB PM,110N04147,1165,0.4221739130434783,0.45,23,38.5522,0.44175,19.202635833333332,18.760885833333333,0.37330985915492954,1.13089408889217,1.205432937181664,1.065911431513903
I-95 SB PM,110N04147,1170,0.42217391304347823,0.46799999999999997,23,38.5522,0.44175,19.202635833333332,18.760885833333333,0.37330985915492954,1.1308940888921697,1.2536502546689305,1.1085478887744593
I-95 SB PM,110N04147,1175,0.4165217391304348,0.44,23,38.5522,0.44175,19.202635833333332,18.760885833333333,0.37330985915492954,1.1157533853333663,1.178645538577627,1.0563674321503131
I-95 SB PM,110N04147,1180,0.41391304347826086,0.43,23,38.5522,0.44175,19.202635833333332,18.760885833333333,0.37330985915492954,1.1087653683062262,1.15185813997359,1.0388655462184875
I-95 SB PM,110N04147,1185,0.4134782608695652,0.44799999999999995,23,38.5522,0.44175,19.202635833333332,18.760885833333333,0.37330985915492954,1.1076006988017026,1.2000754574608565,1.0834910620399578
I-95 SB PM,110N04147,1190,0.4191304347826087,0.46,23,38.5522,0.44175,19.202635833333332,18.760885833333333,0.37330985915492954,1.1227414023605065,1.232220335785701,1.0975103734439835
I-95 SB PM,110N04147,1195,0.41739130434782606,0.439,23,38.5522,0.44175,19.202635833333332,18.760885833333333,0.37330985915492954,1.118082724342413,1.1759667987172233,1.0517708333333333
I-95 SB PM,110N04147,1200,0.41391304347826086,0.439,23,38.5522,0.44175,19.202635833333332,18.760885833333333,0.37330985915492954,1.1087653683062262,1.1759667987172233,1.060609243697479
I-95 SB PM,110N04147,1205,0.41304347826086957,0.44,23,38.5522,0.44175,19.202635833333332,18.760885833333333,0.37330985915492954,1.1064360292971795,1.178645538577627,1.065263157894737
I-95 SB PM,110N04147,1210,0.41739130434782606,0.44,23,38.5522,0.44175,19.202635833333332,18.760885833333333,0.37330985915492954,1.118082724342413,1.178645538577627,1.0541666666666667
I-95 SB PM,110N04147,1215,0.40782608695652167,0.44,23,38.5522,0.44175,19.202635833333332,18.760885833333333,0.37330985915492954,1.092459995242899,1.178645538577627,1.0788912579957357
I-95 SB PM,110N04147,1220,0.40869565217391307,0.439,23,38.5522,0.44175,19.202635833333332,18.760885833333333,0.37330985915492954,1.0947893342519461,1.1759667987172233,1.0741489361702128
I-95 SB PM,110N04147,1225,0.41130434782608694,0.43,23,38.5522,0.44175,19.202635833333332,18.760885833333333,0.37330985915492954,1.101777351279086,1.15185813997359,1.0454545454545454
I-95 SB PM,110N04147,1230,0.40869565217391307,0.44,23,38.5522,0.44175,19.202635833333332,18.760885833333333,0.37330985915492954,1.0947893342519461,1.178645538577627,1.076595744680851
I-95 SB PM,110N04147,1235,0.4078260869565218,0.439,23,38.5522,0.44175,19.202635833333332,18.760885833333333,0.37330985915492954,1.0924599952428995,1.1759667987172233,1.0764392324093814
I-95 SB PM,110N04147,1240,0.411304347826087,0.449,23,38.5522,0.44175,19.202635833333332,18.760885833333333,0.37330985915492954,1.1017773512790863,1.2027541973212603,1.0916490486257928
I-95 SB PM,110N04147,1245,0.4043478260869566,0.43,23,38.5522,0.44175,19.202635833333332,18.760885833333333,0.37330985915492954,1.0831426392067127,1.15185813997359,1.0634408602150536
I-95 SB PM,110N04147,1250,0.40956521739130436,0.43,23,38.5522,0.44175,19.202635833333332,18.760885833333333,0.37330985915492954,1.0971186732609928,1.15185813997359,1.0498938428874733
I-95 SB PM,110N04147,1255,0.40391304347826085,0.45599999999999996,23,38.5522,0.44175,19.202635833333332,18.760885833333333,0.37330985915492954,1.0819779697021892,1.221505376344086,1.1289558665231432
I-95 SB PM,110N04148,720,0.6782608695652174,1.4509999999999998,23,38.5834,0.5379716666666667,16.80406,16.266088333333332,0.4571997167138811,1.4835111325969563,3.1736677582152706,2.139294871794872
I-95 SB PM,110N04148,725,0.706086956521739,1.7739999999999998,23,38.5834,0.5379716666666667,16.80406,16.266088333333332,0.4571997167138811,1.5443731277804211,3.880142386680834,2.51243842364532
I-95 SB PM,110N04148,730,0.6439130434782608,1.4709999999999996,23,38.5834,0.5379716666666667,16.80406,16.266088333333332,0.4571997167138811,1.408384607292367,3.2174123172533857,2.2844699527346384
I-95 SB PM,110N04148,735,0.6269565217391304,1.3769999999999998,23,38.5834,0.5379716666666667,16.80406,16.266088333333332,0.4571997167138811,1.371296828977443,3.0118128897742436,2.19632454923717
I-95 SB PM,110N04148,740,0.6086956521739131,1.2049999999999998,23,38.5834,0.5379716666666667,16.80406,16.266088333333332,0.4571997167138811,1.3313561446382944,2.6356096820464514,1.9796428571428568
I-95 SB PM,110N04148,745,0.6039130434782609,1.3829999999999993,23,38.5834,0.5379716666666667,16.80406,16.266088333333332,0.4571997167138811,1.3208954892161364,3.024936257485677,2.2900647948164132
I-95 SB PM,110N04148,750,0.6069565217391304,1.305,23,38.5834,0.5379716666666667,16.80406,16.266088333333332,0.4571997167138811,1.3275522699393276,2.8543324772370284,2.1500716332378222
I-95 SB PM,110N04148,755,0.5860869565217391,1.204,23,38.5834,0.5379716666666667,16.80406,16.266088333333332,0.4571997167138811,1.281905773551729,2.633422454094546,2.0543026706231453
I-95 SB PM,110N04148,760,0.596086956521739,1.2119999999999997,23,38.5834,0.5379716666666667,16.80406,16.266088333333332,0.4571997167138811,1.3037780530707865,2.6509202777097918,2.033260393873085
I-95 SB PM,110N04148,765,0.5878260869565217,1.1969999999999998,23,38.5834,0.5379716666666667,16.80406,16.266088333333332,0.4571997167138811,1.2857096482506956,2.618111858431205,2.036316568047337
I-95 SB PM,110N04148,770,0.578695652173913,0.9999999999999999,23,38.5834,0.5379716666666667,16.80406,16.266088333333332,0.4571997167138811,1.2657393060811213,2.187227951905769,1.7280240420736286
I-95 SB PM,110N04148,775,0.6434782608695653,1.505,23,38.5834,0.5379716666666667,16.80406,16.266088333333332,0.4571997167138811,1.4074336386176254,3.2917780676181825,2.338851351351351
I-95 SB PM,110N04148,780,0.5747826086956521,1.1459999999999997,23,38.5834,0.5379716666666667,16.80406,16.266088333333332,0.4571997167138811,1.2571805880084463,2.5065632328840106,1.9937972768532524
I-95 SB PM,110N04148,785,0.59,1.1669999999999998,23,38.5834,0.5379716666666667,16.80406,16.266088333333332,0.4571997167138811,1.2904644916244037,2.552495019874032,1.977966101694915
I-95 SB PM,110N04148,790,0.6073913043478261,1.584999999999999,23,38.5834,0.5379716666666667,16.80406,16.266088333333332,0.4571997167138811,1.3285032386140694,3.466756303770642,2.6095204008589823
I-95 SB PM,110N04148,795,0.596086956521739,1.3849999999999996,23,38.5834,0.5379716666666667,16.80406,16.266088333333332,0.4571997167138811,1.3037780530707865,3.0293107133894894,2.3234865061998535
I-95 SB PM,110N04148,800,0.5634782608695652,1.1919999999999995,23,38.5834,0.5379716666666667,16.80406,16.266088333333332,0.4571997167138811,1.2324554024651637,2.6071757186716757,2.115432098765431
I-95 SB PM,110N04148,805,0.5986956521739131,1.2919999999999996,23,38.5834,0.5379716666666667,16.80406,16.266088333333332,0.4571997167138811,1.3094838651192366,2.8258985138622528,2.158024691358024
I-95 SB PM,110N04148,810,0.6073913043478261,1.3639999999999992,23,38.5834,0.5379716666666667,16.80406,16.266088333333332,0.4571997167138811,1.3285032386140694,2.9833789263994674,2.2456692913385816
I-95 SB PM,110N04148,815,0.5726086956521739,1.2339999999999995,23,38.5834,0.5379716666666667,16.80406,16.266088333333332,0.4571997167138811,1.2524257446347382,2.699039292651718,2.155049354593773
I-95 SB PM,110N04148,820,0.5478260869565217,0.8979999999999999,23,38.5834,0.5379716666666667,16.80406,16.266088333333332,0.4571997167138811,1.1982205301744646,1.9641307008113804,1.6392063492063491
I-95 SB PM,110N04148,825,0.5734782608695652,1.2299999999999995,23,38.5834,0.5379716666666667,16.80406,16.266088333333332,0.4571997167138811,1.2543276819842215,2.690290380844095,2.144806671721
I-95 SB PM,110N04148,830,0.5726086956521739,1.0809999999999997,23,38.5834,0.5379716666666667,16.80406,16.266088333333332,0.4571997167138811,1.2524257446347382,2.364393416010136,1.887851176917236
I-95 SB PM,110N04148,835,0.5847826086956521,1.037,23,38.5834,0.5379716666666667,16.80406,16.266088333333332,0.4571997167138811,1.2790528675275041,2.268155386126282,1.7733085501858736
I-95 SB PM,110N04148,840,0.5704347826086956,0.9739999999999998,23,38.5834,0.5379716666666667,16.80406,16.266088333333332,0.4571997167138811,1.24767090126103,2.1303600251562185,1.7074695121951216
I-95 SB PM,110N04148,845,0.5904347826086956,1.2399999999999998,23,38.5834,0.5379716666666667,16.80406,16.266088333333332,0.4571997167138811,1.2914154602991454,2.7121626603631532,2.100147275405007
I-95 SB PM,110N04148,850,0.596086956521739,1.1849999999999998,23,38.5834,0.5379716666666667,16.80406,16.266088333333332,0.4571997167138811,1.3037780530707865,2.5918651230083363,1.987964989059081
I-95 SB PM,110N04148,855,0.6204347826086957,1.3099999999999998,23,38.5834,0.5379716666666667,16.80406,16.266088333333332,0.4571997167138811,1.3570322988563186,2.8652686169965573,2.111422564821303
I-95 SB PM,110N04148,860,0.6226086956521739,1.2329999999999999,23,38.5834,0.5379716666666667,16.80406,16.266088333333332,0.4571997167138811,1.3617871422300267,2.696852064699813,1.980377094972067
I-95 SB PM,110N04148,865,0.6478260869565217,1.176,23,38.5834,0.5379716666666667,16.80406,16.266088333333332,0.4571997167138811,1.4169433253650416,2.5721800714411844,1.8153020134228188
I-95 SB PM,110N04148,870,0.7034782608695652,1.416,23,38.5834,0.5379716666666667,16.80406,16.266088333333332,0.4571997167138811,1.5386673157319715,3.0971147798985688,2.0128553770086524
I-95 SB PM,110N04148,875,0.7295652173913044,1.2899999999999998,23,38.5834,0.5379716666666667,16.80406,16.266088333333332,0.4571997167138811,1.59572543621647,2.8215240579584417,1.7681764004767575
I-95 SB PM,110N04148,880,0.7573913043478262,1.3459999999999999,23,38.5834,0.5379716666666667,16.80406,16.266088333333332,0.4571997167138811,1.656587431399935,2.944008823265165,1.77715269804822
I-95 SB PM,110N04148,885,0.8821739130434783,1.6749999999999998,23,38.5834,0.5379716666666667,16.80406,16.266088333333332,0.4571997167138811,1.929515441050785,3.6636068194421627,1.8987185805815672
I-95 SB PM,110N04148,890,0.9152173913043479,1.9449999999999996,23,38.5834,0.5379716666666667,16.80406,16.266088333333332,0.4571997167138811,2.00178906033115,4.25415836645672,2.125178147268408
I-95 SB PM,110N04148,895,0.8504347826086956,1.817,23,38.5834,0.5379716666666667,16.80406,16.266088333333332,0.4571997167138811,1.8600947277946454,3.9741931886127824,2.1365541922290388
I-95 SB PM,110N04148,900,0.85,1.8549999999999993,23,38.5834,0.5379716666666667,16.80406,16.266088333333332,0.4571997167138811,1.8591437591199038,4.0573078507852,2.18235294117647
I-95 SB PM,110N04148,905,0.8195652173913044,1.6769999999999996,23,38.5834,0.5379716666666667,16.80406,16.266088333333332,0.4571997167138811,1.7925759518879891,3.667981275345974,2.0462068965517237
I-95 SB PM,110N04148,910,0.8152173913043478,1.8909999999999996,23,38.5834,0.5379716666666667,16.80406,16.266088333333332,0.4571997167138811,1.7830662651405726,4.1360480570538085,2.3196266666666663
I-95 SB PM,110N04148,915,0.811304347826087,1.7499999999999996,23,38.5834,0.5379716666666667,16.80406,16.266088333333332,0.4571997167138811,1.774507547067898,3.827648915835095,2.157020364415862
I-95 SB PM,110N04148,920,0.8239130434782609,1.8939999999999992,23,38.5834,0.5379716666666667,16.80406,16.266088333333332,0.4571997167138811,1.8020856386354054,4.142609740909525,2.2987862796833762
I-95 SB PM,110N04148,925,0.777391304347826,1.115,23,38.5834,0.5379716666666667,16.80406,16.266088333333332,0.4571997167138811,1.7003319904380498,2.4387591663749326,1.4342841163310964
I-95 SB PM,110N04148,930,0.8034782608695652,1.056,23,38.5834,0.5379716666666667,16.80406,16.266088333333332,0.4571997167138811,1.7573901109225483,2.3097127172124923,1.3142857142857143
I-95 SB PM,110N04148,935,0.927391304347826,1.6639999999999997,23,38.5834,0.5379716666666667,16.80406,16.266088333333332,0.4571997167138811,2.028416183223915,3.639547311971199,1.7942803563056726
I-95 SB PM,110N04148,940,1.0843478260869563,2.1839999999999997,23,38.5834,0.5379716666666667,16.80406,16.266088333333332,0.4571997167138811,2.3717158748056466,4.776905846962199,2.0141138732959103
I-95 SB PM,110N04148,945,0.9973913043478262,1.924,23,38.5834,0.5379716666666667,16.80406,16.266088333333332,0.4571997167138811,2.1815221398573197,4.208226579466699,1.9290322580645158
I-95 SB PM,110N04148,950,0.9247826086956522,1.9249999999999998,23,38.5834,0.5379716666666667,16.80406,16.266088333333332,0.4571997167138811,2.0227103711754655,4.210413807418605,2.0815702867889043
I-95 SB PM,110N04148,955,0.8134782608695652,2.0759999999999987,23,38.5834,0.5379716666666667,16.80406,16.266088333333332,0.4571997167138811,1.779262390441606,4.540685228156374,2.552004275788347
I-95 SB PM,110N04148,960,0.793913043478261,1.656,23,38.5834,0.5379716666666667,16.80406,16.266088333333332,0.4571997167138811,1.7364688000782327,3.6220494883559535,2.0858707557502734
I-95 SB PM,110N04148,965,0.8486956521739131,1.6639999999999995,23,38.5834,0.5379716666666667,16.80406,16.266088333333332,0.4571997167138811,1.856290853095679,3.6395473119711985,1.9606557377049174
I-95 SB PM,110N04148,970,0.8334782608695653,1.4849999999999999,23,38.5834,0.5379716666666667,16.80406,16.266088333333332,0.4571997167138811,1.8230069494797216,3.248033508580067,1.78169014084507
I-95 SB PM,110N04148,975,0.8152173913043478,1.398,23,38.5834,0.5379716666666667,16.80406,16.266088333333332,0.4571997167138811,1.7830662651405726,3.057744676764265,1.71488
I-95 SB PM,110N04148,980,0.7634782608695652,1.2499999999999998,23,38.5834,0.5379716666666667,16.80406,16.266088333333332,0.4571997167138811,1.6699009928463175,2.734034939882211,1.6372437357630978
I-95 SB PM,110N04148,985,0.7347826086956522,1.1709999999999998,23,38.5834,0.5379716666666667,16.80406,16.266088333333332,0.4571997167138811,1.6071370603133694,2.561243931681655,1.5936686390532542
I-95 SB PM,110N04148,990,0.7960869565217391,1.8309999999999993,23,38.5834,0.5379716666666667,16.80406,16.266088333333332,0.4571997167138811,1.7412236434519406,4.004814379939462,2.2999999999999994
I-95 SB PM,110N04148,995,0.8091304347826087,1.9979999999999993,23,38.5834,0.5379716666666667,16.80406,16.266088333333332,0.4571997167138811,1.7697527036941898,4.370081447907725,2.4693175711982795
I-95 SB PM,110N04148,1000,0.8795652173913043,2.0759999999999996,23,38.5834,0.5379716666666667,16.80406,16.266088333333332,0.4571997167138811,1.9238096290023352,4.540685228156376,2.3602570439940678
I-95 SB PM,110N04148,1005,0.8465217391304347,1.6449999999999998,23,38.5834,0.5379716666666667,16.80406,16.266088333333332,0.4571997167138811,1.8515360097219704,3.59798998088499,1.9432460195172059
I-95 SB PM,110N04148,1010,0.8460869565217392,1.6239999999999994,23,38.5834,0.5379716666666667,16.80406,16.266088333333332,0.4571997167138811,1.850585041047229,3.552058193894968,1.919424460431654
I-95 SB PM,110N04148,1015,0.768695652173913,1.817999999999999,23,38.5834,0.5379716666666667,16.80406,16.266088333333332,0.4571997167138811,1.6813126169432173,3.976380416564686,2.365045248868777
I-95 SB PM,110N04148,1020,0.7034782608695652,1.038,23,38.5834,0.5379716666666667,16.80406,16.266088333333332,0.4571997167138811,1.5386673157319715,2.2703426140781886,1.4755253399258343
I-95 SB PM,110N04148,1025,0.7165217391304348,1.2749999999999997,23,38.5834,0.5379716666666667,16.80406,16.266088333333332,0.4571997167138811,1.5671963759742207,2.788715638679855,1.7794296116504849
I-95 SB PM,110N04148,1030,0.7052173913043478,1.4689999999999996,23,38.5834,0.5379716666666667,16.80406,16.266088333333332,0.4571997167138811,1.542471190430938,3.2130378613495743,2.083045622688039
I-95 SB PM,110N04148,1035,0.7317391304347826,1.3519999999999994,23,38.5834,0.5379716666666667,16.80406,16.266088333333332,0.4571997167138811,1.6004802795901778,2.9571321909765986,1.8476530005941765
I-95 SB PM,110N04148,1040,0.6943478260869564,1.323,23,38.5834,0.5379716666666667,16.80406,16.266088333333332,0.4571997167138811,1.518696973562397,2.8937025803713325,1.905385097056982
I-95 SB PM,110N04148,1045,0.6508695652173914,1.2779999999999994,23,38.5834,0.5379716666666667,16.80406,16.266088333333332,0.4571997167138811,1.4236001060882333,2.7952773225355716,1.9635270541082153
I-95 SB PM,110N04148,1050,0.6578260869565218,1.5199999999999991,23,38.5834,0.5379716666666667,16.80406,16.266088333333332,0.4571997167138811,1.4388156048840994,3.3245864868967674,2.3106411103767335
I-95 SB PM,110N04148,1055,0.6665217391304348,1.3419999999999994,23,38.5834,0.5379716666666667,16.80406,16.266088333333332,0.4571997167138811,1.4578349783789322,2.935259911457541,2.0134377038486617
I-95 SB PM,110N04148,1060,0.6382608695652173,1.2979999999999998,23,38.5834,0.5379716666666667,16.80406,16.266088333333332,0.4571997167138811,1.3960220145207256,2.839021881573688,2.033651226158038
I-95 SB PM,110N04148,1065,0.5847826086956521,0.8549999999999998,23,38.5834,0.5379716666666667,16.80406,16.266088333333332,0.4571997167138811,1.2790528675275041,1.870079898879432,1.4620817843866167
I-95 SB PM,110N04148,1070,0.5756521739130435,0.8589999999999999,23,38.5834,0.5379716666666667,16.80406,16.266088333333332,0.4571997167138811,1.2590825253579296,1.8788288106870554,1.4922205438066463
I-95 SB PM,110N04148,1075,0.6134782608695651,1.1279999999999997,23,38.5834,0.5379716666666667,16.80406,16.266088333333332,0.4571997167138811,1.341816800060452,2.467193129749707,1.8386959603118354
I-95 SB PM,110N04148,1080,0.6282608695652173,1.117,23,38.5834,0.5379716666666667,16.80406,16.266088333333332,0.4571997167138811,1.3741497350016678,2.443133622278744,1.7779238754325262
I-95 SB PM,110N04148,1085,0.5960869565217392,1.065,23,38.5834,0.5379716666666667,16.80406,16.266088333333332,0.4571997167138811,1.3037780530707868,2.329397768779644,1.786652078774617
I-95 SB PM,110N04148,1090,0.5560869565217391,0.91,23,38.5834,0.5379716666666667,16.80406,16.266088333333332,0.4571997167138811,1.216288934994556,1.99037743623425,1.6364347146207976
I-95 SB PM,110N04148,1095,0.5565217391304348,0.9769999999999995,23,38.5834,0.5379716666666667,16.80406,16.266088333333332,0.4571997167138811,1.2172399036692976,2.1369217090119355,1.7555468749999992
I-95 SB PM,110N04148,1100,0.5604347826086957,0.8559999999999995,23,38.5834,0.5379716666666667,16.80406,16.266088333333332,0.4571997167138811,1.2257986217419725,1.8722671268313373,1.5273855702094636
I-95 SB PM,110N04148,1105,0.5726086956521739,0.8479999999999995,23,38.5834,0.5379716666666667,16.80406,16.266088333333332,0.4571997167138811,1.2524257446347382,1.8547693032160912,1.4809415337889136
I-95 SB PM,110N04148,1110,0.568695652173913,0.588,23,38.5834,0.5379716666666667,16.80406,16.266088333333332,0.4571997167138811,1.2438670265620635,1.2860900357205922,1.0339449541284402
I-95 SB PM,110N04148,1115,0.5691304347826087,0.6049999999999999,23,38.5834,0.5379716666666667,16.80406,16.266088333333332,0.4571997167138811,1.2448179952368053,1.3232729109029902,1.0630252100840334
I-95 SB PM,110N04148,1120,0.5482608695652174,0.6679999999999999,23,38.5834,0.5379716666666667,16.80406,16.266088333333332,0.4571997167138811,1.1991714988492064,1.4610682718730537,1.218398096748612
I-95 SB PM,110N04148,1125,0.5378260869565217,0.57,23,38.5834,0.5379716666666667,16.80406,16.266088333333332,0.4571997167138811,1.176348250655407,1.2467199325862883,1.0598221503637835
I-95 SB PM,110N04148,1130,0.5330434782608695,0.55,23,38.5834,0.5379716666666667,16.80406,16.266088333333332,0.4571997167138811,1.165887595233249,1.2029753735481732,1.0318107667210443
I-95 SB PM,110N04148,1135,0.5552173913043478,0.599,23,38.5834,0.5379716666666667,16.80406,16.266088333333332,0.4571997167138811,1.2143869976450725,1.3101495431915557,1.0788566953797964
I-95 SB PM,110N04148,1140,0.5782608695652174,0.7869999999999997,23,38.5834,0.5379716666666667,16.80406,16.266088333333332,0.4571997167138811,1.2647883374063795,1.7213483981498396,1.360977443609022
I-95 SB PM,110N04148,1145,0.5730434782608695,0.7459999999999998,23,38.5834,0.5379716666666667,16.80406,16.266088333333332,0.4571997167138811,1.2533767133094798,1.6316720521217032,1.301820940819423
I-95 SB PM,110N04148,1150,0.5321739130434783,0.569,23,38.5834,0.5379716666666667,16.80406,16.266088333333332,0.4571997167138811,1.163985657883766,1.2445327046343826,1.0691993464052287
I-95 SB PM,110N04148,1155,0.5234782608695653,0.559,23,38.5834,0.5379716666666667,16.80406,16.266088333333332,0.4571997167138811,1.1449662843889332,1.222660425115325,1.0678571428571428
I-95 SB PM,110N04148,1160,0.5230434782608696,0.569,23,38.5834,0.5379716666666667,16.80406,16.266088333333332,0.4571997167138811,1.1440153157141915,1.2445327046343826,1.0878636741479633
I-95 SB PM,110N04148,1165,0.5317391304347826,0.579,23,38.5834,0.5379716666666667,16.80406,16.266088333333332,0.4571997167138811,1.1630346892090242,1.2664049841534402,1.0888798037612428
I-95 SB PM,110N04148,1170,0.523913043478261,0.55,23,38.5834,0.5379716666666667,16.80406,16.266088333333332,0.4571997167138811,1.145917253063675,1.2029753735481732,1.0497925311203318
I-95 SB PM,110N04148,1175,0.5195652173913043,0.56,23,38.5834,0.5379716666666667,16.80406,16.266088333333332,0.4571997167138811,1.1364075663162583,1.2248476530672308,1.0778242677824268
I-95 SB PM,110N04148,1180,0.5108695652173914,0.55,23,38.5834,0.5379716666666667,16.80406,16.266088333333332,0.4571997167138811,1.1173881928214255,1.2029753735481732,1.076595744680851
I-95 SB PM,110N04148,1185,0.5230434782608696,0.56,23,38.5834,0.5379716666666667,16.80406,16.266088333333332,0.4571997167138811,1.1440153157141915,1.2248476530672308,1.0706566916043225
I-95 SB PM,110N04148,1190,0.5234782608695653,0.569,23,38.5834,0.5379716666666667,16.80406,16.266088333333332,0.4571997167138811,1.1449662843889332,1.2445327046343826,1.0869601328903653
I-95 SB PM,110N04148,1195,0.5243478260869565,0.589,23,38.5834,0.5379716666666667,16.80406,16.266088333333332,0.4571997167138811,1.1468682217384163,1.288277263672498,1.1233001658374793
I-95 SB PM,110N04148,1200,0.5156521739130434,0.559,23,38.5834,0.5379716666666667,16.80406,16.266088333333332,0.4571997167138811,1.1278488482435833,1.222660425115325,1.084064080944351
I-95 SB PM,110N04148,1205,0.5139130434782608,0.568,23,38.5834,0.5379716666666667,16.80406,16.266088333333332,0.4571997167138811,1.124044973544617,1.2423454766824769,1.1052453468697123
I-95 SB PM,110N04148,1210,0.5095652173913043,0.54,23,38.5834,0.5379716666666667,16.80406,16.266088333333332,0.4571997167138811,1.1145352867972005,1.1811030940291154,1.059726962457338
I-95 SB PM,110N04148,1215,0.5047826086956522,0.539,23,38.5834,0.5379716666666667,16.80406,16.266088333333332,0.4571997167138811,1.1040746313750425,1.1789158660772097,1.0677863910422052
I-95 SB PM,110N04148,1220,0.5113043478260869,0.557,23,38.5834,0.5379716666666667,16.80406,16.266088333333332,0.4571997167138811,1.118339161496167,1.2182859692115136,1.08937074829932
I-95 SB PM,110N04148,1225,0.51,0.539,23,38.5834,0.5379716666666667,16.80406,16.266088333333332,0.4571997167138811,1.1154862554719422,1.1789158660772097,1.0568627450980392
I-95 SB PM,110N04148,1230,0.5113043478260869,0.55,23,38.5834,0.5379716666666667,16.80406,16.266088333333332,0.4571997167138811,1.118339161496167,1.2029753735481732,1.0756802721088436
I-95 SB PM,110N04148,1235,0.5104347826086957,0.559,23,38.5834,0.5379716666666667,16.80406,16.266088333333332,0.4571997167138811,1.116437224146684,1.222660425115325,1.095144804088586
I-95 SB PM,110N04148,1240,0.51,0.568,23,38.5834,0.5379716666666667,16.80406,16.266088333333332,0.4571997167138811,1.1154862554719422,1.2423454766824769,1.1137254901960782
I-95 SB PM,110N04148,1245,0.4991304347826087,0.529,23,38.5834,0.5379716666666667,16.80406,16.266088333333332,0.4571997167138811,1.0917120386034014,1.1570435865581519,1.059843205574913
I-95 SB PM,110N04148,1250,0.4973913043478261,0.53,23,38.5834,0.5379716666666667,16.80406,16.266088333333332,0.4571997167138811,1.0879081639044348,1.1592308145100576,1.0655594405594406
I-95 SB PM,110N04148,1255,0.4969565217391304,0.529,23,38.5834,0.5379716666666667,16.80406,16.266088333333332,0.4571997167138811,1.086957195229693,1.1570435865581519,1.0644794400699913
I-95 SB PM,110N04149,720,1.1291304347826085,1.525,23,38.62824,1.034215,13.818838333333332,12.784623333333332,0.8715356147163956,1.2955643070880543,1.7497850624225455,1.3505968425105892
I-95 SB PM,110N04149,725,1.19,1.8489999999999995,23,38.62824,1.034215,13.818838333333332,12.784623333333332,0.8715356147163956,1.365406048710052,2.1215426756847777,1.5537815126050416
I-95 SB PM,110N04149,730,1.2160869565217391,2.3309999999999995,23,38.62824,1.034215,13.818838333333332,12.784623333333332,0.8715356147163956,1.3953382236909082,2.6745894954143954,1.916803718269574
I-95 SB PM,110N04149,735,1.29,2.779,23,38.62824,1.034215,13.818838333333332,12.784623333333332,0.8715356147163956,1.4801460528033337,3.1886247137522976,2.1542635658914726
I-95 SB PM,110N04149,740,1.3021739130434782,3.0769999999999995,23,38.62824,1.034215,13.818838333333332,12.784623333333332,0.8715356147163956,1.4941144011277332,3.5305499259502766,2.362971619365609
I-95 SB PM,110N04149,745,1.2078260869565218,2.53,23,38.62824,1.034215,13.818838333333332,12.784623333333332,0.8715356147163956,1.3858597016136371,2.902922103560026,2.094672426205903
I-95 SB PM,110N04149,750,1.2204347826086956,2.397,23,38.62824,1.034215,13.818838333333332,12.784623333333332,0.8715356147163956,1.4003269195210508,2.7503178981159615,1.9640541503384394
I-95 SB PM,110N04149,755,1.184782608695652,2.4339999999999984,23,38.62824,1.034215,13.818838333333332,12.784623333333332,0.8715356147163956,1.3594196137138808,2.792771699630474,2.054385321100916
I-95 SB PM,110N04149,760,1.1808695652173913,2.029,23,38.62824,1.034215,13.818838333333332,12.784623333333332,0.8715356147163956,1.3549297874667523,2.328074683052685,1.7182253313696612
I-95 SB PM,110N04149,765,1.174782608695652,2.1829999999999994,23,38.62824,1.034215,13.818838333333332,12.784623333333332,0.8715356147163956,1.3479456133045524,2.5047742893563383,1.8582161361954104
I-95 SB PM,110N04149,770,1.1539130434782607,2.2499999999999987,23,38.62824,1.034215,13.818838333333332,12.784623333333332,0.8715356147163956,1.3239998733198677,2.5816500920988363,1.9498869630746034
I-95 SB PM,110N04149,775,1.1830434782608696,1.767,23,38.62824,1.034215,13.818838333333332,12.784623333333332,0.8715356147163956,1.3574241353818237,2.027455872328287,1.4936052921719953
I-95 SB PM,110N04149,780,1.1904347826086956,1.8279999999999992,23,38.62824,1.034215,13.818838333333332,12.784623333333332,0.8715356147163956,1.3659049182930663,2.0974472748251882,1.5355734112490862
I-95 SB PM,110N04149,785,1.1291304347826085,1.4819999999999998,23,38.62824,1.034215,13.818838333333332,12.784623333333332,0.8715356147163956,1.2955643070880543,1.7004468606624343,1.3125144397381594
I-95 SB PM,110N04149,790,1.1669565217391304,1.9409999999999996,23,38.62824,1.034215,13.818838333333332,12.784623333333332,0.8715356147163956,1.3389659608102957,2.227103479450597,1.6633010432190756
I-95 SB PM,110N04149,795,1.1439130434782607,1.5279999999999998,23,38.62824,1.034215,13.818838333333332,12.784623333333332,0.8715356147163956,1.3125258729105393,1.7532272625453438,1.335765868491068
I-95 SB PM,110N04149,800,1.0860869565217393,1.8109999999999993,23,38.62824,1.034215,13.818838333333332,12.784623333333332,0.8715356147163956,1.246176218369642,2.0779414741293305,1.6674539631705356
I-95 SB PM,110N04149,805,1.118695652173913,1.5299999999999998,23,38.62824,1.034215,13.818838333333332,12.784623333333332,0.8715356147163956,1.283591437095712,1.7555220626272094,1.3676642052079282
I-95 SB PM,110N04149,810,1.1486956521739131,1.8469999999999998,23,38.62824,1.034215,13.818838333333332,12.784623333333332,0.8715356147163956,1.3180134383236966,2.1192478756029125,1.6079106737320208
I-95 SB PM,110N04149,815,1.1447826086956523,1.707999999999999,23,38.62824,1.034215,13.818838333333332,12.784623333333332,0.8715356147163956,1.3135236120765683,1.95975926991325,1.4919863273832121
I-95 SB PM,110N04149,820,1.156086956521739,1.9909999999999997,23,38.62824,1.034215,13.818838333333332,12.784623333333332,0.8715356147163956,1.326494221234939,2.284473481497238,1.72218879277924
I-95 SB PM,110N04149,825,1.193913043478261,2.783999999999998,23,38.62824,1.034215,13.818838333333332,12.784623333333332,0.8715356147163956,1.3698958749571806,3.1943617139569596,2.331828113619809
I-95 SB PM,110N04149,830,1.1160869565217393,1.8399999999999999,23,38.62824,1.034215,13.818838333333332,12.784623333333332,0.8715356147163956,1.2805982195976267,2.1112160753163827,1.648617062719127
I-95 SB PM,110N04149,835,1.0734782608695652,1.5219999999999996,23,38.62824,1.034215,13.818838333333332,12.784623333333332,0.8715356147163956,1.2317090004622282,1.7463428622997468,1.4178209801539081
I-95 SB PM,110N04149,840,1.038695652173913,2.022999999999999,23,38.62824,1.034215,13.818838333333332,12.784623333333332,0.8715356147163956,1.1917994338210867,2.321190282807087,1.9476349937212212
I-95 SB PM,110N04149,845,0.9756521739130435,1.4929999999999992,23,38.62824,1.034215,13.818838333333332,12.784623333333332,0.8715356147163956,1.1194633442840178,1.7130682611126946,1.530258467023172
I-95 SB PM,110N04149,850,0.9334782608695652,0.989,23,38.62824,1.034215,13.818838333333332,12.784623333333332,0.8715356147163956,1.0710729947316338,1.1347786404825557,1.05947834187238
I-95 SB PM,110N04149,855,0.9439130434782609,1.027,23,38.62824,1.034215,13.818838333333332,12.784623333333332,0.8715356147163956,1.0830458647239762,1.1783798420380027,1.0880239520958084
I-95 SB PM,110N04149,860,1.0047826086956522,1.2619999999999998,23,38.62824,1.034215,13.818838333333332,12.784623333333332,0.8715356147163956,1.1528876063459736,1.4480188516572146,1.2559930765902205
I-95 SB PM,110N04149,865,0.9730434782608696,1.289,23,38.62824,1.034215,13.818838333333332,12.784623333333332,0.8715356147163956,1.1164701267859323,1.4789986527624008,1.324709562109026
I-95 SB PM,110N04149,870,0.966086956521739,1.063,23,38.62824,1.034215,13.818838333333332,12.784623333333332,0.8715356147163956,1.1084882134577039,1.2196862435115843,1.1003150315031505
I-95 SB PM,110N04149,875,0.9669565217391305,1.2329999999999999,23,38.62824,1.034215,13.818838333333332,12.784623333333332,0.8715356147163956,1.1094859526237324,1.414744250470163,1.2751348920863308
I-95 SB PM,110N04149,880,0.988695652173913,1.1869999999999998,23,38.62824,1.034215,13.818838333333332,12.784623333333332,0.8715356147163956,1.1344294317744457,1.3619638485872534,1.2005716798592787
I-95 SB PM,110N04149,885,1.0808695652173912,1.979999999999999,23,38.62824,1.034215,13.818838333333332,12.784623333333332,0.8715356147163956,1.2401897833734705,2.2718520810469762,1.8318584070796453
I-95 SB PM,110N04149,890,1.117391304347826,2.5159999999999982,23,38.62824,1.034215,13.818838333333332,12.784623333333332,0.8715356147163956,1.282094828346669,2.886858502986965,2.251673151750971
I-95 SB PM,110N04149,895,1.1921739130434783,2.5809999999999986,23,38.62824,1.034215,13.818838333333332,12.784623333333332,0.8715356147163956,1.3679003966251233,2.961439505647599,2.1649525893508375
I-95 SB PM,110N04149,900,1.2530434782608695,2.275,23,38.62824,1.034215,13.818838333333332,12.784623333333332,0.8715356147163956,1.4377421382471207,2.610335093122158,1.8155794587092298
I-95 SB PM,110N04149,905,1.3665217391304347,2.855,23,38.62824,1.034215,13.818838333333332,12.784623333333332,0.8715356147163956,1.567947099413845,3.275827116863192,2.0892459433662105
I-95 SB PM,110N04149,910,1.413913043478261,2.852,23,38.62824,1.034215,13.818838333333332,12.784623333333332,0.8715356147163956,1.6223238839624001,3.2723849167403936,2.0170971709717094
I-95 SB PM,110N04149,915,1.4069565217391304,3.1719999999999993,23,38.62824,1.034215,13.818838333333332,12.784623333333332,0.8715356147163956,1.6143419706341717,3.639552929838894,2.2545117428924595
I-95 SB PM,110N04149,920,1.3378260869565217,3.0399999999999996,23,38.62824,1.034215,13.818838333333332,12.784623333333332,0.8715356147163956,1.5350217069349033,3.4880961244357627,2.272343191420214
I-95 SB PM,110N04149,925,1.3108695652173912,2.619,23,38.62824,1.034215,13.818838333333332,12.784623333333332,0.8715356147163956,1.5040917927880184,3.0050407072030474,1.9979104477611944
I-95 SB PM,110N04149,930,1.2952173913043479,2.5239999999999996,23,38.62824,1.034215,13.818838333333332,12.784623333333332,0.8715356147163956,1.486132487799505,2.896037703314429,1.9487076200067133
I-95 SB PM,110N04149,935,1.1682608695652175,2.0639999999999996,23,38.62824,1.034215,13.818838333333332,12.784623333333332,0.8715356147163956,1.3404625695593386,2.3682336844853333,1.7667286937104574
I-95 SB PM,110N04149,940,1.1621739130434783,1.9279999999999997,23,38.62824,1.034215,13.818838333333332,12.784623333333332,0.8715356147163956,1.333478395397139,2.2121872789184707,1.6589599700710809
I-95 SB PM,110N04149,945,1.2169565217391305,2.6769999999999987,23,38.62824,1.034215,13.818838333333332,12.784623333333332,0.8715356147163956,1.3963359628569367,3.071589909577149,2.1997499106823852
I-95 SB PM,110N04149,950,1.3147826086956522,2.700999999999999,23,38.62824,1.034215,13.818838333333332,12.784623333333332,0.8715356147163956,1.508581619035147,3.099127510559537,2.05433201058201
I-95 SB PM,110N04149,955,1.4108695652173915,2.712,23,38.62824,1.034215,13.818838333333332,12.784623333333332,0.8715356147163956,1.6188317968813004,3.1117489110097996,1.9222187981510015
I-95 SB PM,110N04149,960,1.461304347826087,2.8059999999999996,23,38.62824,1.034215,13.818838333333332,12.784623333333332,0.8715356147163956,1.6767006685109553,3.2196045148574837,1.9202023207378753
I-95 SB PM,110N04149,965,1.43,2.9739999999999998,23,38.62824,1.034215,13.818838333333332,12.784623333333332,0.8715356147163956,1.640782058533928,3.412367721734197,2.07972027972028
I-95 SB PM,110N04149,970,1.413913043478261,3.2229999999999994,23,38.62824,1.034215,13.818838333333332,12.784623333333332,0.8715356147163956,1.6223238839624001,3.698070331926468,2.279489544895448
I-95 SB PM,110N04149,975,1.3652173913043477,2.7339999999999995,23,38.62824,1.034215,13.818838333333332,12.784623333333332,0.8715356147163956,1.566450490664802,3.1369917119103206,2.002611464968153
I-95 SB PM,110N04149,980,1.4717391304347827,3.2619999999999996,23,38.62824,1.034215,13.818838333333332,12.784623333333332,0.8715356147163956,1.6886735385032978,3.742818933522848,2.21642540620384
I-95 SB PM,110N04149,985,1.5521739130434784,2.669,23,38.62824,1.034215,13.818838333333332,12.784623333333332,0.8715356147163956,1.7809644113609375,3.062410709249688,1.7195238095238095
I-95 SB PM,110N04149,990,1.621304347826087,2.8759999999999994,23,38.62824,1.034215,13.818838333333332,12.784623333333332,0.8715356147163956,1.860284675060206,3.2999225177227807,1.7738803968892463
I-95 SB PM,110N04149,995,1.5730434782608695,2.888,23,38.62824,1.034215,13.818838333333332,12.784623333333332,0.8715356147163956,1.8049101513456223,3.3136913182139747,1.8359314538419016
I-95 SB PM,110N04149,1000,1.3995652173913042,2.906,23,38.62824,1.034215,13.818838333333332,12.784623333333332,0.8715356147163956,1.6058611877229292,3.3343445189507657,2.0763591177384284
I-95 SB PM,110N04149,1005,1.4447826086956521,3.574999999999998,23,38.62824,1.034215,13.818838333333332,12.784623333333332,0.8715356147163956,1.657743624356413,4.101955146334817,2.474420704182966
I-95 SB PM,110N04149,1010,1.427391304347826,3.248999999999999,23,38.62824,1.034215,13.818838333333332,12.784623333333332,0.8715356147163956,1.6377888410358423,3.727902732990721,2.2761803228754185
I-95 SB PM,110N04149,1015,1.4656521739130435,3.756999999999999,23,38.62824,1.034215,13.818838333333332,12.784623333333332,0.8715356147163956,1.681689364341098,4.310781953784591,2.5633639869474925
I-95 SB PM,110N04149,1020,1.4939130434782608,4.166999999999997,23,38.62824,1.034215,13.818838333333332,12.784623333333332,0.8715356147163956,1.7141158872370255,4.781215970567044,2.7893189755529666
I-95 SB PM,110N04149,1025,1.3817391304347826,2.7299999999999986,23,38.62824,1.034215,13.818838333333332,12.784623333333332,0.8715356147163956,1.5854075348193442,3.1324021117465883,1.9757709251101312
I-95 SB PM,110N04149,1030,1.363913043478261,2.7329999999999997,23,38.62824,1.034215,13.818838333333332,12.784623333333332,0.8715356147163956,1.5649538819157593,3.1358443118693877,2.0037934332164484
I-95 SB PM,110N04149,1035,1.3521739130434782,3.2749999999999986,23,38.62824,1.034215,13.818838333333332,12.784623333333332,0.8715356147163956,1.551484403174374,3.7577351340549736,2.4220257234726676
I-95 SB PM,110N04149,1040,1.4282608695652175,3.7369999999999983,23,38.62824,1.034215,13.818838333333332,12.784623333333332,0.8715356147163956,1.638786580201871,4.287833952965935,2.6164687975646865
I-95 SB PM,110N04149,1045,1.4713043478260872,3.1089999999999995,23,38.62824,1.034215,13.818838333333332,12.784623333333332,0.8715356147163956,1.688174668920284,3.567266727260127,2.113091016548463
I-95 SB PM,110N04149,1050,1.4995652173913043,2.792,23,38.62824,1.034215,13.818838333333332,12.784623333333332,0.8715356147163956,1.720601191816211,3.2035409142844244,1.8618730066685996
I-95 SB PM,110N04149,1055,1.5147826086956524,2.679,23,38.62824,1.034215,13.818838333333332,12.784623333333332,0.8715356147163956,1.7380616272217106,3.073884709659016,1.7685706084959814
I-95 SB PM,110N04149,1060,1.3847826086956523,3.061999999999999,23,38.62824,1.034215,13.818838333333332,12.784623333333332,0.8715356147163956,1.5888996219004443,3.5133389253362837,2.211177394034536
I-95 SB PM,110N04149,1065,1.434782608695652,3.0359999999999996,23,38.62824,1.034215,13.818838333333332,12.784623333333332,0.8715356147163956,1.6462696239470849,3.4835065242720313,2.1159999999999997
I-95 SB PM,110N04149,1070,1.3895652173913045,3.0429999999999993,23,38.62824,1.034215,13.818838333333332,12.784623333333332,0.8715356147163956,1.5943871873136013,3.4915383245585607,2.189893617021276
I-95 SB PM,110N04149,1075,1.2408695652173913,2.4999999999999996,23,38.62824,1.034215,13.818838333333332,12.784623333333332,0.8715356147163956,1.4237737899227214,2.8685001023320416,2.0147161878065867
I-95 SB PM,110N04149,1080,1.156086956521739,2.4269999999999996,23,38.62824,1.034215,13.818838333333332,12.784623333333332,0.8715356147163956,1.326494221234939,2.784739899343946,2.099323053779616
I-95 SB PM,110N04149,1085,1.0756521739130434,2.2339999999999987,23,38.62824,1.034215,13.818838333333332,12.784623333333332,0.8715356147163956,1.2342033483772994,2.563291691443911,2.076879547291834
I-95 SB PM,110N04149,1090,0.9943478260869566,1.7549999999999988,23,38.62824,1.034215,13.818838333333332,12.784623333333332,0.8715356147163956,1.1409147363536314,2.0136870718370923,1.7649759510275456
I-95 SB PM,110N04149,1095,0.9708695652173914,1.1889999999999996,23,38.62824,1.034215,13.818838333333332,12.784623333333332,0.8715356147163956,1.113975778870861,1.3642586486691188,1.2246753246753241
I-95 SB PM,110N04149,1100,0.9495652173913044,1.1569999999999996,23,38.62824,1.034215,13.818838333333332,12.784623333333332,0.8715356147163956,1.0895311693031617,1.3275418473592686,1.2184523809523804
I-95 SB PM,110N04149,1105,0.9339130434782609,1.049,23,38.62824,1.034215,13.818838333333332,12.784623333333332,0.8715356147163956,1.0715718643146481,1.2036226429385248,1.1232309124767224
I-95 SB PM,110N04149,1110,0.9708695652173912,1.3419999999999994,23,38.62824,1.034215,13.818838333333332,12.784623333333332,0.8715356147163956,1.1139757788708606,1.5398108549318394,1.3822660098522164
I-95 SB PM,110N04149,1115,0.9708695652173912,1.4209999999999994,23,38.62824,1.034215,13.818838333333332,12.784623333333332,0.8715356147163956,1.1139757788708606,1.630455458165532,1.4636363636363632
I-95 SB PM,110N04149,1120,0.9691304347826086,1.0619999999999998,23,38.62824,1.034215,13.818838333333332,12.784623333333332,0.8715356147163956,1.1119803005388036,1.2185388434706512,1.0958277254374158
I-95 SB PM,110N04149,1125,0.9856521739130436,1.017,23,38.62824,1.034215,13.818838333333332,12.784623333333332,0.8715356147163956,1.1309373446933462,1.1669058416286746,1.0318041464490513
I-95 SB PM,110N04149,1130,1.0230434782608697,1.008,23,38.62824,1.034215,13.818838333333332,12.784623333333332,0.8715356147163956,1.1738401288325733,1.1565792412602793,0.9852953676158095
I-95 SB PM,110N04149,1135,1.0265217391304347,1.007,23,38.62824,1.034215,13.818838333333332,12.784623333333332,0.8715356147163956,1.177831085496687,1.1554318412193465,0.9809826344769166
I-95 SB PM,110N04149,1140,1.0482608695652174,1.2999999999999996,23,38.62824,1.034215,13.818838333333332,12.784623333333332,0.8715356147163956,1.2027745646474006,1.4916200532126613,1.240149315636665
I-95 SB PM,110N04149,1145,1.0934782608695652,2.0289999999999986,23,38.62824,1.034215,13.818838333333332,12.784623333333332,0.8715356147163956,1.2546570012808844,2.3280746830526837,1.8555467196819073
I-95 SB PM,110N04149,1150,1.072608695652174,1.700999999999999,23,38.62824,1.034215,13.818838333333332,12.784623333333332,0.8715356147163956,1.2307112612962,1.9517274696267202,1.5858532630725566
I-95 SB PM,110N04149,1155,1.1052173913043477,1.7429999999999999,23,38.62824,1.034215,13.818838333333332,12.784623333333332,0.8715356147163956,1.2681264800222696,1.9999182713458996,1.5770653029110937
I-95 SB PM,110N04149,1160,1.1504347826086956,2.0489999999999995,23,38.62824,1.034215,13.818838333333332,12.784623333333332,0.8715356147163956,1.3200089166557536,2.3510226838713413,1.781065759637188
I-95 SB PM,110N04149,1165,1.2556521739130435,3.1559999999999984,23,38.62824,1.034215,13.818838333333332,12.784623333333332,0.8715356147163956,1.4407353557452065,3.621194529183968,2.51343490304709
I-95 SB PM,110N04149,1170,1.2813043478260868,2.6639999999999993,23,38.62824,1.034215,13.818838333333332,12.784623333333332,0.8715356147163956,1.4701686611430482,3.056673709045023,2.0791313199864265
I-95 SB PM,110N04149,1175,1.311304347826087,2.193,23,38.62824,1.034215,13.818838333333332,12.784623333333332,0.8715356147163956,1.504590662371033,2.5162482897656675,1.6723806366047744
I-95 SB PM,110N04149,1180,1.3582608695652174,2.580999999999999,23,38.62824,1.034215,13.818838333333332,12.784623333333332,0.8715356147163956,1.5584685773365738,2.9614395056475993,1.9002240717029442
I-95 SB PM,110N04149,1185,1.371304347826087,2.3369999999999997,23,38.62824,1.034215,13.818838333333332,12.784623333333332,0.8715356147163956,1.5734346648270017,2.6814738956599924,1.7042168674698794
I-95 SB PM,110N04149,1190,1.3121739130434782,2.201,23,38.62824,1.034215,13.818838333333332,12.784623333333332,0.8715356147163956,1.5055884015370613,2.5254274900931297,1.6773691186216038
I-95 SB PM,110N04149,1195,1.3026086956521739,2.4389999999999996,23,38.62824,1.034215,13.818838333333332,12.784623333333332,0.8715356147163956,1.4946132707107473,2.7985086998351396,1.8723965287049398
I-95 SB PM,110N04149,1200,1.2517391304347825,2.559,23,38.62824,1.034215,13.818838333333332,12.784623333333332,0.8715356147163956,1.4362455294980778,2.9361967047470783,2.044355679055228
I-95 SB PM,110N04149,1205,1.2269565217391305,2.8569999999999993,23,38.62824,1.034215,13.818838333333332,12.784623333333332,0.8715356147163956,1.4078099632662648,3.278121916945057,2.328525868178596
I-95 SB PM,110N04149,1210,1.1695652173913043,3.014999999999997,23,38.62824,1.034215,13.818838333333332,12.784623333333332,0.8715356147163956,1.3419591783083813,3.459411123412439,2.577881040892191
I-95 SB PM,110N04149,1215,1.1308695652173915,2.5849999999999977,23,38.62824,1.034215,13.818838333333332,12.784623333333332,0.8715356147163956,1.2975597854201117,2.966029105811329,2.2858515955401746
I-95 SB PM,110N04149,1220,1.177391304347826,1.8539999999999996,23,38.62824,1.034215,13.818838333333332,12.784623333333332,0.8715356147163956,1.350938830802638,2.127279675889442,1.5746676514032496
I-95 SB PM,110N04149,1225,1.1991304347826088,1.8609999999999993,23,38.62824,1.034215,13.818838333333332,12.784623333333332,0.8715356147163956,1.3758823099533517,2.1353114761759713,1.55195794053662
I-95 SB PM,110N04149,1230,1.151304347826087,1.682,23,38.62824,1.034215,13.818838333333332,12.784623333333332,0.8715356147163956,1.3210066558217821,1.929926868848998,1.46095166163142
I-95 SB PM,110N04149,1235,1.1904347826086956,1.7309999999999997,23,38.62824,1.034215,13.818838333333332,12.784623333333332,0.8715356147163956,1.3659049182930663,1.9861494708547054,1.4540905770635497
I-95 SB PM,110N04149,1240,1.0921739130434782,1.9629999999999987,23,38.62824,1.034215,13.818838333333332,12.784623333333332,0.8715356147163956,1.2531603925318415,2.252346280351118,1.7973328025477697
I-95 SB PM,110N04149,1245,1.0378260869565217,1.740999999999999,23,38.62824,1.034215,13.818838333333332,12.784623333333332,0.8715356147163956,1.1908016946550581,1.9976234712640328,1.677545035609551
I-95 SB PM,110N04149,1250,1.0739130434782609,1.4309999999999994,23,38.62824,1.034215,13.818838333333332,12.784623333333332,0.8715356147163956,1.2322078700452423,1.64192945857486,1.3325101214574893
I-95 SB PM,110N04149,1255,1.0604347826086957,1.0699999999999998,23,38.62824,1.034215,13.818838333333332,12.784623333333332,0.8715356147163956,1.2167429129718002,1.227718043798114,1.0090200902009019
I-95 SB PM,110N04150,720,0.6104347826086957,0.607,23,38.64448,0.6280966666666666,12.233039999999999,11.604943333333333,0.5383685714285714,1.1338603607355742,1.1274803772243125,0.9943732193732193
I-95 SB PM,110N04150,725,0.6143478260869566,0.598,23,38.64448,0.6280966666666666,12.233039999999999,11.604943333333333,0.5383685714285714,1.141128696381315,1.1107632052391085,0.973389950460014
I-95 SB PM,110N04150,730,0.6252173913043478,0.59,23,38.64448,0.6280966666666666,12.233039999999999,11.604943333333333,0.5383685714285714,1.161318517619484,1.095903496807816,0.9436717663421418
I-95 SB PM,110N04150,735,0.6356521739130434,0.618,23,38.64448,0.6280966666666666,12.233039999999999,11.604943333333333,0.5383685714285714,1.180700746008126,1.1479124763173396,0.9722298221614228
I-95 SB PM,110N04150,740,0.6313043478260869,0.599,23,38.64448,0.6280966666666666,12.233039999999999,11.604943333333333,0.5383685714285714,1.1726248175128586,1.1126206687930202,0.9488292011019284
I-95 SB PM,110N04150,745,0.6369565217391304,0.647,23,38.64448,0.6280966666666666,12.233039999999999,11.604943333333333,0.5383685714285714,1.1831235245567064,1.2017789193807749,1.0157679180887373
I-95 SB PM,110N04150,750,0.6399999999999999,0.7159999999999997,23,38.64448,0.6280966666666666,12.233039999999999,11.604943333333333,0.5383685714285714,1.1887766745033936,1.3299439046006714,1.1187499999999997
I-95 SB PM,110N04150,755,0.6430434782608696,0.6629999999999999,23,38.64448,0.6280966666666666,12.233039999999999,11.604943333333333,0.5383685714285714,1.1944298244500813,1.2314983362433594,1.0310344827586204
I-95 SB PM,110N04150,760,0.6330434782608696,0.598,23,38.64448,0.6280966666666666,12.233039999999999,11.604943333333333,0.5383685714285714,1.1758551889109656,1.1107632052391085,0.944642857142857
I-95 SB PM,110N04150,765,0.6386956521739131,0.6,23,38.64448,0.6280966666666666,12.233039999999999,11.604943333333333,0.5383685714285714,1.1863538959548137,1.1144781323469317,0.9394145677331517
I-95 SB PM,110N04150,770,0.6243478260869565,0.589,23,38.64448,0.6280966666666666,12.233039999999999,11.604943333333333,0.5383685714285714,1.1597033319204304,1.0940460332539046,0.9433844011142061
I-95 SB PM,110N04150,775,0.6134782608695651,0.609,23,38.64448,0.6280966666666666,12.233039999999999,11.604943333333333,0.5383685714285714,1.1395135106822611,1.1311953043321357,0.9927002126151666
I-95 SB PM,110N04150,780,0.6134782608695651,0.617,23,38.64448,0.6280966666666666,12.233039999999999,11.604943333333333,0.5383685714285714,1.1395135106822611,1.1460550127634281,1.0057406094968109
I-95 SB PM,110N04150,785,0.6130434782608696,0.588,23,38.64448,0.6280966666666666,12.233039999999999,11.604943333333333,0.5383685714285714,1.1387059178327346,1.0921885696999931,0.9591489361702127
I-95 SB PM,110N04150,790,0.5865217391304348,0.598,23,38.64448,0.6280966666666666,12.233039999999999,11.604943333333333,0.5383685714285714,1.0894427540116023,1.1107632052391085,1.019570051890289
I-95 SB PM,110N04150,795,0.5721739130434783,0.598,23,38.64448,0.6280966666666666,12.233039999999999,11.604943333333333,0.5383685714285714,1.062792189977219,1.1107632052391085,1.0451367781155014
I-95 SB PM,110N04150,800,0.5704347826086957,0.59,23,38.64448,0.6280966666666666,12.233039999999999,11.604943333333333,0.5383685714285714,1.059561818579112,1.095903496807816,1.0342987804878048
I-95 SB PM,110N04150,805,0.5695652173913043,0.589,23,38.64448,0.6280966666666666,12.233039999999999,11.604943333333333,0.5383685714285714,1.0579466328800582,1.0940460332539046,1.0341221374045801
I-95 SB PM,110N04150,810,0.5726086956521739,0.589,23,38.64448,0.6280966666666666,12.233039999999999,11.604943333333333,0.5383685714285714,1.0635997828267456,1.0940460332539046,1.0286256643887624
I-95 SB PM,110N04150,815,0.568695652173913,0.589,23,38.64448,0.6280966666666666,12.233039999999999,11.604943333333333,0.5383685714285714,1.0563314471810048,1.0940460332539046,1.0357033639143731
I-95 SB PM,110N04150,820,0.57,0.58,23,38.64448,0.6280966666666666,12.233039999999999,11.604943333333333,0.5383685714285714,1.058754225729585,1.0773288612687006,1.0175438596491229
I-95 SB PM,110N04150,825,0.5852173913043478,0.579,23,38.64448,0.6280966666666666,12.233039999999999,11.604943333333333,0.5383685714285714,1.0870199754630219,1.0754713977147892,0.9893759286775631
I-95 SB PM,110N04150,830,0.5895652173913044,0.61,23,38.64448,0.6280966666666666,12.233039999999999,11.604943333333333,0.5383685714285714,1.0950959039582895,1.1330527678860474,1.0346607669616519
I-95 SB PM,110N04150,835,0.5921739130434783,0.7069999999999997,23,38.64448,0.6280966666666666,12.233039999999999,11.604943333333333,0.5383685714285714,1.09994146105545,1.3132267326154674,1.1939060205580023
I-95 SB PM,110N04150,840,0.5843478260869565,0.607,23,38.64448,0.6280966666666666,12.233039999999999,11.604943333333333,0.5383685714285714,1.0854047897639683,1.1274803772243125,1.038764880952381
I-95 SB PM,110N04150,845,0.5673913043478261,0.607,23,38.64448,0.6280966666666666,12.233039999999999,11.604943333333333,0.5383685714285714,1.0539086686324246,1.1274803772243125,1.0698084291187737
I-95 SB PM,110N04150,850,0.5760869565217391,0.589,23,38.64448,0.6280966666666666,12.233039999999999,11.604943333333333,0.5383685714285714,1.0700605256229598,1.0940460332539046,1.0224150943396226
I-95 SB PM,110N04150,855,0.5760869565217391,0.607,23,38.64448,0.6280966666666666,12.233039999999999,11.604943333333333,0.5383685714285714,1.0700605256229598,1.1274803772243125,1.0536603773584905
I-95 SB PM,110N04150,860,0.5730434782608695,0.59,23,38.64448,0.6280966666666666,12.233039999999999,11.604943333333333,0.5383685714285714,1.0644073756762724,1.095903496807816,1.0295902883156298
I-95 SB PM,110N04150,865,0.5643478260869565,0.579,23,38.64448,0.6280966666666666,12.233039999999999,11.604943333333333,0.5383685714285714,1.0482555186857374,1.0754713977147892,1.0259630200308165
I-95 SB PM,110N04150,870,0.5643478260869565,0.58,23,38.64448,0.6280966666666666,12.233039999999999,11.604943333333333,0.5383685714285714,1.0482555186857374,1.0773288612687006,1.0277349768875192
I-95 SB PM,110N04150,875,0.568695652173913,0.59,23,38.64448,0.6280966666666666,12.233039999999999,11.604943333333333,0.5383685714285714,1.0563314471810048,1.095903496807816,1.0374617737003058
I-95 SB PM,110N04150,880,0.5708695652173913,0.599,23,38.64448,0.6280966666666666,12.233039999999999,11.604943333333333,0.5383685714285714,1.0603694114286386,1.1126206687930202,1.0492764661081493
I-95 SB PM,110N04150,885,0.5691304347826087,0.59,23,38.64448,0.6280966666666666,12.233039999999999,11.604943333333333,0.5383685714285714,1.0571390400305316,1.095903496807816,1.0366692131398012
I-95 SB PM,110N04150,890,0.5708695652173913,0.599,23,38.64448,0.6280966666666666,12.233039999999999,11.604943333333333,0.5383685714285714,1.0603694114286386,1.1126206687930202,1.0492764661081493
I-95 SB PM,110N04150,895,0.5704347826086957,0.599,23,38.64448,0.6280966666666666,12.233039999999999,11.604943333333333,0.5383685714285714,1.059561818579112,1.1126206687930202,1.0500762195121949
I-95 SB PM,110N04150,900,0.5791304347826087,0.6439999999999999,23,38.64448,0.6280966666666666,12.233039999999999,11.604943333333333,0.5383685714285714,1.0757136755696473,1.19620652871904,1.1120120120120118
I-95 SB PM,110N04150,905,0.581304347826087,0.619,23,38.64448,0.6280966666666666,12.233039999999999,11.604943333333333,0.5383685714285714,1.079751639817281,1.1497699398712513,1.0648466716529543
I-95 SB PM,110N04150,910,0.577391304347826,0.627,23,38.64448,0.6280966666666666,12.233039999999999,11.604943333333333,0.5383685714285714,1.07248330417154,1.1646296483025438,1.0859186746987952
I-95 SB PM,110N04150,915,0.581304347826087,0.6,23,38.64448,0.6280966666666666,12.233039999999999,11.604943333333333,0.5383685714285714,1.079751639817281,1.1144781323469317,1.0321615557217652
I-95 SB PM,110N04150,920,0.5869565217391305,0.62,23,38.64448,0.6280966666666666,12.233039999999999,11.604943333333333,0.5383685714285714,1.090250346861129,1.1516274034251628,1.0562962962962963
I-95 SB PM,110N04150,925,0.5930434782608696,0.637,23,38.64448,0.6280966666666666,12.233039999999999,11.604943333333333,0.5383685714285714,1.1015566467545035,1.1832042838416592,1.0741202346041057
I-95 SB PM,110N04150,930,0.591304347826087,0.628,23,38.64448,0.6280966666666666,12.233039999999999,11.604943333333333,0.5383685714285714,1.0983262753563965,1.1664871118564553,1.0620588235294117
I-95 SB PM,110N04150,935,0.5921739130434782,0.619,23,38.64448,0.6280966666666666,12.233039999999999,11.604943333333333,0.5383685714285714,1.0999414610554499,1.1497699398712513,1.045301027900147
I-95 SB PM,110N04150,940,0.5869565217391305,0.619,23,38.64448,0.6280966666666666,12.233039999999999,11.604943333333333,0.5383685714285714,1.090250346861129,1.1497699398712513,1.0545925925925925
I-95 SB PM,110N04150,945,0.5869565217391305,0.628,23,38.64448,0.6280966666666666,12.233039999999999,11.604943333333333,0.5383685714285714,1.090250346861129,1.1664871118564553,1.0699259259259257
I-95 SB PM,110N04150,950,0.5847826086956521,0.6,23,38.64448,0.6280966666666666,12.233039999999999,11.604943333333333,0.5383685714285714,1.086212382613495,1.1144781323469317,1.0260223048327137
I-95 SB PM,110N04150,955,0.5852173913043478,0.62,23,38.64448,0.6280966666666666,12.233039999999999,11.604943333333333,0.5383685714285714,1.0870199754630219,1.1516274034251628,1.0594353640416048
I-95 SB PM,110N04150,960,0.5908695652173913,0.61,23,38.64448,0.6280966666666666,12.233039999999999,11.604943333333333,0.5383685714285714,1.0975186825068697,1.1330527678860474,1.0323767476085357
I-95 SB PM,110N04150,965,0.5852173913043478,0.62,23,38.64448,0.6280966666666666,12.233039999999999,11.604943333333333,0.5383685714285714,1.0870199754630219,1.1516274034251628,1.0594353640416048
I-95 SB PM,110N04150,970,0.591304347826087,0.638,23,38.64448,0.6280966666666666,12.233039999999999,11.604943333333333,0.5383685714285714,1.0983262753563965,1.1850617473955707,1.078970588235294
I-95 SB PM,110N04150,975,0.5943478260869565,0.6729999999999999,23,38.64448,0.6280966666666666,12.233039999999999,11.604943333333333,0.5383685714285714,1.1039794253030837,1.250072971782475,1.1323335771762983
I-95 SB PM,110N04150,980,0.5973913043478261,0.61,23,38.64448,0.6280966666666666,12.233039999999999,11.604943333333333,0.5383685714285714,1.109632575249771,1.1330527678860474,1.0211062590975255
I-95 SB PM,110N04150,985,0.6069565217391304,0.6659999999999999,23,38.64448,0.6280966666666666,12.233039999999999,11.604943333333333,0.5383685714285714,1.12739961793936,1.237070726905094,1.0972779369627506
I-95 SB PM,110N04150,990,0.6065217391304347,0.667,23,38.64448,0.6280966666666666,12.233039999999999,11.604943333333333,0.5383685714285714,1.1265920250898331,1.238928190459006,1.0997132616487457
I-95 SB PM,110N04150,995,0.6178260869565217,0.62,23,38.64448,0.6280966666666666,12.233039999999999,11.604943333333333,0.5383685714285714,1.147589439177529,1.1516274034251628,1.003518648838846
I-95 SB PM,110N04150,1000,0.6230434782608696,0.619,23,38.64448,0.6280966666666666,12.233039999999999,11.604943333333333,0.5383685714285714,1.1572805533718502,1.1497699398712513,0.99351011863224
I-95 SB PM,110N04150,1005,0.628695652173913,0.639,23,38.64448,0.6280966666666666,12.233039999999999,11.604943333333333,0.5383685714285714,1.167779260415698,1.1869192109494824,1.016390041493776
I-95 SB PM,110N04150,1010,0.6156521739130435,0.6749999999999999,23,38.64448,0.6280966666666666,12.233039999999999,11.604943333333333,0.5383685714285714,1.1435514749298952,1.2537878988902982,1.0963983050847457
I-95 SB PM,110N04150,1015,0.6073913043478261,0.65,23,38.64448,0.6280966666666666,12.233039999999999,11.604943333333333,0.5383685714285714,1.1282072107888867,1.2073513100425095,1.0701503221188262
I-95 SB PM,110N04150,1020,0.601304347826087,0.648,23,38.64448,0.6280966666666666,12.233039999999999,11.604943333333333,0.5383685714285714,1.1169009108955121,1.2036363829346863,1.0776572668112798
I-95 SB PM,110N04150,1025,0.6117391304347827,0.64,23,38.64448,0.6280966666666666,12.233039999999999,11.604943333333333,0.5383685714285714,1.1362831392841544,1.1887766745033939,1.0461975835110162
I-95 SB PM,110N04150,1030,0.6073913043478261,0.6739999999999999,23,38.64448,0.6280966666666666,12.233039999999999,11.604943333333333,0.5383685714285714,1.1282072107888867,1.2519304353363865,1.109663564781675
I-95 SB PM,110N04150,1035,0.61,0.657,23,38.64448,0.6280966666666666,12.233039999999999,11.604943333333333,0.5383685714285714,1.1330527678860474,1.2203535549198903,1.077049180327869
I-95 SB PM,110N04150,1040,0.6156521739130435,0.649,23,38.64448,0.6280966666666666,12.233039999999999,11.604943333333333,0.5383685714285714,1.1435514749298952,1.2054938464885978,1.0541666666666667
I-95 SB PM,110N04150,1045,0.6213043478260869,0.7479999999999999,23,38.64448,0.6280966666666666,12.233039999999999,11.604943333333333,0.5383685714285714,1.154050181973743,1.3893827383258415,1.2039188243526942
I-95 SB PM,110N04150,1050,0.6108695652173912,0.6829999999999998,23,38.64448,0.6280966666666666,12.233039999999999,11.604943333333333,0.5383685714285714,1.1346679535851008,1.2686476073215904,1.1180782918149466
I-95 SB PM,110N04150,1055,0.6021739130434782,0.649,23,38.64448,0.6280966666666666,12.233039999999999,11.604943333333333,0.5383685714285714,1.1185160965945655,1.2054938464885978,1.0777617328519857
I-95 SB PM,110N04150,1060,0.6095652173913043,0.63,23,38.64448,0.6280966666666666,12.233039999999999,11.604943333333333,0.5383685714285714,1.1322451750365206,1.1702020389642784,1.0335235378031384
I-95 SB PM,110N04150,1065,0.5978260869565217,0.61,23,38.64448,0.6280966666666666,12.233039999999999,11.604943333333333,0.5383685714285714,1.110440168099298,1.1330527678860474,1.0203636363636364
I-95 SB PM,110N04150,1070,0.5908695652173913,0.64,23,38.64448,0.6280966666666666,12.233039999999999,11.604943333333333,0.5383685714285714,1.0975186825068697,1.1887766745033939,1.083149374540103
I-95 SB PM,110N04150,1075,0.5834782608695652,0.618,23,38.64448,0.6280966666666666,12.233039999999999,11.604943333333333,0.5383685714285714,1.0837896040649149,1.1479124763173396,1.0591654247391953
I-95 SB PM,110N04150,1080,0.5856521739130435,0.619,23,38.64448,0.6280966666666666,12.233039999999999,11.604943333333333,0.5383685714285714,1.0878275683125487,1.1497699398712513,1.0569413511507053
I-95 SB PM,110N04150,1085,0.5804347826086956,0.619,23,38.64448,0.6280966666666666,12.233039999999999,11.604943333333333,0.5383685714285714,1.0781364541182274,1.1497699398712513,1.0664419475655431
I-95 SB PM,110N04150,1090,0.5769565217391304,0.6,23,38.64448,0.6280966666666666,12.233039999999999,11.604943333333333,0.5383685714285714,1.0716757113220132,1.1144781323469317,1.039939713639789
I-95 SB PM,110N04150,1095,0.5821739130434783,0.62,23,38.64448,0.6280966666666666,12.233039999999999,11.604943333333333,0.5383685714285714,1.0813668255163347,1.1516274034251628,1.0649738610903658
I-95 SB PM,110N04150,1100,0.5791304347826087,0.609,23,38.64448,0.6280966666666666,12.233039999999999,11.604943333333333,0.5383685714285714,1.0757136755696473,1.1311953043321357,1.0515765765765765
I-95 SB PM,110N04150,1105,0.5869565217391305,0.61,23,38.64448,0.6280966666666666,12.233039999999999,11.604943333333333,0.5383685714285714,1.090250346861129,1.1330527678860474,1.039259259259259
I-95 SB PM,110N04150,1110,0.5826086956521739,0.609,23,38.64448,0.6280966666666666,12.233039999999999,11.604943333333333,0.5383685714285714,1.0821744183658613,1.1311953043321357,1.0452985074626866
I-95 SB PM,110N04150,1115,0.581304347826087,0.599,23,38.64448,0.6280966666666666,12.233039999999999,11.604943333333333,0.5383685714285714,1.079751639817281,1.1126206687930202,1.0304412864622288
I-95 SB PM,110N04150,1120,0.5973913043478261,0.62,23,38.64448,0.6280966666666666,12.233039999999999,11.604943333333333,0.5383685714285714,1.109632575249771,1.1516274034251628,1.0378457059679767
I-95 SB PM,110N04150,1125,0.5943478260869565,0.62,23,38.64448,0.6280966666666666,12.233039999999999,11.604943333333333,0.5383685714285714,1.1039794253030837,1.1516274034251628,1.0431602048280908
I-95 SB PM,110N04150,1130,0.6026086956521739,0.639,23,38.64448,0.6280966666666666,12.233039999999999,11.604943333333333,0.5383685714285714,1.1193236894440923,1.1869192109494824,1.0603896103896104
I-95 SB PM,110N04150,1135,0.5986956521739131,0.648,23,38.64448,0.6280966666666666,12.233039999999999,11.604943333333333,0.5383685714285714,1.1120553537983515,1.2036363829346863,1.0823529411764705
I-95 SB PM,110N04150,1140,0.5986956521739131,0.63,23,38.64448,0.6280966666666666,12.233039999999999,11.604943333333333,0.5383685714285714,1.1120553537983515,1.1702020389642784,1.0522875816993464
I-95 SB PM,110N04150,1145,0.6082608695652174,0.65,23,38.64448,0.6280966666666666,12.233039999999999,11.604943333333333,0.5383685714285714,1.1298223964879404,1.2073513100425095,1.0686204431736954
I-95 SB PM,110N04150,1150,0.6121739130434782,0.64,23,38.64448,0.6280966666666666,12.233039999999999,11.604943333333333,0.5383685714285714,1.137090732133681,1.1887766745033939,1.0454545454545454
I-95 SB PM,110N04150,1155,0.6047826086956521,0.639,23,38.64448,0.6280966666666666,12.233039999999999,11.604943333333333,0.5383685714285714,1.1233616536917261,1.1869192109494824,1.0565780014378146
I-95 SB PM,110N04150,1160,0.6021739130434782,0.629,23,38.64448,0.6280966666666666,12.233039999999999,11.604943333333333,0.5383685714285714,1.1185160965945655,1.1683445754103667,1.044548736462094
I-95 SB PM,110N04150,1165,0.6073913043478261,0.639,23,38.64448,0.6280966666666666,12.233039999999999,11.604943333333333,0.5383685714285714,1.1282072107888867,1.1869192109494824,1.0520400858983536
I-95 SB PM,110N04150,1170,0.6086956521739131,0.658,23,38.64448,0.6280966666666666,12.233039999999999,11.604943333333333,0.5383685714285714,1.1306299893374672,1.222211018473802,1.081
I-95 SB PM,110N04150,1175,0.6052173913043478,0.648,23,38.64448,0.6280966666666666,12.233039999999999,11.604943333333333,0.5383685714285714,1.124169246541253,1.2036363829346863,1.0706896551724139
I-95 SB PM,110N04150,1180,0.6178260869565217,0.639,23,38.64448,0.6280966666666666,12.233039999999999,11.604943333333333,0.5383685714285714,1.147589439177529,1.1869192109494824,1.0342716396903588
I-95 SB PM,110N04150,1185,0.6234782608695653,0.637,23,38.64448,0.6280966666666666,12.233039999999999,11.604943333333333,0.5383685714285714,1.158088146221377,1.1832042838416592,1.0216875871687587
I-95 SB PM,110N04150,1190,0.6565217391304348,0.62,23,38.64448,0.6280966666666666,12.233039999999999,11.604943333333333,0.5383685714285714,1.2194652027854107,1.1516274034251628,0.9443708609271523
I-95 SB PM,110N04150,1195,0.6439130434782608,0.63,23,38.64448,0.6280966666666666,12.233039999999999,11.604943333333333,0.5383685714285714,1.1960450101491347,1.1702020389642784,0.9783929777177583
I-95 SB PM,110N04150,1200,0.6186956521739131,0.6629999999999999,23,38.64448,0.6280966666666666,12.233039999999999,11.604943333333333,0.5383685714285714,1.1492046248765826,1.2314983362433594,1.0716092761770903
I-95 SB PM,110N04150,1205,0.6030434782608696,0.6,23,38.64448,0.6280966666666666,12.233039999999999,11.604943333333333,0.5383685714285714,1.1201312822936191,1.1144781323469317,0.9949531362653208
I-95 SB PM,110N04150,1210,0.5969565217391304,0.62,23,38.64448,0.6280966666666666,12.233039999999999,11.604943333333333,0.5383685714285714,1.1088249824002443,1.1516274034251628,1.0386016023306628
I-95 SB PM,110N04150,1215,0.5934782608695652,0.628,23,38.64448,0.6280966666666666,12.233039999999999,11.604943333333333,0.5383685714285714,1.1023642396040303,1.1664871118564553,1.0581684981684982
I-95 SB PM,110N04150,1220,0.5973913043478261,0.65,23,38.64448,0.6280966666666666,12.233039999999999,11.604943333333333,0.5383685714285714,1.109632575249771,1.2073513100425095,1.0880640465793305
I-95 SB PM,110N04150,1225,0.5926086956521739,0.629,23,38.64448,0.6280966666666666,12.233039999999999,11.604943333333333,0.5383685714285714,1.1007490539049767,1.1683445754103667,1.061408657373441
I-95 SB PM,110N04150,1230,0.5895652173913043,0.627,23,38.64448,0.6280966666666666,12.233039999999999,11.604943333333333,0.5383685714285714,1.0950959039582893,1.1646296483025438,1.063495575221239
I-95 SB PM,110N04150,1235,0.6078260869565217,0.619,23,38.64448,0.6280966666666666,12.233039999999999,11.604943333333333,0.5383685714285714,1.1290148036384136,1.1497699398712513,1.0183834048640916
I-95 SB PM,110N04150,1240,0.6439130434782608,0.619,23,38.64448,0.6280966666666666,12.233039999999999,11.604943333333333,0.5383685714285714,1.1960450101491347,1.1497699398712513,0.9613099257258609
I-95 SB PM,110N04150,1245,0.6017391304347826,0.619,23,38.64448,0.6280966666666666,12.233039999999999,11.604943333333333,0.5383685714285714,1.1177085037450387,1.1497699398712513,1.028684971098266
I-95 SB PM,110N04150,1250,0.5834782608695652,0.62,23,38.64448,0.6280966666666666,12.233039999999999,11.604943333333333,0.5383685714285714,1.0837896040649149,1.1516274034251628,1.0625931445603576
I-95 SB PM,110N04150,1255,0.5717391304347826,0.599,23,38.64448,0.6280966666666666,12.233039999999999,11.604943333333333,0.5383685714285714,1.0619845971276922,1.1126206687930202,1.047680608365019
I-95 SB PM,110N04151,720,0.551304347826087,0.54,23,38.66029,0.5697483333333333,10.98446,10.414711666666667,0.5010354910338054,1.1003299320943511,1.0777679618779055,0.9794952681388014
I-95 SB PM,110N04151,725,0.5782608695652174,0.56,23,38.66029,0.5697483333333333,10.98446,10.414711666666667,0.5010354910338054,1.1541315533797216,1.1176852937993094,0.9684210526315791
I-95 SB PM,110N04151,730,0.5704347826086957,0.577,23,38.66029,0.5697483333333333,10.98446,10.414711666666667,0.5010354910338054,1.1385117278452594,1.1516150259325026,1.0115091463414632
I-95 SB PM,110N04151,735,0.5873913043478262,0.56,23,38.66029,0.5697483333333333,10.98446,10.414711666666667,0.5010354910338054,1.1723546831699279,1.1176852937993094,0.9533678756476683
I-95 SB PM,110N04151,740,0.5830434782608696,0.56,23,38.66029,0.5697483333333333,10.98446,10.414711666666667,0.5010354910338054,1.1636770023174485,1.1176852937993094,0.9604772557792693
I-95 SB PM,110N04151,745,0.5782608695652174,0.568,23,38.66029,0.5697483333333333,10.98446,10.414711666666667,0.5010354910338054,1.1541315533797216,1.1336522265678708,0.9822556390977443
I-95 SB PM,110N04151,750,0.5752173913043478,0.579,23,38.66029,0.5697483333333333,10.98446,10.414711666666667,0.5010354910338054,1.1480571767829861,1.1556067591246428,1.0065759637188207
I-95 SB PM,110N04151,755,0.5743478260869566,0.57,23,38.66029,0.5697483333333333,10.98446,10.414711666666667,0.5010354910338054,1.1463216406124905,1.1376439597600112,0.9924299772899318
I-95 SB PM,110N04151,760,0.5760869565217391,0.589,23,38.66029,0.5697483333333333,10.98446,10.414711666666667,0.5010354910338054,1.149792712953482,1.175565425085345,1.0224150943396226
I-95 SB PM,110N04151,765,0.5752173913043478,0.57,23,38.66029,0.5697483333333333,10.98446,10.414711666666667,0.5010354910338054,1.1480571767829861,1.1376439597600112,0.9909297052154195
I-95 SB PM,110N04151,770,0.5556521739130436,0.588,23,38.66029,0.5697483333333333,10.98446,10.414711666666667,0.5010354910338054,1.1090076129468303,1.1735695584892747,1.0582159624413143
I-95 SB PM,110N04151,775,0.5391304347826087,0.588,23,38.66029,0.5697483333333333,10.98446,10.414711666666667,0.5010354910338054,1.0760324257074096,1.1735695584892747,1.0906451612903225
I-95 SB PM,110N04151,780,0.5391304347826087,0.57,23,38.66029,0.5697483333333333,10.98446,10.414711666666667,0.5010354910338054,1.0760324257074096,1.1376439597600112,1.057258064516129
I-95 SB PM,110N04151,785,0.541304347826087,0.559,23,38.66029,0.5697483333333333,10.98446,10.414711666666667,0.5010354910338054,1.0803712661336493,1.1156894272032392,1.0326907630522089
I-95 SB PM,110N04151,790,0.5465217391304348,0.559,23,38.66029,0.5697483333333333,10.98446,10.414711666666667,0.5010354910338054,1.090784483156624,1.1156894272032392,1.022832140015911
I-95 SB PM,110N04151,795,0.5452173913043479,0.568,23,38.66029,0.5697483333333333,10.98446,10.414711666666667,0.5010354910338054,1.0881811789008804,1.1336522265678708,1.0417862838915468
I-95 SB PM,110N04151,800,0.5469565217391305,0.569,23,38.66029,0.5697483333333333,10.98446,10.414711666666667,0.5010354910338054,1.091652251241872,1.135648093163941,1.0403020667726548
I-95 SB PM,110N04151,805,0.5456521739130435,0.576,23,38.66029,0.5697483333333333,10.98446,10.414711666666667,0.5010354910338054,1.0890489469861284,1.1496191593364324,1.055617529880478
I-95 SB PM,110N04151,810,0.538695652173913,0.568,23,38.66029,0.5697483333333333,10.98446,10.414711666666667,0.5010354910338054,1.0751646576221616,1.1336522265678708,1.0543987086359967
I-95 SB PM,110N04151,815,0.5491304347826087,0.587,23,38.66029,0.5697483333333333,10.98446,10.414711666666667,0.5010354910338054,1.0959910916681115,1.1715736918932045,1.0689627870150435
I-95 SB PM,110N04151,820,0.5491304347826087,0.578,23,38.66029,0.5697483333333333,10.98446,10.414711666666667,0.5010354910338054,1.0959910916681115,1.1536108925285729,1.0525732383214568
I-95 SB PM,110N04151,825,0.5469565217391305,0.568,23,38.66029,0.5697483333333333,10.98446,10.414711666666667,0.5010354910338054,1.091652251241872,1.1336522265678708,1.0384737678855325
I-95 SB PM,110N04151,830,0.5556521739130436,0.579,23,38.66029,0.5697483333333333,10.98446,10.414711666666667,0.5010354910338054,1.1090076129468303,1.1556067591246428,1.0420187793427227
I-95 SB PM,110N04151,835,0.5534782608695652,0.6229999999999999,23,38.66029,0.5697483333333333,10.98446,10.414711666666667,0.5010354910338054,1.1046687725205906,1.2434248893517315,1.1256087981146896
I-95 SB PM,110N04151,840,0.5530434782608696,0.6059999999999999,23,38.66029,0.5697483333333333,10.98446,10.414711666666667,0.5010354910338054,1.1038010044353428,1.209495157218538,1.0957547169811317
I-95 SB PM,110N04151,845,0.55,0.57,23,38.66029,0.5697483333333333,10.98446,10.414711666666667,0.5010354910338054,1.0977266278386075,1.1376439597600112,1.0363636363636362
I-95 SB PM,110N04151,850,0.5543478260869565,0.6149999999999999,23,38.66029,0.5697483333333333,10.98446,10.414711666666667,0.5010354910338054,1.1064043086910864,1.2274579565831698,1.109411764705882
I-95 SB PM,110N04151,855,0.5534782608695652,0.579,23,38.66029,0.5697483333333333,10.98446,10.414711666666667,0.5010354910338054,1.1046687725205906,1.1556067591246428,1.0461115475255303
I-95 SB PM,110N04151,860,0.5539130434782609,0.578,23,38.66029,0.5697483333333333,10.98446,10.414711666666667,0.5010354910338054,1.1055365406058386,1.1536108925285729,1.0434850863422291
I-95 SB PM,110N04151,865,0.5521739130434783,0.578,23,38.66029,0.5697483333333333,10.98446,10.414711666666667,0.5010354910338054,1.102065468264847,1.1536108925285729,1.046771653543307
I-95 SB PM,110N04151,870,0.5491304347826087,0.587,23,38.66029,0.5697483333333333,10.98446,10.414711666666667,0.5010354910338054,1.0959910916681115,1.1715736918932045,1.0689627870150435
I-95 SB PM,110N04151,875,0.5582608695652174,0.588,23,38.66029,0.5697483333333333,10.98446,10.414711666666667,0.5010354910338054,1.1142142214583177,1.1735695584892747,1.0532710280373832
I-95 SB PM,110N04151,880,0.5469565217391305,0.56,23,38.66029,0.5697483333333333,10.98446,10.414711666666667,0.5010354910338054,1.091652251241872,1.1176852937993094,1.0238473767885534
I-95 SB PM,110N04151,885,0.5452173913043479,0.568,23,38.66029,0.5697483333333333,10.98446,10.414711666666667,0.5010354910338054,1.0881811789008804,1.1336522265678708,1.0417862838915468
I-95 SB PM,110N04151,890,0.5591304347826087,0.587,23,38.66029,0.5697483333333333,10.98446,10.414711666666667,0.5010354910338054,1.1159497576288135,1.1715736918932045,1.0498444790046655
I-95 SB PM,110N04151,895,0.541304347826087,0.56,23,38.66029,0.5697483333333333,10.98446,10.414711666666667,0.5010354910338054,1.0803712661336493,1.1176852937993094,1.0345381526104416
I-95 SB PM,110N04151,900,0.5356521739130435,0.55,23,38.66029,0.5697483333333333,10.98446,10.414711666666667,0.5010354910338054,1.0690902810254264,1.0977266278386075,1.0267857142857142
I-95 SB PM,110N04151,905,0.5391304347826087,0.569,23,38.66029,0.5697483333333333,10.98446,10.414711666666667,0.5010354910338054,1.0760324257074096,1.135648093163941,1.0554032258064516
I-95 SB PM,110N04151,910,0.5395652173913044,0.56,23,38.66029,0.5697483333333333,10.98446,10.414711666666667,0.5010354910338054,1.0769001937926574,1.1176852937993094,1.0378726833199035
I-95 SB PM,110N04151,915,0.542608695652174,0.57,23,38.66029,0.5697483333333333,10.98446,10.414711666666667,0.5010354910338054,1.082974570389393,1.1376439597600112,1.0504807692307692
I-95 SB PM,110N04151,920,0.5486956521739131,0.588,23,38.66029,0.5697483333333333,10.98446,10.414711666666667,0.5010354910338054,1.095123323582864,1.1735695584892747,1.071632329635499
I-95 SB PM,110N04151,925,0.55,0.58,23,38.66029,0.5697483333333333,10.98446,10.414711666666667,0.5010354910338054,1.0977266278386075,1.157602625720713,1.0545454545454545
I-95 SB PM,110N04151,930,0.5486956521739131,0.569,23,38.66029,0.5697483333333333,10.98446,10.414711666666667,0.5010354910338054,1.095123323582864,1.135648093163941,1.0370047543581613
I-95 SB PM,110N04151,935,0.5356521739130435,0.56,23,38.66029,0.5697483333333333,10.98446,10.414711666666667,0.5010354910338054,1.0690902810254264,1.1176852937993094,1.0454545454545454
I-95 SB PM,110N04151,940,0.5439130434782609,0.598,23,38.66029,0.5697483333333333,10.98446,10.414711666666667,0.5010354910338054,1.0855778746451366,1.1935282244499767,1.0994404476418864
I-95 SB PM,110N04151,945,0.542608695652174,0.57,23,38.66029,0.5697483333333333,10.98446,10.414711666666667,0.5010354910338054,1.082974570389393,1.1376439597600112,1.0504807692307692
I-95 SB PM,110N04151,950,0.5495652173913044,0.579,23,38.66029,0.5697483333333333,10.98446,10.414711666666667,0.5010354910338054,1.0968588597533595,1.1556067591246428,1.0535601265822783
I-95 SB PM,110N04151,955,0.5539130434782609,0.59,23,38.66029,0.5697483333333333,10.98446,10.414711666666667,0.5010354910338054,1.1055365406058386,1.177561291681415,1.065149136577708
I-95 SB PM,110N04151,960,0.5443478260869565,0.579,23,38.66029,0.5697483333333333,10.98446,10.414711666666667,0.5010354910338054,1.0864456427303846,1.1556067591246428,1.063658146964856
I-95 SB PM,110N04151,965,0.5460869565217391,0.579,23,38.66029,0.5697483333333333,10.98446,10.414711666666667,0.5010354910338054,1.0899167150713762,1.1556067591246428,1.0602707006369427
I-95 SB PM,110N04151,970,0.5617391304347826,0.618,23,38.66029,0.5697483333333333,10.98446,10.414711666666667,0.5010354910338054,1.121156366140301,1.2334455563713806,1.1001547987616098
I-95 SB PM,110N04151,975,0.5539130434782609,0.599,23,38.66029,0.5697483333333333,10.98446,10.414711666666667,0.5010354910338054,1.1055365406058386,1.195524091046047,1.0813971742543171
I-95 SB PM,110N04151,980,0.5543478260869565,0.589,23,38.66029,0.5697483333333333,10.98446,10.414711666666667,0.5010354910338054,1.1064043086910864,1.175565425085345,1.0625098039215686
I-95 SB PM,110N04151,985,0.5508695652173913,0.57,23,38.66029,0.5697483333333333,10.98446,10.414711666666667,0.5010354910338054,1.0994621640091031,1.1376439597600112,1.0347277032359905
I-95 SB PM,110N04151,990,0.5417391304347826,0.579,23,38.66029,0.5697483333333333,10.98446,10.414711666666667,0.5010354910338054,1.081239034218897,1.1556067591246428,1.0687800963081862
I-95 SB PM,110N04151,995,0.5408695652173914,0.569,23,38.66029,0.5697483333333333,10.98446,10.414711666666667,0.5010354910338054,1.0795034980484013,1.135648093163941,1.0520096463022506
I-95 SB PM,110N04151,1000,0.5604347826086957,0.59,23,38.66029,0.5697483333333333,10.98446,10.414711666666667,0.5010354910338054,1.1185530618845574,1.177561291681415,1.0527540729247478
I-95 SB PM,110N04151,1005,0.5530434782608696,0.589,23,38.66029,0.5697483333333333,10.98446,10.414711666666667,0.5010354910338054,1.1038010044353428,1.175565425085345,1.06501572327044
I-95 SB PM,110N04151,1010,0.5491304347826087,0.599,23,38.66029,0.5697483333333333,10.98446,10.414711666666667,0.5010354910338054,1.0959910916681115,1.195524091046047,1.0908155186064925
I-95 SB PM,110N04151,1015,0.5539130434782609,0.59,23,38.66029,0.5697483333333333,10.98446,10.414711666666667,0.5010354910338054,1.1055365406058386,1.177561291681415,1.065149136577708
I-95 SB PM,110N04151,1020,0.5678260869565218,0.649,23,38.66029,0.5697483333333333,10.98446,10.414711666666667,0.5010354910338054,1.1333051193337718,1.2953174208495568,1.1429555895865235
I-95 SB PM,110N04151,1025,0.5552173913043479,0.619,23,38.66029,0.5697483333333333,10.98446,10.414711666666667,0.5010354910338054,1.1081398448615825,1.2354414229674509,1.1148786217697728
I-95 SB PM,110N04151,1030,0.5556521739130434,0.58,23,38.66029,0.5697483333333333,10.98446,10.414711666666667,0.5010354910338054,1.10900761294683,1.157602625720713,1.0438184663536776
I-95 SB PM,110N04151,1035,0.5578260869565217,0.6439999999999999,23,38.66029,0.5697483333333333,10.98446,10.414711666666667,0.5010354910338054,1.1133464533730697,1.2853380878692056,1.1544816835541698
I-95 SB PM,110N04151,1040,0.5521739130434783,0.608,23,38.66029,0.5697483333333333,10.98446,10.414711666666667,0.5010354910338054,1.102065468264847,1.2134868904106786,1.1011023622047242
I-95 SB PM,110N04151,1045,0.5495652173913044,0.579,23,38.66029,0.5697483333333333,10.98446,10.414711666666667,0.5010354910338054,1.0968588597533595,1.1556067591246428,1.0535601265822783
I-95 SB PM,110N04151,1050,0.5560869565217391,0.59,23,38.66029,0.5697483333333333,10.98446,10.414711666666667,0.5010354910338054,1.109875381032078,1.177561291681415,1.0609851446442533
I-95 SB PM,110N04151,1055,0.5504347826086956,0.579,23,38.66029,0.5697483333333333,10.98446,10.414711666666667,0.5010354910338054,1.098594395923855,1.1556067591246428,1.0518957345971565
I-95 SB PM,110N04151,1060,0.5573913043478261,0.59,23,38.66029,0.5697483333333333,10.98446,10.414711666666667,0.5010354910338054,1.112478685287822,1.177561291681415,1.0585023400936036
I-95 SB PM,110N04151,1065,0.5547826086956522,0.58,23,38.66029,0.5697483333333333,10.98446,10.414711666666667,0.5010354910338054,1.1072720767763344,1.157602625720713,1.0454545454545454
I-95 SB PM,110N04151,1070,0.5447826086956522,0.57,23,38.66029,0.5697483333333333,10.98446,10.414711666666667,0.5010354910338054,1.0873134108156326,1.1376439597600112,1.046288906624102
I-95 SB PM,110N04151,1075,0.5530434782608696,0.58,23,38.66029,0.5697483333333333,10.98446,10.414711666666667,0.5010354910338054,1.1038010044353428,1.157602625720713,1.0487421383647797
I-95 SB PM,110N04151,1080,0.5552173913043478,0.589,23,38.66029,0.5697483333333333,10.98446,10.414711666666667,0.5010354910338054,1.1081398448615822,1.175565425085345,1.0608457321848082
I-95 SB PM,110N04151,1085,0.5482608695652175,0.599,23,38.66029,0.5697483333333333,10.98446,10.414711666666667,0.5010354910338054,1.0942555554976159,1.195524091046047,1.0925455987311656
I-95 SB PM,110N04151,1090,0.541304347826087,0.579,23,38.66029,0.5697483333333333,10.98446,10.414711666666667,0.5010354910338054,1.0803712661336493,1.1556067591246428,1.0696385542168672
I-95 SB PM,110N04151,1095,0.5530434782608696,0.589,23,38.66029,0.5697483333333333,10.98446,10.414711666666667,0.5010354910338054,1.1038010044353428,1.175565425085345,1.06501572327044
I-95 SB PM,110N04151,1100,0.5421739130434783,0.579,23,38.66029,0.5697483333333333,10.98446,10.414711666666667,0.5010354910338054,1.082106802304145,1.1556067591246428,1.0679230152365677
I-95 SB PM,110N04151,1105,0.558695652173913,0.59,23,38.66029,0.5697483333333333,10.98446,10.414711666666667,0.5010354910338054,1.1150819895435655,1.177561291681415,1.0560311284046693
I-95 SB PM,110N04151,1110,0.5456521739130435,0.588,23,38.66029,0.5697483333333333,10.98446,10.414711666666667,0.5010354910338054,1.0890489469861284,1.1735695584892747,1.077609561752988
I-95 SB PM,110N04151,1115,0.5608695652173913,0.609,23,38.66029,0.5697483333333333,10.98446,10.414711666666667,0.5010354910338054,1.1194208299698052,1.2154827570067488,1.0858139534883722
I-95 SB PM,110N04151,1120,0.5704347826086957,0.619,23,38.66029,0.5697483333333333,10.98446,10.414711666666667,0.5010354910338054,1.1385117278452594,1.2354414229674509,1.085137195121951
I-95 SB PM,110N04151,1125,0.5808695652173913,0.62,23,38.66029,0.5697483333333333,10.98446,10.414711666666667,0.5010354910338054,1.159338161891209,1.237437289563521,1.0673652694610778
I-95 SB PM,110N04151,1130,0.5778260869565217,0.61,23,38.66029,0.5697483333333333,10.98446,10.414711666666667,0.5010354910338054,1.1532637852944736,1.217478623602819,1.0556809631301731
I-95 SB PM,110N04151,1135,0.5691304347826087,0.609,23,38.66029,0.5697483333333333,10.98446,10.414711666666667,0.5010354910338054,1.1359084235895154,1.2154827570067488,1.070053475935829
I-95 SB PM,110N04151,1140,0.5782608695652174,0.629,23,38.66029,0.5697483333333333,10.98446,10.414711666666667,0.5010354910338054,1.1541315533797216,1.2554000889281527,1.0877443609022557
I-95 SB PM,110N04151,1145,0.5878260869565217,0.639,23,38.66029,0.5697483333333333,10.98446,10.414711666666667,0.5010354910338054,1.1732224512551757,1.2753587548888548,1.0870562130177515
I-95 SB PM,110N04151,1150,0.5978260869565217,0.639,23,38.66029,0.5697483333333333,10.98446,10.414711666666667,0.5010354910338054,1.1931811172158775,1.2753587548888548,1.0688727272727274
I-95 SB PM,110N04151,1155,0.59,0.63,23,38.66029,0.5697483333333333,10.98446,10.414711666666667,0.5010354910338054,1.177561291681415,1.257395955524223,1.0677966101694916
I-95 SB PM,110N04151,1160,0.5865217391304348,0.629,23,38.66029,0.5697483333333333,10.98446,10.414711666666667,0.5010354910338054,1.170619146999432,1.2554000889281527,1.0724240177909563
I-95 SB PM,110N04151,1165,0.5895652173913044,0.619,23,38.66029,0.5697483333333333,10.98446,10.414711666666667,0.5010354910338054,1.1766935235961673,1.2354414229674509,1.0499262536873155
I-95 SB PM,110N04151,1170,0.5878260869565217,0.649,23,38.66029,0.5697483333333333,10.98446,10.414711666666667,0.5010354910338054,1.1732224512551757,1.2953174208495568,1.1040680473372781
I-95 SB PM,110N04151,1175,0.59,0.63,23,38.66029,0.5697483333333333,10.98446,10.414711666666667,0.5010354910338054,1.177561291681415,1.257395955524223,1.0677966101694916
I-95 SB PM,110N04151,1180,0.59,0.619,23,38.66029,0.5697483333333333,10.98446,10.414711666666667,0.5010354910338054,1.177561291681415,1.2354414229674509,1.0491525423728814
I-95 SB PM,110N04151,1185,0.5739130434782609,0.6,23,38.66029,0.5697483333333333,10.98446,10.414711666666667,0.5010354910338054,1.1454538725272425,1.1975199576421172,1.0454545454545454
I-95 SB PM,110N04151,1190,0.5856521739130435,0.62,23,38.66029,0.5697483333333333,10.98446,10.414711666666667,0.5010354910338054,1.168883610828936,1.237437289563521,1.058648849294729
I-95 SB PM,110N04151,1195,0.58,0.639,23,38.66029,0.5697483333333333,10.98446,10.414711666666667,0.5010354910338054,1.157602625720713,1.2753587548888548,1.1017241379310345
I-95 SB PM,110N04151,1200,0.5808695652173913,0.62,23,38.66029,0.5697483333333333,10.98446,10.414711666666667,0.5010354910338054,1.159338161891209,1.237437289563521,1.0673652694610778
I-95 SB PM,110N04151,1205,0.5795652173913044,0.648,23,38.66029,0.5697483333333333,10.98446,10.414711666666667,0.5010354910338054,1.1567348576354655,1.2933215542534866,1.11807951987997
I-95 SB PM,110N04151,1210,0.5834782608695652,0.619,23,38.66029,0.5697483333333333,10.98446,10.414711666666667,0.5010354910338054,1.1645447704026965,1.2354414229674509,1.0608792846497763
I-95 SB PM,110N04151,1215,0.5843478260869565,0.62,23,38.66029,0.5697483333333333,10.98446,10.414711666666667,0.5010354910338054,1.1662803065731921,1.237437289563521,1.0610119047619049
I-95 SB PM,110N04151,1220,0.5804347826086956,0.61,23,38.66029,0.5697483333333333,10.98446,10.414711666666667,0.5010354910338054,1.158470393805961,1.217478623602819,1.050936329588015
I-95 SB PM,110N04151,1225,0.5743478260869566,0.627,23,38.66029,0.5697483333333333,10.98446,10.414711666666667,0.5010354910338054,1.1463216406124905,1.2514083557360125,1.091672975018925
I-95 SB PM,110N04151,1230,0.5669565217391305,0.61,23,38.66029,0.5697483333333333,10.98446,10.414711666666667,0.5010354910338054,1.131569583163276,1.217478623602819,1.0759202453987728
I-95 SB PM,110N04151,1235,0.5695652173913043,0.628,23,38.66029,0.5697483333333333,10.98446,10.414711666666667,0.5010354910338054,1.1367761916747632,1.2534042223320827,1.1025954198473285
I-95 SB PM,110N04151,1240,0.5647826086956522,0.63,23,38.66029,0.5697483333333333,10.98446,10.414711666666667,0.5010354910338054,1.1272307427370365,1.257395955524223,1.115473441108545
I-95 SB PM,110N04151,1245,0.5673913043478261,0.62,23,38.66029,0.5697483333333333,10.98446,10.414711666666667,0.5010354910338054,1.132437351248524,1.237437289563521,1.09272030651341
I-95 SB PM,110N04151,1250,0.56,0.628,23,38.66029,0.5697483333333333,10.98446,10.414711666666667,0.5010354910338054,1.1176852937993094,1.2534042223320827,1.1214285714285712
I-95 SB PM,110N04151,1255,0.5495652173913044,0.588,23,38.66029,0.5697483333333333,10.98446,10.414711666666667,0.5010354910338054,1.0968588597533595,1.1735695584892747,1.0699367088607594
I-95 SB PM,110N04152,720,2.3778260869565218,3.734,23,38.6721,0.5528249999999999,8.999358333333333,8.446533333333333,0.4877867647058822,4.87472448825106,7.654984247576842,1.5703419272261838
I-95 SB PM,110N04152,725,2.248695652173913,3.673,23,38.6721,0.5528249999999999,8.999358333333333,8.446533333333333,0.4877867647058822,4.609997267002099,7.52992960400368,1.6333913379737044
I-95 SB PM,110N04152,730,2.259130434782609,3.7699999999999996,23,38.6721,0.5528249999999999,8.999358333333333,8.446533333333333,0.4877867647058822,4.631389365688884,7.728786988046249,1.6687836797536564
I-95 SB PM,110N04152,735,2.247826086956522,3.68,23,38.6721,0.5528249999999999,8.999358333333333,8.446533333333333,0.4877867647058822,4.608214592111534,7.5442801368727315,1.637137330754352
I-95 SB PM,110N04152,740,2.15304347826087,3.172,23,38.6721,0.5528249999999999,8.999358333333333,8.446533333333333,0.4877867647058822,4.413903029039907,6.502841465804431,1.4732633279483036
I-95 SB PM,110N04152,745,2.099565217391304,3.4269999999999987,23,38.6721,0.5528249999999999,8.999358333333333,8.446533333333333,0.4877867647058822,4.304268523270134,7.025610877462729,1.6322427003520392
I-95 SB PM,110N04152,750,2.1234782608695655,3.819999999999998,23,38.6721,0.5528249999999999,8.999358333333333,8.446533333333333,0.4877867647058822,4.353292082760683,7.831290794253755,1.7989352989352978
I-95 SB PM,110N04152,755,2.073913043478261,3.601999999999999,23,38.6721,0.5528249999999999,8.999358333333333,8.446533333333333,0.4877867647058822,4.251679613998456,7.384374199189014,1.736813417190775
I-95 SB PM,110N04152,760,2.131304347826087,3.652999999999998,23,38.6721,0.5528249999999999,8.999358333333333,8.446533333333333,0.4877867647058822,4.369336156775772,7.488928081520672,1.713973888208893
I-95 SB PM,110N04152,765,2.222608695652174,3.9239999999999977,23,38.6721,0.5528249999999999,8.999358333333333,8.446533333333333,0.4877867647058822,4.5565170202851375,8.044498711165375,1.765492957746478
I-95 SB PM,110N04152,770,2.192608695652174,3.84,23,38.6721,0.5528249999999999,8.999358333333333,8.446533333333333,0.4877867647058822,4.495014736560631,7.872292316736763,1.751338488994646
I-95 SB PM,110N04152,775,2.2495652173913046,3.9419999999999997,23,38.6721,0.5528249999999999,8.999358333333333,8.446533333333333,0.4877867647058822,4.611779941892665,8.081400081400083,1.7523386161577112
I-95 SB PM,110N04152,780,2.2878260869565215,3.96,23,38.6721,0.5528249999999999,8.999358333333333,8.446533333333333,0.4877867647058822,4.6902176370775415,8.118301451634787,1.7309007981755988
I-95 SB PM,110N04152,785,2.300869565217391,3.998999999999999,23,38.6721,0.5528249999999999,8.999358333333333,8.446533333333333,0.4877867647058822,4.716957760436022,8.198254420476644,1.7380385487528343
I-95 SB PM,110N04152,790,2.2104347826086954,3.666,23,38.6721,0.5528249999999999,8.999358333333333,8.446533333333333,0.4877867647058822,4.531559571817222,7.515579071134629,1.6584972462627854
I-95 SB PM,110N04152,795,2.1891304347826086,3.9319999999999995,23,38.6721,0.5528249999999999,8.999358333333333,8.446533333333333,0.4877867647058822,4.48788403699837,8.06089932015858,1.7961469712015887
I-95 SB PM,110N04152,800,2.1995652173913043,4.1579999999999995,23,38.6721,0.5528249999999999,8.999358333333333,8.446533333333333,0.4877867647058822,4.5092761356851545,8.524216524216525,1.8903735916188968
I-95 SB PM,110N04152,805,2.154782608695652,3.698,23,38.6721,0.5528249999999999,8.999358333333333,8.446533333333333,0.4877867647058822,4.417468378821037,7.581181507107435,1.7161824051654562
I-95 SB PM,110N04152,810,2.198695652173913,3.67,23,38.6721,0.5528249999999999,8.999358333333333,8.446533333333333,0.4877867647058822,4.507493460794589,7.5237793756312294,1.66917144552106
I-95 SB PM,110N04152,815,2.2934782608695654,4.039999999999999,23,38.6721,0.5528249999999999,8.999358333333333,8.446533333333333,0.4877867647058822,4.701805023866217,8.282307541566801,1.7615165876777246
I-95 SB PM,110N04152,820,2.283913043478261,3.7659999999999987,23,38.6721,0.5528249999999999,8.999358333333333,8.446533333333333,0.4877867647058822,4.682195600069998,7.720586683549646,1.6489244241385868
I-95 SB PM,110N04152,825,2.1921739130434785,3.650999999999998,23,38.6721,0.5528249999999999,8.999358333333333,8.446533333333333,0.4877867647058822,4.49412339911535,7.484827929272372,1.6654700515668375
I-95 SB PM,110N04152,830,2.2204347826086956,3.310999999999999,23,38.6721,0.5528249999999999,8.999358333333333,8.446533333333333,0.4877867647058822,4.552060333058724,6.787802047061306,1.491149402780497
I-95 SB PM,110N04152,835,2.2056521739130432,2.7619999999999996,23,38.6721,0.5528249999999999,8.999358333333333,8.446533333333333,0.4877867647058822,4.5217548599191115,5.662310254902848,1.2522373349103093
I-95 SB PM,110N04152,840,2.225217391304348,2.8129999999999993,23,38.6721,0.5528249999999999,8.999358333333333,8.446533333333333,0.4877867647058822,4.561865044956834,5.766864137234507,1.2641461508401717
I-95 SB PM,110N04152,845,2.2030434782608697,2.569,23,38.6721,0.5528249999999999,8.999358333333333,8.446533333333333,0.4877867647058822,4.516406835247416,5.266645562941861,1.166114071442668
I-95 SB PM,110N04152,850,2.2256521739130433,2.9929999999999994,23,38.6721,0.5528249999999999,8.999358333333333,8.446533333333333,0.4877867647058822,4.562756382402116,6.135877839581544,1.3447743699941395
I-95 SB PM,110N04152,855,2.18,2.8499999999999996,23,38.6721,0.5528249999999999,8.999358333333333,8.446533333333333,0.4877867647058822,4.469165950647434,5.842716953828066,1.3073394495412842
I-95 SB PM,110N04152,860,2.1913043478260867,2.7969999999999997,23,38.6721,0.5528249999999999,8.999358333333333,8.446533333333333,0.4877867647058822,4.492340724224783,5.734062919248105,1.2764087301587301
I-95 SB PM,110N04152,865,2.1865217391304346,2.5289999999999995,23,38.6721,0.5528249999999999,8.999358333333333,8.446533333333333,0.4877867647058822,4.4825360123266735,5.184642517975852,1.1566315370849074
I-95 SB PM,110N04152,870,2.2121739130434785,2.5719999999999996,23,38.6721,0.5528249999999999,8.999358333333333,8.446533333333333,0.4877867647058822,4.535124921598353,5.27279579131431,1.1626572327044022
I-95 SB PM,110N04152,875,2.2443478260869565,2.346,23,38.6721,0.5528249999999999,8.999358333333333,8.446533333333333,0.4877867647058822,4.601083892549272,4.809478587256367,1.0452925222781868
I-95 SB PM,110N04152,880,2.2491304347826087,2.508,23,38.6721,0.5528249999999999,8.999358333333333,8.446533333333333,0.4877867647058822,4.610888604447382,5.141590919368698,1.1150976222694762
I-95 SB PM,110N04152,885,2.3134782608695654,2.718,23,38.6721,0.5528249999999999,8.999358333333333,8.446533333333333,0.4877867647058822,4.742806546349221,5.57210690544024,1.1748543506859612
I-95 SB PM,110N04152,890,2.3156521739130436,2.556,23,38.6721,0.5528249999999999,8.999358333333333,8.446533333333333,0.4877867647058822,4.747263233575635,5.239994573327908,1.1037927149831017
I-95 SB PM,110N04152,895,2.286086956521739,2.557,23,38.6721,0.5528249999999999,8.999358333333333,8.446533333333333,0.4877867647058822,4.686652287296411,5.242044649452058,1.1185051350323316
I-95 SB PM,110N04152,900,2.2443478260869565,2.665,23,38.6721,0.5528249999999999,8.999358333333333,8.446533333333333,0.4877867647058822,4.601083892549272,5.46345287086028,1.1874273537388609
I-95 SB PM,110N04152,905,2.3417391304347825,2.56,23,38.6721,0.5528249999999999,8.999358333333333,8.446533333333333,0.4877867647058822,4.800743480292596,5.248194877824509,1.0932046045302637
I-95 SB PM,110N04152,910,2.3534782608695655,2.686,23,38.6721,0.5528249999999999,8.999358333333333,8.446533333333333,0.4877867647058822,4.824809591315229,5.506504469467433,1.141289488268982
I-95 SB PM,110N04152,915,2.379565217391304,2.5879999999999996,23,38.6721,0.5528249999999999,8.999358333333333,8.446533333333333,0.4877867647058822,4.87828983803219,5.305597009300714,1.0875936415128815
I-95 SB PM,110N04152,920,2.4008695652173913,2.676,23,38.6721,0.5528249999999999,8.999358333333333,8.446533333333333,0.4877867647058822,4.921965372851043,5.486003708225932,1.1145961608113004
I-95 SB PM,110N04152,925,2.3969565217391304,2.752,23,38.6721,0.5528249999999999,8.999358333333333,8.446533333333333,0.4877867647058822,4.9139433358434985,5.641809493661347,1.1481226192635587
I-95 SB PM,110N04152,930,2.3256521739130434,2.629,23,38.6721,0.5528249999999999,8.999358333333333,8.446533333333333,0.4877867647058822,4.767763994817136,5.389650130390873,1.1304355954383998
I-95 SB PM,110N04152,935,2.35,2.683,23,38.6721,0.5528249999999999,8.999358333333333,8.446533333333333,0.4877867647058822,4.817678891752967,5.500354241094983,1.1417021276595745
I-95 SB PM,110N04152,940,2.4269565217391302,2.68,23,38.6721,0.5528249999999999,8.999358333333333,8.446533333333333,0.4877867647058822,4.975445619568004,5.494204012722533,1.1042637047653172
I-95 SB PM,110N04152,945,2.471304347826087,2.765,23,38.6721,0.5528249999999999,8.999358333333333,8.446533333333333,0.4877867647058822,5.066362038986839,5.668460483275299,1.1188423645320198
I-95 SB PM,110N04152,950,2.5391304347826087,2.852,23,38.6721,0.5528249999999999,8.999358333333333,8.446533333333333,0.4877867647058822,5.20541068045094,5.846817106076367,1.1232191780821916
I-95 SB PM,110N04152,955,2.493478260869565,2.761,23,38.6721,0.5528249999999999,8.999358333333333,8.446533333333333,0.4877867647058822,5.111820248696256,5.6602601787786995,1.1072885789014821
I-95 SB PM,110N04152,960,2.307391304347826,2.554,23,38.6721,0.5528249999999999,8.999358333333333,8.446533333333333,0.4877867647058822,4.730327822115263,5.235894421079608,1.1068777086866401
I-95 SB PM,110N04152,965,2.3326086956521737,2.516,23,38.6721,0.5528249999999999,8.999358333333333,8.446533333333333,0.4877867647058822,4.782025393941659,5.1579915283619,1.0786206896551724
I-95 SB PM,110N04152,970,2.3126086956521736,2.596,23,38.6721,0.5528249999999999,8.999358333333333,8.446533333333333,0.4877867647058822,4.741023871458655,5.321997618293916,1.122541831171273
I-95 SB PM,110N04152,975,2.393913043478261,2.68,23,38.6721,0.5528249999999999,8.999358333333333,8.446533333333333,0.4877867647058822,4.90770397372652,5.494204012722533,1.1195059934616782
I-95 SB PM,110N04152,980,2.3347826086956522,2.705,23,38.6721,0.5528249999999999,8.999358333333333,8.446533333333333,0.4877867647058822,4.786482081168073,5.545455915826288,1.1585661080074487
I-95 SB PM,110N04152,985,2.3604347826086958,2.7479999999999998,23,38.6721,0.5528249999999999,8.999358333333333,8.446533333333333,0.4877867647058822,4.839070990439752,5.633609189164746,1.1641923006078465
I-95 SB PM,110N04152,990,2.371304347826087,2.636,23,38.6721,0.5528249999999999,8.999358333333333,8.446533333333333,0.4877867647058822,4.861354426571819,5.404000663259924,1.1116244957829118
I-95 SB PM,110N04152,995,2.3517391304347828,2.599,23,38.6721,0.5528249999999999,8.999358333333333,8.446533333333333,0.4877867647058822,4.821244241534099,5.328147846666367,1.1051395821778518
I-95 SB PM,110N04152,1000,2.393478260869565,2.545,23,38.6721,0.5528249999999999,8.999358333333333,8.446533333333333,0.4877867647058822,4.906812636281236,5.217443735962256,1.06330608537693
I-95 SB PM,110N04152,1005,2.426086956521739,2.8469999999999995,23,38.6721,0.5528249999999999,8.999358333333333,8.446533333333333,0.4877867647058822,4.9736629446774385,5.836566725455615,1.1734946236559138
I-95 SB PM,110N04152,1010,2.45,2.711,23,38.6721,0.5528249999999999,8.999358333333333,8.446533333333333,0.4877867647058822,5.022686504167988,5.5577563725711885,1.106530612244898
I-95 SB PM,110N04152,1015,2.527391304347826,2.8329999999999997,23,38.6721,0.5528249999999999,8.999358333333333,8.446533333333333,0.4877867647058822,5.181344569428307,5.807865659717512,1.1209186306554273
I-95 SB PM,110N04152,1020,2.4539130434782606,2.8169999999999997,23,38.6721,0.5528249999999999,8.999358333333333,8.446533333333333,0.4877867647058822,5.030708541175531,5.775064441731109,1.147962437987243
I-95 SB PM,110N04152,1025,2.508260869565217,2.806,23,38.6721,0.5528249999999999,8.999358333333333,8.446533333333333,0.4877867647058822,5.142125721835868,5.752513604365458,1.1187034148032589
I-95 SB PM,110N04152,1030,2.579565217391304,2.9499999999999997,23,38.6721,0.5528249999999999,8.999358333333333,8.446533333333333,0.4877867647058822,5.2883050628622295,6.047724566243086,1.1436035732344514
I-95 SB PM,110N04152,1035,2.5343478260869565,2.908,23,38.6721,0.5528249999999999,8.999358333333333,8.446533333333333,0.4877867647058822,5.1956059685528295,5.961621369028778,1.147435237605078
I-95 SB PM,110N04152,1040,2.507391304347826,2.765,23,38.6721,0.5528249999999999,8.999358333333333,8.446533333333333,0.4877867647058822,5.140343046945303,5.668460483275299,1.1027397260273972
I-95 SB PM,110N04152,1045,2.55,2.895,23,38.6721,0.5528249999999999,8.999358333333333,8.446533333333333,0.4877867647058822,5.227694116583007,5.934970379414826,1.135294117647059
I-95 SB PM,110N04152,1050,2.62,2.855,23,38.6721,0.5528249999999999,8.999358333333333,8.446533333333333,0.4877867647058822,5.371199445273521,5.852967334448818,1.0896946564885495
I-95 SB PM,110N04152,1055,2.5782608695652174,2.955,23,38.6721,0.5528249999999999,8.999358333333333,8.446533333333333,0.4877867647058822,5.285631050526382,6.057974946863838,1.1461214165261384
I-95 SB PM,110N04152,1060,2.502173913043478,3.0629999999999997,23,38.6721,0.5528249999999999,8.999358333333333,8.446533333333333,0.4877867647058822,5.129646997601911,6.279383168272059,1.2241355343179843
I-95 SB PM,110N04152,1065,2.488695652173913,2.77,23,38.6721,0.5528249999999999,8.999358333333333,8.446533333333333,0.4877867647058822,5.102015536798147,5.67871086389605,1.1130328441649198
I-95 SB PM,110N04152,1070,2.508260869565217,3.1589999999999994,23,38.6721,0.5528249999999999,8.999358333333333,8.446533333333333,0.4877867647058822,5.142125721835868,6.476190476190476,1.2594383775351012
I-95 SB PM,110N04152,1075,2.573913043478261,2.9949999999999997,23,38.6721,0.5528249999999999,8.999358333333333,8.446533333333333,0.4877867647058822,5.276717676073556,6.139977991829845,1.1635979729729726
I-95 SB PM,110N04152,1080,2.5078260869565216,2.765,23,38.6721,0.5528249999999999,8.999358333333333,8.446533333333333,0.4877867647058822,5.141234384390585,5.668460483275299,1.1025485436893205
I-95 SB PM,110N04152,1085,2.36,2.636,23,38.6721,0.5528249999999999,8.999358333333333,8.446533333333333,0.4877867647058822,4.8381796529944685,5.404000663259924,1.116949152542373
I-95 SB PM,110N04152,1090,2.424782608695652,2.9050000000000002,23,38.6721,0.5528249999999999,8.999358333333333,8.446533333333333,0.4877867647058822,4.970988932341591,5.955471140656328,1.1980455441993905
I-95 SB PM,110N04152,1095,2.4256521739130434,2.9050000000000002,23,38.6721,0.5528249999999999,8.999358333333333,8.446533333333333,0.4877867647058822,4.972771607232156,5.955471140656328,1.197616060225847
I-95 SB PM,110N04152,1100,2.4630434782608694,2.9999999999999996,23,38.6721,0.5528249999999999,8.999358333333333,8.446533333333333,0.4877867647058822,5.049426627526468,6.150228372450595,1.2180052956751986
I-95 SB PM,110N04152,1105,2.4791304347826086,3.073,23,38.6721,0.5528249999999999,8.999358333333333,8.446533333333333,0.4877867647058822,5.082406113001928,6.299883929513561,1.2395475271834444
I-95 SB PM,110N04152,1110,2.466086956521739,3.086,23,38.6721,0.5528249999999999,8.999358333333333,8.446533333333333,0.4877867647058822,5.055665989643447,6.326534919127513,1.2513751763046546
I-95 SB PM,110N04152,1115,2.4565217391304346,3.128,23,38.6721,0.5528249999999999,8.999358333333333,8.446533333333333,0.4877867647058822,5.036056565847227,6.412638116341822,1.273345132743363
I-95 SB PM,110N04152,1120,2.387391304347826,2.824,23,38.6721,0.5528249999999999,8.999358333333333,8.446533333333333,0.4877867647058822,4.894333912047279,5.789414974600161,1.1828810781278456
I-95 SB PM,110N04152,1125,2.3895652173913042,2.82,23,38.6721,0.5528249999999999,8.999358333333333,8.446533333333333,0.4877867647058822,4.898790599273692,5.7812146701035605,1.1801310043668123
I-95 SB PM,110N04152,1130,2.4173913043478263,2.801,23,38.6721,0.5528249999999999,8.999358333333333,8.446533333333333,0.4877867647058822,4.955836195771785,5.742263223744707,1.1586870503597122
I-95 SB PM,110N04152,1135,2.347826086956522,2.637,23,38.6721,0.5528249999999999,8.999358333333333,8.446533333333333,0.4877867647058822,4.8132222045265545,5.406050739384074,1.1231666666666666
I-95 SB PM,110N04152,1140,2.4221739130434785,2.937,23,38.6721,0.5528249999999999,8.999358333333333,8.446533333333333,0.4877867647058822,4.965640907669895,6.021073576629133,1.2125471190091544
I-95 SB PM,110N04152,1145,2.392608695652174,2.712,23,38.6721,0.5528249999999999,8.999358333333333,8.446533333333333,0.4877867647058822,4.905029961390672,5.55980644869534,1.1334908231873524
I-95 SB PM,110N04152,1150,2.360869565217391,2.787,23,38.6721,0.5528249999999999,8.999358333333333,8.446533333333333,0.4877867647058822,4.8399623278850346,5.713562158006604,1.1804972375690608
I-95 SB PM,110N04152,1155,2.471739130434783,2.9999999999999996,23,38.6721,0.5528249999999999,8.999358333333333,8.446533333333333,0.4877867647058822,5.067253376432122,6.150228372450595,1.213720316622691
I-95 SB PM,110N04152,1160,2.417826086956522,2.768,23,38.6721,0.5528249999999999,8.999358333333333,8.446533333333333,0.4877867647058822,4.956727533217068,5.67461071164775,1.1448300665347957
I-95 SB PM,110N04152,1165,2.3191304347826085,2.951,23,38.6721,0.5528249999999999,8.999358333333333,8.446533333333333,0.4877867647058822,4.754393933137895,6.049774642367237,1.2724596925384328
I-95 SB PM,110N04152,1170,2.2778260869565217,2.7439999999999998,23,38.6721,0.5528249999999999,8.999358333333333,8.446533333333333,0.4877867647058822,4.6697168758360394,5.625408884668145,1.2046573773620919
I-95 SB PM,110N04152,1175,2.3060869565217392,2.708,23,38.6721,0.5528249999999999,8.999358333333333,8.446533333333333,0.4877867647058822,4.727653809779415,5.551606144198739,1.1742835595776773
I-95 SB PM,110N04152,1180,2.253913043478261,2.9279999999999995,23,38.6721,0.5528249999999999,8.999358333333333,8.446533333333333,0.4877867647058822,4.620693316345491,6.0026228915117805,1.2990740740740738
I-95 SB PM,110N04152,1185,2.2073913043478264,2.66,23,38.6721,0.5528249999999999,8.999358333333333,8.446533333333333,0.4877867647058822,4.525320209700244,5.453202490239529,1.2050423478432144
I-95 SB PM,110N04152,1190,2.2569565217391303,2.632,23,38.6721,0.5528249999999999,8.999358333333333,8.446533333333333,0.4877867647058822,4.62693267846247,5.395800358763323,1.166172221151994
I-95 SB PM,110N04152,1195,2.132608695652174,2.658,23,38.6721,0.5528249999999999,8.999358333333333,8.446533333333333,0.4877867647058822,4.372010169111619,5.449102337991228,1.246360856269113
I-95 SB PM,110N04152,1200,2.0869565217391304,2.708,23,38.6721,0.5528249999999999,8.999358333333333,8.446533333333333,0.4877867647058822,4.278419737356937,5.551606144198739,1.2975833333333335
I-95 SB PM,110N04152,1205,1.966521739130435,2.633,23,38.6721,0.5528249999999999,8.999358333333333,8.446533333333333,0.4877867647058822,4.031519265013631,5.397850434887474,1.338912226398408
I-95 SB PM,110N04152,1210,1.8465217391304347,2.499,23,38.6721,0.5528249999999999,8.999358333333333,8.446533333333333,0.4877867647058822,3.785510130115606,5.123140234251347,1.3533553096303275
I-95 SB PM,110N04152,1215,1.7595652173913043,2.516,23,38.6721,0.5528249999999999,8.999358333333333,8.446533333333333,0.4877867647058822,3.607242641059067,5.1579915283619,1.4298986903879416
I-95 SB PM,110N04152,1220,1.6095652173913042,2.2439999999999998,23,38.6721,0.5528249999999999,8.999358333333333,8.446533333333333,0.4877867647058822,3.299731222436537,4.600370822593046,1.3941653160453809
I-95 SB PM,110N04152,1225,1.4634782608695651,2.181,23,38.6721,0.5528249999999999,8.999358333333333,8.446533333333333,0.4877867647058822,3.0002418408215514,4.471216026771583,1.4902852049910875
I-95 SB PM,110N04152,1230,1.5056521739130435,2.4189999999999996,23,38.6721,0.5528249999999999,8.999358333333333,8.446533333333333,0.4877867647058822,3.0867015730139733,4.9591341443193295,1.6066127634998553
I-95 SB PM,110N04152,1235,1.4865217391304346,2.1939999999999995,23,38.6721,0.5528249999999999,8.999358333333333,8.446533333333333,0.4877867647058822,3.0474827254215344,4.497867016385535,1.475928634103539
I-95 SB PM,110N04152,1240,1.38,2.546999999999999,23,38.6721,0.5528249999999999,8.999358333333333,8.446533333333333,0.4877867647058822,2.829105051327274,5.221543888210554,1.8456521739130427
I-95 SB PM,110N04152,1245,1.315217391304348,2.1069999999999998,23,38.6721,0.5528249999999999,8.999358333333333,8.446533333333333,0.4877867647058822,2.696295771980153,4.319510393584468,1.6020165289256196
I-95 SB PM,110N04152,1250,1.248695652173913,2.241,23,38.6721,0.5528249999999999,8.999358333333333,8.446533333333333,0.4877867647058822,2.5599211428519,4.594220594220595,1.794672701949861
I-95 SB PM,110N04152,1255,1.2165217391304348,2.2350000000000003,23,38.6721,0.5528249999999999,8.999358333333333,8.446533333333333,0.4877867647058822,2.493962171900981,4.581920137475695,1.8372051465332382
I-95 SB PM,110N04153,720,3.332173913043478,5.974999999999999,23,38.68128,0.783145,8.13144,7.348294999999999,0.691010294117647,4.822176950776602,8.646759752876754,1.7931236951983296
I-95 SB PM,110N04153,725,3.218695652173913,5.879999999999999,23,38.68128,0.783145,8.13144,7.348294999999999,0.691010294117647,4.657956154305739,8.509279890697124,1.826826962042415
I-95 SB PM,110N04153,730,3.077391304347826,5.694999999999999,23,38.68128,0.783145,8.13144,7.348294999999999,0.691010294117647,4.45346665678455,8.241555948557844,1.8505933879627012
I-95 SB PM,110N04153,735,2.9847826086956526,6.110999999999999,23,38.68128,0.783145,8.13144,7.348294999999999,0.691010294117647,4.319447386101433,8.843573029260225,2.0473852876911867
I-95 SB PM,110N04153,740,2.7669565217391305,5.48,23,38.68128,0.783145,8.13144,7.348294999999999,0.691010294117647,4.004218960691845,7.930417313098682,1.9805153991200504
I-95 SB PM,110N04153,745,2.9430434782608694,5.22,23,38.68128,0.783145,8.13144,7.348294999999999,0.691010294117647,4.259044334525942,7.554156637659693,1.7736741025262224
I-95 SB PM,110N04153,750,3.0017391304347822,5.776,23,38.68128,0.783145,8.13144,7.348294999999999,0.691010294117647,4.3439861258039745,8.358775620521529,1.9242178447276943
I-95 SB PM,110N04153,755,2.891739130434783,6.345999999999999,23,38.68128,0.783145,8.13144,7.348294999999999,0.691010294117647,4.184798916964403,9.183654793599311,2.1945271387761234
I-95 SB PM,110N04153,760,2.7821739130434784,6.337,23,38.68128,0.783145,8.13144,7.348294999999999,0.691010294117647,4.026240906578742,9.170630385603348,2.2777152680106263
I-95 SB PM,110N04153,765,2.6534782608695653,5.840999999999999,23,38.68128,0.783145,8.13144,7.348294999999999,0.691010294117647,3.8399981642209817,8.452840789381277,2.2012616745862688
I-95 SB PM,110N04153,770,2.627391304347826,5.35,23,38.68128,0.783145,8.13144,7.348294999999999,0.691010294117647,3.8022462569863,7.742286975379186,2.0362402780076123
I-95 SB PM,110N04153,775,2.6339130434782607,5.701,23,38.68128,0.783145,8.13144,7.348294999999999,0.691010294117647,3.8116842337949706,8.25023888722182,2.1644602178936942
I-95 SB PM,110N04153,780,2.674782608695652,6.031,23,38.68128,0.783145,8.13144,7.348294999999999,0.691010294117647,3.870828888462638,8.727800513740538,2.2547626788036412
I-95 SB PM,110N04153,785,2.992608695652174,6.599999999999999,23,38.68128,0.783145,8.13144,7.348294999999999,0.691010294117647,4.330772958271836,9.551232530374323,2.20543367717565
I-95 SB PM,110N04153,790,2.6539130434782607,6.573999999999998,23,38.68128,0.783145,8.13144,7.348294999999999,0.691010294117647,3.840627362674893,9.513606462830422,2.4770969855832234
I-95 SB PM,110N04153,795,2.572608695652174,6.266999999999999,23,38.68128,0.783145,8.13144,7.348294999999999,0.691010294117647,3.72296725179347,9.069329434523619,2.436048673314179
I-95 SB PM,110N04153,800,2.4821739130434786,5.775999999999998,23,38.68128,0.783145,8.13144,7.348294999999999,0.691010294117647,3.5920939733799093,8.358775620521527,2.3269924680329295
I-95 SB PM,110N04153,805,2.6982608695652175,6.573999999999998,23,38.68128,0.783145,8.13144,7.348294999999999,0.691010294117647,3.904805604973851,9.513606462830422,2.436384144376409
I-95 SB PM,110N04153,810,2.720869565217391,5.7139999999999995,23,38.68128,0.783145,8.13144,7.348294999999999,0.691010294117647,3.937523924577241,8.269051920993771,2.1000639181847234
I-95 SB PM,110N04153,815,2.7795652173913044,5.597,23,38.68128,0.783145,8.13144,7.348294999999999,0.691010294117647,4.022465715855274,8.099734617046227,2.013624276552479
I-95 SB PM,110N04153,820,2.9347826086956523,6.149999999999999,23,38.68128,0.783145,8.13144,7.348294999999999,0.691010294117647,4.247089563901627,8.900012130576073,2.095555555555555
I-95 SB PM,110N04153,825,2.9586956521739127,5.299999999999999,23,38.68128,0.783145,8.13144,7.348294999999999,0.691010294117647,4.281695478866751,7.66992915317938,1.7913299044819984
I-95 SB PM,110N04153,830,2.88304347826087,5.133999999999999,23,38.68128,0.783145,8.13144,7.348294999999999,0.691010294117647,4.172214947886176,7.429701183476025,1.7807570502186691
I-95 SB PM,110N04153,835,2.9669565217391303,5.305999999999999,23,38.68128,0.783145,8.13144,7.348294999999999,0.691010294117647,4.293650249491066,7.678612091843357,1.7883645955451346
I-95 SB PM,110N04153,840,2.996086956521739,4.835999999999999,23,38.68128,0.783145,8.13144,7.348294999999999,0.691010294117647,4.335806545903127,6.998448563165186,1.6141053548106223
I-95 SB PM,110N04153,845,3.115217391304348,4.683999999999999,23,38.68128,0.783145,8.13144,7.348294999999999,0.691010294117647,4.508206922274837,6.778480783677777,1.5035868806699229
I-95 SB PM,110N04153,850,3.204782608695652,5.169999999999999,23,38.68128,0.783145,8.13144,7.348294999999999,0.691010294117647,4.637821803780576,7.481798815459886,1.6132139465472797
I-95 SB PM,110N04153,855,3.396521739130435,5.201,23,38.68128,0.783145,8.13144,7.348294999999999,0.691010294117647,4.915298321955483,7.526660665223766,1.5312724014336916
I-95 SB PM,110N04153,860,3.571304347826087,5.150999999999999,23,38.68128,0.783145,8.13144,7.348294999999999,0.691010294117647,5.168236100427846,7.45430284302396,1.4423301680058433
I-95 SB PM,110N04153,865,3.6660869565217387,4.53,23,38.68128,0.783145,8.13144,7.348294999999999,0.691010294117647,5.30540136338052,6.555618691302378,1.2356499051233398
I-95 SB PM,110N04153,870,3.8817391304347826,5.01,23,38.68128,0.783145,8.13144,7.348294999999999,0.691010294117647,5.617483796520551,7.25025378442051,1.2906586021505375
I-95 SB PM,110N04153,875,4.0804347826086955,5.109,23,38.68128,0.783145,8.13144,7.348294999999999,0.691010294117647,5.905027489958039,7.393522272376125,1.2520724560468834
I-95 SB PM,110N04153,880,4.162608695652174,5.21,23,38.68128,0.783145,8.13144,7.348294999999999,0.691010294117647,6.023945997747284,7.539685073219732,1.2516189680384375
I-95 SB PM,110N04153,885,4.2239130434782615,5.109,23,38.68128,0.783145,8.13144,7.348294999999999,0.691010294117647,6.112662979748786,7.393522272376125,1.2095419454451877
I-95 SB PM,110N04153,890,4.136521739130435,4.901,23,38.68128,0.783145,8.13144,7.348294999999999,0.691010294117647,5.986194090512604,7.092513732024933,1.184811856211898
I-95 SB PM,110N04153,895,4.23391304347826,5.002,23,38.68128,0.783145,8.13144,7.348294999999999,0.691010294117647,6.1271345441887455,7.238676532868541,1.1814130211542413
I-95 SB PM,110N04153,900,4.40391304347826,5.326999999999999,23,38.68128,0.783145,8.13144,7.348294999999999,0.691010294117647,6.373151139668084,7.709002377167275,1.2096060815480303
I-95 SB PM,110N04153,905,4.442608695652174,5.22,23,38.68128,0.783145,8.13144,7.348294999999999,0.691010294117647,6.4291498020661955,7.554156637659693,1.1749853200234879
I-95 SB PM,110N04153,910,4.5456521739130435,5.22,23,38.68128,0.783145,8.13144,7.348294999999999,0.691010294117647,6.578269835643186,7.554156637659693,1.1483500717360113
I-95 SB PM,110N04153,915,4.900869565217391,5.48,23,38.68128,0.783145,8.13144,7.348294999999999,0.691010294117647,7.09232497248876,7.930417313098682,1.1181689141234918
I-95 SB PM,110N04153,920,5.027826086956522,5.597,23,38.68128,0.783145,8.13144,7.348294999999999,0.691010294117647,7.276050921030876,8.099734617046227,1.1132047734347976
I-95 SB PM,110N04153,925,4.981739130434782,5.584,23,38.68128,0.783145,8.13144,7.348294999999999,0.691010294117647,7.209355884916271,8.080921583274277,1.1208936987257812
I-95 SB PM,110N04153,930,4.871739130434783,5.337,23,38.68128,0.783145,8.13144,7.348294999999999,0.691010294117647,7.050168676076701,7.723473941607238,1.0955020080321285
I-95 SB PM,110N04153,935,4.8539130434782605,5.35,23,38.68128,0.783145,8.13144,7.348294999999999,0.691010294117647,7.024371539466334,7.742286975379186,1.1022035112862774
I-95 SB PM,110N04153,940,4.857826086956522,5.35,23,38.68128,0.783145,8.13144,7.348294999999999,0.691010294117647,7.030034325551537,7.742286975379186,1.101315671708583
I-95 SB PM,110N04153,945,4.904347826086957,5.4670000000000005,23,38.68128,0.783145,8.13144,7.348294999999999,0.691010294117647,7.0973585601200515,7.911604279326733,1.1147251773049647
I-95 SB PM,110N04153,950,5.039130434782609,5.646,23,38.68128,0.783145,8.13144,7.348294999999999,0.691010294117647,7.292410080832571,8.170645282802036,1.1204314063848144
I-95 SB PM,110N04153,955,5.052608695652173,5.597,23,38.68128,0.783145,8.13144,7.348294999999999,0.691010294117647,7.3119152329038215,8.099734617046227,1.107744600292574
I-95 SB PM,110N04153,960,4.913043478260869,5.584,23,38.68128,0.783145,8.13144,7.348294999999999,0.691010294117647,7.109942529198278,8.080921583274277,1.1365663716814158
I-95 SB PM,110N04153,965,4.817826086956522,5.8709999999999996,23,38.68128,0.783145,8.13144,7.348294999999999,0.691010294117647,6.972148067791693,8.49625548270116,1.2185994043858857
I-95 SB PM,110N04153,970,4.8273913043478265,5.337,23,38.68128,0.783145,8.13144,7.348294999999999,0.691010294117647,6.985990433777743,7.723473941607238,1.105566063226155
I-95 SB PM,110N04153,975,4.943478260869566,5.6000000000000005,23,38.68128,0.783145,8.13144,7.348294999999999,0.691010294117647,7.153986420972074,8.104076086378216,1.1328056288478452
I-95 SB PM,110N04153,980,4.849565217391304,5.48,23,38.68128,0.783145,8.13144,7.348294999999999,0.691010294117647,7.018079554927221,7.930417313098682,1.129998206921284
I-95 SB PM,110N04153,985,4.836521739130435,5.597,23,38.68128,0.783145,8.13144,7.348294999999999,0.691010294117647,6.9992036013098815,8.099734617046227,1.1572366055375765
I-95 SB PM,110N04153,990,4.876086956521739,5.337,23,38.68128,0.783145,8.13144,7.348294999999999,0.691010294117647,7.056460660615813,7.723473941607238,1.0945251894783772
I-95 SB PM,110N04153,995,4.805652173913043,5.470000000000001,23,38.68128,0.783145,8.13144,7.348294999999999,0.691010294117647,6.954530511082174,7.9159457486587215,1.1382430109472543
I-95 SB PM,110N04153,1000,5.035217391304348,5.731,23,38.68128,0.783145,8.13144,7.348294999999999,0.691010294117647,7.286747294747369,8.293653580541704,1.138183231154477
I-95 SB PM,110N04153,1005,5.0465217391304344,5.763,23,38.68128,0.783145,8.13144,7.348294999999999,0.691010294117647,7.303106454549063,8.33996258674958,1.1419746704574827
I-95 SB PM,110N04153,1010,5.017826086956521,5.727,23,38.68128,0.783145,8.13144,7.348294999999999,0.691010294117647,7.2615793565909135,8.287864954765721,1.141330907200416
I-95 SB PM,110N04153,1015,4.995217391304348,5.61,23,38.68128,0.783145,8.13144,7.348294999999999,0.691010294117647,7.228861036987524,8.118547650818176,1.123074244929933
I-95 SB PM,110N04153,1020,5.049565217391304,6.02,23,38.68128,0.783145,8.13144,7.348294999999999,0.691010294117647,7.307510843726443,8.71188179285658,1.1921818494919922
I-95 SB PM,110N04153,1025,5.072173913043478,5.853,23,38.68128,0.783145,8.13144,7.348294999999999,0.691010294117647,7.340229163329833,8.47020666670923,1.1539430824618548
I-95 SB PM,110N04153,1030,5.038695652173913,5.48,23,38.68128,0.783145,8.13144,7.348294999999999,0.691010294117647,7.291780882378659,7.930417313098682,1.0875830528949868
I-95 SB PM,110N04153,1035,5.055217391304348,5.853,23,38.68128,0.783145,8.13144,7.348294999999999,0.691010294117647,7.315690423627291,8.47020666670923,1.1578137094693386
I-95 SB PM,110N04153,1040,5.086086956521739,5.763,23,38.68128,0.783145,8.13144,7.348294999999999,0.691010294117647,7.360363513854996,8.33996258674958,1.1330911266883228
I-95 SB PM,110N04153,1045,4.9830434782608695,5.48,23,38.68128,0.783145,8.13144,7.348294999999999,0.691010294117647,7.211243480278006,7.930417313098682,1.0997295174941106
I-95 SB PM,110N04153,1050,5.023478260869565,5.7139999999999995,23,38.68128,0.783145,8.13144,7.348294999999999,0.691010294117647,7.269758936491762,8.269051920993771,1.1374588886965553
I-95 SB PM,110N04153,1055,5.114782608695652,5.74,23,38.68128,0.783145,8.13144,7.348294999999999,0.691010294117647,7.401890611813146,8.30667798853767,1.1222373342400545
I-95 SB PM,110N04153,1060,5.131304347826087,6.0729999999999995,23,38.68128,0.783145,8.13144,7.348294999999999,0.691010294117647,7.425800153061777,8.788581084388374,1.1835197424165393
I-95 SB PM,110N04153,1065,5.172173913043478,5.929,23,38.68128,0.783145,8.13144,7.348294999999999,0.691010294117647,7.484944807729444,8.580190556452935,1.1463264963012778
I-95 SB PM,110N04153,1070,4.897826086956522,6.045999999999999,23,38.68128,0.783145,8.13144,7.348294999999999,0.691010294117647,7.087920583311382,8.74950786040048,1.2344252108300042
I-95 SB PM,110N04153,1075,4.829565217391305,5.997,23,38.68128,0.783145,8.13144,7.348294999999999,0.691010294117647,6.989136426047299,8.67859719464467,1.2417266834713718
I-95 SB PM,110N04153,1080,4.7791304347826085,5.87,23,38.68128,0.783145,8.13144,7.348294999999999,0.691010294117647,6.916149405393582,8.494808326257164,1.2282569141193596
I-95 SB PM,110N04153,1085,4.790434782608696,5.597,23,38.68128,0.783145,8.13144,7.348294999999999,0.691010294117647,6.9325085651952785,8.099734617046227,1.1683699400980214
I-95 SB PM,110N04153,1090,4.670869565217391,5.4670000000000005,23,38.68128,0.783145,8.13144,7.348294999999999,0.691010294117647,6.759478990369654,7.911604279326733,1.1704458717304294
I-95 SB PM,110N04153,1095,4.774347826086957,5.61,23,38.68128,0.783145,8.13144,7.348294999999999,0.691010294117647,6.909228222400557,8.118547650818176,1.175029596575904
I-95 SB PM,110N04153,1100,4.834347826086956,5.91,23,38.68128,0.783145,8.13144,7.348294999999999,0.691010294117647,6.9960576090403235,8.55269458401701,1.2225020235632702
I-95 SB PM,110N04153,1105,4.802173913043478,5.727,23,38.68128,0.783145,8.13144,7.348294999999999,0.691010294117647,6.949496923450883,8.287864954765721,1.1925848800362155
I-95 SB PM,110N04153,1110,4.734782608695652,5.61,23,38.68128,0.783145,8.13144,7.348294999999999,0.691010294117647,6.851971163094624,8.118547650818176,1.1848484848484848
I-95 SB PM,110N04153,1115,4.673913043478261,5.74,23,38.68128,0.783145,8.13144,7.348294999999999,0.691010294117647,6.763883379547035,8.30667798853767,1.228093023255814
I-95 SB PM,110N04153,1120,4.61695652173913,5.907,23,38.68128,0.783145,8.13144,7.348294999999999,0.691010294117647,6.681458382084648,8.548353114685021,1.279414257463038
I-95 SB PM,110N04153,1125,4.460434782608695,5.646,23,38.68128,0.783145,8.13144,7.348294999999999,0.691010294117647,6.454946938676561,8.170645282802036,1.265795886538649
I-95 SB PM,110N04153,1130,4.56391304347826,5.4670000000000005,23,38.68128,0.783145,8.13144,7.348294999999999,0.691010294117647,6.604696170707462,7.911604279326733,1.1978755835000479
I-95 SB PM,110N04153,1135,4.6,5.454,23,38.68128,0.783145,8.13144,7.348294999999999,0.691010294117647,6.656919642382104,7.892791245554783,1.1856521739130435
I-95 SB PM,110N04153,1140,4.503478260869565,5.12,23,38.68128,0.783145,8.13144,7.348294999999999,0.691010294117647,6.517237585613785,7.409440993260082,1.13689901525391
I-95 SB PM,110N04153,1145,4.288260869565217,5.0,23,38.68128,0.783145,8.13144,7.348294999999999,0.691010294117647,6.205784350927665,7.235782219980549,1.1659738416303356
I-95 SB PM,110N04153,1150,4.265652173913043,5.454,23,38.68128,0.783145,8.13144,7.348294999999999,0.691010294117647,6.173066031324275,7.892791245554783,1.2785852614412394
I-95 SB PM,110N04153,1155,4.166956521739131,5.326999999999999,23,38.68128,0.783145,8.13144,7.348294999999999,0.691010294117647,6.0302379822863985,7.709002377167275,1.278391068447412
I-95 SB PM,110N04153,1160,3.9434782608695653,5.01,23,38.68128,0.783145,8.13144,7.348294999999999,0.691010294117647,5.706829976975963,7.25025378442051,1.27045203969129
I-95 SB PM,110N04153,1165,3.7021739130434783,4.93,23,38.68128,0.783145,8.13144,7.348294999999999,0.691010294117647,5.357624835055163,7.134481268900821,1.331650029359953
I-95 SB PM,110N04153,1170,3.451304347826087,4.898,23,38.68128,0.783145,8.13144,7.348294999999999,0.691010294117647,4.9945773271483125,7.088172262692945,1.4191735953640714
I-95 SB PM,110N04153,1175,3.5008695652173913,4.603,23,38.68128,0.783145,8.13144,7.348294999999999,0.691010294117647,5.066305950894207,6.661261111714093,1.3148161947342274
I-95 SB PM,110N04153,1180,3.46304347826087,4.808,23,38.68128,0.783145,8.13144,7.348294999999999,0.691010294117647,5.0115656854039194,6.957928182733296,1.388374136848713
I-95 SB PM,110N04153,1185,3.112608695652174,4.263,23,38.68128,0.783145,8.13144,7.348294999999999,0.691010294117647,4.504431731551369,6.169227920755416,1.3695907249615868
I-95 SB PM,110N04153,1190,2.859565217391304,4.193,23,38.68128,0.783145,8.13144,7.348294999999999,0.691010294117647,4.138238231374962,6.067926969675688,1.466306826820739
I-95 SB PM,110N04153,1195,2.6508695652173913,4.172,23,38.68128,0.783145,8.13144,7.348294999999999,0.691010294117647,3.8362229734975135,6.037536684351769,1.5738231917336394
I-95 SB PM,110N04153,1200,2.365217391304348,4.186,23,38.68128,0.783145,8.13144,7.348294999999999,0.691010294117647,3.4228395892777552,6.057796874567716,1.7698161764705882
I-95 SB PM,110N04153,1205,2.2569565217391307,4.208,23,38.68128,0.783145,8.13144,7.348294999999999,0.691010294117647,3.2661691742538292,6.08963431633563,1.8644577152764399
I-95 SB PM,110N04153,1210,2.0617391304347827,4.193,23,38.68128,0.783145,8.13144,7.348294999999999,0.691010294117647,2.983659068447632,6.067926969675688,2.0337199493884435
I-95 SB PM,110N04153,1215,1.8043478260869565,3.635,23,38.68128,0.783145,8.13144,7.348294999999999,0.691010294117647,2.611173583732111,5.260413673925859,2.0145783132530117
I-95 SB PM,110N04153,1220,1.6204347826086958,3.054,23,38.68128,0.783145,8.13144,7.348294999999999,0.691010294117647,2.3450226377276095,4.419615779964119,1.8846793667829351
I-95 SB PM,110N04153,1225,1.5052173913043476,3.058,23,38.68128,0.783145,8.13144,7.348294999999999,0.691010294117647,2.1782850474411006,4.425404405740103,2.0316002310803007
I-95 SB PM,110N04153,1230,1.4421739130434783,3.1849999999999996,23,38.68128,0.783145,8.13144,7.348294999999999,0.691010294117647,2.087051271623955,4.609193274127609,2.2084715104009645
I-95 SB PM,110N04153,1235,1.3978260869565218,3.341999999999999,23,38.68128,0.783145,8.13144,7.348294999999999,0.691010294117647,2.022873029324997,4.836396835834997,2.3908553654743385
I-95 SB PM,110N04153,1240,1.3365217391304347,2.7529999999999992,23,38.68128,0.783145,8.13144,7.348294999999999,0.691010294117647,1.9341560473234962,3.9840216903212893,2.05982433311646
I-95 SB PM,110N04153,1245,1.2091304347826086,2.7849999999999997,23,38.68128,0.783145,8.13144,7.348294999999999,0.691010294117647,1.74980090032747,4.030330696529165,2.3033081625314633
I-95 SB PM,110N04153,1250,1.1904347826086956,2.7159999999999997,23,38.68128,0.783145,8.13144,7.348294999999999,0.691010294117647,1.722745366809282,3.930476901893434,2.2815193571950325
I-95 SB PM,110N04153,1255,1.1817391304347826,2.7649999999999992,23,38.68128,0.783145,8.13144,7.348294999999999,0.691010294117647,1.710161397731055,4.0013875676492425,2.339771891096394
I-95 SB PM,110N04154,720,0.3308695652173913,0.72,23,38.70825,0.20823,5.633813333333333,5.425583333333333,0.1800272336256025,1.837886182851042,3.9993948998703353,2.1760840998685937
I-95 SB PM,110N04154,725,0.2773913043478261,0.557,23,38.70825,0.20823,5.633813333333333,5.425583333333333,0.1800272336256025,1.5408296776070496,3.0939763322608016,2.0079937304075237
I-95 SB PM,110N04154,730,0.2634782608695652,0.5859999999999997,23,38.70825,0.20823,5.633813333333333,5.425583333333333,0.1800272336256025,1.4635466843728402,3.255063071283355,2.224092409240923
I-95 SB PM,110N04154,735,0.27260869565217394,0.6539999999999997,23,38.70825,0.20823,5.633813333333333,5.425583333333333,0.1800272336256025,1.5142636486827903,3.632783700715553,2.3990430622009558
I-95 SB PM,110N04154,740,0.28130434782608693,0.6659999999999998,23,38.70825,0.20823,5.633813333333333,5.425583333333333,0.1800272336256025,1.5625655194541708,3.6994402823800594,2.3675425038639872
I-95 SB PM,110N04154,745,0.27999999999999997,0.619,23,38.70825,0.20823,5.633813333333333,5.425583333333333,0.1800272336256025,1.5553202388384637,3.4383686708607466,2.210714285714286
I-95 SB PM,110N04154,750,0.26260869565217393,0.7909999999999993,23,38.70825,0.20823,5.633813333333333,5.425583333333333,0.1800272336256025,1.4587164972957023,4.393779674718656,3.012086092715229
I-95 SB PM,110N04154,755,0.2639130434782609,0.6489999999999996,23,38.70825,0.20823,5.633813333333333,5.425583333333333,0.1800272336256025,1.4659617779114094,3.6050101250220083,2.4591433278418435
I-95 SB PM,110N04154,760,0.26956521739130435,0.7029999999999995,23,38.70825,0.20823,5.633813333333333,5.425583333333333,0.1800272336256025,1.4973579939128068,3.9049647425122833,2.60790322580645
I-95 SB PM,110N04154,765,0.26869565217391306,0.4789999999999998,23,38.70825,0.20823,5.633813333333333,5.425583333333333,0.1800272336256025,1.4925278068356689,2.660708551441514,1.782686084142394
I-95 SB PM,110N04154,770,0.2530434782608696,0.42499999999999993,23,38.70825,0.20823,5.633813333333333,5.425583333333333,0.1800272336256025,1.4055844394471833,2.3607539339512393,1.6795532646048106
I-95 SB PM,110N04154,775,0.2417391304347826,0.5689999999999998,23,38.70825,0.20823,5.633813333333333,5.425583333333333,0.1800272336256025,1.342792007444388,3.1606329139253058,2.3537769784172657
I-95 SB PM,110N04154,780,0.2365217391304348,0.4509999999999999,23,38.70825,0.20823,5.633813333333333,5.425583333333333,0.1800272336256025,1.3138108849815597,2.505176527557668,1.9068014705882346
I-95 SB PM,110N04154,785,0.25608695652173913,0.5379999999999999,23,38.70825,0.20823,5.633813333333333,5.425583333333333,0.1800272336256025,1.4224900942171665,2.9884367446253335,2.1008488964346346
I-95 SB PM,110N04154,790,0.25130434782608696,0.6399999999999996,23,38.70825,0.20823,5.633813333333333,5.425583333333333,0.1800272336256025,1.395924065292907,3.555017688773629,2.5467128027681643
I-95 SB PM,110N04154,795,0.24391304347826087,0.6159999999999995,23,38.70825,0.20823,5.633813333333333,5.425583333333333,0.1800272336256025,1.3548674751372332,3.421704525444618,2.5254901960784295
I-95 SB PM,110N04154,800,0.23869565217391306,0.4979999999999997,23,38.70825,0.20823,5.633813333333333,5.425583333333333,0.1800272336256025,1.325886352674405,2.7662481390769806,2.0863387978142063
I-95 SB PM,110N04154,805,0.25130434782608696,0.7779999999999991,23,38.70825,0.20823,5.633813333333333,5.425583333333333,0.1800272336256025,1.395924065292907,4.321568377915441,3.0958477508650484
I-95 SB PM,110N04154,810,0.26652173913043475,0.6969999999999993,23,38.70825,0.20823,5.633813333333333,5.425583333333333,0.1800272336256025,1.4804523391428233,3.871636451680029,2.61517128874388
I-95 SB PM,110N04154,815,0.2565217391304348,0.7809999999999991,23,38.70825,0.20823,5.633813333333333,5.425583333333333,0.1800272336256025,1.4249051877557355,4.338232523331568,3.044576271186437
I-95 SB PM,110N04154,820,0.2639130434782609,0.6969999999999995,23,38.70825,0.20823,5.633813333333333,5.425583333333333,0.1800272336256025,1.4659617779114094,3.8716364516800303,2.6410214168039516
I-95 SB PM,110N04154,825,0.24695652173913044,0.5099999999999999,23,38.70825,0.20823,5.633813333333333,5.425583333333333,0.1800272336256025,1.3717731299072164,2.832904720741487,2.065140845070422
I-95 SB PM,110N04154,830,0.26913043478260873,0.8059999999999995,23,38.70825,0.20823,5.633813333333333,5.425583333333333,0.1800272336256025,1.494942900374238,4.47710040179929,2.9948303715670415
I-95 SB PM,110N04154,835,0.271304347826087,0.7329999999999999,23,38.70825,0.20823,5.633813333333333,5.425583333333333,0.1800272336256025,1.507018368067083,4.0716061966735495,2.70176282051282
I-95 SB PM,110N04154,840,0.2473913043478261,0.6269999999999996,23,38.70825,0.20823,5.633813333333333,5.425583333333333,0.1800272336256025,1.3741882234457856,3.482806391970415,2.5344463971880473
I-95 SB PM,110N04154,845,0.2647826086956522,0.6889999999999995,23,38.70825,0.20823,5.633813333333333,5.425583333333333,0.1800272336256025,1.4707919649885473,3.82719873057036,2.6021346469622313
I-95 SB PM,110N04154,850,0.26260869565217393,0.5839999999999999,23,38.70825,0.20823,5.633813333333333,5.425583333333333,0.1800272336256025,1.4587164972957023,3.243953641005938,2.2238410596026483
I-95 SB PM,110N04154,855,0.25826086956521743,0.6049999999999999,23,38.70825,0.20823,5.633813333333333,5.425583333333333,0.1800272336256025,1.434565561910012,3.3606026589188227,2.3425925925925917
I-95 SB PM,110N04154,860,0.29869565217391303,0.7639999999999997,23,38.70825,0.20823,5.633813333333333,5.425583333333333,0.1800272336256025,1.6591692609969326,4.243802365973521,2.557787481804948
I-95 SB PM,110N04154,865,0.3095652173913043,0.7979999999999996,23,38.70825,0.20823,5.633813333333333,5.425583333333333,0.1800272336256025,1.7195465994611587,4.43266268068962,2.5778089887640436
I-95 SB PM,110N04154,870,0.3126086956521739,0.7029999999999998,23,38.70825,0.20823,5.633813333333333,5.425583333333333,0.1800272336256025,1.736452254231142,3.904964742512285,2.2488178025034764
I-95 SB PM,110N04154,875,0.30478260869565216,0.5359999999999999,23,38.70825,0.20823,5.633813333333333,5.425583333333333,0.1800272336256025,1.6929805705368992,2.977327314347916,1.7586305278174035
I-95 SB PM,110N04154,880,0.31,0.52,23,38.70825,0.20823,5.633813333333333,5.425583333333333,0.1800272336256025,1.721961692999728,2.888451872128576,1.6774193548387097
I-95 SB PM,110N04154,885,0.3591304347826087,0.668,23,38.70825,0.20823,5.633813333333333,5.425583333333333,0.1800272336256025,1.9948672628580297,3.7105497126574782,1.8600484261501211
I-95 SB PM,110N04154,890,0.3904347826086957,0.67,23,38.70825,0.20823,5.633813333333333,5.425583333333333,0.1800272336256025,2.168753997635001,3.7216591429348957,1.7160356347438752
I-95 SB PM,110N04154,895,0.3795652173913044,0.6779999999999998,23,38.70825,0.20823,5.633813333333333,5.425583333333333,0.1800272336256025,2.108376659170775,3.766096864044565,1.7862542955326455
I-95 SB PM,110N04154,900,0.41043478260869565,0.7789999999999999,23,38.70825,0.20823,5.633813333333333,5.425583333333333,0.1800272336256025,2.279848300409177,4.327123093054154,1.897987288135593
I-95 SB PM,110N04154,905,0.41,0.599,23,38.70825,0.20823,5.633813333333333,5.425583333333333,0.1800272336256025,2.2774332068706076,3.3272743680865706,1.4609756097560975
I-95 SB PM,110N04154,910,0.43130434782608695,0.6729999999999999,23,38.70825,0.20823,5.633813333333333,5.425583333333333,0.1800272336256025,2.395772790260491,3.7383232883510216,1.560383064516129
I-95 SB PM,110N04154,915,0.4191304347826087,0.609,23,38.70825,0.20823,5.633813333333333,5.425583333333333,0.1800272336256025,2.3281501711805577,3.3828215194736586,1.4530082987551867
I-95 SB PM,110N04154,920,0.4404347826086957,0.7979999999999996,23,38.70825,0.20823,5.633813333333333,5.425583333333333,0.1800272336256025,2.446489754570441,4.43266268068962,1.8118460019743328
I-95 SB PM,110N04154,925,0.46,0.7819999999999999,23,38.70825,0.20823,5.633813333333333,5.425583333333333,0.1800272336256025,2.555168963806048,4.343787238470281,1.6999999999999997
I-95 SB PM,110N04154,930,0.508695652173913,0.737,23,38.70825,0.20823,5.633813333333333,5.425583333333333,0.1800272336256025,2.82565944012578,4.093825057228385,1.448803418803419
I-95 SB PM,110N04154,935,0.5230434782608695,0.8389999999999999,23,38.70825,0.20823,5.633813333333333,5.425583333333333,0.1800272336256025,2.9053575268985585,4.660406001376682,1.6040731504571903
I-95 SB PM,110N04154,940,0.528695652173913,0.9089999999999997,23,38.70825,0.20823,5.633813333333333,5.425583333333333,0.1800272336256025,2.936753742899956,5.049236061086297,1.7193256578947365
I-95 SB PM,110N04154,945,0.5460869565217391,0.859,23,38.70825,0.20823,5.633813333333333,5.425583333333333,0.1800272336256025,3.033357484442718,4.771500304150859,1.5730095541401274
I-95 SB PM,110N04154,950,0.5495652173913044,0.826,23,38.70825,0.20823,5.633813333333333,5.425583333333333,0.1800272336256025,3.052678232751271,4.588194704573468,1.503006329113924
I-95 SB PM,110N04154,955,0.5591304347826087,0.8119999999999998,23,38.70825,0.20823,5.633813333333333,5.425583333333333,0.1800272336256025,3.1058102905997895,4.510428692631544,1.452255054432348
I-95 SB PM,110N04154,960,0.5643478260869565,1.0079999999999998,23,38.70825,0.20823,5.633813333333333,5.425583333333333,0.1800272336256025,3.134791413062618,5.599152859818469,1.7861325115562399
I-95 SB PM,110N04154,965,0.5865217391304348,1.054,23,38.70825,0.20823,5.633813333333333,5.425583333333333,0.1800272336256025,3.2579611835296394,5.854669756199075,1.7970348406226835
I-95 SB PM,110N04154,970,0.6334782608695653,0.9989999999999999,23,38.70825,0.20823,5.633813333333333,5.425583333333333,0.1800272336256025,3.5187912856950962,5.54916042357009,1.57700754975978
I-95 SB PM,110N04154,975,0.5752173913043478,0.9129999999999999,23,38.70825,0.20823,5.633813333333333,5.425583333333333,0.1800272336256025,3.195168751526844,5.071454921641133,1.5872260015117157
I-95 SB PM,110N04154,980,0.6343478260869565,1.009,23,38.70825,0.20823,5.633813333333333,5.425583333333333,0.1800272336256025,3.523621472772234,5.604707574957178,1.5906100068540094
I-95 SB PM,110N04154,985,0.6665217391304348,1.015,23,38.70825,0.20823,5.633813333333333,5.425583333333333,0.1800272336256025,3.7023383946263433,5.638035865789431,1.5228310502283104
I-95 SB PM,110N04154,990,0.7047826086956522,1.078,23,38.70825,0.20823,5.633813333333333,5.425583333333333,0.1800272336256025,3.9148666260204195,5.987982919528086,1.5295496607032695
I-95 SB PM,110N04154,995,0.7008695652173913,1.061,23,38.70825,0.20823,5.633813333333333,5.425583333333333,0.1800272336256025,3.8931307841732976,5.893552762170036,1.513833746898263
I-95 SB PM,110N04154,1000,0.6695652173913044,0.9639999999999999,23,38.70825,0.20823,5.633813333333333,5.425583333333333,0.1800272336256025,3.719244049396327,5.354745393715282,1.4397402597402595
I-95 SB PM,110N04154,1005,0.6826086956521739,0.9949999999999999,23,38.70825,0.20823,5.633813333333333,5.425583333333333,0.1800272336256025,3.7916968555533974,5.526941563015255,1.4576433121019108
I-95 SB PM,110N04154,1010,0.6752173913043478,1.0769999999999997,23,38.70825,0.20823,5.633813333333333,5.425583333333333,0.1800272336256025,3.750640265397724,5.982428204389375,1.595041854475209
I-95 SB PM,110N04154,1015,0.6430434782608696,0.9939999999999999,23,38.70825,0.20823,5.633813333333333,5.425583333333333,0.1800272336256025,3.5719233435436153,5.5213868478765455,1.5457741717376603
I-95 SB PM,110N04154,1020,0.681304347826087,0.9749999999999999,23,38.70825,0.20823,5.633813333333333,5.425583333333333,0.1800272336256025,3.7844515749376906,5.415847260241079,1.43107849393746
I-95 SB PM,110N04154,1025,0.707391304347826,1.021,23,38.70825,0.20823,5.633813333333333,5.425583333333333,0.1800272336256025,3.929357187251833,5.671364156621683,1.4433312845728334
I-95 SB PM,110N04154,1030,0.726086956521739,1.036,23,38.70825,0.20823,5.633813333333333,5.425583333333333,0.1800272336256025,4.033206209410301,5.754684883702317,1.4268263473053895
I-95 SB PM,110N04154,1035,0.7030434782608697,0.947,23,38.70825,0.20823,5.633813333333333,5.425583333333333,0.1800272336256025,3.9052062518661432,5.260315236357233,1.3470006184291896
I-95 SB PM,110N04154,1040,0.6860869565217392,0.95,23,38.70825,0.20823,5.633813333333333,5.425583333333333,0.1800272336256025,3.8110176038619508,5.2769793817733595,1.3846641318124204
I-95 SB PM,110N04154,1045,0.7165217391304348,1.104,23,38.70825,0.20823,5.633813333333333,5.425583333333333,0.1800272336256025,3.9800741515617832,6.132405513134515,1.5407766990291263
I-95 SB PM,110N04154,1050,0.7769565217391304,1.066,23,38.70825,0.20823,5.633813333333333,5.425583333333333,0.1800272336256025,4.315772153422881,5.92132633786358,1.3720201454952434
I-95 SB PM,110N04154,1055,0.7865217391304348,1.12,23,38.70825,0.20823,5.633813333333333,5.425583333333333,0.1800272336256025,4.368904211271399,6.221280955353856,1.423991155334439
I-95 SB PM,110N04154,1060,0.8282608695652174,1.184,23,38.70825,0.20823,5.633813333333333,5.425583333333333,0.1800272336256025,4.600753190974027,6.576782724231218,1.429501312335958
I-95 SB PM,110N04154,1065,0.8104347826086957,1.3589999999999995,23,38.70825,0.20823,5.633813333333333,5.425583333333333,0.1800272336256025,4.5017343558926965,7.548857873505256,1.6768776824034328
I-95 SB PM,110N04154,1070,0.8,1.5499999999999996,23,38.70825,0.20823,5.633813333333333,5.425583333333333,0.1800272336256025,4.44377211096704,8.609808464998636,1.9374999999999993
I-95 SB PM,110N04154,1075,0.7608695652173914,1.3549999999999993,23,38.70825,0.20823,5.633813333333333,5.425583333333333,0.1800272336256025,4.226413692495826,7.52663901295042,1.7808571428571418
I-95 SB PM,110N04154,1080,0.75,1.1689999999999998,23,38.70825,0.20823,5.633813333333333,5.425583333333333,0.1800272336256025,4.1660363540316,6.493461997150585,1.5586666666666664
I-95 SB PM,110N04154,1085,0.7404347826086957,1.4259999999999995,23,38.70825,0.20823,5.633813333333333,5.425583333333333,0.1800272336256025,4.112904296183081,7.921023787798745,1.9258954785672335
I-95 SB PM,110N04154,1090,0.6830434782608696,1.3989999999999991,23,38.70825,0.20823,5.633813333333333,5.425583333333333,0.1800272336256025,3.7941119490919673,7.771046479053606,2.0481858688733277
I-95 SB PM,110N04154,1095,0.6939130434782609,1.4809999999999992,23,38.70825,0.20823,5.633813333333333,5.425583333333333,0.1800272336256025,3.854489287556193,8.226533120427728,2.134273182957392
I-95 SB PM,110N04154,1100,0.6769565217391305,1.5129999999999995,23,38.70825,0.20823,5.633813333333333,5.425583333333333,0.1800272336256025,3.7603006395520002,8.40428400486641,2.2350032113037885
I-95 SB PM,110N04154,1105,0.6286956521739131,1.046,23,38.70825,0.20823,5.633813333333333,5.425583333333333,0.1800272336256025,3.492225256770837,5.810232035089404,1.6637621023513138
I-95 SB PM,110N04154,1110,0.6617391304347826,1.1209999999999998,23,38.70825,0.20823,5.633813333333333,5.425583333333333,0.1800272336256025,3.675772365702084,6.226835670492563,1.6940210249671481
I-95 SB PM,110N04154,1115,0.6443478260869565,1.075,23,38.70825,0.20823,5.633813333333333,5.425583333333333,0.1800272336256025,3.579168624159322,5.9713187741119595,1.668353576248313
I-95 SB PM,110N04154,1120,0.5665217391304348,0.9689999999999999,23,38.70825,0.20823,5.633813333333333,5.425583333333333,0.1800272336256025,3.1468668807554634,5.382518969408826,1.710437452033768
I-95 SB PM,110N04154,1125,0.5360869565217391,0.738,23,38.70825,0.20823,5.633813333333333,5.425583333333333,0.1800272336256025,2.97781033305563,4.099379772367094,1.3766423357664235
I-95 SB PM,110N04154,1130,0.5765217391304348,0.868,23,38.70825,0.20823,5.633813333333333,5.425583333333333,0.1800272336256025,3.2024140321425514,4.821492740399238,1.505580693815988
I-95 SB PM,110N04154,1135,0.5195652173913043,0.8319999999999999,23,38.70825,0.20823,5.633813333333333,5.425583333333333,0.1800272336256025,2.8860367785900065,4.62152299540572,1.601338912133891
I-95 SB PM,110N04154,1140,0.5139130434782608,0.749,23,38.70825,0.20823,5.633813333333333,5.425583333333333,0.1800272336256025,2.854640562588609,4.1604816388928905,1.457445008460237
I-95 SB PM,110N04154,1145,0.4504347826086956,0.699,23,38.70825,0.20823,5.633813333333333,5.425583333333333,0.1800272336256025,2.5020369059575285,3.8827458819574505,1.5518339768339768
I-95 SB PM,110N04154,1150,0.401304347826087,0.6749999999999999,23,38.70825,0.20823,5.633813333333333,5.425583333333333,0.1800272336256025,2.229131336099227,3.749432718628439,1.6820151679306605
I-95 SB PM,110N04154,1155,0.4121739130434783,0.63,23,38.70825,0.20823,5.633813333333333,5.425583333333333,0.1800272336256025,2.289508674563453,3.499470537386544,1.5284810126582278
I-95 SB PM,110N04154,1160,0.4578260869565217,0.7659999999999999,23,38.70825,0.20823,5.633813333333333,5.425583333333333,0.1800272336256025,2.5430934961132023,4.25491179625094,1.6731244064577397
I-95 SB PM,110N04154,1165,0.49,1.0819999999999999,23,38.70825,0.20823,5.633813333333333,5.425583333333333,0.1800272336256025,2.7218104179673115,6.01020178008292,2.2081632653061223
I-95 SB PM,110N04154,1170,0.40043478260869564,0.7639999999999999,23,38.70825,0.20823,5.633813333333333,5.425583333333333,0.1800272336256025,2.2243011490220885,4.243802365973522,1.9079261672095547
I-95 SB PM,110N04154,1175,0.3769565217391304,0.6759999999999999,23,38.70825,0.20823,5.633813333333333,5.425583333333333,0.1800272336256025,2.0938860979393605,3.754987433767148,1.7933102652825836
I-95 SB PM,110N04154,1180,0.3691304347826087,0.7029999999999998,23,38.70825,0.20823,5.633813333333333,5.425583333333333,0.1800272336256025,2.0504144142451177,3.904964742512285,1.9044758539458182
I-95 SB PM,110N04154,1185,0.35347826086956524,0.7299999999999999,23,38.70825,0.20823,5.633813333333333,5.425583333333333,0.1800272336256025,1.9634710468566323,4.054942051257423,2.0651906519065184
I-95 SB PM,110N04154,1190,0.34347826086956523,0.58,23,38.70825,0.20823,5.633813333333333,5.425583333333333,0.1800272336256025,1.9079238954695443,3.2217347804511034,1.6886075949367088
I-95 SB PM,110N04154,1195,0.3208695652173913,0.5849999999999999,23,38.70825,0.20823,5.633813333333333,5.425583333333333,0.1800272336256025,1.7823390314639538,3.2495083561446467,1.8231707317073167
I-95 SB PM,110N04154,1200,0.3026086956521739,0.5929999999999997,23,38.70825,0.20823,5.633813333333333,5.425583333333333,0.1800272336256025,1.680905102844054,3.2939460772543168,1.9596264367816083
I-95 SB PM,110N04154,1205,0.26869565217391306,0.48499999999999993,23,38.70825,0.20823,5.633813333333333,5.425583333333333,0.1800272336256025,1.4925278068356689,2.6940368422737673,1.8050161812297731
I-95 SB PM,110N04154,1210,0.2530434782608696,0.4519999999999999,23,38.70825,0.20823,5.633813333333333,5.425583333333333,0.1800272336256025,1.4055844394471833,2.5107312426963766,1.7862542955326455
I-95 SB PM,110N04154,1215,0.2539130434782609,0.42499999999999993,23,38.70825,0.20823,5.633813333333333,5.425583333333333,0.1800272336256025,1.4104146265243214,2.3607539339512393,1.6738013698630134
I-95 SB PM,110N04154,1220,0.23565217391304347,0.3729999999999999,23,38.70825,0.20823,5.633813333333333,5.425583333333333,0.1800272336256025,1.3089806979044214,2.0719087467383814,1.5828413284132836
I-95 SB PM,110N04154,1225,0.2391304347826087,0.358,23,38.70825,0.20823,5.633813333333333,5.425583333333333,0.1800272336256025,1.3283014462129739,1.9885880196577501,1.497090909090909
I-95 SB PM,110N04154,1230,0.2373913043478261,0.359,23,38.70825,0.20823,5.633813333333333,5.425583333333333,0.1800272336256025,1.3186410720586976,1.9941427347964589,1.5122710622710622
I-95 SB PM,110N04154,1235,0.2343478260869565,0.37799999999999995,23,38.70825,0.20823,5.633813333333333,5.425583333333333,0.1800272336256025,1.3017354172887141,2.099682322431926,1.612987012987013
I-95 SB PM,110N04154,1240,0.20782608695652174,0.24799999999999997,23,38.70825,0.20823,5.633813333333333,5.425583333333333,0.1800272336256025,1.1544147114360026,1.377569354399782,1.1933054393305438
I-95 SB PM,110N04154,1245,0.2034782608695652,0.25799999999999995,23,38.70825,0.20823,5.633813333333333,5.425583333333333,0.1800272336256025,1.130263776050312,1.43311650578687,1.2679487179487179
I-95 SB PM,110N04154,1250,0.2021739130434783,0.22,23,38.70825,0.20823,5.633813333333333,5.425583333333333,0.1800272336256025,1.1230184954346052,1.2220373305159358,1.0881720430107527
I-95 SB PM,110N04154,1255,0.20695652173913043,0.23699999999999996,23,38.70825,0.20823,5.633813333333333,5.425583333333333,0.1800272336256025,1.1495845243588645,1.3164674878739853,1.1451680672268907
I-95 SB PM,110N04155,720,0.6304347826086957,0.7239999999999999,23,38.74561,0.6378666666666668,2.8060433333333332,2.1681766666666666,0.5516287114442204,1.142860713247055,1.3124770066889626,1.148413793103448
I-95 SB PM,110N04155,725,0.6191304347826087,0.717,23,38.74561,0.6378666666666668,2.8060433333333332,2.1681766666666666,0.5516287114442204,1.122368038388832,1.299787311872909,1.1580758426966293
I-95 SB PM,110N04155,730,0.6265217391304347,0.679,23,38.74561,0.6378666666666668,2.8060433333333332,2.1681766666666666,0.5516287114442204,1.1357670950269008,1.2309003971571904,1.083761276891048
I-95 SB PM,110N04155,735,0.6634782608695652,0.8739999999999997,23,38.74561,0.6378666666666668,2.8060433333333332,2.1681766666666666,0.5516287114442204,1.2027623782172454,1.5843990384615374,1.3173001310615986
I-95 SB PM,110N04155,740,0.7217391304347827,0.659,23,38.74561,0.6378666666666668,2.8060433333333332,2.1681766666666666,0.5516287114442204,1.3083784717173181,1.1946441262541803,0.9130722891566265
I-95 SB PM,110N04155,745,0.738695652173913,0.65,23,38.74561,0.6378666666666668,2.8060433333333332,2.1681766666666666,0.5516287114442204,1.3391174840046527,1.1783288043478257,0.8799293702177753
I-95 SB PM,110N04155,750,0.6860869565217391,0.65,23,38.74561,0.6378666666666668,2.8060433333333332,2.1681766666666666,0.5516287114442204,1.2437477279336915,1.1783288043478257,0.9474017743979721
I-95 SB PM,110N04155,755,0.6747826086956522,0.9829999999999995,23,38.74561,0.6378666666666668,2.8060433333333332,2.1681766666666666,0.5516287114442204,1.2232550530754687,1.7819957148829417,1.456765463917525
I-95 SB PM,110N04155,760,0.6352173913043478,0.8859999999999997,23,38.74561,0.6378666666666668,2.8060433333333332,2.1681766666666666,0.5516287114442204,1.1515306910716878,1.6061528010033432,1.3947980835044484
I-95 SB PM,110N04155,765,0.6256521739130435,0.7249999999999999,23,38.74561,0.6378666666666668,2.8060433333333332,2.1681766666666666,0.5516287114442204,1.1341907354224223,1.3142898202341131,1.1587908269631686
I-95 SB PM,110N04155,770,0.6139130434782608,0.659,23,38.74561,0.6378666666666668,2.8060433333333332,2.1681766666666666,0.5516287114442204,1.1129098807619597,1.1946441262541803,1.0734419263456092
I-95 SB PM,110N04155,775,0.6126086956521739,0.66,23,38.74561,0.6378666666666668,2.8060433333333332,2.1681766666666666,0.5516287114442204,1.1105453413552417,1.1964569397993308,1.0773598296664302
I-95 SB PM,110N04155,780,0.6186956521739131,0.64,23,38.74561,0.6378666666666668,2.8060433333333332,2.1681766666666666,0.5516287114442204,1.1215798585865926,1.1602006688963207,1.034434293745608
I-95 SB PM,110N04155,785,0.6278260869565218,0.6859999999999999,23,38.74561,0.6378666666666668,2.8060433333333332,2.1681766666666666,0.5516287114442204,1.138131634433619,1.2435900919732437,1.0926592797783932
I-95 SB PM,110N04155,790,0.6173913043478261,0.649,23,38.74561,0.6378666666666668,2.8060433333333332,2.1681766666666666,0.5516287114442204,1.1192153191798746,1.1765159908026752,1.0511971830985916
I-95 SB PM,110N04155,795,0.6108695652173912,0.63,23,38.74561,0.6378666666666668,2.8060433333333332,2.1681766666666666,0.5516287114442204,1.1073926221462842,1.1420725334448156,1.0313167259786478
I-95 SB PM,110N04155,800,0.6152173913043478,0.649,23,38.74561,0.6378666666666668,2.8060433333333332,2.1681766666666666,0.5516287114442204,1.1152744201686777,1.1765159908026752,1.0549116607773852
I-95 SB PM,110N04155,805,0.6126086956521739,0.639,23,38.74561,0.6378666666666668,2.8060433333333332,2.1681766666666666,0.5516287114442204,1.1105453413552417,1.1583878553511702,1.0430801987224982
I-95 SB PM,110N04155,810,0.6273913043478261,0.679,23,38.74561,0.6378666666666668,2.8060433333333332,2.1681766666666666,0.5516287114442204,1.1373434546313796,1.2309003971571904,1.0822591822591823
I-95 SB PM,110N04155,815,0.6278260869565218,0.7329999999999999,23,38.74561,0.6378666666666668,2.8060433333333332,2.1681766666666666,0.5516287114442204,1.138131634433619,1.328792328595317,1.1675207756232684
I-95 SB PM,110N04155,820,0.6326086956521738,0.7219999999999999,23,38.74561,0.6378666666666668,2.8060433333333332,2.1681766666666666,0.5516287114442204,1.1468016122582516,1.3088513795986616,1.1413058419243987
I-95 SB PM,110N04155,825,0.6434782608695653,0.9099999999999995,23,38.74561,0.6378666666666668,2.8060433333333332,2.1681766666666666,0.5516287114442204,1.1665061073142355,1.649660326086955,1.4141891891891882
I-95 SB PM,110N04155,830,0.6847826086956522,1.2539999999999991,23,38.74561,0.6378666666666668,2.8060433333333332,2.1681766666666666,0.5516287114442204,1.2413831885269737,2.273268185618727,1.8312380952380938
I-95 SB PM,110N04155,835,0.7186956521739131,1.343999999999999,23,38.74561,0.6378666666666668,2.8060433333333332,2.1681766666666666,0.5516287114442204,1.3028612131016428,2.4364214046822714,1.8700544464609785
I-95 SB PM,110N04155,840,0.6943478260869566,1.252999999999999,23,38.74561,0.6378666666666668,2.8060433333333332,2.1681766666666666,0.5516287114442204,1.2587231441762392,2.271455372073576,1.8045710707576692
I-95 SB PM,110N04155,845,0.7334782608695652,1.1199999999999992,23,38.74561,0.6378666666666668,2.8060433333333332,2.1681766666666666,0.5516287114442204,1.3296593263777805,2.0303511705685597,1.5269709543568453
I-95 SB PM,110N04155,850,0.7165217391304348,1.3729999999999989,23,38.74561,0.6378666666666668,2.8060433333333332,2.1681766666666666,0.5516287114442204,1.298920314090446,2.488992997491636,1.916201456310678
I-95 SB PM,110N04155,855,0.7391304347826086,1.5859999999999987,23,38.74561,0.6378666666666668,2.8060433333333332,2.1681766666666666,0.5516287114442204,1.339905663806892,2.875122282608692,2.1457647058823515
I-95 SB PM,110N04155,860,0.7165217391304348,1.3849999999999991,23,38.74561,0.6378666666666668,2.8060433333333332,2.1681766666666666,0.5516287114442204,1.298920314090446,2.5107467600334425,1.9329490291262124
I-95 SB PM,110N04155,865,0.75,1.3789999999999996,23,38.74561,0.6378666666666668,2.8060433333333332,2.1681766666666666,0.5516287114442204,1.3596101588628757,2.49986987876254,1.838666666666666
I-95 SB PM,110N04155,870,0.7834782608695652,1.7149999999999996,23,38.74561,0.6378666666666668,2.8060433333333332,2.1681766666666666,0.5516287114442204,1.4203000036353055,3.1089752299331086,2.188956714761376
I-95 SB PM,110N04155,875,0.8291304347826087,1.996,23,38.74561,0.6378666666666668,2.8060433333333332,2.1681766666666666,0.5516287114442204,1.5030588828704372,3.6183758361204,2.4073413738856844
I-95 SB PM,110N04155,880,0.8834782608695653,1.9519999999999995,23,38.74561,0.6378666666666668,2.8060433333333332,2.1681766666666666,0.5516287114442204,1.6015813581503557,3.5386120401337773,2.2094488188976373
I-95 SB PM,110N04155,885,0.8630434782608696,1.5919999999999999,23,38.74561,0.6378666666666668,2.8060433333333332,2.1681766666666666,0.5516287114442204,1.5645369074451063,2.8859991638795974,1.8446347607052895
I-95 SB PM,110N04155,890,0.7986956521739131,1.259,23,38.74561,0.6378666666666668,2.8060433333333332,2.1681766666666666,0.5516287114442204,1.447886296713683,2.2823322533444808,1.5763200870985299
I-95 SB PM,110N04155,895,0.726086956521739,1.019,23,38.74561,0.6378666666666668,2.8060433333333332,2.1681766666666666,0.5516287114442204,1.3162602697397114,1.8472570025083603,1.4034131736526947
I-95 SB PM,110N04155,900,0.7434782608695653,1.2689999999999992,23,38.74561,0.6378666666666668,2.8060433333333332,2.1681766666666666,0.5516287114442204,1.3477874618292855,2.3004603887959845,1.7068421052631568
I-95 SB PM,110N04155,905,0.7560869565217392,1.1829999999999994,23,38.74561,0.6378666666666668,2.8060433333333332,2.1681766666666666,0.5516287114442204,1.3706446760942268,2.1445584239130415,1.56463484761357
I-95 SB PM,110N04155,910,0.8060869565217391,1.769999999999999,23,38.74561,0.6378666666666668,2.8060433333333332,2.1681766666666666,0.5516287114442204,1.4612853533517516,3.208679974916385,2.195792880258898
I-95 SB PM,110N04155,915,0.8178260869565217,1.5679999999999998,23,38.74561,0.6378666666666668,2.8060433333333332,2.1681766666666666,0.5516287114442204,1.482566208012214,2.8424916387959853,1.917278043593833
I-95 SB PM,110N04155,920,0.78,1.309,23,38.74561,0.6378666666666668,2.8060433333333332,2.1681766666666666,0.5516287114442204,1.4139945652173909,2.3729729306020055,1.678205128205128
I-95 SB PM,110N04155,925,0.7921739130434782,1.4769999999999999,23,38.74561,0.6378666666666668,2.8060433333333332,2.1681766666666666,0.5516287114442204,1.4360635996800923,2.67752560618729,1.8644895718990122
I-95 SB PM,110N04155,930,0.7934782608695652,1.4289999999999998,23,38.74561,0.6378666666666668,2.8060433333333332,2.1681766666666666,0.5516287114442204,1.4384281390868106,2.5905105560200656,1.800931506849315
I-95 SB PM,110N04155,935,0.8052173913043478,1.4979999999999998,23,38.74561,0.6378666666666668,2.8060433333333332,2.1681766666666666,0.5516287114442204,1.459708993747273,2.71559469063545,1.8603671706263498
I-95 SB PM,110N04155,940,0.8434782608695651,1.464,23,38.74561,0.6378666666666668,2.8060433333333332,2.1681766666666666,0.5516287114442204,1.5290688163443356,2.6539590301003333,1.7356701030927837
I-95 SB PM,110N04155,945,0.8991304347826087,1.559,23,38.74561,0.6378666666666668,2.8060433333333332,2.1681766666666666,0.5516287114442204,1.6299558310309723,2.826176316889631,1.73389748549323
I-95 SB PM,110N04155,950,0.9269565217391305,1.8069999999999993,23,38.74561,0.6378666666666668,2.8060433333333332,2.1681766666666666,0.5516287114442204,1.6803993383742906,3.275754076086954,1.9493902439024382
I-95 SB PM,110N04155,955,0.9178260869565217,1.496,23,38.74561,0.6378666666666668,2.8060433333333332,2.1681766666666666,0.5516287114442204,1.6638475625272642,2.7119690635451494,1.6299384178114638
I-95 SB PM,110N04155,960,0.9543478260869565,1.6,23,38.74561,0.6378666666666668,2.8060433333333332,2.1681766666666666,0.5516287114442204,1.7300546659153693,2.900501672240802,1.6765375854214126
I-95 SB PM,110N04155,965,1.0639130434782609,1.7919999999999998,23,38.74561,0.6378666666666668,2.8060433333333332,2.1681766666666666,0.5516287114442204,1.9286759760796852,3.2485618729096974,1.6843481814466692
I-95 SB PM,110N04155,970,1.085217391304348,1.8209999999999997,23,38.74561,0.6378666666666668,2.8060433333333332,2.1681766666666666,0.5516287114442204,1.9672967863894135,3.301133465719062,1.6780048076923073
I-95 SB PM,110N04155,975,1.1978260869565218,1.851,23,38.74561,0.6378666666666668,2.8060433333333332,2.1681766666666666,0.5516287114442204,2.171435355169405,3.355517872073577,1.54529945553539
I-95 SB PM,110N04155,980,1.287391304347826,2.3529999999999998,23,38.74561,0.6378666666666668,2.8060433333333332,2.1681766666666666,0.5516287114442204,2.33380039443071,4.265550271739128,1.8277271192164808
I-95 SB PM,110N04155,985,1.3034782608695652,2.4299999999999997,23,38.74561,0.6378666666666668,2.8060433333333332,2.1681766666666666,0.5516287114442204,2.362963047113566,4.405136914715717,1.864242828552368
I-95 SB PM,110N04155,990,1.306521739130435,2.291,23,38.74561,0.6378666666666668,2.8060433333333332,2.1681766666666666,0.5516287114442204,2.368480305729242,4.153155831939798,1.75351081530782
I-95 SB PM,110N04155,995,1.1704347826086958,2.0649999999999995,23,38.74561,0.6378666666666668,2.8060433333333332,2.1681766666666666,0.5516287114442204,2.121780027628326,3.743459970735784,1.7643016344725104
I-95 SB PM,110N04155,1000,1.1804347826086956,2.2529999999999992,23,38.74561,0.6378666666666668,2.8060433333333332,2.1681766666666666,0.5516287114442204,2.1399081630798307,4.084268917224078,1.9086187845303861
I-95 SB PM,110N04155,1005,1.172608695652174,2.2079999999999997,23,38.74561,0.6378666666666668,2.8060433333333332,2.1681766666666666,0.5516287114442204,2.1257209266395223,4.002692307692306,1.882981090100111
I-95 SB PM,110N04155,1010,1.2152173913043478,2.2599999999999993,23,38.74561,0.6378666666666668,2.8060433333333332,2.1681766666666666,0.5516287114442204,2.2029625472589784,4.096958612040131,1.859749552772808
I-95 SB PM,110N04155,1015,1.2878260869565217,2.2479999999999998,23,38.74561,0.6378666666666668,2.8060433333333332,2.1681766666666666,0.5516287114442204,2.3345885742329493,4.075204849498326,1.7455773126266036
I-95 SB PM,110N04155,1020,1.2991304347826087,2.2439999999999998,23,38.74561,0.6378666666666668,2.8060433333333332,2.1681766666666666,0.5516287114442204,2.355081249091173,4.067953595317724,1.727309236947791
I-95 SB PM,110N04155,1025,1.2295652173913043,2.2129999999999996,23,38.74561,0.6378666666666668,2.8060433333333332,2.1681766666666666,0.5516287114442204,2.228972480732877,4.0117563754180585,1.7998231966053746
I-95 SB PM,110N04155,1030,1.2282608695652173,1.867,23,38.74561,0.6378666666666668,2.8060433333333332,2.1681766666666666,0.5516287114442204,2.226607941326159,3.3845228887959853,1.5200353982300887
I-95 SB PM,110N04155,1035,1.3547826086956523,2.2539999999999996,23,38.74561,0.6378666666666668,2.8060433333333332,2.1681766666666666,0.5516287114442204,2.4559682637778093,4.086081730769228,1.6637355584082152
I-95 SB PM,110N04155,1040,1.2826086956521738,2.246,23,38.74561,0.6378666666666668,2.8060433333333332,2.1681766666666666,0.5516287114442204,2.3251304166060773,4.071579222408025,1.7511186440677966
I-95 SB PM,110N04155,1045,1.411304347826087,2.487,23,38.74561,0.6378666666666668,2.8060433333333332,2.1681766666666666,0.5516287114442204,2.5584316380689245,4.508467286789296,1.762199630314233
I-95 SB PM,110N04155,1050,1.4278260869565218,2.1590000000000003,23,38.74561,0.6378666666666668,2.8060433333333332,2.1681766666666666,0.5516287114442204,2.58838247055402,3.913864443979932,1.5120889159561512
I-95 SB PM,110N04155,1055,1.3643478260869564,2.416,23,38.74561,0.6378666666666668,2.8060433333333332,2.1681766666666666,0.5516287114442204,2.4733082194270746,4.37975752508361,1.7708094327597197
I-95 SB PM,110N04155,1060,1.2708695652173914,2.665999999999999,23,38.74561,0.6378666666666668,2.8060433333333332,2.1681766666666666,0.5516287114442204,2.303849561945615,4.832960911371234,2.0977762572699272
I-95 SB PM,110N04155,1065,1.2939130434782609,2.3369999999999997,23,38.74561,0.6378666666666668,2.8060433333333332,2.1681766666666666,0.5516287114442204,2.3456230914643004,4.23654525501672,1.8061491935483869
I-95 SB PM,110N04155,1070,1.1956521739130435,2.4019999999999992,23,38.74561,0.6378666666666668,2.8060433333333332,2.1681766666666666,0.5516287114442204,2.1674944561582077,4.354378135451502,2.008945454545454
I-95 SB PM,110N04155,1075,1.2091304347826086,2.4299999999999997,23,38.74561,0.6378666666666668,2.8060433333333332,2.1681766666666666,0.5516287114442204,2.1919280300276274,4.405136914715717,2.0097087378640777
I-95 SB PM,110N04155,1080,1.2091304347826086,2.936999999999999,23,38.74561,0.6378666666666668,2.8060433333333332,2.1681766666666666,0.5516287114442204,2.1919280300276274,5.324233382107019,2.429018338727076
I-95 SB PM,110N04155,1085,1.1895652173913043,2.5319999999999996,23,38.74561,0.6378666666666668,2.8060433333333332,2.1681766666666666,0.5516287114442204,2.1564599389268566,4.590043896321068,2.128508771929824
I-95 SB PM,110N04155,1090,1.2556521739130435,2.9129999999999994,23,38.74561,0.6378666666666668,2.8060433333333332,2.1681766666666666,0.5516287114442204,2.276263268867238,5.280725857023408,2.3199099722991683
I-95 SB PM,110N04155,1095,1.1969565217391305,3.143999999999999,23,38.74561,0.6378666666666668,2.8060433333333332,2.1681766666666666,0.5516287114442204,2.1698589955649257,5.699485785953173,2.6266618234653096
I-95 SB PM,110N04155,1100,1.0404347826086957,2.639999999999999,23,38.74561,0.6378666666666668,2.8060433333333332,2.1681766666666666,0.5516287114442204,1.8861142667587605,4.78582775919732,2.5374007521938977
I-95 SB PM,110N04155,1105,0.9413043478260869,2.201999999999999,23,38.74561,0.6378666666666668,2.8060433333333332,2.1681766666666666,0.5516287114442204,1.706409271848189,3.9918154264214016,2.339307159353348
I-95 SB PM,110N04155,1110,0.9543478260869565,3.0979999999999976,23,38.74561,0.6378666666666668,2.8060433333333332,2.1681766666666666,0.5516287114442204,1.7300546659153693,5.616096362876248,3.246195899772207
I-95 SB PM,110N04155,1115,0.9478260869565218,2.732999999999998,23,38.74561,0.6378666666666668,2.8060433333333332,2.1681766666666666,0.5516287114442204,1.7182319688817793,4.9544194188963155,2.8834403669724744
I-95 SB PM,110N04155,1120,0.9821739130434782,2.203,23,38.74561,0.6378666666666668,2.8060433333333332,2.1681766666666666,0.5516287114442204,1.7804981732586878,3.9936282399665535,2.2429836210712706
I-95 SB PM,110N04155,1125,0.9782608695652174,2.241999999999999,23,38.74561,0.6378666666666668,2.8060433333333332,2.1681766666666666,0.5516287114442204,1.7734045550385336,4.064327968227421,2.2918222222222213
I-95 SB PM,110N04155,1130,0.9091304347826087,2.0679999999999987,23,38.74561,0.6378666666666668,2.8060433333333332,2.1681766666666666,0.5516287114442204,1.6480839664824771,3.748898411371234,2.2747010999521744
I-95 SB PM,110N04155,1135,0.8256521739130435,2.018,23,38.74561,0.6378666666666668,2.8060433333333332,2.1681766666666666,0.5516287114442204,1.4967534444525223,3.6582577341137106,2.4441284886782517
I-95 SB PM,110N04155,1140,0.7678260869565218,1.5139999999999998,23,38.74561,0.6378666666666668,2.8060433333333332,2.1681766666666666,0.5516287114442204,1.3919255307546892,2.744599707357858,1.9718006795016985
I-95 SB PM,110N04155,1145,0.7591304347826088,1.4119999999999995,23,38.74561,0.6378666666666668,2.8060433333333332,2.1681766666666666,0.5516287114442204,1.3761619347099023,2.5596927257525066,1.8600229095074448
I-95 SB PM,110N04155,1150,0.7034782608695652,1.0139999999999996,23,38.74561,0.6378666666666668,2.8060433333333332,2.1681766666666666,0.5516287114442204,1.2752749200232656,1.8381929347826074,1.4414091470951786
I-95 SB PM,110N04155,1155,0.7100000000000001,1.2249999999999992,23,38.74561,0.6378666666666668,2.8060433333333332,2.1681766666666666,0.5516287114442204,1.2870976170568558,2.2206965928093623,1.725352112676055
I-95 SB PM,110N04155,1160,0.7130434782608696,1.2519999999999996,23,38.74561,0.6378666666666668,2.8060433333333332,2.1681766666666666,0.5516287114442204,1.292614875672531,2.2696425585284263,1.7558536585365847
I-95 SB PM,110N04155,1165,0.7286956521739131,1.2699999999999998,23,38.74561,0.6378666666666668,2.8060433333333332,2.1681766666666666,0.5516287114442204,1.3209893485531479,2.302273202341136,1.7428400954653935
I-95 SB PM,110N04155,1170,0.6817391304347826,0.9739999999999999,23,38.74561,0.6378666666666668,2.8060433333333332,2.1681766666666666,0.5516287114442204,1.2358659299112982,1.7656803929765879,1.4286989795918366
I-95 SB PM,110N04155,1175,0.6508695652173913,0.8429999999999997,23,38.74561,0.6378666666666668,2.8060433333333332,2.1681766666666666,0.5516287114442204,1.1799051639523044,1.528201818561872,1.2951903807615228
I-95 SB PM,110N04155,1180,0.6543478260869565,0.7649999999999999,23,38.74561,0.6378666666666668,2.8060433333333332,2.1681766666666666,0.5516287114442204,1.1862106023702192,1.386802362040133,1.1691029900332224
I-95 SB PM,110N04155,1185,0.6265217391304347,0.679,23,38.74561,0.6378666666666668,2.8060433333333332,2.1681766666666666,0.5516287114442204,1.1357670950269008,1.2309003971571904,1.083761276891048
I-95 SB PM,110N04155,1190,0.6186956521739131,0.659,23,38.74561,0.6378666666666668,2.8060433333333332,2.1681766666666666,0.5516287114442204,1.1215798585865926,1.1946441262541803,1.0651440618411805
I-95 SB PM,110N04155,1195,0.6143478260869566,0.668,23,38.74561,0.6378666666666668,2.8060433333333332,2.1681766666666666,0.5516287114442204,1.1136980605641993,1.2109594481605348,1.0873319179051661
I-95 SB PM,110N04155,1200,0.6108695652173912,0.639,23,38.74561,0.6378666666666668,2.8060433333333332,2.1681766666666666,0.5516287114442204,1.1073926221462842,1.1583878553511702,1.046049822064057
I-95 SB PM,110N04155,1205,0.6165217391304347,0.66,23,38.74561,0.6378666666666668,2.8060433333333332,2.1681766666666666,0.5516287114442204,1.1176389595753957,1.1964569397993308,1.070521861777151
I-95 SB PM,110N04155,1210,0.6160869565217392,0.678,23,38.74561,0.6378666666666668,2.8060433333333332,2.1681766666666666,0.5516287114442204,1.1168507797731566,1.2290875836120398,1.1004940014114326
I-95 SB PM,110N04155,1215,0.6513043478260869,0.649,23,38.74561,0.6378666666666668,2.8060433333333332,2.1681766666666666,0.5516287114442204,1.1806933437545437,1.1765159908026752,0.9964619492656877
I-95 SB PM,110N04155,1220,0.7221739130434782,0.659,23,38.74561,0.6378666666666668,2.8060433333333332,2.1681766666666666,0.5516287114442204,1.3091666515195575,1.1946441262541803,0.9125225767609875
I-95 SB PM,110N04155,1225,0.6834782608695652,0.65,23,38.74561,0.6378666666666668,2.8060433333333332,2.1681766666666666,0.5516287114442204,1.2390186491202555,1.1783288043478257,0.9510178117048347
I-95 SB PM,110N04155,1230,0.6417391304347826,0.659,23,38.74561,0.6378666666666668,2.8060433333333332,2.1681766666666666,0.5516287114442204,1.163353388105278,1.1946441262541803,1.0268970189701898
I-95 SB PM,110N04155,1235,0.6226086956521739,0.629,23,38.74561,0.6378666666666668,2.8060433333333332,2.1681766666666666,0.5516287114442204,1.1286734768067468,1.1402597198996651,1.0102653631284917
I-95 SB PM,110N04155,1240,0.6234782608695653,0.639,23,38.74561,0.6378666666666668,2.8060433333333332,2.1681766666666666,0.5516287114442204,1.1302498364112255,1.1583878553511702,1.0248953974895396
I-95 SB PM,110N04155,1245,0.611304347826087,0.63,23,38.74561,0.6378666666666668,2.8060433333333332,2.1681766666666666,0.5516287114442204,1.1081808019485238,1.1420725334448156,1.030583214793741
I-95 SB PM,110N04155,1250,0.6,0.629,23,38.74561,0.6378666666666668,2.8060433333333332,2.1681766666666666,0.5516287114442204,1.0876881270903005,1.1402597198996651,1.0483333333333333
I-95 SB PM,110N04155,1255,0.5930434782608696,0.62,23,38.74561,0.6378666666666668,2.8060433333333332,2.1681766666666666,0.5516287114442204,1.075077250254471,1.1239443979933106,1.0454545454545454
I-95 SB PM,110N04156,720,0.7430434782608696,0.78,23,38.76013,0.739845,2.1681766666666666,1.4283316666666668,0.6591095702269505,1.1273443928374736,1.1834147693097878,1.0497366881217085
I-95 SB PM,110N04156,725,0.7373913043478261,0.8759999999999998,23,38.76013,0.739845,2.1681766666666666,1.4283316666666668,0.6591095702269505,1.118768923494649,1.3290658178402228,1.1879716981132074
I-95 SB PM,110N04156,730,0.7382608695652174,0.8339999999999999,23,38.76013,0.739845,2.1681766666666666,1.4283316666666668,0.6591095702269505,1.1200882264704681,1.2653434841081574,1.1296819787985863
I-95 SB PM,110N04156,735,0.7452173913043478,0.799,23,38.76013,0.739845,2.1681766666666666,1.4283316666666668,0.6591095702269505,1.1306426502770213,1.2122415393314365,1.0721703617269545
I-95 SB PM,110N04156,740,0.7595652173913043,0.8729999999999999,23,38.76013,0.739845,2.1681766666666666,1.4283316666666668,0.6591095702269505,1.1524111493780376,1.324514222573647,1.1493417286777332
I-95 SB PM,110N04156,745,0.7952173913043478,1.1759999999999993,23,38.76013,0.739845,2.1681766666666666,1.4283316666666668,0.6591095702269505,1.206502571386623,1.7842253444978329,1.4788408966648434
I-95 SB PM,110N04156,750,0.8147826086956521,1.2599999999999993,23,38.76013,0.739845,2.1681766666666666,1.4283316666666668,0.6591095702269505,1.2361868883425542,1.9116700119619638,1.546424759871931
I-95 SB PM,110N04156,755,0.7604347826086956,0.8879999999999999,23,38.76013,0.739845,2.1681766666666666,1.4283316666666668,0.6591095702269505,1.1537304523538565,1.3472721989065275,1.167753001715266
I-95 SB PM,110N04156,760,0.7482608695652174,0.76,23,38.76013,0.739845,2.1681766666666666,1.4283316666666668,0.6591095702269505,1.1352602106923884,1.1530708008659472,1.0156885531667634
I-95 SB PM,110N04156,765,0.7543478260869566,0.78,23,38.76013,0.739845,2.1681766666666666,1.4283316666666668,0.6591095702269505,1.1444953315231228,1.1834147693097878,1.0340057636887607
I-95 SB PM,110N04156,770,0.7378260869565217,0.779,23,38.76013,0.739845,2.1681766666666666,1.4283316666666668,0.6591095702269505,1.1194285749825585,1.1818975708875958,1.0558043606364171
I-95 SB PM,110N04156,775,0.7482608695652174,0.76,23,38.76013,0.739845,2.1681766666666666,1.4283316666666668,0.6591095702269505,1.1352602106923884,1.1530708008659472,1.0156885531667634
I-95 SB PM,110N04156,780,0.7526086956521738,0.77,23,38.76013,0.739845,2.1681766666666666,1.4283316666666668,0.6591095702269505,1.141856725571484,1.1682427850878674,1.0231080300404392
I-95 SB PM,110N04156,785,0.7460869565217392,0.777,23,38.76013,0.739845,2.1681766666666666,1.4283316666666668,0.6591095702269505,1.1319619532528407,1.1788631740432118,1.0414335664335663
I-95 SB PM,110N04156,790,0.7556521739130434,0.809,23,38.76013,0.739845,2.1681766666666666,1.4283316666666668,0.6591095702269505,1.146474285986851,1.227413523553357,1.0705983889528194
I-95 SB PM,110N04156,795,0.757391304347826,0.799,23,38.76013,0.739845,2.1681766666666666,1.4283316666666668,0.6591095702269505,1.1491128919384894,1.2122415393314365,1.0549368541905857
I-95 SB PM,110N04156,800,0.7678260869565218,0.809,23,38.76013,0.739845,2.1681766666666666,1.4283316666666668,0.6591095702269505,1.1649445276483197,1.227413523553357,1.0536240090600226
I-95 SB PM,110N04156,805,0.7704347826086956,0.846,23,38.76013,0.739845,2.1681766666666666,1.4283316666666668,0.6591095702269505,1.168902436575777,1.2835498651744621,1.0980812641083522
I-95 SB PM,110N04156,810,0.7860869565217391,0.9419999999999998,23,38.76013,0.739845,2.1681766666666666,1.4283316666666668,0.6591095702269505,1.1926498901405218,1.4292009137048973,1.1983407079646016
I-95 SB PM,110N04156,815,0.7952173913043478,1.1149999999999995,23,38.76013,0.739845,2.1681766666666666,1.4283316666666668,0.6591095702269505,1.206502571386623,1.691676240744119,1.4021323127392014
I-95 SB PM,110N04156,820,0.8065217391304348,1.0839999999999996,23,38.76013,0.739845,2.1681766666666666,1.4283316666666668,0.6591095702269505,1.2236535100722723,1.6446430896561661,1.3440431266846355
I-95 SB PM,110N04156,825,0.9030434782608695,1.0839999999999996,23,38.76013,0.739845,2.1681766666666666,1.4283316666666668,0.6591095702269505,1.370096140388199,1.6446430896561661,1.2003851709195952
I-95 SB PM,110N04156,830,0.9078260869565217,1.1309999999999996,23,38.76013,0.739845,2.1681766666666666,1.4283316666666668,0.6591095702269505,1.3773523067552045,1.7159514154991917,1.245833333333333
I-95 SB PM,110N04156,835,0.8969565217391304,0.9369999999999999,23,38.76013,0.739845,2.1681766666666666,1.4283316666666668,0.6591095702269505,1.360861019557465,1.4216149215939373,1.0446437227338827
I-95 SB PM,110N04156,840,0.9291304347826087,0.869,23,38.76013,0.739845,2.1681766666666666,1.4283316666666668,0.6591095702269505,1.409675229662774,1.318445428884879,0.9352831071595695
I-95 SB PM,110N04156,845,0.9226086956521738,0.887,23,38.76013,0.739845,2.1681766666666666,1.4283316666666668,0.6591095702269505,1.3997804573441301,1.3457550004843357,0.9614043355325166
I-95 SB PM,110N04156,850,0.8095652173913044,0.9119999999999999,23,38.76013,0.739845,2.1681766666666666,1.4283316666666668,0.6591095702269505,1.2282710704876394,1.3836849610391364,1.126530612244898
I-95 SB PM,110N04156,855,0.768695652173913,0.84,23,38.76013,0.739845,2.1681766666666666,1.4283316666666668,0.6591095702269505,1.1662638306241386,1.27444667464131,1.0927601809954752
I-95 SB PM,110N04156,860,0.7869565217391304,0.868,23,38.76013,0.739845,2.1681766666666666,1.4283316666666668,0.6591095702269505,1.1939691931163412,1.316928230462687,1.1029834254143647
I-95 SB PM,110N04156,865,0.8182608695652174,0.91,23,38.76013,0.739845,2.1681766666666666,1.4283316666666668,0.6591095702269505,1.2414641002458309,1.3806505641947524,1.11211477151966
I-95 SB PM,110N04156,870,0.8221739130434783,0.9549999999999998,23,38.76013,0.739845,2.1681766666666666,1.4283316666666668,0.6591095702269505,1.2474009636370171,1.4489244931933938,1.1615547329455311
I-95 SB PM,110N04156,875,0.8665217391304347,0.9759999999999999,23,38.76013,0.739845,2.1681766666666666,1.4283316666666668,0.6591095702269505,1.3146854154037944,1.4807856600594267,1.1263421976919217
I-95 SB PM,110N04156,880,0.8960869565217391,1.337,23,38.76013,0.739845,2.1681766666666666,1.4283316666666668,0.6591095702269505,1.3595417165816457,2.0284942904707517,1.4920426977195536
I-95 SB PM,110N04156,885,0.9330434782608696,1.291,23,38.76013,0.739845,2.1681766666666666,1.4283316666666668,0.6591095702269505,1.4156120930539604,1.9587031630499179,1.3836439888164025
I-95 SB PM,110N04156,890,0.9469565217391305,1.418,23,38.76013,0.739845,2.1681766666666666,1.4283316666666668,0.6591095702269505,1.436720940667067,2.151387362668306,1.49742883379247
I-95 SB PM,110N04156,895,0.8873913043478261,1.1419999999999997,23,38.76013,0.739845,2.1681766666666666,1.4283316666666668,0.6591095702269505,1.3463486868234542,1.7326405981433042,1.2869181773640368
I-95 SB PM,110N04156,900,0.8513043478260869,0.929,23,38.76013,0.739845,2.1681766666666666,1.4283316666666668,0.6591095702269505,1.2915976133269589,1.409477334216401,1.0912665985699694
I-95 SB PM,110N04156,905,0.8895652173913043,0.9949999999999999,23,38.76013,0.739845,2.1681766666666666,1.4283316666666668,0.6591095702269505,1.3496469442630021,1.5096124300810754,1.1185239491691104
I-95 SB PM,110N04156,910,0.8843478260869565,0.9959999999999999,23,38.76013,0.739845,2.1681766666666666,1.4283316666666668,0.6591095702269505,1.3417311264080871,1.5111296285032674,1.1262536873156341
I-95 SB PM,110N04156,915,0.8934782608695653,0.959,23,38.76013,0.739845,2.1681766666666666,1.4283316666666668,0.6591095702269505,1.3555838076541884,1.4549932868821622,1.0733333333333333
I-95 SB PM,110N04156,920,0.8965217391304349,1.025,23,38.76013,0.739845,2.1681766666666666,1.4283316666666668,0.6591095702269505,1.3602013680695555,1.5551283827468365,1.1433074684772064
I-95 SB PM,110N04156,925,0.8878260869565218,1.1189999999999998,23,38.76013,0.739845,2.1681766666666666,1.4283316666666668,0.6591095702269505,1.3470083383113638,1.6977450344328875,1.2603819784524972
I-95 SB PM,110N04156,930,0.918695652173913,1.086,23,38.76013,0.739845,2.1681766666666666,1.4283316666666668,0.6591095702269505,1.393843593952944,1.6476774865005508,1.1821107430194038
I-95 SB PM,110N04156,935,0.8904347826086957,1.091,23,38.76013,0.739845,2.1681766666666666,1.4283316666666668,0.6591095702269505,1.3509662472388213,1.6552634786115108,1.2252441406249999
I-95 SB PM,110N04156,940,0.9313043478260871,1.4939999999999993,23,38.76013,0.739845,2.1681766666666666,1.4283316666666668,0.6591095702269505,1.412973487102322,2.2666944427549,1.604201680672268
I-95 SB PM,110N04156,945,0.93,1.2839999999999996,23,38.76013,0.739845,2.1681766666666666,1.4283316666666668,0.6591095702269505,1.4109945326385933,1.9480827740945732,1.380645161290322
I-95 SB PM,110N04156,950,0.9334782608695652,1.4089999999999994,23,38.76013,0.739845,2.1681766666666666,1.4283316666666668,0.6591095702269505,1.4162717445418698,2.137732576868577,1.5094084769445733
I-95 SB PM,110N04156,955,0.9469565217391305,1.2099999999999997,23,38.76013,0.739845,2.1681766666666666,1.4283316666666668,0.6591095702269505,1.436720940667067,1.8358100908523627,1.2777777777777775
I-95 SB PM,110N04156,960,0.9156521739130434,1.1759999999999997,23,38.76013,0.739845,2.1681766666666666,1.4283316666666668,0.6591095702269505,1.389226033537577,1.7842253444978335,1.2843304843304841
I-95 SB PM,110N04156,965,0.9482608695652174,1.367,23,38.76013,0.739845,2.1681766666666666,1.4283316666666668,0.6591095702269505,1.4386998951307954,2.0740102431365126,1.4415864282439248
I-95 SB PM,110N04156,970,1.0395652173913044,1.7899999999999994,23,38.76013,0.739845,2.1681766666666666,1.4283316666666668,0.6591095702269505,1.5772267075918076,2.715785175723743,1.721873693015474
I-95 SB PM,110N04156,975,1.0395652173913044,1.3259999999999998,23,38.76013,0.739845,2.1681766666666666,1.4283316666666668,0.6591095702269505,1.5772267075918076,2.011805107826639,1.2755332496863236
I-95 SB PM,110N04156,980,1.0739130434782609,1.561,23,38.76013,0.739845,2.1681766666666666,1.4283316666666668,0.6591095702269505,1.6293391751366644,2.3683467370417675,1.4535627530364372
I-95 SB PM,110N04156,985,1.093913043478261,1.6239999999999999,23,38.76013,0.739845,2.1681766666666666,1.4283316666666668,0.6591095702269505,1.659683143580505,2.4639302376398655,1.484578696343402
I-95 SB PM,110N04156,990,1.1991304347826088,2.0599999999999996,23,38.76013,0.739845,2.1681766666666666,1.4283316666666668,0.6591095702269505,1.8193188036546237,3.125428749715593,1.7179115300942707
I-95 SB PM,110N04156,995,1.1504347826086956,1.8949999999999998,23,38.76013,0.739845,2.1681766666666666,1.4283316666666668,0.6591095702269505,1.7454378370087504,2.8750910100539073,1.6472033257747543
I-95 SB PM,110N04156,1000,1.1069565217391304,1.788,23,38.76013,0.739845,2.1681766666666666,1.4283316666666668,0.6591095702269505,1.6794726882177924,2.71275077887936,1.6152395915161037
I-95 SB PM,110N04156,1005,1.131304347826087,1.7219999999999998,23,38.76013,0.739845,2.1681766666666666,1.4283316666666668,0.6591095702269505,1.716413171540729,2.612615683014685,1.5221368178324364
I-95 SB PM,110N04156,1010,1.0830434782608696,1.7679999999999998,23,38.76013,0.739845,2.1681766666666666,1.4283316666666668,0.6591095702269505,1.6431918563827654,2.6824068104355185,1.63243677238057
I-95 SB PM,110N04156,1015,1.0830434782608696,2.2389999999999985,23,38.76013,0.739845,2.1681766666666666,1.4283316666666668,0.6591095702269505,1.6431918563827654,3.3970072672879654,2.0673223604977906
I-95 SB PM,110N04156,1020,1.1,1.7089999999999999,23,38.76013,0.739845,2.1681766666666666,1.4283316666666668,0.6591095702269505,1.6689182644112392,2.5928921035261885,1.5536363636363635
I-95 SB PM,110N04156,1025,1.09,1.6879999999999997,23,38.76013,0.739845,2.1681766666666666,1.4283316666666668,0.6591095702269505,1.653746280189319,2.561030936660156,1.5486238532110088
I-95 SB PM,110N04156,1030,1.0347826086956522,1.7779999999999996,23,38.76013,0.739845,2.1681766666666666,1.4283316666666668,0.6591095702269505,1.5699705412248022,2.6975787946574386,1.7182352941176466
I-95 SB PM,110N04156,1035,1.0782608695652174,1.577,23,38.76013,0.739845,2.1681766666666666,1.4283316666666668,0.6591095702269505,1.6359356900157602,2.3926219117968404,1.462540322580645
I-95 SB PM,110N04156,1040,1.156086956521739,1.834,23,38.76013,0.739845,2.1681766666666666,1.4283316666666668,0.6591095702269505,1.754013306351575,2.7825419063001933,1.5863858593456188
I-95 SB PM,110N04156,1045,1.0952173913043477,1.751,23,38.76013,0.739845,2.1681766666666666,1.4283316666666668,0.6591095702269505,1.6616620980442336,2.6566144372582543,1.5987693529178246
I-95 SB PM,110N04156,1050,1.15,1.8479999999999999,23,38.76013,0.739845,2.1681766666666666,1.4283316666666668,0.6591095702269505,1.7447781855208409,2.8037826842108817,1.6069565217391304
I-95 SB PM,110N04156,1055,1.1356521739130436,2.1099999999999994,23,38.76013,0.739845,2.1681766666666666,1.4283316666666668,0.6591095702269505,1.723009686419825,3.2012886708251944,1.8579632465543636
I-95 SB PM,110N04156,1060,1.1091304347826085,2.0989999999999993,23,38.76013,0.739845,2.1681766666666666,1.4283316666666668,0.6591095702269505,1.68277094565734,3.1845994881810817,1.892473539788318
I-95 SB PM,110N04156,1065,1.0347826086956522,1.61,23,38.76013,0.739845,2.1681766666666666,1.4283316666666668,0.6591095702269505,1.5699705412248022,2.4426894597291775,1.5558823529411765
I-95 SB PM,110N04156,1070,1.0691304347826087,1.8109999999999993,23,38.76013,0.739845,2.1681766666666666,1.4283316666666668,0.6591095702269505,1.622083008769659,2.7476463425897752,1.6938999593330615
I-95 SB PM,110N04156,1075,1.0295652173913044,1.9969999999999997,23,38.76013,0.739845,2.1681766666666666,1.4283316666666668,0.6591095702269505,1.5620547233698872,3.0298452491174945,1.939653716216216
I-95 SB PM,110N04156,1080,0.9908695652173912,1.4789999999999999,23,38.76013,0.739845,2.1681766666666666,1.4283316666666668,0.6591095702269505,1.5033457409459343,2.2439364664220207,1.4926283457656866
I-95 SB PM,110N04156,1085,1.0234782608695652,1.9949999999999994,23,38.76013,0.739845,2.1681766666666666,1.4283316666666668,0.6591095702269505,1.552819602539153,3.02681085227311,1.9492353440951566
I-95 SB PM,110N04156,1090,0.9791304347826086,1.4789999999999999,23,38.76013,0.739845,2.1681766666666666,1.4283316666666668,0.6591095702269505,1.4855351507723757,2.2439364664220207,1.5105239786856128
I-95 SB PM,110N04156,1095,0.99,2.0459999999999994,23,38.76013,0.739845,2.1681766666666666,1.4283316666666668,0.6591095702269505,1.5020264379701154,3.104187971804904,2.066666666666666
I-95 SB PM,110N04156,1100,1.0191304347826087,2.4399999999999995,23,38.76013,0.739845,2.1681766666666666,1.4283316666666668,0.6591095702269505,1.5462230876600571,3.7019641501485663,2.3941979522184296
I-95 SB PM,110N04156,1105,0.9243478260869565,1.692,23,38.76013,0.739845,2.1681766666666666,1.4283316666666668,0.6591095702269505,1.4024190632957687,2.5670997303489242,1.8304797742238945
I-95 SB PM,110N04156,1110,0.8917391304347827,1.3689999999999998,23,38.76013,0.739845,2.1681766666666666,1.4283316666666668,0.6591095702269505,1.3529452017025503,2.0770446399808966,1.5352023403217938
I-95 SB PM,110N04156,1115,0.972608695652174,2.1729999999999983,23,38.76013,0.739845,2.1681766666666666,1.4283316666666668,0.6591095702269505,1.4756403784537322,3.2968721714232907,2.234197586052747
I-95 SB PM,110N04156,1120,0.9630434782608696,1.9579999999999986,23,38.76013,0.739845,2.1681766666666666,1.4283316666666668,0.6591095702269505,1.4611280457197213,2.9706745106520036,2.0331376975169286
I-95 SB PM,110N04156,1125,0.9482608695652174,1.7759999999999991,23,38.76013,0.739845,2.1681766666666666,1.4283316666666668,0.6591095702269505,1.4386998951307954,2.694544397813054,1.8729023383768904
I-95 SB PM,110N04156,1130,0.9191304347826087,1.3189999999999997,23,38.76013,0.739845,2.1681766666666666,1.4283316666666668,0.6591095702269505,1.3945032454408537,2.001184718871295,1.4350520340586563
I-95 SB PM,110N04156,1135,0.8956521739130435,1.634999999999999,23,38.76013,0.739845,2.1681766666666666,1.4283316666666668,0.6591095702269505,1.3588820650937363,2.4806194202839764,1.8254854368932025
I-95 SB PM,110N04156,1140,0.8347826086956521,1.1469999999999998,23,38.76013,0.739845,2.1681766666666666,1.4283316666666668,0.6591095702269505,1.2665308567863949,1.7402265902542646,1.3740104166666665
I-95 SB PM,110N04156,1145,0.822608695652174,0.898,23,38.76013,0.739845,2.1681766666666666,1.4283316666666668,0.6591095702269505,1.2480606151249267,1.362444183128448,1.0916490486257928
I-95 SB PM,110N04156,1150,0.8434782608695651,0.9339999999999998,23,38.76013,0.739845,2.1681766666666666,1.4283316666666668,0.6591095702269505,1.2797238865445864,1.417063326327361,1.107319587628866
I-95 SB PM,110N04156,1155,0.8130434782608695,0.9,23,38.76013,0.739845,2.1681766666666666,1.4283316666666668,0.6591095702269505,1.2335482823909159,1.3654785799728322,1.106951871657754
I-95 SB PM,110N04156,1160,0.7947826086956522,0.897,23,38.76013,0.739845,2.1681766666666666,1.4283316666666668,0.6591095702269505,1.2058429198987135,1.360926984706256,1.1286105032822757
I-95 SB PM,110N04156,1165,0.7856521739130435,0.829,23,38.76013,0.739845,2.1681766666666666,1.4283316666666668,0.6591095702269505,1.1919902386526124,1.2577574919971974,1.0551743220807968
I-95 SB PM,110N04156,1170,0.7952173913043478,0.9409999999999998,23,38.76013,0.739845,2.1681766666666666,1.4283316666666668,0.6591095702269505,1.206502571386623,1.4276837152827053,1.1833242208857297
I-95 SB PM,110N04156,1175,0.7913043478260869,0.9029999999999999,23,38.76013,0.739845,2.1681766666666666,1.4283316666666668,0.6591095702269505,1.2005657079954368,1.370030175239408,1.141153846153846
I-95 SB PM,110N04156,1180,0.7869565217391304,0.828,23,38.76013,0.739845,2.1681766666666666,1.4283316666666668,0.6591095702269505,1.1939691931163412,1.2562402935750054,1.0521546961325967
I-95 SB PM,110N04156,1185,0.773913043478261,0.846,23,38.76013,0.739845,2.1681766666666666,1.4283316666666668,0.6591095702269505,1.1741796484790539,1.2835498651744621,1.0931460674157303
I-95 SB PM,110N04156,1190,0.7834782608695652,0.829,23,38.76013,0.739845,2.1681766666666666,1.4283316666666668,0.6591095702269505,1.1886919812130643,1.2577574919971974,1.0581021087680356
I-95 SB PM,110N04156,1195,0.7956521739130435,0.9009999999999999,23,38.76013,0.739845,2.1681766666666666,1.4283316666666668,0.6591095702269505,1.207162222874533,1.366995778395024,1.1324043715846992
I-95 SB PM,110N04156,1200,0.7895652173913044,0.8999999999999999,23,38.76013,0.739845,2.1681766666666666,1.4283316666666668,0.6591095702269505,1.1979271020437987,1.365478579972832,1.1398678414096914
I-95 SB PM,110N04156,1205,0.7695652173913043,0.839,23,38.76013,0.739845,2.1681766666666666,1.4283316666666668,0.6591095702269505,1.1675831335999578,1.272929476219118,1.090225988700565
I-95 SB PM,110N04156,1210,0.7604347826086956,0.838,23,38.76013,0.739845,2.1681766666666666,1.4283316666666668,0.6591095702269505,1.1537304523538565,1.271412277796926,1.1020011435105777
I-95 SB PM,110N04156,1215,0.7865217391304348,0.8559999999999999,23,38.76013,0.739845,2.1681766666666666,1.4283316666666668,0.6591095702269505,1.1933095416284314,1.2987218493963824,1.088336097291321
I-95 SB PM,110N04156,1220,0.8078260869565217,0.839,23,38.76013,0.739845,2.1681766666666666,1.4283316666666668,0.6591095702269505,1.2256324645360008,1.272929476219118,1.038589881593111
I-95 SB PM,110N04156,1225,0.8156521739130433,0.829,23,38.76013,0.739845,2.1681766666666666,1.4283316666666668,0.6591095702269505,1.2375061913183731,1.2577574919971974,1.01636460554371
I-95 SB PM,110N04156,1230,0.7904347826086956,0.809,23,38.76013,0.739845,2.1681766666666666,1.4283316666666668,0.6591095702269505,1.1992464050196177,1.227413523553357,1.0234873487348737
I-95 SB PM,110N04156,1235,0.7408695652173912,0.798,23,38.76013,0.739845,2.1681766666666666,1.4283316666666668,0.6591095702269505,1.1240461353979254,1.2107243409092445,1.077112676056338
I-95 SB PM,110N04156,1240,0.7321739130434782,0.769,23,38.76013,0.739845,2.1681766666666666,1.4283316666666668,0.6591095702269505,1.110853105639734,1.1667255866656754,1.0502969121140142
I-95 SB PM,110N04156,1245,0.7269565217391304,0.778,23,38.76013,0.739845,2.1681766666666666,1.4283316666666668,0.6591095702269505,1.102937287784819,1.1803803724654038,1.0702153110047847
I-95 SB PM,110N04156,1250,0.7186956521739131,0.759,23,38.76013,0.739845,2.1681766666666666,1.4283316666666668,0.6591095702269505,1.090403909514537,1.1515536024437552,1.0560798548094374
I-95 SB PM,110N04156,1255,0.7195652173913044,0.75,23,38.76013,0.739845,2.1681766666666666,1.4283316666666668,0.6591095702269505,1.0917232124903562,1.1378988166440267,1.0422960725075527
I-95 SB PM,110N04157,720,0.4665217391304348,0.45799999999999996,23,38.77309,0.4421683333333334,0.9718350000000001,0.5296666666666667,0.38798040362679154,1.2024363467057841,1.1804719921900027,0.9817334575955264
I-95 SB PM,110N04157,725,0.48217391304347823,0.7639999999999996,23,38.77309,0.4421683333333334,0.9718350000000001,0.5296666666666667,0.38798040362679154,1.2427790386735458,1.9691716201597416,1.5844905320108198
I-95 SB PM,110N04157,730,0.48869565217391303,0.8739999999999993,23,38.77309,0.4421683333333334,0.9718350000000001,0.5296666666666667,0.38798040362679154,1.2595884936601132,2.25269109426651,1.7884341637010663
I-95 SB PM,110N04157,735,0.4917391304347826,0.6529999999999999,23,38.77309,0.4421683333333334,0.9718350000000001,0.5296666666666667,0.38798040362679154,1.2674329059871778,1.6830746962883663,1.3279398762157382
I-95 SB PM,110N04157,740,0.498695652173913,0.5229999999999999,23,38.77309,0.4421683333333334,0.9718350000000001,0.5296666666666667,0.38798040362679154,1.2853629913061828,1.348006226889457,1.0487358326068004
I-95 SB PM,110N04157,745,0.4752173913043478,0.45,23,38.77309,0.4421683333333334,0.9718350000000001,0.5296666666666667,0.38798040362679154,1.2248489533545406,1.1598523940731469,0.9469350411710888
I-95 SB PM,110N04157,750,0.4904347826086956,0.459,23,38.77309,0.4421683333333334,0.9718350000000001,0.5296666666666667,0.38798040362679154,1.2640710149898644,1.1830494419546098,0.9359042553191491
I-95 SB PM,110N04157,755,0.4721739130434782,0.45,23,38.77309,0.4421683333333334,0.9718350000000001,0.5296666666666667,0.38798040362679154,1.2170045410274757,1.1598523940731469,0.9530386740331492
I-95 SB PM,110N04157,760,0.4739130434782609,0.45,23,38.77309,0.4421683333333334,0.9718350000000001,0.5296666666666667,0.38798040362679154,1.2214870623572271,1.1598523940731469,0.9495412844036697
I-95 SB PM,110N04157,765,0.4804347826086956,0.439,23,38.77309,0.4421683333333334,0.9718350000000001,0.5296666666666667,0.38798040362679154,1.2382965173437943,1.1315004466624698,0.9137556561085974
I-95 SB PM,110N04157,770,0.48130434782608694,0.449,23,38.77309,0.4421683333333334,0.9718350000000001,0.5296666666666667,0.38798040362679154,1.2405377780086702,1.15727494430854,0.9328816621499548
I-95 SB PM,110N04157,775,0.4760869565217391,0.45,23,38.77309,0.4421683333333334,0.9718350000000001,0.5296666666666667,0.38798040362679154,1.2270902140194162,1.1598523940731469,0.9452054794520549
I-95 SB PM,110N04157,780,0.49391304347826087,0.45799999999999996,23,38.77309,0.4421683333333334,0.9718350000000001,0.5296666666666667,0.38798040362679154,1.2730360576493671,1.1804719921900027,0.9272887323943662
I-95 SB PM,110N04157,785,0.4717391304347826,0.449,23,38.77309,0.4421683333333334,0.9718350000000001,0.5296666666666667,0.38798040362679154,1.215883910695038,1.15727494430854,0.9517972350230415
I-95 SB PM,110N04157,790,0.4973913043478261,0.6239999999999998,23,38.77309,0.4421683333333334,0.9718350000000001,0.5296666666666667,0.38798040362679154,1.2820011003088696,1.6083286531147631,1.2545454545454542
I-95 SB PM,110N04157,795,0.4930434782608696,0.607,23,38.77309,0.4421683333333334,0.9718350000000001,0.5296666666666667,0.38798040362679154,1.2707947969844915,1.5645120071164447,1.2311287477954145
I-95 SB PM,110N04157,800,0.5043478260869565,0.547,23,38.77309,0.4421683333333334,0.9718350000000001,0.5296666666666667,0.38798040362679154,1.2999311856278748,1.4098650212400252,1.0845689655172415
I-95 SB PM,110N04157,805,0.5073913043478261,0.5929999999999999,23,38.77309,0.4421683333333334,0.9718350000000001,0.5296666666666667,0.38798040362679154,1.3077755979549395,1.5284277104119466,1.1687232219365893
I-95 SB PM,110N04157,810,0.5034782608695653,0.6819999999999998,23,38.77309,0.4421683333333334,0.9718350000000001,0.5296666666666667,0.38798040362679154,1.2976899249629992,1.757820739461969,1.354576856649395
I-95 SB PM,110N04157,815,0.5091304347826087,0.6039999999999999,23,38.77309,0.4421683333333334,0.9718350000000001,0.5296666666666667,0.38798040362679154,1.3122581192846907,1.5567796578226234,1.1863364645602048
I-95 SB PM,110N04157,820,0.5069565217391304,0.6599999999999999,23,38.77309,0.4421683333333334,0.9718350000000001,0.5296666666666667,0.38798040362679154,1.3066549676225017,1.7011168446406153,1.3018867924528301
I-95 SB PM,110N04157,825,0.5747826086956521,1.6249999999999984,23,38.77309,0.4421683333333334,0.9718350000000001,0.5296666666666667,0.38798040362679154,1.481473299482802,4.18835586748636,2.8271558245083184
I-95 SB PM,110N04157,830,0.6339130434782608,1.6379999999999986,23,38.77309,0.4421683333333334,0.9718350000000001,0.5296666666666667,0.38798040362679154,1.633879024694346,4.221862714426251,2.5839506172839486
I-95 SB PM,110N04157,835,0.6126086956521739,1.0879999999999992,23,38.77309,0.4421683333333334,0.9718350000000001,0.5296666666666667,0.38798040362679154,1.5789681384048926,2.8042653438924066,1.776011355571326
I-95 SB PM,110N04157,840,0.6156521739130435,0.9289999999999998,23,38.77309,0.4421683333333334,0.9718350000000001,0.5296666666666667,0.38798040362679154,1.5868125507319575,2.394450831319896,1.5089689265536719
I-95 SB PM,110N04157,845,0.6008695652173913,0.8309999999999998,23,38.77309,0.4421683333333334,0.9718350000000001,0.5296666666666667,0.38798040362679154,1.5487111194290715,2.1418607543884107,1.382995658465991
I-95 SB PM,110N04157,850,0.6004347826086956,0.93,23,38.77309,0.4421683333333334,0.9718350000000001,0.5296666666666667,0.38798040362679154,1.5475904890966337,2.397028281084504,1.548877624909486
I-95 SB PM,110N04157,855,0.5347826086956522,0.8349999999999999,23,38.77309,0.4421683333333334,0.9718350000000001,0.5296666666666667,0.38798040362679154,1.3783753088985224,2.152170553446839,1.561382113821138
I-95 SB PM,110N04157,860,0.532608695652174,0.9279999999999998,23,38.77309,0.4421683333333334,0.9718350000000001,0.5296666666666667,0.38798040362679154,1.3727721572363334,2.391873381555289,1.742367346938775
I-95 SB PM,110N04157,865,0.5556521739130434,0.9749999999999999,23,38.77309,0.4421683333333334,0.9718350000000001,0.5296666666666667,0.38798040362679154,1.4321655648555378,2.513013520491818,1.754694835680751
I-95 SB PM,110N04157,870,0.5660869565217391,1.049,23,38.77309,0.4421683333333334,0.9718350000000001,0.5296666666666667,0.38798040362679154,1.4590606928340457,2.7037448030727353,1.8530721966205836
I-95 SB PM,110N04157,875,0.5965217391304348,1.003,23,38.77309,0.4421683333333334,0.9718350000000001,0.5296666666666667,0.38798040362679154,1.5375048161046934,2.5851821139008138,1.681413994169096
I-95 SB PM,110N04157,880,0.6543478260869565,1.2079999999999997,23,38.77309,0.4421683333333334,0.9718350000000001,0.5296666666666667,0.38798040362679154,1.6865486503189238,3.113559315645247,1.846112956810631
I-95 SB PM,110N04157,885,0.6608695652173913,1.075,23,38.77309,0.4421683333333334,0.9718350000000001,0.5296666666666667,0.38798040362679154,1.703358105305491,2.7707584969525176,1.6266447368421053
I-95 SB PM,110N04157,890,0.7013043478260869,1.01,23,38.77309,0.4421683333333334,0.9718350000000001,0.5296666666666667,0.38798040362679154,1.8075767262222084,2.603224262253063,1.440173589584625
I-95 SB PM,110N04157,895,0.8169565217391304,1.264,23,38.77309,0.4421683333333334,0.9718350000000001,0.5296666666666667,0.38798040362679154,2.1056643946506695,3.257896502463239,1.5472059606173498
I-95 SB PM,110N04157,900,0.7482608695652174,1.129,23,38.77309,0.4421683333333334,0.9718350000000001,0.5296666666666667,0.38798040362679154,1.9286048021254936,2.909940784241295,1.5088320743753632
I-95 SB PM,110N04157,905,0.7847826086956522,1.166,23,38.77309,0.4421683333333334,0.9718350000000001,0.5296666666666667,0.38798040362679154,2.0227377500502706,3.005306425531754,1.4857617728531856
I-95 SB PM,110N04157,910,0.7465217391304348,1.158,23,38.77309,0.4421683333333334,0.9718350000000001,0.5296666666666667,0.38798040362679154,1.9241222807957423,2.984686827414898,1.5511939429237038
I-95 SB PM,110N04157,915,0.7765217391304348,1.1989999999999998,23,38.77309,0.4421683333333334,0.9718350000000001,0.5296666666666667,0.38798040362679154,2.001445773733952,3.0903622677637843,1.5440649496080625
I-95 SB PM,110N04157,920,0.7295652173913044,1.114,23,38.77309,0.4421683333333334,0.9718350000000001,0.5296666666666667,0.38798040362679154,1.8804176978306673,2.8712790377721906,1.526936829558999
I-95 SB PM,110N04157,925,0.7295652173913044,1.009,23,38.77309,0.4421683333333334,0.9718350000000001,0.5296666666666667,0.38798040362679154,1.8804176978306673,2.600646812488456,1.3830154946364717
I-95 SB PM,110N04157,930,0.7543478260869566,1.089,23,38.77309,0.4421683333333334,0.9718350000000001,0.5296666666666667,0.38798040362679154,1.9442936267796231,2.8068427936570153,1.4436311239193083
I-95 SB PM,110N04157,935,0.7734782608695652,1.1969999999999998,23,38.77309,0.4421683333333334,0.9718350000000001,0.5296666666666667,0.38798040362679154,1.993601361406887,3.0852073682345704,1.5475548060708262
I-95 SB PM,110N04157,940,0.7582608695652174,1.12,23,38.77309,0.4421683333333334,0.9718350000000001,0.5296666666666667,0.38798040362679154,1.9543792997715634,2.8867437363598323,1.4770642201834863
I-95 SB PM,110N04157,945,0.7708695652173914,1.1429999999999998,23,38.77309,0.4421683333333334,0.9718350000000001,0.5296666666666667,0.38798040362679154,1.9868775794122604,2.9460250809457924,1.4827411167512687
I-95 SB PM,110N04157,950,0.7947826086956522,1.1879999999999997,23,38.77309,0.4421683333333334,0.9718350000000001,0.5296666666666667,0.38798040362679154,2.0485122476963404,3.062010320353107,1.494748358862144
I-95 SB PM,110N04157,955,0.8147826086956521,1.253,23,38.77309,0.4421683333333334,0.9718350000000001,0.5296666666666667,0.38798040362679154,2.10006124298848,3.229544555052562,1.5378335112059764
I-95 SB PM,110N04157,960,0.8186956521739132,1.174,23,38.77309,0.4421683333333334,0.9718350000000001,0.5296666666666667,0.38798040362679154,2.110146915980421,3.02592602364861,1.4339883165161973
I-95 SB PM,110N04157,965,0.7478260869565218,1.1699999999999997,23,38.77309,0.4421683333333334,0.9718350000000001,0.5296666666666667,0.38798040362679154,1.9274841717930558,3.015616224590181,1.5645348837209299
I-95 SB PM,110N04157,970,0.7530434782608696,1.134,23,38.77309,0.4421683333333334,0.9718350000000001,0.5296666666666667,0.38798040362679154,1.9409317357823097,2.92282803306433,1.5058891454965355
I-95 SB PM,110N04157,975,0.7769565217391304,1.126,23,38.77309,0.4421683333333334,0.9718350000000001,0.5296666666666667,0.38798040362679154,2.00256640406639,2.902208434947474,1.4492445439283714
I-95 SB PM,110N04157,980,0.7834782608695652,1.1649999999999998,23,38.77309,0.4421683333333334,0.9718350000000001,0.5296666666666667,0.38798040362679154,2.019375859052957,3.0027289757671465,1.486958934517203
I-95 SB PM,110N04157,985,0.8230434782608695,1.273,23,38.77309,0.4421683333333334,0.9718350000000001,0.5296666666666667,0.38798040362679154,2.121353219304799,3.281093550344702,1.5466983623877442
I-95 SB PM,110N04157,990,0.8578260869565217,1.5989999999999993,23,38.77309,0.4421683333333334,0.9718350000000001,0.5296666666666667,0.38798040362679154,2.211003645899825,4.12134217360658,1.864014191586416
I-95 SB PM,110N04157,995,0.8947826086956521,1.3379999999999999,23,38.77309,0.4421683333333334,0.9718350000000001,0.5296666666666667,0.38798040362679154,2.3062572241570396,3.4486277850441565,1.49533527696793
I-95 SB PM,110N04157,1000,0.8600000000000001,1.4699999999999998,23,38.77309,0.4421683333333334,0.9718350000000001,0.5296666666666667,0.38798040362679154,2.2166067975620143,3.788851153972279,1.7093023255813948
I-95 SB PM,110N04157,1005,0.8556521739130435,1.23,23,38.77309,0.4421683333333334,0.9718350000000001,0.5296666666666667,0.38798040362679154,2.2054004942376357,3.1702632104666013,1.4375
I-95 SB PM,110N04157,1010,0.8934782608695653,1.2289999999999999,23,38.77309,0.4421683333333334,0.9718350000000001,0.5296666666666667,0.38798040362679154,2.3028953331597264,3.167685760701994,1.375523114355231
I-95 SB PM,110N04157,1015,0.8747826086956522,1.3309999999999997,23,38.77309,0.4421683333333334,0.9718350000000001,0.5296666666666667,0.38798040362679154,2.2547082288649,3.430585636691907,1.5215208747514908
I-95 SB PM,110N04157,1020,0.8643478260869565,1.432,23,38.77309,0.4421683333333334,0.9718350000000001,0.5296666666666667,0.38798040362679154,2.227813100886392,3.690908062917214,1.6567404426559356
I-95 SB PM,110N04157,1025,0.8695652173913043,1.306,23,38.77309,0.4421683333333334,0.9718350000000001,0.5296666666666667,0.38798040362679154,2.241260664875646,3.366149392576733,1.5019
I-95 SB PM,110N04157,1030,0.8252173913043478,1.248,23,38.77309,0.4421683333333334,0.9718350000000001,0.5296666666666667,0.38798040362679154,2.126956370966988,3.216657306229527,1.5123287671232877
I-95 SB PM,110N04157,1035,0.8521739130434783,1.398,23,38.77309,0.4421683333333334,0.9718350000000001,0.5296666666666667,0.38798040362679154,2.1964354515781332,3.603274770920576,1.6405102040816324
I-95 SB PM,110N04157,1040,0.8895652173913043,1.269,23,38.77309,0.4421683333333334,0.9718350000000001,0.5296666666666667,0.38798040362679154,2.292809660167786,3.270783751286274,1.4265395894428152
I-95 SB PM,110N04157,1045,0.8960869565217391,1.278,23,38.77309,0.4421683333333334,0.9718350000000001,0.5296666666666667,0.38798040362679154,2.3096191151543533,3.2939807991677372,1.4262008733624456
I-95 SB PM,110N04157,1050,0.8452173913043479,1.2269999999999999,23,38.77309,0.4421683333333334,0.9718350000000001,0.5296666666666667,0.38798040362679154,2.1785053662591283,3.16253086117278,1.4516975308641973
I-95 SB PM,110N04157,1055,0.8617391304347827,1.274,23,38.77309,0.4421683333333334,0.9718350000000001,0.5296666666666667,0.38798040362679154,2.2210893188917655,3.283671000109309,1.4784056508577195
I-95 SB PM,110N04157,1060,0.8491304347826087,1.208,23,38.77309,0.4421683333333334,0.9718350000000001,0.5296666666666667,0.38798040362679154,2.188591039251069,3.1135593156452477,1.4226318484382998
I-95 SB PM,110N04157,1065,0.8221739130434783,1.4619999999999995,23,38.77309,0.4421683333333334,0.9718350000000001,0.5296666666666667,0.38798040362679154,2.1191119586399236,3.7682315558554227,1.778212585933368
I-95 SB PM,110N04157,1070,0.7808695652173914,1.286,23,38.77309,0.4421683333333334,0.9718350000000001,0.5296666666666667,0.38798040362679154,2.0126520770583305,3.314600397284593,1.646881959910913
I-95 SB PM,110N04157,1075,0.7621739130434783,1.22,23,38.77309,0.4421683333333334,0.9718350000000001,0.5296666666666667,0.38798040362679154,1.9644649727635037,3.1444887128205314,1.6006845407872219
I-95 SB PM,110N04157,1080,0.6682608695652174,1.198,23,38.77309,0.4421683333333334,0.9718350000000001,0.5296666666666667,0.38798040362679154,1.722408820956934,3.0877848179991774,1.7927130774235525
I-95 SB PM,110N04157,1085,0.6282608695652173,1.1809999999999998,23,38.77309,0.4421683333333334,0.9718350000000001,0.5296666666666667,0.38798040362679154,1.6193108303726542,3.0439681720008585,1.8797923875432525
I-95 SB PM,110N04157,1090,0.6382608695652173,1.2229999999999999,23,38.77309,0.4421683333333334,0.9718350000000001,0.5296666666666667,0.38798040362679154,1.645085328018724,3.1522210621143523,1.9161444141689372
I-95 SB PM,110N04157,1095,0.6230434782608696,1.3339999999999996,23,38.77309,0.4421683333333334,0.9718350000000001,0.5296666666666667,0.38798040362679154,1.6058632663834005,3.438317985985728,2.1411025819958125
I-95 SB PM,110N04157,1100,0.6126086956521739,1.265,23,38.77309,0.4421683333333334,0.9718350000000001,0.5296666666666667,0.38798040362679154,1.5789681384048926,3.260473952227846,2.064939673527324
I-95 SB PM,110N04157,1105,0.5908695652173913,1.1689999999999998,23,38.77309,0.4421683333333334,0.9718350000000001,0.5296666666666667,0.38798040362679154,1.5229366217830016,3.0130387748255743,1.9784400294334066
I-95 SB PM,110N04157,1110,0.5430434782608696,1.084,23,38.77309,0.4421683333333334,0.9718350000000001,0.5296666666666667,0.38798040362679154,1.399667285214841,2.7939555448339806,1.9961569255404323
I-95 SB PM,110N04157,1115,0.5152173913043478,1.0279999999999994,23,38.77309,0.4421683333333334,0.9718350000000001,0.5296666666666667,0.38798040362679154,1.3279469439388203,2.6496183580159873,1.9952742616033743
I-95 SB PM,110N04157,1120,0.5173913043478261,0.9659999999999997,23,38.77309,0.4421683333333334,0.9718350000000001,0.5296666666666667,0.38798040362679154,1.3335500956010096,2.4898164726103547,1.8670588235294112
I-95 SB PM,110N04157,1125,0.4960869565217391,0.7359999999999997,23,38.77309,0.4421683333333334,0.9718350000000001,0.5296666666666667,0.38798040362679154,1.2786392093115562,1.897003026750746,1.4836108676599467
I-95 SB PM,110N04157,1130,0.46956521739130436,0.5,23,38.77309,0.4421683333333334,0.9718350000000001,0.5296666666666667,0.38798040362679154,1.210280759032849,1.2887248823034965,1.0648148148148149
I-95 SB PM,110N04157,1135,0.45260869565217393,0.519,23,38.77309,0.4421683333333334,0.9718350000000001,0.5296666666666667,0.38798040362679154,1.1665761760677738,1.3376964278310295,1.146685878962536
I-95 SB PM,110N04157,1140,0.4534782608695652,0.5359999999999999,23,38.77309,0.4421683333333334,0.9718350000000001,0.5296666666666667,0.38798040362679154,1.1688174367326494,1.3815130738293482,1.1819750719079576
I-95 SB PM,110N04157,1145,0.4578260869565217,0.49,23,38.77309,0.4421683333333334,0.9718350000000001,0.5296666666666667,0.38798040362679154,1.1800237400570277,1.2629503846574266,1.070275403608737
I-95 SB PM,110N04157,1150,0.4556521739130435,0.507,23,38.77309,0.4421683333333334,0.9718350000000001,0.5296666666666667,0.38798040362679154,1.1744205883948386,1.3067670306557455,1.1126908396946564
I-95 SB PM,110N04157,1155,0.45217391304347826,0.48799999999999993,23,38.77309,0.4421683333333334,0.9718350000000001,0.5296666666666667,0.38798040362679154,1.165455545735336,1.2577954851282125,1.079230769230769
I-95 SB PM,110N04157,1160,0.45173913043478264,0.48,23,38.77309,0.4421683333333334,0.9718350000000001,0.5296666666666667,0.38798040362679154,1.1643349154028984,1.2371758870113567,1.062560153994225
I-95 SB PM,110N04157,1165,0.45,0.478,23,38.77309,0.4421683333333334,0.9718350000000001,0.5296666666666667,0.38798040362679154,1.1598523940731469,1.2320209874821426,1.0622222222222222
I-95 SB PM,110N04157,1170,0.45608695652173914,0.489,23,38.77309,0.4421683333333334,0.9718350000000001,0.5296666666666667,0.38798040362679154,1.1755412187272765,1.2603729348928197,1.0721639656816015
I-95 SB PM,110N04157,1175,0.46260869565217394,0.5949999999999998,23,38.77309,0.4421683333333334,0.9718350000000001,0.5296666666666667,0.38798040362679154,1.1923506737138438,1.5335826099411602,1.2861842105263153
I-95 SB PM,110N04157,1180,0.4930434782608696,0.5439999999999999,23,38.77309,0.4421683333333334,0.9718350000000001,0.5296666666666667,0.38798040362679154,1.2707947969844915,1.402132671946204,1.1033509700176365
I-95 SB PM,110N04157,1185,0.5173913043478261,0.5769999999999997,23,38.77309,0.4421683333333334,0.9718350000000001,0.5296666666666667,0.38798040362679154,1.3335500956010096,1.4871885141782344,1.115210084033613
I-95 SB PM,110N04157,1190,0.5317391304347826,0.6519999999999998,23,38.77309,0.4421683333333334,0.9718350000000001,0.5296666666666667,0.38798040362679154,1.3705308965714575,1.6804972465237589,1.2261651676206047
I-95 SB PM,110N04157,1195,0.528695652173913,0.8199999999999994,23,38.77309,0.4421683333333334,0.9718350000000001,0.5296666666666667,0.38798040362679154,1.3626864842443929,2.1135088069777326,1.5509868421052622
I-95 SB PM,110N04157,1200,0.5256521739130434,0.6669999999999996,23,38.77309,0.4421683333333334,0.9718350000000001,0.5296666666666667,0.38798040362679154,1.354842071917328,1.7191589929928632,1.2688999172870135
I-95 SB PM,110N04157,1205,0.46956521739130436,0.46,23,38.77309,0.4421683333333334,0.9718350000000001,0.5296666666666667,0.38798040362679154,1.210280759032849,1.1856268917192168,0.9796296296296296
I-95 SB PM,110N04157,1210,0.44956521739130434,0.479,23,38.77309,0.4421683333333334,0.9718350000000001,0.5296666666666667,0.38798040362679154,1.158731763740709,1.2345984372467496,1.0654738878143133
I-95 SB PM,110N04157,1215,0.43695652173913047,0.48799999999999993,23,38.77309,0.4421683333333334,0.9718350000000001,0.5296666666666667,0.38798040362679154,1.1262334841000123,1.2577954851282125,1.1168159203980097
I-95 SB PM,110N04157,1220,0.43217391304347824,0.459,23,38.77309,0.4421683333333334,0.9718350000000001,0.5296666666666667,0.38798040362679154,1.113906550443196,1.1830494419546098,1.062072434607646
I-95 SB PM,110N04157,1225,0.4339130434782609,0.47,23,38.77309,0.4421683333333334,0.9718350000000001,0.5296666666666667,0.38798040362679154,1.1183890717729474,1.2114013893652866,1.0831663326653307
I-95 SB PM,110N04157,1230,0.42173913043478256,0.44,23,38.77309,0.4421683333333334,0.9718350000000001,0.5296666666666667,0.38798040362679154,1.0870114224646883,1.134077896427077,1.043298969072165
I-95 SB PM,110N04157,1235,0.41782608695652174,0.439,23,38.77309,0.4421683333333334,0.9718350000000001,0.5296666666666667,0.38798040362679154,1.076925749472748,1.1315004466624698,1.0506763787721123
I-95 SB PM,110N04157,1240,0.4252173913043478,0.44,23,38.77309,0.4421683333333334,0.9718350000000001,0.5296666666666667,0.38798040362679154,1.095976465124191,1.134077896427077,1.034764826175869
I-95 SB PM,110N04157,1245,0.42217391304347823,0.44,23,38.77309,0.4421683333333334,0.9718350000000001,0.5296666666666667,0.38798040362679154,1.088132052797126,1.134077896427077,1.0422245108135944
I-95 SB PM,110N04157,1250,0.418695652173913,0.44,23,38.77309,0.4421683333333334,0.9718350000000001,0.5296666666666667,0.38798040362679154,1.0791670101376236,1.134077896427077,1.0508826583592938
I-95 SB PM,110N04157,1255,0.4165217391304348,0.43,23,38.77309,0.4421683333333334,0.9718350000000001,0.5296666666666667,0.38798040362679154,1.0735638584754346,1.108303398781007,1.0323590814196242
I-95 SB PM,110N04158,720,0.548695652173913,0.51,23,38.78187,0.5296666666666667,0.5296666666666667,0.0,0.46618747249523257,1.1769849782471884,1.093980490874764,0.9294770206022187
I-95 SB PM,110N04158,725,0.5647826086956522,0.557,23,38.78187,0.5296666666666667,0.5296666666666667,0.0,0.46618747249523257,1.2114924617615672,1.1947983008181247,0.986220169361047
I-95 SB PM,110N04158,730,0.5652173913043478,0.7739999999999997,23,38.78187,0.5296666666666667,0.5296666666666667,0.0,0.46618747249523257,1.212425096451145,1.6602762743864057,1.369384615384615
I-95 SB PM,110N04158,735,0.5621739130434783,0.6289999999999999,23,38.78187,0.5296666666666667,0.5296666666666667,0.0,0.46618747249523257,1.2058966536241005,1.3492426054122084,1.1188708430007732
I-95 SB PM,110N04158,740,0.5417391304347826,0.539,23,38.78187,0.5296666666666667,0.5296666666666667,0.0,0.46618747249523257,1.1620628232139436,1.1561872246696034,0.9949438202247192
I-95 SB PM,110N04158,745,0.5521739130434782,0.53,23,38.78187,0.5296666666666667,0.5296666666666667,0.0,0.46618747249523257,1.1844460557638106,1.1368816865953428,0.9598425196850395
I-95 SB PM,110N04158,750,0.571304347826087,0.548,23,38.78187,0.5296666666666667,0.5296666666666667,0.0,0.46618747249523257,1.2254819821052343,1.175492762743864,0.9592085235920853
I-95 SB PM,110N04158,755,0.5786956521739129,0.52,23,38.78187,0.5296666666666667,0.5296666666666667,0.0,0.46618747249523257,1.2413367718280566,1.1154310887350534,0.8985725018782872
I-95 SB PM,110N04158,760,0.5678260869565218,0.53,23,38.78187,0.5296666666666667,0.5296666666666667,0.0,0.46618747249523257,1.218020904588612,1.1368816865953428,0.9333843797856048
I-95 SB PM,110N04158,765,0.5743478260869566,0.51,23,38.78187,0.5296666666666667,0.5296666666666667,0.0,0.46618747249523257,1.232010424932279,1.093980490874764,0.8879636638909917
I-95 SB PM,110N04158,770,0.578695652173913,0.538,23,38.78187,0.5296666666666667,0.5296666666666667,0.0,0.46618747249523257,1.2413367718280568,1.1540421648835746,0.9296769346356124
I-95 SB PM,110N04158,775,0.5817391304347825,0.53,23,38.78187,0.5296666666666667,0.5296666666666667,0.0,0.46618747249523257,1.2478652146551013,1.1368816865953428,0.9110612855007475
I-95 SB PM,110N04158,780,0.587391304347826,0.539,23,38.78187,0.5296666666666667,0.5296666666666667,0.0,0.46618747249523257,1.259989465619613,1.1561872246696034,0.917616580310881
I-95 SB PM,110N04158,785,0.5830434782608696,0.539,23,38.78187,0.5296666666666667,0.5296666666666667,0.0,0.46618747249523257,1.2506631187238348,1.1561872246696034,0.9244593586875467
I-95 SB PM,110N04158,790,0.568695652173913,0.547,23,38.78187,0.5296666666666667,0.5296666666666667,0.0,0.46618747249523257,1.2198861739677673,1.173347702957835,0.9618501529051988
I-95 SB PM,110N04158,795,0.5795652173913044,0.566,23,38.78187,0.5296666666666667,0.5296666666666667,0.0,0.46618747249523257,1.2432020412072127,1.2141038388923848,0.9765941485371341
I-95 SB PM,110N04158,800,0.5826086956521739,0.549,23,38.78187,0.5296666666666667,0.5296666666666667,0.0,0.46618747249523257,1.2497304840342571,1.177637822529893,0.942313432835821
I-95 SB PM,110N04158,805,0.6056521739130435,0.587,23,38.78187,0.5296666666666667,0.5296666666666667,0.0,0.46618747249523257,1.2991601225818807,1.2591500943989928,0.9692031586503947
I-95 SB PM,110N04158,810,0.5891304347826087,0.559,23,38.78187,0.5296666666666667,0.5296666666666667,0.0,0.46618747249523257,1.2637200043779242,1.1990884203901824,0.9488560885608857
I-95 SB PM,110N04158,815,0.5830434782608696,0.55,23,38.78187,0.5296666666666667,0.5296666666666667,0.0,0.46618747249523257,1.2506631187238348,1.179782882315922,0.9433258762117823
I-95 SB PM,110N04158,820,0.5834782608695652,0.558,23,38.78187,0.5296666666666667,0.5296666666666667,0.0,0.46618747249523257,1.2515957534134128,1.1969433606041535,0.9563338301043219
I-95 SB PM,110N04158,825,0.6204347826086957,0.9539999999999993,23,38.78187,0.5296666666666667,0.5296666666666667,0.0,0.46618747249523257,1.330869702027526,2.0463870358716156,1.5376313945339861
I-95 SB PM,110N04158,830,0.6952173913043478,2.2779999999999974,23,38.78187,0.5296666666666667,0.5296666666666667,0.0,0.46618747249523257,1.4912828686349082,4.886446192573939,3.276672920575356
I-95 SB PM,110N04158,835,0.7408695652173912,1.7219999999999982,23,38.78187,0.5296666666666667,0.5296666666666667,0.0,0.46618747249523257,1.5892095110405775,3.693792951541846,2.324295774647885
I-95 SB PM,110N04158,840,0.741304347826087,1.0509999999999993,23,38.78187,0.5296666666666667,0.5296666666666667,0.0,0.46618747249523257,1.5901421457301557,2.2544578351164235,1.4177712609970663
I-95 SB PM,110N04158,845,0.7382608695652174,1.0419999999999996,23,38.78187,0.5296666666666667,0.5296666666666667,0.0,0.46618747249523257,1.583613702903111,2.2351522970421636,1.4114252061248522
I-95 SB PM,110N04158,850,0.7343478260869566,0.898,23,38.78187,0.5296666666666667,0.5296666666666667,0.0,0.46618747249523257,1.5752199906969107,1.926263687853996,1.2228537596210776
I-95 SB PM,110N04158,855,0.6482608695652174,1.1579999999999997,23,38.78187,0.5296666666666667,0.5296666666666667,0.0,0.46618747249523257,1.3905583221605056,2.483979232221522,1.7863179074446673
I-95 SB PM,110N04158,860,0.6221739130434782,1.066,23,38.78187,0.5296666666666667,0.5296666666666667,0.0,0.46618747249523257,1.3346002407858373,2.2866337319068597,1.7133473095737248
I-95 SB PM,110N04158,865,0.6134782608695651,1.0679999999999998,23,38.78187,0.5296666666666667,0.5296666666666667,0.0,0.46618747249523257,1.315947546994281,2.290923851478917,1.740892983699504
I-95 SB PM,110N04158,870,0.6569565217391304,1.2429999999999999,23,38.78187,0.5296666666666667,0.5296666666666667,0.0,0.46618747249523257,1.4092110159520614,2.666309314033983,1.8920582395764391
I-95 SB PM,110N04158,875,0.7047826086956522,1.363,23,38.78187,0.5296666666666667,0.5296666666666667,0.0,0.46618747249523257,1.5118008318056202,2.923716488357457,1.9339296730413322
I-95 SB PM,110N04158,880,0.7743478260869565,1.6599999999999997,23,38.78187,0.5296666666666667,0.5296666666666667,0.0,0.46618747249523257,1.6610223821380685,3.560799244808054,2.143739472206625
I-95 SB PM,110N04158,885,0.8260869565217391,1.8629999999999998,23,38.78187,0.5296666666666667,0.5296666666666667,0.0,0.46618747249523257,1.7720059101978272,3.996246381371931,2.255210526315789
I-95 SB PM,110N04158,890,0.7852173913043478,1.446,23,38.78187,0.5296666666666667,0.5296666666666667,0.0,0.46618747249523257,1.6843382493775134,3.10175645059786,1.841528239202658
I-95 SB PM,110N04158,895,0.8713043478260869,1.611,23,38.78187,0.5296666666666667,0.5296666666666667,0.0,0.46618747249523257,1.8689999179139187,3.4556913152926363,1.8489520958083834
I-95 SB PM,110N04158,900,0.91,1.7429999999999999,23,38.78187,0.5296666666666667,0.5296666666666667,0.0,0.46618747249523257,1.9520044052863434,3.7388392070484575,1.9153846153846152
I-95 SB PM,110N04158,905,0.8895652173913043,1.5019999999999998,23,38.78187,0.5296666666666667,0.5296666666666667,0.0,0.46618747249523257,1.9081705748761866,3.2218797986154804,1.6884652981427173
I-95 SB PM,110N04158,910,0.8717391304347827,1.6349999999999996,23,38.78187,0.5296666666666667,0.5296666666666667,0.0,0.46618747249523257,1.869932552603497,3.50717275015733,1.8755610972568573
I-95 SB PM,110N04158,915,0.8847826086956523,1.541,23,38.78187,0.5296666666666667,0.5296666666666667,0.0,0.46618747249523257,1.897911593290831,3.30553713027061,1.7416707616707614
I-95 SB PM,110N04158,920,0.9308695652173913,1.634,23,38.78187,0.5296666666666667,0.5296666666666667,0.0,0.46618747249523257,1.9967708703860778,3.505027690371302,1.7553479682391404
I-95 SB PM,110N04158,925,0.9304347826086956,1.6779999999999997,23,38.78187,0.5296666666666667,0.5296666666666667,0.0,0.46618747249523257,1.9958382356965,3.5994103209565753,1.8034579439252334
I-95 SB PM,110N04158,930,0.8752173913043478,1.4819999999999998,23,38.78187,0.5296666666666667,0.5296666666666667,0.0,0.46618747249523257,1.877393630120119,3.1789786028949014,1.693293591654247
I-95 SB PM,110N04158,935,0.91,1.3849999999999998,23,38.78187,0.5296666666666667,0.5296666666666667,0.0,0.46618747249523257,1.9520044052863434,2.9709078036500935,1.5219780219780217
I-95 SB PM,110N04158,940,0.9104347826086957,1.4869999999999999,23,38.78187,0.5296666666666667,0.5296666666666667,0.0,0.46618747249523257,1.9529370399759212,3.1897039018250464,1.6332855778414515
I-95 SB PM,110N04158,945,0.9152173913043479,1.564,23,38.78187,0.5296666666666667,0.5296666666666667,0.0,0.46618747249523257,1.9631960215612771,3.3548735053492758,1.7088836104513063
I-95 SB PM,110N04158,950,0.9269565217391305,1.6219999999999999,23,38.78187,0.5296666666666667,0.5296666666666667,0.0,0.46618747249523257,1.9883771581798777,3.4792869729389544,1.7498123827392118
I-95 SB PM,110N04158,955,0.9256521739130434,1.6369999999999998,23,38.78187,0.5296666666666667,0.5296666666666667,0.0,0.46618747249523257,1.985579254111144,3.511462869729389,1.7684828558008454
I-95 SB PM,110N04158,960,0.8604347826086957,1.448,23,38.78187,0.5296666666666667,0.5296666666666667,0.0,0.46618747249523257,1.8456840506744738,3.1060465701699176,1.6828701364325416
I-95 SB PM,110N04158,965,0.8382608695652174,1.6199999999999997,23,38.78187,0.5296666666666667,0.5296666666666667,0.0,0.46618747249523257,1.7981196815060057,3.4749968533668962,1.9325726141078834
I-95 SB PM,110N04158,970,0.8230434782608695,1.7369999999999997,23,38.78187,0.5296666666666667,0.5296666666666667,0.0,0.46618747249523257,1.7654774673707825,3.725968848332283,2.1104595879556256
I-95 SB PM,110N04158,975,0.8839130434782608,1.6029999999999998,23,38.78187,0.5296666666666667,0.5296666666666667,0.0,0.46618747249523257,1.896046323911675,3.438530837004404,1.8135268076733888
I-95 SB PM,110N04158,980,0.9439130434782609,1.8399999999999999,23,38.78187,0.5296666666666667,0.5296666666666667,0.0,0.46618747249523257,2.024749911073412,3.9469100062932654,1.9493321050207275
I-95 SB PM,110N04158,985,0.9869565217391304,2.005,23,38.78187,0.5296666666666667,0.5296666666666667,0.0,0.46618747249523257,2.1170807453416147,4.300844870988042,2.031497797356828
I-95 SB PM,110N04158,990,1.0069565217391305,1.9479999999999997,23,38.78187,0.5296666666666667,0.5296666666666667,0.0,0.46618747249523257,2.1599819410621937,4.178576463184392,1.93454231433506
I-95 SB PM,110N04158,995,1.1230434782608696,2.3029999999999995,23,38.78187,0.5296666666666667,0.5296666666666667,0.0,0.46618747249523257,2.408995403179467,4.940072687224668,2.050677506775067
I-95 SB PM,110N04158,1000,1.1252173913043477,2.157,23,38.78187,0.5296666666666667,0.5296666666666667,0.0,0.46618747249523257,2.413658576627356,4.626893958464443,1.9169629057187019
I-95 SB PM,110N04158,1005,1.0556521739130436,1.98,23,38.78187,0.5296666666666667,0.5296666666666667,0.0,0.46618747249523257,2.2644370262949076,4.247218376337319,1.875617792421746
I-95 SB PM,110N04158,1010,1.056521739130435,2.058,23,38.78187,0.5296666666666667,0.5296666666666667,0.0,0.46618747249523257,2.2663022956740635,4.414533039647576,1.9479012345679008
I-95 SB PM,110N04158,1015,1.0208695652173914,2.0529999999999995,23,38.78187,0.5296666666666667,0.5296666666666667,0.0,0.46618747249523257,2.1898262511286832,4.403807740717431,2.0110306643952294
I-95 SB PM,110N04158,1020,1.046521739130435,2.178,23,38.78187,0.5296666666666667,0.5296666666666667,0.0,0.46618747249523257,2.244851697813774,4.67194021397105,2.0811798919817197
I-95 SB PM,110N04158,1025,1.057826086956522,2.267,23,38.78187,0.5296666666666667,0.5296666666666667,0.0,0.46618747249523257,2.269100199742797,4.8628505349276265,2.1430743937525683
I-95 SB PM,110N04158,1030,1.0256521739130435,2.288,23,38.78187,0.5296666666666667,0.5296666666666667,0.0,0.46618747249523257,2.200085232714039,4.9078967904342345,2.230775752437473
I-95 SB PM,110N04158,1035,1.113913043478261,2.246,23,38.78187,0.5296666666666667,0.5296666666666667,0.0,0.46618747249523257,2.3894100746983336,4.8178042794210185,2.0163153786104604
I-95 SB PM,110N04158,1040,1.08,1.9989999999999999,23,38.78187,0.5296666666666667,0.5296666666666667,0.0,0.46618747249523257,2.3166645689112646,4.287974512271869,1.8509259259259256
I-95 SB PM,110N04158,1045,1.184782608695652,2.4739999999999998,23,38.78187,0.5296666666666667,0.5296666666666667,0.0,0.46618747249523257,2.5414295290995152,5.3068779106356185,2.0881467889908256
I-95 SB PM,110N04158,1050,1.137391304347826,2.2350000000000003,23,38.78187,0.5296666666666667,0.5296666666666667,0.0,0.46618747249523257,2.4397723479355347,4.794208621774701,1.9650229357798168
I-95 SB PM,110N04158,1055,1.06,2.129,23,38.78187,0.5296666666666667,0.5296666666666667,0.0,0.46618747249523257,2.2737633731906857,4.566832284455632,2.008490566037736
I-95 SB PM,110N04158,1060,0.99,1.9859999999999998,23,38.78187,0.5296666666666667,0.5296666666666667,0.0,0.46618747249523257,2.1236091881686594,4.2600887350534915,2.006060606060606
I-95 SB PM,110N04158,1065,0.9808695652173914,2.046,23,38.78187,0.5296666666666667,0.5296666666666667,0.0,0.46618747249523257,2.104023859687526,4.388792322215228,2.0859042553191482
I-95 SB PM,110N04158,1070,0.9413043478260869,2.121,23,38.78187,0.5296666666666667,0.5296666666666667,0.0,0.46618747249523257,2.019154102935945,4.5496718061674,2.253256351039261
I-95 SB PM,110N04158,1075,0.84,1.974,23,38.78187,0.5296666666666667,0.5296666666666667,0.0,0.46618747249523257,1.801850220264317,4.234348017621144,2.35
I-95 SB PM,110N04158,1080,0.7721739130434784,1.779,23,38.78187,0.5296666666666667,0.5296666666666667,0.0,0.46618747249523257,1.6563592086901797,3.8160613593454995,2.303885135135135
I-95 SB PM,110N04158,1085,0.7347826086956522,1.9689999999999992,23,38.78187,0.5296666666666667,0.5296666666666667,0.0,0.46618747249523257,1.5761526253864884,4.223622718690998,2.6797041420118335
I-95 SB PM,110N04158,1090,0.7134782608695652,1.7759999999999996,23,38.78187,0.5296666666666667,0.5296666666666667,0.0,0.46618747249523257,1.530453525597176,3.8096261799874123,2.4892138939670927
I-95 SB PM,110N04158,1095,0.7360869565217392,1.7109999999999996,23,38.78187,0.5296666666666667,0.5296666666666667,0.0,0.46618747249523257,1.578950529455222,3.6701972938955305,2.324453632604843
I-95 SB PM,110N04158,1100,0.7321739130434782,1.686,23,38.78187,0.5296666666666667,0.5296666666666667,0.0,0.46618747249523257,1.5705568172490216,3.6165707992448075,2.3027315914489312
I-95 SB PM,110N04158,1105,0.706086956521739,1.7269999999999994,23,38.78187,0.5296666666666667,0.5296666666666667,0.0,0.46618747249523257,1.5145987358743531,3.704518250471993,2.4458743842364528
I-95 SB PM,110N04158,1110,0.6469565217391304,1.4669999999999992,23,38.78187,0.5296666666666667,0.5296666666666667,0.0,0.46618747249523257,1.387760418091772,3.146802706104466,2.267540322580644
I-95 SB PM,110N04158,1115,0.5752173913043478,0.8499999999999995,23,38.78187,0.5296666666666667,0.5296666666666667,0.0,0.46618747249523257,1.2338756943114344,1.8233008181246055,1.4777021919879056
I-95 SB PM,110N04158,1120,0.5408695652173914,0.6149999999999999,23,38.78187,0.5296666666666667,0.5296666666666667,0.0,0.46618747249523257,1.1601975538347882,1.3192117684078033,1.1370578778135045
I-95 SB PM,110N04158,1125,0.5382608695652175,0.56,23,38.78187,0.5296666666666667,0.5296666666666667,0.0,0.46618747249523257,1.1546017456973212,1.2012334801762115,1.0403877221324718
I-95 SB PM,110N04158,1130,0.5282608695652175,0.57,23,38.78187,0.5296666666666667,0.5296666666666667,0.0,0.46618747249523257,1.1331511478370317,1.2226840780365007,1.0790123456790122
I-95 SB PM,110N04158,1135,0.5313043478260869,0.559,23,38.78187,0.5296666666666667,0.5296666666666667,0.0,0.46618747249523257,1.1396795906640762,1.1990884203901824,1.0521276595744682
I-95 SB PM,110N04158,1140,0.5717391304347826,0.6239999999999999,23,38.78187,0.5296666666666667,0.5296666666666667,0.0,0.46618747249523257,1.226414616794812,1.3385173064820637,1.0914068441064637
I-95 SB PM,110N04158,1145,0.6069565217391305,0.598,23,38.78187,0.5296666666666667,0.5296666666666667,0.0,0.46618747249523257,1.3019580266506143,1.2827457520453114,0.9852435530085958
I-95 SB PM,110N04158,1150,0.6413043478260869,0.6059999999999999,23,38.78187,0.5296666666666667,0.5296666666666667,0.0,0.46618747249523257,1.3756361671272606,1.2999062303335427,0.9449491525423728
I-95 SB PM,110N04158,1155,0.6143478260869566,0.596,23,38.78187,0.5296666666666667,0.5296666666666667,0.0,0.46618747249523257,1.3178128163734368,1.2784556324732534,0.9701344656758668
I-95 SB PM,110N04158,1160,0.62,0.7139999999999997,23,38.78187,0.5296666666666667,0.5296666666666667,0.0,0.46618747249523257,1.3299370673379483,1.5315726872246689,1.151612903225806
I-95 SB PM,110N04158,1165,0.6491304347826087,0.7489999999999997,23,38.78187,0.5296666666666667,0.5296666666666667,0.0,0.46618747249523257,1.392423591539661,1.6066497797356818,1.15385130609511
I-95 SB PM,110N04158,1170,0.6465217391304349,0.7829999999999997,23,38.78187,0.5296666666666667,0.5296666666666667,0.0,0.46618747249523257,1.3868277834021945,1.6795818124606663,1.2110961667787485
I-95 SB PM,110N04158,1175,0.6491304347826087,0.7839999999999997,23,38.78187,0.5296666666666667,0.5296666666666667,0.0,0.46618747249523257,1.392423591539661,1.6817268722466951,1.2077695914266573
I-95 SB PM,110N04158,1180,0.6295652173913043,0.7109999999999999,23,38.78187,0.5296666666666667,0.5296666666666667,0.0,0.46618747249523257,1.3504550305086598,1.5251375078665823,1.1293508287292815
I-95 SB PM,110N04158,1185,0.6513043478260869,1.1729999999999994,23,38.78187,0.5296666666666667,0.5296666666666667,0.0,0.46618747249523257,1.39708676498755,2.5161551290119557,1.8010013351134837
I-95 SB PM,110N04158,1190,0.6278260869565218,1.5019999999999987,23,38.78187,0.5296666666666667,0.5296666666666667,0.0,0.46618747249523257,1.3467244917503487,3.221879798615478,2.3923822714681418
I-95 SB PM,110N04158,1195,0.6047826086956521,0.9899999999999993,23,38.78187,0.5296666666666667,0.5296666666666667,0.0,0.46618747249523257,1.297294853202725,2.1236091881686576,1.6369518332135145
I-95 SB PM,110N04158,1200,0.5860869565217391,0.53,23,38.78187,0.5296666666666667,0.5296666666666667,0.0,0.46618747249523257,1.2571915615508795,1.1368816865953428,0.9043026706231454
I-95 SB PM,110N04158,1205,0.6026086956521739,0.547,23,38.78187,0.5296666666666667,0.5296666666666667,0.0,0.46618747249523257,1.292631679754836,1.173347702957835,0.9077200577200578
I-95 SB PM,110N04158,1210,0.5421739130434783,0.567,23,38.78187,0.5296666666666667,0.5296666666666667,0.0,0.46618747249523257,1.1629954579035213,1.216248898678414,1.0457898957497993
I-95 SB PM,110N04158,1215,0.5078260869565218,0.539,23,38.78187,0.5296666666666667,0.5296666666666667,0.0,0.46618747249523257,1.0893173174268749,1.1561872246696034,1.0613869863013699
I-95 SB PM,110N04158,1220,0.5082608695652173,0.53,23,38.78187,0.5296666666666667,0.5296666666666667,0.0,0.46618747249523257,1.0902499521164526,1.1368816865953428,1.0427715996578275
I-95 SB PM,110N04158,1225,0.51,0.538,23,38.78187,0.5296666666666667,0.5296666666666667,0.0,0.46618747249523257,1.093980490874764,1.1540421648835746,1.0549019607843138
I-95 SB PM,110N04158,1230,0.4986956521739131,0.52,23,38.78187,0.5296666666666667,0.5296666666666667,0.0,0.46618747249523257,1.069731988945741,1.1154310887350534,1.042720139494333
I-95 SB PM,110N04158,1235,0.5013043478260869,0.53,23,38.78187,0.5296666666666667,0.5296666666666667,0.0,0.46618747249523257,1.0753277970832076,1.1368816865953428,1.0572419774501303
I-95 SB PM,110N04158,1240,0.5052173913043478,0.52,23,38.78187,0.5296666666666667,0.5296666666666667,0.0,0.46618747249523257,1.0837215092894081,1.1154310887350534,1.0292598967297764
I-95 SB PM,110N04158,1245,0.4991304347826087,0.52,23,38.78187,0.5296666666666667,0.5296666666666667,0.0,0.46618747249523257,1.0706646236353188,1.1154310887350534,1.0418118466898956
I-95 SB PM,110N04158,1250,0.4982608695652174,0.52,23,38.78187,0.5296666666666667,0.5296666666666667,0.0,0.46618747249523257,1.0687993542561631,1.1154310887350534,1.043630017452007
I-95 SB PM,110N04158,1255,0.49391304347826087,0.519,23,38.78187,0.5296666666666667,0.5296666666666667,0.0,0.46618747249523257,1.059473007360385,1.1132860289490245,1.0507922535211267
