corridor,road_order,link_id,timestamp_local,date_local,time_local,minute_of_day,is_am_analysis_bin,direction,milepost,station_count,speed_mph,flow_vph,occupancy_fraction,density_veh_per_mi
I405_S,1,L405S-132,2025-09-05T05:30:00-07:00,2025-09-05,05:30,330,False,S,15.715000,3,68.400000,4000.000000,0.065833,58.393352
I405_S,2,L405S-115,2025-09-05T05:30:00-07:00,2025-09-05,05:30,330,False,S,16.290000,1,71.300000,3948.000000,0.055400,55.371669
I405_S,3,L405S-114,2025-09-05T05:30:00-07:00,2025-09-05,05:30,330,False,S,16.450000,2,68.850000,3264.000000,0.060050,47.403602
I405_S,1,L405S-132,2025-09-05T05:35:00-07:00,2025-09-05,05:35,335,False,S,15.715000,3,67.733333,4488.000000,0.075533,66.111492
I405_S,2,L405S-115,2025-09-05T05:35:00-07:00,2025-09-05,05:35,335,False,S,16.290000,1,69.900000,4596.000000,0.068100,65.751073
I405_S,3,L405S-114,2025-09-05T05:35:00-07:00,2025-09-05,05:35,335,False,S,16.450000,2,67.400000,3930.000000,0.075550,58.307679
I405_S,1,L405S-132,2025-09-05T05:40:00-07:00,2025-09-05,05:40,340,False,S,15.715000,3,68.700000,5420.000000,0.080533,78.812989
I405_S,2,L405S-115,2025-09-05T05:40:00-07:00,2025-09-05,05:40,340,False,S,16.290000,1,71.300000,5220.000000,0.069200,73.211781
I405_S,3,L405S-114,2025-09-05T05:40:00-07:00,2025-09-05,05:40,340,False,S,16.450000,2,70.550000,4374.000000,0.072050,61.981789
I405_S,1,L405S-132,2025-09-05T05:45:00-07:00,2025-09-05,05:45,345,False,S,15.715000,3,69.100000,5080.000000,0.078367,73.326996
I405_S,2,L405S-115,2025-09-05T05:45:00-07:00,2025-09-05,05:45,345,False,S,16.290000,1,71.000000,5004.000000,0.070700,70.478873
I405_S,3,L405S-114,2025-09-05T05:45:00-07:00,2025-09-05,05:45,345,False,S,16.450000,2,69.200000,4314.000000,0.076950,62.325089
I405_S,1,L405S-132,2025-09-05T05:50:00-07:00,2025-09-05,05:50,350,False,S,15.715000,3,68.133333,5804.000000,0.090367,84.973521
I405_S,2,L405S-115,2025-09-05T05:50:00-07:00,2025-09-05,05:50,350,False,S,16.290000,1,71.700000,5472.000000,0.073800,76.317992
I405_S,3,L405S-114,2025-09-05T05:50:00-07:00,2025-09-05,05:50,350,False,S,16.450000,2,70.900000,4692.000000,0.078200,66.150291
I405_S,1,L405S-132,2025-09-05T05:55:00-07:00,2025-09-05,05:55,355,False,S,15.715000,3,68.766667,4984.000000,0.077267,72.377726
I405_S,2,L405S-115,2025-09-05T05:55:00-07:00,2025-09-05,05:55,355,False,S,16.290000,1,71.500000,4884.000000,0.067000,68.307692
I405_S,3,L405S-114,2025-09-05T05:55:00-07:00,2025-09-05,05:55,355,False,S,16.450000,2,70.800000,4152.000000,0.072400,58.623700
I405_S,1,L405S-132,2025-09-05T06:00:00-07:00,2025-09-05,06:00,360,True,S,15.715000,3,67.133333,5216.000000,0.082967,77.609992
I405_S,2,L405S-115,2025-09-05T06:00:00-07:00,2025-09-05,06:00,360,True,S,16.290000,1,68.500000,5268.000000,0.076000,76.905109
I405_S,3,L405S-114,2025-09-05T06:00:00-07:00,2025-09-05,06:00,360,True,S,16.450000,2,67.100000,4326.000000,0.079050,64.472520
I405_S,1,L405S-132,2025-09-05T06:05:00-07:00,2025-09-05,06:05,365,True,S,15.715000,3,66.800000,4772.000000,0.075067,71.308503
I405_S,2,L405S-115,2025-09-05T06:05:00-07:00,2025-09-05,06:05,365,True,S,16.290000,1,67.700000,4560.000000,0.064300,67.355982
I405_S,3,L405S-114,2025-09-05T06:05:00-07:00,2025-09-05,06:05,365,True,S,16.450000,2,66.050000,3888.000000,0.070950,58.841139
I405_S,1,L405S-132,2025-09-05T06:10:00-07:00,2025-09-05,06:10,370,True,S,15.715000,3,65.900000,5840.000000,0.090700,88.512727
I405_S,2,L405S-115,2025-09-05T06:10:00-07:00,2025-09-05,06:10,370,True,S,16.290000,1,66.500000,5820.000000,0.083900,87.518797
I405_S,3,L405S-114,2025-09-05T06:10:00-07:00,2025-09-05,06:10,370,True,S,16.450000,2,65.100000,4926.000000,0.089250,75.651435
I405_S,1,L405S-132,2025-09-05T06:15:00-07:00,2025-09-05,06:15,375,True,S,15.715000,3,64.800000,5980.000000,0.097933,92.156145
I405_S,2,L405S-115,2025-09-05T06:15:00-07:00,2025-09-05,06:15,375,True,S,16.290000,1,65.400000,6072.000000,0.088300,92.844037
I405_S,3,L405S-114,2025-09-05T06:15:00-07:00,2025-09-05,06:15,375,True,S,16.450000,2,64.400000,5358.000000,0.095450,83.183242
I405_S,1,L405S-132,2025-09-05T06:20:00-07:00,2025-09-05,06:20,380,True,S,15.715000,3,64.200000,6548.000000,0.106100,101.718152
I405_S,2,L405S-115,2025-09-05T06:20:00-07:00,2025-09-05,06:20,380,True,S,16.290000,1,64.500000,6756.000000,0.099700,104.744186
I405_S,3,L405S-114,2025-09-05T06:20:00-07:00,2025-09-05,06:20,380,True,S,16.450000,2,64.200000,5640.000000,0.102550,87.831094
I405_S,1,L405S-132,2025-09-05T06:25:00-07:00,2025-09-05,06:25,385,True,S,15.715000,3,63.033333,6976.000000,0.114633,110.509405
I405_S,2,L405S-115,2025-09-05T06:25:00-07:00,2025-09-05,06:25,385,True,S,16.290000,1,63.800000,7080.000000,0.105000,110.971787
I405_S,3,L405S-114,2025-09-05T06:25:00-07:00,2025-09-05,06:25,385,True,S,16.450000,2,63.400000,6108.000000,0.111650,96.289339
I405_S,1,L405S-132,2025-09-05T06:30:00-07:00,2025-09-05,06:30,390,True,S,15.715000,3,60.200000,7644.000000,0.136167,126.907520
I405_S,2,L405S-115,2025-09-05T06:30:00-07:00,2025-09-05,06:30,390,True,S,16.290000,1,61.800000,7968.000000,0.124100,128.932039
I405_S,3,L405S-114,2025-09-05T06:30:00-07:00,2025-09-05,06:30,390,True,S,16.450000,2,61.650000,7098.000000,0.133400,115.063637
I405_S,1,L405S-132,2025-09-05T06:35:00-07:00,2025-09-05,06:35,395,True,S,15.715000,3,58.366667,8168.000000,0.150933,140.164501
I405_S,2,L405S-115,2025-09-05T06:35:00-07:00,2025-09-05,06:35,395,True,S,16.290000,1,60.400000,8160.000000,0.128000,135.099338
I405_S,3,L405S-114,2025-09-05T06:35:00-07:00,2025-09-05,06:35,395,True,S,16.450000,2,60.200000,6882.000000,0.131900,114.296085
I405_S,1,L405S-132,2025-09-05T06:40:00-07:00,2025-09-05,06:40,400,True,S,15.715000,3,55.266667,8072.000000,0.159467,146.477135
I405_S,2,L405S-115,2025-09-05T06:40:00-07:00,2025-09-05,06:40,400,True,S,16.290000,1,54.500000,8124.000000,0.153600,149.064220
I405_S,3,L405S-114,2025-09-05T06:40:00-07:00,2025-09-05,06:40,400,True,S,16.450000,2,56.250000,7002.000000,0.153700,124.419456
I405_S,1,L405S-132,2025-09-05T06:45:00-07:00,2025-09-05,06:45,405,True,S,15.715000,3,50.300000,7304.000000,0.172267,145.864273
I405_S,2,L405S-115,2025-09-05T06:45:00-07:00,2025-09-05,06:45,405,True,S,16.290000,1,45.700000,7092.000000,0.180200,155.185996
I405_S,3,L405S-114,2025-09-05T06:45:00-07:00,2025-09-05,06:45,405,True,S,16.450000,2,49.500000,6252.000000,0.172150,126.153415
I405_S,1,L405S-132,2025-09-05T06:50:00-07:00,2025-09-05,06:50,410,True,S,15.715000,3,45.533333,7384.000000,0.204167,163.525184
I405_S,2,L405S-115,2025-09-05T06:50:00-07:00,2025-09-05,06:50,410,True,S,16.290000,1,39.100000,7212.000000,0.214900,184.450128
I405_S,3,L405S-114,2025-09-05T06:50:00-07:00,2025-09-05,06:50,410,True,S,16.450000,2,44.850000,6480.000000,0.193050,145.207323
I405_S,1,L405S-132,2025-09-05T06:55:00-07:00,2025-09-05,06:55,415,True,S,15.715000,3,42.000000,6696.000000,0.212400,160.654144
I405_S,2,L405S-115,2025-09-05T06:55:00-07:00,2025-09-05,06:55,415,True,S,16.290000,1,29.900000,5880.000000,0.286400,196.655518
I405_S,3,L405S-114,2025-09-05T06:55:00-07:00,2025-09-05,06:55,415,True,S,16.450000,2,38.500000,5652.000000,0.215050,146.297020
I405_S,1,L405S-132,2025-09-05T07:00:00-07:00,2025-09-05,07:00,420,True,S,15.715000,3,41.600000,6972.000000,0.197000,169.388949
I405_S,2,L405S-115,2025-09-05T07:00:00-07:00,2025-09-05,07:00,420,True,S,16.290000,1,28.200000,6372.000000,0.238400,225.957447
I405_S,3,L405S-114,2025-09-05T07:00:00-07:00,2025-09-05,07:00,420,True,S,16.450000,2,36.800000,5940.000000,0.201750,160.879052
I405_S,1,L405S-132,2025-09-05T07:05:00-07:00,2025-09-05,07:05,425,True,S,15.715000,3,43.100000,7468.000000,0.190567,174.643031
I405_S,2,L405S-115,2025-09-05T07:05:00-07:00,2025-09-05,07:05,425,True,S,16.290000,1,28.000000,6720.000000,0.232200,240.000000
I405_S,3,L405S-114,2025-09-05T07:05:00-07:00,2025-09-05,07:05,425,True,S,16.450000,2,35.700000,6288.000000,0.212400,175.902629
I405_S,1,L405S-132,2025-09-05T07:10:00-07:00,2025-09-05,07:10,430,True,S,15.715000,3,41.400000,7400.000000,0.209133,180.718385
I405_S,2,L405S-115,2025-09-05T07:10:00-07:00,2025-09-05,07:10,430,True,S,16.290000,1,28.700000,7092.000000,0.231300,247.108014
I405_S,3,L405S-114,2025-09-05T07:10:00-07:00,2025-09-05,07:10,430,True,S,16.450000,2,38.150000,6060.000000,0.182450,158.681840
I405_S,1,L405S-132,2025-09-05T07:15:00-07:00,2025-09-05,07:15,435,True,S,15.715000,3,41.033333,7072.000000,0.206300,173.868927
I405_S,2,L405S-115,2025-09-05T07:15:00-07:00,2025-09-05,07:15,435,True,S,16.290000,1,27.000000,6492.000000,0.254400,240.444444
I405_S,3,L405S-114,2025-09-05T07:15:00-07:00,2025-09-05,07:15,435,True,S,16.450000,2,35.700000,5964.000000,0.211550,166.672227
I405_S,1,L405S-132,2025-09-05T07:20:00-07:00,2025-09-05,07:20,440,True,S,15.715000,3,40.066667,7172.000000,0.219267,180.551232
I405_S,2,L405S-115,2025-09-05T07:20:00-07:00,2025-09-05,07:20,440,True,S,16.290000,1,24.200000,6132.000000,0.292600,253.388430
I405_S,3,L405S-114,2025-09-05T07:20:00-07:00,2025-09-05,07:20,440,True,S,16.450000,2,34.650000,5802.000000,0.208300,167.198971
I405_S,1,L405S-132,2025-09-05T07:25:00-07:00,2025-09-05,07:25,445,True,S,15.715000,3,40.233333,7092.000000,0.199100,178.121798
I405_S,2,L405S-115,2025-09-05T07:25:00-07:00,2025-09-05,07:25,445,True,S,16.290000,1,28.300000,6540.000000,0.194900,231.095406
I405_S,3,L405S-114,2025-09-05T07:25:00-07:00,2025-09-05,07:25,445,True,S,16.450000,2,36.450000,5808.000000,0.182200,158.933480
I405_S,1,L405S-132,2025-09-05T07:30:00-07:00,2025-09-05,07:30,450,True,S,15.715000,3,39.166667,6840.000000,0.211900,176.804604
I405_S,2,L405S-115,2025-09-05T07:30:00-07:00,2025-09-05,07:30,450,True,S,16.290000,1,26.600000,6156.000000,0.244800,231.428571
I405_S,3,L405S-114,2025-09-05T07:30:00-07:00,2025-09-05,07:30,450,True,S,16.450000,2,36.100000,5874.000000,0.202000,164.133396
I405_S,1,L405S-132,2025-09-05T07:35:00-07:00,2025-09-05,07:35,455,True,S,15.715000,3,37.200000,6572.000000,0.226233,178.756132
I405_S,2,L405S-115,2025-09-05T07:35:00-07:00,2025-09-05,07:35,455,True,S,16.290000,1,24.300000,5700.000000,0.265300,234.567901
I405_S,3,L405S-114,2025-09-05T07:35:00-07:00,2025-09-05,07:35,455,True,S,16.450000,2,36.650000,5238.000000,0.178650,142.749989
I405_S,1,L405S-132,2025-09-05T07:40:00-07:00,2025-09-05,07:40,460,True,S,15.715000,3,37.533333,6844.000000,0.215367,185.998493
I405_S,2,L405S-115,2025-09-05T07:40:00-07:00,2025-09-05,07:40,460,True,S,16.290000,1,25.400000,6756.000000,0.249400,265.984252
I405_S,3,L405S-114,2025-09-05T07:40:00-07:00,2025-09-05,07:40,460,True,S,16.450000,2,36.750000,5820.000000,0.186100,158.740328
I405_S,1,L405S-132,2025-09-05T07:45:00-07:00,2025-09-05,07:45,465,True,S,15.715000,3,37.333333,6684.000000,0.217833,182.260133
I405_S,2,L405S-115,2025-09-05T07:45:00-07:00,2025-09-05,07:45,465,True,S,16.290000,1,24.300000,6228.000000,0.258600,256.296296
I405_S,3,L405S-114,2025-09-05T07:45:00-07:00,2025-09-05,07:45,465,True,S,16.450000,2,35.500000,5724.000000,0.201150,161.909868
I405_S,1,L405S-132,2025-09-05T07:50:00-07:00,2025-09-05,07:50,470,True,S,15.715000,3,40.833333,7032.000000,0.172967,173.667231
I405_S,2,L405S-115,2025-09-05T07:50:00-07:00,2025-09-05,07:50,470,True,S,16.290000,1,28.100000,6036.000000,0.195900,214.804270
I405_S,3,L405S-114,2025-09-05T07:50:00-07:00,2025-09-05,07:50,470,True,S,16.450000,2,40.250000,5250.000000,0.147400,132.712090
I405_S,1,L405S-132,2025-09-05T07:55:00-07:00,2025-09-05,07:55,475,True,S,15.715000,3,45.966667,6908.000000,0.149500,153.571644
I405_S,2,L405S-115,2025-09-05T07:55:00-07:00,2025-09-05,07:55,475,True,S,16.290000,1,45.400000,6108.000000,0.090100,134.537445
I405_S,3,L405S-114,2025-09-05T07:55:00-07:00,2025-09-05,07:55,475,True,S,16.450000,2,51.000000,5226.000000,0.098050,103.176181
I405_S,1,L405S-132,2025-09-05T08:00:00-07:00,2025-09-05,08:00,480,True,S,15.715000,3,47.000000,6268.000000,0.155867,139.369224
I405_S,2,L405S-115,2025-09-05T08:00:00-07:00,2025-09-05,08:00,480,True,S,16.290000,1,55.200000,5952.000000,0.086100,107.826087
I405_S,3,L405S-114,2025-09-05T08:00:00-07:00,2025-09-05,08:00,480,True,S,16.450000,2,57.550000,5232.000000,0.094800,91.115401
I405_S,1,L405S-132,2025-09-05T08:05:00-07:00,2025-09-05,08:05,485,True,S,15.715000,3,51.733333,7064.000000,0.131867,139.422010
I405_S,2,L405S-115,2025-09-05T08:05:00-07:00,2025-09-05,08:05,485,True,S,16.290000,1,59.200000,6972.000000,0.104600,117.770270
I405_S,3,L405S-114,2025-09-05T08:05:00-07:00,2025-09-05,08:05,485,True,S,16.450000,2,60.050000,5688.000000,0.106700,94.851806
I405_S,1,L405S-132,2025-09-05T08:10:00-07:00,2025-09-05,08:10,490,True,S,15.715000,3,53.466667,6680.000000,0.129367,127.345899
I405_S,2,L405S-115,2025-09-05T08:10:00-07:00,2025-09-05,08:10,490,True,S,16.290000,1,61.700000,6528.000000,0.094600,105.802269
I405_S,3,L405S-114,2025-09-05T08:10:00-07:00,2025-09-05,08:10,490,True,S,16.450000,2,62.300000,5856.000000,0.102650,93.981311
I405_S,1,L405S-132,2025-09-05T08:15:00-07:00,2025-09-05,08:15,495,True,S,15.715000,3,57.166667,7068.000000,0.119667,124.409227
I405_S,2,L405S-115,2025-09-05T08:15:00-07:00,2025-09-05,08:15,495,True,S,16.290000,1,62.600000,6996.000000,0.102000,111.757188
I405_S,3,L405S-114,2025-09-05T08:15:00-07:00,2025-09-05,08:15,495,True,S,16.450000,2,62.800000,5922.000000,0.106050,94.244326
I405_S,1,L405S-132,2025-09-05T08:20:00-07:00,2025-09-05,08:20,500,True,S,15.715000,3,59.866667,6856.000000,0.113433,114.788725
I405_S,2,L405S-115,2025-09-05T08:20:00-07:00,2025-09-05,08:20,500,True,S,16.290000,1,63.000000,6636.000000,0.097100,105.333333
I405_S,3,L405S-114,2025-09-05T08:20:00-07:00,2025-09-05,08:20,500,True,S,16.450000,2,63.450000,5940.000000,0.103550,93.506581
I405_S,1,L405S-132,2025-09-05T08:25:00-07:00,2025-09-05,08:25,505,True,S,15.715000,3,61.300000,6860.000000,0.108333,111.909301
I405_S,2,L405S-115,2025-09-05T08:25:00-07:00,2025-09-05,08:25,505,True,S,16.290000,1,63.600000,6864.000000,0.099500,107.924528
I405_S,3,L405S-114,2025-09-05T08:25:00-07:00,2025-09-05,08:25,505,True,S,16.450000,2,63.850000,5550.000000,0.101200,86.960955
I405_S,1,L405S-132,2025-09-05T08:30:00-07:00,2025-09-05,08:30,510,True,S,15.715000,3,61.166667,7380.000000,0.125567,120.667748
I405_S,2,L405S-115,2025-09-05T08:30:00-07:00,2025-09-05,08:30,510,True,S,16.290000,1,63.700000,6696.000000,0.098800,105.117739
I405_S,3,L405S-114,2025-09-05T08:30:00-07:00,2025-09-05,08:30,510,True,S,16.450000,2,64.000000,6012.000000,0.106750,93.856568
I405_S,1,L405S-132,2025-09-05T08:35:00-07:00,2025-09-05,08:35,515,True,S,15.715000,3,60.366667,7236.000000,0.123100,119.860132
I405_S,2,L405S-115,2025-09-05T08:35:00-07:00,2025-09-05,08:35,515,True,S,16.290000,1,63.400000,7320.000000,0.107800,115.457413
I405_S,3,L405S-114,2025-09-05T08:35:00-07:00,2025-09-05,08:35,515,True,S,16.450000,2,63.200000,6306.000000,0.116300,99.785898
I405_S,1,L405S-132,2025-09-05T08:40:00-07:00,2025-09-05,08:40,520,True,S,15.715000,3,52.733333,7068.000000,0.186867,136.457013
I405_S,2,L405S-115,2025-09-05T08:40:00-07:00,2025-09-05,08:40,520,True,S,16.290000,1,62.100000,7104.000000,0.111500,114.396135
I405_S,3,L405S-114,2025-09-05T08:40:00-07:00,2025-09-05,08:40,520,True,S,16.450000,2,60.900000,5964.000000,0.121750,97.877577
I405_S,1,L405S-132,2025-09-05T08:45:00-07:00,2025-09-05,08:45,525,True,S,15.715000,3,50.300000,6876.000000,0.161167,141.895398
I405_S,2,L405S-115,2025-09-05T08:45:00-07:00,2025-09-05,08:45,525,True,S,16.290000,1,60.500000,6432.000000,0.102800,106.314050
I405_S,3,L405S-114,2025-09-05T08:45:00-07:00,2025-09-05,08:45,525,True,S,16.450000,2,60.450000,5544.000000,0.111550,91.968036
I405_S,1,L405S-132,2025-09-05T08:50:00-07:00,2025-09-05,08:50,530,True,S,15.715000,3,49.200000,6856.000000,0.167433,146.999253
I405_S,2,L405S-115,2025-09-05T08:50:00-07:00,2025-09-05,08:50,530,True,S,16.290000,1,61.500000,6180.000000,0.094800,100.487805
I405_S,3,L405S-114,2025-09-05T08:50:00-07:00,2025-09-05,08:50,530,True,S,16.450000,2,61.350000,5088.000000,0.098350,83.133114
I405_S,1,L405S-132,2025-09-05T08:55:00-07:00,2025-09-05,08:55,535,True,S,15.715000,3,54.200000,6264.000000,0.109433,117.786121
I405_S,2,L405S-115,2025-09-05T08:55:00-07:00,2025-09-05,08:55,535,True,S,16.290000,1,62.600000,6144.000000,0.090800,98.146965
I405_S,3,L405S-114,2025-09-05T08:55:00-07:00,2025-09-05,08:55,535,True,S,16.450000,2,62.450000,5274.000000,0.095750,84.431488
I405_S,1,L405S-132,2025-09-05T09:00:00-07:00,2025-09-05,09:00,540,True,S,15.715000,3,58.566667,5816.000000,0.096400,99.751608
I405_S,2,L405S-115,2025-09-05T09:00:00-07:00,2025-09-05,09:00,540,True,S,16.290000,1,64.100000,5772.000000,0.081500,90.046802
I405_S,3,L405S-114,2025-09-05T09:00:00-07:00,2025-09-05,09:00,540,True,S,16.450000,2,64.000000,5022.000000,0.087250,78.452962
I405_S,1,L405S-132,2025-09-05T09:05:00-07:00,2025-09-05,09:05,545,True,S,15.715000,3,61.033333,6068.000000,0.099167,99.577093
I405_S,2,L405S-115,2025-09-05T09:05:00-07:00,2025-09-05,09:05,545,True,S,16.290000,1,64.700000,5760.000000,0.083700,89.026275
I405_S,3,L405S-114,2025-09-05T09:05:00-07:00,2025-09-05,09:05,545,True,S,16.450000,2,64.300000,4962.000000,0.089000,77.123809
I405_S,1,L405S-132,2025-09-05T09:10:00-07:00,2025-09-05,09:10,550,True,S,15.715000,3,61.100000,6540.000000,0.109667,107.116726
I405_S,2,L405S-115,2025-09-05T09:10:00-07:00,2025-09-05,09:10,550,True,S,16.290000,1,64.900000,6276.000000,0.090800,96.702619
I405_S,3,L405S-114,2025-09-05T09:10:00-07:00,2025-09-05,09:10,550,True,S,16.450000,2,64.650000,5370.000000,0.094400,83.030532
I405_S,1,L405S-132,2025-09-05T09:15:00-07:00,2025-09-05,09:15,555,True,S,15.715000,3,61.900000,6264.000000,0.103500,101.179415
I405_S,2,L405S-115,2025-09-05T09:15:00-07:00,2025-09-05,09:15,555,True,S,16.290000,1,64.200000,6180.000000,0.093200,96.261682
I405_S,3,L405S-114,2025-09-05T09:15:00-07:00,2025-09-05,09:15,555,True,S,16.450000,2,64.150000,5268.000000,0.097150,82.105010
I405_S,1,L405S-132,2025-09-05T09:20:00-07:00,2025-09-05,09:20,560,True,S,15.715000,3,62.000000,6272.000000,0.105167,101.108098
I405_S,2,L405S-115,2025-09-05T09:20:00-07:00,2025-09-05,09:20,560,True,S,16.290000,1,63.900000,5820.000000,0.087400,91.079812
I405_S,3,L405S-114,2025-09-05T09:20:00-07:00,2025-09-05,09:20,560,True,S,16.450000,2,63.400000,5070.000000,0.095150,79.910669
I405_S,1,L405S-132,2025-09-05T09:25:00-07:00,2025-09-05,09:25,565,True,S,15.715000,3,60.866667,6708.000000,0.114733,110.206307
I405_S,2,L405S-115,2025-09-05T09:25:00-07:00,2025-09-05,09:25,565,True,S,16.290000,1,63.400000,6684.000000,0.097900,105.425868
I405_S,3,L405S-114,2025-09-05T09:25:00-07:00,2025-09-05,09:25,565,True,S,16.450000,2,62.950000,5814.000000,0.104750,92.317818
I405_S,1,L405S-132,2025-09-05T09:30:00-07:00,2025-09-05,09:30,570,True,S,15.715000,3,61.233333,6720.000000,0.110533,109.653534
I405_S,2,L405S-115,2025-09-05T09:30:00-07:00,2025-09-05,09:30,570,True,S,16.290000,1,62.400000,6552.000000,0.099800,105.000000
I405_S,3,L405S-114,2025-09-05T09:30:00-07:00,2025-09-05,09:30,570,True,S,16.450000,2,62.900000,5484.000000,0.101050,87.186739
I405_S,1,L405S-132,2025-09-05T09:35:00-07:00,2025-09-05,09:35,575,True,S,15.715000,3,60.866667,6344.000000,0.108300,104.161236
I405_S,2,L405S-115,2025-09-05T09:35:00-07:00,2025-09-05,09:35,575,True,S,16.290000,1,62.700000,5844.000000,0.086700,93.205742
I405_S,3,L405S-114,2025-09-05T09:35:00-07:00,2025-09-05,09:35,575,True,S,16.450000,2,62.600000,4986.000000,0.092200,79.597301
I405_S,1,L405S-132,2025-09-05T09:40:00-07:00,2025-09-05,09:40,580,True,S,15.715000,3,60.100000,6756.000000,0.117733,112.388802
I405_S,2,L405S-115,2025-09-05T09:40:00-07:00,2025-09-05,09:40,580,True,S,16.290000,1,62.900000,6840.000000,0.102600,108.744038
I405_S,3,L405S-114,2025-09-05T09:40:00-07:00,2025-09-05,09:40,580,True,S,16.450000,2,63.100000,5874.000000,0.107100,93.049509
I405_S,1,L405S-132,2025-09-05T09:45:00-07:00,2025-09-05,09:45,585,True,S,15.715000,3,60.433333,6788.000000,0.115900,112.333287
I405_S,2,L405S-115,2025-09-05T09:45:00-07:00,2025-09-05,09:45,585,True,S,16.290000,1,63.100000,6648.000000,0.098900,105.356577
I405_S,3,L405S-114,2025-09-05T09:45:00-07:00,2025-09-05,09:45,585,True,S,16.450000,2,63.100000,5532.000000,0.101100,87.656636
I405_S,1,L405S-132,2025-09-05T09:50:00-07:00,2025-09-05,09:50,590,True,S,15.715000,3,60.666667,6604.000000,0.111700,108.990725
I405_S,2,L405S-115,2025-09-05T09:50:00-07:00,2025-09-05,09:50,590,True,S,16.290000,1,63.900000,5916.000000,0.085400,92.582160
I405_S,3,L405S-114,2025-09-05T09:50:00-07:00,2025-09-05,09:50,590,True,S,16.450000,2,64.150000,5010.000000,0.088350,78.062478
I405_S,1,L405S-132,2025-09-05T09:55:00-07:00,2025-09-05,09:55,595,True,S,15.715000,3,62.500000,6304.000000,0.099133,100.803062
I405_S,2,L405S-115,2025-09-05T09:55:00-07:00,2025-09-05,09:55,595,True,S,16.290000,1,64.300000,6120.000000,0.088400,95.178849
I405_S,3,L405S-114,2025-09-05T09:55:00-07:00,2025-09-05,09:55,595,True,S,16.450000,2,63.900000,5232.000000,0.094600,81.830812
I405_S,1,L405S-132,2025-09-05T10:00:00-07:00,2025-09-05,10:00,600,False,S,15.715000,3,62.233333,5904.000000,0.101467,94.759352
I405_S,2,L405S-115,2025-09-05T10:00:00-07:00,2025-09-05,10:00,600,False,S,16.290000,1,64.000000,5604.000000,0.083100,87.562500
I405_S,3,L405S-114,2025-09-05T10:00:00-07:00,2025-09-05,10:00,600,False,S,16.450000,2,63.750000,4704.000000,0.085800,73.759437
I405_S,1,L405S-132,2025-09-05T10:05:00-07:00,2025-09-05,10:05,605,False,S,15.715000,3,62.033333,5996.000000,0.103233,96.482277
I405_S,2,L405S-115,2025-09-05T10:05:00-07:00,2025-09-05,10:05,605,False,S,16.290000,1,63.000000,6156.000000,0.093700,97.714286
I405_S,3,L405S-114,2025-09-05T10:05:00-07:00,2025-09-05,10:05,605,False,S,16.450000,2,64.000000,5232.000000,0.095200,81.728977
I405_S,1,L405S-132,2025-09-05T10:10:00-07:00,2025-09-05,10:10,610,False,S,15.715000,3,62.833333,6160.000000,0.099367,97.894753
I405_S,2,L405S-115,2025-09-05T10:10:00-07:00,2025-09-05,10:10,610,False,S,16.290000,1,64.100000,5592.000000,0.080300,87.238690
I405_S,3,L405S-114,2025-09-05T10:10:00-07:00,2025-09-05,10:10,610,False,S,16.450000,2,64.150000,4626.000000,0.084200,72.090649
I405_S,1,L405S-132,2025-09-05T10:15:00-07:00,2025-09-05,10:15,615,False,S,15.715000,3,62.600000,6148.000000,0.103267,98.032660
I405_S,2,L405S-115,2025-09-05T10:15:00-07:00,2025-09-05,10:15,615,False,S,16.290000,1,63.400000,5976.000000,0.091400,94.258675
I405_S,3,L405S-114,2025-09-05T10:15:00-07:00,2025-09-05,10:15,615,False,S,16.450000,2,63.450000,5244.000000,0.098050,82.626634
I405_S,1,L405S-132,2025-09-05T10:20:00-07:00,2025-09-05,10:20,620,False,S,15.715000,3,60.266667,6968.000000,0.125567,115.579633
I405_S,2,L405S-115,2025-09-05T10:20:00-07:00,2025-09-05,10:20,620,False,S,16.290000,1,62.000000,7008.000000,0.109500,113.032258
I405_S,3,L405S-114,2025-09-05T10:20:00-07:00,2025-09-05,10:20,620,False,S,16.450000,2,62.350000,5922.000000,0.112650,94.954451
I405_S,1,L405S-132,2025-09-05T10:25:00-07:00,2025-09-05,10:25,625,False,S,15.715000,3,61.566667,6332.000000,0.105767,102.704838
I405_S,2,L405S-115,2025-09-05T10:25:00-07:00,2025-09-05,10:25,625,False,S,16.290000,1,63.100000,5928.000000,0.088700,93.946117
I405_S,3,L405S-114,2025-09-05T10:25:00-07:00,2025-09-05,10:25,625,False,S,16.450000,2,62.700000,5094.000000,0.096000,81.232227
I405_S,1,L405S-132,2025-09-08T05:30:00-07:00,2025-09-08,05:30,330,False,S,15.715000,3,63.900000,4180.000000,0.066233,65.331298
I405_S,2,L405S-115,2025-09-08T05:30:00-07:00,2025-09-08,05:30,330,False,S,16.290000,1,61.900000,3792.000000,0.056700,61.260097
I405_S,3,L405S-114,2025-09-08T05:30:00-07:00,2025-09-08,05:30,330,False,S,16.450000,2,63.250000,3330.000000,0.058300,52.638810
I405_S,1,L405S-132,2025-09-08T05:35:00-07:00,2025-09-08,05:35,335,False,S,15.715000,3,64.233333,4808.000000,0.076367,74.631917
I405_S,2,L405S-115,2025-09-08T05:35:00-07:00,2025-09-08,05:35,335,False,S,16.290000,1,62.600000,4224.000000,0.064900,67.476038
I405_S,3,L405S-114,2025-09-08T05:35:00-07:00,2025-09-08,05:35,335,False,S,16.450000,2,63.900000,3984.000000,0.068050,62.344338
I405_S,1,L405S-132,2025-09-08T05:40:00-07:00,2025-09-08,05:40,340,False,S,15.715000,3,63.866667,4436.000000,0.072667,69.304311
I405_S,2,L405S-115,2025-09-08T05:40:00-07:00,2025-09-08,05:40,340,False,S,16.290000,1,60.900000,4044.000000,0.066900,66.403941
I405_S,3,L405S-114,2025-09-08T05:40:00-07:00,2025-09-08,05:40,340,False,S,16.450000,2,63.050000,3726.000000,0.065950,59.073751
I405_S,1,L405S-132,2025-09-08T05:45:00-07:00,2025-09-08,05:45,345,False,S,15.715000,3,65.200000,5568.000000,0.083367,85.128569
I405_S,2,L405S-115,2025-09-08T05:45:00-07:00,2025-09-08,05:45,345,False,S,16.290000,1,63.500000,4740.000000,0.068800,74.645669
I405_S,3,L405S-114,2025-09-08T05:45:00-07:00,2025-09-08,05:45,345,False,S,16.450000,2,63.750000,4476.000000,0.073800,70.199557
I405_S,1,L405S-132,2025-09-08T05:50:00-07:00,2025-09-08,05:50,350,False,S,15.715000,3,64.766667,5132.000000,0.078833,79.111241
I405_S,2,L405S-115,2025-09-08T05:50:00-07:00,2025-09-08,05:50,350,False,S,16.290000,1,63.000000,4680.000000,0.071500,74.285714
I405_S,3,L405S-114,2025-09-08T05:50:00-07:00,2025-09-08,05:50,350,False,S,16.450000,2,64.000000,4188.000000,0.069800,65.430149
I405_S,1,L405S-132,2025-09-08T05:55:00-07:00,2025-09-08,05:55,355,False,S,15.715000,3,66.100000,4364.000000,0.065033,65.880681
I405_S,2,L405S-115,2025-09-08T05:55:00-07:00,2025-09-08,05:55,355,False,S,16.290000,1,64.900000,3744.000000,0.054800,57.688752
I405_S,3,L405S-114,2025-09-08T05:55:00-07:00,2025-09-08,05:55,355,False,S,16.450000,2,65.100000,3396.000000,0.055450,52.157896
I405_S,1,L405S-132,2025-09-08T06:00:00-07:00,2025-09-08,06:00,360,True,S,15.715000,3,66.100000,4448.000000,0.068433,67.212476
I405_S,2,L405S-115,2025-09-08T06:00:00-07:00,2025-09-08,06:00,360,True,S,16.290000,1,65.300000,4152.000000,0.060000,63.583461
I405_S,3,L405S-114,2025-09-08T06:00:00-07:00,2025-09-08,06:00,360,True,S,16.450000,2,65.400000,3594.000000,0.059500,54.954128
I405_S,1,L405S-132,2025-09-08T06:05:00-07:00,2025-09-08,06:05,365,True,S,15.715000,3,65.966667,4284.000000,0.067500,64.803372
I405_S,2,L405S-115,2025-09-08T06:05:00-07:00,2025-09-08,06:05,365,True,S,16.290000,1,64.200000,3936.000000,0.059800,61.308411
I405_S,3,L405S-114,2025-09-08T06:05:00-07:00,2025-09-08,06:05,365,True,S,16.450000,2,64.600000,3588.000000,0.060950,55.549804
I405_S,1,L405S-132,2025-09-08T06:10:00-07:00,2025-09-08,06:10,370,True,S,15.715000,3,64.466667,4968.000000,0.078567,76.967329
I405_S,2,L405S-115,2025-09-08T06:10:00-07:00,2025-09-08,06:10,370,True,S,16.290000,1,62.500000,4644.000000,0.073400,74.304000
I405_S,3,L405S-114,2025-09-08T06:10:00-07:00,2025-09-08,06:10,370,True,S,16.450000,2,64.100000,4452.000000,0.076450,69.433378
I405_S,1,L405S-132,2025-09-08T06:15:00-07:00,2025-09-08,06:15,375,True,S,15.715000,3,62.433333,6028.000000,0.099267,96.244632
I405_S,2,L405S-115,2025-09-08T06:15:00-07:00,2025-09-08,06:15,375,True,S,16.290000,1,58.800000,5328.000000,0.093500,90.612245
I405_S,3,L405S-114,2025-09-08T06:15:00-07:00,2025-09-08,06:15,375,True,S,16.450000,2,61.500000,5064.000000,0.098800,82.355399
I405_S,1,L405S-132,2025-09-08T06:20:00-07:00,2025-09-08,06:20,380,True,S,15.715000,3,60.900000,6600.000000,0.111800,107.886569
I405_S,2,L405S-115,2025-09-08T06:20:00-07:00,2025-09-08,06:20,380,True,S,16.290000,1,57.100000,5460.000000,0.094300,95.621716
I405_S,3,L405S-114,2025-09-08T06:20:00-07:00,2025-09-08,06:20,380,True,S,16.450000,2,60.550000,5184.000000,0.096300,85.608283
I405_S,1,L405S-132,2025-09-08T06:25:00-07:00,2025-09-08,06:25,385,True,S,15.715000,3,61.200000,7100.000000,0.111300,115.867247
I405_S,2,L405S-115,2025-09-08T06:25:00-07:00,2025-09-08,06:25,385,True,S,16.290000,1,58.500000,6864.000000,0.108000,117.333333
I405_S,3,L405S-114,2025-09-08T06:25:00-07:00,2025-09-08,06:25,385,True,S,16.450000,2,59.150000,6450.000000,0.119350,109.034316
I405_S,1,L405S-132,2025-09-08T06:30:00-07:00,2025-09-08,06:30,390,True,S,15.715000,3,59.566667,7924.000000,0.133200,132.834262
I405_S,2,L405S-115,2025-09-08T06:30:00-07:00,2025-09-08,06:30,390,True,S,16.290000,1,57.300000,7296.000000,0.121100,127.329843
I405_S,3,L405S-114,2025-09-08T06:30:00-07:00,2025-09-08,06:30,390,True,S,16.450000,2,56.700000,6744.000000,0.132950,118.957463
I405_S,1,L405S-132,2025-09-08T06:35:00-07:00,2025-09-08,06:35,395,True,S,15.715000,3,52.666667,7672.000000,0.174433,146.874531
I405_S,2,L405S-115,2025-09-08T06:35:00-07:00,2025-09-08,06:35,395,True,S,16.290000,1,54.800000,6996.000000,0.128400,127.664234
I405_S,3,L405S-114,2025-09-08T06:35:00-07:00,2025-09-08,06:35,395,True,S,16.450000,2,53.950000,6606.000000,0.140300,122.381198
I405_S,1,L405S-132,2025-09-08T06:40:00-07:00,2025-09-08,06:40,400,True,S,15.715000,3,47.666667,7152.000000,0.177667,150.569178
I405_S,2,L405S-115,2025-09-08T06:40:00-07:00,2025-09-08,06:40,400,True,S,16.290000,1,46.100000,6936.000000,0.187700,150.455531
I405_S,3,L405S-114,2025-09-08T06:40:00-07:00,2025-09-08,06:40,400,True,S,16.450000,2,47.250000,6246.000000,0.168050,132.067949
I405_S,1,L405S-132,2025-09-08T06:45:00-07:00,2025-09-08,06:45,405,True,S,15.715000,3,45.800000,7848.000000,0.200767,171.195930
I405_S,2,L405S-115,2025-09-08T06:45:00-07:00,2025-09-08,06:45,405,True,S,16.290000,1,38.600000,6936.000000,0.252400,179.689119
I405_S,3,L405S-114,2025-09-08T06:45:00-07:00,2025-09-08,06:45,405,True,S,16.450000,2,41.400000,6648.000000,0.218400,160.397880
I405_S,1,L405S-132,2025-09-08T06:50:00-07:00,2025-09-08,06:50,410,True,S,15.715000,3,41.366667,6984.000000,0.219533,170.700790
I405_S,2,L405S-115,2025-09-08T06:50:00-07:00,2025-09-08,06:50,410,True,S,16.290000,1,39.400000,7272.000000,0.187200,184.568528
I405_S,3,L405S-114,2025-09-08T06:50:00-07:00,2025-09-08,06:50,410,True,S,16.450000,2,40.550000,6558.000000,0.186150,161.650086
I405_S,1,L405S-132,2025-09-08T06:55:00-07:00,2025-09-08,06:55,415,True,S,15.715000,3,38.266667,6592.000000,0.242267,174.113911
I405_S,2,L405S-115,2025-09-08T06:55:00-07:00,2025-09-08,06:55,415,True,S,16.290000,1,32.300000,5208.000000,0.278300,161.238390
I405_S,3,L405S-114,2025-09-08T06:55:00-07:00,2025-09-08,06:55,415,True,S,16.450000,2,33.500000,5376.000000,0.239500,159.610370
I405_S,1,L405S-132,2025-09-08T07:00:00-07:00,2025-09-08,07:00,420,True,S,15.715000,3,37.166667,6936.000000,0.229867,189.500471
I405_S,2,L405S-115,2025-09-08T07:00:00-07:00,2025-09-08,07:00,420,True,S,16.290000,1,31.400000,6168.000000,0.249000,196.433121
I405_S,3,L405S-114,2025-09-08T07:00:00-07:00,2025-09-08,07:00,420,True,S,16.450000,2,32.800000,5922.000000,0.215900,180.276008
I405_S,1,L405S-132,2025-09-08T07:05:00-07:00,2025-09-08,07:05,425,True,S,15.715000,3,37.900000,7136.000000,0.221600,189.993687
I405_S,2,L405S-115,2025-09-08T07:05:00-07:00,2025-09-08,07:05,425,True,S,16.290000,1,32.200000,5892.000000,0.243400,182.981366
I405_S,3,L405S-114,2025-09-08T07:05:00-07:00,2025-09-08,07:05,425,True,S,16.450000,2,37.800000,6048.000000,0.188500,159.451594
I405_S,1,L405S-132,2025-09-08T07:10:00-07:00,2025-09-08,07:10,430,True,S,15.715000,3,37.833333,7180.000000,0.232467,191.616213
I405_S,2,L405S-115,2025-09-08T07:10:00-07:00,2025-09-08,07:10,430,True,S,16.290000,1,30.300000,6024.000000,0.281400,198.811881
I405_S,3,L405S-114,2025-09-08T07:10:00-07:00,2025-09-08,07:10,430,True,S,16.450000,2,35.350000,5952.000000,0.210500,168.141112
I405_S,1,L405S-132,2025-09-08T07:15:00-07:00,2025-09-08,07:15,435,True,S,15.715000,3,34.433333,6448.000000,0.264400,190.537351
I405_S,2,L405S-115,2025-09-08T07:15:00-07:00,2025-09-08,07:15,435,True,S,16.290000,1,30.800000,5880.000000,0.248700,190.909091
I405_S,3,L405S-114,2025-09-08T07:15:00-07:00,2025-09-08,07:15,435,True,S,16.450000,2,35.150000,5682.000000,0.185450,161.350432
I405_S,1,L405S-132,2025-09-08T07:20:00-07:00,2025-09-08,07:20,440,True,S,15.715000,3,30.100000,5428.000000,0.325233,186.186264
I405_S,2,L405S-115,2025-09-08T07:20:00-07:00,2025-09-08,07:20,440,True,S,16.290000,1,26.500000,4416.000000,0.326700,166.641509
I405_S,3,L405S-114,2025-09-08T07:20:00-07:00,2025-09-08,07:20,440,True,S,16.450000,2,32.700000,4704.000000,0.211500,142.712678
I405_S,1,L405S-132,2025-09-08T07:25:00-07:00,2025-09-08,07:25,445,True,S,15.715000,3,26.066667,4852.000000,0.388167,199.541179
I405_S,2,L405S-115,2025-09-08T07:25:00-07:00,2025-09-08,07:25,445,True,S,16.290000,1,27.500000,4800.000000,0.296500,174.545455
I405_S,3,L405S-114,2025-09-08T07:25:00-07:00,2025-09-08,07:25,445,True,S,16.450000,2,33.250000,4842.000000,0.219200,145.400905
I405_S,1,L405S-132,2025-09-08T07:30:00-07:00,2025-09-08,07:30,450,True,S,15.715000,3,27.200000,5392.000000,0.302067,207.519696
I405_S,2,L405S-115,2025-09-08T07:30:00-07:00,2025-09-08,07:30,450,True,S,16.290000,1,24.700000,3372.000000,0.339000,136.518219
I405_S,3,L405S-114,2025-09-08T07:30:00-07:00,2025-09-08,07:30,450,True,S,16.450000,2,28.850000,3420.000000,0.263600,118.279648
I405_S,1,L405S-132,2025-09-08T07:35:00-07:00,2025-09-08,07:35,455,True,S,15.715000,3,26.733333,5356.000000,0.310633,212.600501
I405_S,2,L405S-115,2025-09-08T07:35:00-07:00,2025-09-08,07:35,455,True,S,16.290000,1,23.500000,4560.000000,0.292600,194.042553
I405_S,3,L405S-114,2025-09-08T07:35:00-07:00,2025-09-08,07:35,455,True,S,16.450000,2,29.600000,4554.000000,0.204950,153.334705
I405_S,1,L405S-132,2025-09-08T07:40:00-07:00,2025-09-08,07:40,460,True,S,15.715000,3,25.033333,5032.000000,0.353533,220.168520
I405_S,2,L405S-115,2025-09-08T07:40:00-07:00,2025-09-08,07:40,460,True,S,16.290000,1,26.000000,4668.000000,0.276200,179.538462
I405_S,3,L405S-114,2025-09-08T07:40:00-07:00,2025-09-08,07:40,460,True,S,16.450000,2,32.300000,4542.000000,0.180200,140.194504
I405_S,1,L405S-132,2025-09-08T07:45:00-07:00,2025-09-08,07:45,465,True,S,15.715000,3,21.433333,3412.000000,0.481300,186.937006
I405_S,2,L405S-115,2025-09-08T07:45:00-07:00,2025-09-08,07:45,465,True,S,16.290000,1,25.600000,3744.000000,0.352000,146.250000
I405_S,3,L405S-114,2025-09-08T07:45:00-07:00,2025-09-08,07:45,465,True,S,16.450000,2,31.800000,3948.000000,0.175850,124.090464
I405_S,1,L405S-132,2025-09-08T07:50:00-07:00,2025-09-08,07:50,470,True,S,15.715000,3,21.433333,4080.000000,0.389533,229.667174
I405_S,2,L405S-115,2025-09-08T07:50:00-07:00,2025-09-08,07:50,470,True,S,16.290000,1,21.500000,2400.000000,0.392900,111.627907
I405_S,3,L405S-114,2025-09-08T07:50:00-07:00,2025-09-08,07:50,470,True,S,16.450000,2,25.850000,2682.000000,0.272350,103.291685
I405_S,1,L405S-132,2025-09-08T07:55:00-07:00,2025-09-08,07:55,475,True,S,15.715000,3,23.766667,5256.000000,0.316167,244.470779
I405_S,2,L405S-115,2025-09-08T07:55:00-07:00,2025-09-08,07:55,475,True,S,16.290000,1,23.600000,4152.000000,0.317700,175.932203
I405_S,3,L405S-114,2025-09-08T07:55:00-07:00,2025-09-08,07:55,475,True,S,16.450000,2,26.900000,3972.000000,0.235650,147.596501
I405_S,1,L405S-132,2025-09-08T08:00:00-07:00,2025-09-08,08:00,480,True,S,15.715000,3,24.533333,5052.000000,0.312233,225.284408
I405_S,2,L405S-115,2025-09-08T08:00:00-07:00,2025-09-08,08:00,480,True,S,16.290000,1,25.000000,4596.000000,0.280400,183.840000
I405_S,3,L405S-114,2025-09-08T08:00:00-07:00,2025-09-08,08:00,480,True,S,16.450000,2,29.150000,4470.000000,0.182900,153.277863
I405_S,1,L405S-132,2025-09-08T08:05:00-07:00,2025-09-08,08:05,485,True,S,15.715000,3,23.033333,4532.000000,0.380900,221.742159
I405_S,2,L405S-115,2025-09-08T08:05:00-07:00,2025-09-08,08:05,485,True,S,16.290000,1,23.900000,4032.000000,0.311100,168.702929
I405_S,3,L405S-114,2025-09-08T08:05:00-07:00,2025-09-08,08:05,485,True,S,16.450000,2,31.100000,4392.000000,0.203400,140.546772
I405_S,1,L405S-132,2025-09-08T08:10:00-07:00,2025-09-08,08:10,490,True,S,15.715000,3,21.900000,4208.000000,0.390933,222.967481
I405_S,2,L405S-115,2025-09-08T08:10:00-07:00,2025-09-08,08:10,490,True,S,16.290000,1,24.100000,3720.000000,0.331700,154.356846
I405_S,3,L405S-114,2025-09-08T08:10:00-07:00,2025-09-08,08:10,490,True,S,16.450000,2,28.550000,3936.000000,0.244300,138.110874
I405_S,1,L405S-132,2025-09-08T08:15:00-07:00,2025-09-08,08:15,495,True,S,15.715000,3,22.200000,4476.000000,0.364400,228.423572
I405_S,2,L405S-115,2025-09-08T08:15:00-07:00,2025-09-08,08:15,495,True,S,16.290000,1,23.300000,3552.000000,0.358000,152.446352
I405_S,3,L405S-114,2025-09-08T08:15:00-07:00,2025-09-08,08:15,495,True,S,16.450000,2,27.350000,3660.000000,0.263800,133.604343
I405_S,1,L405S-132,2025-09-08T08:20:00-07:00,2025-09-08,08:20,500,True,S,15.715000,3,22.800000,4840.000000,0.344633,235.583869
I405_S,2,L405S-115,2025-09-08T08:20:00-07:00,2025-09-08,08:20,500,True,S,16.290000,1,23.700000,4272.000000,0.327900,180.253165
I405_S,3,L405S-114,2025-09-08T08:20:00-07:00,2025-09-08,08:20,500,True,S,16.450000,2,26.400000,4206.000000,0.256150,159.181196
I405_S,1,L405S-132,2025-09-08T08:25:00-07:00,2025-09-08,08:25,505,True,S,15.715000,3,25.300000,5768.000000,0.287800,242.166071
I405_S,2,L405S-115,2025-09-08T08:25:00-07:00,2025-09-08,08:25,505,True,S,16.290000,1,24.800000,4572.000000,0.302900,184.354839
I405_S,3,L405S-114,2025-09-08T08:25:00-07:00,2025-09-08,08:25,505,True,S,16.450000,2,28.050000,4458.000000,0.209100,158.744343
I405_S,1,L405S-132,2025-09-08T08:30:00-07:00,2025-09-08,08:30,510,True,S,15.715000,3,27.933333,6208.000000,0.254367,233.370984
I405_S,2,L405S-115,2025-09-08T08:30:00-07:00,2025-09-08,08:30,510,True,S,16.290000,1,27.200000,5592.000000,0.232600,205.588235
I405_S,3,L405S-114,2025-09-08T08:30:00-07:00,2025-09-08,08:30,510,True,S,16.450000,2,31.950000,5292.000000,0.166850,165.357914
I405_S,1,L405S-132,2025-09-08T08:35:00-07:00,2025-09-08,08:35,515,True,S,15.715000,3,24.633333,4608.000000,0.385867,204.984750
I405_S,2,L405S-115,2025-09-08T08:35:00-07:00,2025-09-08,08:35,515,True,S,16.290000,1,26.700000,4800.000000,0.279800,179.775281
I405_S,3,L405S-114,2025-09-08T08:35:00-07:00,2025-09-08,08:35,515,True,S,16.450000,2,31.450000,4734.000000,0.198100,149.455985
I405_S,1,L405S-132,2025-09-08T08:40:00-07:00,2025-09-08,08:40,520,True,S,15.715000,3,21.900000,3764.000000,0.443400,206.424784
I405_S,2,L405S-115,2025-09-08T08:40:00-07:00,2025-09-08,08:40,520,True,S,16.290000,1,25.000000,3204.000000,0.358300,128.160000
I405_S,3,L405S-114,2025-09-08T08:40:00-07:00,2025-09-08,08:40,520,True,S,16.450000,2,29.000000,3792.000000,0.216100,130.315166
I405_S,1,L405S-132,2025-09-08T08:45:00-07:00,2025-09-08,08:45,525,True,S,15.715000,3,21.400000,4256.000000,0.397367,240.452451
I405_S,2,L405S-115,2025-09-08T08:45:00-07:00,2025-09-08,08:45,525,True,S,16.290000,1,20.900000,3024.000000,0.384400,144.688995
I405_S,3,L405S-114,2025-09-08T08:45:00-07:00,2025-09-08,08:45,525,True,S,16.450000,2,24.550000,3006.000000,0.289650,122.147838
I405_S,1,L405S-132,2025-09-08T08:50:00-07:00,2025-09-08,08:50,530,True,S,15.715000,3,21.766667,4540.000000,0.370200,243.662970
I405_S,2,L405S-115,2025-09-08T08:50:00-07:00,2025-09-08,08:50,530,True,S,16.290000,1,21.700000,3504.000000,0.367900,161.474654
I405_S,3,L405S-114,2025-09-08T08:50:00-07:00,2025-09-08,08:50,530,True,S,16.450000,2,24.350000,3672.000000,0.253450,150.260755
I405_S,1,L405S-132,2025-09-08T08:55:00-07:00,2025-09-08,08:55,535,True,S,15.715000,3,26.200000,5712.000000,0.260033,230.523756
I405_S,2,L405S-115,2025-09-08T08:55:00-07:00,2025-09-08,08:55,535,True,S,16.290000,1,23.900000,4404.000000,0.294300,184.267782
I405_S,3,L405S-114,2025-09-08T08:55:00-07:00,2025-09-08,08:55,535,True,S,16.450000,2,28.050000,4332.000000,0.227050,154.339757
I405_S,1,L405S-132,2025-09-08T09:00:00-07:00,2025-09-08,09:00,540,True,S,15.715000,3,27.266667,5604.000000,0.259933,218.161808
I405_S,2,L405S-115,2025-09-08T09:00:00-07:00,2025-09-08,09:00,540,True,S,16.290000,1,27.300000,5676.000000,0.207800,207.912088
I405_S,3,L405S-114,2025-09-08T09:00:00-07:00,2025-09-08,09:00,540,True,S,16.450000,2,31.900000,5232.000000,0.165550,163.804242
I405_S,1,L405S-132,2025-09-08T09:05:00-07:00,2025-09-08,09:05,545,True,S,15.715000,3,26.000000,5164.000000,0.312833,213.964410
I405_S,2,L405S-115,2025-09-08T09:05:00-07:00,2025-09-08,09:05,545,True,S,16.290000,1,27.000000,4356.000000,0.281900,161.333333
I405_S,3,L405S-114,2025-09-08T09:05:00-07:00,2025-09-08,09:05,545,True,S,16.450000,2,31.650000,4296.000000,0.174800,135.551517
I405_S,1,L405S-132,2025-09-08T09:10:00-07:00,2025-09-08,09:10,550,True,S,15.715000,3,29.600000,5936.000000,0.216100,207.153455
I405_S,2,L405S-115,2025-09-08T09:10:00-07:00,2025-09-08,09:10,550,True,S,16.290000,1,25.900000,4584.000000,0.242200,176.988417
I405_S,3,L405S-114,2025-09-08T09:10:00-07:00,2025-09-08,09:10,550,True,S,16.450000,2,31.350000,4398.000000,0.180550,140.005523
I405_S,1,L405S-132,2025-09-08T09:15:00-07:00,2025-09-08,09:15,555,True,S,15.715000,3,35.866667,6608.000000,0.175167,185.355391
I405_S,2,L405S-115,2025-09-08T09:15:00-07:00,2025-09-08,09:15,555,True,S,16.290000,1,27.800000,5472.000000,0.217400,196.834532
I405_S,3,L405S-114,2025-09-08T09:15:00-07:00,2025-09-08,09:15,555,True,S,16.450000,2,32.750000,5256.000000,0.174750,162.627653
I405_S,1,L405S-132,2025-09-08T09:20:00-07:00,2025-09-08,09:20,560,True,S,15.715000,3,42.600000,6332.000000,0.129900,149.620923
I405_S,2,L405S-115,2025-09-08T09:20:00-07:00,2025-09-08,09:20,560,True,S,16.290000,1,40.400000,4836.000000,0.090700,119.702970
I405_S,3,L405S-114,2025-09-08T09:20:00-07:00,2025-09-08,09:20,560,True,S,16.450000,2,43.650000,4656.000000,0.093500,107.172056
I405_S,1,L405S-132,2025-09-08T09:25:00-07:00,2025-09-08,09:25,565,True,S,15.715000,3,48.300000,6300.000000,0.115300,131.500135
I405_S,2,L405S-115,2025-09-08T09:25:00-07:00,2025-09-08,09:25,565,True,S,16.290000,1,49.200000,5748.000000,0.091500,116.829268
I405_S,3,L405S-114,2025-09-08T09:25:00-07:00,2025-09-08,09:25,565,True,S,16.450000,2,49.950000,5400.000000,0.096700,108.075256
I405_S,1,L405S-132,2025-09-08T09:30:00-07:00,2025-09-08,09:30,570,True,S,15.715000,3,53.100000,6412.000000,0.108033,121.050943
I405_S,2,L405S-115,2025-09-08T09:30:00-07:00,2025-09-08,09:30,570,True,S,16.290000,1,53.300000,6204.000000,0.100400,116.397749
I405_S,3,L405S-114,2025-09-08T09:30:00-07:00,2025-09-08,09:30,570,True,S,16.450000,2,53.450000,5718.000000,0.106400,106.977870
I405_S,1,L405S-132,2025-09-08T09:35:00-07:00,2025-09-08,09:35,575,True,S,15.715000,3,55.233333,6872.000000,0.114400,124.606372
I405_S,2,L405S-115,2025-09-08T09:35:00-07:00,2025-09-08,09:35,575,True,S,16.290000,1,55.200000,6132.000000,0.098300,111.086957
I405_S,3,L405S-114,2025-09-08T09:35:00-07:00,2025-09-08,09:35,575,True,S,16.450000,2,55.500000,5610.000000,0.103000,101.050068
I405_S,1,L405S-132,2025-09-08T09:40:00-07:00,2025-09-08,09:40,580,True,S,15.715000,3,56.533333,6504.000000,0.108767,115.064815
I405_S,2,L405S-115,2025-09-08T09:40:00-07:00,2025-09-08,09:40,580,True,S,16.290000,1,56.100000,5724.000000,0.093600,102.032086
I405_S,3,L405S-114,2025-09-08T09:40:00-07:00,2025-09-08,09:40,580,True,S,16.450000,2,57.150000,5382.000000,0.098650,94.156789
I405_S,1,L405S-132,2025-09-08T09:45:00-07:00,2025-09-08,09:45,585,True,S,15.715000,3,57.533333,6612.000000,0.109467,114.880098
I405_S,2,L405S-115,2025-09-08T09:45:00-07:00,2025-09-08,09:45,585,True,S,16.290000,1,56.600000,5676.000000,0.093500,100.282686
I405_S,3,L405S-114,2025-09-08T09:45:00-07:00,2025-09-08,09:45,585,True,S,16.450000,2,58.150000,5442.000000,0.100100,93.542558
I405_S,1,L405S-132,2025-09-08T09:50:00-07:00,2025-09-08,09:50,590,True,S,15.715000,3,58.300000,6232.000000,0.102433,106.862402
I405_S,2,L405S-115,2025-09-08T09:50:00-07:00,2025-09-08,09:50,590,True,S,16.290000,1,57.500000,5616.000000,0.090600,97.669565
I405_S,3,L405S-114,2025-09-08T09:50:00-07:00,2025-09-08,09:50,590,True,S,16.450000,2,58.450000,4854.000000,0.086350,83.020809
I405_S,1,L405S-132,2025-09-08T09:55:00-07:00,2025-09-08,09:55,595,True,S,15.715000,3,58.833333,5712.000000,0.096033,96.973771
I405_S,2,L405S-115,2025-09-08T09:55:00-07:00,2025-09-08,09:55,595,True,S,16.290000,1,57.200000,5076.000000,0.083800,88.741259
I405_S,3,L405S-114,2025-09-08T09:55:00-07:00,2025-09-08,09:55,595,True,S,16.450000,2,59.000000,4464.000000,0.080700,75.642708
I405_S,1,L405S-132,2025-09-08T10:00:00-07:00,2025-09-08,10:00,600,False,S,15.715000,3,59.033333,5524.000000,0.091933,93.437618
I405_S,2,L405S-115,2025-09-08T10:00:00-07:00,2025-09-08,10:00,600,False,S,16.290000,1,57.100000,4932.000000,0.081200,86.374781
I405_S,3,L405S-114,2025-09-08T10:00:00-07:00,2025-09-08,10:00,600,False,S,16.450000,2,59.400000,4458.000000,0.079450,74.984563
I405_S,1,L405S-132,2025-09-08T10:05:00-07:00,2025-09-08,10:05,605,False,S,15.715000,3,59.233333,5548.000000,0.089200,93.590760
I405_S,2,L405S-115,2025-09-08T10:05:00-07:00,2025-09-08,10:05,605,False,S,16.290000,1,57.900000,5220.000000,0.083500,90.155440
I405_S,3,L405S-114,2025-09-08T10:05:00-07:00,2025-09-08,10:05,605,False,S,16.450000,2,59.000000,4602.000000,0.082150,77.963847
I405_S,1,L405S-132,2025-09-08T10:10:00-07:00,2025-09-08,10:10,610,False,S,15.715000,3,58.766667,6084.000000,0.103300,103.329811
I405_S,2,L405S-115,2025-09-08T10:10:00-07:00,2025-09-08,10:10,610,False,S,16.290000,1,56.900000,5244.000000,0.090600,92.161687
I405_S,3,L405S-114,2025-09-08T10:10:00-07:00,2025-09-08,10:10,610,False,S,16.450000,2,58.400000,4788.000000,0.091300,81.981982
I405_S,1,L405S-132,2025-09-08T10:15:00-07:00,2025-09-08,10:15,615,False,S,15.715000,3,58.600000,5984.000000,0.100967,102.041295
I405_S,2,L405S-115,2025-09-08T10:15:00-07:00,2025-09-08,10:15,615,False,S,16.290000,1,56.400000,5664.000000,0.094900,100.425532
I405_S,3,L405S-114,2025-09-08T10:15:00-07:00,2025-09-08,10:15,615,False,S,16.450000,2,58.550000,4836.000000,0.089950,82.601190
I405_S,1,L405S-132,2025-09-08T10:20:00-07:00,2025-09-08,10:20,620,False,S,15.715000,3,59.000000,6068.000000,0.100667,102.731636
I405_S,2,L405S-115,2025-09-08T10:20:00-07:00,2025-09-08,10:20,620,False,S,16.290000,1,56.900000,5520.000000,0.089900,97.012302
I405_S,3,L405S-114,2025-09-08T10:20:00-07:00,2025-09-08,10:20,620,False,S,16.450000,2,58.200000,4782.000000,0.088900,82.128790
I405_S,1,L405S-132,2025-09-08T10:25:00-07:00,2025-09-08,10:25,625,False,S,15.715000,3,59.200000,5556.000000,0.091833,93.784653
I405_S,2,L405S-115,2025-09-08T10:25:00-07:00,2025-09-08,10:25,625,False,S,16.290000,1,57.500000,5148.000000,0.084500,89.530435
I405_S,3,L405S-114,2025-09-08T10:25:00-07:00,2025-09-08,10:25,625,False,S,16.450000,2,58.150000,4758.000000,0.085550,81.790436
I405_S,1,L405S-132,2025-09-09T05:30:00-07:00,2025-09-09,05:30,330,False,S,15.715000,3,67.333333,4440.000000,0.074600,66.037309
I405_S,2,L405S-115,2025-09-09T05:30:00-07:00,2025-09-09,05:30,330,False,S,16.290000,1,73.000000,4272.000000,0.056900,58.520548
I405_S,3,L405S-114,2025-09-09T05:30:00-07:00,2025-09-09,05:30,330,False,S,16.450000,2,71.100000,3594.000000,0.059250,50.535743
I405_S,1,L405S-132,2025-09-09T05:35:00-07:00,2025-09-09,05:35,335,False,S,15.715000,3,68.500000,5008.000000,0.079600,73.268227
I405_S,2,L405S-115,2025-09-09T05:35:00-07:00,2025-09-09,05:35,335,False,S,16.290000,1,73.300000,4728.000000,0.062900,64.502046
I405_S,3,L405S-114,2025-09-09T05:35:00-07:00,2025-09-09,05:35,335,False,S,16.450000,2,71.550000,3912.000000,0.065050,54.657289
I405_S,1,L405S-132,2025-09-09T05:40:00-07:00,2025-09-09,05:40,340,False,S,15.715000,3,68.033333,5876.000000,0.095467,86.431812
I405_S,2,L405S-115,2025-09-09T05:40:00-07:00,2025-09-09,05:40,340,False,S,16.290000,1,73.900000,5556.000000,0.072400,75.182679
I405_S,3,L405S-114,2025-09-09T05:40:00-07:00,2025-09-09,05:40,340,False,S,16.450000,2,72.750000,4452.000000,0.072550,61.185091
I405_S,1,L405S-132,2025-09-09T05:45:00-07:00,2025-09-09,05:45,345,False,S,15.715000,3,66.833333,6596.000000,0.108933,98.654444
I405_S,2,L405S-115,2025-09-09T05:45:00-07:00,2025-09-09,05:45,345,False,S,16.290000,1,72.100000,6204.000000,0.085300,86.047157
I405_S,3,L405S-114,2025-09-09T05:45:00-07:00,2025-09-09,05:45,345,False,S,16.450000,2,70.900000,5046.000000,0.087950,71.154978
I405_S,1,L405S-132,2025-09-09T05:50:00-07:00,2025-09-09,05:50,350,False,S,15.715000,3,68.166667,6652.000000,0.104800,97.532284
I405_S,2,L405S-115,2025-09-09T05:50:00-07:00,2025-09-09,05:50,350,False,S,16.290000,1,71.400000,6228.000000,0.087100,87.226891
I405_S,3,L405S-114,2025-09-09T05:50:00-07:00,2025-09-09,05:50,350,False,S,16.450000,2,70.700000,5040.000000,0.088300,71.247846
I405_S,1,L405S-132,2025-09-09T05:55:00-07:00,2025-09-09,05:55,355,False,S,15.715000,3,67.600000,6316.000000,0.104333,93.432004
I405_S,2,L405S-115,2025-09-09T05:55:00-07:00,2025-09-09,05:55,355,False,S,16.290000,1,71.700000,6108.000000,0.082000,85.188285
I405_S,3,L405S-114,2025-09-09T05:55:00-07:00,2025-09-09,05:55,355,False,S,16.450000,2,70.000000,5034.000000,0.087250,71.854586
I405_S,1,L405S-132,2025-09-09T06:00:00-07:00,2025-09-09,06:00,360,True,S,15.715000,3,65.666667,5684.000000,0.093233,86.744789
I405_S,2,L405S-115,2025-09-09T06:00:00-07:00,2025-09-09,06:00,360,True,S,16.290000,1,68.900000,5520.000000,0.078300,80.116110
I405_S,3,L405S-114,2025-09-09T06:00:00-07:00,2025-09-09,06:00,360,True,S,16.450000,2,65.150000,4014.000000,0.079300,61.594884
I405_S,1,L405S-132,2025-09-09T06:05:00-07:00,2025-09-09,06:05,365,True,S,15.715000,3,63.700000,5900.000000,0.102633,92.811327
I405_S,2,L405S-115,2025-09-09T06:05:00-07:00,2025-09-09,06:05,365,True,S,16.290000,1,67.200000,5688.000000,0.081700,84.642857
I405_S,3,L405S-114,2025-09-09T06:05:00-07:00,2025-09-09,06:05,365,True,S,16.450000,2,63.650000,4734.000000,0.085100,74.372205
I405_S,1,L405S-132,2025-09-09T06:10:00-07:00,2025-09-09,06:10,370,True,S,15.715000,3,58.166667,6728.000000,0.135433,115.774334
I405_S,2,L405S-115,2025-09-09T06:10:00-07:00,2025-09-09,06:10,370,True,S,16.290000,1,66.200000,6216.000000,0.088700,93.897281
I405_S,3,L405S-114,2025-09-09T06:10:00-07:00,2025-09-09,06:10,370,True,S,16.450000,2,63.250000,5112.000000,0.090650,80.825784
I405_S,1,L405S-132,2025-09-09T06:15:00-07:00,2025-09-09,06:15,375,True,S,15.715000,3,56.266667,7224.000000,0.140167,128.789566
I405_S,2,L405S-115,2025-09-09T06:15:00-07:00,2025-09-09,06:15,375,True,S,16.290000,1,65.500000,7224.000000,0.104300,110.290076
I405_S,3,L405S-114,2025-09-09T06:15:00-07:00,2025-09-09,06:15,375,True,S,16.450000,2,63.400000,5706.000000,0.102650,89.977981
I405_S,1,L405S-132,2025-09-09T06:20:00-07:00,2025-09-09,06:20,380,True,S,15.715000,3,51.100000,7696.000000,0.181733,151.255567
I405_S,2,L405S-115,2025-09-09T06:20:00-07:00,2025-09-09,06:20,380,True,S,16.290000,1,59.100000,8172.000000,0.144800,138.274112
I405_S,3,L405S-114,2025-09-09T06:20:00-07:00,2025-09-09,06:20,380,True,S,16.450000,2,57.900000,6450.000000,0.136000,111.251982
I405_S,1,L405S-132,2025-09-09T06:25:00-07:00,2025-09-09,06:25,385,True,S,15.715000,3,50.733333,8592.000000,0.203400,172.984232
I405_S,2,L405S-115,2025-09-09T06:25:00-07:00,2025-09-09,06:25,385,True,S,16.290000,1,48.600000,7272.000000,0.183100,149.629630
I405_S,3,L405S-114,2025-09-09T06:25:00-07:00,2025-09-09,06:25,385,True,S,16.450000,2,51.350000,6354.000000,0.165650,123.573293
I405_S,1,L405S-132,2025-09-09T06:30:00-07:00,2025-09-09,06:30,390,True,S,15.715000,3,49.100000,8068.000000,0.179733,165.681406
I405_S,2,L405S-115,2025-09-09T06:30:00-07:00,2025-09-09,06:30,390,True,S,16.290000,1,37.900000,6516.000000,0.227200,171.926121
I405_S,3,L405S-114,2025-09-09T06:30:00-07:00,2025-09-09,06:30,390,True,S,16.450000,2,44.300000,6036.000000,0.191050,135.941664
I405_S,1,L405S-132,2025-09-09T06:35:00-07:00,2025-09-09,06:35,395,True,S,15.715000,3,47.900000,8396.000000,0.220233,178.617381
I405_S,2,L405S-115,2025-09-09T06:35:00-07:00,2025-09-09,06:35,395,True,S,16.290000,1,36.000000,7884.000000,0.222800,219.000000
I405_S,3,L405S-114,2025-09-09T06:35:00-07:00,2025-09-09,06:35,395,True,S,16.450000,2,41.300000,6954.000000,0.215350,168.117181
I405_S,1,L405S-132,2025-09-09T06:40:00-07:00,2025-09-09,06:40,400,True,S,15.715000,3,40.633333,6160.000000,0.262200,162.257784
I405_S,2,L405S-115,2025-09-09T06:40:00-07:00,2025-09-09,06:40,400,True,S,16.290000,1,26.900000,5676.000000,0.339200,211.003717
I405_S,3,L405S-114,2025-09-09T06:40:00-07:00,2025-09-09,06:40,400,True,S,16.450000,2,36.250000,4926.000000,0.266350,139.787175
I405_S,1,L405S-132,2025-09-09T06:45:00-07:00,2025-09-09,06:45,405,True,S,15.715000,3,42.066667,7432.000000,0.207133,184.643118
I405_S,2,L405S-115,2025-09-09T06:45:00-07:00,2025-09-09,06:45,405,True,S,16.290000,1,21.200000,5016.000000,0.351300,236.603774
I405_S,3,L405S-114,2025-09-09T06:45:00-07:00,2025-09-09,06:45,405,True,S,16.450000,2,29.900000,4368.000000,0.319150,152.662140
I405_S,1,L405S-132,2025-09-09T06:50:00-07:00,2025-09-09,06:50,410,True,S,15.715000,3,38.766667,7228.000000,0.247033,193.339849
I405_S,2,L405S-115,2025-09-09T06:50:00-07:00,2025-09-09,06:50,410,True,S,16.290000,1,19.100000,5556.000000,0.339700,290.890052
I405_S,3,L405S-114,2025-09-09T06:50:00-07:00,2025-09-09,06:50,410,True,S,16.450000,2,28.850000,5274.000000,0.265950,189.579048
I405_S,1,L405S-132,2025-09-09T06:55:00-07:00,2025-09-09,06:55,415,True,S,15.715000,3,39.666667,7388.000000,0.216167,192.227890
I405_S,2,L405S-115,2025-09-09T06:55:00-07:00,2025-09-09,06:55,415,True,S,16.290000,1,19.100000,5784.000000,0.314100,302.827225
I405_S,3,L405S-114,2025-09-09T06:55:00-07:00,2025-09-09,06:55,415,True,S,16.450000,2,28.400000,5136.000000,0.272700,188.950344
I405_S,1,L405S-132,2025-09-09T07:00:00-07:00,2025-09-09,07:00,420,True,S,15.715000,3,38.933333,7300.000000,0.227800,193.162894
I405_S,2,L405S-115,2025-09-09T07:00:00-07:00,2025-09-09,07:00,420,True,S,16.290000,1,20.100000,6108.000000,0.297800,303.880597
I405_S,3,L405S-114,2025-09-09T07:00:00-07:00,2025-09-09,07:00,420,True,S,16.450000,2,27.800000,5616.000000,0.287800,210.044144
I405_S,1,L405S-132,2025-09-09T07:05:00-07:00,2025-09-09,07:05,425,True,S,15.715000,3,44.533333,7856.000000,0.186000,181.510136
I405_S,2,L405S-115,2025-09-09T07:05:00-07:00,2025-09-09,07:05,425,True,S,16.290000,1,19.600000,5940.000000,0.320300,303.061224
I405_S,3,L405S-114,2025-09-09T07:05:00-07:00,2025-09-09,07:05,425,True,S,16.450000,2,29.400000,5412.000000,0.247350,192.080179
I405_S,1,L405S-132,2025-09-09T07:10:00-07:00,2025-09-09,07:10,430,True,S,15.715000,3,39.166667,7112.000000,0.262300,188.093086
I405_S,2,L405S-115,2025-09-09T07:10:00-07:00,2025-09-09,07:10,430,True,S,16.290000,1,20.400000,6420.000000,0.321300,314.705882
I405_S,3,L405S-114,2025-09-09T07:10:00-07:00,2025-09-09,07:10,430,True,S,16.450000,2,29.900000,5814.000000,0.249650,199.558837
I405_S,1,L405S-132,2025-09-09T07:15:00-07:00,2025-09-09,07:15,435,True,S,15.715000,3,38.233333,6912.000000,0.254000,192.718745
I405_S,2,L405S-115,2025-09-09T07:15:00-07:00,2025-09-09,07:15,435,True,S,16.290000,1,20.200000,5508.000000,0.302900,272.673267
I405_S,3,L405S-114,2025-09-09T07:15:00-07:00,2025-09-09,07:15,435,True,S,16.450000,2,28.600000,4764.000000,0.276200,172.749447
I405_S,1,L405S-132,2025-09-09T07:20:00-07:00,2025-09-09,07:20,440,True,S,15.715000,3,36.000000,6460.000000,0.232500,187.964710
I405_S,2,L405S-115,2025-09-09T07:20:00-07:00,2025-09-09,07:20,440,True,S,16.290000,1,17.600000,4980.000000,0.369400,282.954545
I405_S,3,L405S-114,2025-09-09T07:20:00-07:00,2025-09-09,07:20,440,True,S,16.450000,2,25.900000,4476.000000,0.316550,183.506494
I405_S,1,L405S-132,2025-09-09T07:25:00-07:00,2025-09-09,07:25,445,True,S,15.715000,3,35.500000,6412.000000,0.240667,191.131460
I405_S,2,L405S-115,2025-09-09T07:25:00-07:00,2025-09-09,07:25,445,True,S,16.290000,1,16.800000,5280.000000,0.345800,314.285714
I405_S,3,L405S-114,2025-09-09T07:25:00-07:00,2025-09-09,07:25,445,True,S,16.450000,2,24.900000,4578.000000,0.311600,196.817040
I405_S,1,L405S-132,2025-09-09T07:30:00-07:00,2025-09-09,07:30,450,True,S,15.715000,3,35.900000,6440.000000,0.230333,188.942937
I405_S,2,L405S-115,2025-09-09T07:30:00-07:00,2025-09-09,07:30,450,True,S,16.290000,1,16.200000,5100.000000,0.364300,314.814815
I405_S,3,L405S-114,2025-09-09T07:30:00-07:00,2025-09-09,07:30,450,True,S,16.450000,2,23.700000,4590.000000,0.326200,205.518903
I405_S,1,L405S-132,2025-09-09T07:35:00-07:00,2025-09-09,07:35,455,True,S,15.715000,3,31.166667,6020.000000,0.308167,206.589073
I405_S,2,L405S-115,2025-09-09T07:35:00-07:00,2025-09-09,07:35,455,True,S,16.290000,1,15.700000,4956.000000,0.357800,315.668790
I405_S,3,L405S-114,2025-09-09T07:35:00-07:00,2025-09-09,07:35,455,True,S,16.450000,2,23.200000,4506.000000,0.299350,204.338840
I405_S,1,L405S-132,2025-09-09T07:40:00-07:00,2025-09-09,07:40,460,True,S,15.715000,3,30.000000,5556.000000,0.290200,204.818572
I405_S,2,L405S-115,2025-09-09T07:40:00-07:00,2025-09-09,07:40,460,True,S,16.290000,1,14.400000,4308.000000,0.393900,299.166667
I405_S,3,L405S-114,2025-09-09T07:40:00-07:00,2025-09-09,07:40,460,True,S,16.450000,2,23.250000,3768.000000,0.280850,168.757103
I405_S,1,L405S-132,2025-09-09T07:45:00-07:00,2025-09-09,07:45,465,True,S,15.715000,3,25.766667,4760.000000,0.356133,208.067892
I405_S,2,L405S-115,2025-09-09T07:45:00-07:00,2025-09-09,07:45,465,True,S,16.290000,1,13.100000,4596.000000,0.432000,350.839695
I405_S,3,L405S-114,2025-09-09T07:45:00-07:00,2025-09-09,07:45,465,True,S,16.450000,2,22.650000,4158.000000,0.325750,195.478827
I405_S,1,L405S-132,2025-09-09T07:50:00-07:00,2025-09-09,07:50,470,True,S,15.715000,3,24.733333,5188.000000,0.328267,237.211420
I405_S,2,L405S-115,2025-09-09T07:50:00-07:00,2025-09-09,07:50,470,True,S,16.290000,1,11.600000,3840.000000,0.451100,331.034483
I405_S,3,L405S-114,2025-09-09T07:50:00-07:00,2025-09-09,07:50,470,True,S,16.450000,2,20.700000,3432.000000,0.392450,177.724868
I405_S,1,L405S-132,2025-09-09T07:55:00-07:00,2025-09-09,07:55,475,True,S,15.715000,3,25.833333,5848.000000,0.316367,251.075762
I405_S,2,L405S-115,2025-09-09T07:55:00-07:00,2025-09-09,07:55,475,True,S,16.290000,1,11.400000,3984.000000,0.415500,349.473684
I405_S,3,L405S-114,2025-09-09T07:55:00-07:00,2025-09-09,07:55,475,True,S,16.450000,2,20.950000,3882.000000,0.333900,197.812455
I405_S,1,L405S-132,2025-09-09T08:00:00-07:00,2025-09-09,08:00,480,True,S,15.715000,3,22.166667,4144.000000,0.403800,214.747508
I405_S,2,L405S-115,2025-09-09T08:00:00-07:00,2025-09-09,08:00,480,True,S,16.290000,1,13.000000,4776.000000,0.357800,367.384615
I405_S,3,L405S-114,2025-09-09T08:00:00-07:00,2025-09-09,08:00,480,True,S,16.450000,2,23.500000,4356.000000,0.243600,194.772727
I405_S,1,L405S-132,2025-09-09T08:05:00-07:00,2025-09-09,08:05,485,True,S,15.715000,3,22.866667,4808.000000,0.325933,249.928273
I405_S,2,L405S-115,2025-09-09T08:05:00-07:00,2025-09-09,08:05,485,True,S,16.290000,1,10.600000,3048.000000,0.542400,287.547170
I405_S,3,L405S-114,2025-09-09T08:05:00-07:00,2025-09-09,08:05,485,True,S,16.450000,2,19.800000,2586.000000,0.409050,139.970951
I405_S,1,L405S-132,2025-09-09T08:10:00-07:00,2025-09-09,08:10,490,True,S,15.715000,3,25.666667,5552.000000,0.255033,240.575555
I405_S,2,L405S-115,2025-09-09T08:10:00-07:00,2025-09-09,08:10,490,True,S,16.290000,1,10.700000,3948.000000,0.430100,368.971963
I405_S,3,L405S-114,2025-09-09T08:10:00-07:00,2025-09-09,08:10,490,True,S,16.450000,2,18.700000,3540.000000,0.375200,203.704037
I405_S,1,L405S-132,2025-09-09T08:15:00-07:00,2025-09-09,08:15,495,True,S,15.715000,3,29.966667,6568.000000,0.251067,236.575148
I405_S,2,L405S-115,2025-09-09T08:15:00-07:00,2025-09-09,08:15,495,True,S,16.290000,1,14.300000,5436.000000,0.316900,380.139860
I405_S,3,L405S-114,2025-09-09T08:15:00-07:00,2025-09-09,08:15,495,True,S,16.450000,2,22.250000,4782.000000,0.290800,230.624599
I405_S,1,L405S-132,2025-09-09T08:20:00-07:00,2025-09-09,08:20,500,True,S,15.715000,3,29.600000,5288.000000,0.293967,205.094083
I405_S,2,L405S-115,2025-09-09T08:20:00-07:00,2025-09-09,08:20,500,True,S,16.290000,1,16.300000,4932.000000,0.323400,302.576687
I405_S,3,L405S-114,2025-09-09T08:20:00-07:00,2025-09-09,08:20,500,True,S,16.450000,2,29.500000,4554.000000,0.169650,156.736959
I405_S,1,L405S-132,2025-09-09T08:25:00-07:00,2025-09-09,08:25,505,True,S,15.715000,3,27.533333,5072.000000,0.336233,220.130408
I405_S,2,L405S-115,2025-09-09T08:25:00-07:00,2025-09-09,08:25,505,True,S,16.290000,1,13.500000,4056.000000,0.425300,300.444444
I405_S,3,L405S-114,2025-09-09T08:25:00-07:00,2025-09-09,08:25,505,True,S,16.450000,2,24.950000,3840.000000,0.314350,157.833886
I405_S,1,L405S-132,2025-09-09T08:30:00-07:00,2025-09-09,08:30,510,True,S,15.715000,3,28.433333,5380.000000,0.266633,221.304896
I405_S,2,L405S-115,2025-09-09T08:30:00-07:00,2025-09-09,08:30,510,True,S,16.290000,1,11.800000,3960.000000,0.446000,335.593220
I405_S,3,L405S-114,2025-09-09T08:30:00-07:00,2025-09-09,08:30,510,True,S,16.450000,2,24.400000,3558.000000,0.293700,151.079899
I405_S,1,L405S-132,2025-09-09T08:35:00-07:00,2025-09-09,08:35,515,True,S,15.715000,3,26.366667,5112.000000,0.328333,224.149336
I405_S,2,L405S-115,2025-09-09T08:35:00-07:00,2025-09-09,08:35,515,True,S,16.290000,1,12.200000,4572.000000,0.408600,374.754098
I405_S,3,L405S-114,2025-09-09T08:35:00-07:00,2025-09-09,08:35,515,True,S,16.450000,2,22.450000,3990.000000,0.298400,183.888552
I405_S,1,L405S-132,2025-09-09T08:40:00-07:00,2025-09-09,08:40,520,True,S,15.715000,3,27.766667,5820.000000,0.280167,239.233512
I405_S,2,L405S-115,2025-09-09T08:40:00-07:00,2025-09-09,08:40,520,True,S,16.290000,1,11.800000,3936.000000,0.419800,333.559322
I405_S,3,L405S-114,2025-09-09T08:40:00-07:00,2025-09-09,08:40,520,True,S,16.450000,2,21.550000,3654.000000,0.314850,178.401208
I405_S,1,L405S-132,2025-09-09T08:45:00-07:00,2025-09-09,08:45,525,True,S,15.715000,3,25.833333,4512.000000,0.371700,205.912487
I405_S,2,L405S-115,2025-09-09T08:45:00-07:00,2025-09-09,08:45,525,True,S,16.290000,1,12.700000,4788.000000,0.380600,377.007874
I405_S,3,L405S-114,2025-09-09T08:45:00-07:00,2025-09-09,08:45,525,True,S,16.450000,2,22.150000,4464.000000,0.302000,212.744727
I405_S,1,L405S-132,2025-09-09T08:50:00-07:00,2025-09-09,08:50,530,True,S,15.715000,3,21.233333,3844.000000,0.381733,226.555967
I405_S,2,L405S-115,2025-09-09T08:50:00-07:00,2025-09-09,08:50,530,True,S,16.290000,1,11.000000,3648.000000,0.457100,331.636364
I405_S,3,L405S-114,2025-09-09T08:50:00-07:00,2025-09-09,08:50,530,True,S,16.450000,2,19.650000,3198.000000,0.372800,174.388513
I405_S,1,L405S-132,2025-09-09T08:55:00-07:00,2025-09-09,08:55,535,True,S,15.715000,3,26.900000,6060.000000,0.225633,240.875745
I405_S,2,L405S-115,2025-09-09T08:55:00-07:00,2025-09-09,08:55,535,True,S,16.290000,1,10.600000,3492.000000,0.450200,329.433962
I405_S,3,L405S-114,2025-09-09T08:55:00-07:00,2025-09-09,08:55,535,True,S,16.450000,2,18.650000,2916.000000,0.409000,167.918195
I405_S,1,L405S-132,2025-09-09T09:00:00-07:00,2025-09-09,09:00,540,True,S,15.715000,3,28.833333,6008.000000,0.273867,222.921285
I405_S,2,L405S-115,2025-09-09T09:00:00-07:00,2025-09-09,09:00,540,True,S,16.290000,1,15.100000,5484.000000,0.305500,363.178808
I405_S,3,L405S-114,2025-09-09T09:00:00-07:00,2025-09-09,09:00,540,True,S,16.450000,2,20.400000,4488.000000,0.280650,232.586954
I405_S,1,L405S-132,2025-09-09T09:05:00-07:00,2025-09-09,09:05,545,True,S,15.715000,3,25.900000,4852.000000,0.327367,212.421356
I405_S,2,L405S-115,2025-09-09T09:05:00-07:00,2025-09-09,09:05,545,True,S,16.290000,1,14.600000,4656.000000,0.356600,318.904110
I405_S,3,L405S-114,2025-09-09T09:05:00-07:00,2025-09-09,09:05,545,True,S,16.450000,2,23.000000,4092.000000,0.235350,182.622669
I405_S,1,L405S-132,2025-09-09T09:10:00-07:00,2025-09-09,09:10,550,True,S,15.715000,3,29.000000,6124.000000,0.227300,222.423724
I405_S,2,L405S-115,2025-09-09T09:10:00-07:00,2025-09-09,09:10,550,True,S,16.290000,1,13.700000,4380.000000,0.387700,319.708029
I405_S,3,L405S-114,2025-09-09T09:10:00-07:00,2025-09-09,09:10,550,True,S,16.450000,2,20.600000,3612.000000,0.355300,181.732558
I405_S,1,L405S-132,2025-09-09T09:15:00-07:00,2025-09-09,09:15,555,True,S,15.715000,3,32.900000,6412.000000,0.224633,205.120119
I405_S,2,L405S-115,2025-09-09T09:15:00-07:00,2025-09-09,09:15,555,True,S,16.290000,1,17.000000,5856.000000,0.290900,344.470588
I405_S,3,L405S-114,2025-09-09T09:15:00-07:00,2025-09-09,09:15,555,True,S,16.450000,2,27.500000,4920.000000,0.247750,190.485695
I405_S,1,L405S-132,2025-09-09T09:20:00-07:00,2025-09-09,09:20,560,True,S,15.715000,3,35.533333,6180.000000,0.199567,184.798529
I405_S,2,L405S-115,2025-09-09T09:20:00-07:00,2025-09-09,09:20,560,True,S,16.290000,1,15.500000,4656.000000,0.353900,300.387097
I405_S,3,L405S-114,2025-09-09T09:20:00-07:00,2025-09-09,09:20,560,True,S,16.450000,2,27.550000,4260.000000,0.225600,159.857580
I405_S,1,L405S-132,2025-09-09T09:25:00-07:00,2025-09-09,09:25,565,True,S,15.715000,3,40.333333,6972.000000,0.177167,179.191074
I405_S,2,L405S-115,2025-09-09T09:25:00-07:00,2025-09-09,09:25,565,True,S,16.290000,1,18.200000,5868.000000,0.287600,322.417582
I405_S,3,L405S-114,2025-09-09T09:25:00-07:00,2025-09-09,09:25,565,True,S,16.450000,2,30.600000,5394.000000,0.208250,178.253178
I405_S,1,L405S-132,2025-09-09T09:30:00-07:00,2025-09-09,09:30,570,True,S,15.715000,3,37.633333,6412.000000,0.229800,177.242717
I405_S,2,L405S-115,2025-09-09T09:30:00-07:00,2025-09-09,09:30,570,True,S,16.290000,1,21.700000,6168.000000,0.243000,284.239631
I405_S,3,L405S-114,2025-09-09T09:30:00-07:00,2025-09-09,09:30,570,True,S,16.450000,2,34.200000,5160.000000,0.174300,151.086637
I405_S,1,L405S-132,2025-09-09T09:35:00-07:00,2025-09-09,09:35,575,True,S,15.715000,3,41.600000,6960.000000,0.191000,176.900879
I405_S,2,L405S-115,2025-09-09T09:35:00-07:00,2025-09-09,09:35,575,True,S,16.290000,1,18.300000,4824.000000,0.343300,263.606557
I405_S,3,L405S-114,2025-09-09T09:35:00-07:00,2025-09-09,09:35,575,True,S,16.450000,2,32.250000,4578.000000,0.214150,142.450216
I405_S,1,L405S-132,2025-09-09T09:40:00-07:00,2025-09-09,09:40,580,True,S,15.715000,3,48.066667,7556.000000,0.153633,161.769351
I405_S,2,L405S-115,2025-09-09T09:40:00-07:00,2025-09-09,09:40,580,True,S,16.290000,1,20.200000,6204.000000,0.276600,307.128713
I405_S,3,L405S-114,2025-09-09T09:40:00-07:00,2025-09-09,09:40,580,True,S,16.450000,2,32.450000,5454.000000,0.205500,167.874608
I405_S,1,L405S-132,2025-09-09T09:45:00-07:00,2025-09-09,09:45,585,True,S,15.715000,3,47.666667,7628.000000,0.170700,161.100815
I405_S,2,L405S-115,2025-09-09T09:45:00-07:00,2025-09-09,09:45,585,True,S,16.290000,1,26.400000,6816.000000,0.199600,258.181818
I405_S,3,L405S-114,2025-09-09T09:45:00-07:00,2025-09-09,09:45,585,True,S,16.450000,2,36.100000,5412.000000,0.159150,149.737268
I405_S,1,L405S-132,2025-09-09T09:50:00-07:00,2025-09-09,09:50,590,True,S,15.715000,3,48.033333,8396.000000,0.187600,175.345141
I405_S,2,L405S-115,2025-09-09T09:50:00-07:00,2025-09-09,09:50,590,True,S,16.290000,1,29.200000,7152.000000,0.212000,244.931507
I405_S,3,L405S-114,2025-09-09T09:50:00-07:00,2025-09-09,09:50,590,True,S,16.450000,2,39.500000,6264.000000,0.171000,158.448472
I405_S,1,L405S-132,2025-09-09T09:55:00-07:00,2025-09-09,09:55,595,True,S,15.715000,3,48.933333,6692.000000,0.149833,138.488712
I405_S,2,L405S-115,2025-09-09T09:55:00-07:00,2025-09-09,09:55,595,True,S,16.290000,1,46.200000,6168.000000,0.091300,133.506494
I405_S,3,L405S-114,2025-09-09T09:55:00-07:00,2025-09-09,09:55,595,True,S,16.450000,2,51.150000,5124.000000,0.092050,100.158938
I405_S,1,L405S-132,2025-09-09T10:00:00-07:00,2025-09-09,10:00,600,False,S,15.715000,3,55.800000,5592.000000,0.093567,100.291655
I405_S,2,L405S-115,2025-09-09T10:00:00-07:00,2025-09-09,10:00,600,False,S,16.290000,1,54.700000,5400.000000,0.080700,98.720293
I405_S,3,L405S-114,2025-09-09T10:00:00-07:00,2025-09-09,10:00,600,False,S,16.450000,2,56.500000,4224.000000,0.079100,74.743757
I405_S,1,L405S-132,2025-09-09T10:05:00-07:00,2025-09-09,10:05,605,False,S,15.715000,3,58.600000,6912.000000,0.120533,118.378061
I405_S,2,L405S-115,2025-09-09T10:05:00-07:00,2025-09-09,10:05,605,False,S,16.290000,1,59.500000,5472.000000,0.078800,91.966387
I405_S,3,L405S-114,2025-09-09T10:05:00-07:00,2025-09-09,10:05,605,False,S,16.450000,2,59.550000,4272.000000,0.078350,71.706166
I405_S,1,L405S-132,2025-09-09T10:10:00-07:00,2025-09-09,10:10,610,False,S,15.715000,3,59.966667,5676.000000,0.096433,94.558904
I405_S,2,L405S-115,2025-09-09T10:10:00-07:00,2025-09-09,10:10,610,False,S,16.290000,1,61.100000,5664.000000,0.084200,92.700491
I405_S,3,L405S-114,2025-09-09T10:10:00-07:00,2025-09-09,10:10,610,False,S,16.450000,2,61.250000,4602.000000,0.082950,75.125075
I405_S,1,L405S-132,2025-09-09T10:15:00-07:00,2025-09-09,10:15,615,False,S,15.715000,3,61.133333,6440.000000,0.108467,105.370654
I405_S,2,L405S-115,2025-09-09T10:15:00-07:00,2025-09-09,10:15,615,False,S,16.290000,1,62.200000,6108.000000,0.089800,98.199357
I405_S,3,L405S-114,2025-09-09T10:15:00-07:00,2025-09-09,10:15,615,False,S,16.450000,2,62.100000,4932.000000,0.087200,79.404406
I405_S,1,L405S-132,2025-09-09T10:20:00-07:00,2025-09-09,10:20,620,False,S,15.715000,3,60.433333,6520.000000,0.116833,108.096712
I405_S,2,L405S-115,2025-09-09T10:20:00-07:00,2025-09-09,10:20,620,False,S,16.290000,1,62.300000,6024.000000,0.089900,96.693419
I405_S,3,L405S-114,2025-09-09T10:20:00-07:00,2025-09-09,10:20,620,False,S,16.450000,2,62.250000,4968.000000,0.089550,79.783742
I405_S,1,L405S-132,2025-09-09T10:25:00-07:00,2025-09-09,10:25,625,False,S,15.715000,3,60.966667,6304.000000,0.108167,103.591954
I405_S,2,L405S-115,2025-09-09T10:25:00-07:00,2025-09-09,10:25,625,False,S,16.290000,1,62.200000,5892.000000,0.087300,94.726688
I405_S,3,L405S-114,2025-09-09T10:25:00-07:00,2025-09-09,10:25,625,False,S,16.450000,2,62.750000,4374.000000,0.080200,69.683933
I405_S,1,L405S-132,2025-09-10T05:30:00-07:00,2025-09-10,05:30,330,False,S,15.715000,3,67.366667,4964.000000,0.084500,73.813824
I405_S,2,L405S-115,2025-09-10T05:30:00-07:00,2025-09-10,05:30,330,False,S,16.290000,1,71.800000,4164.000000,0.054900,57.994429
I405_S,3,L405S-114,2025-09-10T05:30:00-07:00,2025-09-10,05:30,330,False,S,16.450000,2,68.600000,3684.000000,0.067250,53.697980
I405_S,1,L405S-132,2025-09-10T05:35:00-07:00,2025-09-10,05:35,335,False,S,15.715000,3,68.066667,4880.000000,0.081600,71.691410
I405_S,2,L405S-115,2025-09-10T05:35:00-07:00,2025-09-10,05:35,335,False,S,16.290000,1,72.800000,4368.000000,0.055500,60.000000
I405_S,3,L405S-114,2025-09-10T05:35:00-07:00,2025-09-10,05:35,335,False,S,16.450000,2,69.800000,3930.000000,0.066700,56.298313
I405_S,1,L405S-132,2025-09-10T05:40:00-07:00,2025-09-10,05:40,340,False,S,15.715000,3,68.200000,5936.000000,0.097800,86.913104
I405_S,2,L405S-115,2025-09-10T05:40:00-07:00,2025-09-10,05:40,340,False,S,16.290000,1,71.800000,5880.000000,0.078900,81.894150
I405_S,3,L405S-114,2025-09-10T05:40:00-07:00,2025-09-10,05:40,340,False,S,16.450000,2,68.950000,4956.000000,0.089650,71.867836
I405_S,1,L405S-132,2025-09-10T05:45:00-07:00,2025-09-10,05:45,345,False,S,15.715000,3,68.633333,6244.000000,0.101600,90.904439
I405_S,2,L405S-115,2025-09-10T05:45:00-07:00,2025-09-10,05:45,345,False,S,16.290000,1,72.300000,5232.000000,0.067300,72.365145
I405_S,3,L405S-114,2025-09-10T05:45:00-07:00,2025-09-10,05:45,345,False,S,16.450000,2,70.050000,4692.000000,0.079650,66.975891
I405_S,1,L405S-132,2025-09-10T05:50:00-07:00,2025-09-10,05:50,350,False,S,15.715000,3,68.533333,6476.000000,0.106867,94.409597
I405_S,2,L405S-115,2025-09-10T05:50:00-07:00,2025-09-10,05:50,350,False,S,16.290000,1,71.500000,6360.000000,0.084500,88.951049
I405_S,3,L405S-114,2025-09-10T05:50:00-07:00,2025-09-10,05:50,350,False,S,16.450000,2,69.800000,5634.000000,0.096850,80.700283
I405_S,1,L405S-132,2025-09-10T05:55:00-07:00,2025-09-10,05:55,355,False,S,15.715000,3,69.966667,6256.000000,0.099267,89.334725
I405_S,2,L405S-115,2025-09-10T05:55:00-07:00,2025-09-10,05:55,355,False,S,16.290000,1,72.300000,5628.000000,0.071500,77.842324
I405_S,3,L405S-114,2025-09-10T05:55:00-07:00,2025-09-10,05:55,355,False,S,16.450000,2,70.650000,4884.000000,0.082650,69.099356
I405_S,1,L405S-132,2025-09-10T06:00:00-07:00,2025-09-10,06:00,360,True,S,15.715000,3,67.200000,6020.000000,0.101433,89.537570
I405_S,2,L405S-115,2025-09-10T06:00:00-07:00,2025-09-10,06:00,360,True,S,16.290000,1,70.600000,5640.000000,0.075200,79.886686
I405_S,3,L405S-114,2025-09-10T06:00:00-07:00,2025-09-10,06:00,360,True,S,16.450000,2,67.400000,4680.000000,0.084500,69.423854
I405_S,1,L405S-132,2025-09-10T06:05:00-07:00,2025-09-10,06:05,365,True,S,15.715000,3,65.100000,5436.000000,0.097067,83.366779
I405_S,2,L405S-115,2025-09-10T06:05:00-07:00,2025-09-10,06:05,365,True,S,16.290000,1,68.600000,5592.000000,0.077000,81.516035
I405_S,3,L405S-114,2025-09-10T06:05:00-07:00,2025-09-10,06:05,365,True,S,16.450000,2,65.000000,4710.000000,0.086150,72.465349
I405_S,1,L405S-132,2025-09-10T06:10:00-07:00,2025-09-10,06:10,370,True,S,15.715000,3,63.400000,6796.000000,0.120567,107.133036
I405_S,2,L405S-115,2025-09-10T06:10:00-07:00,2025-09-10,06:10,370,True,S,16.290000,1,66.500000,6228.000000,0.088200,93.654135
I405_S,3,L405S-114,2025-09-10T06:10:00-07:00,2025-09-10,06:10,370,True,S,16.450000,2,62.800000,5448.000000,0.101900,86.762415
I405_S,1,L405S-132,2025-09-10T06:15:00-07:00,2025-09-10,06:15,375,True,S,15.715000,3,62.300000,7384.000000,0.133100,118.483646
I405_S,2,L405S-115,2025-09-10T06:15:00-07:00,2025-09-10,06:15,375,True,S,16.290000,1,65.100000,7272.000000,0.104600,111.705069
I405_S,3,L405S-114,2025-09-10T06:15:00-07:00,2025-09-10,06:15,375,True,S,16.450000,2,61.700000,6246.000000,0.119300,101.234081
I405_S,1,L405S-132,2025-09-10T06:20:00-07:00,2025-09-10,06:20,380,True,S,15.715000,3,61.933333,7860.000000,0.138333,126.800022
I405_S,2,L405S-115,2025-09-10T06:20:00-07:00,2025-09-10,06:20,380,True,S,16.290000,1,65.100000,7392.000000,0.102700,113.548387
I405_S,3,L405S-114,2025-09-10T06:20:00-07:00,2025-09-10,06:20,380,True,S,16.450000,2,61.900000,6612.000000,0.117650,106.807742
I405_S,1,L405S-132,2025-09-10T06:25:00-07:00,2025-09-10,06:25,385,True,S,15.715000,3,60.833333,8232.000000,0.150133,135.310102
I405_S,2,L405S-115,2025-09-10T06:25:00-07:00,2025-09-10,06:25,385,True,S,16.290000,1,64.500000,7812.000000,0.110300,121.116279
I405_S,3,L405S-114,2025-09-10T06:25:00-07:00,2025-09-10,06:25,385,True,S,16.450000,2,61.200000,6876.000000,0.125300,112.341966
I405_S,1,L405S-132,2025-09-10T06:30:00-07:00,2025-09-10,06:30,390,True,S,15.715000,3,56.366667,8728.000000,0.185333,155.015790
I405_S,2,L405S-115,2025-09-10T06:30:00-07:00,2025-09-10,06:30,390,True,S,16.290000,1,61.100000,8760.000000,0.137000,143.371522
I405_S,3,L405S-114,2025-09-10T06:30:00-07:00,2025-09-10,06:30,390,True,S,16.450000,2,58.650000,7566.000000,0.149950,128.965110
I405_S,1,L405S-132,2025-09-10T06:35:00-07:00,2025-09-10,06:35,395,True,S,15.715000,3,57.600000,8576.000000,0.162333,149.054563
I405_S,2,L405S-115,2025-09-10T06:35:00-07:00,2025-09-10,06:35,395,True,S,16.290000,1,48.500000,7512.000000,0.196300,154.886598
I405_S,3,L405S-114,2025-09-10T06:35:00-07:00,2025-09-10,06:35,395,True,S,16.450000,2,49.700000,6378.000000,0.182350,128.062394
I405_S,1,L405S-132,2025-09-10T06:40:00-07:00,2025-09-10,06:40,400,True,S,15.715000,3,52.200000,8164.000000,0.207800,158.510643
I405_S,2,L405S-115,2025-09-10T06:40:00-07:00,2025-09-10,06:40,400,True,S,16.290000,1,40.800000,7644.000000,0.211300,187.352941
I405_S,3,L405S-114,2025-09-10T06:40:00-07:00,2025-09-10,06:40,400,True,S,16.450000,2,44.100000,6612.000000,0.193250,149.564213
I405_S,1,L405S-132,2025-09-10T06:45:00-07:00,2025-09-10,06:45,405,True,S,15.715000,3,47.833333,7260.000000,0.194567,155.124289
I405_S,2,L405S-115,2025-09-10T06:45:00-07:00,2025-09-10,06:45,405,True,S,16.290000,1,29.500000,6264.000000,0.322500,212.338983
I405_S,3,L405S-114,2025-09-10T06:45:00-07:00,2025-09-10,06:45,405,True,S,16.450000,2,36.300000,5544.000000,0.243100,153.231274
I405_S,1,L405S-132,2025-09-10T06:50:00-07:00,2025-09-10,06:50,410,True,S,15.715000,3,48.200000,7192.000000,0.184033,155.518460
I405_S,2,L405S-115,2025-09-10T06:50:00-07:00,2025-09-10,06:50,410,True,S,16.290000,1,24.900000,6156.000000,0.281700,247.228916
I405_S,3,L405S-114,2025-09-10T06:50:00-07:00,2025-09-10,06:50,410,True,S,16.450000,2,32.650000,5286.000000,0.235900,163.179347
I405_S,1,L405S-132,2025-09-10T06:55:00-07:00,2025-09-10,06:55,415,True,S,15.715000,3,50.166667,8536.000000,0.183400,172.111783
I405_S,2,L405S-115,2025-09-10T06:55:00-07:00,2025-09-10,06:55,415,True,S,16.290000,1,22.500000,6516.000000,0.295200,289.600000
I405_S,3,L405S-114,2025-09-10T06:55:00-07:00,2025-09-10,06:55,415,True,S,16.450000,2,31.450000,5922.000000,0.263850,190.001831
I405_S,1,L405S-132,2025-09-10T07:00:00-07:00,2025-09-10,07:00,420,True,S,15.715000,3,50.166667,7692.000000,0.189000,158.249125
I405_S,2,L405S-115,2025-09-10T07:00:00-07:00,2025-09-10,07:00,420,True,S,16.290000,1,25.200000,6852.000000,0.231200,271.904762
I405_S,3,L405S-114,2025-09-10T07:00:00-07:00,2025-09-10,07:00,420,True,S,16.450000,2,31.950000,6054.000000,0.213100,190.545840
I405_S,1,L405S-132,2025-09-10T07:05:00-07:00,2025-09-10,07:05,425,True,S,15.715000,3,47.600000,7488.000000,0.188633,160.862793
I405_S,2,L405S-115,2025-09-10T07:05:00-07:00,2025-09-10,07:05,425,True,S,16.290000,1,21.700000,6132.000000,0.307500,282.580645
I405_S,3,L405S-114,2025-09-10T07:05:00-07:00,2025-09-10,07:05,425,True,S,16.450000,2,30.950000,5448.000000,0.218800,177.208602
I405_S,1,L405S-132,2025-09-10T07:10:00-07:00,2025-09-10,07:10,430,True,S,15.715000,3,44.133333,7796.000000,0.222300,179.687356
I405_S,2,L405S-115,2025-09-10T07:10:00-07:00,2025-09-10,07:10,430,True,S,16.290000,1,22.700000,7020.000000,0.276000,309.251101
I405_S,3,L405S-114,2025-09-10T07:10:00-07:00,2025-09-10,07:10,430,True,S,16.450000,2,30.950000,5736.000000,0.219000,186.559383
I405_S,1,L405S-132,2025-09-10T07:15:00-07:00,2025-09-10,07:15,435,True,S,15.715000,3,44.433333,7448.000000,0.222233,174.927630
I405_S,2,L405S-115,2025-09-10T07:15:00-07:00,2025-09-10,07:15,435,True,S,16.290000,1,21.600000,6396.000000,0.293900,296.111111
I405_S,3,L405S-114,2025-09-10T07:15:00-07:00,2025-09-10,07:15,435,True,S,16.450000,2,32.100000,5754.000000,0.214950,180.196078
I405_S,1,L405S-132,2025-09-10T07:20:00-07:00,2025-09-10,07:20,440,True,S,15.715000,3,44.000000,6708.000000,0.222633,166.474073
I405_S,2,L405S-115,2025-09-10T07:20:00-07:00,2025-09-10,07:20,440,True,S,16.290000,1,18.900000,5760.000000,0.337700,304.761905
I405_S,3,L405S-114,2025-09-10T07:20:00-07:00,2025-09-10,07:20,440,True,S,16.450000,2,30.400000,5166.000000,0.234350,172.365226
I405_S,1,L405S-132,2025-09-10T07:25:00-07:00,2025-09-10,07:25,445,True,S,15.715000,3,34.466667,5464.000000,0.320833,174.991345
I405_S,2,L405S-115,2025-09-10T07:25:00-07:00,2025-09-10,07:25,445,True,S,16.290000,1,16.000000,5292.000000,0.374600,330.750000
I405_S,3,L405S-114,2025-09-10T07:25:00-07:00,2025-09-10,07:25,445,True,S,16.450000,2,27.400000,4590.000000,0.244750,169.543102
I405_S,1,L405S-132,2025-09-10T07:30:00-07:00,2025-09-10,07:30,450,True,S,15.715000,3,28.633333,4256.000000,0.294200,175.202802
I405_S,2,L405S-115,2025-09-10T07:30:00-07:00,2025-09-10,07:30,450,True,S,16.290000,1,12.300000,4164.000000,0.461000,338.536585
I405_S,3,L405S-114,2025-09-10T07:30:00-07:00,2025-09-10,07:30,450,True,S,16.450000,2,23.800000,3390.000000,0.283650,147.046410
I405_S,1,L405S-132,2025-09-10T07:35:00-07:00,2025-09-10,07:35,455,True,S,15.715000,3,31.400000,5612.000000,0.246067,208.209068
I405_S,2,L405S-115,2025-09-10T07:35:00-07:00,2025-09-10,07:35,455,True,S,16.290000,1,9.200000,3480.000000,0.522600,378.260870
I405_S,3,L405S-114,2025-09-10T07:35:00-07:00,2025-09-10,07:35,455,True,S,16.450000,2,22.300000,3414.000000,0.321700,154.950713
I405_S,1,L405S-132,2025-09-10T07:40:00-07:00,2025-09-10,07:40,460,True,S,15.715000,3,32.566667,6084.000000,0.250667,209.716618
I405_S,2,L405S-115,2025-09-10T07:40:00-07:00,2025-09-10,07:40,460,True,S,16.290000,1,10.100000,4776.000000,0.405400,472.871287
I405_S,3,L405S-114,2025-09-10T07:40:00-07:00,2025-09-10,07:40,460,True,S,16.450000,2,26.150000,4368.000000,0.252350,170.657661
I405_S,1,L405S-132,2025-09-10T07:45:00-07:00,2025-09-10,07:45,465,True,S,15.715000,3,28.333333,4804.000000,0.304467,197.429964
I405_S,2,L405S-115,2025-09-10T07:45:00-07:00,2025-09-10,07:45,465,True,S,16.290000,1,11.900000,4776.000000,0.378100,401.344538
I405_S,3,L405S-114,2025-09-10T07:45:00-07:00,2025-09-10,07:45,465,True,S,16.450000,2,25.300000,4038.000000,0.206150,161.125812
I405_S,1,L405S-132,2025-09-10T07:50:00-07:00,2025-09-10,07:50,470,True,S,15.715000,3,26.733333,4272.000000,0.342267,189.302987
I405_S,2,L405S-115,2025-09-10T07:50:00-07:00,2025-09-10,07:50,470,True,S,16.290000,1,10.200000,4152.000000,0.440500,407.058824
I405_S,3,L405S-114,2025-09-10T07:50:00-07:00,2025-09-10,07:50,470,True,S,16.450000,2,25.050000,3630.000000,0.259250,146.937951
I405_S,1,L405S-132,2025-09-10T07:55:00-07:00,2025-09-10,07:55,475,True,S,15.715000,3,27.166667,5124.000000,0.241633,221.844902
I405_S,2,L405S-115,2025-09-10T07:55:00-07:00,2025-09-10,07:55,475,True,S,16.290000,1,8.100000,3072.000000,0.487600,379.259259
I405_S,3,L405S-114,2025-09-10T07:55:00-07:00,2025-09-10,07:55,475,True,S,16.450000,2,21.850000,3000.000000,0.309500,139.560440
I405_S,1,L405S-132,2025-09-10T08:00:00-07:00,2025-09-10,08:00,480,True,S,15.715000,3,28.966667,5892.000000,0.283167,228.427467
I405_S,2,L405S-115,2025-09-10T08:00:00-07:00,2025-09-10,08:00,480,True,S,16.290000,1,10.500000,5184.000000,0.367200,493.714286
I405_S,3,L405S-114,2025-09-10T08:00:00-07:00,2025-09-10,08:00,480,True,S,16.450000,2,25.400000,4788.000000,0.263400,194.482496
I405_S,1,L405S-132,2025-09-10T08:05:00-07:00,2025-09-10,08:05,485,True,S,15.715000,3,27.633333,4888.000000,0.312567,215.222568
I405_S,2,L405S-115,2025-09-10T08:05:00-07:00,2025-09-10,08:05,485,True,S,16.290000,1,10.300000,4440.000000,0.411500,431.067961
I405_S,3,L405S-114,2025-09-10T08:05:00-07:00,2025-09-10,08:05,485,True,S,16.450000,2,24.350000,3948.000000,0.266850,165.916241
I405_S,1,L405S-132,2025-09-10T08:10:00-07:00,2025-09-10,08:10,490,True,S,15.715000,3,26.033333,5036.000000,0.332067,233.591550
I405_S,2,L405S-115,2025-09-10T08:10:00-07:00,2025-09-10,08:10,490,True,S,16.290000,1,9.300000,4212.000000,0.453300,452.903226
I405_S,3,L405S-114,2025-09-10T08:10:00-07:00,2025-09-10,08:10,490,True,S,16.450000,2,22.950000,3912.000000,0.275100,173.834070
I405_S,1,L405S-132,2025-09-10T08:15:00-07:00,2025-09-10,08:15,495,True,S,15.715000,3,23.633333,4144.000000,0.338133,217.857979
I405_S,2,L405S-115,2025-09-10T08:15:00-07:00,2025-09-10,08:15,495,True,S,16.290000,1,10.100000,4488.000000,0.415100,444.356436
I405_S,3,L405S-114,2025-09-10T08:15:00-07:00,2025-09-10,08:15,495,True,S,16.450000,2,22.300000,3918.000000,0.270850,179.951307
I405_S,1,L405S-132,2025-09-10T08:20:00-07:00,2025-09-10,08:20,500,True,S,15.715000,3,22.400000,4404.000000,0.345267,241.512133
I405_S,2,L405S-115,2025-09-10T08:20:00-07:00,2025-09-10,08:20,500,True,S,16.290000,1,8.400000,3720.000000,0.497000,442.857143
I405_S,3,L405S-114,2025-09-10T08:20:00-07:00,2025-09-10,08:20,500,True,S,16.450000,2,22.000000,3396.000000,0.300650,156.138929
I405_S,1,L405S-132,2025-09-10T08:25:00-07:00,2025-09-10,08:25,505,True,S,15.715000,3,20.633333,3588.000000,0.395800,225.352676
I405_S,2,L405S-115,2025-09-10T08:25:00-07:00,2025-09-10,08:25,505,True,S,16.290000,1,8.700000,4056.000000,0.415800,466.206897
I405_S,3,L405S-114,2025-09-10T08:25:00-07:00,2025-09-10,08:25,505,True,S,16.450000,2,20.750000,3546.000000,0.288400,174.833544
I405_S,1,L405S-132,2025-09-10T08:30:00-07:00,2025-09-10,08:30,510,True,S,15.715000,3,20.166667,3688.000000,0.359100,246.996708
I405_S,2,L405S-115,2025-09-10T08:30:00-07:00,2025-09-10,08:30,510,True,S,16.290000,1,6.700000,2772.000000,0.555500,413.731343
I405_S,3,L405S-114,2025-09-10T08:30:00-07:00,2025-09-10,08:30,510,True,S,16.450000,2,19.950000,2730.000000,0.322700,138.645618
I405_S,1,L405S-132,2025-09-10T08:35:00-07:00,2025-09-10,08:35,515,True,S,15.715000,3,21.200000,3908.000000,0.356000,251.643574
I405_S,2,L405S-115,2025-09-10T08:35:00-07:00,2025-09-10,08:35,515,True,S,16.290000,1,6.200000,3120.000000,0.514100,503.225806
I405_S,3,L405S-114,2025-09-10T08:35:00-07:00,2025-09-10,08:35,515,True,S,16.450000,2,19.350000,2856.000000,0.326650,149.903148
I405_S,1,L405S-132,2025-09-10T08:40:00-07:00,2025-09-10,08:40,520,True,S,15.715000,3,23.466667,4180.000000,0.331433,245.828303
I405_S,2,L405S-115,2025-09-10T08:40:00-07:00,2025-09-10,08:40,520,True,S,16.290000,1,6.000000,3300.000000,0.528700,550.000000
I405_S,3,L405S-114,2025-09-10T08:40:00-07:00,2025-09-10,08:40,520,True,S,16.450000,2,19.800000,3054.000000,0.323900,155.382488
I405_S,1,L405S-132,2025-09-10T08:45:00-07:00,2025-09-10,08:45,525,True,S,15.715000,3,24.633333,4988.000000,0.281433,257.410748
I405_S,2,L405S-115,2025-09-10T08:45:00-07:00,2025-09-10,08:45,525,True,S,16.290000,1,7.100000,4008.000000,0.461000,564.507042
I405_S,3,L405S-114,2025-09-10T08:45:00-07:00,2025-09-10,08:45,525,True,S,16.450000,2,21.800000,3432.000000,0.242700,160.714967
I405_S,1,L405S-132,2025-09-10T08:50:00-07:00,2025-09-10,08:50,530,True,S,15.715000,3,28.400000,5544.000000,0.284533,243.397638
I405_S,2,L405S-115,2025-09-10T08:50:00-07:00,2025-09-10,08:50,530,True,S,16.290000,1,8.600000,4500.000000,0.432000,523.255814
I405_S,3,L405S-114,2025-09-10T08:50:00-07:00,2025-09-10,08:50,530,True,S,16.450000,2,26.350000,4200.000000,0.230050,163.023900
I405_S,1,L405S-132,2025-09-10T08:55:00-07:00,2025-09-10,08:55,535,True,S,15.715000,3,26.100000,4256.000000,0.305000,202.769703
I405_S,2,L405S-115,2025-09-10T08:55:00-07:00,2025-09-10,08:55,535,True,S,16.290000,1,11.000000,4764.000000,0.333700,433.090909
I405_S,3,L405S-114,2025-09-10T08:55:00-07:00,2025-09-10,08:55,535,True,S,16.450000,2,26.300000,4224.000000,0.198200,160.888465
I405_S,1,L405S-132,2025-09-10T09:00:00-07:00,2025-09-10,09:00,540,True,S,15.715000,3,26.300000,4696.000000,0.275500,216.687485
I405_S,2,L405S-115,2025-09-10T09:00:00-07:00,2025-09-10,09:00,540,True,S,16.290000,1,9.000000,3648.000000,0.461200,405.333333
I405_S,3,L405S-114,2025-09-10T09:00:00-07:00,2025-09-10,09:00,540,True,S,16.450000,2,23.850000,3246.000000,0.232450,138.985851
I405_S,1,L405S-132,2025-09-10T09:05:00-07:00,2025-09-10,09:05,545,True,S,15.715000,3,28.533333,5452.000000,0.272367,229.073033
I405_S,2,L405S-115,2025-09-10T09:05:00-07:00,2025-09-10,09:05,545,True,S,16.290000,1,10.000000,4704.000000,0.392800,470.400000
I405_S,3,L405S-114,2025-09-10T09:05:00-07:00,2025-09-10,09:05,545,True,S,16.450000,2,24.500000,4194.000000,0.274850,174.781992
I405_S,1,L405S-132,2025-09-10T09:10:00-07:00,2025-09-10,09:10,550,True,S,15.715000,3,24.733333,4144.000000,0.343933,207.005886
I405_S,2,L405S-115,2025-09-10T09:10:00-07:00,2025-09-10,09:10,550,True,S,16.290000,1,10.500000,4728.000000,0.387500,450.285714
I405_S,3,L405S-114,2025-09-10T09:10:00-07:00,2025-09-10,09:10,550,True,S,16.450000,2,24.150000,4080.000000,0.231500,171.870146
I405_S,1,L405S-132,2025-09-10T09:15:00-07:00,2025-09-10,09:15,555,True,S,15.715000,3,27.233333,5068.000000,0.240800,217.677418
I405_S,2,L405S-115,2025-09-10T09:15:00-07:00,2025-09-10,09:15,555,True,S,16.290000,1,9.600000,3744.000000,0.446900,390.000000
I405_S,3,L405S-114,2025-09-10T09:15:00-07:00,2025-09-10,09:15,555,True,S,16.450000,2,22.500000,3348.000000,0.325400,150.445518
I405_S,1,L405S-132,2025-09-10T09:20:00-07:00,2025-09-10,09:20,560,True,S,15.715000,3,29.133333,5684.000000,0.259100,221.823497
I405_S,2,L405S-115,2025-09-10T09:20:00-07:00,2025-09-10,09:20,560,True,S,16.290000,1,11.100000,5136.000000,0.368000,462.702703
I405_S,3,L405S-114,2025-09-10T09:20:00-07:00,2025-09-10,09:20,560,True,S,16.450000,2,22.450000,4566.000000,0.287500,205.907563
I405_S,1,L405S-132,2025-09-10T09:25:00-07:00,2025-09-10,09:25,565,True,S,15.715000,3,35.233333,6428.000000,0.180033,194.936854
I405_S,2,L405S-115,2025-09-10T09:25:00-07:00,2025-09-10,09:25,565,True,S,16.290000,1,11.800000,5028.000000,0.365400,426.101695
I405_S,3,L405S-114,2025-09-10T09:25:00-07:00,2025-09-10,09:25,565,True,S,16.450000,2,24.500000,4476.000000,0.225200,185.824618
I405_S,1,L405S-132,2025-09-10T09:30:00-07:00,2025-09-10,09:30,570,True,S,15.715000,3,36.966667,6256.000000,0.202967,178.676402
I405_S,2,L405S-115,2025-09-10T09:30:00-07:00,2025-09-10,09:30,570,True,S,16.290000,1,17.800000,6312.000000,0.243800,354.606742
I405_S,3,L405S-114,2025-09-10T09:30:00-07:00,2025-09-10,09:30,570,True,S,16.450000,2,26.600000,5334.000000,0.233300,202.733698
I405_S,1,L405S-132,2025-09-10T09:35:00-07:00,2025-09-10,09:35,575,True,S,15.715000,3,41.566667,6860.000000,0.164600,169.709063
I405_S,2,L405S-115,2025-09-10T09:35:00-07:00,2025-09-10,09:35,575,True,S,16.290000,1,16.300000,5244.000000,0.360600,321.717791
I405_S,3,L405S-114,2025-09-10T09:35:00-07:00,2025-09-10,09:35,575,True,S,16.450000,2,26.400000,4770.000000,0.234150,181.566904
I405_S,1,L405S-132,2025-09-10T09:40:00-07:00,2025-09-10,09:40,580,True,S,15.715000,3,42.166667,6572.000000,0.182900,161.617718
I405_S,2,L405S-115,2025-09-10T09:40:00-07:00,2025-09-10,09:40,580,True,S,16.290000,1,21.100000,6444.000000,0.225400,305.402844
I405_S,3,L405S-114,2025-09-10T09:40:00-07:00,2025-09-10,09:40,580,True,S,16.450000,2,31.450000,5424.000000,0.173900,172.125903
I405_S,1,L405S-132,2025-09-10T09:45:00-07:00,2025-09-10,09:45,585,True,S,15.715000,3,44.500000,7360.000000,0.175500,167.645560
I405_S,2,L405S-115,2025-09-10T09:45:00-07:00,2025-09-10,09:45,585,True,S,16.290000,1,21.200000,6192.000000,0.285100,292.075472
I405_S,3,L405S-114,2025-09-10T09:45:00-07:00,2025-09-10,09:45,585,True,S,16.450000,2,31.500000,5616.000000,0.221900,178.042577
I405_S,1,L405S-132,2025-09-10T09:50:00-07:00,2025-09-10,09:50,590,True,S,15.715000,3,49.066667,8024.000000,0.183433,167.275595
I405_S,2,L405S-115,2025-09-10T09:50:00-07:00,2025-09-10,09:50,590,True,S,16.290000,1,24.800000,6756.000000,0.219200,272.419355
I405_S,3,L405S-114,2025-09-10T09:50:00-07:00,2025-09-10,09:50,590,True,S,16.450000,2,32.050000,5916.000000,0.211850,184.285630
I405_S,1,L405S-132,2025-09-10T09:55:00-07:00,2025-09-10,09:55,595,True,S,15.715000,3,47.033333,7548.000000,0.201567,164.962202
I405_S,2,L405S-115,2025-09-10T09:55:00-07:00,2025-09-10,09:55,595,True,S,16.290000,1,30.100000,6900.000000,0.176300,229.235880
I405_S,3,L405S-114,2025-09-10T09:55:00-07:00,2025-09-10,09:55,595,True,S,16.450000,2,35.600000,5802.000000,0.168600,163.009119
I405_S,1,L405S-132,2025-09-10T10:00:00-07:00,2025-09-10,10:00,600,False,S,15.715000,3,44.900000,6520.000000,0.171233,148.925428
I405_S,2,L405S-115,2025-09-10T10:00:00-07:00,2025-09-10,10:00,600,False,S,16.290000,1,43.600000,5772.000000,0.091200,132.385321
I405_S,3,L405S-114,2025-09-10T10:00:00-07:00,2025-09-10,10:00,600,False,S,16.450000,2,43.650000,4896.000000,0.112250,112.652652
I405_S,1,L405S-132,2025-09-10T10:05:00-07:00,2025-09-10,10:05,605,False,S,15.715000,3,49.400000,7656.000000,0.159333,156.270699
I405_S,2,L405S-115,2025-09-10T10:05:00-07:00,2025-09-10,10:05,605,False,S,16.290000,1,41.500000,6312.000000,0.150400,152.096386
I405_S,3,L405S-114,2025-09-10T10:05:00-07:00,2025-09-10,10:05,605,False,S,16.450000,2,44.850000,5646.000000,0.139400,126.784148
I405_S,1,L405S-132,2025-09-10T10:10:00-07:00,2025-09-10,10:10,610,False,S,15.715000,3,54.833333,6964.000000,0.125967,127.202693
I405_S,2,L405S-115,2025-09-10T10:10:00-07:00,2025-09-10,10:10,610,False,S,16.290000,1,51.100000,5904.000000,0.088100,115.538160
I405_S,3,L405S-114,2025-09-10T10:10:00-07:00,2025-09-10,10:10,610,False,S,16.450000,2,52.500000,5322.000000,0.099950,101.410622
I405_S,1,L405S-132,2025-09-10T10:15:00-07:00,2025-09-10,10:15,615,False,S,15.715000,3,56.666667,6736.000000,0.126767,118.875867
I405_S,2,L405S-115,2025-09-10T10:15:00-07:00,2025-09-10,10:15,615,False,S,16.290000,1,55.800000,6492.000000,0.099100,116.344086
I405_S,3,L405S-114,2025-09-10T10:15:00-07:00,2025-09-10,10:15,615,False,S,16.450000,2,55.700000,5712.000000,0.111150,102.495744
I405_S,1,L405S-132,2025-09-10T10:20:00-07:00,2025-09-10,10:20,620,False,S,15.715000,3,58.766667,6244.000000,0.112200,106.126410
I405_S,2,L405S-115,2025-09-10T10:20:00-07:00,2025-09-10,10:20,620,False,S,16.290000,1,59.100000,5364.000000,0.079000,90.761421
I405_S,3,L405S-114,2025-09-10T10:20:00-07:00,2025-09-10,10:20,620,False,S,16.450000,2,58.650000,4638.000000,0.087600,79.077859
I405_S,1,L405S-132,2025-09-10T10:25:00-07:00,2025-09-10,10:25,625,False,S,15.715000,3,59.633333,6504.000000,0.118533,109.091056
I405_S,2,L405S-115,2025-09-10T10:25:00-07:00,2025-09-10,10:25,625,False,S,16.290000,1,59.700000,5940.000000,0.089600,99.497487
I405_S,3,L405S-114,2025-09-10T10:25:00-07:00,2025-09-10,10:25,625,False,S,16.450000,2,59.450000,5214.000000,0.097200,87.736109
I405_S,1,L405S-132,2025-09-11T05:30:00-07:00,2025-09-11,05:30,330,False,S,15.715000,3,69.033333,4464.000000,0.075267,64.697336
I405_S,2,L405S-115,2025-09-11T05:30:00-07:00,2025-09-11,05:30,330,False,S,16.290000,1,71.300000,3960.000000,0.052600,55.539972
I405_S,3,L405S-114,2025-09-11T05:30:00-07:00,2025-09-11,05:30,330,False,S,16.450000,2,68.050000,3354.000000,0.058100,49.305830
I405_S,1,L405S-132,2025-09-11T05:35:00-07:00,2025-09-11,05:35,335,False,S,15.715000,3,68.300000,6164.000000,0.102600,90.208671
I405_S,2,L405S-115,2025-09-11T05:35:00-07:00,2025-09-11,05:35,335,False,S,16.290000,1,70.000000,5388.000000,0.075400,76.971429
I405_S,3,L405S-114,2025-09-11T05:35:00-07:00,2025-09-11,05:35,335,False,S,16.450000,2,67.200000,4476.000000,0.079600,66.621460
I405_S,1,L405S-132,2025-09-11T05:40:00-07:00,2025-09-11,05:40,340,False,S,15.715000,3,69.033333,5308.000000,0.088667,76.831860
I405_S,2,L405S-115,2025-09-11T05:40:00-07:00,2025-09-11,05:40,340,False,S,16.290000,1,70.600000,5436.000000,0.074200,76.997167
I405_S,3,L405S-114,2025-09-11T05:40:00-07:00,2025-09-11,05:40,340,False,S,16.450000,2,66.700000,4620.000000,0.081500,69.272591
I405_S,1,L405S-132,2025-09-11T05:45:00-07:00,2025-09-11,05:45,345,False,S,15.715000,3,69.900000,6432.000000,0.102567,91.917280
I405_S,2,L405S-115,2025-09-11T05:45:00-07:00,2025-09-11,05:45,345,False,S,16.290000,1,69.800000,5988.000000,0.082800,85.787966
I405_S,3,L405S-114,2025-09-11T05:45:00-07:00,2025-09-11,05:45,345,False,S,16.450000,2,67.100000,5070.000000,0.086900,75.559805
I405_S,1,L405S-132,2025-09-11T05:50:00-07:00,2025-09-11,05:50,350,False,S,15.715000,3,69.366667,6024.000000,0.099767,86.762757
I405_S,2,L405S-115,2025-09-11T05:50:00-07:00,2025-09-11,05:50,350,False,S,16.290000,1,70.700000,5736.000000,0.077600,81.131542
I405_S,3,L405S-114,2025-09-11T05:50:00-07:00,2025-09-11,05:50,350,False,S,16.450000,2,67.350000,4746.000000,0.081300,70.488115
I405_S,1,L405S-132,2025-09-11T05:55:00-07:00,2025-09-11,05:55,355,False,S,15.715000,3,69.666667,6436.000000,0.102867,92.343197
I405_S,2,L405S-115,2025-09-11T05:55:00-07:00,2025-09-11,05:55,355,False,S,16.290000,1,70.300000,6276.000000,0.086200,89.274538
I405_S,3,L405S-114,2025-09-11T05:55:00-07:00,2025-09-11,05:55,355,False,S,16.450000,2,67.650000,5232.000000,0.087550,77.336480
I405_S,1,L405S-132,2025-09-11T06:00:00-07:00,2025-09-11,06:00,360,True,S,15.715000,3,67.166667,6020.000000,0.102133,89.611503
I405_S,2,L405S-115,2025-09-11T06:00:00-07:00,2025-09-11,06:00,360,True,S,16.290000,1,68.100000,5400.000000,0.077200,79.295154
I405_S,3,L405S-114,2025-09-11T06:00:00-07:00,2025-09-11,06:00,360,True,S,16.450000,2,65.000000,4680.000000,0.083350,72.038177
I405_S,1,L405S-132,2025-09-11T06:05:00-07:00,2025-09-11,06:05,365,True,S,15.715000,3,65.733333,6464.000000,0.108933,98.355192
I405_S,2,L405S-115,2025-09-11T06:05:00-07:00,2025-09-11,06:05,365,True,S,16.290000,1,67.300000,6192.000000,0.085300,92.005944
I405_S,3,L405S-114,2025-09-11T06:05:00-07:00,2025-09-11,06:05,365,True,S,16.450000,2,64.500000,5196.000000,0.089650,80.603346
I405_S,1,L405S-132,2025-09-11T06:10:00-07:00,2025-09-11,06:10,370,True,S,15.715000,3,65.400000,6368.000000,0.107767,97.341891
I405_S,2,L405S-115,2025-09-11T06:10:00-07:00,2025-09-11,06:10,370,True,S,16.290000,1,66.200000,6288.000000,0.091700,94.984894
I405_S,3,L405S-114,2025-09-11T06:10:00-07:00,2025-09-11,06:10,370,True,S,16.450000,2,62.850000,5316.000000,0.095100,84.613308
I405_S,1,L405S-132,2025-09-11T06:15:00-07:00,2025-09-11,06:15,375,True,S,15.715000,3,63.100000,7448.000000,0.132333,118.123471
I405_S,2,L405S-115,2025-09-11T06:15:00-07:00,2025-09-11,06:15,375,True,S,16.290000,1,65.300000,7032.000000,0.100900,107.687596
I405_S,3,L405S-114,2025-09-11T06:15:00-07:00,2025-09-11,06:15,375,True,S,16.450000,2,62.400000,5916.000000,0.103750,94.860710
I405_S,1,L405S-132,2025-09-11T06:20:00-07:00,2025-09-11,06:20,380,True,S,15.715000,3,62.033333,7756.000000,0.137767,124.949980
I405_S,2,L405S-115,2025-09-11T06:20:00-07:00,2025-09-11,06:20,380,True,S,16.290000,1,63.800000,7524.000000,0.113600,117.931034
I405_S,3,L405S-114,2025-09-11T06:20:00-07:00,2025-09-11,06:20,380,True,S,16.450000,2,61.450000,6246.000000,0.115800,101.647281
I405_S,1,L405S-132,2025-09-11T06:25:00-07:00,2025-09-11,06:25,385,True,S,15.715000,3,62.000000,7492.000000,0.131133,120.858330
I405_S,2,L405S-115,2025-09-11T06:25:00-07:00,2025-09-11,06:25,385,True,S,16.290000,1,63.000000,7068.000000,0.107100,112.190476
I405_S,3,L405S-114,2025-09-11T06:25:00-07:00,2025-09-11,06:25,385,True,S,16.450000,2,61.350000,5796.000000,0.107650,94.479634
I405_S,1,L405S-132,2025-09-11T06:30:00-07:00,2025-09-11,06:30,390,True,S,15.715000,3,62.733333,7560.000000,0.128367,120.433423
I405_S,2,L405S-115,2025-09-11T06:30:00-07:00,2025-09-11,06:30,390,True,S,16.290000,1,63.300000,7416.000000,0.107500,117.156398
I405_S,3,L405S-114,2025-09-11T06:30:00-07:00,2025-09-11,06:30,390,True,S,16.450000,2,61.400000,6126.000000,0.111350,99.775274
I405_S,1,L405S-132,2025-09-11T06:35:00-07:00,2025-09-11,06:35,395,True,S,15.715000,3,61.500000,8896.000000,0.156867,144.648016
I405_S,2,L405S-115,2025-09-11T06:35:00-07:00,2025-09-11,06:35,395,True,S,16.290000,1,62.400000,7824.000000,0.116500,125.384615
I405_S,3,L405S-114,2025-09-11T06:35:00-07:00,2025-09-11,06:35,395,True,S,16.450000,2,60.700000,6444.000000,0.114750,106.158043
I405_S,1,L405S-132,2025-09-11T06:40:00-07:00,2025-09-11,06:40,400,True,S,15.715000,3,55.866667,8240.000000,0.178167,147.629833
I405_S,2,L405S-115,2025-09-11T06:40:00-07:00,2025-09-11,06:40,400,True,S,16.290000,1,60.800000,8160.000000,0.127200,134.210526
I405_S,3,L405S-114,2025-09-11T06:40:00-07:00,2025-09-11,06:40,400,True,S,16.450000,2,58.950000,6816.000000,0.131050,115.623978
I405_S,1,L405S-132,2025-09-11T06:45:00-07:00,2025-09-11,06:45,405,True,S,15.715000,3,50.066667,7408.000000,0.189900,148.764929
I405_S,2,L405S-115,2025-09-11T06:45:00-07:00,2025-09-11,06:45,405,True,S,16.290000,1,43.400000,6960.000000,0.253500,160.368664
I405_S,3,L405S-114,2025-09-11T06:45:00-07:00,2025-09-11,06:45,405,True,S,16.450000,2,47.050000,5766.000000,0.184650,122.284086
I405_S,1,L405S-132,2025-09-11T06:50:00-07:00,2025-09-11,06:50,410,True,S,15.715000,3,49.633333,8060.000000,0.190700,164.133973
I405_S,2,L405S-115,2025-09-11T06:50:00-07:00,2025-09-11,06:50,410,True,S,16.290000,1,35.300000,6612.000000,0.234300,187.308782
I405_S,3,L405S-114,2025-09-11T06:50:00-07:00,2025-09-11,06:50,410,True,S,16.450000,2,40.750000,6198.000000,0.210550,151.965376
I405_S,1,L405S-132,2025-09-11T06:55:00-07:00,2025-09-11,06:55,415,True,S,15.715000,3,47.133333,8052.000000,0.212633,172.780643
I405_S,2,L405S-115,2025-09-11T06:55:00-07:00,2025-09-11,06:55,415,True,S,16.290000,1,28.200000,6096.000000,0.284600,216.170213
I405_S,3,L405S-114,2025-09-11T06:55:00-07:00,2025-09-11,06:55,415,True,S,16.450000,2,36.200000,5508.000000,0.208950,151.869039
I405_S,1,L405S-132,2025-09-11T07:00:00-07:00,2025-09-11,07:00,420,True,S,15.715000,3,44.233333,7528.000000,0.213067,173.057179
I405_S,2,L405S-115,2025-09-11T07:00:00-07:00,2025-09-11,07:00,420,True,S,16.290000,1,24.600000,5916.000000,0.286800,240.487805
I405_S,3,L405S-114,2025-09-11T07:00:00-07:00,2025-09-11,07:00,420,True,S,16.450000,2,32.150000,5556.000000,0.241400,172.935679
I405_S,1,L405S-132,2025-09-11T07:05:00-07:00,2025-09-11,07:05,425,True,S,15.715000,3,43.533333,8040.000000,0.216667,187.846576
I405_S,2,L405S-115,2025-09-11T07:05:00-07:00,2025-09-11,07:05,425,True,S,16.290000,1,25.400000,6696.000000,0.245100,263.622047
I405_S,3,L405S-114,2025-09-11T07:05:00-07:00,2025-09-11,07:05,425,True,S,16.450000,2,34.050000,5904.000000,0.188650,173.413145
I405_S,1,L405S-132,2025-09-11T07:10:00-07:00,2025-09-11,07:10,430,True,S,15.715000,3,42.600000,7176.000000,0.211400,172.532025
I405_S,2,L405S-115,2025-09-11T07:10:00-07:00,2025-09-11,07:10,430,True,S,16.290000,1,22.100000,5712.000000,0.312100,258.461538
I405_S,3,L405S-114,2025-09-11T07:10:00-07:00,2025-09-11,07:10,430,True,S,16.450000,2,32.000000,5118.000000,0.209550,159.578850
I405_S,1,L405S-132,2025-09-11T07:15:00-07:00,2025-09-11,07:15,435,True,S,15.715000,3,43.600000,6996.000000,0.198933,166.878235
I405_S,2,L405S-115,2025-09-11T07:15:00-07:00,2025-09-11,07:15,435,True,S,16.290000,1,20.500000,5424.000000,0.296500,264.585366
I405_S,3,L405S-114,2025-09-11T07:15:00-07:00,2025-09-11,07:15,435,True,S,16.450000,2,29.850000,5094.000000,0.215650,170.371943
I405_S,1,L405S-132,2025-09-11T07:20:00-07:00,2025-09-11,07:20,440,True,S,15.715000,3,40.833333,7008.000000,0.221867,177.625203
I405_S,2,L405S-115,2025-09-11T07:20:00-07:00,2025-09-11,07:20,440,True,S,16.290000,1,19.900000,5880.000000,0.317700,295.477387
I405_S,3,L405S-114,2025-09-11T07:20:00-07:00,2025-09-11,07:20,440,True,S,16.450000,2,28.850000,5310.000000,0.229800,183.843917
I405_S,1,L405S-132,2025-09-11T07:25:00-07:00,2025-09-11,07:25,445,True,S,15.715000,3,35.100000,5624.000000,0.279200,169.046879
I405_S,2,L405S-115,2025-09-11T07:25:00-07:00,2025-09-11,07:25,445,True,S,16.290000,1,18.300000,5136.000000,0.342800,280.655738
I405_S,3,L405S-114,2025-09-11T07:25:00-07:00,2025-09-11,07:25,445,True,S,16.450000,2,29.650000,4812.000000,0.198100,162.395859
I405_S,1,L405S-132,2025-09-11T07:30:00-07:00,2025-09-11,07:30,450,True,S,15.715000,3,28.033333,4220.000000,0.318267,165.420965
I405_S,2,L405S-115,2025-09-11T07:30:00-07:00,2025-09-11,07:30,450,True,S,16.290000,1,15.400000,4368.000000,0.420300,283.636364
I405_S,3,L405S-114,2025-09-11T07:30:00-07:00,2025-09-11,07:30,450,True,S,16.450000,2,27.500000,3738.000000,0.255000,136.493429
I405_S,1,L405S-132,2025-09-11T07:35:00-07:00,2025-09-11,07:35,455,True,S,15.715000,3,30.666667,5704.000000,0.242800,205.338473
I405_S,2,L405S-115,2025-09-11T07:35:00-07:00,2025-09-11,07:35,455,True,S,16.290000,1,12.700000,3336.000000,0.470000,262.677165
I405_S,3,L405S-114,2025-09-11T07:35:00-07:00,2025-09-11,07:35,455,True,S,16.450000,2,25.800000,3372.000000,0.278600,131.237362
I405_S,1,L405S-132,2025-09-11T07:40:00-07:00,2025-09-11,07:40,460,True,S,15.715000,3,34.533333,6524.000000,0.226167,202.271624
I405_S,2,L405S-115,2025-09-11T07:40:00-07:00,2025-09-11,07:40,460,True,S,16.290000,1,14.400000,4884.000000,0.357600,339.166667
I405_S,3,L405S-114,2025-09-11T07:40:00-07:00,2025-09-11,07:40,460,True,S,16.450000,2,27.300000,4566.000000,0.244900,168.754397
I405_S,1,L405S-132,2025-09-11T07:45:00-07:00,2025-09-11,07:45,465,True,S,15.715000,3,30.233333,5196.000000,0.327200,189.111334
I405_S,2,L405S-115,2025-09-11T07:45:00-07:00,2025-09-11,07:45,465,True,S,16.290000,1,16.100000,5256.000000,0.345500,326.459627
I405_S,3,L405S-114,2025-09-11T07:45:00-07:00,2025-09-11,07:45,465,True,S,16.450000,2,29.200000,4692.000000,0.181450,161.335211
I405_S,1,L405S-132,2025-09-11T07:50:00-07:00,2025-09-11,07:50,470,True,S,15.715000,3,24.000000,4100.000000,0.364400,198.222243
I405_S,2,L405S-115,2025-09-11T07:50:00-07:00,2025-09-11,07:50,470,True,S,16.290000,1,13.200000,3564.000000,0.435900,270.000000
I405_S,3,L405S-114,2025-09-11T07:50:00-07:00,2025-09-11,07:50,470,True,S,16.450000,2,25.600000,3474.000000,0.240700,136.555802
I405_S,1,L405S-132,2025-09-11T07:55:00-07:00,2025-09-11,07:55,475,True,S,15.715000,3,24.900000,4624.000000,0.345133,224.734541
I405_S,2,L405S-115,2025-09-11T07:55:00-07:00,2025-09-11,07:55,475,True,S,16.290000,1,12.500000,3792.000000,0.415600,303.360000
I405_S,3,L405S-114,2025-09-11T07:55:00-07:00,2025-09-11,07:55,475,True,S,16.450000,2,24.650000,3666.000000,0.257250,149.344538
I405_S,1,L405S-132,2025-09-11T08:00:00-07:00,2025-09-11,08:00,480,True,S,15.715000,3,26.300000,4988.000000,0.293767,235.427274
I405_S,2,L405S-115,2025-09-11T08:00:00-07:00,2025-09-11,08:00,480,True,S,16.290000,1,11.700000,3672.000000,0.432200,313.846154
I405_S,3,L405S-114,2025-09-11T08:00:00-07:00,2025-09-11,08:00,480,True,S,16.450000,2,24.100000,3582.000000,0.248100,148.898993
I405_S,1,L405S-132,2025-09-11T08:05:00-07:00,2025-09-11,08:05,485,True,S,15.715000,3,23.333333,3996.000000,0.372833,213.546639
I405_S,2,L405S-115,2025-09-11T08:05:00-07:00,2025-09-11,08:05,485,True,S,16.290000,1,12.800000,4680.000000,0.368100,365.625000
I405_S,3,L405S-114,2025-09-11T08:05:00-07:00,2025-09-11,08:05,485,True,S,16.450000,2,24.700000,4128.000000,0.213250,167.838583
I405_S,1,L405S-132,2025-09-11T08:10:00-07:00,2025-09-11,08:10,490,True,S,15.715000,3,23.366667,4376.000000,0.334867,233.785974
I405_S,2,L405S-115,2025-09-11T08:10:00-07:00,2025-09-11,08:10,490,True,S,16.290000,1,11.100000,3216.000000,0.506200,289.729730
I405_S,3,L405S-114,2025-09-11T08:10:00-07:00,2025-09-11,08:10,490,True,S,16.450000,2,21.950000,3048.000000,0.272400,138.717150
I405_S,1,L405S-132,2025-09-11T08:15:00-07:00,2025-09-11,08:15,495,True,S,15.715000,3,26.966667,5992.000000,0.254767,247.837633
I405_S,2,L405S-115,2025-09-11T08:15:00-07:00,2025-09-11,08:15,495,True,S,16.290000,1,11.200000,3780.000000,0.441400,337.500000
I405_S,3,L405S-114,2025-09-11T08:15:00-07:00,2025-09-11,08:15,495,True,S,16.450000,2,25.550000,3648.000000,0.242650,143.308790
I405_S,1,L405S-132,2025-09-11T08:20:00-07:00,2025-09-11,08:20,500,True,S,15.715000,3,27.100000,5500.000000,0.300800,225.674580
I405_S,2,L405S-115,2025-09-11T08:20:00-07:00,2025-09-11,08:20,500,True,S,16.290000,1,15.300000,5244.000000,0.297600,342.745098
I405_S,3,L405S-114,2025-09-11T08:20:00-07:00,2025-09-11,08:20,500,True,S,16.450000,2,27.100000,4812.000000,0.200050,177.436987
I405_S,1,L405S-132,2025-09-11T08:25:00-07:00,2025-09-11,08:25,505,True,S,15.715000,3,28.300000,5312.000000,0.281233,215.349912
I405_S,2,L405S-115,2025-09-11T08:25:00-07:00,2025-09-11,08:25,505,True,S,16.290000,1,13.700000,4224.000000,0.416900,308.321168
I405_S,3,L405S-114,2025-09-11T08:25:00-07:00,2025-09-11,08:25,505,True,S,16.450000,2,27.350000,4020.000000,0.203400,146.757017
I405_S,1,L405S-132,2025-09-11T08:30:00-07:00,2025-09-11,08:30,510,True,S,15.715000,3,25.000000,5012.000000,0.324467,223.845707
I405_S,2,L405S-115,2025-09-11T08:30:00-07:00,2025-09-11,08:30,510,True,S,16.290000,1,13.500000,4248.000000,0.381400,314.666667
I405_S,3,L405S-114,2025-09-11T08:30:00-07:00,2025-09-11,08:30,510,True,S,16.450000,2,27.350000,3918.000000,0.198900,143.172995
I405_S,1,L405S-132,2025-09-11T08:35:00-07:00,2025-09-11,08:35,515,True,S,15.715000,3,23.733333,4488.000000,0.312900,214.088614
I405_S,2,L405S-115,2025-09-11T08:35:00-07:00,2025-09-11,08:35,515,True,S,16.290000,1,13.300000,4272.000000,0.390900,321.203008
I405_S,3,L405S-114,2025-09-11T08:35:00-07:00,2025-09-11,08:35,515,True,S,16.450000,2,29.300000,4128.000000,0.223100,142.442448
I405_S,1,L405S-132,2025-09-11T08:40:00-07:00,2025-09-11,08:40,520,True,S,15.715000,3,22.766667,4608.000000,0.347167,233.241419
I405_S,2,L405S-115,2025-09-11T08:40:00-07:00,2025-09-11,08:40,520,True,S,16.290000,1,12.200000,3756.000000,0.414300,307.868852
I405_S,3,L405S-114,2025-09-11T08:40:00-07:00,2025-09-11,08:40,520,True,S,16.450000,2,25.050000,3294.000000,0.245450,132.161205
I405_S,1,L405S-132,2025-09-11T08:45:00-07:00,2025-09-11,08:45,525,True,S,15.715000,3,25.666667,5488.000000,0.309867,251.126573
I405_S,2,L405S-115,2025-09-11T08:45:00-07:00,2025-09-11,08:45,525,True,S,16.290000,1,12.000000,3996.000000,0.412100,333.000000
I405_S,3,L405S-114,2025-09-11T08:45:00-07:00,2025-09-11,08:45,525,True,S,16.450000,2,24.600000,3852.000000,0.245450,156.793098
I405_S,1,L405S-132,2025-09-11T08:50:00-07:00,2025-09-11,08:50,530,True,S,15.715000,3,24.633333,4948.000000,0.332033,236.994744
I405_S,2,L405S-115,2025-09-11T08:50:00-07:00,2025-09-11,08:50,530,True,S,16.290000,1,12.600000,4332.000000,0.367900,343.809524
I405_S,3,L405S-114,2025-09-11T08:50:00-07:00,2025-09-11,08:50,530,True,S,16.450000,2,25.650000,4182.000000,0.197000,162.851019
I405_S,1,L405S-132,2025-09-11T08:55:00-07:00,2025-09-11,08:55,535,True,S,15.715000,3,25.933333,5108.000000,0.274500,229.238706
I405_S,2,L405S-115,2025-09-11T08:55:00-07:00,2025-09-11,08:55,535,True,S,16.290000,1,13.000000,4140.000000,0.385100,318.461538
I405_S,3,L405S-114,2025-09-11T08:55:00-07:00,2025-09-11,08:55,535,True,S,16.450000,2,28.450000,3846.000000,0.181700,134.857546
I405_S,1,L405S-132,2025-09-11T09:00:00-07:00,2025-09-11,09:00,540,True,S,15.715000,3,28.466667,5512.000000,0.279967,224.494104
I405_S,2,L405S-115,2025-09-11T09:00:00-07:00,2025-09-11,09:00,540,True,S,16.290000,1,13.900000,4572.000000,0.348400,328.920863
I405_S,3,L405S-114,2025-09-11T09:00:00-07:00,2025-09-11,09:00,540,True,S,16.450000,2,27.400000,4116.000000,0.201700,149.907249
I405_S,1,L405S-132,2025-09-11T09:05:00-07:00,2025-09-11,09:05,545,True,S,15.715000,3,30.666667,5440.000000,0.270700,211.908140
I405_S,2,L405S-115,2025-09-11T09:05:00-07:00,2025-09-11,09:05,545,True,S,16.290000,1,14.200000,4620.000000,0.365500,325.352113
I405_S,3,L405S-114,2025-09-11T09:05:00-07:00,2025-09-11,09:05,545,True,S,16.450000,2,29.050000,4242.000000,0.198100,145.805947
I405_S,1,L405S-132,2025-09-11T09:10:00-07:00,2025-09-11,09:10,550,True,S,15.715000,3,30.200000,5484.000000,0.273867,214.146897
I405_S,2,L405S-115,2025-09-11T09:10:00-07:00,2025-09-11,09:10,550,True,S,16.290000,1,14.200000,4512.000000,0.365100,317.746479
I405_S,3,L405S-114,2025-09-11T09:10:00-07:00,2025-09-11,09:10,550,True,S,16.450000,2,27.500000,4122.000000,0.247150,149.792518
I405_S,1,L405S-132,2025-09-11T09:15:00-07:00,2025-09-11,09:15,555,True,S,15.715000,3,34.066667,6708.000000,0.212533,208.553755
I405_S,2,L405S-115,2025-09-11T09:15:00-07:00,2025-09-11,09:15,555,True,S,16.290000,1,14.700000,4884.000000,0.365100,332.244898
I405_S,3,L405S-114,2025-09-11T09:15:00-07:00,2025-09-11,09:15,555,True,S,16.450000,2,28.850000,4632.000000,0.231150,161.092419
I405_S,1,L405S-132,2025-09-11T09:20:00-07:00,2025-09-11,09:20,560,True,S,15.715000,3,36.166667,6296.000000,0.215567,184.808831
I405_S,2,L405S-115,2025-09-11T09:20:00-07:00,2025-09-11,09:20,560,True,S,16.290000,1,20.200000,6048.000000,0.231200,299.405941
I405_S,3,L405S-114,2025-09-11T09:20:00-07:00,2025-09-11,09:20,560,True,S,16.450000,2,30.650000,5346.000000,0.188150,174.539764
I405_S,1,L405S-132,2025-09-11T09:25:00-07:00,2025-09-11,09:25,565,True,S,15.715000,3,35.833333,6564.000000,0.228500,193.632884
I405_S,2,L405S-115,2025-09-11T09:25:00-07:00,2025-09-11,09:25,565,True,S,16.290000,1,18.800000,5100.000000,0.307800,271.276596
I405_S,3,L405S-114,2025-09-11T09:25:00-07:00,2025-09-11,09:25,565,True,S,16.450000,2,31.250000,4614.000000,0.193800,147.608361
I405_S,1,L405S-132,2025-09-11T09:30:00-07:00,2025-09-11,09:30,570,True,S,15.715000,3,40.266667,6824.000000,0.180433,175.709944
I405_S,2,L405S-115,2025-09-11T09:30:00-07:00,2025-09-11,09:30,570,True,S,16.290000,1,18.900000,5496.000000,0.290700,290.793651
I405_S,3,L405S-114,2025-09-11T09:30:00-07:00,2025-09-11,09:30,570,True,S,16.450000,2,31.950000,4884.000000,0.193650,152.648829
I405_S,1,L405S-132,2025-09-11T09:35:00-07:00,2025-09-11,09:35,575,True,S,15.715000,3,43.233333,7384.000000,0.194767,177.288942
I405_S,2,L405S-115,2025-09-11T09:35:00-07:00,2025-09-11,09:35,575,True,S,16.290000,1,23.900000,6780.000000,0.225200,283.682008
I405_S,3,L405S-114,2025-09-11T09:35:00-07:00,2025-09-11,09:35,575,True,S,16.450000,2,33.500000,6018.000000,0.198150,179.699305
I405_S,1,L405S-132,2025-09-11T09:40:00-07:00,2025-09-11,09:40,580,True,S,15.715000,3,42.833333,7212.000000,0.206067,175.737259
I405_S,2,L405S-115,2025-09-11T09:40:00-07:00,2025-09-11,09:40,580,True,S,16.290000,1,23.100000,5712.000000,0.266600,247.272727
I405_S,3,L405S-114,2025-09-11T09:40:00-07:00,2025-09-11,09:40,580,True,S,16.450000,2,32.750000,5310.000000,0.196950,161.727910
I405_S,1,L405S-132,2025-09-11T09:45:00-07:00,2025-09-11,09:45,585,True,S,15.715000,3,41.566667,6820.000000,0.212233,171.411817
I405_S,2,L405S-115,2025-09-11T09:45:00-07:00,2025-09-11,09:45,585,True,S,16.290000,1,23.100000,5868.000000,0.253500,254.025974
I405_S,3,L405S-114,2025-09-11T09:45:00-07:00,2025-09-11,09:45,585,True,S,16.450000,2,32.050000,5202.000000,0.203800,162.145984
I405_S,1,L405S-132,2025-09-11T09:50:00-07:00,2025-09-11,09:50,590,True,S,15.715000,3,44.266667,7840.000000,0.188767,179.216217
I405_S,2,L405S-115,2025-09-11T09:50:00-07:00,2025-09-11,09:50,590,True,S,16.290000,1,22.000000,5772.000000,0.277500,262.363636
I405_S,3,L405S-114,2025-09-11T09:50:00-07:00,2025-09-11,09:50,590,True,S,16.450000,2,33.200000,5172.000000,0.196550,155.574158
I405_S,1,L405S-132,2025-09-11T09:55:00-07:00,2025-09-11,09:55,595,True,S,15.715000,3,47.700000,8352.000000,0.179867,176.303002
I405_S,2,L405S-115,2025-09-11T09:55:00-07:00,2025-09-11,09:55,595,True,S,16.290000,1,32.700000,7092.000000,0.154800,216.880734
I405_S,3,L405S-114,2025-09-11T09:55:00-07:00,2025-09-11,09:55,595,True,S,16.450000,2,37.350000,5928.000000,0.164400,158.866984
I405_S,1,L405S-132,2025-09-11T10:00:00-07:00,2025-09-11,10:00,600,False,S,15.715000,3,53.733333,6636.000000,0.121800,123.694952
I405_S,2,L405S-115,2025-09-11T10:00:00-07:00,2025-09-11,10:00,600,False,S,16.290000,1,48.800000,5604.000000,0.080200,114.836066
I405_S,3,L405S-114,2025-09-11T10:00:00-07:00,2025-09-11,10:00,600,False,S,16.450000,2,51.150000,4584.000000,0.078000,89.621577
I405_S,1,L405S-132,2025-09-11T10:05:00-07:00,2025-09-11,10:05,605,False,S,15.715000,3,59.133333,6048.000000,0.102633,102.268641
I405_S,2,L405S-115,2025-09-11T10:05:00-07:00,2025-09-11,10:05,605,False,S,16.290000,1,56.300000,5592.000000,0.083300,99.325044
I405_S,3,L405S-114,2025-09-11T10:05:00-07:00,2025-09-11,10:05,605,False,S,16.450000,2,56.850000,4602.000000,0.085050,80.955776
I405_S,1,L405S-132,2025-09-11T10:10:00-07:00,2025-09-11,10:10,610,False,S,15.715000,3,61.566667,6048.000000,0.103867,98.248058
I405_S,2,L405S-115,2025-09-11T10:10:00-07:00,2025-09-11,10:10,610,False,S,16.290000,1,59.200000,5436.000000,0.082500,91.824324
I405_S,3,L405S-114,2025-09-11T10:10:00-07:00,2025-09-11,10:10,610,False,S,16.450000,2,59.600000,4512.000000,0.083350,75.704698
I405_S,1,L405S-132,2025-09-11T10:15:00-07:00,2025-09-11,10:15,615,False,S,15.715000,3,60.333333,7108.000000,0.134600,117.727421
I405_S,2,L405S-115,2025-09-11T10:15:00-07:00,2025-09-11,10:15,615,False,S,16.290000,1,60.600000,6540.000000,0.100200,107.920792
I405_S,3,L405S-114,2025-09-11T10:15:00-07:00,2025-09-11,10:15,615,False,S,16.450000,2,60.400000,5520.000000,0.101500,91.413564
I405_S,1,L405S-132,2025-09-11T10:20:00-07:00,2025-09-11,10:20,620,False,S,15.715000,3,60.666667,6336.000000,0.111933,104.391710
I405_S,2,L405S-115,2025-09-11T10:20:00-07:00,2025-09-11,10:20,620,False,S,16.290000,1,62.600000,5712.000000,0.082300,91.246006
I405_S,3,L405S-114,2025-09-11T10:20:00-07:00,2025-09-11,10:20,620,False,S,16.450000,2,61.300000,4968.000000,0.085400,81.128785
I405_S,1,L405S-132,2025-09-11T10:25:00-07:00,2025-09-11,10:25,625,False,S,15.715000,3,61.900000,6412.000000,0.108767,103.589066
I405_S,2,L405S-115,2025-09-11T10:25:00-07:00,2025-09-11,10:25,625,False,S,16.290000,1,63.200000,5712.000000,0.084400,90.379747
I405_S,3,L405S-114,2025-09-11T10:25:00-07:00,2025-09-11,10:25,625,False,S,16.450000,2,62.200000,4770.000000,0.086800,76.759558
I405_S,1,L405S-132,2025-09-12T05:30:00-07:00,2025-09-12,05:30,330,False,S,15.715000,3,67.266667,3980.000000,0.066800,59.102110
I405_S,2,L405S-115,2025-09-12T05:30:00-07:00,2025-09-12,05:30,330,False,S,16.290000,1,69.100000,4104.000000,0.061200,59.392185
I405_S,3,L405S-114,2025-09-12T05:30:00-07:00,2025-09-12,05:30,330,False,S,16.450000,2,66.600000,3420.000000,0.065000,51.367420
I405_S,1,L405S-132,2025-09-12T05:35:00-07:00,2025-09-12,05:35,335,False,S,15.715000,3,66.666667,5112.000000,0.080900,76.592740
I405_S,2,L405S-115,2025-09-12T05:35:00-07:00,2025-09-12,05:35,335,False,S,16.290000,1,69.300000,4800.000000,0.067400,69.264069
I405_S,3,L405S-114,2025-09-12T05:35:00-07:00,2025-09-12,05:35,335,False,S,16.450000,2,67.450000,4314.000000,0.071000,63.974985
I405_S,1,L405S-132,2025-09-12T05:40:00-07:00,2025-09-12,05:40,340,False,S,15.715000,3,67.333333,4880.000000,0.077467,72.307440
I405_S,2,L405S-115,2025-09-12T05:40:00-07:00,2025-09-12,05:40,340,False,S,16.290000,1,70.100000,4740.000000,0.065800,67.617689
I405_S,3,L405S-114,2025-09-12T05:40:00-07:00,2025-09-12,05:40,340,False,S,16.450000,2,67.750000,4152.000000,0.074200,61.315176
I405_S,1,L405S-132,2025-09-12T05:45:00-07:00,2025-09-12,05:45,345,False,S,15.715000,3,67.533333,5780.000000,0.089467,85.419769
I405_S,2,L405S-115,2025-09-12T05:45:00-07:00,2025-09-12,05:45,345,False,S,16.290000,1,70.000000,5592.000000,0.076400,79.885714
I405_S,3,L405S-114,2025-09-12T05:45:00-07:00,2025-09-12,05:45,345,False,S,16.450000,2,67.850000,4590.000000,0.078050,67.659672
I405_S,1,L405S-132,2025-09-12T05:50:00-07:00,2025-09-12,05:50,350,False,S,15.715000,3,67.900000,5456.000000,0.083567,80.261289
I405_S,2,L405S-115,2025-09-12T05:50:00-07:00,2025-09-12,05:50,350,False,S,16.290000,1,70.400000,5316.000000,0.073300,75.511364
I405_S,3,L405S-114,2025-09-12T05:50:00-07:00,2025-09-12,05:50,350,False,S,16.450000,2,68.150000,4344.000000,0.074300,63.750339
I405_S,1,L405S-132,2025-09-12T05:55:00-07:00,2025-09-12,05:55,355,False,S,15.715000,3,67.666667,5516.000000,0.083633,81.476655
I405_S,2,L405S-115,2025-09-12T05:55:00-07:00,2025-09-12,05:55,355,False,S,16.290000,1,70.500000,5748.000000,0.077300,81.531915
I405_S,3,L405S-114,2025-09-12T05:55:00-07:00,2025-09-12,05:55,355,False,S,16.450000,2,68.200000,4752.000000,0.079950,69.686325
I405_S,1,L405S-132,2025-09-12T06:00:00-07:00,2025-09-12,06:00,360,True,S,15.715000,3,67.066667,5012.000000,0.077633,74.654208
I405_S,2,L405S-115,2025-09-12T06:00:00-07:00,2025-09-12,06:00,360,True,S,16.290000,1,69.300000,4944.000000,0.068600,71.341991
I405_S,3,L405S-114,2025-09-12T06:00:00-07:00,2025-09-12,06:00,360,True,S,16.450000,2,66.000000,4296.000000,0.074050,65.148400
I405_S,1,L405S-132,2025-09-12T06:05:00-07:00,2025-09-12,06:05,365,True,S,15.715000,3,66.500000,5100.000000,0.079367,76.596353
I405_S,2,L405S-115,2025-09-12T06:05:00-07:00,2025-09-12,06:05,365,True,S,16.290000,1,68.400000,4908.000000,0.069400,71.754386
I405_S,3,L405S-114,2025-09-12T06:05:00-07:00,2025-09-12,06:05,365,True,S,16.450000,2,64.350000,4098.000000,0.073400,63.725814
I405_S,1,L405S-132,2025-09-12T06:10:00-07:00,2025-09-12,06:10,370,True,S,15.715000,3,64.966667,5684.000000,0.093167,87.398508
I405_S,2,L405S-115,2025-09-12T06:10:00-07:00,2025-09-12,06:10,370,True,S,16.290000,1,66.800000,5532.000000,0.080900,82.814371
I405_S,3,L405S-114,2025-09-12T06:10:00-07:00,2025-09-12,06:10,370,True,S,16.450000,2,62.500000,4710.000000,0.087550,75.390784
I405_S,1,L405S-132,2025-09-12T06:15:00-07:00,2025-09-12,06:15,375,True,S,15.715000,3,63.700000,6828.000000,0.108667,107.071281
I405_S,2,L405S-115,2025-09-12T06:15:00-07:00,2025-09-12,06:15,375,True,S,16.290000,1,65.800000,6828.000000,0.097600,103.768997
I405_S,3,L405S-114,2025-09-12T06:15:00-07:00,2025-09-12,06:15,375,True,S,16.450000,2,62.050000,5796.000000,0.102750,93.437028
I405_S,1,L405S-132,2025-09-12T06:20:00-07:00,2025-09-12,06:20,380,True,S,15.715000,3,62.766667,6724.000000,0.110333,107.018904
I405_S,2,L405S-115,2025-09-12T06:20:00-07:00,2025-09-12,06:20,380,True,S,16.290000,1,64.300000,6828.000000,0.101100,106.189736
I405_S,3,L405S-114,2025-09-12T06:20:00-07:00,2025-09-12,06:20,380,True,S,16.450000,2,61.600000,5622.000000,0.102250,91.266234
I405_S,1,L405S-132,2025-09-12T06:25:00-07:00,2025-09-12,06:25,385,True,S,15.715000,3,62.466667,6524.000000,0.106533,104.340881
I405_S,2,L405S-115,2025-09-12T06:25:00-07:00,2025-09-12,06:25,385,True,S,16.290000,1,64.900000,6276.000000,0.088600,96.702619
I405_S,3,L405S-114,2025-09-12T06:25:00-07:00,2025-09-12,06:25,385,True,S,16.450000,2,61.750000,5334.000000,0.093550,86.397111
I405_S,1,L405S-132,2025-09-12T06:30:00-07:00,2025-09-12,06:30,390,True,S,15.715000,3,60.600000,7856.000000,0.136033,129.580572
I405_S,2,L405S-115,2025-09-12T06:30:00-07:00,2025-09-12,06:30,390,True,S,16.290000,1,62.500000,8148.000000,0.124900,130.368000
I405_S,3,L405S-114,2025-09-12T06:30:00-07:00,2025-09-12,06:30,390,True,S,16.450000,2,60.250000,6924.000000,0.128850,114.919753
I405_S,1,L405S-132,2025-09-12T06:35:00-07:00,2025-09-12,06:35,395,True,S,15.715000,3,55.500000,7596.000000,0.162467,138.249543
I405_S,2,L405S-115,2025-09-12T06:35:00-07:00,2025-09-12,06:35,395,True,S,16.290000,1,60.600000,8076.000000,0.125800,133.267327
I405_S,3,L405S-114,2025-09-12T06:35:00-07:00,2025-09-12,06:35,395,True,S,16.450000,2,58.750000,7110.000000,0.131350,121.009810
I405_S,1,L405S-132,2025-09-12T06:40:00-07:00,2025-09-12,06:40,400,True,S,15.715000,3,51.766667,7704.000000,0.172400,151.128625
I405_S,2,L405S-115,2025-09-12T06:40:00-07:00,2025-09-12,06:40,400,True,S,16.290000,1,57.100000,7848.000000,0.136900,137.443082
I405_S,3,L405S-114,2025-09-12T06:40:00-07:00,2025-09-12,06:40,400,True,S,16.450000,2,52.400000,6630.000000,0.163550,126.571954
I405_S,1,L405S-132,2025-09-12T06:45:00-07:00,2025-09-12,06:45,405,True,S,15.715000,3,49.233333,7320.000000,0.177300,148.682422
I405_S,2,L405S-115,2025-09-12T06:45:00-07:00,2025-09-12,06:45,405,True,S,16.290000,1,41.500000,6384.000000,0.243600,153.831325
I405_S,3,L405S-114,2025-09-12T06:45:00-07:00,2025-09-12,06:45,405,True,S,16.450000,2,43.350000,5628.000000,0.190650,129.596607
I405_S,1,L405S-132,2025-09-12T06:50:00-07:00,2025-09-12,06:50,410,True,S,15.715000,3,44.866667,7680.000000,0.209767,172.762464
I405_S,2,L405S-115,2025-09-12T06:50:00-07:00,2025-09-12,06:50,410,True,S,16.290000,1,40.700000,7668.000000,0.180800,188.402948
I405_S,3,L405S-114,2025-09-12T06:50:00-07:00,2025-09-12,06:50,410,True,S,16.450000,2,40.850000,6558.000000,0.189800,160.348330
I405_S,1,L405S-132,2025-09-12T06:55:00-07:00,2025-09-12,06:55,415,True,S,15.715000,3,39.500000,6784.000000,0.238467,174.978745
I405_S,2,L405S-115,2025-09-12T06:55:00-07:00,2025-09-12,06:55,415,True,S,16.290000,1,35.100000,6960.000000,0.230100,198.290598
I405_S,3,L405S-114,2025-09-12T06:55:00-07:00,2025-09-12,06:55,415,True,S,16.450000,2,37.150000,5922.000000,0.214550,159.183860
I405_S,1,L405S-132,2025-09-12T07:00:00-07:00,2025-09-12,07:00,420,True,S,15.715000,3,37.300000,6512.000000,0.220433,177.392266
I405_S,2,L405S-115,2025-09-12T07:00:00-07:00,2025-09-12,07:00,420,True,S,16.290000,1,28.600000,5688.000000,0.266200,198.881119
I405_S,3,L405S-114,2025-09-12T07:00:00-07:00,2025-09-12,07:00,420,True,S,16.450000,2,36.150000,5394.000000,0.184500,148.893661
I405_S,1,L405S-132,2025-09-12T07:05:00-07:00,2025-09-12,07:05,425,True,S,15.715000,3,38.566667,6608.000000,0.207733,173.048660
I405_S,2,L405S-115,2025-09-12T07:05:00-07:00,2025-09-12,07:05,425,True,S,16.290000,1,24.700000,5952.000000,0.279600,240.971660
I405_S,3,L405S-114,2025-09-12T07:05:00-07:00,2025-09-12,07:05,425,True,S,16.450000,2,34.200000,5478.000000,0.199950,159.736335
I405_S,1,L405S-132,2025-09-12T07:10:00-07:00,2025-09-12,07:10,430,True,S,15.715000,3,39.833333,7532.000000,0.211767,190.319519
I405_S,2,L405S-115,2025-09-12T07:10:00-07:00,2025-09-12,07:10,430,True,S,16.290000,1,24.500000,6636.000000,0.279000,270.857143
I405_S,3,L405S-114,2025-09-12T07:10:00-07:00,2025-09-12,07:10,430,True,S,16.450000,2,35.050000,5958.000000,0.199150,169.900361
I405_S,1,L405S-132,2025-09-12T07:15:00-07:00,2025-09-12,07:15,435,True,S,15.715000,3,41.300000,7656.000000,0.192600,186.390809
I405_S,2,L405S-115,2025-09-12T07:15:00-07:00,2025-09-12,07:15,435,True,S,16.290000,1,26.700000,6732.000000,0.225600,252.134831
I405_S,3,L405S-114,2025-09-12T07:15:00-07:00,2025-09-12,07:15,435,True,S,16.450000,2,35.900000,5910.000000,0.188900,164.708502
I405_S,1,L405S-132,2025-09-12T07:20:00-07:00,2025-09-12,07:20,440,True,S,15.715000,3,40.700000,7444.000000,0.210233,184.243007
I405_S,2,L405S-115,2025-09-12T07:20:00-07:00,2025-09-12,07:20,440,True,S,16.290000,1,28.400000,7128.000000,0.227000,250.985915
I405_S,3,L405S-114,2025-09-12T07:20:00-07:00,2025-09-12,07:20,440,True,S,16.450000,2,37.150000,6264.000000,0.191850,168.857680
I405_S,1,L405S-132,2025-09-12T07:25:00-07:00,2025-09-12,07:25,445,True,S,15.715000,3,39.133333,7004.000000,0.214400,180.691245
I405_S,2,L405S-115,2025-09-12T07:25:00-07:00,2025-09-12,07:25,445,True,S,16.290000,1,28.300000,6564.000000,0.226900,231.943463
I405_S,3,L405S-114,2025-09-12T07:25:00-07:00,2025-09-12,07:25,445,True,S,16.450000,2,35.700000,5892.000000,0.201500,165.538383
I405_S,1,L405S-132,2025-09-12T07:30:00-07:00,2025-09-12,07:30,450,True,S,15.715000,3,37.633333,6288.000000,0.219000,169.419483
I405_S,2,L405S-115,2025-09-12T07:30:00-07:00,2025-09-12,07:30,450,True,S,16.290000,1,23.900000,5736.000000,0.304700,240.000000
I405_S,3,L405S-114,2025-09-12T07:30:00-07:00,2025-09-12,07:30,450,True,S,16.450000,2,35.400000,5412.000000,0.197350,152.685185
I405_S,1,L405S-132,2025-09-12T07:35:00-07:00,2025-09-12,07:35,455,True,S,15.715000,3,39.900000,6932.000000,0.216400,175.359918
I405_S,2,L405S-115,2025-09-12T07:35:00-07:00,2025-09-12,07:35,455,True,S,16.290000,1,21.400000,5772.000000,0.326900,269.719626
I405_S,3,L405S-114,2025-09-12T07:35:00-07:00,2025-09-12,07:35,455,True,S,16.450000,2,33.350000,5220.000000,0.206400,156.798705
I405_S,1,L405S-132,2025-09-12T07:40:00-07:00,2025-09-12,07:40,460,True,S,15.715000,3,41.933333,7324.000000,0.187367,178.269680
I405_S,2,L405S-115,2025-09-12T07:40:00-07:00,2025-09-12,07:40,460,True,S,16.290000,1,22.900000,6480.000000,0.267100,282.969432
I405_S,3,L405S-114,2025-09-12T07:40:00-07:00,2025-09-12,07:40,460,True,S,16.450000,2,33.350000,6000.000000,0.204900,179.685335
I405_S,1,L405S-132,2025-09-12T07:45:00-07:00,2025-09-12,07:45,465,True,S,15.715000,3,41.733333,7260.000000,0.191700,175.283327
I405_S,2,L405S-115,2025-09-12T07:45:00-07:00,2025-09-12,07:45,465,True,S,16.290000,1,30.700000,7044.000000,0.171800,229.446254
I405_S,3,L405S-114,2025-09-12T07:45:00-07:00,2025-09-12,07:45,465,True,S,16.450000,2,37.100000,6012.000000,0.178200,162.492561
I405_S,1,L405S-132,2025-09-12T07:50:00-07:00,2025-09-12,07:50,470,True,S,15.715000,3,42.533333,6116.000000,0.193133,150.215124
I405_S,2,L405S-115,2025-09-12T07:50:00-07:00,2025-09-12,07:50,470,True,S,16.290000,1,46.800000,5748.000000,0.085600,122.820513
I405_S,3,L405S-114,2025-09-12T07:50:00-07:00,2025-09-12,07:50,470,True,S,16.450000,2,48.300000,4968.000000,0.091150,102.797143
I405_S,1,L405S-132,2025-09-12T07:55:00-07:00,2025-09-12,07:55,475,True,S,15.715000,3,42.166667,6124.000000,0.186500,157.095911
I405_S,2,L405S-115,2025-09-12T07:55:00-07:00,2025-09-12,07:55,475,True,S,16.290000,1,54.000000,6072.000000,0.093500,112.444444
I405_S,3,L405S-114,2025-09-12T07:55:00-07:00,2025-09-12,07:55,475,True,S,16.450000,2,51.850000,5052.000000,0.102100,97.452811
I405_S,1,L405S-132,2025-09-12T08:00:00-07:00,2025-09-12,08:00,480,True,S,15.715000,3,47.900000,6940.000000,0.132833,151.083366
I405_S,2,L405S-115,2025-09-12T08:00:00-07:00,2025-09-12,08:00,480,True,S,16.290000,1,57.600000,6108.000000,0.094400,106.041667
I405_S,3,L405S-114,2025-09-12T08:00:00-07:00,2025-09-12,08:00,480,True,S,16.450000,2,54.400000,5028.000000,0.101300,92.493506
I405_S,1,L405S-132,2025-09-12T08:05:00-07:00,2025-09-12,08:05,485,True,S,15.715000,3,54.633333,6168.000000,0.103400,113.924077
I405_S,2,L405S-115,2025-09-12T08:05:00-07:00,2025-09-12,08:05,485,True,S,16.290000,1,59.700000,6156.000000,0.094400,103.115578
I405_S,3,L405S-114,2025-09-12T08:05:00-07:00,2025-09-12,08:05,485,True,S,16.450000,2,57.700000,5454.000000,0.099050,94.499752
I405_S,1,L405S-132,2025-09-12T08:10:00-07:00,2025-09-12,08:10,490,True,S,15.715000,3,57.333333,6456.000000,0.111600,113.042534
I405_S,2,L405S-115,2025-09-12T08:10:00-07:00,2025-09-12,08:10,490,True,S,16.290000,1,61.500000,6468.000000,0.096300,105.170732
I405_S,3,L405S-114,2025-09-12T08:10:00-07:00,2025-09-12,08:10,490,True,S,16.450000,2,60.000000,5616.000000,0.100350,93.584738
I405_S,1,L405S-132,2025-09-12T08:15:00-07:00,2025-09-12,08:15,495,True,S,15.715000,3,59.400000,6704.000000,0.110000,113.037931
I405_S,2,L405S-115,2025-09-12T08:15:00-07:00,2025-09-12,08:15,495,True,S,16.290000,1,62.400000,6492.000000,0.094400,104.038462
I405_S,3,L405S-114,2025-09-12T08:15:00-07:00,2025-09-12,08:15,495,True,S,16.450000,2,60.650000,5478.000000,0.096050,90.309594
I405_S,1,L405S-132,2025-09-12T08:20:00-07:00,2025-09-12,08:20,500,True,S,15.715000,3,58.966667,7092.000000,0.123733,120.821807
I405_S,2,L405S-115,2025-09-12T08:20:00-07:00,2025-09-12,08:20,500,True,S,16.290000,1,63.300000,6576.000000,0.095400,103.886256
I405_S,3,L405S-114,2025-09-12T08:20:00-07:00,2025-09-12,08:20,500,True,S,16.450000,2,61.100000,5604.000000,0.100400,91.713597
I405_S,1,L405S-132,2025-09-12T08:25:00-07:00,2025-09-12,08:25,505,True,S,15.715000,3,52.900000,6684.000000,0.163033,128.499212
I405_S,2,L405S-115,2025-09-12T08:25:00-07:00,2025-09-12,08:25,505,True,S,16.290000,1,62.700000,7128.000000,0.107700,113.684211
I405_S,3,L405S-114,2025-09-12T08:25:00-07:00,2025-09-12,08:25,505,True,S,16.450000,2,60.000000,5718.000000,0.107750,95.298059
I405_S,1,L405S-132,2025-09-12T08:30:00-07:00,2025-09-12,08:30,510,True,S,15.715000,3,49.300000,7100.000000,0.170667,147.516435
I405_S,2,L405S-115,2025-09-12T08:30:00-07:00,2025-09-12,08:30,510,True,S,16.290000,1,54.500000,7344.000000,0.151500,134.752294
I405_S,3,L405S-114,2025-09-12T08:30:00-07:00,2025-09-12,08:30,510,True,S,16.450000,2,52.600000,5880.000000,0.147550,111.793246
I405_S,1,L405S-132,2025-09-12T08:35:00-07:00,2025-09-12,08:35,515,True,S,15.715000,3,49.566667,7312.000000,0.154233,149.391482
I405_S,2,L405S-115,2025-09-12T08:35:00-07:00,2025-09-12,08:35,515,True,S,16.290000,1,46.600000,6504.000000,0.159500,139.570815
I405_S,3,L405S-114,2025-09-12T08:35:00-07:00,2025-09-12,08:35,515,True,S,16.450000,2,46.400000,5724.000000,0.166750,123.357499
I405_S,1,L405S-132,2025-09-12T08:40:00-07:00,2025-09-12,08:40,520,True,S,15.715000,3,48.800000,6988.000000,0.169833,147.919505
I405_S,2,L405S-115,2025-09-12T08:40:00-07:00,2025-09-12,08:40,520,True,S,16.290000,1,54.700000,6876.000000,0.102700,125.703839
I405_S,3,L405S-114,2025-09-12T08:40:00-07:00,2025-09-12,08:40,520,True,S,16.450000,2,52.900000,5766.000000,0.105000,108.975379
I405_S,1,L405S-132,2025-09-12T08:45:00-07:00,2025-09-12,08:45,525,True,S,15.715000,3,46.500000,6888.000000,0.172933,153.546048
I405_S,2,L405S-115,2025-09-12T08:45:00-07:00,2025-09-12,08:45,525,True,S,16.290000,1,56.300000,7212.000000,0.115900,128.099467
I405_S,3,L405S-114,2025-09-12T08:45:00-07:00,2025-09-12,08:45,525,True,S,16.450000,2,52.800000,6054.000000,0.128250,114.796838
I405_S,1,L405S-132,2025-09-12T08:50:00-07:00,2025-09-12,08:50,530,True,S,15.715000,3,46.366667,6700.000000,0.170233,152.642883
I405_S,2,L405S-115,2025-09-12T08:50:00-07:00,2025-09-12,08:50,530,True,S,16.290000,1,51.400000,5880.000000,0.117200,114.396887
I405_S,3,L405S-114,2025-09-12T08:50:00-07:00,2025-09-12,08:50,530,True,S,16.450000,2,50.250000,4884.000000,0.116650,97.466924
I405_S,1,L405S-132,2025-09-12T08:55:00-07:00,2025-09-12,08:55,535,True,S,15.715000,3,45.000000,5988.000000,0.159233,140.943843
I405_S,2,L405S-115,2025-09-12T08:55:00-07:00,2025-09-12,08:55,535,True,S,16.290000,1,56.100000,5988.000000,0.093800,106.737968
I405_S,3,L405S-114,2025-09-12T08:55:00-07:00,2025-09-12,08:55,535,True,S,16.450000,2,52.200000,5130.000000,0.105450,98.372832
I405_S,1,L405S-132,2025-09-12T09:00:00-07:00,2025-09-12,09:00,540,True,S,15.715000,3,48.733333,6608.000000,0.133300,140.586261
I405_S,2,L405S-115,2025-09-12T09:00:00-07:00,2025-09-12,09:00,540,True,S,16.290000,1,57.500000,6048.000000,0.096600,105.182609
I405_S,3,L405S-114,2025-09-12T09:00:00-07:00,2025-09-12,09:00,540,True,S,16.450000,2,53.400000,4944.000000,0.100700,92.649552
I405_S,1,L405S-132,2025-09-12T09:05:00-07:00,2025-09-12,09:05,545,True,S,15.715000,3,54.100000,6316.000000,0.108667,117.514176
I405_S,2,L405S-115,2025-09-12T09:05:00-07:00,2025-09-12,09:05,545,True,S,16.290000,1,59.100000,6288.000000,0.097400,106.395939
I405_S,3,L405S-114,2025-09-12T09:05:00-07:00,2025-09-12,09:05,545,True,S,16.450000,2,56.200000,5436.000000,0.100250,96.696066
I405_S,1,L405S-132,2025-09-12T09:10:00-07:00,2025-09-12,09:10,550,True,S,15.715000,3,57.933333,6628.000000,0.109467,114.805198
I405_S,2,L405S-115,2025-09-12T09:10:00-07:00,2025-09-12,09:10,550,True,S,16.290000,1,61.400000,6084.000000,0.088700,99.087948
I405_S,3,L405S-114,2025-09-12T09:10:00-07:00,2025-09-12,09:10,550,True,S,16.450000,2,59.300000,5334.000000,0.091350,89.931748
I405_S,1,L405S-132,2025-09-12T09:15:00-07:00,2025-09-12,09:15,555,True,S,15.715000,3,58.200000,6400.000000,0.112033,109.999115
I405_S,2,L405S-115,2025-09-12T09:15:00-07:00,2025-09-12,09:15,555,True,S,16.290000,1,60.800000,6468.000000,0.102400,106.381579
I405_S,3,L405S-114,2025-09-12T09:15:00-07:00,2025-09-12,09:15,555,True,S,16.450000,2,60.200000,5424.000000,0.102850,90.098675
I405_S,1,L405S-132,2025-09-12T09:20:00-07:00,2025-09-12,09:20,560,True,S,15.715000,3,59.633333,6652.000000,0.110267,111.579450
I405_S,2,L405S-115,2025-09-12T09:20:00-07:00,2025-09-12,09:20,560,True,S,16.290000,1,62.100000,6216.000000,0.089800,100.096618
I405_S,3,L405S-114,2025-09-12T09:20:00-07:00,2025-09-12,09:20,560,True,S,16.450000,2,61.200000,5088.000000,0.088700,83.137255
I405_S,1,L405S-132,2025-09-12T09:25:00-07:00,2025-09-12,09:25,565,True,S,15.715000,3,59.466667,6708.000000,0.116467,112.727270
I405_S,2,L405S-115,2025-09-12T09:25:00-07:00,2025-09-12,09:25,565,True,S,16.290000,1,60.300000,6660.000000,0.108100,110.447761
I405_S,3,L405S-114,2025-09-12T09:25:00-07:00,2025-09-12,09:25,565,True,S,16.450000,2,59.500000,5676.000000,0.111100,95.406049
I405_S,1,L405S-132,2025-09-12T09:30:00-07:00,2025-09-12,09:30,570,True,S,15.715000,3,59.133333,6476.000000,0.113033,109.435384
I405_S,2,L405S-115,2025-09-12T09:30:00-07:00,2025-09-12,09:30,570,True,S,16.290000,1,61.100000,6540.000000,0.097700,107.037643
I405_S,3,L405S-114,2025-09-12T09:30:00-07:00,2025-09-12,09:30,570,True,S,16.450000,2,60.100000,5382.000000,0.096200,89.570606
I405_S,1,L405S-132,2025-09-12T09:35:00-07:00,2025-09-12,09:35,575,True,S,15.715000,3,59.633333,6208.000000,0.105500,104.007215
I405_S,2,L405S-115,2025-09-12T09:35:00-07:00,2025-09-12,09:35,575,True,S,16.290000,1,61.000000,6264.000000,0.095800,102.688525
I405_S,3,L405S-114,2025-09-12T09:35:00-07:00,2025-09-12,09:35,575,True,S,16.450000,2,59.650000,5328.000000,0.097400,89.354605
I405_S,1,L405S-132,2025-09-12T09:40:00-07:00,2025-09-12,09:40,580,True,S,15.715000,3,60.466667,6580.000000,0.108200,108.675361
I405_S,2,L405S-115,2025-09-12T09:40:00-07:00,2025-09-12,09:40,580,True,S,16.290000,1,62.300000,6360.000000,0.093600,102.086677
I405_S,3,L405S-114,2025-09-12T09:40:00-07:00,2025-09-12,09:40,580,True,S,16.450000,2,60.950000,5568.000000,0.098150,91.404682
I405_S,1,L405S-132,2025-09-12T09:45:00-07:00,2025-09-12,09:45,585,True,S,15.715000,3,61.966667,6568.000000,0.107633,105.955129
I405_S,2,L405S-115,2025-09-12T09:45:00-07:00,2025-09-12,09:45,585,True,S,16.290000,1,63.500000,6252.000000,0.090300,98.456693
I405_S,3,L405S-114,2025-09-12T09:45:00-07:00,2025-09-12,09:45,585,True,S,16.450000,2,63.200000,5274.000000,0.088050,83.470364
I405_S,1,L405S-132,2025-09-12T09:50:00-07:00,2025-09-12,09:50,590,True,S,15.715000,3,62.233333,6400.000000,0.104233,102.780829
I405_S,2,L405S-115,2025-09-12T09:50:00-07:00,2025-09-12,09:50,590,True,S,16.290000,1,63.300000,6144.000000,0.090500,97.061611
I405_S,3,L405S-114,2025-09-12T09:50:00-07:00,2025-09-12,09:50,590,True,S,16.450000,2,63.450000,5160.000000,0.089000,81.327375
I405_S,1,L405S-132,2025-09-12T09:55:00-07:00,2025-09-12,09:55,595,True,S,15.715000,3,62.066667,6116.000000,0.100967,98.472881
I405_S,2,L405S-115,2025-09-12T09:55:00-07:00,2025-09-12,09:55,595,True,S,16.290000,1,63.400000,5652.000000,0.082600,89.148265
I405_S,3,L405S-114,2025-09-12T09:55:00-07:00,2025-09-12,09:55,595,True,S,16.450000,2,63.450000,4794.000000,0.084700,75.559778
I405_S,1,L405S-132,2025-09-12T10:00:00-07:00,2025-09-12,10:00,600,False,S,15.715000,3,61.900000,6648.000000,0.108100,107.315066
I405_S,2,L405S-115,2025-09-12T10:00:00-07:00,2025-09-12,10:00,600,False,S,16.290000,1,62.200000,6756.000000,0.102400,108.617363
I405_S,3,L405S-114,2025-09-12T10:00:00-07:00,2025-09-12,10:00,600,False,S,16.450000,2,62.600000,5430.000000,0.097800,86.739445
I405_S,1,L405S-132,2025-09-12T10:05:00-07:00,2025-09-12,10:05,605,False,S,15.715000,3,60.133333,6508.000000,0.111200,108.138126
I405_S,2,L405S-115,2025-09-12T10:05:00-07:00,2025-09-12,10:05,605,False,S,16.290000,1,60.900000,6348.000000,0.099200,104.236453
I405_S,3,L405S-114,2025-09-12T10:05:00-07:00,2025-09-12,10:05,605,False,S,16.450000,2,61.250000,5100.000000,0.097050,83.263886
I405_S,1,L405S-132,2025-09-12T10:10:00-07:00,2025-09-12,10:10,610,False,S,15.715000,3,61.066667,6308.000000,0.105100,103.162367
I405_S,2,L405S-115,2025-09-12T10:10:00-07:00,2025-09-12,10:10,610,False,S,16.290000,1,61.200000,5904.000000,0.087900,96.470588
I405_S,3,L405S-114,2025-09-12T10:10:00-07:00,2025-09-12,10:10,610,False,S,16.450000,2,60.350000,4812.000000,0.086800,79.761905
I405_S,1,L405S-132,2025-09-12T10:15:00-07:00,2025-09-12,10:15,615,False,S,15.715000,3,60.300000,6912.000000,0.119767,114.542223
I405_S,2,L405S-115,2025-09-12T10:15:00-07:00,2025-09-12,10:15,615,False,S,16.290000,1,60.600000,7128.000000,0.110000,117.623762
I405_S,3,L405S-114,2025-09-12T10:15:00-07:00,2025-09-12,10:15,615,False,S,16.450000,2,60.000000,6012.000000,0.109600,100.274521
I405_S,1,L405S-132,2025-09-12T10:20:00-07:00,2025-09-12,10:20,620,False,S,15.715000,3,61.533333,6584.000000,0.107300,106.913054
I405_S,2,L405S-115,2025-09-12T10:20:00-07:00,2025-09-12,10:20,620,False,S,16.290000,1,62.200000,6600.000000,0.096500,106.109325
I405_S,3,L405S-114,2025-09-12T10:20:00-07:00,2025-09-12,10:20,620,False,S,16.450000,2,61.000000,5496.000000,0.095650,90.152509
I405_S,1,L405S-132,2025-09-12T10:25:00-07:00,2025-09-12,10:25,625,False,S,15.715000,3,61.200000,6500.000000,0.106700,106.146652
I405_S,2,L405S-115,2025-09-12T10:25:00-07:00,2025-09-12,10:25,625,False,S,16.290000,1,61.600000,6492.000000,0.099200,105.389610
I405_S,3,L405S-114,2025-09-12T10:25:00-07:00,2025-09-12,10:25,625,False,S,16.450000,2,61.200000,5436.000000,0.100100,88.828323
I405_S,1,L405S-132,2025-09-15T05:30:00-07:00,2025-09-15,05:30,330,False,S,15.715000,3,63.500000,4708.000000,0.075100,74.274053
I405_S,2,L405S-115,2025-09-15T05:30:00-07:00,2025-09-15,05:30,330,False,S,16.290000,1,65.700000,4176.000000,0.057500,63.561644
I405_S,3,L405S-114,2025-09-15T05:30:00-07:00,2025-09-15,05:30,330,False,S,16.450000,2,63.750000,3696.000000,0.063400,57.980066
I405_S,1,L405S-132,2025-09-15T05:35:00-07:00,2025-09-15,05:35,335,False,S,15.715000,3,64.200000,5464.000000,0.087867,85.179333
I405_S,2,L405S-115,2025-09-15T05:35:00-07:00,2025-09-15,05:35,335,False,S,16.290000,1,65.200000,4944.000000,0.069200,75.828221
I405_S,3,L405S-114,2025-09-15T05:35:00-07:00,2025-09-15,05:35,335,False,S,16.450000,2,63.700000,4248.000000,0.072800,66.697326
I405_S,1,L405S-132,2025-09-15T05:40:00-07:00,2025-09-15,05:40,340,False,S,15.715000,3,64.500000,5724.000000,0.091100,88.869540
I405_S,2,L405S-115,2025-09-15T05:40:00-07:00,2025-09-15,05:40,340,False,S,16.290000,1,65.000000,5172.000000,0.072000,79.569231
I405_S,3,L405S-114,2025-09-15T05:40:00-07:00,2025-09-15,05:40,340,False,S,16.450000,2,63.300000,4596.000000,0.079600,72.620316
I405_S,1,L405S-132,2025-09-15T05:45:00-07:00,2025-09-15,05:45,345,False,S,15.715000,3,63.700000,6164.000000,0.101100,96.841966
I405_S,2,L405S-115,2025-09-15T05:45:00-07:00,2025-09-15,05:45,345,False,S,16.290000,1,65.200000,5940.000000,0.080400,91.104294
I405_S,3,L405S-114,2025-09-15T05:45:00-07:00,2025-09-15,05:45,345,False,S,16.450000,2,63.100000,5088.000000,0.086900,80.634122
I405_S,1,L405S-132,2025-09-15T05:50:00-07:00,2025-09-15,05:50,350,False,S,15.715000,3,64.500000,6712.000000,0.103833,104.257097
I405_S,2,L405S-115,2025-09-15T05:50:00-07:00,2025-09-15,05:50,350,False,S,16.290000,1,65.000000,6168.000000,0.084500,94.892308
I405_S,3,L405S-114,2025-09-15T05:50:00-07:00,2025-09-15,05:50,350,False,S,16.450000,2,63.500000,5220.000000,0.088100,82.212809
I405_S,1,L405S-132,2025-09-15T05:55:00-07:00,2025-09-15,05:55,355,False,S,15.715000,3,64.933333,6056.000000,0.093867,93.296920
I405_S,2,L405S-115,2025-09-15T05:55:00-07:00,2025-09-15,05:55,355,False,S,16.290000,1,65.000000,5568.000000,0.075400,85.661538
I405_S,3,L405S-114,2025-09-15T05:55:00-07:00,2025-09-15,05:55,355,False,S,16.450000,2,63.600000,4806.000000,0.079450,75.557753
I405_S,1,L405S-132,2025-09-15T06:00:00-07:00,2025-09-15,06:00,360,True,S,15.715000,3,63.866667,5572.000000,0.092867,87.268663
I405_S,2,L405S-115,2025-09-15T06:00:00-07:00,2025-09-15,06:00,360,True,S,16.290000,1,65.000000,5232.000000,0.072900,80.492308
I405_S,3,L405S-114,2025-09-15T06:00:00-07:00,2025-09-15,06:00,360,True,S,16.450000,2,63.250000,4332.000000,0.075650,68.490461
I405_S,1,L405S-132,2025-09-15T06:05:00-07:00,2025-09-15,06:05,365,True,S,15.715000,3,62.966667,5740.000000,0.093367,91.150402
I405_S,2,L405S-115,2025-09-15T06:05:00-07:00,2025-09-15,06:05,365,True,S,16.290000,1,63.800000,5460.000000,0.079900,85.579937
I405_S,3,L405S-114,2025-09-15T06:05:00-07:00,2025-09-15,06:05,365,True,S,16.450000,2,62.100000,4860.000000,0.087500,78.260761
I405_S,1,L405S-132,2025-09-15T06:10:00-07:00,2025-09-15,06:10,370,True,S,15.715000,3,61.933333,6228.000000,0.105367,101.114386
I405_S,2,L405S-115,2025-09-15T06:10:00-07:00,2025-09-15,06:10,370,True,S,16.290000,1,63.500000,5556.000000,0.079700,87.496063
I405_S,3,L405S-114,2025-09-15T06:10:00-07:00,2025-09-15,06:10,370,True,S,16.450000,2,61.550000,4956.000000,0.087600,80.529150
I405_S,1,L405S-132,2025-09-15T06:15:00-07:00,2025-09-15,06:15,375,True,S,15.715000,3,61.000000,6804.000000,0.115733,111.974161
I405_S,2,L405S-115,2025-09-15T06:15:00-07:00,2025-09-15,06:15,375,True,S,16.290000,1,63.200000,6384.000000,0.090900,101.012658
I405_S,3,L405S-114,2025-09-15T06:15:00-07:00,2025-09-15,06:15,375,True,S,16.450000,2,61.750000,5346.000000,0.095100,86.575506
I405_S,1,L405S-132,2025-09-15T06:20:00-07:00,2025-09-15,06:20,380,True,S,15.715000,3,59.600000,7856.000000,0.137433,132.302484
I405_S,2,L405S-115,2025-09-15T06:20:00-07:00,2025-09-15,06:20,380,True,S,16.290000,1,62.800000,7440.000000,0.106200,118.471338
I405_S,3,L405S-114,2025-09-15T06:20:00-07:00,2025-09-15,06:20,380,True,S,16.450000,2,60.750000,6582.000000,0.116950,108.349022
I405_S,1,L405S-132,2025-09-15T06:25:00-07:00,2025-09-15,06:25,385,True,S,15.715000,3,59.200000,7764.000000,0.134467,131.549372
I405_S,2,L405S-115,2025-09-15T06:25:00-07:00,2025-09-15,06:25,385,True,S,16.290000,1,62.400000,7260.000000,0.103700,116.346154
I405_S,3,L405S-114,2025-09-15T06:25:00-07:00,2025-09-15,06:25,385,True,S,16.450000,2,60.050000,6258.000000,0.111600,104.204562
I405_S,1,L405S-132,2025-09-15T06:30:00-07:00,2025-09-15,06:30,390,True,S,15.715000,3,58.500000,8068.000000,0.143033,138.170898
I405_S,2,L405S-115,2025-09-15T06:30:00-07:00,2025-09-15,06:30,390,True,S,16.290000,1,60.200000,7872.000000,0.120700,130.764120
I405_S,3,L405S-114,2025-09-15T06:30:00-07:00,2025-09-15,06:30,390,True,S,16.450000,2,58.450000,6828.000000,0.129000,116.829125
I405_S,1,L405S-132,2025-09-15T06:35:00-07:00,2025-09-15,06:35,395,True,S,15.715000,3,53.000000,9268.000000,0.198267,175.928015
I405_S,2,L405S-115,2025-09-15T06:35:00-07:00,2025-09-15,06:35,395,True,S,16.290000,1,58.000000,8748.000000,0.139400,150.827586
I405_S,3,L405S-114,2025-09-15T06:35:00-07:00,2025-09-15,06:35,395,True,S,16.450000,2,56.350000,7602.000000,0.151050,134.953292
I405_S,1,L405S-132,2025-09-15T06:40:00-07:00,2025-09-15,06:40,400,True,S,15.715000,3,49.266667,8640.000000,0.201300,175.364418
I405_S,2,L405S-115,2025-09-15T06:40:00-07:00,2025-09-15,06:40,400,True,S,16.290000,1,46.400000,7236.000000,0.187300,155.948276
I405_S,3,L405S-114,2025-09-15T06:40:00-07:00,2025-09-15,06:40,400,True,S,16.450000,2,46.700000,6486.000000,0.193300,138.938725
I405_S,1,L405S-132,2025-09-15T06:45:00-07:00,2025-09-15,06:45,405,True,S,15.715000,3,45.800000,7704.000000,0.195667,169.031469
I405_S,2,L405S-115,2025-09-15T06:45:00-07:00,2025-09-15,06:45,405,True,S,16.290000,1,35.600000,6624.000000,0.246100,186.067416
I405_S,3,L405S-114,2025-09-15T06:45:00-07:00,2025-09-15,06:45,405,True,S,16.450000,2,38.850000,6066.000000,0.218150,155.823178
I405_S,1,L405S-132,2025-09-15T06:50:00-07:00,2025-09-15,06:50,410,True,S,15.715000,3,48.833333,8696.000000,0.191767,182.340670
I405_S,2,L405S-115,2025-09-15T06:50:00-07:00,2025-09-15,06:50,410,True,S,16.290000,1,31.900000,6876.000000,0.238100,215.548589
I405_S,3,L405S-114,2025-09-15T06:50:00-07:00,2025-09-15,06:50,410,True,S,16.450000,2,34.400000,6534.000000,0.245300,190.091278
I405_S,1,L405S-132,2025-09-15T06:55:00-07:00,2025-09-15,06:55,415,True,S,15.715000,3,47.633333,8080.000000,0.182333,170.723643
I405_S,2,L405S-115,2025-09-15T06:55:00-07:00,2025-09-15,06:55,415,True,S,16.290000,1,30.700000,6984.000000,0.215900,227.491857
I405_S,3,L405S-114,2025-09-15T06:55:00-07:00,2025-09-15,06:55,415,True,S,16.450000,2,35.050000,6324.000000,0.190700,180.730337
I405_S,1,L405S-132,2025-09-15T07:00:00-07:00,2025-09-15,07:00,420,True,S,15.715000,3,46.133333,8316.000000,0.209500,183.424156
I405_S,2,L405S-115,2025-09-15T07:00:00-07:00,2025-09-15,07:00,420,True,S,16.290000,1,29.200000,6804.000000,0.235600,233.013699
I405_S,3,L405S-114,2025-09-15T07:00:00-07:00,2025-09-15,07:00,420,True,S,16.450000,2,32.700000,6282.000000,0.233250,191.938432
I405_S,1,L405S-132,2025-09-15T07:05:00-07:00,2025-09-15,07:05,425,True,S,15.715000,3,45.266667,7964.000000,0.197700,178.438941
I405_S,2,L405S-115,2025-09-15T07:05:00-07:00,2025-09-15,07:05,425,True,S,16.290000,1,24.300000,5880.000000,0.298700,241.975309
I405_S,3,L405S-114,2025-09-15T07:05:00-07:00,2025-09-15,07:05,425,True,S,16.450000,2,31.300000,5730.000000,0.228000,182.504292
I405_S,1,L405S-132,2025-09-15T07:10:00-07:00,2025-09-15,07:10,430,True,S,15.715000,3,46.633333,8540.000000,0.194033,186.545338
I405_S,2,L405S-115,2025-09-15T07:10:00-07:00,2025-09-15,07:10,430,True,S,16.290000,1,27.200000,6756.000000,0.212900,248.382353
I405_S,3,L405S-114,2025-09-15T07:10:00-07:00,2025-09-15,07:10,430,True,S,16.450000,2,31.950000,6516.000000,0.219650,203.965909
I405_S,1,L405S-132,2025-09-15T07:15:00-07:00,2025-09-15,07:15,435,True,S,15.715000,3,43.400000,7304.000000,0.221100,175.380812
I405_S,2,L405S-115,2025-09-15T07:15:00-07:00,2025-09-15,07:15,435,True,S,16.290000,1,25.600000,6792.000000,0.268000,265.312500
I405_S,3,L405S-114,2025-09-15T07:15:00-07:00,2025-09-15,07:15,435,True,S,16.450000,2,31.550000,6240.000000,0.225550,197.702586
I405_S,1,L405S-132,2025-09-15T07:20:00-07:00,2025-09-15,07:20,440,True,S,15.715000,3,41.800000,7252.000000,0.222167,182.207657
I405_S,2,L405S-115,2025-09-15T07:20:00-07:00,2025-09-15,07:20,440,True,S,16.290000,1,22.700000,5736.000000,0.293700,252.687225
I405_S,3,L405S-114,2025-09-15T07:20:00-07:00,2025-09-15,07:20,440,True,S,16.450000,2,28.950000,5502.000000,0.247450,190.881720
I405_S,1,L405S-132,2025-09-15T07:25:00-07:00,2025-09-15,07:25,445,True,S,15.715000,3,36.566667,6700.000000,0.244667,188.521162
I405_S,2,L405S-115,2025-09-15T07:25:00-07:00,2025-09-15,07:25,445,True,S,16.290000,1,19.600000,5256.000000,0.345700,268.163265
I405_S,3,L405S-114,2025-09-15T07:25:00-07:00,2025-09-15,07:25,445,True,S,16.450000,2,30.500000,4926.000000,0.201650,164.661957
I405_S,1,L405S-132,2025-09-15T07:30:00-07:00,2025-09-15,07:30,450,True,S,15.715000,3,36.000000,7164.000000,0.235533,204.723322
I405_S,2,L405S-115,2025-09-15T07:30:00-07:00,2025-09-15,07:30,450,True,S,16.290000,1,20.900000,5868.000000,0.300700,280.765550
I405_S,3,L405S-114,2025-09-15T07:30:00-07:00,2025-09-15,07:30,450,True,S,16.450000,2,29.150000,5418.000000,0.245050,187.985893
I405_S,1,L405S-132,2025-09-15T07:35:00-07:00,2025-09-15,07:35,455,True,S,15.715000,3,32.166667,6568.000000,0.274700,209.453880
I405_S,2,L405S-115,2025-09-15T07:35:00-07:00,2025-09-15,07:35,455,True,S,16.290000,1,20.000000,5616.000000,0.296900,280.800000
I405_S,3,L405S-114,2025-09-15T07:35:00-07:00,2025-09-15,07:35,455,True,S,16.450000,2,28.000000,5226.000000,0.235500,188.777150
I405_S,1,L405S-132,2025-09-15T07:40:00-07:00,2025-09-15,07:40,460,True,S,15.715000,3,31.400000,6708.000000,0.259100,217.729366
I405_S,2,L405S-115,2025-09-15T07:40:00-07:00,2025-09-15,07:40,460,True,S,16.290000,1,18.400000,5256.000000,0.341100,285.652174
I405_S,3,L405S-114,2025-09-15T07:40:00-07:00,2025-09-15,07:40,460,True,S,16.450000,2,27.700000,4938.000000,0.236800,181.209398
I405_S,1,L405S-132,2025-09-15T07:45:00-07:00,2025-09-15,07:45,465,True,S,15.715000,3,35.000000,7020.000000,0.200000,203.235526
I405_S,2,L405S-115,2025-09-15T07:45:00-07:00,2025-09-15,07:45,465,True,S,16.290000,1,17.700000,5412.000000,0.340500,305.762712
I405_S,3,L405S-114,2025-09-15T07:45:00-07:00,2025-09-15,07:45,465,True,S,16.450000,2,28.050000,5178.000000,0.255650,188.442234
I405_S,1,L405S-132,2025-09-15T07:50:00-07:00,2025-09-15,07:50,470,True,S,15.715000,3,37.633333,7348.000000,0.198500,196.594196
I405_S,2,L405S-115,2025-09-15T07:50:00-07:00,2025-09-15,07:50,470,True,S,16.290000,1,23.300000,6600.000000,0.215200,283.261803
I405_S,3,L405S-114,2025-09-15T07:50:00-07:00,2025-09-15,07:50,470,True,S,16.450000,2,29.200000,5670.000000,0.199200,194.245804
I405_S,1,L405S-132,2025-09-15T07:55:00-07:00,2025-09-15,07:55,475,True,S,15.715000,3,38.266667,6980.000000,0.237733,188.431325
I405_S,2,L405S-115,2025-09-15T07:55:00-07:00,2025-09-15,07:55,475,True,S,16.290000,1,24.600000,5820.000000,0.219400,236.585366
I405_S,3,L405S-114,2025-09-15T07:55:00-07:00,2025-09-15,07:55,475,True,S,16.450000,2,32.650000,5496.000000,0.184150,169.625982
I405_S,1,L405S-132,2025-09-15T08:00:00-07:00,2025-09-15,08:00,480,True,S,15.715000,3,36.133333,6744.000000,0.215067,192.211061
I405_S,2,L405S-115,2025-09-15T08:00:00-07:00,2025-09-15,08:00,480,True,S,16.290000,1,29.300000,5472.000000,0.155000,186.757679
I405_S,3,L405S-114,2025-09-15T08:00:00-07:00,2025-09-15,08:00,480,True,S,16.450000,2,35.350000,4854.000000,0.146250,139.881633
I405_S,1,L405S-132,2025-09-15T08:05:00-07:00,2025-09-15,08:05,485,True,S,15.715000,3,37.500000,7172.000000,0.186033,194.533486
I405_S,2,L405S-115,2025-09-15T08:05:00-07:00,2025-09-15,08:05,485,True,S,16.290000,1,33.400000,5484.000000,0.136000,164.191617
I405_S,3,L405S-114,2025-09-15T08:05:00-07:00,2025-09-15,08:05,485,True,S,16.450000,2,36.900000,5052.000000,0.157950,141.972813
I405_S,1,L405S-132,2025-09-15T08:10:00-07:00,2025-09-15,08:10,490,True,S,15.715000,3,36.333333,7144.000000,0.228467,201.224688
I405_S,2,L405S-115,2025-09-15T08:10:00-07:00,2025-09-15,08:10,490,True,S,16.290000,1,37.800000,6312.000000,0.137800,166.984127
I405_S,3,L405S-114,2025-09-15T08:10:00-07:00,2025-09-15,08:10,490,True,S,16.450000,2,38.850000,5682.000000,0.168200,154.132157
I405_S,1,L405S-132,2025-09-15T08:15:00-07:00,2025-09-15,08:15,495,True,S,15.715000,3,32.366667,5996.000000,0.241200,193.509280
I405_S,2,L405S-115,2025-09-15T08:15:00-07:00,2025-09-15,08:15,495,True,S,16.290000,1,40.700000,5976.000000,0.131200,146.830467
I405_S,3,L405S-114,2025-09-15T08:15:00-07:00,2025-09-15,08:15,495,True,S,16.450000,2,40.050000,5148.000000,0.150000,135.240169
I405_S,1,L405S-132,2025-09-15T08:20:00-07:00,2025-09-15,08:20,500,True,S,15.715000,3,34.566667,6820.000000,0.197800,201.758494
I405_S,2,L405S-115,2025-09-15T08:20:00-07:00,2025-09-15,08:20,500,True,S,16.290000,1,28.400000,4752.000000,0.310300,167.323944
I405_S,3,L405S-114,2025-09-15T08:20:00-07:00,2025-09-15,08:20,500,True,S,16.450000,2,34.750000,4524.000000,0.180750,131.809804
I405_S,1,L405S-132,2025-09-15T08:25:00-07:00,2025-09-15,08:25,505,True,S,15.715000,3,36.133333,7400.000000,0.207667,207.592377
I405_S,2,L405S-115,2025-09-15T08:25:00-07:00,2025-09-15,08:25,505,True,S,16.290000,1,27.300000,6468.000000,0.237000,236.923077
I405_S,3,L405S-114,2025-09-15T08:25:00-07:00,2025-09-15,08:25,505,True,S,16.450000,2,33.050000,5718.000000,0.204050,174.786014
I405_S,1,L405S-132,2025-09-15T08:30:00-07:00,2025-09-15,08:30,510,True,S,15.715000,3,32.633333,6268.000000,0.242733,195.976914
I405_S,2,L405S-115,2025-09-15T08:30:00-07:00,2025-09-15,08:30,510,True,S,16.290000,1,25.700000,5556.000000,0.227800,216.186770
I405_S,3,L405S-114,2025-09-15T08:30:00-07:00,2025-09-15,08:30,510,True,S,16.450000,2,33.600000,5166.000000,0.178750,158.132670
I405_S,1,L405S-132,2025-09-15T08:35:00-07:00,2025-09-15,08:35,515,True,S,15.715000,3,38.233333,7184.000000,0.168733,189.371393
I405_S,2,L405S-115,2025-09-15T08:35:00-07:00,2025-09-15,08:35,515,True,S,16.290000,1,24.300000,5064.000000,0.213900,208.395062
I405_S,3,L405S-114,2025-09-15T08:35:00-07:00,2025-09-15,08:35,515,True,S,16.450000,2,33.650000,4632.000000,0.159650,141.269780
I405_S,1,L405S-132,2025-09-15T08:40:00-07:00,2025-09-15,08:40,520,True,S,15.715000,3,38.200000,6812.000000,0.195033,181.990590
I405_S,2,L405S-115,2025-09-15T08:40:00-07:00,2025-09-15,08:40,520,True,S,16.290000,1,35.800000,6060.000000,0.118900,169.273743
I405_S,3,L405S-114,2025-09-15T08:40:00-07:00,2025-09-15,08:40,520,True,S,16.450000,2,40.400000,5262.000000,0.124500,133.586052
I405_S,1,L405S-132,2025-09-15T08:45:00-07:00,2025-09-15,08:45,525,True,S,15.715000,3,39.200000,6820.000000,0.178300,178.255762
I405_S,2,L405S-115,2025-09-15T08:45:00-07:00,2025-09-15,08:45,525,True,S,16.290000,1,48.900000,5292.000000,0.079000,108.220859
I405_S,3,L405S-114,2025-09-15T08:45:00-07:00,2025-09-15,08:45,525,True,S,16.450000,2,48.950000,4746.000000,0.089050,97.444809
I405_S,1,L405S-132,2025-09-15T08:50:00-07:00,2025-09-15,08:50,530,True,S,15.715000,3,48.266667,6644.000000,0.116333,138.175378
I405_S,2,L405S-115,2025-09-15T08:50:00-07:00,2025-09-15,08:50,530,True,S,16.290000,1,56.100000,5916.000000,0.085300,105.454545
I405_S,3,L405S-114,2025-09-15T08:50:00-07:00,2025-09-15,08:50,530,True,S,16.450000,2,55.800000,5076.000000,0.087450,91.034403
I405_S,1,L405S-132,2025-09-15T08:55:00-07:00,2025-09-15,08:55,535,True,S,15.715000,3,54.100000,6320.000000,0.105367,117.058706
I405_S,2,L405S-115,2025-09-15T08:55:00-07:00,2025-09-15,08:55,535,True,S,16.290000,1,60.700000,5556.000000,0.077800,91.532125
I405_S,3,L405S-114,2025-09-15T08:55:00-07:00,2025-09-15,08:55,535,True,S,16.450000,2,59.650000,5004.000000,0.084150,83.870451
I405_S,1,L405S-132,2025-09-15T09:00:00-07:00,2025-09-15,09:00,540,True,S,15.715000,3,56.266667,6000.000000,0.102567,106.850127
I405_S,2,L405S-115,2025-09-15T09:00:00-07:00,2025-09-15,09:00,540,True,S,16.290000,1,60.400000,5604.000000,0.083900,92.781457
I405_S,3,L405S-114,2025-09-15T09:00:00-07:00,2025-09-15,09:00,540,True,S,16.450000,2,58.550000,5004.000000,0.091650,85.404762
I405_S,1,L405S-132,2025-09-15T09:05:00-07:00,2025-09-15,09:05,545,True,S,15.715000,3,57.233333,6872.000000,0.117067,120.478825
I405_S,2,L405S-115,2025-09-15T09:05:00-07:00,2025-09-15,09:05,545,True,S,16.290000,1,60.700000,5844.000000,0.086700,96.276771
I405_S,3,L405S-114,2025-09-15T09:05:00-07:00,2025-09-15,09:05,545,True,S,16.450000,2,58.500000,5070.000000,0.091500,86.666667
I405_S,1,L405S-132,2025-09-15T09:10:00-07:00,2025-09-15,09:10,550,True,S,15.715000,3,57.266667,6180.000000,0.107833,108.229291
I405_S,2,L405S-115,2025-09-15T09:10:00-07:00,2025-09-15,09:10,550,True,S,16.290000,1,61.100000,5604.000000,0.081900,91.718494
I405_S,3,L405S-114,2025-09-15T09:10:00-07:00,2025-09-15,09:10,550,True,S,16.450000,2,58.550000,4758.000000,0.085700,81.267546
I405_S,1,L405S-132,2025-09-15T09:15:00-07:00,2025-09-15,09:15,555,True,S,15.715000,3,57.266667,6484.000000,0.113167,113.502344
I405_S,2,L405S-115,2025-09-15T09:15:00-07:00,2025-09-15,09:15,555,True,S,16.290000,1,60.600000,6084.000000,0.091600,100.396040
I405_S,3,L405S-114,2025-09-15T09:15:00-07:00,2025-09-15,09:15,555,True,S,16.450000,2,58.150000,5298.000000,0.097250,91.111486
I405_S,1,L405S-132,2025-09-15T09:20:00-07:00,2025-09-15,09:20,560,True,S,15.715000,3,57.966667,6784.000000,0.115300,117.263423
I405_S,2,L405S-115,2025-09-15T09:20:00-07:00,2025-09-15,09:20,560,True,S,16.290000,1,60.200000,6312.000000,0.094800,104.850498
I405_S,3,L405S-114,2025-09-15T09:20:00-07:00,2025-09-15,09:20,560,True,S,16.450000,2,57.900000,5556.000000,0.100500,95.946017
I405_S,1,L405S-132,2025-09-15T09:25:00-07:00,2025-09-15,09:25,565,True,S,15.715000,3,57.533333,7720.000000,0.134833,134.654889
I405_S,2,L405S-115,2025-09-15T09:25:00-07:00,2025-09-15,09:25,565,True,S,16.290000,1,59.400000,7080.000000,0.109900,119.191919
I405_S,3,L405S-114,2025-09-15T09:25:00-07:00,2025-09-15,09:25,565,True,S,16.450000,2,57.300000,6090.000000,0.115700,106.288074
I405_S,1,L405S-132,2025-09-15T09:30:00-07:00,2025-09-15,09:30,570,True,S,15.715000,3,57.766667,6980.000000,0.117100,120.917443
I405_S,2,L405S-115,2025-09-15T09:30:00-07:00,2025-09-15,09:30,570,True,S,16.290000,1,60.200000,6636.000000,0.096800,110.232558
I405_S,3,L405S-114,2025-09-15T09:30:00-07:00,2025-09-15,09:30,570,True,S,16.450000,2,58.000000,5622.000000,0.100450,96.924861
I405_S,1,L405S-132,2025-09-15T09:35:00-07:00,2025-09-15,09:35,575,True,S,15.715000,3,58.033333,6840.000000,0.114900,117.916702
I405_S,2,L405S-115,2025-09-15T09:35:00-07:00,2025-09-15,09:35,575,True,S,16.290000,1,61.400000,6132.000000,0.087200,99.869707
I405_S,3,L405S-114,2025-09-15T09:35:00-07:00,2025-09-15,09:35,575,True,S,16.450000,2,59.250000,5394.000000,0.091700,91.019383
I405_S,1,L405S-132,2025-09-15T09:40:00-07:00,2025-09-15,09:40,580,True,S,15.715000,3,57.533333,7308.000000,0.127567,127.535826
I405_S,2,L405S-115,2025-09-15T09:40:00-07:00,2025-09-15,09:40,580,True,S,16.290000,1,61.200000,6408.000000,0.094600,104.705882
I405_S,3,L405S-114,2025-09-15T09:40:00-07:00,2025-09-15,09:40,580,True,S,16.450000,2,59.050000,5592.000000,0.100200,94.702734
I405_S,1,L405S-132,2025-09-15T09:45:00-07:00,2025-09-15,09:45,585,True,S,15.715000,3,57.266667,6376.000000,0.109333,111.488492
I405_S,2,L405S-115,2025-09-15T09:45:00-07:00,2025-09-15,09:45,585,True,S,16.290000,1,61.900000,6036.000000,0.085800,97.512116
I405_S,3,L405S-114,2025-09-15T09:45:00-07:00,2025-09-15,09:45,585,True,S,16.450000,2,59.900000,5046.000000,0.087950,84.240401
I405_S,1,L405S-132,2025-09-15T09:50:00-07:00,2025-09-15,09:50,590,True,S,15.715000,3,57.466667,6624.000000,0.116267,115.844504
I405_S,2,L405S-115,2025-09-15T09:50:00-07:00,2025-09-15,09:50,590,True,S,16.290000,1,60.900000,5880.000000,0.088400,96.551724
I405_S,3,L405S-114,2025-09-15T09:50:00-07:00,2025-09-15,09:50,590,True,S,16.450000,2,59.050000,5064.000000,0.092600,85.759787
I405_S,1,L405S-132,2025-09-15T09:55:00-07:00,2025-09-15,09:55,595,True,S,15.715000,3,58.033333,6496.000000,0.110133,112.149927
I405_S,2,L405S-115,2025-09-15T09:55:00-07:00,2025-09-15,09:55,595,True,S,16.290000,1,61.600000,6180.000000,0.090100,100.324675
I405_S,3,L405S-114,2025-09-15T09:55:00-07:00,2025-09-15,09:55,595,True,S,16.450000,2,59.150000,5352.000000,0.096400,90.482576
I405_S,1,L405S-132,2025-09-15T10:00:00-07:00,2025-09-15,10:00,600,False,S,15.715000,3,59.600000,6012.000000,0.097067,100.923208
I405_S,2,L405S-115,2025-09-15T10:00:00-07:00,2025-09-15,10:00,600,False,S,16.290000,1,61.000000,5640.000000,0.082200,92.459016
I405_S,3,L405S-114,2025-09-15T10:00:00-07:00,2025-09-15,10:00,600,False,S,16.450000,2,59.650000,4836.000000,0.084950,81.066273
I405_S,1,L405S-132,2025-09-15T10:05:00-07:00,2025-09-15,10:05,605,False,S,15.715000,3,58.300000,6340.000000,0.111433,109.301167
I405_S,2,L405S-115,2025-09-15T10:05:00-07:00,2025-09-15,10:05,605,False,S,16.290000,1,60.600000,5424.000000,0.080600,89.504950
I405_S,3,L405S-114,2025-09-15T10:05:00-07:00,2025-09-15,10:05,605,False,S,16.450000,2,59.400000,4716.000000,0.086000,79.402087
I405_S,1,L405S-132,2025-09-15T10:10:00-07:00,2025-09-15,10:10,610,False,S,15.715000,3,58.000000,6188.000000,0.105767,107.167025
I405_S,2,L405S-115,2025-09-15T10:10:00-07:00,2025-09-15,10:10,610,False,S,16.290000,1,60.400000,5484.000000,0.079500,90.794702
I405_S,3,L405S-114,2025-09-15T10:10:00-07:00,2025-09-15,10:10,610,False,S,16.450000,2,58.850000,4602.000000,0.082350,78.196417
I405_S,1,L405S-132,2025-09-15T10:15:00-07:00,2025-09-15,10:15,615,False,S,15.715000,3,57.966667,6624.000000,0.114200,114.651423
I405_S,2,L405S-115,2025-09-15T10:15:00-07:00,2025-09-15,10:15,615,False,S,16.290000,1,60.600000,6408.000000,0.091900,105.742574
I405_S,3,L405S-114,2025-09-15T10:15:00-07:00,2025-09-15,10:15,615,False,S,16.450000,2,59.450000,5448.000000,0.094800,91.664233
I405_S,1,L405S-132,2025-09-15T10:20:00-07:00,2025-09-15,10:20,620,False,S,15.715000,3,57.633333,6828.000000,0.119767,119.727838
I405_S,2,L405S-115,2025-09-15T10:20:00-07:00,2025-09-15,10:20,620,False,S,16.290000,1,60.600000,5532.000000,0.081100,91.287129
I405_S,3,L405S-114,2025-09-15T10:20:00-07:00,2025-09-15,10:20,620,False,S,16.450000,2,59.350000,5124.000000,0.089100,86.392164
I405_S,1,L405S-132,2025-09-15T10:25:00-07:00,2025-09-15,10:25,625,False,S,15.715000,3,57.866667,6652.000000,0.113800,115.348723
I405_S,2,L405S-115,2025-09-15T10:25:00-07:00,2025-09-15,10:25,625,False,S,16.290000,1,60.200000,5748.000000,0.085900,95.481728
I405_S,3,L405S-114,2025-09-15T10:25:00-07:00,2025-09-15,10:25,625,False,S,16.450000,2,59.100000,4794.000000,0.086550,81.132149
I405_S,1,L405S-132,2025-09-16T05:30:00-07:00,2025-09-16,05:30,330,False,S,15.715000,3,68.166667,4588.000000,0.071833,67.278926
I405_S,2,L405S-115,2025-09-16T05:30:00-07:00,2025-09-16,05:30,330,False,S,16.290000,1,73.800000,5124.000000,0.209100,69.430894
I405_S,3,L405S-114,2025-09-16T05:30:00-07:00,2025-09-16,05:30,330,False,S,16.450000,2,69.450000,3894.000000,0.068900,56.069232
I405_S,1,L405S-132,2025-09-16T05:35:00-07:00,2025-09-16,05:35,335,False,S,15.715000,3,68.300000,4988.000000,0.076967,73.007158
I405_S,2,L405S-115,2025-09-16T05:35:00-07:00,2025-09-16,05:35,335,False,S,16.290000,1,73.700000,5688.000000,0.211600,77.177748
I405_S,3,L405S-114,2025-09-16T05:35:00-07:00,2025-09-16,05:35,335,False,S,16.450000,2,69.500000,4260.000000,0.072400,61.299447
I405_S,1,L405S-132,2025-09-16T05:40:00-07:00,2025-09-16,05:40,340,False,S,15.715000,3,68.133333,5608.000000,0.085967,82.203179
I405_S,2,L405S-115,2025-09-16T05:40:00-07:00,2025-09-16,05:40,340,False,S,16.290000,1,72.600000,6396.000000,0.211500,88.099174
I405_S,3,L405S-114,2025-09-16T05:40:00-07:00,2025-09-16,05:40,340,False,S,16.450000,2,68.250000,5052.000000,0.091100,74.018858
I405_S,1,L405S-132,2025-09-16T05:45:00-07:00,2025-09-16,05:45,345,False,S,15.715000,3,67.033333,6192.000000,0.098800,92.311534
I405_S,2,L405S-115,2025-09-16T05:45:00-07:00,2025-09-16,05:45,345,False,S,16.290000,1,72.400000,6720.000000,0.216900,92.817680
I405_S,3,L405S-114,2025-09-16T05:45:00-07:00,2025-09-16,05:45,345,False,S,16.450000,2,68.350000,4890.000000,0.084800,71.533265
I405_S,1,L405S-132,2025-09-16T05:50:00-07:00,2025-09-16,05:50,350,False,S,15.715000,3,67.100000,6312.000000,0.096767,93.997008
I405_S,2,L405S-115,2025-09-16T05:50:00-07:00,2025-09-16,05:50,350,False,S,16.290000,1,72.900000,6900.000000,0.202900,94.650206
I405_S,3,L405S-114,2025-09-16T05:50:00-07:00,2025-09-16,05:50,350,False,S,16.450000,2,68.750000,5244.000000,0.089850,76.275896
I405_S,1,L405S-132,2025-09-16T05:55:00-07:00,2025-09-16,05:55,355,False,S,15.715000,3,68.566667,5948.000000,0.090233,86.688988
I405_S,2,L405S-115,2025-09-16T05:55:00-07:00,2025-09-16,05:55,355,False,S,16.290000,1,73.500000,6468.000000,0.203500,88.000000
I405_S,3,L405S-114,2025-09-16T05:55:00-07:00,2025-09-16,05:55,355,False,S,16.450000,2,70.100000,4992.000000,0.082200,71.191395
I405_S,1,L405S-132,2025-09-16T06:00:00-07:00,2025-09-16,06:00,360,True,S,15.715000,3,67.733333,5748.000000,0.089900,84.799501
I405_S,2,L405S-115,2025-09-16T06:00:00-07:00,2025-09-16,06:00,360,True,S,16.290000,1,72.300000,5688.000000,0.108000,78.672199
I405_S,3,L405S-114,2025-09-16T06:00:00-07:00,2025-09-16,06:00,360,True,S,16.450000,2,67.750000,4536.000000,0.079100,66.962052
I405_S,1,L405S-132,2025-09-16T06:05:00-07:00,2025-09-16,06:05,365,True,S,15.715000,3,66.733333,5292.000000,0.084133,79.155241
I405_S,2,L405S-115,2025-09-16T06:05:00-07:00,2025-09-16,06:05,365,True,S,16.290000,1,71.100000,5388.000000,0.071500,75.780591
I405_S,3,L405S-114,2025-09-16T06:05:00-07:00,2025-09-16,06:05,365,True,S,16.450000,2,66.100000,4848.000000,0.088300,73.346837
I405_S,1,L405S-132,2025-09-16T06:10:00-07:00,2025-09-16,06:10,370,True,S,15.715000,3,66.200000,6088.000000,0.096533,91.753761
I405_S,2,L405S-115,2025-09-16T06:10:00-07:00,2025-09-16,06:10,370,True,S,16.290000,1,70.100000,6024.000000,0.080900,85.934379
I405_S,3,L405S-114,2025-09-16T06:10:00-07:00,2025-09-16,06:10,370,True,S,16.450000,2,65.300000,5088.000000,0.091500,77.917305
I405_S,1,L405S-132,2025-09-16T06:15:00-07:00,2025-09-16,06:15,375,True,S,15.715000,3,65.566667,6168.000000,0.097167,93.900179
I405_S,2,L405S-115,2025-09-16T06:15:00-07:00,2025-09-16,06:15,375,True,S,16.290000,1,69.200000,6156.000000,0.082400,88.959538
I405_S,3,L405S-114,2025-09-16T06:15:00-07:00,2025-09-16,06:15,375,True,S,16.450000,2,64.400000,5442.000000,0.095150,84.483719
I405_S,1,L405S-132,2025-09-16T06:20:00-07:00,2025-09-16,06:20,380,True,S,15.715000,3,62.500000,8020.000000,0.135133,128.193389
I405_S,2,L405S-115,2025-09-16T06:20:00-07:00,2025-09-16,06:20,380,True,S,16.290000,1,66.800000,7956.000000,0.116700,119.101796
I405_S,3,L405S-114,2025-09-16T06:20:00-07:00,2025-09-16,06:20,380,True,S,16.450000,2,62.600000,6816.000000,0.126600,108.853021
I405_S,1,L405S-132,2025-09-16T06:25:00-07:00,2025-09-16,06:25,385,True,S,15.715000,3,62.233333,7072.000000,0.116367,113.531332
I405_S,2,L405S-115,2025-09-16T06:25:00-07:00,2025-09-16,06:25,385,True,S,16.290000,1,65.700000,7008.000000,0.102100,106.666667
I405_S,3,L405S-114,2025-09-16T06:25:00-07:00,2025-09-16,06:25,385,True,S,16.450000,2,61.100000,6180.000000,0.116100,101.091429
I405_S,1,L405S-132,2025-09-16T06:30:00-07:00,2025-09-16,06:30,390,True,S,15.715000,3,59.966667,8120.000000,0.140933,135.354367
I405_S,2,L405S-115,2025-09-16T06:30:00-07:00,2025-09-16,06:30,390,True,S,16.290000,1,64.100000,8100.000000,0.120700,126.365055
I405_S,3,L405S-114,2025-09-16T06:30:00-07:00,2025-09-16,06:30,390,True,S,16.450000,2,60.200000,7056.000000,0.134650,117.175325
I405_S,1,L405S-132,2025-09-16T06:35:00-07:00,2025-09-16,06:35,395,True,S,15.715000,3,53.533333,7296.000000,0.164867,136.916114
I405_S,2,L405S-115,2025-09-16T06:35:00-07:00,2025-09-16,06:35,395,True,S,16.290000,1,60.100000,8376.000000,0.140200,139.367720
I405_S,3,L405S-114,2025-09-16T06:35:00-07:00,2025-09-16,06:35,395,True,S,16.450000,2,54.950000,7230.000000,0.164150,131.488340
I405_S,1,L405S-132,2025-09-16T06:40:00-07:00,2025-09-16,06:40,400,True,S,15.715000,3,47.533333,7180.000000,0.202167,151.189821
I405_S,2,L405S-115,2025-09-16T06:40:00-07:00,2025-09-16,06:40,400,True,S,16.290000,1,44.600000,6372.000000,0.310600,142.869955
I405_S,3,L405S-114,2025-09-16T06:40:00-07:00,2025-09-16,06:40,400,True,S,16.450000,2,41.950000,5796.000000,0.232200,137.773987
I405_S,1,L405S-132,2025-09-16T06:45:00-07:00,2025-09-16,06:45,405,True,S,15.715000,3,45.900000,7500.000000,0.189000,163.752466
I405_S,2,L405S-115,2025-09-16T06:45:00-07:00,2025-09-16,06:45,405,True,S,16.290000,1,39.200000,7200.000000,0.276700,183.673469
I405_S,3,L405S-114,2025-09-16T06:45:00-07:00,2025-09-16,06:45,405,True,S,16.450000,2,36.450000,6270.000000,0.242900,171.794524
I405_S,1,L405S-132,2025-09-16T06:50:00-07:00,2025-09-16,06:50,410,True,S,15.715000,3,44.100000,7204.000000,0.198300,164.700600
I405_S,2,L405S-115,2025-09-16T06:50:00-07:00,2025-09-16,06:50,410,True,S,16.290000,1,35.700000,6828.000000,0.288400,191.260504
I405_S,3,L405S-114,2025-09-16T06:50:00-07:00,2025-09-16,06:50,410,True,S,16.450000,2,34.000000,6018.000000,0.252350,177.045649
I405_S,1,L405S-132,2025-09-16T06:55:00-07:00,2025-09-16,06:55,415,True,S,15.715000,3,38.233333,6392.000000,0.250267,169.714903
I405_S,2,L405S-115,2025-09-16T06:55:00-07:00,2025-09-16,06:55,415,True,S,16.290000,1,34.900000,6972.000000,0.270400,199.770774
I405_S,3,L405S-114,2025-09-16T06:55:00-07:00,2025-09-16,06:55,415,True,S,16.450000,2,32.100000,6006.000000,0.246250,187.225366
I405_S,1,L405S-132,2025-09-16T07:00:00-07:00,2025-09-16,07:00,420,True,S,15.715000,3,39.100000,6816.000000,0.219833,174.345407
I405_S,2,L405S-115,2025-09-16T07:00:00-07:00,2025-09-16,07:00,420,True,S,16.290000,1,26.900000,5304.000000,0.358800,197.174721
I405_S,3,L405S-114,2025-09-16T07:00:00-07:00,2025-09-16,07:00,420,True,S,16.450000,2,28.850000,4872.000000,0.282850,169.832996
I405_S,1,L405S-132,2025-09-16T07:05:00-07:00,2025-09-16,07:05,425,True,S,15.715000,3,39.500000,7120.000000,0.203867,182.811159
I405_S,2,L405S-115,2025-09-16T07:05:00-07:00,2025-09-16,07:05,425,True,S,16.290000,1,36.300000,7680.000000,0.179200,211.570248
I405_S,3,L405S-114,2025-09-16T07:05:00-07:00,2025-09-16,07:05,425,True,S,16.450000,2,33.400000,6420.000000,0.187350,192.462614
I405_S,1,L405S-132,2025-09-16T07:10:00-07:00,2025-09-16,07:10,430,True,S,15.715000,3,36.566667,6440.000000,0.249300,179.084842
I405_S,2,L405S-115,2025-09-16T07:10:00-07:00,2025-09-16,07:10,430,True,S,16.290000,1,32.500000,6240.000000,0.314900,192.000000
I405_S,3,L405S-114,2025-09-16T07:10:00-07:00,2025-09-16,07:10,430,True,S,16.450000,2,31.500000,5646.000000,0.233400,178.871246
I405_S,1,L405S-132,2025-09-16T07:15:00-07:00,2025-09-16,07:15,435,True,S,15.715000,3,34.566667,6056.000000,0.249733,178.629838
I405_S,2,L405S-115,2025-09-16T07:15:00-07:00,2025-09-16,07:15,435,True,S,16.290000,1,23.700000,5436.000000,0.377500,229.367089
I405_S,3,L405S-114,2025-09-16T07:15:00-07:00,2025-09-16,07:15,435,True,S,16.450000,2,29.650000,4944.000000,0.262100,167.054112
I405_S,1,L405S-132,2025-09-16T07:20:00-07:00,2025-09-16,07:20,440,True,S,15.715000,3,32.933333,6344.000000,0.267733,196.675546
I405_S,2,L405S-115,2025-09-16T07:20:00-07:00,2025-09-16,07:20,440,True,S,16.290000,1,20.400000,5304.000000,0.377800,260.000000
I405_S,3,L405S-114,2025-09-16T07:20:00-07:00,2025-09-16,07:20,440,True,S,16.450000,2,27.500000,4776.000000,0.270150,174.836734
I405_S,1,L405S-132,2025-09-16T07:25:00-07:00,2025-09-16,07:25,445,True,S,15.715000,3,27.066667,4412.000000,0.383133,172.493806
I405_S,2,L405S-115,2025-09-16T07:25:00-07:00,2025-09-16,07:25,445,True,S,16.290000,1,19.000000,5352.000000,0.351300,281.684211
I405_S,3,L405S-114,2025-09-16T07:25:00-07:00,2025-09-16,07:25,445,True,S,16.450000,2,28.300000,4668.000000,0.235900,170.384967
I405_S,1,L405S-132,2025-09-16T07:30:00-07:00,2025-09-16,07:30,450,True,S,15.715000,3,24.966667,4768.000000,0.362433,208.616550
I405_S,2,L405S-115,2025-09-16T07:30:00-07:00,2025-09-16,07:30,450,True,S,16.290000,1,13.100000,3456.000000,0.505700,263.816794
I405_S,3,L405S-114,2025-09-16T07:30:00-07:00,2025-09-16,07:30,450,True,S,16.450000,2,24.200000,3168.000000,0.321550,132.783526
I405_S,1,L405S-132,2025-09-16T07:35:00-07:00,2025-09-16,07:35,455,True,S,15.715000,3,22.966667,4476.000000,0.395967,216.966839
I405_S,2,L405S-115,2025-09-16T07:35:00-07:00,2025-09-16,07:35,455,True,S,16.290000,1,13.200000,4584.000000,0.435500,347.272727
I405_S,3,L405S-114,2025-09-16T07:35:00-07:00,2025-09-16,07:35,455,True,S,16.450000,2,22.750000,3954.000000,0.270300,176.002795
I405_S,1,L405S-132,2025-09-16T07:40:00-07:00,2025-09-16,07:40,460,True,S,15.715000,3,23.100000,4624.000000,0.351533,223.381058
I405_S,2,L405S-115,2025-09-16T07:40:00-07:00,2025-09-16,07:40,460,True,S,16.290000,1,10.700000,3492.000000,0.507200,326.355140
I405_S,3,L405S-114,2025-09-16T07:40:00-07:00,2025-09-16,07:40,460,True,S,16.450000,2,23.750000,3438.000000,0.305850,146.112516
I405_S,1,L405S-132,2025-09-16T07:45:00-07:00,2025-09-16,07:45,465,True,S,15.715000,3,21.900000,4344.000000,0.402667,226.797107
I405_S,2,L405S-115,2025-09-16T07:45:00-07:00,2025-09-16,07:45,465,True,S,16.290000,1,13.900000,4452.000000,0.409200,320.287770
I405_S,3,L405S-114,2025-09-16T07:45:00-07:00,2025-09-16,07:45,465,True,S,16.450000,2,24.000000,3960.000000,0.240450,166.992481
I405_S,1,L405S-132,2025-09-16T07:50:00-07:00,2025-09-16,07:50,470,True,S,15.715000,3,21.100000,4148.000000,0.401900,232.198825
I405_S,2,L405S-115,2025-09-16T07:50:00-07:00,2025-09-16,07:50,470,True,S,16.290000,1,12.400000,4044.000000,0.435200,326.129032
I405_S,3,L405S-114,2025-09-16T07:50:00-07:00,2025-09-16,07:50,470,True,S,16.450000,2,23.900000,3906.000000,0.268450,164.982345
I405_S,1,L405S-132,2025-09-16T07:55:00-07:00,2025-09-16,07:55,475,True,S,15.715000,3,20.966667,4268.000000,0.401467,240.970246
I405_S,2,L405S-115,2025-09-16T07:55:00-07:00,2025-09-16,07:55,475,True,S,16.290000,1,11.200000,3660.000000,0.497600,326.785714
I405_S,3,L405S-114,2025-09-16T07:55:00-07:00,2025-09-16,07:55,475,True,S,16.450000,2,21.300000,3480.000000,0.293900,163.380282
I405_S,1,L405S-132,2025-09-16T08:00:00-07:00,2025-09-16,08:00,480,True,S,15.715000,3,20.633333,3912.000000,0.392233,226.235207
I405_S,2,L405S-115,2025-09-16T08:00:00-07:00,2025-09-16,08:00,480,True,S,16.290000,1,10.100000,4152.000000,0.442200,411.089109
I405_S,3,L405S-114,2025-09-16T08:00:00-07:00,2025-09-16,08:00,480,True,S,16.450000,2,23.050000,3714.000000,0.274150,164.069437
I405_S,1,L405S-132,2025-09-16T08:05:00-07:00,2025-09-16,08:05,485,True,S,15.715000,3,20.000000,3912.000000,0.434533,240.657775
I405_S,2,L405S-115,2025-09-16T08:05:00-07:00,2025-09-16,08:05,485,True,S,16.290000,1,9.400000,3744.000000,0.516100,398.297872
I405_S,3,L405S-114,2025-09-16T08:05:00-07:00,2025-09-16,08:05,485,True,S,16.450000,2,21.100000,3168.000000,0.329750,151.740541
I405_S,1,L405S-132,2025-09-16T08:10:00-07:00,2025-09-16,08:10,490,True,S,15.715000,3,19.566667,3672.000000,0.431533,235.134215
I405_S,2,L405S-115,2025-09-16T08:10:00-07:00,2025-09-16,08:10,490,True,S,16.290000,1,8.100000,3264.000000,0.518300,402.962963
I405_S,3,L405S-114,2025-09-16T08:10:00-07:00,2025-09-16,08:10,490,True,S,16.450000,2,21.500000,3210.000000,0.329700,150.649808
I405_S,1,L405S-132,2025-09-16T08:15:00-07:00,2025-09-16,08:15,495,True,S,15.715000,3,19.966667,4232.000000,0.403967,262.755222
I405_S,2,L405S-115,2025-09-16T08:15:00-07:00,2025-09-16,08:15,495,True,S,16.290000,1,8.200000,3576.000000,0.524700,436.097561
I405_S,3,L405S-114,2025-09-16T08:15:00-07:00,2025-09-16,08:15,495,True,S,16.450000,2,22.550000,3168.000000,0.314600,141.697622
I405_S,1,L405S-132,2025-09-16T08:20:00-07:00,2025-09-16,08:20,500,True,S,15.715000,3,21.133333,4684.000000,0.376333,261.245918
I405_S,2,L405S-115,2025-09-16T08:20:00-07:00,2025-09-16,08:20,500,True,S,16.290000,1,9.000000,4020.000000,0.473200,446.666667
I405_S,3,L405S-114,2025-09-16T08:20:00-07:00,2025-09-16,08:20,500,True,S,16.450000,2,21.150000,3642.000000,0.280050,174.834008
I405_S,1,L405S-132,2025-09-16T08:25:00-07:00,2025-09-16,08:25,505,True,S,15.715000,3,20.700000,4192.000000,0.402167,244.360515
I405_S,2,L405S-115,2025-09-16T08:25:00-07:00,2025-09-16,08:25,505,True,S,16.290000,1,11.800000,4596.000000,0.383200,389.491525
I405_S,3,L405S-114,2025-09-16T08:25:00-07:00,2025-09-16,08:25,505,True,S,16.450000,2,22.300000,4188.000000,0.265150,191.531356
I405_S,1,L405S-132,2025-09-16T08:30:00-07:00,2025-09-16,08:30,510,True,S,15.715000,3,19.600000,3592.000000,0.462333,231.332867
I405_S,2,L405S-115,2025-09-16T08:30:00-07:00,2025-09-16,08:30,510,True,S,16.290000,1,9.900000,3648.000000,0.498200,368.484848
I405_S,3,L405S-114,2025-09-16T08:30:00-07:00,2025-09-16,08:30,510,True,S,16.450000,2,21.000000,3378.000000,0.319650,162.523503
I405_S,1,L405S-132,2025-09-16T08:35:00-07:00,2025-09-16,08:35,515,True,S,15.715000,3,18.966667,3504.000000,0.458700,246.629430
I405_S,2,L405S-115,2025-09-16T08:35:00-07:00,2025-09-16,08:35,515,True,S,16.290000,1,8.300000,3192.000000,0.494200,384.578313
I405_S,3,L405S-114,2025-09-16T08:35:00-07:00,2025-09-16,08:35,515,True,S,16.450000,2,19.800000,2898.000000,0.327250,147.536232
I405_S,1,L405S-132,2025-09-16T08:40:00-07:00,2025-09-16,08:40,520,True,S,15.715000,3,19.900000,4136.000000,0.397467,261.289584
I405_S,2,L405S-115,2025-09-16T08:40:00-07:00,2025-09-16,08:40,520,True,S,16.290000,1,7.400000,3132.000000,0.536500,423.243243
I405_S,3,L405S-114,2025-09-16T08:40:00-07:00,2025-09-16,08:40,520,True,S,16.450000,2,22.250000,3030.000000,0.308850,137.987805
I405_S,1,L405S-132,2025-09-16T08:45:00-07:00,2025-09-16,08:45,525,True,S,15.715000,3,20.000000,4048.000000,0.397267,248.885145
I405_S,2,L405S-115,2025-09-16T08:45:00-07:00,2025-09-16,08:45,525,True,S,16.290000,1,8.300000,3924.000000,0.466000,472.771084
I405_S,3,L405S-114,2025-09-16T08:45:00-07:00,2025-09-16,08:45,525,True,S,16.450000,2,23.150000,3558.000000,0.280700,158.076704
I405_S,1,L405S-132,2025-09-16T08:50:00-07:00,2025-09-16,08:50,530,True,S,15.715000,3,19.133333,3368.000000,0.444633,228.491487
I405_S,2,L405S-115,2025-09-16T08:50:00-07:00,2025-09-16,08:50,530,True,S,16.290000,1,9.100000,3660.000000,0.406200,402.197802
I405_S,3,L405S-114,2025-09-16T08:50:00-07:00,2025-09-16,08:50,530,True,S,16.450000,2,21.150000,3252.000000,0.279950,157.662338
I405_S,1,L405S-132,2025-09-16T08:55:00-07:00,2025-09-16,08:55,535,True,S,15.715000,3,19.266667,3716.000000,0.413733,252.987770
I405_S,2,L405S-115,2025-09-16T08:55:00-07:00,2025-09-16,08:55,535,True,S,16.290000,1,7.900000,2808.000000,0.486200,355.443038
I405_S,3,L405S-114,2025-09-16T08:55:00-07:00,2025-09-16,08:55,535,True,S,16.450000,2,22.800000,2946.000000,0.308700,130.519910
I405_S,1,L405S-132,2025-09-16T09:00:00-07:00,2025-09-16,09:00,540,True,S,15.715000,3,20.133333,4228.000000,0.384400,262.190313
I405_S,2,L405S-115,2025-09-16T09:00:00-07:00,2025-09-16,09:00,540,True,S,16.290000,1,8.200000,3576.000000,0.456100,436.097561
I405_S,3,L405S-114,2025-09-16T09:00:00-07:00,2025-09-16,09:00,540,True,S,16.450000,2,20.600000,3198.000000,0.299850,158.173262
I405_S,1,L405S-132,2025-09-16T09:05:00-07:00,2025-09-16,09:05,545,True,S,15.715000,3,21.033333,4464.000000,0.361967,252.966324
I405_S,2,L405S-115,2025-09-16T09:05:00-07:00,2025-09-16,09:05,545,True,S,16.290000,1,9.700000,3948.000000,0.432300,407.010309
I405_S,3,L405S-114,2025-09-16T09:05:00-07:00,2025-09-16,09:05,545,True,S,16.450000,2,20.450000,3498.000000,0.274200,172.019258
I405_S,1,L405S-132,2025-09-16T09:10:00-07:00,2025-09-16,09:10,550,True,S,15.715000,3,20.600000,4092.000000,0.390933,239.896567
I405_S,2,L405S-115,2025-09-16T09:10:00-07:00,2025-09-16,09:10,550,True,S,16.290000,1,11.700000,4608.000000,0.400500,393.846154
I405_S,3,L405S-114,2025-09-16T09:10:00-07:00,2025-09-16,09:10,550,True,S,16.450000,2,20.750000,4044.000000,0.270650,195.510270
I405_S,1,L405S-132,2025-09-16T09:15:00-07:00,2025-09-16,09:15,555,True,S,15.715000,3,22.333333,4668.000000,0.325333,239.207304
I405_S,2,L405S-115,2025-09-16T09:15:00-07:00,2025-09-16,09:15,555,True,S,16.290000,1,9.800000,3516.000000,0.454400,358.775510
I405_S,3,L405S-114,2025-09-16T09:15:00-07:00,2025-09-16,09:15,555,True,S,16.450000,2,23.100000,3540.000000,0.300950,154.097745
I405_S,1,L405S-132,2025-09-16T09:20:00-07:00,2025-09-16,09:20,560,True,S,15.715000,3,24.166667,5312.000000,0.297633,239.530347
I405_S,2,L405S-115,2025-09-16T09:20:00-07:00,2025-09-16,09:20,560,True,S,16.290000,1,12.400000,4752.000000,0.355500,383.225806
I405_S,3,L405S-114,2025-09-16T09:20:00-07:00,2025-09-16,09:20,560,True,S,16.450000,2,23.050000,4032.000000,0.248300,177.617697
I405_S,1,L405S-132,2025-09-16T09:25:00-07:00,2025-09-16,09:25,565,True,S,15.715000,3,26.833333,5756.000000,0.272500,226.650008
I405_S,2,L405S-115,2025-09-16T09:25:00-07:00,2025-09-16,09:25,565,True,S,16.290000,1,13.200000,4920.000000,0.387700,372.727273
I405_S,3,L405S-114,2025-09-16T09:25:00-07:00,2025-09-16,09:25,565,True,S,16.450000,2,24.050000,4722.000000,0.292100,198.574715
I405_S,1,L405S-132,2025-09-16T09:30:00-07:00,2025-09-16,09:30,570,True,S,15.715000,3,29.366667,6016.000000,0.247000,214.413002
I405_S,2,L405S-115,2025-09-16T09:30:00-07:00,2025-09-16,09:30,570,True,S,16.290000,1,20.600000,5688.000000,0.253700,276.116505
I405_S,3,L405S-114,2025-09-16T09:30:00-07:00,2025-09-16,09:30,570,True,S,16.450000,2,28.250000,5046.000000,0.180450,181.009528
I405_S,1,L405S-132,2025-09-16T09:35:00-07:00,2025-09-16,09:35,575,True,S,15.715000,3,28.533333,5740.000000,0.281167,211.987349
I405_S,2,L405S-115,2025-09-16T09:35:00-07:00,2025-09-16,09:35,575,True,S,16.290000,1,21.700000,6096.000000,0.290900,280.921659
I405_S,3,L405S-114,2025-09-16T09:35:00-07:00,2025-09-16,09:35,575,True,S,16.450000,2,29.700000,5490.000000,0.211500,185.423790
I405_S,1,L405S-132,2025-09-16T09:40:00-07:00,2025-09-16,09:40,580,True,S,15.715000,3,27.033333,5340.000000,0.305900,211.376738
I405_S,2,L405S-115,2025-09-16T09:40:00-07:00,2025-09-16,09:40,580,True,S,16.290000,1,20.500000,5268.000000,0.334800,256.975610
I405_S,3,L405S-114,2025-09-16T09:40:00-07:00,2025-09-16,09:40,580,True,S,16.450000,2,28.550000,4590.000000,0.234550,160.799411
I405_S,1,L405S-132,2025-09-16T09:45:00-07:00,2025-09-16,09:45,585,True,S,15.715000,3,30.800000,5884.000000,0.234733,195.743286
I405_S,2,L405S-115,2025-09-16T09:45:00-07:00,2025-09-16,09:45,585,True,S,16.290000,1,17.000000,4824.000000,0.407300,283.764706
I405_S,3,L405S-114,2025-09-16T09:45:00-07:00,2025-09-16,09:45,585,True,S,16.450000,2,27.250000,4158.000000,0.262450,152.783838
I405_S,1,L405S-132,2025-09-16T09:50:00-07:00,2025-09-16,09:50,590,True,S,15.715000,3,37.666667,6920.000000,0.187233,185.706576
I405_S,2,L405S-115,2025-09-16T09:50:00-07:00,2025-09-16,09:50,590,True,S,16.290000,1,21.200000,6132.000000,0.280600,289.245283
I405_S,3,L405S-114,2025-09-16T09:50:00-07:00,2025-09-16,09:50,590,True,S,16.450000,2,29.900000,5394.000000,0.221200,180.860215
I405_S,1,L405S-132,2025-09-16T09:55:00-07:00,2025-09-16,09:55,595,True,S,15.715000,3,44.033333,7256.000000,0.153933,164.659558
I405_S,2,L405S-115,2025-09-16T09:55:00-07:00,2025-09-16,09:55,595,True,S,16.290000,1,36.900000,6192.000000,0.116500,167.804878
I405_S,3,L405S-114,2025-09-16T09:55:00-07:00,2025-09-16,09:55,595,True,S,16.450000,2,38.550000,5226.000000,0.125750,135.691779
I405_S,1,L405S-132,2025-09-16T10:00:00-07:00,2025-09-16,10:00,600,False,S,15.715000,3,53.933333,5476.000000,0.090967,101.323612
I405_S,2,L405S-115,2025-09-16T10:00:00-07:00,2025-09-16,10:00,600,False,S,16.290000,1,51.700000,5064.000000,0.070100,97.949710
I405_S,3,L405S-114,2025-09-16T10:00:00-07:00,2025-09-16,10:00,600,False,S,16.450000,2,51.450000,4380.000000,0.078250,85.117339
I405_S,1,L405S-132,2025-09-16T10:05:00-07:00,2025-09-16,10:05,605,False,S,15.715000,3,58.800000,5532.000000,0.091400,93.967497
I405_S,2,L405S-115,2025-09-16T10:05:00-07:00,2025-09-16,10:05,605,False,S,16.290000,1,59.200000,5100.000000,0.071800,86.148649
I405_S,3,L405S-114,2025-09-16T10:05:00-07:00,2025-09-16,10:05,605,False,S,16.450000,2,56.650000,4554.000000,0.083250,80.406275
I405_S,1,L405S-132,2025-09-16T10:10:00-07:00,2025-09-16,10:10,610,False,S,15.715000,3,60.066667,5892.000000,0.101600,97.959148
I405_S,2,L405S-115,2025-09-16T10:10:00-07:00,2025-09-16,10:10,610,False,S,16.290000,1,61.700000,5688.000000,0.084200,92.188006
I405_S,3,L405S-114,2025-09-16T10:10:00-07:00,2025-09-16,10:10,610,False,S,16.450000,2,58.800000,4902.000000,0.091750,83.376439
I405_S,1,L405S-132,2025-09-16T10:15:00-07:00,2025-09-16,10:15,615,False,S,15.715000,3,61.500000,6220.000000,0.101533,101.034230
I405_S,2,L405S-115,2025-09-16T10:15:00-07:00,2025-09-16,10:15,615,False,S,16.290000,1,64.000000,5796.000000,0.082500,90.562500
I405_S,3,L405S-114,2025-09-16T10:15:00-07:00,2025-09-16,10:15,615,False,S,16.450000,2,60.950000,4932.000000,0.089600,80.935491
I405_S,1,L405S-132,2025-09-16T10:20:00-07:00,2025-09-16,10:20,620,False,S,15.715000,3,61.866667,6548.000000,0.107300,105.705716
I405_S,2,L405S-115,2025-09-16T10:20:00-07:00,2025-09-16,10:20,620,False,S,16.290000,1,63.900000,6156.000000,0.089800,96.338028
I405_S,3,L405S-114,2025-09-16T10:20:00-07:00,2025-09-16,10:20,620,False,S,16.450000,2,61.600000,5682.000000,0.101950,92.247618
I405_S,1,L405S-132,2025-09-16T10:25:00-07:00,2025-09-16,10:25,625,False,S,15.715000,3,61.366667,6452.000000,0.111633,104.998161
I405_S,2,L405S-115,2025-09-16T10:25:00-07:00,2025-09-16,10:25,625,False,S,16.290000,1,63.600000,6072.000000,0.089300,95.471698
I405_S,3,L405S-114,2025-09-16T10:25:00-07:00,2025-09-16,10:25,625,False,S,16.450000,2,61.600000,5160.000000,0.096700,83.763292
I405_S,1,L405S-132,2025-09-17T05:30:00-07:00,2025-09-17,05:30,330,False,S,15.715000,3,68.233333,4056.000000,0.066633,59.346693
I405_S,2,L405S-115,2025-09-17T05:30:00-07:00,2025-09-17,05:30,330,False,S,16.290000,1,70.500000,3984.000000,0.059800,56.510638
I405_S,3,L405S-114,2025-09-17T05:30:00-07:00,2025-09-17,05:30,330,False,S,16.450000,2,67.100000,3000.000000,0.056250,44.712681
I405_S,1,L405S-132,2025-09-17T05:35:00-07:00,2025-09-17,05:35,335,False,S,15.715000,3,67.600000,4904.000000,0.080600,72.446874
I405_S,2,L405S-115,2025-09-17T05:35:00-07:00,2025-09-17,05:35,335,False,S,16.290000,1,70.500000,4560.000000,0.067600,64.680851
I405_S,3,L405S-114,2025-09-17T05:35:00-07:00,2025-09-17,05:35,335,False,S,16.450000,2,71.000000,3570.000000,0.063700,50.221735
I405_S,1,L405S-132,2025-09-17T05:40:00-07:00,2025-09-17,05:40,340,False,S,15.715000,3,68.666667,5576.000000,0.086833,81.136499
I405_S,2,L405S-115,2025-09-17T05:40:00-07:00,2025-09-17,05:40,340,False,S,16.290000,1,71.900000,5568.000000,0.079300,77.440890
I405_S,3,L405S-114,2025-09-17T05:40:00-07:00,2025-09-17,05:40,340,False,S,16.450000,2,72.350000,4080.000000,0.071850,56.407144
I405_S,1,L405S-132,2025-09-17T05:45:00-07:00,2025-09-17,05:45,345,False,S,15.715000,3,68.966667,5892.000000,0.091000,85.362570
I405_S,2,L405S-115,2025-09-17T05:45:00-07:00,2025-09-17,05:45,345,False,S,16.290000,1,72.400000,5592.000000,0.078500,77.237569
I405_S,3,L405S-114,2025-09-17T05:45:00-07:00,2025-09-17,05:45,345,False,S,16.450000,2,69.150000,3738.000000,0.068850,54.046335
I405_S,1,L405S-132,2025-09-17T05:50:00-07:00,2025-09-17,05:50,350,False,S,15.715000,3,67.700000,5936.000000,0.096967,87.666753
I405_S,2,L405S-115,2025-09-17T05:50:00-07:00,2025-09-17,05:50,350,False,S,16.290000,1,71.100000,5580.000000,0.084000,78.481013
I405_S,3,L405S-114,2025-09-17T05:50:00-07:00,2025-09-17,05:50,350,False,S,16.450000,2,72.600000,4128.000000,0.073000,56.859977
I405_S,1,L405S-132,2025-09-17T05:55:00-07:00,2025-09-17,05:55,355,False,S,15.715000,3,68.066667,6088.000000,0.095067,89.407951
I405_S,2,L405S-115,2025-09-17T05:55:00-07:00,2025-09-17,05:55,355,False,S,16.290000,1,71.700000,6264.000000,0.090000,87.364017
I405_S,3,L405S-114,2025-09-17T05:55:00-07:00,2025-09-17,05:55,355,False,S,16.450000,2,70.350000,3966.000000,0.070950,56.437145
I405_S,1,L405S-132,2025-09-17T06:00:00-07:00,2025-09-17,06:00,360,True,S,15.715000,3,66.733333,5556.000000,0.088333,83.140289
I405_S,2,L405S-115,2025-09-17T06:00:00-07:00,2025-09-17,06:00,360,True,S,16.290000,1,68.200000,5136.000000,0.077100,75.307918
I405_S,3,L405S-114,2025-09-17T06:00:00-07:00,2025-09-17,06:00,360,True,S,16.450000,2,67.550000,3780.000000,0.068350,55.958185
I405_S,1,L405S-132,2025-09-17T06:05:00-07:00,2025-09-17,06:05,365,True,S,15.715000,3,66.166667,5732.000000,0.089067,86.511208
I405_S,2,L405S-115,2025-09-17T06:05:00-07:00,2025-09-17,06:05,365,True,S,16.290000,1,66.600000,5400.000000,0.081400,81.081081
I405_S,3,L405S-114,2025-09-17T06:05:00-07:00,2025-09-17,06:05,365,True,S,16.450000,2,63.100000,3780.000000,0.071950,59.896618
I405_S,1,L405S-132,2025-09-17T06:10:00-07:00,2025-09-17,06:10,370,True,S,15.715000,3,63.800000,6148.000000,0.104367,96.157870
I405_S,2,L405S-115,2025-09-17T06:10:00-07:00,2025-09-17,06:10,370,True,S,16.290000,1,64.500000,5976.000000,0.093700,92.651163
I405_S,3,L405S-114,2025-09-17T06:10:00-07:00,2025-09-17,06:10,370,True,S,16.450000,2,61.550000,4248.000000,0.081500,69.050447
I405_S,1,L405S-132,2025-09-17T06:15:00-07:00,2025-09-17,06:15,375,True,S,15.715000,3,62.200000,6824.000000,0.115633,109.482945
I405_S,2,L405S-115,2025-09-17T06:15:00-07:00,2025-09-17,06:15,375,True,S,16.290000,1,62.800000,6684.000000,0.108800,106.433121
I405_S,3,L405S-114,2025-09-17T06:15:00-07:00,2025-09-17,06:15,375,True,S,16.450000,2,60.250000,4566.000000,0.091300,75.843555
I405_S,1,L405S-132,2025-09-17T06:20:00-07:00,2025-09-17,06:20,380,True,S,15.715000,3,61.733333,7208.000000,0.120400,116.471299
I405_S,2,L405S-115,2025-09-17T06:20:00-07:00,2025-09-17,06:20,380,True,S,16.290000,1,62.400000,6876.000000,0.106400,110.192308
I405_S,3,L405S-114,2025-09-17T06:20:00-07:00,2025-09-17,06:20,380,True,S,16.450000,2,59.300000,4752.000000,0.088950,80.156299
I405_S,1,L405S-132,2025-09-17T06:25:00-07:00,2025-09-17,06:25,385,True,S,15.715000,3,60.200000,8020.000000,0.138333,133.172347
I405_S,2,L405S-115,2025-09-17T06:25:00-07:00,2025-09-17,06:25,385,True,S,16.290000,1,62.200000,7668.000000,0.119700,123.279743
I405_S,3,L405S-114,2025-09-17T06:25:00-07:00,2025-09-17,06:25,385,True,S,16.450000,2,58.850000,5268.000000,0.099450,89.527349
I405_S,1,L405S-132,2025-09-17T06:30:00-07:00,2025-09-17,06:30,390,True,S,15.715000,3,59.566667,7752.000000,0.133133,129.982969
I405_S,2,L405S-115,2025-09-17T06:30:00-07:00,2025-09-17,06:30,390,True,S,16.290000,1,59.600000,7776.000000,0.131900,130.469799
I405_S,3,L405S-114,2025-09-17T06:30:00-07:00,2025-09-17,06:30,390,True,S,16.450000,2,59.800000,5652.000000,0.106850,94.535082
I405_S,1,L405S-132,2025-09-17T06:35:00-07:00,2025-09-17,06:35,395,True,S,15.715000,3,52.833333,7960.000000,0.192233,152.138600
I405_S,2,L405S-115,2025-09-17T06:35:00-07:00,2025-09-17,06:35,395,True,S,16.290000,1,57.500000,8412.000000,0.146800,146.295652
I405_S,3,L405S-114,2025-09-17T06:35:00-07:00,2025-09-17,06:35,395,True,S,16.450000,2,58.950000,6222.000000,0.116650,105.546200
I405_S,1,L405S-132,2025-09-17T06:40:00-07:00,2025-09-17,06:40,400,True,S,15.715000,3,42.466667,6696.000000,0.276667,160.125339
I405_S,2,L405S-115,2025-09-17T06:40:00-07:00,2025-09-17,06:40,400,True,S,16.290000,1,38.900000,5796.000000,0.350800,148.997429
I405_S,3,L405S-114,2025-09-17T06:40:00-07:00,2025-09-17,06:40,400,True,S,16.450000,2,45.600000,5628.000000,0.266300,123.373170
I405_S,1,L405S-132,2025-09-17T06:45:00-07:00,2025-09-17,06:45,405,True,S,15.715000,3,37.833333,6632.000000,0.260233,179.061583
I405_S,2,L405S-115,2025-09-17T06:45:00-07:00,2025-09-17,06:45,405,True,S,16.290000,1,31.000000,5964.000000,0.308900,192.387097
I405_S,3,L405S-114,2025-09-17T06:45:00-07:00,2025-09-17,06:45,405,True,S,16.450000,2,37.700000,5376.000000,0.262000,143.471074
I405_S,1,L405S-132,2025-09-17T06:50:00-07:00,2025-09-17,06:50,410,True,S,15.715000,3,37.366667,6832.000000,0.228667,185.854579
I405_S,2,L405S-115,2025-09-17T06:50:00-07:00,2025-09-17,06:50,410,True,S,16.290000,1,27.900000,6132.000000,0.297300,219.784946
I405_S,3,L405S-114,2025-09-17T06:50:00-07:00,2025-09-17,06:50,410,True,S,16.450000,2,34.450000,5700.000000,0.263600,167.116484
I405_S,1,L405S-132,2025-09-17T06:55:00-07:00,2025-09-17,06:55,415,True,S,15.715000,3,38.766667,6876.000000,0.219633,178.031759
I405_S,2,L405S-115,2025-09-17T06:55:00-07:00,2025-09-17,06:55,415,True,S,16.290000,1,24.000000,5532.000000,0.340300,230.500000
I405_S,3,L405S-114,2025-09-17T06:55:00-07:00,2025-09-17,06:55,415,True,S,16.450000,2,33.850000,5370.000000,0.251100,158.681992
I405_S,1,L405S-132,2025-09-17T07:00:00-07:00,2025-09-17,07:00,420,True,S,15.715000,3,37.500000,6816.000000,0.234767,185.533057
I405_S,2,L405S-115,2025-09-17T07:00:00-07:00,2025-09-17,07:00,420,True,S,16.290000,1,28.700000,6840.000000,0.222100,238.327526
I405_S,3,L405S-114,2025-09-17T07:00:00-07:00,2025-09-17,07:00,420,True,S,16.450000,2,36.500000,5880.000000,0.185300,161.483150
I405_S,1,L405S-132,2025-09-17T07:05:00-07:00,2025-09-17,07:05,425,True,S,15.715000,3,37.300000,6692.000000,0.231433,181.489591
I405_S,2,L405S-115,2025-09-17T07:05:00-07:00,2025-09-17,07:05,425,True,S,16.290000,1,24.400000,5568.000000,0.342000,228.196721
I405_S,3,L405S-114,2025-09-17T07:05:00-07:00,2025-09-17,07:05,425,True,S,16.450000,2,34.150000,5148.000000,0.253050,150.975045
I405_S,1,L405S-132,2025-09-17T07:10:00-07:00,2025-09-17,07:10,430,True,S,15.715000,3,34.866667,6480.000000,0.260133,189.432254
I405_S,2,L405S-115,2025-09-17T07:10:00-07:00,2025-09-17,07:10,430,True,S,16.290000,1,22.900000,5832.000000,0.345400,254.672489
I405_S,3,L405S-114,2025-09-17T07:10:00-07:00,2025-09-17,07:10,430,True,S,16.450000,2,31.250000,5460.000000,0.297950,176.862939
I405_S,1,L405S-132,2025-09-17T07:15:00-07:00,2025-09-17,07:15,435,True,S,15.715000,3,33.033333,6024.000000,0.275633,186.515413
I405_S,2,L405S-115,2025-09-17T07:15:00-07:00,2025-09-17,07:15,435,True,S,16.290000,1,20.800000,5400.000000,0.381500,259.615385
I405_S,3,L405S-114,2025-09-17T07:15:00-07:00,2025-09-17,07:15,435,True,S,16.450000,2,28.300000,4956.000000,0.355550,179.616899
I405_S,1,L405S-132,2025-09-17T07:20:00-07:00,2025-09-17,07:20,440,True,S,15.715000,3,31.366667,5592.000000,0.295800,182.287071
I405_S,2,L405S-115,2025-09-17T07:20:00-07:00,2025-09-17,07:20,440,True,S,16.290000,1,18.100000,4332.000000,0.420300,239.337017
I405_S,3,L405S-114,2025-09-17T07:20:00-07:00,2025-09-17,07:20,440,True,S,16.450000,2,25.800000,4254.000000,0.379750,171.883430
I405_S,1,L405S-132,2025-09-17T07:25:00-07:00,2025-09-17,07:25,445,True,S,15.715000,3,26.866667,4512.000000,0.367733,178.045931
I405_S,2,L405S-115,2025-09-17T07:25:00-07:00,2025-09-17,07:25,445,True,S,16.290000,1,18.200000,5040.000000,0.352200,276.923077
I405_S,3,L405S-114,2025-09-17T07:25:00-07:00,2025-09-17,07:25,445,True,S,16.450000,2,26.700000,4686.000000,0.295650,180.935158
I405_S,1,L405S-132,2025-09-17T07:30:00-07:00,2025-09-17,07:30,450,True,S,15.715000,3,24.366667,4472.000000,0.401067,204.517565
I405_S,2,L405S-115,2025-09-17T07:30:00-07:00,2025-09-17,07:30,450,True,S,16.290000,1,14.700000,2928.000000,0.542800,199.183673
I405_S,3,L405S-114,2025-09-17T07:30:00-07:00,2025-09-17,07:30,450,True,S,16.450000,2,23.400000,3348.000000,0.435150,150.120896
I405_S,1,L405S-132,2025-09-17T07:35:00-07:00,2025-09-17,07:35,455,True,S,15.715000,3,22.233333,4064.000000,0.434133,211.205688
I405_S,2,L405S-115,2025-09-17T07:35:00-07:00,2025-09-17,07:35,455,True,S,16.290000,1,13.800000,3672.000000,0.471600,266.086957
I405_S,3,L405S-114,2025-09-17T07:35:00-07:00,2025-09-17,07:35,455,True,S,16.450000,2,21.850000,3570.000000,0.464450,174.418030
I405_S,1,L405S-132,2025-09-17T07:40:00-07:00,2025-09-17,07:40,460,True,S,15.715000,3,21.200000,3992.000000,0.420600,225.464809
I405_S,2,L405S-115,2025-09-17T07:40:00-07:00,2025-09-17,07:40,460,True,S,16.290000,1,13.100000,3372.000000,0.504400,257.404580
I405_S,3,L405S-114,2025-09-17T07:40:00-07:00,2025-09-17,07:40,460,True,S,16.450000,2,20.900000,3516.000000,0.431050,180.969593
I405_S,1,L405S-132,2025-09-17T07:45:00-07:00,2025-09-17,07:45,465,True,S,15.715000,3,21.333333,4232.000000,0.390467,236.072452
I405_S,2,L405S-115,2025-09-17T07:45:00-07:00,2025-09-17,07:45,465,True,S,16.290000,1,12.400000,3192.000000,0.503700,257.419355
I405_S,3,L405S-114,2025-09-17T07:45:00-07:00,2025-09-17,07:45,465,True,S,16.450000,2,20.150000,3114.000000,0.455050,168.111661
I405_S,1,L405S-132,2025-09-17T07:50:00-07:00,2025-09-17,07:50,470,True,S,15.715000,3,22.666667,4908.000000,0.349867,246.790963
I405_S,2,L405S-115,2025-09-17T07:50:00-07:00,2025-09-17,07:50,470,True,S,16.290000,1,13.600000,4464.000000,0.454300,328.235294
I405_S,3,L405S-114,2025-09-17T07:50:00-07:00,2025-09-17,07:50,470,True,S,16.450000,2,21.350000,4080.000000,0.372050,204.111842
I405_S,1,L405S-132,2025-09-17T07:55:00-07:00,2025-09-17,07:55,475,True,S,15.715000,3,22.433333,4468.000000,0.368767,231.254324
I405_S,2,L405S-115,2025-09-17T07:55:00-07:00,2025-09-17,07:55,475,True,S,16.290000,1,15.000000,4356.000000,0.386300,290.400000
I405_S,3,L405S-114,2025-09-17T07:55:00-07:00,2025-09-17,07:55,475,True,S,16.450000,2,26.100000,4470.000000,0.281800,173.125147
I405_S,1,L405S-132,2025-09-17T08:00:00-07:00,2025-09-17,08:00,480,True,S,15.715000,3,22.400000,4392.000000,0.372100,228.146613
I405_S,2,L405S-115,2025-09-17T08:00:00-07:00,2025-09-17,08:00,480,True,S,16.290000,1,13.900000,3528.000000,0.466600,253.812950
I405_S,3,L405S-114,2025-09-17T08:00:00-07:00,2025-09-17,08:00,480,True,S,16.450000,2,23.850000,3606.000000,0.368350,156.855833
I405_S,1,L405S-132,2025-09-17T08:05:00-07:00,2025-09-17,08:05,485,True,S,15.715000,3,21.866667,4328.000000,0.395667,232.876699
I405_S,2,L405S-115,2025-09-17T08:05:00-07:00,2025-09-17,08:05,485,True,S,16.290000,1,14.100000,3852.000000,0.424200,273.191489
I405_S,3,L405S-114,2025-09-17T08:05:00-07:00,2025-09-17,08:05,485,True,S,16.450000,2,23.250000,3744.000000,0.356900,168.775078
I405_S,1,L405S-132,2025-09-17T08:10:00-07:00,2025-09-17,08:10,490,True,S,15.715000,3,21.500000,4160.000000,0.398333,230.054645
I405_S,2,L405S-115,2025-09-17T08:10:00-07:00,2025-09-17,08:10,490,True,S,16.290000,1,13.000000,3264.000000,0.494500,251.076923
I405_S,3,L405S-114,2025-09-17T08:10:00-07:00,2025-09-17,08:10,490,True,S,16.450000,2,23.150000,3552.000000,0.341600,159.078843
I405_S,1,L405S-132,2025-09-17T08:15:00-07:00,2025-09-17,08:15,495,True,S,15.715000,3,20.733333,3804.000000,0.432667,221.493912
I405_S,2,L405S-115,2025-09-17T08:15:00-07:00,2025-09-17,08:15,495,True,S,16.290000,1,13.100000,3708.000000,0.471300,283.053435
I405_S,3,L405S-114,2025-09-17T08:15:00-07:00,2025-09-17,08:15,495,True,S,16.450000,2,22.200000,3588.000000,0.408150,170.810046
I405_S,1,L405S-132,2025-09-17T08:20:00-07:00,2025-09-17,08:20,500,True,S,15.715000,3,21.833333,4460.000000,0.368433,239.498174
I405_S,2,L405S-115,2025-09-17T08:20:00-07:00,2025-09-17,08:20,500,True,S,16.290000,1,12.300000,3036.000000,0.528200,246.829268
I405_S,3,L405S-114,2025-09-17T08:20:00-07:00,2025-09-17,08:20,500,True,S,16.450000,2,20.200000,2778.000000,0.493250,148.653906
I405_S,1,L405S-132,2025-09-17T08:25:00-07:00,2025-09-17,08:25,505,True,S,15.715000,3,24.633333,5280.000000,0.302033,233.026915
I405_S,2,L405S-115,2025-09-17T08:25:00-07:00,2025-09-17,08:25,505,True,S,16.290000,1,13.700000,4320.000000,0.420900,315.328467
I405_S,3,L405S-114,2025-09-17T08:25:00-07:00,2025-09-17,08:25,505,True,S,16.450000,2,21.700000,4158.000000,0.375700,203.796139
I405_S,1,L405S-132,2025-09-17T08:30:00-07:00,2025-09-17,08:30,510,True,S,15.715000,3,23.466667,4536.000000,0.362467,217.378828
I405_S,2,L405S-115,2025-09-17T08:30:00-07:00,2025-09-17,08:30,510,True,S,16.290000,1,16.000000,5040.000000,0.354700,315.000000
I405_S,3,L405S-114,2025-09-17T08:30:00-07:00,2025-09-17,08:30,510,True,S,16.450000,2,23.500000,4488.000000,0.348500,200.833707
I405_S,1,L405S-132,2025-09-17T08:35:00-07:00,2025-09-17,08:35,515,True,S,15.715000,3,23.666667,4732.000000,0.364500,227.312644
I405_S,2,L405S-115,2025-09-17T08:35:00-07:00,2025-09-17,08:35,515,True,S,16.290000,1,14.000000,3168.000000,0.476800,226.285714
I405_S,3,L405S-114,2025-09-17T08:35:00-07:00,2025-09-17,08:35,515,True,S,16.450000,2,22.350000,3528.000000,0.400700,169.046200
I405_S,1,L405S-132,2025-09-17T08:40:00-07:00,2025-09-17,08:40,520,True,S,15.715000,3,22.866667,4304.000000,0.361200,216.064801
I405_S,2,L405S-115,2025-09-17T08:40:00-07:00,2025-09-17,08:40,520,True,S,16.290000,1,14.800000,4320.000000,0.394100,291.891892
I405_S,3,L405S-114,2025-09-17T08:40:00-07:00,2025-09-17,08:40,520,True,S,16.450000,2,24.800000,4092.000000,0.309400,169.654764
I405_S,1,L405S-132,2025-09-17T08:45:00-07:00,2025-09-17,08:45,525,True,S,15.715000,3,21.933333,4280.000000,0.397867,231.523788
I405_S,2,L405S-115,2025-09-17T08:45:00-07:00,2025-09-17,08:45,525,True,S,16.290000,1,13.900000,3516.000000,0.432500,252.949640
I405_S,3,L405S-114,2025-09-17T08:45:00-07:00,2025-09-17,08:45,525,True,S,16.450000,2,23.400000,3636.000000,0.378900,161.275962
I405_S,1,L405S-132,2025-09-17T08:50:00-07:00,2025-09-17,08:50,530,True,S,15.715000,3,21.266667,3828.000000,0.404800,211.901027
I405_S,2,L405S-115,2025-09-17T08:50:00-07:00,2025-09-17,08:50,530,True,S,16.290000,1,14.100000,3972.000000,0.446700,281.702128
I405_S,3,L405S-114,2025-09-17T08:50:00-07:00,2025-09-17,08:50,530,True,S,16.450000,2,23.300000,3852.000000,0.326900,171.744297
I405_S,1,L405S-132,2025-09-17T08:55:00-07:00,2025-09-17,08:55,535,True,S,15.715000,3,21.066667,3964.000000,0.394700,223.947252
I405_S,2,L405S-115,2025-09-17T08:55:00-07:00,2025-09-17,08:55,535,True,S,16.290000,1,12.900000,3204.000000,0.519600,248.372093
I405_S,3,L405S-114,2025-09-17T08:55:00-07:00,2025-09-17,08:55,535,True,S,16.450000,2,21.800000,3204.000000,0.397300,154.794930
I405_S,1,L405S-132,2025-09-17T09:00:00-07:00,2025-09-17,09:00,540,True,S,15.715000,3,20.866667,4020.000000,0.395733,230.373138
I405_S,2,L405S-115,2025-09-17T09:00:00-07:00,2025-09-17,09:00,540,True,S,16.290000,1,13.200000,3468.000000,0.431800,262.727273
I405_S,3,L405S-114,2025-09-17T09:00:00-07:00,2025-09-17,09:00,540,True,S,16.450000,2,21.450000,3312.000000,0.374600,164.056795
I405_S,1,L405S-132,2025-09-17T09:05:00-07:00,2025-09-17,09:05,545,True,S,15.715000,3,21.766667,4448.000000,0.348967,238.194021
I405_S,2,L405S-115,2025-09-17T09:05:00-07:00,2025-09-17,09:05,545,True,S,16.290000,1,13.200000,3648.000000,0.468600,276.363636
I405_S,3,L405S-114,2025-09-17T09:05:00-07:00,2025-09-17,09:05,545,True,S,16.450000,2,21.350000,3684.000000,0.384550,185.381031
I405_S,1,L405S-132,2025-09-17T09:10:00-07:00,2025-09-17,09:10,550,True,S,15.715000,3,24.000000,5200.000000,0.311200,239.444654
I405_S,2,L405S-115,2025-09-17T09:10:00-07:00,2025-09-17,09:10,550,True,S,16.290000,1,14.300000,4368.000000,0.410800,305.454545
I405_S,3,L405S-114,2025-09-17T09:10:00-07:00,2025-09-17,09:10,550,True,S,16.450000,2,22.050000,4164.000000,0.362200,201.194081
I405_S,1,L405S-132,2025-09-17T09:15:00-07:00,2025-09-17,09:15,555,True,S,15.715000,3,25.500000,5436.000000,0.300167,230.706179
I405_S,2,L405S-115,2025-09-17T09:15:00-07:00,2025-09-17,09:15,555,True,S,16.290000,1,16.400000,4812.000000,0.332300,293.414634
I405_S,3,L405S-114,2025-09-17T09:15:00-07:00,2025-09-17,09:15,555,True,S,16.450000,2,24.900000,4638.000000,0.288000,192.683215
I405_S,1,L405S-132,2025-09-17T09:20:00-07:00,2025-09-17,09:20,560,True,S,15.715000,3,28.200000,5612.000000,0.267967,206.426154
I405_S,2,L405S-115,2025-09-17T09:20:00-07:00,2025-09-17,09:20,560,True,S,16.290000,1,16.200000,4356.000000,0.399900,268.888889
I405_S,3,L405S-114,2025-09-17T09:20:00-07:00,2025-09-17,09:20,560,True,S,16.450000,2,23.850000,4296.000000,0.363250,187.441944
I405_S,1,L405S-132,2025-09-17T09:25:00-07:00,2025-09-17,09:25,565,True,S,15.715000,3,30.366667,5992.000000,0.243867,203.876639
I405_S,2,L405S-115,2025-09-17T09:25:00-07:00,2025-09-17,09:25,565,True,S,16.290000,1,18.400000,5388.000000,0.322600,292.826087
I405_S,3,L405S-114,2025-09-17T09:25:00-07:00,2025-09-17,09:25,565,True,S,16.450000,2,28.600000,4884.000000,0.230950,172.001911
I405_S,1,L405S-132,2025-09-17T09:30:00-07:00,2025-09-17,09:30,570,True,S,15.715000,3,32.400000,6388.000000,0.235700,202.286492
I405_S,2,L405S-115,2025-09-17T09:30:00-07:00,2025-09-17,09:30,570,True,S,16.290000,1,20.400000,5580.000000,0.292800,273.529412
I405_S,3,L405S-114,2025-09-17T09:30:00-07:00,2025-09-17,09:30,570,True,S,16.450000,2,31.050000,5052.000000,0.234450,162.874570
I405_S,1,L405S-132,2025-09-17T09:35:00-07:00,2025-09-17,09:35,575,True,S,15.715000,3,30.100000,5492.000000,0.289500,191.003823
I405_S,2,L405S-115,2025-09-17T09:35:00-07:00,2025-09-17,09:35,575,True,S,16.290000,1,22.100000,5436.000000,0.278500,245.972851
I405_S,3,L405S-114,2025-09-17T09:35:00-07:00,2025-09-17,09:35,575,True,S,16.450000,2,30.900000,4842.000000,0.246200,157.638063
I405_S,1,L405S-132,2025-09-17T09:40:00-07:00,2025-09-17,09:40,580,True,S,15.715000,3,31.366667,5832.000000,0.241833,190.611051
I405_S,2,L405S-115,2025-09-17T09:40:00-07:00,2025-09-17,09:40,580,True,S,16.290000,1,19.200000,4392.000000,0.375800,228.750000
I405_S,3,L405S-114,2025-09-17T09:40:00-07:00,2025-09-17,09:40,580,True,S,16.450000,2,29.400000,4572.000000,0.251600,156.581553
I405_S,1,L405S-132,2025-09-17T09:45:00-07:00,2025-09-17,09:45,585,True,S,15.715000,3,37.133333,6604.000000,0.198200,178.572289
I405_S,2,L405S-115,2025-09-17T09:45:00-07:00,2025-09-17,09:45,585,True,S,16.290000,1,20.100000,5424.000000,0.318200,269.850746
I405_S,3,L405S-114,2025-09-17T09:45:00-07:00,2025-09-17,09:45,585,True,S,16.450000,2,28.150000,5052.000000,0.311300,182.781963
I405_S,1,L405S-132,2025-09-17T09:50:00-07:00,2025-09-17,09:50,590,True,S,15.715000,3,36.533333,6408.000000,0.210033,177.637019
I405_S,2,L405S-115,2025-09-17T09:50:00-07:00,2025-09-17,09:50,590,True,S,16.290000,1,25.000000,6420.000000,0.231600,256.800000
I405_S,3,L405S-114,2025-09-17T09:50:00-07:00,2025-09-17,09:50,590,True,S,16.450000,2,33.950000,5058.000000,0.170850,149.521229
I405_S,1,L405S-132,2025-09-17T09:55:00-07:00,2025-09-17,09:55,595,True,S,15.715000,3,38.566667,6416.000000,0.179733,167.696466
I405_S,2,L405S-115,2025-09-17T09:55:00-07:00,2025-09-17,09:55,595,True,S,16.290000,1,29.300000,5820.000000,0.191100,198.634812
I405_S,3,L405S-114,2025-09-17T09:55:00-07:00,2025-09-17,09:55,595,True,S,16.450000,2,41.350000,4872.000000,0.118500,117.743464
I405_S,1,L405S-132,2025-09-17T10:00:00-07:00,2025-09-17,10:00,600,False,S,15.715000,3,42.166667,6784.000000,0.167167,161.188204
I405_S,2,L405S-115,2025-09-17T10:00:00-07:00,2025-09-17,10:00,600,False,S,16.290000,1,29.600000,6000.000000,0.219200,202.702703
I405_S,3,L405S-114,2025-09-17T10:00:00-07:00,2025-09-17,10:00,600,False,S,16.450000,2,43.200000,4710.000000,0.136350,109.012633
I405_S,1,L405S-132,2025-09-17T10:05:00-07:00,2025-09-17,10:05,605,False,S,15.715000,3,48.333333,6932.000000,0.137833,143.733376
I405_S,2,L405S-115,2025-09-17T10:05:00-07:00,2025-09-17,10:05,605,False,S,16.290000,1,42.700000,5676.000000,0.098100,132.927400
I405_S,3,L405S-114,2025-09-17T10:05:00-07:00,2025-09-17,10:05,605,False,S,16.450000,2,50.600000,4278.000000,0.083200,84.469043
I405_S,1,L405S-132,2025-09-17T10:10:00-07:00,2025-09-17,10:10,610,False,S,15.715000,3,55.000000,6072.000000,0.103767,110.438261
I405_S,2,L405S-115,2025-09-17T10:10:00-07:00,2025-09-17,10:10,610,False,S,16.290000,1,52.000000,6012.000000,0.095800,115.615385
I405_S,3,L405S-114,2025-09-17T10:10:00-07:00,2025-09-17,10:10,610,False,S,16.450000,2,55.900000,4176.000000,0.079450,74.661972
I405_S,1,L405S-132,2025-09-17T10:15:00-07:00,2025-09-17,10:15,615,False,S,15.715000,3,57.933333,6368.000000,0.107467,109.822440
I405_S,2,L405S-115,2025-09-17T10:15:00-07:00,2025-09-17,10:15,615,False,S,16.290000,1,57.000000,6060.000000,0.094500,106.315789
I405_S,3,L405S-114,2025-09-17T10:15:00-07:00,2025-09-17,10:15,615,False,S,16.450000,2,57.100000,4296.000000,0.081800,75.215330
I405_S,1,L405S-132,2025-09-17T10:20:00-07:00,2025-09-17,10:20,620,False,S,15.715000,3,59.333333,6244.000000,0.107400,105.071976
I405_S,2,L405S-115,2025-09-17T10:20:00-07:00,2025-09-17,10:20,620,False,S,16.290000,1,59.200000,5148.000000,0.082800,86.959459
I405_S,3,L405S-114,2025-09-17T10:20:00-07:00,2025-09-17,10:20,620,False,S,16.450000,2,57.200000,3936.000000,0.074050,68.832227
I405_S,1,L405S-132,2025-09-17T10:25:00-07:00,2025-09-17,10:25,625,False,S,15.715000,3,61.166667,6424.000000,0.104667,104.994602
I405_S,2,L405S-115,2025-09-17T10:25:00-07:00,2025-09-17,10:25,625,False,S,16.290000,1,62.200000,6360.000000,0.094000,102.250804
I405_S,3,L405S-114,2025-09-17T10:25:00-07:00,2025-09-17,10:25,625,False,S,16.450000,2,59.350000,4710.000000,0.084300,79.543824
I405_S,1,L405S-132,2025-09-18T05:30:00-07:00,2025-09-18,05:30,330,False,S,15.715000,3,69.900000,4648.000000,0.074833,66.456518
I405_S,2,L405S-115,2025-09-18T05:30:00-07:00,2025-09-18,05:30,330,False,S,16.290000,1,73.300000,4368.000000,0.059000,59.590723
I405_S,3,L405S-114,2025-09-18T05:30:00-07:00,2025-09-18,05:30,330,False,S,16.450000,2,69.450000,3618.000000,0.061950,52.094716
I405_S,1,L405S-132,2025-09-18T05:35:00-07:00,2025-09-18,05:35,335,False,S,15.715000,3,70.333333,5252.000000,0.085400,74.646768
I405_S,2,L405S-115,2025-09-18T05:35:00-07:00,2025-09-18,05:35,335,False,S,16.290000,1,73.000000,4884.000000,0.068100,66.904110
I405_S,3,L405S-114,2025-09-18T05:35:00-07:00,2025-09-18,05:35,335,False,S,16.450000,2,69.950000,4302.000000,0.072100,61.496186
I405_S,1,L405S-132,2025-09-18T05:40:00-07:00,2025-09-18,05:40,340,False,S,15.715000,3,67.766667,5840.000000,0.100800,86.113652
I405_S,2,L405S-115,2025-09-18T05:40:00-07:00,2025-09-18,05:40,340,False,S,16.290000,1,72.600000,5472.000000,0.078700,75.371901
I405_S,3,L405S-114,2025-09-18T05:40:00-07:00,2025-09-18,05:40,340,False,S,16.450000,2,68.950000,4962.000000,0.086750,71.966454
I405_S,1,L405S-132,2025-09-18T05:45:00-07:00,2025-09-18,05:45,345,False,S,15.715000,3,67.666667,6080.000000,0.101933,89.879331
I405_S,2,L405S-115,2025-09-18T05:45:00-07:00,2025-09-18,05:45,345,False,S,16.290000,1,73.000000,5148.000000,0.071600,70.520548
I405_S,3,L405S-114,2025-09-18T05:45:00-07:00,2025-09-18,05:45,345,False,S,16.450000,2,69.350000,4566.000000,0.077400,65.829864
I405_S,1,L405S-132,2025-09-18T05:50:00-07:00,2025-09-18,05:50,350,False,S,15.715000,3,67.866667,5936.000000,0.099167,87.396946
I405_S,2,L405S-115,2025-09-18T05:50:00-07:00,2025-09-18,05:50,350,False,S,16.290000,1,73.000000,5592.000000,0.078900,76.602740
I405_S,3,L405S-114,2025-09-18T05:50:00-07:00,2025-09-18,05:50,350,False,S,16.450000,2,69.100000,5226.000000,0.089550,75.618811
I405_S,1,L405S-132,2025-09-18T05:55:00-07:00,2025-09-18,05:55,355,False,S,15.715000,3,68.600000,6552.000000,0.107633,95.453272
I405_S,2,L405S-115,2025-09-18T05:55:00-07:00,2025-09-18,05:55,355,False,S,16.290000,1,72.200000,5880.000000,0.083700,81.440443
I405_S,3,L405S-114,2025-09-18T05:55:00-07:00,2025-09-18,05:55,355,False,S,16.450000,2,68.750000,5268.000000,0.091400,76.625397
I405_S,1,L405S-132,2025-09-18T06:00:00-07:00,2025-09-18,06:00,360,True,S,15.715000,3,65.666667,5156.000000,0.087933,78.707407
I405_S,2,L405S-115,2025-09-18T06:00:00-07:00,2025-09-18,06:00,360,True,S,16.290000,1,70.600000,4668.000000,0.062300,66.118980
I405_S,3,L405S-114,2025-09-18T06:00:00-07:00,2025-09-18,06:00,360,True,S,16.450000,2,68.050000,4242.000000,0.072050,62.335091
I405_S,1,L405S-132,2025-09-18T06:05:00-07:00,2025-09-18,06:05,365,True,S,15.715000,3,63.666667,6028.000000,0.104600,94.768756
I405_S,2,L405S-115,2025-09-18T06:05:00-07:00,2025-09-18,06:05,365,True,S,16.290000,1,68.600000,5700.000000,0.078700,83.090379
I405_S,3,L405S-114,2025-09-18T06:05:00-07:00,2025-09-18,06:05,365,True,S,16.450000,2,66.550000,5148.000000,0.089850,77.345625
I405_S,1,L405S-132,2025-09-18T06:10:00-07:00,2025-09-18,06:10,370,True,S,15.715000,3,63.333333,6288.000000,0.106667,99.344277
I405_S,2,L405S-115,2025-09-18T06:10:00-07:00,2025-09-18,06:10,370,True,S,16.290000,1,67.500000,6108.000000,0.085400,90.488889
I405_S,3,L405S-114,2025-09-18T06:10:00-07:00,2025-09-18,06:10,370,True,S,16.450000,2,65.400000,5562.000000,0.099600,85.045872
I405_S,1,L405S-132,2025-09-18T06:15:00-07:00,2025-09-18,06:15,375,True,S,15.715000,3,62.400000,7252.000000,0.124633,116.190886
I405_S,2,L405S-115,2025-09-18T06:15:00-07:00,2025-09-18,06:15,375,True,S,16.290000,1,66.100000,6936.000000,0.098900,104.931921
I405_S,3,L405S-114,2025-09-18T06:15:00-07:00,2025-09-18,06:15,375,True,S,16.450000,2,64.200000,6216.000000,0.112700,96.822430
I405_S,1,L405S-132,2025-09-18T06:20:00-07:00,2025-09-18,06:20,380,True,S,15.715000,3,60.833333,8060.000000,0.143067,132.621624
I405_S,2,L405S-115,2025-09-18T06:20:00-07:00,2025-09-18,06:20,380,True,S,16.290000,1,65.900000,6876.000000,0.096000,104.339909
I405_S,3,L405S-114,2025-09-18T06:20:00-07:00,2025-09-18,06:20,380,True,S,16.450000,2,64.200000,6180.000000,0.109150,96.264610
I405_S,1,L405S-132,2025-09-18T06:25:00-07:00,2025-09-18,06:25,385,True,S,15.715000,3,58.666667,8084.000000,0.153633,137.760380
I405_S,2,L405S-115,2025-09-18T06:25:00-07:00,2025-09-18,06:25,385,True,S,16.290000,1,63.800000,8112.000000,0.120800,127.147335
I405_S,3,L405S-114,2025-09-18T06:25:00-07:00,2025-09-18,06:25,385,True,S,16.450000,2,61.950000,7224.000000,0.136800,116.586936
I405_S,1,L405S-132,2025-09-18T06:30:00-07:00,2025-09-18,06:30,390,True,S,15.715000,3,55.133333,8468.000000,0.172733,153.711282
I405_S,2,L405S-115,2025-09-18T06:30:00-07:00,2025-09-18,06:30,390,True,S,16.290000,1,60.900000,7920.000000,0.125500,130.049261
I405_S,3,L405S-114,2025-09-18T06:30:00-07:00,2025-09-18,06:30,390,True,S,16.450000,2,59.800000,7224.000000,0.141700,120.789394
I405_S,1,L405S-132,2025-09-18T06:35:00-07:00,2025-09-18,06:35,395,True,S,15.715000,3,48.833333,7884.000000,0.200867,161.988271
I405_S,2,L405S-115,2025-09-18T06:35:00-07:00,2025-09-18,06:35,395,True,S,16.290000,1,49.800000,7380.000000,0.176300,148.192771
I405_S,3,L405S-114,2025-09-18T06:35:00-07:00,2025-09-18,06:35,395,True,S,16.450000,2,52.000000,6516.000000,0.170300,125.120000
I405_S,1,L405S-132,2025-09-18T06:40:00-07:00,2025-09-18,06:40,400,True,S,15.715000,3,49.000000,8564.000000,0.190533,175.619144
I405_S,2,L405S-115,2025-09-18T06:40:00-07:00,2025-09-18,06:40,400,True,S,16.290000,1,39.300000,7380.000000,0.242800,187.786260
I405_S,3,L405S-114,2025-09-18T06:40:00-07:00,2025-09-18,06:40,400,True,S,16.450000,2,42.750000,6564.000000,0.231050,153.496296
I405_S,1,L405S-132,2025-09-18T06:45:00-07:00,2025-09-18,06:45,405,True,S,15.715000,3,47.466667,7332.000000,0.174300,155.210114
I405_S,2,L405S-115,2025-09-18T06:45:00-07:00,2025-09-18,06:45,405,True,S,16.290000,1,32.100000,6732.000000,0.263200,209.719626
I405_S,3,L405S-114,2025-09-18T06:45:00-07:00,2025-09-18,06:45,405,True,S,16.450000,2,39.350000,6054.000000,0.202900,154.398200
I405_S,1,L405S-132,2025-09-18T06:50:00-07:00,2025-09-18,06:50,410,True,S,15.715000,3,47.666667,8636.000000,0.200433,182.181585
I405_S,2,L405S-115,2025-09-18T06:50:00-07:00,2025-09-18,06:50,410,True,S,16.290000,1,27.200000,6684.000000,0.291500,245.735294
I405_S,3,L405S-114,2025-09-18T06:50:00-07:00,2025-09-18,06:50,410,True,S,16.450000,2,33.450000,5970.000000,0.269950,178.838640
I405_S,1,L405S-132,2025-09-18T06:55:00-07:00,2025-09-18,06:55,415,True,S,15.715000,3,50.266667,7868.000000,0.198167,162.560859
I405_S,2,L405S-115,2025-09-18T06:55:00-07:00,2025-09-18,06:55,415,True,S,16.290000,1,29.200000,7380.000000,0.223800,252.739726
I405_S,3,L405S-114,2025-09-18T06:55:00-07:00,2025-09-18,06:55,415,True,S,16.450000,2,34.300000,6522.000000,0.215000,189.757143
I405_S,1,L405S-132,2025-09-18T07:00:00-07:00,2025-09-18,07:00,420,True,S,15.715000,3,44.200000,7068.000000,0.238233,169.387930
I405_S,2,L405S-115,2025-09-18T07:00:00-07:00,2025-09-18,07:00,420,True,S,16.290000,1,22.900000,5844.000000,0.339700,255.196507
I405_S,3,L405S-114,2025-09-18T07:00:00-07:00,2025-09-18,07:00,420,True,S,16.450000,2,29.900000,5244.000000,0.256150,175.918600
I405_S,1,L405S-132,2025-09-18T07:05:00-07:00,2025-09-18,07:05,425,True,S,15.715000,3,45.633333,7944.000000,0.204867,183.772080
I405_S,2,L405S-115,2025-09-18T07:05:00-07:00,2025-09-18,07:05,425,True,S,16.290000,1,21.500000,6588.000000,0.306100,306.418605
I405_S,3,L405S-114,2025-09-18T07:05:00-07:00,2025-09-18,07:05,425,True,S,16.450000,2,30.150000,5832.000000,0.242750,195.426674
I405_S,1,L405S-132,2025-09-18T07:10:00-07:00,2025-09-18,07:10,430,True,S,15.715000,3,43.400000,7508.000000,0.210400,179.665161
I405_S,2,L405S-115,2025-09-18T07:10:00-07:00,2025-09-18,07:10,430,True,S,16.290000,1,20.800000,6384.000000,0.310300,306.923077
I405_S,3,L405S-114,2025-09-18T07:10:00-07:00,2025-09-18,07:10,430,True,S,16.450000,2,31.800000,5700.000000,0.215350,183.043635
I405_S,1,L405S-132,2025-09-18T07:15:00-07:00,2025-09-18,07:15,435,True,S,15.715000,3,39.633333,7236.000000,0.252667,188.742630
I405_S,2,L405S-115,2025-09-18T07:15:00-07:00,2025-09-18,07:15,435,True,S,16.290000,1,19.400000,6156.000000,0.347900,317.319588
I405_S,3,L405S-114,2025-09-18T07:15:00-07:00,2025-09-18,07:15,435,True,S,16.450000,2,32.950000,5424.000000,0.221950,169.875839
I405_S,1,L405S-132,2025-09-18T07:20:00-07:00,2025-09-18,07:20,440,True,S,15.715000,3,37.800000,6880.000000,0.233533,188.950117
I405_S,2,L405S-115,2025-09-18T07:20:00-07:00,2025-09-18,07:20,440,True,S,16.290000,1,15.900000,5148.000000,0.379100,323.773585
I405_S,3,L405S-114,2025-09-18T07:20:00-07:00,2025-09-18,07:20,440,True,S,16.450000,2,27.500000,4722.000000,0.298600,176.045603
I405_S,1,L405S-132,2025-09-18T07:25:00-07:00,2025-09-18,07:25,445,True,S,15.715000,3,35.466667,6232.000000,0.245033,183.936672
I405_S,2,L405S-115,2025-09-18T07:25:00-07:00,2025-09-18,07:25,445,True,S,16.290000,1,16.200000,5928.000000,0.339800,365.925926
I405_S,3,L405S-114,2025-09-18T07:25:00-07:00,2025-09-18,07:25,445,True,S,16.450000,2,28.350000,5472.000000,0.245800,199.725326
I405_S,1,L405S-132,2025-09-18T07:30:00-07:00,2025-09-18,07:30,450,True,S,15.715000,3,38.600000,5828.000000,0.244033,168.529792
I405_S,2,L405S-115,2025-09-18T07:30:00-07:00,2025-09-18,07:30,450,True,S,16.290000,1,14.100000,5124.000000,0.415900,363.404255
I405_S,3,L405S-114,2025-09-18T07:30:00-07:00,2025-09-18,07:30,450,True,S,16.450000,2,31.700000,4572.000000,0.220450,152.108556
I405_S,1,L405S-132,2025-09-18T07:35:00-07:00,2025-09-18,07:35,455,True,S,15.715000,3,31.000000,5176.000000,0.334700,188.862558
I405_S,2,L405S-115,2025-09-18T07:35:00-07:00,2025-09-18,07:35,455,True,S,16.290000,1,12.500000,4596.000000,0.389500,367.680000
I405_S,3,L405S-114,2025-09-18T07:35:00-07:00,2025-09-18,07:35,455,True,S,16.450000,2,28.550000,3960.000000,0.248400,148.396717
I405_S,1,L405S-132,2025-09-18T07:40:00-07:00,2025-09-18,07:40,460,True,S,15.715000,3,26.833333,4628.000000,0.335933,201.730627
I405_S,2,L405S-115,2025-09-18T07:40:00-07:00,2025-09-18,07:40,460,True,S,16.290000,1,10.100000,3900.000000,0.475000,386.138614
I405_S,3,L405S-114,2025-09-18T07:40:00-07:00,2025-09-18,07:40,460,True,S,16.450000,2,26.600000,3744.000000,0.286250,147.649916
I405_S,1,L405S-132,2025-09-18T07:45:00-07:00,2025-09-18,07:45,465,True,S,15.715000,3,23.433333,4592.000000,0.351833,230.039693
I405_S,2,L405S-115,2025-09-18T07:45:00-07:00,2025-09-18,07:45,465,True,S,16.290000,1,8.700000,3636.000000,0.482500,417.931034
I405_S,3,L405S-114,2025-09-18T07:45:00-07:00,2025-09-18,07:45,465,True,S,16.450000,2,22.750000,3210.000000,0.271950,146.076923
I405_S,1,L405S-132,2025-09-18T07:50:00-07:00,2025-09-18,07:50,470,True,S,15.715000,3,23.266667,4940.000000,0.326633,248.071179
I405_S,2,L405S-115,2025-09-18T07:50:00-07:00,2025-09-18,07:50,470,True,S,16.290000,1,7.800000,3636.000000,0.503600,466.153846
I405_S,3,L405S-114,2025-09-18T07:50:00-07:00,2025-09-18,07:50,470,True,S,16.450000,2,21.600000,3432.000000,0.272350,163.704464
I405_S,1,L405S-132,2025-09-18T07:55:00-07:00,2025-09-18,07:55,475,True,S,15.715000,3,22.266667,4340.000000,0.395633,234.465495
I405_S,2,L405S-115,2025-09-18T07:55:00-07:00,2025-09-18,07:55,475,True,S,16.290000,1,9.600000,4728.000000,0.424200,492.500000
I405_S,3,L405S-114,2025-09-18T07:55:00-07:00,2025-09-18,07:55,475,True,S,16.450000,2,24.950000,3966.000000,0.200300,165.350713
I405_S,1,L405S-132,2025-09-18T08:00:00-07:00,2025-09-18,08:00,480,True,S,15.715000,3,21.766667,4636.000000,0.341033,260.389720
I405_S,2,L405S-115,2025-09-18T08:00:00-07:00,2025-09-18,08:00,480,True,S,16.290000,1,8.100000,3132.000000,0.464000,386.666667
I405_S,3,L405S-114,2025-09-18T08:00:00-07:00,2025-09-18,08:00,480,True,S,16.450000,2,22.800000,3072.000000,0.271150,136.874563
I405_S,1,L405S-132,2025-09-18T08:05:00-07:00,2025-09-18,08:05,485,True,S,15.715000,3,23.666667,4632.000000,0.347633,241.126623
I405_S,2,L405S-115,2025-09-18T08:05:00-07:00,2025-09-18,08:05,485,True,S,16.290000,1,8.900000,4212.000000,0.408000,473.258427
I405_S,3,L405S-114,2025-09-18T08:05:00-07:00,2025-09-18,08:05,485,True,S,16.450000,2,21.950000,3624.000000,0.254550,171.141587
I405_S,1,L405S-132,2025-09-18T08:10:00-07:00,2025-09-18,08:10,490,True,S,15.715000,3,25.400000,5804.000000,0.286800,260.089673
I405_S,2,L405S-115,2025-09-18T08:10:00-07:00,2025-09-18,08:10,490,True,S,16.290000,1,8.300000,3720.000000,0.454100,448.192771
I405_S,3,L405S-114,2025-09-18T08:10:00-07:00,2025-09-18,08:10,490,True,S,16.450000,2,20.650000,3480.000000,0.297350,171.838162
I405_S,1,L405S-132,2025-09-18T08:15:00-07:00,2025-09-18,08:15,495,True,S,15.715000,3,27.800000,5140.000000,0.287767,220.030189
I405_S,2,L405S-115,2025-09-18T08:15:00-07:00,2025-09-18,08:15,495,True,S,16.290000,1,11.300000,5112.000000,0.352500,452.389381
I405_S,3,L405S-114,2025-09-18T08:15:00-07:00,2025-09-18,08:15,495,True,S,16.450000,2,26.350000,4398.000000,0.200000,176.216030
I405_S,1,L405S-132,2025-09-18T08:20:00-07:00,2025-09-18,08:20,500,True,S,15.715000,3,25.166667,4616.000000,0.307300,215.770629
I405_S,2,L405S-115,2025-09-18T08:20:00-07:00,2025-09-18,08:20,500,True,S,16.290000,1,10.200000,4224.000000,0.420100,414.117647
I405_S,3,L405S-114,2025-09-18T08:20:00-07:00,2025-09-18,08:20,500,True,S,16.450000,2,26.300000,3936.000000,0.199350,153.898255
I405_S,1,L405S-132,2025-09-18T08:25:00-07:00,2025-09-18,08:25,505,True,S,15.715000,3,25.200000,5152.000000,0.329567,233.381183
I405_S,2,L405S-115,2025-09-18T08:25:00-07:00,2025-09-18,08:25,505,True,S,16.290000,1,10.200000,4464.000000,0.419100,437.647059
I405_S,3,L405S-114,2025-09-18T08:25:00-07:00,2025-09-18,08:25,505,True,S,16.450000,2,27.350000,3858.000000,0.241550,145.850305
I405_S,1,L405S-132,2025-09-18T08:30:00-07:00,2025-09-18,08:30,510,True,S,15.715000,3,25.733333,4976.000000,0.288167,229.077199
I405_S,2,L405S-115,2025-09-18T08:30:00-07:00,2025-09-18,08:30,510,True,S,16.290000,1,8.900000,3792.000000,0.490500,426.067416
I405_S,3,L405S-114,2025-09-18T08:30:00-07:00,2025-09-18,08:30,510,True,S,16.450000,2,26.650000,3636.000000,0.279900,145.847953
I405_S,1,L405S-132,2025-09-18T08:35:00-07:00,2025-09-18,08:35,515,True,S,15.715000,3,24.433333,4940.000000,0.352300,233.789377
I405_S,2,L405S-115,2025-09-18T08:35:00-07:00,2025-09-18,08:35,515,True,S,16.290000,1,9.600000,4416.000000,0.408200,460.000000
I405_S,3,L405S-114,2025-09-18T08:35:00-07:00,2025-09-18,08:35,515,True,S,16.450000,2,25.200000,3918.000000,0.224800,159.062366
I405_S,1,L405S-132,2025-09-18T08:40:00-07:00,2025-09-18,08:40,520,True,S,15.715000,3,25.133333,4936.000000,0.324933,239.443628
I405_S,2,L405S-115,2025-09-18T08:40:00-07:00,2025-09-18,08:40,520,True,S,16.290000,1,9.500000,4332.000000,0.429300,456.000000
I405_S,3,L405S-114,2025-09-18T08:40:00-07:00,2025-09-18,08:40,520,True,S,16.450000,2,23.300000,3810.000000,0.268450,165.817858
I405_S,1,L405S-132,2025-09-18T08:45:00-07:00,2025-09-18,08:45,525,True,S,15.715000,3,24.133333,4748.000000,0.320667,237.238131
I405_S,2,L405S-115,2025-09-18T08:45:00-07:00,2025-09-18,08:45,525,True,S,16.290000,1,9.100000,4104.000000,0.455900,450.989011
I405_S,3,L405S-114,2025-09-18T08:45:00-07:00,2025-09-18,08:45,525,True,S,16.450000,2,21.950000,3570.000000,0.256900,166.407645
I405_S,1,L405S-132,2025-09-18T08:50:00-07:00,2025-09-18,08:50,530,True,S,15.715000,3,27.600000,5280.000000,0.290600,231.770896
I405_S,2,L405S-115,2025-09-18T08:50:00-07:00,2025-09-18,08:50,530,True,S,16.290000,1,9.100000,4092.000000,0.439600,449.670330
I405_S,3,L405S-114,2025-09-18T08:50:00-07:00,2025-09-18,08:50,530,True,S,16.450000,2,23.950000,3852.000000,0.243300,167.209494
I405_S,1,L405S-132,2025-09-18T08:55:00-07:00,2025-09-18,08:55,535,True,S,15.715000,3,25.233333,4808.000000,0.301000,224.971926
I405_S,2,L405S-115,2025-09-18T08:55:00-07:00,2025-09-18,08:55,535,True,S,16.290000,1,9.600000,4428.000000,0.419500,461.250000
I405_S,3,L405S-114,2025-09-18T08:55:00-07:00,2025-09-18,08:55,535,True,S,16.450000,2,22.300000,3834.000000,0.247050,176.555562
I405_S,1,L405S-132,2025-09-18T09:00:00-07:00,2025-09-18,09:00,540,True,S,15.715000,3,26.766667,5908.000000,0.274367,245.786869
I405_S,2,L405S-115,2025-09-18T09:00:00-07:00,2025-09-18,09:00,540,True,S,16.290000,1,10.800000,4728.000000,0.369500,437.777778
I405_S,3,L405S-114,2025-09-18T09:00:00-07:00,2025-09-18,09:00,540,True,S,16.450000,2,24.300000,4260.000000,0.256100,181.009015
I405_S,1,L405S-132,2025-09-18T09:05:00-07:00,2025-09-18,09:05,545,True,S,15.715000,3,27.033333,6048.000000,0.284767,242.639918
I405_S,2,L405S-115,2025-09-18T09:05:00-07:00,2025-09-18,09:05,545,True,S,16.290000,1,13.900000,5628.000000,0.306800,404.892086
I405_S,3,L405S-114,2025-09-18T09:05:00-07:00,2025-09-18,09:05,545,True,S,16.450000,2,26.700000,4716.000000,0.206250,179.923348
I405_S,1,L405S-132,2025-09-18T09:10:00-07:00,2025-09-18,09:10,550,True,S,15.715000,3,32.233333,6128.000000,0.225133,210.790040
I405_S,2,L405S-115,2025-09-18T09:10:00-07:00,2025-09-18,09:10,550,True,S,16.290000,1,15.300000,4944.000000,0.280900,323.137255
I405_S,3,L405S-114,2025-09-18T09:10:00-07:00,2025-09-18,09:10,550,True,S,16.450000,2,33.100000,4506.000000,0.136200,135.945094
I405_S,1,L405S-132,2025-09-18T09:15:00-07:00,2025-09-18,09:15,555,True,S,15.715000,3,37.833333,7176.000000,0.193867,199.833616
I405_S,2,L405S-115,2025-09-18T09:15:00-07:00,2025-09-18,09:15,555,True,S,16.290000,1,16.800000,5712.000000,0.302500,340.000000
I405_S,3,L405S-114,2025-09-18T09:15:00-07:00,2025-09-18,09:15,555,True,S,16.450000,2,30.950000,4950.000000,0.215700,160.172057
I405_S,1,L405S-132,2025-09-18T09:20:00-07:00,2025-09-18,09:20,560,True,S,15.715000,3,39.566667,6760.000000,0.196233,179.585342
I405_S,2,L405S-115,2025-09-18T09:20:00-07:00,2025-09-18,09:20,560,True,S,16.290000,1,34.500000,5928.000000,0.104500,171.826087
I405_S,3,L405S-114,2025-09-18T09:20:00-07:00,2025-09-18,09:20,560,True,S,16.450000,2,37.400000,5286.000000,0.140450,141.753803
I405_S,1,L405S-132,2025-09-18T09:25:00-07:00,2025-09-18,09:25,565,True,S,15.715000,3,39.933333,6308.000000,0.194433,170.876968
I405_S,2,L405S-115,2025-09-18T09:25:00-07:00,2025-09-18,09:25,565,True,S,16.290000,1,37.800000,6000.000000,0.136400,158.730159
I405_S,3,L405S-114,2025-09-18T09:25:00-07:00,2025-09-18,09:25,565,True,S,16.450000,2,39.000000,5190.000000,0.160000,134.679144
I405_S,1,L405S-132,2025-09-18T09:30:00-07:00,2025-09-18,09:30,570,True,S,15.715000,3,48.800000,7180.000000,0.148833,157.613385
I405_S,2,L405S-115,2025-09-18T09:30:00-07:00,2025-09-18,09:30,570,True,S,16.290000,1,30.200000,5952.000000,0.255300,197.086093
I405_S,3,L405S-114,2025-09-18T09:30:00-07:00,2025-09-18,09:30,570,True,S,16.450000,2,37.550000,5130.000000,0.171700,136.721045
I405_S,1,L405S-132,2025-09-18T09:35:00-07:00,2025-09-18,09:35,575,True,S,15.715000,3,52.833333,8304.000000,0.157467,161.001254
I405_S,2,L405S-115,2025-09-18T09:35:00-07:00,2025-09-18,09:35,575,True,S,16.290000,1,34.700000,6504.000000,0.151900,187.435159
I405_S,3,L405S-114,2025-09-18T09:35:00-07:00,2025-09-18,09:35,575,True,S,16.450000,2,40.150000,6102.000000,0.165650,152.416891
I405_S,1,L405S-132,2025-09-18T09:40:00-07:00,2025-09-18,09:40,580,True,S,15.715000,3,54.900000,7448.000000,0.138467,136.894219
I405_S,2,L405S-115,2025-09-18T09:40:00-07:00,2025-09-18,09:40,580,True,S,16.290000,1,48.700000,6432.000000,0.094600,132.073922
I405_S,3,L405S-114,2025-09-18T09:40:00-07:00,2025-09-18,09:40,580,True,S,16.450000,2,51.100000,5586.000000,0.104650,109.453290
I405_S,1,L405S-132,2025-09-18T09:45:00-07:00,2025-09-18,09:45,585,True,S,15.715000,3,58.266667,7324.000000,0.127767,125.820003
I405_S,2,L405S-115,2025-09-18T09:45:00-07:00,2025-09-18,09:45,585,True,S,16.290000,1,56.100000,6336.000000,0.092500,112.941176
I405_S,3,L405S-114,2025-09-18T09:45:00-07:00,2025-09-18,09:45,585,True,S,16.450000,2,56.700000,5700.000000,0.103750,100.493952
I405_S,1,L405S-132,2025-09-18T09:50:00-07:00,2025-09-18,09:50,590,True,S,15.715000,3,60.433333,7092.000000,0.121600,117.350852
I405_S,2,L405S-115,2025-09-18T09:50:00-07:00,2025-09-18,09:50,590,True,S,16.290000,1,60.500000,5988.000000,0.085200,98.975207
I405_S,3,L405S-114,2025-09-18T09:50:00-07:00,2025-09-18,09:50,590,True,S,16.450000,2,60.600000,5490.000000,0.099250,90.597867
I405_S,1,L405S-132,2025-09-18T09:55:00-07:00,2025-09-18,09:55,595,True,S,15.715000,3,61.300000,6868.000000,0.116767,112.043813
I405_S,2,L405S-115,2025-09-18T09:55:00-07:00,2025-09-18,09:55,595,True,S,16.290000,1,62.900000,6024.000000,0.084100,95.771065
I405_S,3,L405S-114,2025-09-18T09:55:00-07:00,2025-09-18,09:55,595,True,S,16.450000,2,62.500000,5358.000000,0.092900,85.720233
I405_S,1,L405S-132,2025-09-18T10:00:00-07:00,2025-09-18,10:00,600,False,S,15.715000,3,61.200000,7132.000000,0.121667,116.538625
I405_S,2,L405S-115,2025-09-18T10:00:00-07:00,2025-09-18,10:00,600,False,S,16.290000,1,63.800000,6300.000000,0.088800,98.746082
I405_S,3,L405S-114,2025-09-18T10:00:00-07:00,2025-09-18,10:00,600,False,S,16.450000,2,62.850000,5532.000000,0.100050,88.017479
I405_S,1,L405S-132,2025-09-18T10:05:00-07:00,2025-09-18,10:05,605,False,S,15.715000,3,61.966667,7304.000000,0.122300,117.817315
I405_S,2,L405S-115,2025-09-18T10:05:00-07:00,2025-09-18,10:05,605,False,S,16.290000,1,64.800000,6324.000000,0.088100,97.592593
I405_S,3,L405S-114,2025-09-18T10:05:00-07:00,2025-09-18,10:05,605,False,S,16.450000,2,63.650000,5670.000000,0.100100,89.080433
I405_S,1,L405S-132,2025-09-18T10:10:00-07:00,2025-09-18,10:10,610,False,S,15.715000,3,61.633333,5788.000000,0.102033,93.822423
I405_S,2,L405S-115,2025-09-18T10:10:00-07:00,2025-09-18,10:10,610,False,S,16.290000,1,64.300000,5736.000000,0.083000,89.206843
I405_S,3,L405S-114,2025-09-18T10:10:00-07:00,2025-09-18,10:10,610,False,S,16.450000,2,62.950000,5022.000000,0.094400,79.782266
I405_S,1,L405S-132,2025-09-18T10:15:00-07:00,2025-09-18,10:15,615,False,S,15.715000,3,61.500000,7276.000000,0.126167,118.294150
I405_S,2,L405S-115,2025-09-18T10:15:00-07:00,2025-09-18,10:15,615,False,S,16.290000,1,63.600000,6780.000000,0.099400,106.603774
I405_S,3,L405S-114,2025-09-18T10:15:00-07:00,2025-09-18,10:15,615,False,S,16.450000,2,62.350000,6012.000000,0.111700,96.416731
I405_S,1,L405S-132,2025-09-18T10:20:00-07:00,2025-09-18,10:20,620,False,S,15.715000,3,61.100000,6972.000000,0.120367,114.034391
I405_S,2,L405S-115,2025-09-18T10:20:00-07:00,2025-09-18,10:20,620,False,S,16.290000,1,63.200000,6156.000000,0.089900,97.405063
I405_S,3,L405S-114,2025-09-18T10:20:00-07:00,2025-09-18,10:20,620,False,S,16.450000,2,62.700000,5712.000000,0.102900,91.097070
I405_S,1,L405S-132,2025-09-18T10:25:00-07:00,2025-09-18,10:25,625,False,S,15.715000,3,60.933333,7232.000000,0.127933,118.915216
I405_S,2,L405S-115,2025-09-18T10:25:00-07:00,2025-09-18,10:25,625,False,S,16.290000,1,64.900000,6240.000000,0.085900,96.147920
I405_S,3,L405S-114,2025-09-18T10:25:00-07:00,2025-09-18,10:25,625,False,S,16.450000,2,64.400000,5604.000000,0.094550,87.005584
I405_S,1,L405S-132,2025-09-19T05:30:00-07:00,2025-09-19,05:30,330,False,S,15.715000,3,67.700000,4548.000000,0.077800,67.189542
I405_S,2,L405S-115,2025-09-19T05:30:00-07:00,2025-09-19,05:30,330,False,S,16.290000,1,72.200000,4272.000000,0.057700,59.168975
I405_S,3,L405S-114,2025-09-19T05:30:00-07:00,2025-09-19,05:30,330,False,S,16.450000,2,70.300000,3762.000000,0.065250,53.502258
I405_S,1,L405S-132,2025-09-19T05:35:00-07:00,2025-09-19,05:35,335,False,S,15.715000,3,70.166667,4760.000000,0.074300,67.838506
I405_S,2,L405S-115,2025-09-19T05:35:00-07:00,2025-09-19,05:35,335,False,S,16.290000,1,73.000000,4572.000000,0.060100,62.630137
I405_S,3,L405S-114,2025-09-19T05:35:00-07:00,2025-09-19,05:35,335,False,S,16.450000,2,72.450000,3726.000000,0.061700,51.416729
I405_S,1,L405S-132,2025-09-19T05:40:00-07:00,2025-09-19,05:40,340,False,S,15.715000,3,69.800000,5008.000000,0.080467,71.714562
I405_S,2,L405S-115,2025-09-19T05:40:00-07:00,2025-09-19,05:40,340,False,S,16.290000,1,72.600000,4992.000000,0.067800,68.760331
I405_S,3,L405S-114,2025-09-19T05:40:00-07:00,2025-09-19,05:40,340,False,S,16.450000,2,71.950000,4020.000000,0.067850,55.894834
I405_S,1,L405S-132,2025-09-19T05:45:00-07:00,2025-09-19,05:45,345,False,S,15.715000,3,68.533333,6264.000000,0.103333,91.502772
I405_S,2,L405S-115,2025-09-19T05:45:00-07:00,2025-09-19,05:45,345,False,S,16.290000,1,72.400000,5448.000000,0.072800,75.248619
I405_S,3,L405S-114,2025-09-19T05:45:00-07:00,2025-09-19,05:45,345,False,S,16.450000,2,72.050000,4518.000000,0.073400,62.689129
I405_S,1,L405S-132,2025-09-19T05:50:00-07:00,2025-09-19,05:50,350,False,S,15.715000,3,69.066667,6184.000000,0.098300,89.439315
I405_S,2,L405S-115,2025-09-19T05:50:00-07:00,2025-09-19,05:50,350,False,S,16.290000,1,72.600000,6108.000000,0.082200,84.132231
I405_S,3,L405S-114,2025-09-19T05:50:00-07:00,2025-09-19,05:50,350,False,S,16.450000,2,70.950000,5022.000000,0.087100,70.785839
I405_S,1,L405S-132,2025-09-19T05:55:00-07:00,2025-09-19,05:55,355,False,S,15.715000,3,68.233333,5812.000000,0.097733,85.187989
I405_S,2,L405S-115,2025-09-19T05:55:00-07:00,2025-09-19,05:55,355,False,S,16.290000,1,72.400000,5208.000000,0.069800,71.933702
I405_S,3,L405S-114,2025-09-19T05:55:00-07:00,2025-09-19,05:55,355,False,S,16.450000,2,71.650000,4248.000000,0.072450,59.280863
I405_S,1,L405S-132,2025-09-19T06:00:00-07:00,2025-09-19,06:00,360,True,S,15.715000,3,68.033333,4884.000000,0.077367,71.733430
I405_S,2,L405S-115,2025-09-19T06:00:00-07:00,2025-09-19,06:00,360,True,S,16.290000,1,71.900000,4740.000000,0.062500,65.924896
I405_S,3,L405S-114,2025-09-19T06:00:00-07:00,2025-09-19,06:00,360,True,S,16.450000,2,70.500000,4092.000000,0.065800,58.021052
I405_S,1,L405S-132,2025-09-19T06:05:00-07:00,2025-09-19,06:05,365,True,S,15.715000,3,66.533333,5528.000000,0.095033,83.063075
I405_S,2,L405S-115,2025-09-19T06:05:00-07:00,2025-09-19,06:05,365,True,S,16.290000,1,68.700000,5748.000000,0.083400,83.668122
I405_S,3,L405S-114,2025-09-19T06:05:00-07:00,2025-09-19,06:05,365,True,S,16.450000,2,67.100000,4872.000000,0.088750,72.610655
I405_S,1,L405S-132,2025-09-19T06:10:00-07:00,2025-09-19,06:10,370,True,S,15.715000,3,62.366667,6108.000000,0.112767,98.163228
I405_S,2,L405S-115,2025-09-19T06:10:00-07:00,2025-09-19,06:10,370,True,S,16.290000,1,66.900000,5508.000000,0.079500,82.331839
I405_S,3,L405S-114,2025-09-19T06:10:00-07:00,2025-09-19,06:10,370,True,S,16.450000,2,64.650000,4578.000000,0.085850,70.804152
I405_S,1,L405S-132,2025-09-19T06:15:00-07:00,2025-09-19,06:15,375,True,S,15.715000,3,62.600000,6872.000000,0.118633,109.945336
I405_S,2,L405S-115,2025-09-19T06:15:00-07:00,2025-09-19,06:15,375,True,S,16.290000,1,65.700000,6300.000000,0.094100,95.890411
I405_S,3,L405S-114,2025-09-19T06:15:00-07:00,2025-09-19,06:15,375,True,S,16.450000,2,63.250000,5400.000000,0.100800,85.355831
I405_S,1,L405S-132,2025-09-19T06:20:00-07:00,2025-09-19,06:20,380,True,S,15.715000,3,61.866667,7804.000000,0.145233,126.258524
I405_S,2,L405S-115,2025-09-19T06:20:00-07:00,2025-09-19,06:20,380,True,S,16.290000,1,64.500000,6888.000000,0.104000,106.790698
I405_S,3,L405S-114,2025-09-19T06:20:00-07:00,2025-09-19,06:20,380,True,S,16.450000,2,61.900000,5820.000000,0.111350,94.002740
I405_S,1,L405S-132,2025-09-19T06:25:00-07:00,2025-09-19,06:25,385,True,S,15.715000,3,60.000000,6812.000000,0.129733,113.486456
I405_S,2,L405S-115,2025-09-19T06:25:00-07:00,2025-09-19,06:25,385,True,S,16.290000,1,62.600000,7872.000000,0.121600,125.750799
I405_S,3,L405S-114,2025-09-19T06:25:00-07:00,2025-09-19,06:25,385,True,S,16.450000,2,61.350000,6360.000000,0.121400,103.682627
I405_S,1,L405S-132,2025-09-19T06:30:00-07:00,2025-09-19,06:30,390,True,S,15.715000,3,58.966667,8168.000000,0.156400,138.605505
I405_S,2,L405S-115,2025-09-19T06:30:00-07:00,2025-09-19,06:30,390,True,S,16.290000,1,62.400000,7452.000000,0.112400,119.423077
I405_S,3,L405S-114,2025-09-19T06:30:00-07:00,2025-09-19,06:30,390,True,S,16.450000,2,60.650000,6600.000000,0.123200,108.792055
I405_S,1,L405S-132,2025-09-19T06:35:00-07:00,2025-09-19,06:35,395,True,S,15.715000,3,57.733333,9208.000000,0.175033,159.669778
I405_S,2,L405S-115,2025-09-19T06:35:00-07:00,2025-09-19,06:35,395,True,S,16.290000,1,59.900000,8028.000000,0.132000,134.023372
I405_S,3,L405S-114,2025-09-19T06:35:00-07:00,2025-09-19,06:35,395,True,S,16.450000,2,58.450000,6684.000000,0.138100,114.309900
I405_S,1,L405S-132,2025-09-19T06:40:00-07:00,2025-09-19,06:40,400,True,S,15.715000,3,53.966667,8692.000000,0.190300,161.319537
I405_S,2,L405S-115,2025-09-19T06:40:00-07:00,2025-09-19,06:40,400,True,S,16.290000,1,60.200000,8040.000000,0.123900,133.554817
I405_S,3,L405S-114,2025-09-19T06:40:00-07:00,2025-09-19,06:40,400,True,S,16.450000,2,59.050000,7038.000000,0.132750,119.135120
I405_S,1,L405S-132,2025-09-19T06:45:00-07:00,2025-09-19,06:45,405,True,S,15.715000,3,50.133333,7428.000000,0.185233,149.977498
I405_S,2,L405S-115,2025-09-19T06:45:00-07:00,2025-09-19,06:45,405,True,S,16.290000,1,54.900000,7032.000000,0.133300,128.087432
I405_S,3,L405S-114,2025-09-19T06:45:00-07:00,2025-09-19,06:45,405,True,S,16.450000,2,55.900000,6078.000000,0.135400,108.784151
I405_S,1,L405S-132,2025-09-19T06:50:00-07:00,2025-09-19,06:50,410,True,S,15.715000,3,48.633333,8160.000000,0.196100,169.807458
I405_S,2,L405S-115,2025-09-19T06:50:00-07:00,2025-09-19,06:50,410,True,S,16.290000,1,42.000000,6492.000000,0.217400,154.571429
I405_S,3,L405S-114,2025-09-19T06:50:00-07:00,2025-09-19,06:50,410,True,S,16.450000,2,47.000000,6000.000000,0.186500,127.947082
I405_S,1,L405S-132,2025-09-19T06:55:00-07:00,2025-09-19,06:55,415,True,S,15.715000,3,53.233333,7784.000000,0.175733,155.130152
I405_S,2,L405S-115,2025-09-19T06:55:00-07:00,2025-09-19,06:55,415,True,S,16.290000,1,34.600000,6612.000000,0.239100,191.098266
I405_S,3,L405S-114,2025-09-19T06:55:00-07:00,2025-09-19,06:55,415,True,S,16.450000,2,42.200000,6132.000000,0.198800,145.641078
I405_S,1,L405S-132,2025-09-19T07:00:00-07:00,2025-09-19,07:00,420,True,S,15.715000,3,51.433333,7680.000000,0.183800,157.388974
I405_S,2,L405S-115,2025-09-19T07:00:00-07:00,2025-09-19,07:00,420,True,S,16.290000,1,28.200000,5856.000000,0.268400,207.659574
I405_S,3,L405S-114,2025-09-19T07:00:00-07:00,2025-09-19,07:00,420,True,S,16.450000,2,35.700000,5532.000000,0.225400,154.567237
I405_S,1,L405S-132,2025-09-19T07:05:00-07:00,2025-09-19,07:05,425,True,S,15.715000,3,46.000000,7084.000000,0.199667,159.549798
I405_S,2,L405S-115,2025-09-19T07:05:00-07:00,2025-09-19,07:05,425,True,S,16.290000,1,29.300000,7080.000000,0.226400,241.638225
I405_S,3,L405S-114,2025-09-19T07:05:00-07:00,2025-09-19,07:05,425,True,S,16.450000,2,37.350000,6282.000000,0.180350,167.937819
I405_S,1,L405S-132,2025-09-19T07:10:00-07:00,2025-09-19,07:10,430,True,S,15.715000,3,45.400000,7932.000000,0.215200,179.339177
I405_S,2,L405S-115,2025-09-19T07:10:00-07:00,2025-09-19,07:10,430,True,S,16.290000,1,24.500000,5856.000000,0.300000,239.020408
I405_S,3,L405S-114,2025-09-19T07:10:00-07:00,2025-09-19,07:10,430,True,S,16.450000,2,31.550000,5364.000000,0.263750,169.893087
I405_S,1,L405S-132,2025-09-19T07:15:00-07:00,2025-09-19,07:15,435,True,S,15.715000,3,48.666667,7836.000000,0.183200,166.607809
I405_S,2,L405S-115,2025-09-19T07:15:00-07:00,2025-09-19,07:15,435,True,S,16.290000,1,22.700000,5988.000000,0.288300,263.788546
I405_S,3,L405S-114,2025-09-19T07:15:00-07:00,2025-09-19,07:15,435,True,S,16.450000,2,32.800000,5538.000000,0.191850,168.179785
I405_S,1,L405S-132,2025-09-19T07:20:00-07:00,2025-09-19,07:20,440,True,S,15.715000,3,44.733333,7364.000000,0.236833,172.036433
I405_S,2,L405S-115,2025-09-19T07:20:00-07:00,2025-09-19,07:20,440,True,S,16.290000,1,27.000000,6732.000000,0.214500,249.333333
I405_S,3,L405S-114,2025-09-19T07:20:00-07:00,2025-09-19,07:20,440,True,S,16.450000,2,32.700000,6018.000000,0.223100,184.004190
I405_S,1,L405S-132,2025-09-19T07:25:00-07:00,2025-09-19,07:25,445,True,S,15.715000,3,38.666667,6340.000000,0.246067,174.002631
I405_S,2,L405S-115,2025-09-19T07:25:00-07:00,2025-09-19,07:25,445,True,S,16.290000,1,20.800000,4992.000000,0.370600,240.000000
I405_S,3,L405S-114,2025-09-19T07:25:00-07:00,2025-09-19,07:25,445,True,S,16.450000,2,28.400000,4788.000000,0.254000,169.559261
I405_S,1,L405S-132,2025-09-19T07:30:00-07:00,2025-09-19,07:30,450,True,S,15.715000,3,41.300000,7340.000000,0.202767,183.714831
I405_S,2,L405S-115,2025-09-19T07:30:00-07:00,2025-09-19,07:30,450,True,S,16.290000,1,19.200000,5424.000000,0.324000,282.500000
I405_S,3,L405S-114,2025-09-19T07:30:00-07:00,2025-09-19,07:30,450,True,S,16.450000,2,29.750000,5022.000000,0.252900,169.449647
I405_S,1,L405S-132,2025-09-19T07:35:00-07:00,2025-09-19,07:35,455,True,S,15.715000,3,42.600000,6640.000000,0.191700,163.024985
I405_S,2,L405S-115,2025-09-19T07:35:00-07:00,2025-09-19,07:35,455,True,S,16.290000,1,18.900000,5628.000000,0.310600,297.777778
I405_S,3,L405S-114,2025-09-19T07:35:00-07:00,2025-09-19,07:35,455,True,S,16.450000,2,28.100000,5256.000000,0.255450,188.061224
I405_S,1,L405S-132,2025-09-19T07:40:00-07:00,2025-09-19,07:40,460,True,S,15.715000,3,38.300000,6640.000000,0.265967,183.914818
I405_S,2,L405S-115,2025-09-19T07:40:00-07:00,2025-09-19,07:40,460,True,S,16.290000,1,17.600000,5124.000000,0.333700,291.136364
I405_S,3,L405S-114,2025-09-19T07:40:00-07:00,2025-09-19,07:40,460,True,S,16.450000,2,28.300000,4926.000000,0.227300,173.793207
I405_S,1,L405S-132,2025-09-19T07:45:00-07:00,2025-09-19,07:45,465,True,S,15.715000,3,32.333333,5352.000000,0.317833,181.489577
I405_S,2,L405S-115,2025-09-19T07:45:00-07:00,2025-09-19,07:45,465,True,S,16.290000,1,18.200000,5520.000000,0.304500,303.296703
I405_S,3,L405S-114,2025-09-19T07:45:00-07:00,2025-09-19,07:45,465,True,S,16.450000,2,31.650000,5076.000000,0.191650,160.037756
I405_S,1,L405S-132,2025-09-19T07:50:00-07:00,2025-09-19,07:50,470,True,S,15.715000,3,31.166667,6000.000000,0.274833,212.055123
I405_S,2,L405S-115,2025-09-19T07:50:00-07:00,2025-09-19,07:50,470,True,S,16.290000,1,15.300000,4152.000000,0.400200,271.372549
I405_S,3,L405S-114,2025-09-19T07:50:00-07:00,2025-09-19,07:50,470,True,S,16.450000,2,27.100000,4038.000000,0.272200,149.191088
I405_S,1,L405S-132,2025-09-19T07:55:00-07:00,2025-09-19,07:55,475,True,S,15.715000,3,37.133333,6456.000000,0.216167,193.933718
I405_S,2,L405S-115,2025-09-19T07:55:00-07:00,2025-09-19,07:55,475,True,S,16.290000,1,15.600000,5076.000000,0.333400,325.384615
I405_S,3,L405S-114,2025-09-19T07:55:00-07:00,2025-09-19,07:55,475,True,S,16.450000,2,26.000000,4506.000000,0.239400,174.821079
I405_S,1,L405S-132,2025-09-19T08:00:00-07:00,2025-09-19,08:00,480,True,S,15.715000,3,39.900000,7544.000000,0.208467,197.040083
I405_S,2,L405S-115,2025-09-19T08:00:00-07:00,2025-09-19,08:00,480,True,S,16.290000,1,17.300000,5412.000000,0.295700,312.832370
I405_S,3,L405S-114,2025-09-19T08:00:00-07:00,2025-09-19,08:00,480,True,S,16.450000,2,26.800000,5016.000000,0.243300,188.239236
I405_S,1,L405S-132,2025-09-19T08:05:00-07:00,2025-09-19,08:05,485,True,S,15.715000,3,42.566667,6888.000000,0.197900,172.221535
I405_S,2,L405S-115,2025-09-19T08:05:00-07:00,2025-09-19,08:05,485,True,S,16.290000,1,27.000000,6252.000000,0.161600,231.555556
I405_S,3,L405S-114,2025-09-19T08:05:00-07:00,2025-09-19,08:05,485,True,S,16.450000,2,31.700000,4956.000000,0.156450,156.182226
I405_S,1,L405S-132,2025-09-19T08:10:00-07:00,2025-09-19,08:10,490,True,S,15.715000,3,39.966667,6920.000000,0.244967,184.551024
I405_S,2,L405S-115,2025-09-19T08:10:00-07:00,2025-09-19,08:10,490,True,S,16.290000,1,28.300000,6012.000000,0.199800,212.438163
I405_S,3,L405S-114,2025-09-19T08:10:00-07:00,2025-09-19,08:10,490,True,S,16.450000,2,35.050000,5292.000000,0.168550,151.644748
I405_S,1,L405S-132,2025-09-19T08:15:00-07:00,2025-09-19,08:15,495,True,S,15.715000,3,42.133333,7276.000000,0.190500,180.766331
I405_S,2,L405S-115,2025-09-19T08:15:00-07:00,2025-09-19,08:15,495,True,S,16.290000,1,30.000000,5784.000000,0.181400,192.800000
I405_S,3,L405S-114,2025-09-19T08:15:00-07:00,2025-09-19,08:15,495,True,S,16.450000,2,39.200000,5028.000000,0.148750,131.671535
I405_S,1,L405S-132,2025-09-19T08:20:00-07:00,2025-09-19,08:20,500,True,S,15.715000,3,44.333333,7432.000000,0.180700,172.770251
I405_S,2,L405S-115,2025-09-19T08:20:00-07:00,2025-09-19,08:20,500,True,S,16.290000,1,33.600000,6348.000000,0.160700,188.928571
I405_S,3,L405S-114,2025-09-19T08:20:00-07:00,2025-09-19,08:20,500,True,S,16.450000,2,42.350000,5262.000000,0.139250,126.623497
I405_S,1,L405S-132,2025-09-19T08:25:00-07:00,2025-09-19,08:25,505,True,S,15.715000,3,40.033333,6688.000000,0.244133,173.918721
I405_S,2,L405S-115,2025-09-19T08:25:00-07:00,2025-09-19,08:25,505,True,S,16.290000,1,47.300000,6048.000000,0.095200,127.864693
I405_S,3,L405S-114,2025-09-19T08:25:00-07:00,2025-09-19,08:25,505,True,S,16.450000,2,49.400000,5496.000000,0.111750,111.664951
I405_S,1,L405S-132,2025-09-19T08:30:00-07:00,2025-09-19,08:30,510,True,S,15.715000,3,41.400000,6852.000000,0.178267,171.144460
I405_S,2,L405S-115,2025-09-19T08:30:00-07:00,2025-09-19,08:30,510,True,S,16.290000,1,41.700000,6024.000000,0.158800,144.460432
I405_S,3,L405S-114,2025-09-19T08:30:00-07:00,2025-09-19,08:30,510,True,S,16.450000,2,47.150000,5106.000000,0.137250,108.404534
I405_S,1,L405S-132,2025-09-19T08:35:00-07:00,2025-09-19,08:35,515,True,S,15.715000,3,42.333333,7200.000000,0.193300,173.687784
I405_S,2,L405S-115,2025-09-19T08:35:00-07:00,2025-09-19,08:35,515,True,S,16.290000,1,34.000000,6084.000000,0.225100,178.941176
I405_S,3,L405S-114,2025-09-19T08:35:00-07:00,2025-09-19,08:35,515,True,S,16.450000,2,41.150000,5472.000000,0.187700,133.541185
I405_S,1,L405S-132,2025-09-19T08:40:00-07:00,2025-09-19,08:40,520,True,S,15.715000,3,42.866667,7388.000000,0.192300,173.925358
I405_S,2,L405S-115,2025-09-19T08:40:00-07:00,2025-09-19,08:40,520,True,S,16.290000,1,28.200000,5628.000000,0.253900,199.574468
I405_S,3,L405S-114,2025-09-19T08:40:00-07:00,2025-09-19,08:40,520,True,S,16.450000,2,37.550000,5118.000000,0.187550,136.886611
I405_S,1,L405S-132,2025-09-19T08:45:00-07:00,2025-09-19,08:45,525,True,S,15.715000,3,42.566667,7144.000000,0.205900,171.308690
I405_S,2,L405S-115,2025-09-19T08:45:00-07:00,2025-09-19,08:45,525,True,S,16.290000,1,30.000000,6072.000000,0.183200,202.400000
I405_S,3,L405S-114,2025-09-19T08:45:00-07:00,2025-09-19,08:45,525,True,S,16.450000,2,38.050000,5388.000000,0.162150,142.961075
I405_S,1,L405S-132,2025-09-19T08:50:00-07:00,2025-09-19,08:50,530,True,S,15.715000,3,40.533333,6700.000000,0.204200,171.194570
I405_S,2,L405S-115,2025-09-19T08:50:00-07:00,2025-09-19,08:50,530,True,S,16.290000,1,42.100000,5976.000000,0.105200,141.947743
I405_S,3,L405S-114,2025-09-19T08:50:00-07:00,2025-09-19,08:50,530,True,S,16.450000,2,44.900000,5148.000000,0.120150,115.575780
I405_S,1,L405S-132,2025-09-19T08:55:00-07:00,2025-09-19,08:55,535,True,S,15.715000,3,36.266667,6148.000000,0.266200,176.749727
I405_S,2,L405S-115,2025-09-19T08:55:00-07:00,2025-09-19,08:55,535,True,S,16.290000,1,51.300000,5448.000000,0.086200,106.198830
I405_S,3,L405S-114,2025-09-19T08:55:00-07:00,2025-09-19,08:55,535,True,S,16.450000,2,50.050000,4740.000000,0.102850,96.058127
I405_S,1,L405S-132,2025-09-19T09:00:00-07:00,2025-09-19,09:00,540,True,S,15.715000,3,38.766667,6568.000000,0.181733,172.426379
I405_S,2,L405S-115,2025-09-19T09:00:00-07:00,2025-09-19,09:00,540,True,S,16.290000,1,48.600000,5556.000000,0.118600,114.320988
I405_S,3,L405S-114,2025-09-19T09:00:00-07:00,2025-09-19,09:00,540,True,S,16.450000,2,49.050000,4836.000000,0.137450,101.787971
I405_S,1,L405S-132,2025-09-19T09:05:00-07:00,2025-09-19,09:05,545,True,S,15.715000,3,41.233333,7364.000000,0.193567,181.786393
I405_S,2,L405S-115,2025-09-19T09:05:00-07:00,2025-09-19,09:05,545,True,S,16.290000,1,54.200000,5916.000000,0.092200,109.151292
I405_S,3,L405S-114,2025-09-19T09:05:00-07:00,2025-09-19,09:05,545,True,S,16.450000,2,51.950000,4896.000000,0.105400,96.003634
I405_S,1,L405S-132,2025-09-19T09:10:00-07:00,2025-09-19,09:10,550,True,S,15.715000,3,42.800000,6348.000000,0.180900,154.783342
I405_S,2,L405S-115,2025-09-19T09:10:00-07:00,2025-09-19,09:10,550,True,S,16.290000,1,58.200000,5748.000000,0.087900,98.762887
I405_S,3,L405S-114,2025-09-19T09:10:00-07:00,2025-09-19,09:10,550,True,S,16.450000,2,56.650000,5088.000000,0.095450,89.941181
I405_S,1,L405S-132,2025-09-19T09:15:00-07:00,2025-09-19,09:15,555,True,S,15.715000,3,48.500000,7024.000000,0.141800,147.105043
I405_S,2,L405S-115,2025-09-19T09:15:00-07:00,2025-09-19,09:15,555,True,S,16.290000,1,60.200000,6408.000000,0.097500,106.445183
I405_S,3,L405S-114,2025-09-19T09:15:00-07:00,2025-09-19,09:15,555,True,S,16.450000,2,57.850000,5526.000000,0.106150,95.439060
I405_S,1,L405S-132,2025-09-19T09:20:00-07:00,2025-09-19,09:20,560,True,S,15.715000,3,54.533333,6776.000000,0.121933,124.770050
I405_S,2,L405S-115,2025-09-19T09:20:00-07:00,2025-09-19,09:20,560,True,S,16.290000,1,61.900000,6084.000000,0.089000,98.287561
I405_S,3,L405S-114,2025-09-19T09:20:00-07:00,2025-09-19,09:20,560,True,S,16.450000,2,60.750000,5340.000000,0.093450,87.826169
I405_S,1,L405S-132,2025-09-19T09:25:00-07:00,2025-09-19,09:25,565,True,S,15.715000,3,57.800000,7524.000000,0.132767,130.516922
I405_S,2,L405S-115,2025-09-19T09:25:00-07:00,2025-09-19,09:25,565,True,S,16.290000,1,60.800000,6876.000000,0.108200,113.092105
I405_S,3,L405S-114,2025-09-19T09:25:00-07:00,2025-09-19,09:25,565,True,S,16.450000,2,60.500000,5844.000000,0.114250,96.593701
I405_S,1,L405S-132,2025-09-19T09:30:00-07:00,2025-09-19,09:30,570,True,S,15.715000,3,59.666667,7580.000000,0.133267,127.054687
I405_S,2,L405S-115,2025-09-19T09:30:00-07:00,2025-09-19,09:30,570,True,S,16.290000,1,61.100000,6972.000000,0.105100,114.108020
I405_S,3,L405S-114,2025-09-19T09:30:00-07:00,2025-09-19,09:30,570,True,S,16.450000,2,60.550000,5880.000000,0.110750,97.114746
I405_S,1,L405S-132,2025-09-19T09:35:00-07:00,2025-09-19,09:35,575,True,S,15.715000,3,61.333333,7564.000000,0.128633,123.315742
I405_S,2,L405S-115,2025-09-19T09:35:00-07:00,2025-09-19,09:35,575,True,S,16.290000,1,62.400000,6840.000000,0.100100,109.615385
I405_S,3,L405S-114,2025-09-19T09:35:00-07:00,2025-09-19,09:35,575,True,S,16.450000,2,61.800000,5976.000000,0.105100,96.608670
I405_S,1,L405S-132,2025-09-19T09:40:00-07:00,2025-09-19,09:40,580,True,S,15.715000,3,62.266667,7288.000000,0.124867,117.102611
I405_S,2,L405S-115,2025-09-19T09:40:00-07:00,2025-09-19,09:40,580,True,S,16.290000,1,61.500000,6732.000000,0.104700,109.463415
I405_S,3,L405S-114,2025-09-19T09:40:00-07:00,2025-09-19,09:40,580,True,S,16.450000,2,61.650000,5790.000000,0.108900,93.856872
I405_S,1,L405S-132,2025-09-19T09:45:00-07:00,2025-09-19,09:45,585,True,S,15.715000,3,62.066667,7652.000000,0.134000,123.286083
I405_S,2,L405S-115,2025-09-19T09:45:00-07:00,2025-09-19,09:45,585,True,S,16.290000,1,61.500000,7416.000000,0.111300,120.585366
I405_S,3,L405S-114,2025-09-19T09:45:00-07:00,2025-09-19,09:45,585,True,S,16.450000,2,61.250000,6072.000000,0.112950,99.137272
I405_S,1,L405S-132,2025-09-19T09:50:00-07:00,2025-09-19,09:50,590,True,S,15.715000,3,61.266667,7828.000000,0.141600,127.751431
I405_S,2,L405S-115,2025-09-19T09:50:00-07:00,2025-09-19,09:50,590,True,S,16.290000,1,61.800000,6828.000000,0.102300,110.485437
I405_S,3,L405S-114,2025-09-19T09:50:00-07:00,2025-09-19,09:50,590,True,S,16.450000,2,61.850000,5604.000000,0.104950,90.606821
I405_S,1,L405S-132,2025-09-19T09:55:00-07:00,2025-09-19,09:55,595,True,S,15.715000,3,61.366667,6880.000000,0.121800,112.119777
I405_S,2,L405S-115,2025-09-19T09:55:00-07:00,2025-09-19,09:55,595,True,S,16.290000,1,61.200000,6924.000000,0.106300,113.137255
I405_S,3,L405S-114,2025-09-19T09:55:00-07:00,2025-09-19,09:55,595,True,S,16.450000,2,60.800000,5868.000000,0.108950,96.501299
I405_S,1,L405S-132,2025-09-19T10:00:00-07:00,2025-09-19,10:00,600,False,S,15.715000,3,60.633333,6920.000000,0.127100,114.061759
I405_S,2,L405S-115,2025-09-19T10:00:00-07:00,2025-09-19,10:00,600,False,S,16.290000,1,61.100000,6696.000000,0.103100,109.590835
I405_S,3,L405S-114,2025-09-19T10:00:00-07:00,2025-09-19,10:00,600,False,S,16.450000,2,60.500000,5658.000000,0.108850,93.519040
I405_S,1,L405S-132,2025-09-19T10:05:00-07:00,2025-09-19,10:05,605,False,S,15.715000,3,60.200000,6780.000000,0.123933,112.643477
I405_S,2,L405S-115,2025-09-19T10:05:00-07:00,2025-09-19,10:05,605,False,S,16.290000,1,60.900000,5856.000000,0.089900,96.157635
I405_S,3,L405S-114,2025-09-19T10:05:00-07:00,2025-09-19,10:05,605,False,S,16.450000,2,60.850000,5082.000000,0.094600,83.492552
I405_S,1,L405S-132,2025-09-19T10:10:00-07:00,2025-09-19,10:10,610,False,S,15.715000,3,60.766667,7176.000000,0.128467,118.067849
I405_S,2,L405S-115,2025-09-19T10:10:00-07:00,2025-09-19,10:10,610,False,S,16.290000,1,61.500000,6468.000000,0.098700,105.170732
I405_S,3,L405S-114,2025-09-19T10:10:00-07:00,2025-09-19,10:10,610,False,S,16.450000,2,61.250000,5340.000000,0.099650,87.169666
I405_S,1,L405S-132,2025-09-19T10:15:00-07:00,2025-09-19,10:15,615,False,S,15.715000,3,61.466667,7336.000000,0.130033,119.300173
I405_S,2,L405S-115,2025-09-19T10:15:00-07:00,2025-09-19,10:15,615,False,S,16.290000,1,60.100000,6648.000000,0.107800,110.615641
I405_S,3,L405S-114,2025-09-19T10:15:00-07:00,2025-09-19,10:15,615,False,S,16.450000,2,60.050000,5778.000000,0.113600,96.196942
I405_S,1,L405S-132,2025-09-19T10:20:00-07:00,2025-09-19,10:20,620,False,S,15.715000,3,60.800000,7132.000000,0.131633,117.256581
I405_S,2,L405S-115,2025-09-19T10:20:00-07:00,2025-09-19,10:20,620,False,S,16.290000,1,60.400000,6684.000000,0.103300,110.662252
I405_S,3,L405S-114,2025-09-19T10:20:00-07:00,2025-09-19,10:20,620,False,S,16.450000,2,60.000000,5688.000000,0.108100,94.784370
I405_S,1,L405S-132,2025-09-19T10:25:00-07:00,2025-09-19,10:25,625,False,S,15.715000,3,61.400000,7092.000000,0.125733,115.502632
I405_S,2,L405S-115,2025-09-19T10:25:00-07:00,2025-09-19,10:25,625,False,S,16.290000,1,60.900000,6204.000000,0.096900,101.871921
I405_S,3,L405S-114,2025-09-19T10:25:00-07:00,2025-09-19,10:25,625,False,S,16.450000,2,60.200000,5244.000000,0.101100,87.096897
I405_S,1,L405S-132,2025-09-22T05:30:00-07:00,2025-09-22,05:30,330,False,S,15.715000,3,64.733333,4280.000000,0.069533,66.197892
I405_S,2,L405S-115,2025-09-22T05:30:00-07:00,2025-09-22,05:30,330,False,S,16.290000,1,67.300000,4248.000000,0.055200,63.120357
I405_S,3,L405S-114,2025-09-22T05:30:00-07:00,2025-09-22,05:30,330,False,S,16.450000,2,66.150000,3846.000000,0.062300,58.104377
I405_S,1,L405S-132,2025-09-22T05:35:00-07:00,2025-09-22,05:35,335,False,S,15.715000,3,65.433333,4740.000000,0.075133,72.472382
I405_S,2,L405S-115,2025-09-22T05:35:00-07:00,2025-09-22,05:35,335,False,S,16.290000,1,67.400000,4164.000000,0.052800,61.780415
I405_S,3,L405S-114,2025-09-22T05:35:00-07:00,2025-09-22,05:35,335,False,S,16.450000,2,66.350000,4092.000000,0.064750,61.643268
I405_S,1,L405S-132,2025-09-22T05:40:00-07:00,2025-09-22,05:40,340,False,S,15.715000,3,65.200000,5668.000000,0.091533,87.015621
I405_S,2,L405S-115,2025-09-22T05:40:00-07:00,2025-09-22,05:40,340,False,S,16.290000,1,66.100000,5076.000000,0.067800,76.792738
I405_S,3,L405S-114,2025-09-22T05:40:00-07:00,2025-09-22,05:40,340,False,S,16.450000,2,65.050000,4710.000000,0.077900,72.347033
I405_S,1,L405S-132,2025-09-22T05:45:00-07:00,2025-09-22,05:45,345,False,S,15.715000,3,65.233333,6400.000000,0.103267,98.136216
I405_S,2,L405S-115,2025-09-22T05:45:00-07:00,2025-09-22,05:45,345,False,S,16.290000,1,66.000000,5808.000000,0.075800,88.000000
I405_S,3,L405S-114,2025-09-22T05:45:00-07:00,2025-09-22,05:45,345,False,S,16.450000,2,65.050000,5658.000000,0.091700,86.897007
I405_S,1,L405S-132,2025-09-22T05:50:00-07:00,2025-09-22,05:50,350,False,S,15.715000,3,65.300000,6416.000000,0.103433,98.314704
I405_S,2,L405S-115,2025-09-22T05:50:00-07:00,2025-09-22,05:50,350,False,S,16.290000,1,65.700000,5628.000000,0.074400,85.662100
I405_S,3,L405S-114,2025-09-22T05:50:00-07:00,2025-09-22,05:50,350,False,S,16.450000,2,64.750000,5262.000000,0.085850,81.179806
I405_S,1,L405S-132,2025-09-22T05:55:00-07:00,2025-09-22,05:55,355,False,S,15.715000,3,66.266667,5724.000000,0.088933,86.402182
I405_S,2,L405S-115,2025-09-22T05:55:00-07:00,2025-09-22,05:55,355,False,S,16.290000,1,66.800000,5376.000000,0.067600,80.479042
I405_S,3,L405S-114,2025-09-22T05:55:00-07:00,2025-09-22,05:55,355,False,S,16.450000,2,65.650000,5070.000000,0.079800,77.159315
I405_S,1,L405S-132,2025-09-22T06:00:00-07:00,2025-09-22,06:00,360,True,S,15.715000,3,64.900000,6088.000000,0.100433,94.002396
I405_S,2,L405S-115,2025-09-22T06:00:00-07:00,2025-09-22,06:00,360,True,S,16.290000,1,66.500000,5484.000000,0.072700,82.466165
I405_S,3,L405S-114,2025-09-22T06:00:00-07:00,2025-09-22,06:00,360,True,S,16.450000,2,65.050000,5112.000000,0.085350,78.503562
I405_S,1,L405S-132,2025-09-22T06:05:00-07:00,2025-09-22,06:05,365,True,S,15.715000,3,64.233333,5776.000000,0.096300,90.050141
I405_S,2,L405S-115,2025-09-22T06:05:00-07:00,2025-09-22,06:05,365,True,S,16.290000,1,66.600000,5256.000000,0.068900,78.918919
I405_S,3,L405S-114,2025-09-22T06:05:00-07:00,2025-09-22,06:05,365,True,S,16.450000,2,65.350000,5010.000000,0.082350,76.613334
I405_S,1,L405S-132,2025-09-22T06:10:00-07:00,2025-09-22,06:10,370,True,S,15.715000,3,64.033333,6232.000000,0.103700,97.366047
I405_S,2,L405S-115,2025-09-22T06:10:00-07:00,2025-09-22,06:10,370,True,S,16.290000,1,66.100000,6060.000000,0.080500,91.679274
I405_S,3,L405S-114,2025-09-22T06:10:00-07:00,2025-09-22,06:10,370,True,S,16.450000,2,65.250000,5616.000000,0.093000,85.976437
I405_S,1,L405S-132,2025-09-22T06:15:00-07:00,2025-09-22,06:15,375,True,S,15.715000,3,63.633333,7748.000000,0.127967,121.878734
I405_S,2,L405S-115,2025-09-22T06:15:00-07:00,2025-09-22,06:15,375,True,S,16.290000,1,64.900000,7008.000000,0.095700,107.981510
I405_S,3,L405S-114,2025-09-22T06:15:00-07:00,2025-09-22,06:15,375,True,S,16.450000,2,64.000000,6582.000000,0.111200,102.747801
I405_S,1,L405S-132,2025-09-22T06:20:00-07:00,2025-09-22,06:20,380,True,S,15.715000,3,61.833333,7764.000000,0.135967,125.717806
I405_S,2,L405S-115,2025-09-22T06:20:00-07:00,2025-09-22,06:20,380,True,S,16.290000,1,63.600000,7284.000000,0.102400,114.528302
I405_S,3,L405S-114,2025-09-22T06:20:00-07:00,2025-09-22,06:20,380,True,S,16.450000,2,62.600000,6864.000000,0.120600,109.534584
I405_S,1,L405S-132,2025-09-22T06:25:00-07:00,2025-09-22,06:25,385,True,S,15.715000,3,61.200000,8456.000000,0.144967,138.255991
I405_S,2,L405S-115,2025-09-22T06:25:00-07:00,2025-09-22,06:25,385,True,S,16.290000,1,62.400000,7968.000000,0.113800,127.692308
I405_S,3,L405S-114,2025-09-22T06:25:00-07:00,2025-09-22,06:25,385,True,S,16.450000,2,61.700000,7482.000000,0.132250,121.151490
I405_S,1,L405S-132,2025-09-22T06:30:00-07:00,2025-09-22,06:30,390,True,S,15.715000,3,59.400000,9232.000000,0.169267,155.673692
I405_S,2,L405S-115,2025-09-22T06:30:00-07:00,2025-09-22,06:30,390,True,S,16.290000,1,61.300000,8544.000000,0.123600,139.380098
I405_S,3,L405S-114,2025-09-22T06:30:00-07:00,2025-09-22,06:30,390,True,S,16.450000,2,60.550000,7890.000000,0.141450,130.123176
I405_S,1,L405S-132,2025-09-22T06:35:00-07:00,2025-09-22,06:35,395,True,S,15.715000,3,57.800000,9228.000000,0.171067,160.049204
I405_S,2,L405S-115,2025-09-22T06:35:00-07:00,2025-09-22,06:35,395,True,S,16.290000,1,60.500000,7824.000000,0.114300,129.322314
I405_S,3,L405S-114,2025-09-22T06:35:00-07:00,2025-09-22,06:35,395,True,S,16.450000,2,59.700000,7416.000000,0.134350,124.084282
I405_S,1,L405S-132,2025-09-22T06:40:00-07:00,2025-09-22,06:40,400,True,S,15.715000,3,53.166667,8896.000000,0.200533,167.397651
I405_S,2,L405S-115,2025-09-22T06:40:00-07:00,2025-09-22,06:40,400,True,S,16.290000,1,56.900000,8808.000000,0.144200,154.797891
I405_S,3,L405S-114,2025-09-22T06:40:00-07:00,2025-09-22,06:40,400,True,S,16.450000,2,55.800000,8184.000000,0.169650,146.543429
I405_S,1,L405S-132,2025-09-22T06:45:00-07:00,2025-09-22,06:45,405,True,S,15.715000,3,48.366667,8108.000000,0.206767,168.736378
I405_S,2,L405S-115,2025-09-22T06:45:00-07:00,2025-09-22,06:45,405,True,S,16.290000,1,40.900000,6828.000000,0.247600,166.943765
I405_S,3,L405S-114,2025-09-22T06:45:00-07:00,2025-09-22,06:45,405,True,S,16.450000,2,43.850000,6264.000000,0.225300,142.865167
I405_S,1,L405S-132,2025-09-22T06:50:00-07:00,2025-09-22,06:50,410,True,S,15.715000,3,45.066667,7424.000000,0.197800,167.015724
I405_S,2,L405S-115,2025-09-22T06:50:00-07:00,2025-09-22,06:50,410,True,S,16.290000,1,31.300000,6696.000000,0.273700,213.929712
I405_S,3,L405S-114,2025-09-22T06:50:00-07:00,2025-09-22,06:50,410,True,S,16.450000,2,35.550000,6114.000000,0.250200,174.397567
I405_S,1,L405S-132,2025-09-22T06:55:00-07:00,2025-09-22,06:55,415,True,S,15.715000,3,42.400000,7528.000000,0.207200,180.386473
I405_S,2,L405S-115,2025-09-22T06:55:00-07:00,2025-09-22,06:55,415,True,S,16.290000,1,25.800000,6708.000000,0.291900,260.000000
I405_S,3,L405S-114,2025-09-22T06:55:00-07:00,2025-09-22,06:55,415,True,S,16.450000,2,31.550000,6228.000000,0.252550,202.099512
I405_S,1,L405S-132,2025-09-22T07:00:00-07:00,2025-09-22,07:00,420,True,S,15.715000,3,40.600000,7600.000000,0.230633,193.234834
I405_S,2,L405S-115,2025-09-22T07:00:00-07:00,2025-09-22,07:00,420,True,S,16.290000,1,26.100000,7152.000000,0.246400,274.022989
I405_S,3,L405S-114,2025-09-22T07:00:00-07:00,2025-09-22,07:00,420,True,S,16.450000,2,30.650000,6372.000000,0.234750,212.141564
I405_S,1,L405S-132,2025-09-22T07:05:00-07:00,2025-09-22,07:05,425,True,S,15.715000,3,38.466667,7280.000000,0.226200,195.961849
I405_S,2,L405S-115,2025-09-22T07:05:00-07:00,2025-09-22,07:05,425,True,S,16.290000,1,22.300000,6288.000000,0.308400,281.973094
I405_S,3,L405S-114,2025-09-22T07:05:00-07:00,2025-09-22,07:05,425,True,S,16.450000,2,27.900000,5814.000000,0.268750,217.745527
I405_S,1,L405S-132,2025-09-22T07:10:00-07:00,2025-09-22,07:10,430,True,S,15.715000,3,38.533333,7568.000000,0.231900,203.816832
I405_S,2,L405S-115,2025-09-22T07:10:00-07:00,2025-09-22,07:10,430,True,S,16.290000,1,19.100000,5928.000000,0.333600,310.366492
I405_S,3,L405S-114,2025-09-22T07:10:00-07:00,2025-09-22,07:10,430,True,S,16.450000,2,24.550000,5388.000000,0.300600,233.274333
I405_S,1,L405S-132,2025-09-22T07:15:00-07:00,2025-09-22,07:15,435,True,S,15.715000,3,36.833333,6988.000000,0.224367,195.186459
I405_S,2,L405S-115,2025-09-22T07:15:00-07:00,2025-09-22,07:15,435,True,S,16.290000,1,18.200000,5808.000000,0.305000,319.120879
I405_S,3,L405S-114,2025-09-22T07:15:00-07:00,2025-09-22,07:15,435,True,S,16.450000,2,23.650000,5316.000000,0.275600,243.800802
I405_S,1,L405S-132,2025-09-22T07:20:00-07:00,2025-09-22,07:20,440,True,S,15.715000,3,36.133333,6656.000000,0.215567,189.858085
I405_S,2,L405S-115,2025-09-22T07:20:00-07:00,2025-09-22,07:20,440,True,S,16.290000,1,16.300000,5532.000000,0.366700,339.386503
I405_S,3,L405S-114,2025-09-22T07:20:00-07:00,2025-09-22,07:20,440,True,S,16.450000,2,22.600000,5088.000000,0.291450,247.278672
I405_S,1,L405S-132,2025-09-22T07:25:00-07:00,2025-09-22,07:25,445,True,S,15.715000,3,35.500000,7136.000000,0.244133,208.660894
I405_S,2,L405S-115,2025-09-22T07:25:00-07:00,2025-09-22,07:25,445,True,S,16.290000,1,16.600000,6036.000000,0.320800,363.614458
I405_S,3,L405S-114,2025-09-22T07:25:00-07:00,2025-09-22,07:25,445,True,S,16.450000,2,22.450000,5448.000000,0.296450,268.541667
I405_S,1,L405S-132,2025-09-22T07:30:00-07:00,2025-09-22,07:30,450,True,S,15.715000,3,33.933333,6304.000000,0.233833,196.795836
I405_S,2,L405S-115,2025-09-22T07:30:00-07:00,2025-09-22,07:30,450,True,S,16.290000,1,16.200000,5712.000000,0.340600,352.592593
I405_S,3,L405S-114,2025-09-22T07:30:00-07:00,2025-09-22,07:30,450,True,S,16.450000,2,25.800000,5208.000000,0.241600,238.414133
I405_S,1,L405S-132,2025-09-22T07:35:00-07:00,2025-09-22,07:35,455,True,S,15.715000,3,32.966667,6412.000000,0.258433,206.763781
I405_S,2,L405S-115,2025-09-22T07:35:00-07:00,2025-09-22,07:35,455,True,S,16.290000,1,13.800000,4908.000000,0.400100,355.652174
I405_S,3,L405S-114,2025-09-22T07:35:00-07:00,2025-09-22,07:35,455,True,S,16.450000,2,28.900000,4578.000000,0.289450,216.757422
I405_S,1,L405S-132,2025-09-22T07:40:00-07:00,2025-09-22,07:40,460,True,S,15.715000,3,29.266667,5840.000000,0.287067,216.019844
I405_S,2,L405S-115,2025-09-22T07:40:00-07:00,2025-09-22,07:40,460,True,S,16.290000,1,12.300000,4884.000000,0.402600,397.073171
I405_S,3,L405S-114,2025-09-22T07:40:00-07:00,2025-09-22,07:40,460,True,S,16.450000,2,24.250000,4422.000000,0.300800,241.944373
I405_S,1,L405S-132,2025-09-22T07:45:00-07:00,2025-09-22,07:45,465,True,S,15.715000,3,28.300000,6180.000000,0.286267,235.968364
I405_S,2,L405S-115,2025-09-22T07:45:00-07:00,2025-09-22,07:45,465,True,S,16.290000,1,12.000000,5028.000000,0.405300,419.000000
I405_S,3,L405S-114,2025-09-22T07:45:00-07:00,2025-09-22,07:45,465,True,S,16.450000,2,24.150000,4572.000000,0.294900,260.272358
I405_S,1,L405S-132,2025-09-22T07:50:00-07:00,2025-09-22,07:50,470,True,S,15.715000,3,27.333333,5840.000000,0.295933,235.177831
I405_S,2,L405S-115,2025-09-22T07:50:00-07:00,2025-09-22,07:50,470,True,S,16.290000,1,12.500000,5220.000000,0.358800,417.600000
I405_S,3,L405S-114,2025-09-22T07:50:00-07:00,2025-09-22,07:50,470,True,S,16.450000,2,21.500000,4560.000000,0.295550,265.769231
I405_S,1,L405S-132,2025-09-22T07:55:00-07:00,2025-09-22,07:55,475,True,S,15.715000,3,26.266667,5660.000000,0.297900,239.829932
I405_S,2,L405S-115,2025-09-22T07:55:00-07:00,2025-09-22,07:55,475,True,S,16.290000,1,12.600000,5112.000000,0.376700,405.714286
I405_S,3,L405S-114,2025-09-22T07:55:00-07:00,2025-09-22,07:55,475,True,S,16.450000,2,22.750000,4608.000000,0.290050,261.294545
I405_S,1,L405S-132,2025-09-22T08:00:00-07:00,2025-09-22,08:00,480,True,S,15.715000,3,29.000000,6716.000000,0.241833,246.105623
I405_S,2,L405S-115,2025-09-22T08:00:00-07:00,2025-09-22,08:00,480,True,S,16.290000,1,11.400000,4728.000000,0.416600,414.736842
I405_S,3,L405S-114,2025-09-22T08:00:00-07:00,2025-09-22,08:00,480,True,S,16.450000,2,20.600000,4326.000000,0.330700,275.641748
I405_S,1,L405S-132,2025-09-22T08:05:00-07:00,2025-09-22,08:05,485,True,S,15.715000,3,28.400000,6456.000000,0.267700,238.874841
I405_S,2,L405S-115,2025-09-22T08:05:00-07:00,2025-09-22,08:05,485,True,S,16.290000,1,16.300000,6180.000000,0.266200,379.141104
I405_S,3,L405S-114,2025-09-22T08:05:00-07:00,2025-09-22,08:05,485,True,S,16.450000,2,22.400000,5472.000000,0.249800,266.488362
I405_S,1,L405S-132,2025-09-22T08:10:00-07:00,2025-09-22,08:10,490,True,S,15.715000,3,32.400000,6568.000000,0.222867,219.573242
I405_S,2,L405S-115,2025-09-22T08:10:00-07:00,2025-09-22,08:10,490,True,S,16.290000,1,15.400000,5256.000000,0.346800,341.298701
I405_S,3,L405S-114,2025-09-22T08:10:00-07:00,2025-09-22,08:10,490,True,S,16.450000,2,21.950000,4986.000000,0.263750,242.739102
I405_S,1,L405S-132,2025-09-22T08:15:00-07:00,2025-09-22,08:15,495,True,S,15.715000,3,28.366667,5868.000000,0.280800,216.987013
I405_S,2,L405S-115,2025-09-22T08:15:00-07:00,2025-09-22,08:15,495,True,S,16.290000,1,16.200000,5532.000000,0.303200,341.481481
I405_S,3,L405S-114,2025-09-22T08:15:00-07:00,2025-09-22,08:15,495,True,S,16.450000,2,22.150000,5058.000000,0.254750,238.829378
I405_S,1,L405S-132,2025-09-22T08:20:00-07:00,2025-09-22,08:20,500,True,S,15.715000,3,34.466667,7248.000000,0.192700,214.224785
I405_S,2,L405S-115,2025-09-22T08:20:00-07:00,2025-09-22,08:20,500,True,S,16.290000,1,14.300000,5076.000000,0.366800,354.965035
I405_S,3,L405S-114,2025-09-22T08:20:00-07:00,2025-09-22,08:20,500,True,S,16.450000,2,23.100000,4470.000000,0.290850,226.575037
I405_S,1,L405S-132,2025-09-22T08:25:00-07:00,2025-09-22,08:25,505,True,S,15.715000,3,36.066667,7504.000000,0.224333,213.061267
I405_S,2,L405S-115,2025-09-22T08:25:00-07:00,2025-09-22,08:25,505,True,S,16.290000,1,21.600000,6720.000000,0.209100,311.111111
I405_S,3,L405S-114,2025-09-22T08:25:00-07:00,2025-09-22,08:25,505,True,S,16.450000,2,25.900000,6090.000000,0.230500,246.850496
I405_S,1,L405S-132,2025-09-22T08:30:00-07:00,2025-09-22,08:30,510,True,S,15.715000,3,35.366667,6728.000000,0.238167,198.812210
I405_S,2,L405S-115,2025-09-22T08:30:00-07:00,2025-09-22,08:30,510,True,S,16.290000,1,36.500000,5712.000000,0.098700,156.493151
I405_S,3,L405S-114,2025-09-22T08:30:00-07:00,2025-09-22,08:30,510,True,S,16.450000,2,36.200000,5448.000000,0.132550,150.706587
I405_S,1,L405S-132,2025-09-22T08:35:00-07:00,2025-09-22,08:35,515,True,S,15.715000,3,33.066667,6144.000000,0.225267,194.046003
I405_S,2,L405S-115,2025-09-22T08:35:00-07:00,2025-09-22,08:35,515,True,S,16.290000,1,43.100000,5340.000000,0.096800,123.897912
I405_S,3,L405S-114,2025-09-22T08:35:00-07:00,2025-09-22,08:35,515,True,S,16.450000,2,41.100000,4716.000000,0.117650,116.215111
I405_S,1,L405S-132,2025-09-22T08:40:00-07:00,2025-09-22,08:40,520,True,S,15.715000,3,35.566667,6808.000000,0.227267,206.231924
I405_S,2,L405S-115,2025-09-22T08:40:00-07:00,2025-09-22,08:40,520,True,S,16.290000,1,41.000000,5688.000000,0.138300,138.731707
I405_S,3,L405S-114,2025-09-22T08:40:00-07:00,2025-09-22,08:40,520,True,S,16.450000,2,41.300000,5268.000000,0.146700,132.111801
I405_S,1,L405S-132,2025-09-22T08:45:00-07:00,2025-09-22,08:45,525,True,S,15.715000,3,34.533333,6292.000000,0.214933,192.475955
I405_S,2,L405S-115,2025-09-22T08:45:00-07:00,2025-09-22,08:45,525,True,S,16.290000,1,50.000000,5064.000000,0.076200,101.280000
I405_S,3,L405S-114,2025-09-22T08:45:00-07:00,2025-09-22,08:45,525,True,S,16.450000,2,47.850000,4656.000000,0.095150,98.914896
I405_S,1,L405S-132,2025-09-22T08:50:00-07:00,2025-09-22,08:50,530,True,S,15.715000,3,37.433333,7056.000000,0.187400,191.312523
I405_S,2,L405S-115,2025-09-22T08:50:00-07:00,2025-09-22,08:50,530,True,S,16.290000,1,55.300000,5160.000000,0.077700,93.309222
I405_S,3,L405S-114,2025-09-22T08:50:00-07:00,2025-09-22,08:50,530,True,S,16.450000,2,51.950000,4800.000000,0.093800,93.338017
I405_S,1,L405S-132,2025-09-22T08:55:00-07:00,2025-09-22,08:55,535,True,S,15.715000,3,45.933333,5512.000000,0.109333,120.857339
I405_S,2,L405S-115,2025-09-22T08:55:00-07:00,2025-09-22,08:55,535,True,S,16.290000,1,59.900000,5064.000000,0.071300,84.540902
I405_S,3,L405S-114,2025-09-22T08:55:00-07:00,2025-09-22,08:55,535,True,S,16.450000,2,57.500000,4734.000000,0.081500,82.421803
I405_S,1,L405S-132,2025-09-22T09:00:00-07:00,2025-09-22,09:00,540,True,S,15.715000,3,52.066667,5692.000000,0.102733,109.846178
I405_S,2,L405S-115,2025-09-22T09:00:00-07:00,2025-09-22,09:00,540,True,S,16.290000,1,62.200000,4728.000000,0.065000,76.012862
I405_S,3,L405S-114,2025-09-22T09:00:00-07:00,2025-09-22,09:00,540,True,S,16.450000,2,59.850000,4542.000000,0.078250,75.889136
I405_S,1,L405S-132,2025-09-22T09:05:00-07:00,2025-09-22,09:05,545,True,S,15.715000,3,54.566667,6396.000000,0.117833,117.600978
I405_S,2,L405S-115,2025-09-22T09:05:00-07:00,2025-09-22,09:05,545,True,S,16.290000,1,62.300000,5280.000000,0.076600,84.751204
I405_S,3,L405S-114,2025-09-22T09:05:00-07:00,2025-09-22,09:05,545,True,S,16.450000,2,60.350000,4890.000000,0.086200,80.964408
I405_S,1,L405S-132,2025-09-22T09:10:00-07:00,2025-09-22,09:10,550,True,S,15.715000,3,57.866667,6096.000000,0.103333,105.538988
I405_S,2,L405S-115,2025-09-22T09:10:00-07:00,2025-09-22,09:10,550,True,S,16.290000,1,63.500000,4956.000000,0.067600,78.047244
I405_S,3,L405S-114,2025-09-22T09:10:00-07:00,2025-09-22,09:10,550,True,S,16.450000,2,61.700000,4704.000000,0.079350,76.136170
I405_S,1,L405S-132,2025-09-22T09:15:00-07:00,2025-09-22,09:15,555,True,S,15.715000,3,58.700000,6476.000000,0.113567,110.543414
I405_S,2,L405S-115,2025-09-22T09:15:00-07:00,2025-09-22,09:15,555,True,S,16.290000,1,63.000000,5940.000000,0.084000,94.285714
I405_S,3,L405S-114,2025-09-22T09:15:00-07:00,2025-09-22,09:15,555,True,S,16.450000,2,60.950000,5478.000000,0.095700,89.744291
I405_S,1,L405S-132,2025-09-22T09:20:00-07:00,2025-09-22,09:20,560,True,S,15.715000,3,59.266667,6476.000000,0.113300,109.439859
I405_S,2,L405S-115,2025-09-22T09:20:00-07:00,2025-09-22,09:20,560,True,S,16.290000,1,63.000000,5772.000000,0.081300,91.619048
I405_S,3,L405S-114,2025-09-22T09:20:00-07:00,2025-09-22,09:20,560,True,S,16.450000,2,61.300000,5370.000000,0.092500,87.556046
I405_S,1,L405S-132,2025-09-22T09:25:00-07:00,2025-09-22,09:25,565,True,S,15.715000,3,59.066667,7284.000000,0.127233,123.454295
I405_S,2,L405S-115,2025-09-22T09:25:00-07:00,2025-09-22,09:25,565,True,S,16.290000,1,62.900000,6432.000000,0.090000,102.257552
I405_S,3,L405S-114,2025-09-22T09:25:00-07:00,2025-09-22,09:25,565,True,S,16.450000,2,61.000000,6132.000000,0.106000,100.471140
I405_S,1,L405S-132,2025-09-22T09:30:00-07:00,2025-09-22,09:30,570,True,S,15.715000,3,58.600000,6964.000000,0.123300,118.900910
I405_S,2,L405S-115,2025-09-22T09:30:00-07:00,2025-09-22,09:30,570,True,S,16.290000,1,62.400000,6348.000000,0.090600,101.730769
I405_S,3,L405S-114,2025-09-22T09:30:00-07:00,2025-09-22,09:30,570,True,S,16.450000,2,60.200000,5784.000000,0.103000,95.922317
I405_S,1,L405S-132,2025-09-22T09:35:00-07:00,2025-09-22,09:35,575,True,S,15.715000,3,59.100000,6864.000000,0.120500,116.350001
I405_S,2,L405S-115,2025-09-22T09:35:00-07:00,2025-09-22,09:35,575,True,S,16.290000,1,62.700000,6276.000000,0.086900,100.095694
I405_S,3,L405S-114,2025-09-22T09:35:00-07:00,2025-09-22,09:35,575,True,S,16.450000,2,60.600000,6144.000000,0.105400,101.334788
I405_S,1,L405S-132,2025-09-22T09:40:00-07:00,2025-09-22,09:40,580,True,S,15.715000,3,59.833333,7308.000000,0.123400,122.247575
I405_S,2,L405S-115,2025-09-22T09:40:00-07:00,2025-09-22,09:40,580,True,S,16.290000,1,63.100000,6492.000000,0.089600,102.884311
I405_S,3,L405S-114,2025-09-22T09:40:00-07:00,2025-09-22,09:40,580,True,S,16.450000,2,61.300000,5976.000000,0.100850,97.354296
I405_S,1,L405S-132,2025-09-22T09:45:00-07:00,2025-09-22,09:45,585,True,S,15.715000,3,59.633333,6840.000000,0.119633,114.898681
I405_S,2,L405S-115,2025-09-22T09:45:00-07:00,2025-09-22,09:45,585,True,S,16.290000,1,62.800000,6108.000000,0.087100,97.261146
I405_S,3,L405S-114,2025-09-22T09:45:00-07:00,2025-09-22,09:45,585,True,S,16.450000,2,61.100000,5760.000000,0.100850,94.239654
I405_S,1,L405S-132,2025-09-22T09:50:00-07:00,2025-09-22,09:50,590,True,S,15.715000,3,58.700000,6876.000000,0.126800,117.508682
I405_S,2,L405S-115,2025-09-22T09:50:00-07:00,2025-09-22,09:50,590,True,S,16.290000,1,62.000000,5592.000000,0.081700,90.193548
I405_S,3,L405S-114,2025-09-22T09:50:00-07:00,2025-09-22,09:50,590,True,S,16.450000,2,60.800000,5178.000000,0.091400,85.086624
I405_S,1,L405S-132,2025-09-22T09:55:00-07:00,2025-09-22,09:55,595,True,S,15.715000,3,58.433333,6224.000000,0.114467,106.652100
I405_S,2,L405S-115,2025-09-22T09:55:00-07:00,2025-09-22,09:55,595,True,S,16.290000,1,61.400000,5400.000000,0.079500,87.947883
I405_S,3,L405S-114,2025-09-22T09:55:00-07:00,2025-09-22,09:55,595,True,S,16.450000,2,60.250000,5160.000000,0.093750,85.594167
I405_S,1,L405S-132,2025-09-22T10:00:00-07:00,2025-09-22,10:00,600,False,S,15.715000,3,59.000000,5648.000000,0.098300,96.034050
I405_S,2,L405S-115,2025-09-22T10:00:00-07:00,2025-09-22,10:00,600,False,S,16.290000,1,61.600000,4692.000000,0.065700,76.168831
I405_S,3,L405S-114,2025-09-22T10:00:00-07:00,2025-09-22,10:00,600,False,S,16.450000,2,61.450000,4368.000000,0.073700,70.991451
I405_S,1,L405S-132,2025-09-22T10:05:00-07:00,2025-09-22,10:05,605,False,S,15.715000,3,58.133333,6676.000000,0.122233,115.041024
I405_S,2,L405S-115,2025-09-22T10:05:00-07:00,2025-09-22,10:05,605,False,S,16.290000,1,60.200000,5928.000000,0.086400,98.471761
I405_S,3,L405S-114,2025-09-22T10:05:00-07:00,2025-09-22,10:05,605,False,S,16.450000,2,60.050000,5664.000000,0.101650,94.225500
I405_S,1,L405S-132,2025-09-22T10:10:00-07:00,2025-09-22,10:10,610,False,S,15.715000,3,58.966667,6184.000000,0.107233,105.001227
I405_S,2,L405S-115,2025-09-22T10:10:00-07:00,2025-09-22,10:10,610,False,S,16.290000,1,61.700000,5124.000000,0.070700,83.047002
I405_S,3,L405S-114,2025-09-22T10:10:00-07:00,2025-09-22,10:10,610,False,S,16.450000,2,62.000000,4890.000000,0.082500,78.858018
I405_S,1,L405S-132,2025-09-22T10:15:00-07:00,2025-09-22,10:15,615,False,S,15.715000,3,57.966667,5672.000000,0.102800,97.939288
I405_S,2,L405S-115,2025-09-22T10:15:00-07:00,2025-09-22,10:15,615,False,S,16.290000,1,61.600000,5412.000000,0.075700,87.857143
I405_S,3,L405S-114,2025-09-22T10:15:00-07:00,2025-09-22,10:15,615,False,S,16.450000,2,62.050000,4974.000000,0.084200,80.085647
I405_S,1,L405S-132,2025-09-22T10:20:00-07:00,2025-09-22,10:20,620,False,S,15.715000,3,58.533333,5916.000000,0.110400,100.901753
I405_S,2,L405S-115,2025-09-22T10:20:00-07:00,2025-09-22,10:20,620,False,S,16.290000,1,62.400000,5436.000000,0.073700,87.115385
I405_S,3,L405S-114,2025-09-22T10:20:00-07:00,2025-09-22,10:20,620,False,S,16.450000,2,62.750000,5196.000000,0.086000,82.718424
I405_S,1,L405S-132,2025-09-22T10:25:00-07:00,2025-09-22,10:25,625,False,S,15.715000,3,56.100000,5780.000000,0.116500,103.637454
I405_S,2,L405S-115,2025-09-22T10:25:00-07:00,2025-09-22,10:25,625,False,S,16.290000,1,61.000000,5184.000000,0.075600,84.983607
I405_S,3,L405S-114,2025-09-22T10:25:00-07:00,2025-09-22,10:25,625,False,S,16.450000,2,61.400000,4800.000000,0.085600,78.099779
I405_S,1,L405S-132,2025-09-23T05:30:00-07:00,2025-09-23,05:30,330,False,S,15.715000,3,68.833333,4512.000000,0.069467,65.492601
I405_S,2,L405S-115,2025-09-23T05:30:00-07:00,2025-09-23,05:30,330,False,S,16.290000,1,71.200000,4404.000000,0.060300,61.853933
I405_S,3,L405S-114,2025-09-23T05:30:00-07:00,2025-09-23,05:30,330,False,S,16.450000,2,67.950000,3576.000000,0.061450,52.649568
I405_S,1,L405S-132,2025-09-23T05:35:00-07:00,2025-09-23,05:35,335,False,S,15.715000,3,68.133333,5188.000000,0.079733,76.083580
I405_S,2,L405S-115,2025-09-23T05:35:00-07:00,2025-09-23,05:35,335,False,S,16.290000,1,70.400000,5004.000000,0.070300,71.079545
I405_S,3,L405S-114,2025-09-23T05:35:00-07:00,2025-09-23,05:35,335,False,S,16.450000,2,66.900000,4248.000000,0.074900,63.546152
I405_S,1,L405S-132,2025-09-23T05:40:00-07:00,2025-09-23,05:40,340,False,S,15.715000,3,68.233333,5936.000000,0.087233,86.929027
I405_S,2,L405S-115,2025-09-23T05:40:00-07:00,2025-09-23,05:40,340,False,S,16.290000,1,71.400000,5916.000000,0.078300,82.857143
I405_S,3,L405S-114,2025-09-23T05:40:00-07:00,2025-09-23,05:40,340,False,S,16.450000,2,67.900000,4938.000000,0.081650,72.746146
I405_S,1,L405S-132,2025-09-23T05:45:00-07:00,2025-09-23,05:45,345,False,S,15.715000,3,68.366667,5956.000000,0.090900,86.938003
I405_S,2,L405S-115,2025-09-23T05:45:00-07:00,2025-09-23,05:45,345,False,S,16.290000,1,71.800000,5688.000000,0.076300,79.220056
I405_S,3,L405S-114,2025-09-23T05:45:00-07:00,2025-09-23,05:45,345,False,S,16.450000,2,68.650000,5070.000000,0.083750,73.890120
I405_S,1,L405S-132,2025-09-23T05:50:00-07:00,2025-09-23,05:50,350,False,S,15.715000,3,68.433333,6332.000000,0.096167,92.443028
I405_S,2,L405S-115,2025-09-23T05:50:00-07:00,2025-09-23,05:50,350,False,S,16.290000,1,71.300000,6432.000000,0.086700,90.210379
I405_S,3,L405S-114,2025-09-23T05:50:00-07:00,2025-09-23,05:50,350,False,S,16.450000,2,68.450000,5364.000000,0.090700,78.366004
I405_S,1,L405S-132,2025-09-23T05:55:00-07:00,2025-09-23,05:55,355,False,S,15.715000,3,68.133333,6340.000000,0.094800,92.909207
I405_S,2,L405S-115,2025-09-23T05:55:00-07:00,2025-09-23,05:55,355,False,S,16.290000,1,71.100000,6228.000000,0.083300,87.594937
I405_S,3,L405S-114,2025-09-23T05:55:00-07:00,2025-09-23,05:55,355,False,S,16.450000,2,68.050000,5094.000000,0.086150,74.859225
I405_S,1,L405S-132,2025-09-23T06:00:00-07:00,2025-09-23,06:00,360,True,S,15.715000,3,67.300000,5564.000000,0.083833,82.606523
I405_S,2,L405S-115,2025-09-23T06:00:00-07:00,2025-09-23,06:00,360,True,S,16.290000,1,68.900000,5664.000000,0.079700,82.206096
I405_S,3,L405S-114,2025-09-23T06:00:00-07:00,2025-09-23,06:00,360,True,S,16.450000,2,66.000000,4914.000000,0.084050,74.465545
I405_S,1,L405S-132,2025-09-23T06:05:00-07:00,2025-09-23,06:05,365,True,S,15.715000,3,65.766667,6552.000000,0.100900,99.509183
I405_S,2,L405S-115,2025-09-23T06:05:00-07:00,2025-09-23,06:05,365,True,S,16.290000,1,67.000000,6276.000000,0.088400,93.671642
I405_S,3,L405S-114,2025-09-23T06:05:00-07:00,2025-09-23,06:05,365,True,S,16.450000,2,64.400000,5034.000000,0.087400,78.169324
I405_S,1,L405S-132,2025-09-23T06:10:00-07:00,2025-09-23,06:10,370,True,S,15.715000,3,65.000000,6384.000000,0.102267,98.035010
I405_S,2,L405S-115,2025-09-23T06:10:00-07:00,2025-09-23,06:10,370,True,S,16.290000,1,66.100000,6624.000000,0.096600,100.211800
I405_S,3,L405S-114,2025-09-23T06:10:00-07:00,2025-09-23,06:10,370,True,S,16.450000,2,63.300000,5544.000000,0.102850,87.581417
I405_S,1,L405S-132,2025-09-23T06:15:00-07:00,2025-09-23,06:15,375,True,S,15.715000,3,63.833333,7500.000000,0.118600,117.323658
I405_S,2,L405S-115,2025-09-23T06:15:00-07:00,2025-09-23,06:15,375,True,S,16.290000,1,64.700000,7596.000000,0.109800,117.403400
I405_S,3,L405S-114,2025-09-23T06:15:00-07:00,2025-09-23,06:15,375,True,S,16.450000,2,62.300000,6246.000000,0.110650,100.256822
I405_S,1,L405S-132,2025-09-23T06:20:00-07:00,2025-09-23,06:20,380,True,S,15.715000,3,62.666667,7860.000000,0.127533,125.250708
I405_S,2,L405S-115,2025-09-23T06:20:00-07:00,2025-09-23,06:20,380,True,S,16.290000,1,63.200000,7884.000000,0.117400,124.746835
I405_S,3,L405S-114,2025-09-23T06:20:00-07:00,2025-09-23,06:20,380,True,S,16.450000,2,60.650000,6564.000000,0.120500,108.226793
I405_S,1,L405S-132,2025-09-23T06:25:00-07:00,2025-09-23,06:25,385,True,S,15.715000,3,59.833333,8144.000000,0.145000,136.182057
I405_S,2,L405S-115,2025-09-23T06:25:00-07:00,2025-09-23,06:25,385,True,S,16.290000,1,62.000000,8016.000000,0.121800,129.290323
I405_S,3,L405S-114,2025-09-23T06:25:00-07:00,2025-09-23,06:25,385,True,S,16.450000,2,58.850000,6930.000000,0.130850,117.749718
I405_S,1,L405S-132,2025-09-23T06:30:00-07:00,2025-09-23,06:30,390,True,S,15.715000,3,58.066667,7968.000000,0.140533,137.056485
I405_S,2,L405S-115,2025-09-23T06:30:00-07:00,2025-09-23,06:30,390,True,S,16.290000,1,56.000000,7980.000000,0.147400,142.500000
I405_S,3,L405S-114,2025-09-23T06:30:00-07:00,2025-09-23,06:30,390,True,S,16.450000,2,53.700000,6834.000000,0.154500,127.232371
I405_S,1,L405S-132,2025-09-23T06:35:00-07:00,2025-09-23,06:35,395,True,S,15.715000,3,48.600000,6944.000000,0.198367,143.346958
I405_S,2,L405S-115,2025-09-23T06:35:00-07:00,2025-09-23,06:35,395,True,S,16.290000,1,47.100000,7392.000000,0.180700,156.942675
I405_S,3,L405S-114,2025-09-23T06:35:00-07:00,2025-09-23,06:35,395,True,S,16.450000,2,47.700000,6738.000000,0.176900,141.116832
I405_S,1,L405S-132,2025-09-23T06:40:00-07:00,2025-09-23,06:40,400,True,S,15.715000,3,43.433333,6640.000000,0.224400,151.598820
I405_S,2,L405S-115,2025-09-23T06:40:00-07:00,2025-09-23,06:40,400,True,S,16.290000,1,31.300000,5388.000000,0.361900,172.140575
I405_S,3,L405S-114,2025-09-23T06:40:00-07:00,2025-09-23,06:40,400,True,S,16.450000,2,38.250000,4872.000000,0.214750,127.391221
I405_S,1,L405S-132,2025-09-23T06:45:00-07:00,2025-09-23,06:45,405,True,S,15.715000,3,40.800000,7168.000000,0.211400,175.545605
I405_S,2,L405S-115,2025-09-23T06:45:00-07:00,2025-09-23,06:45,405,True,S,16.290000,1,29.900000,6852.000000,0.235500,229.163880
I405_S,3,L405S-114,2025-09-23T06:45:00-07:00,2025-09-23,06:45,405,True,S,16.450000,2,36.050000,6054.000000,0.214700,168.210525
I405_S,1,L405S-132,2025-09-23T06:50:00-07:00,2025-09-23,06:50,410,True,S,15.715000,3,36.133333,6480.000000,0.251900,179.794456
I405_S,2,L405S-115,2025-09-23T06:50:00-07:00,2025-09-23,06:50,410,True,S,16.290000,1,26.500000,6264.000000,0.269800,236.377358
I405_S,3,L405S-114,2025-09-23T06:50:00-07:00,2025-09-23,06:50,410,True,S,16.450000,2,33.600000,5634.000000,0.208650,167.962896
I405_S,1,L405S-132,2025-09-23T06:55:00-07:00,2025-09-23,06:55,415,True,S,15.715000,3,35.400000,6640.000000,0.255600,186.469392
I405_S,2,L405S-115,2025-09-23T06:55:00-07:00,2025-09-23,06:55,415,True,S,16.290000,1,21.200000,5340.000000,0.367300,251.886792
I405_S,3,L405S-114,2025-09-23T06:55:00-07:00,2025-09-23,06:55,415,True,S,16.450000,2,33.250000,5070.000000,0.209800,153.003096
I405_S,1,L405S-132,2025-09-23T07:00:00-07:00,2025-09-23,07:00,420,True,S,15.715000,3,35.300000,6904.000000,0.224100,196.685701
I405_S,2,L405S-115,2025-09-23T07:00:00-07:00,2025-09-23,07:00,420,True,S,16.290000,1,22.900000,6816.000000,0.270500,297.641921
I405_S,3,L405S-114,2025-09-23T07:00:00-07:00,2025-09-23,07:00,420,True,S,16.450000,2,33.100000,6174.000000,0.212800,186.480832
I405_S,1,L405S-132,2025-09-23T07:05:00-07:00,2025-09-23,07:05,425,True,S,15.715000,3,32.866667,6380.000000,0.269467,195.163068
I405_S,2,L405S-115,2025-09-23T07:05:00-07:00,2025-09-23,07:05,425,True,S,16.290000,1,22.800000,6156.000000,0.290800,270.000000
I405_S,3,L405S-114,2025-09-23T07:05:00-07:00,2025-09-23,07:05,425,True,S,16.450000,2,32.300000,5778.000000,0.223150,178.832528
I405_S,1,L405S-132,2025-09-23T07:10:00-07:00,2025-09-23,07:10,430,True,S,15.715000,3,30.966667,6112.000000,0.274367,198.668239
I405_S,2,L405S-115,2025-09-23T07:10:00-07:00,2025-09-23,07:10,430,True,S,16.290000,1,19.400000,5232.000000,0.359200,269.690722
I405_S,3,L405S-114,2025-09-23T07:10:00-07:00,2025-09-23,07:10,430,True,S,16.450000,2,30.650000,4770.000000,0.232550,155.723045
I405_S,1,L405S-132,2025-09-23T07:15:00-07:00,2025-09-23,07:15,435,True,S,15.715000,3,27.700000,5324.000000,0.321367,195.807504
I405_S,2,L405S-115,2025-09-23T07:15:00-07:00,2025-09-23,07:15,435,True,S,16.290000,1,18.300000,5400.000000,0.336600,295.081967
I405_S,3,L405S-114,2025-09-23T07:15:00-07:00,2025-09-23,07:15,435,True,S,16.450000,2,28.350000,4968.000000,0.258050,175.599811
I405_S,1,L405S-132,2025-09-23T07:20:00-07:00,2025-09-23,07:20,440,True,S,15.715000,3,23.533333,4416.000000,0.423767,199.129119
I405_S,2,L405S-115,2025-09-23T07:20:00-07:00,2025-09-23,07:20,440,True,S,16.290000,1,14.500000,3924.000000,0.449600,270.620690
I405_S,3,L405S-114,2025-09-23T07:20:00-07:00,2025-09-23,07:20,440,True,S,16.450000,2,25.950000,3792.000000,0.266700,146.246993
I405_S,1,L405S-132,2025-09-23T07:25:00-07:00,2025-09-23,07:25,445,True,S,15.715000,3,21.700000,4576.000000,0.391400,226.535324
I405_S,2,L405S-115,2025-09-23T07:25:00-07:00,2025-09-23,07:25,445,True,S,16.290000,1,12.700000,3828.000000,0.446500,301.417323
I405_S,3,L405S-114,2025-09-23T07:25:00-07:00,2025-09-23,07:25,445,True,S,16.450000,2,26.050000,3384.000000,0.265900,131.521810
I405_S,1,L405S-132,2025-09-23T07:30:00-07:00,2025-09-23,07:30,450,True,S,15.715000,3,20.166667,4148.000000,0.431700,229.602881
I405_S,2,L405S-115,2025-09-23T07:30:00-07:00,2025-09-23,07:30,450,True,S,16.290000,1,11.000000,3804.000000,0.488800,345.818182
I405_S,3,L405S-114,2025-09-23T07:30:00-07:00,2025-09-23,07:30,450,True,S,16.450000,2,24.500000,3570.000000,0.233750,146.812901
I405_S,1,L405S-132,2025-09-23T07:35:00-07:00,2025-09-23,07:35,455,True,S,15.715000,3,19.266667,4240.000000,0.418300,250.289092
I405_S,2,L405S-115,2025-09-23T07:35:00-07:00,2025-09-23,07:35,455,True,S,16.290000,1,10.600000,3504.000000,0.446300,330.566038
I405_S,3,L405S-114,2025-09-23T07:35:00-07:00,2025-09-23,07:35,455,True,S,16.450000,2,24.050000,3450.000000,0.273650,144.365773
I405_S,1,L405S-132,2025-09-23T07:40:00-07:00,2025-09-23,07:40,460,True,S,15.715000,3,18.433333,3816.000000,0.433467,241.895809
I405_S,2,L405S-115,2025-09-23T07:40:00-07:00,2025-09-23,07:40,460,True,S,16.290000,1,10.200000,3720.000000,0.470800,364.705882
I405_S,3,L405S-114,2025-09-23T07:40:00-07:00,2025-09-23,07:40,460,True,S,16.450000,2,24.500000,3450.000000,0.249350,143.021617
I405_S,1,L405S-132,2025-09-23T07:45:00-07:00,2025-09-23,07:45,465,True,S,15.715000,3,18.166667,3864.000000,0.440300,253.356449
I405_S,2,L405S-115,2025-09-23T07:45:00-07:00,2025-09-23,07:45,465,True,S,16.290000,1,9.200000,3120.000000,0.491300,339.130435
I405_S,3,L405S-114,2025-09-23T07:45:00-07:00,2025-09-23,07:45,465,True,S,16.450000,2,24.100000,3216.000000,0.232800,134.451346
I405_S,1,L405S-132,2025-09-23T07:50:00-07:00,2025-09-23,07:50,470,True,S,15.715000,3,17.766667,3832.000000,0.433000,259.473052
I405_S,2,L405S-115,2025-09-23T07:50:00-07:00,2025-09-23,07:50,470,True,S,16.290000,1,9.600000,3612.000000,0.435300,376.250000
I405_S,3,L405S-114,2025-09-23T07:50:00-07:00,2025-09-23,07:50,470,True,S,16.450000,2,23.000000,3408.000000,0.262200,148.867571
I405_S,1,L405S-132,2025-09-23T07:55:00-07:00,2025-09-23,07:55,475,True,S,15.715000,3,18.566667,4224.000000,0.411267,266.888704
I405_S,2,L405S-115,2025-09-23T07:55:00-07:00,2025-09-23,07:55,475,True,S,16.290000,1,8.800000,3108.000000,0.537200,353.181818
I405_S,3,L405S-114,2025-09-23T07:55:00-07:00,2025-09-23,07:55,475,True,S,16.450000,2,21.650000,3006.000000,0.264700,138.687748
I405_S,1,L405S-132,2025-09-23T08:00:00-07:00,2025-09-23,08:00,480,True,S,15.715000,3,17.866667,3796.000000,0.429700,247.062788
I405_S,2,L405S-115,2025-09-23T08:00:00-07:00,2025-09-23,08:00,480,True,S,16.290000,1,10.600000,4236.000000,0.402100,399.622642
I405_S,3,L405S-114,2025-09-23T08:00:00-07:00,2025-09-23,08:00,480,True,S,16.450000,2,23.400000,3942.000000,0.238350,168.389006
I405_S,1,L405S-132,2025-09-23T08:05:00-07:00,2025-09-23,08:05,485,True,S,15.715000,3,18.000000,3804.000000,0.418300,255.355384
I405_S,2,L405S-115,2025-09-23T08:05:00-07:00,2025-09-23,08:05,485,True,S,16.290000,1,9.100000,2964.000000,0.498500,325.714286
I405_S,3,L405S-114,2025-09-23T08:05:00-07:00,2025-09-23,08:05,485,True,S,16.450000,2,21.200000,3012.000000,0.267900,142.718447
I405_S,1,L405S-132,2025-09-23T08:10:00-07:00,2025-09-23,08:10,490,True,S,15.715000,3,20.466667,4824.000000,0.330433,256.877204
I405_S,2,L405S-115,2025-09-23T08:10:00-07:00,2025-09-23,08:10,490,True,S,16.290000,1,9.300000,3432.000000,0.462200,369.032258
I405_S,3,L405S-114,2025-09-23T08:10:00-07:00,2025-09-23,08:10,490,True,S,16.450000,2,21.600000,3348.000000,0.266300,154.874389
I405_S,1,L405S-132,2025-09-23T08:15:00-07:00,2025-09-23,08:15,495,True,S,15.715000,3,19.733333,4292.000000,0.413800,239.964372
I405_S,2,L405S-115,2025-09-23T08:15:00-07:00,2025-09-23,08:15,495,True,S,16.290000,1,11.200000,4704.000000,0.397400,420.000000
I405_S,3,L405S-114,2025-09-23T08:15:00-07:00,2025-09-23,08:15,495,True,S,16.450000,2,26.950000,4146.000000,0.195800,155.701696
I405_S,1,L405S-132,2025-09-23T08:20:00-07:00,2025-09-23,08:20,500,True,S,15.715000,3,18.900000,3856.000000,0.395433,232.684488
I405_S,2,L405S-115,2025-09-23T08:20:00-07:00,2025-09-23,08:20,500,True,S,16.290000,1,10.200000,3516.000000,0.452300,344.705882
I405_S,3,L405S-114,2025-09-23T08:20:00-07:00,2025-09-23,08:20,500,True,S,16.450000,2,24.800000,3342.000000,0.220750,135.710377
I405_S,1,L405S-132,2025-09-23T08:25:00-07:00,2025-09-23,08:25,505,True,S,15.715000,3,18.400000,3908.000000,0.425600,248.615199
I405_S,2,L405S-115,2025-09-23T08:25:00-07:00,2025-09-23,08:25,505,True,S,16.290000,1,9.600000,3408.000000,0.474900,355.000000
I405_S,3,L405S-114,2025-09-23T08:25:00-07:00,2025-09-23,08:25,505,True,S,16.450000,2,23.350000,3246.000000,0.259500,139.041488
I405_S,1,L405S-132,2025-09-23T08:30:00-07:00,2025-09-23,08:30,510,True,S,15.715000,3,18.066667,3792.000000,0.442767,250.120367
I405_S,2,L405S-115,2025-09-23T08:30:00-07:00,2025-09-23,08:30,510,True,S,16.290000,1,9.500000,3636.000000,0.485800,382.736842
I405_S,3,L405S-114,2025-09-23T08:30:00-07:00,2025-09-23,08:30,510,True,S,16.450000,2,23.000000,3354.000000,0.241100,145.826087
I405_S,1,L405S-132,2025-09-23T08:35:00-07:00,2025-09-23,08:35,515,True,S,15.715000,3,18.766667,4124.000000,0.401633,257.436995
I405_S,2,L405S-115,2025-09-23T08:35:00-07:00,2025-09-23,08:35,515,True,S,16.290000,1,9.000000,3168.000000,0.489200,352.000000
I405_S,3,L405S-114,2025-09-23T08:35:00-07:00,2025-09-23,08:35,515,True,S,16.450000,2,22.350000,3096.000000,0.260900,138.492953
I405_S,1,L405S-132,2025-09-23T08:40:00-07:00,2025-09-23,08:40,520,True,S,15.715000,3,20.266667,4804.000000,0.352433,259.873666
I405_S,2,L405S-115,2025-09-23T08:40:00-07:00,2025-09-23,08:40,520,True,S,16.290000,1,9.800000,3840.000000,0.444800,391.836735
I405_S,3,L405S-114,2025-09-23T08:40:00-07:00,2025-09-23,08:40,520,True,S,16.450000,2,23.400000,3582.000000,0.260600,153.054194
I405_S,1,L405S-132,2025-09-23T08:45:00-07:00,2025-09-23,08:45,525,True,S,15.715000,3,20.433333,4588.000000,0.363500,248.074594
I405_S,2,L405S-115,2025-09-23T08:45:00-07:00,2025-09-23,08:45,525,True,S,16.290000,1,11.700000,4524.000000,0.374000,386.666667
I405_S,3,L405S-114,2025-09-23T08:45:00-07:00,2025-09-23,08:45,525,True,S,16.450000,2,25.800000,4122.000000,0.180250,160.192669
I405_S,1,L405S-132,2025-09-23T08:50:00-07:00,2025-09-23,08:50,530,True,S,15.715000,3,19.666667,4216.000000,0.402333,242.374839
I405_S,2,L405S-115,2025-09-23T08:50:00-07:00,2025-09-23,08:50,530,True,S,16.290000,1,11.400000,3816.000000,0.419500,334.736842
I405_S,3,L405S-114,2025-09-23T08:50:00-07:00,2025-09-23,08:50,530,True,S,16.450000,2,24.950000,3570.000000,0.222250,143.449462
I405_S,1,L405S-132,2025-09-23T08:55:00-07:00,2025-09-23,08:55,535,True,S,15.715000,3,20.200000,4416.000000,0.370933,245.017705
I405_S,2,L405S-115,2025-09-23T08:55:00-07:00,2025-09-23,08:55,535,True,S,16.290000,1,11.200000,3984.000000,0.426400,355.714286
I405_S,3,L405S-114,2025-09-23T08:55:00-07:00,2025-09-23,08:55,535,True,S,16.450000,2,25.650000,3510.000000,0.258950,138.889196
I405_S,1,L405S-132,2025-09-23T09:00:00-07:00,2025-09-23,09:00,540,True,S,15.715000,3,20.300000,4640.000000,0.365600,251.771724
I405_S,2,L405S-115,2025-09-23T09:00:00-07:00,2025-09-23,09:00,540,True,S,16.290000,1,11.800000,4488.000000,0.402000,380.338983
I405_S,3,L405S-114,2025-09-23T09:00:00-07:00,2025-09-23,09:00,540,True,S,16.450000,2,24.800000,4146.000000,0.274250,167.734375
I405_S,1,L405S-132,2025-09-23T09:05:00-07:00,2025-09-23,09:05,545,True,S,15.715000,3,19.666667,4292.000000,0.394533,247.860611
I405_S,2,L405S-115,2025-09-23T09:05:00-07:00,2025-09-23,09:05,545,True,S,16.290000,1,11.800000,3864.000000,0.394800,327.457627
I405_S,3,L405S-114,2025-09-23T09:05:00-07:00,2025-09-23,09:05,545,True,S,16.450000,2,24.100000,3798.000000,0.218900,157.804639
I405_S,1,L405S-132,2025-09-23T09:10:00-07:00,2025-09-23,09:10,550,True,S,15.715000,3,21.300000,4876.000000,0.336967,248.043905
I405_S,2,L405S-115,2025-09-23T09:10:00-07:00,2025-09-23,09:10,550,True,S,16.290000,1,11.100000,4032.000000,0.467800,363.243243
I405_S,3,L405S-114,2025-09-23T09:10:00-07:00,2025-09-23,09:10,550,True,S,16.450000,2,25.350000,3582.000000,0.239900,142.430038
I405_S,1,L405S-132,2025-09-23T09:15:00-07:00,2025-09-23,09:15,555,True,S,15.715000,3,26.633333,6112.000000,0.246967,232.858859
I405_S,2,L405S-115,2025-09-23T09:15:00-07:00,2025-09-23,09:15,555,True,S,16.290000,1,12.200000,4512.000000,0.373700,369.836066
I405_S,3,L405S-114,2025-09-23T09:15:00-07:00,2025-09-23,09:15,555,True,S,16.450000,2,25.150000,4230.000000,0.271750,169.124393
I405_S,1,L405S-132,2025-09-23T09:20:00-07:00,2025-09-23,09:20,560,True,S,15.715000,3,27.866667,5836.000000,0.252633,213.510105
I405_S,2,L405S-115,2025-09-23T09:20:00-07:00,2025-09-23,09:20,560,True,S,16.290000,1,18.100000,6204.000000,0.254600,342.762431
I405_S,3,L405S-114,2025-09-23T09:20:00-07:00,2025-09-23,09:20,560,True,S,16.450000,2,28.900000,5214.000000,0.180050,180.376437
I405_S,1,L405S-132,2025-09-23T09:25:00-07:00,2025-09-23,09:25,565,True,S,15.715000,3,27.566667,5544.000000,0.269233,206.727432
I405_S,2,L405S-115,2025-09-23T09:25:00-07:00,2025-09-23,09:25,565,True,S,16.290000,1,18.400000,5184.000000,0.284800,281.739130
I405_S,3,L405S-114,2025-09-23T09:25:00-07:00,2025-09-23,09:25,565,True,S,16.450000,2,31.250000,4830.000000,0.190900,154.508279
I405_S,1,L405S-132,2025-09-23T09:30:00-07:00,2025-09-23,09:30,570,True,S,15.715000,3,26.933333,5328.000000,0.283700,205.045411
I405_S,2,L405S-115,2025-09-23T09:30:00-07:00,2025-09-23,09:30,570,True,S,16.290000,1,17.000000,4968.000000,0.331400,292.235294
I405_S,3,L405S-114,2025-09-23T09:30:00-07:00,2025-09-23,09:30,570,True,S,16.450000,2,29.800000,4464.000000,0.199250,149.424769
I405_S,1,L405S-132,2025-09-23T09:35:00-07:00,2025-09-23,09:35,575,True,S,15.715000,3,30.766667,6508.000000,0.234767,212.100824
I405_S,2,L405S-115,2025-09-23T09:35:00-07:00,2025-09-23,09:35,575,True,S,16.290000,1,17.100000,5556.000000,0.337800,324.912281
I405_S,3,L405S-114,2025-09-23T09:35:00-07:00,2025-09-23,09:35,575,True,S,16.450000,2,29.750000,4866.000000,0.208200,163.295750
I405_S,1,L405S-132,2025-09-23T09:40:00-07:00,2025-09-23,09:40,580,True,S,15.715000,3,38.166667,7172.000000,0.177400,188.064823
I405_S,2,L405S-115,2025-09-23T09:40:00-07:00,2025-09-23,09:40,580,True,S,16.290000,1,20.100000,6336.000000,0.269000,315.223881
I405_S,3,L405S-114,2025-09-23T09:40:00-07:00,2025-09-23,09:40,580,True,S,16.450000,2,33.250000,5868.000000,0.187950,176.551536
I405_S,1,L405S-132,2025-09-23T09:45:00-07:00,2025-09-23,09:45,585,True,S,15.715000,3,43.333333,7080.000000,0.156933,163.081613
I405_S,2,L405S-115,2025-09-23T09:45:00-07:00,2025-09-23,09:45,585,True,S,16.290000,1,26.100000,6468.000000,0.197900,247.816092
I405_S,3,L405S-114,2025-09-23T09:45:00-07:00,2025-09-23,09:45,585,True,S,16.450000,2,34.900000,5544.000000,0.179300,159.628406
I405_S,1,L405S-132,2025-09-23T09:50:00-07:00,2025-09-23,09:50,590,True,S,15.715000,3,43.166667,7004.000000,0.179900,163.047687
I405_S,2,L405S-115,2025-09-23T09:50:00-07:00,2025-09-23,09:50,590,True,S,16.290000,1,35.400000,6840.000000,0.141300,193.220339
I405_S,3,L405S-114,2025-09-23T09:50:00-07:00,2025-09-23,09:50,590,True,S,16.450000,2,42.050000,5820.000000,0.133150,138.761321
I405_S,1,L405S-132,2025-09-23T09:55:00-07:00,2025-09-23,09:55,595,True,S,15.715000,3,46.666667,6792.000000,0.145233,147.939460
I405_S,2,L405S-115,2025-09-23T09:55:00-07:00,2025-09-23,09:55,595,True,S,16.290000,1,48.700000,5940.000000,0.089600,121.971253
I405_S,3,L405S-114,2025-09-23T09:55:00-07:00,2025-09-23,09:55,595,True,S,16.450000,2,51.150000,4818.000000,0.088950,94.219220
I405_S,1,L405S-132,2025-09-23T10:00:00-07:00,2025-09-23,10:00,600,False,S,15.715000,3,53.333333,6752.000000,0.114067,126.818921
I405_S,2,L405S-115,2025-09-23T10:00:00-07:00,2025-09-23,10:00,600,False,S,16.290000,1,54.800000,6576.000000,0.100000,120.000000
I405_S,3,L405S-114,2025-09-23T10:00:00-07:00,2025-09-23,10:00,600,False,S,16.450000,2,56.400000,5466.000000,0.098600,96.920900
I405_S,1,L405S-132,2025-09-23T10:05:00-07:00,2025-09-23,10:05,605,False,S,15.715000,3,56.000000,5940.000000,0.102300,105.942553
I405_S,2,L405S-115,2025-09-23T10:05:00-07:00,2025-09-23,10:05,605,False,S,16.290000,1,56.600000,5604.000000,0.090100,99.010601
I405_S,3,L405S-114,2025-09-23T10:05:00-07:00,2025-09-23,10:05,605,False,S,16.450000,2,59.300000,4716.000000,0.089950,79.527776
I405_S,1,L405S-132,2025-09-23T10:10:00-07:00,2025-09-23,10:10,610,False,S,15.715000,3,57.833333,6304.000000,0.108367,108.800844
I405_S,2,L405S-115,2025-09-23T10:10:00-07:00,2025-09-23,10:10,610,False,S,16.290000,1,57.900000,6420.000000,0.101100,110.880829
I405_S,3,L405S-114,2025-09-23T10:10:00-07:00,2025-09-23,10:10,610,False,S,16.450000,2,60.650000,5250.000000,0.097250,86.556561
I405_S,1,L405S-132,2025-09-23T10:15:00-07:00,2025-09-23,10:15,615,False,S,15.715000,3,59.400000,6576.000000,0.108033,110.590233
I405_S,2,L405S-115,2025-09-23T10:15:00-07:00,2025-09-23,10:15,615,False,S,16.290000,1,59.000000,6360.000000,0.097600,107.796610
I405_S,3,L405S-114,2025-09-23T10:15:00-07:00,2025-09-23,10:15,615,False,S,16.450000,2,61.050000,5400.000000,0.097000,88.447937
I405_S,1,L405S-132,2025-09-23T10:20:00-07:00,2025-09-23,10:20,620,False,S,15.715000,3,60.266667,6452.000000,0.104633,106.844413
I405_S,2,L405S-115,2025-09-23T10:20:00-07:00,2025-09-23,10:20,620,False,S,16.290000,1,60.000000,6288.000000,0.095100,104.800000
I405_S,3,L405S-114,2025-09-23T10:20:00-07:00,2025-09-23,10:20,620,False,S,16.450000,2,62.100000,5220.000000,0.093150,84.063199
I405_S,1,L405S-132,2025-09-23T10:25:00-07:00,2025-09-23,10:25,625,False,S,15.715000,3,60.066667,6296.000000,0.108233,104.626885
I405_S,2,L405S-115,2025-09-23T10:25:00-07:00,2025-09-23,10:25,625,False,S,16.290000,1,59.000000,6348.000000,0.101400,107.593220
I405_S,3,L405S-114,2025-09-23T10:25:00-07:00,2025-09-23,10:25,625,False,S,16.450000,2,61.600000,5334.000000,0.097600,86.597620
I405_S,1,L405S-132,2025-09-24T05:30:00-07:00,2025-09-24,05:30,330,False,S,15.715000,3,68.366667,4340.000000,0.068433,63.419204
I405_S,2,L405S-115,2025-09-24T05:30:00-07:00,2025-09-24,05:30,330,False,S,16.290000,1,69.400000,4212.000000,0.060700,60.691643
I405_S,3,L405S-114,2025-09-24T05:30:00-07:00,2025-09-24,05:30,330,False,S,16.450000,2,68.500000,3798.000000,0.063200,55.534125
I405_S,1,L405S-132,2025-09-24T05:35:00-07:00,2025-09-24,05:35,335,False,S,15.715000,3,68.633333,4872.000000,0.077100,70.849490
I405_S,2,L405S-115,2025-09-24T05:35:00-07:00,2025-09-24,05:35,335,False,S,16.290000,1,69.400000,4572.000000,0.068700,65.878963
I405_S,3,L405S-114,2025-09-24T05:35:00-07:00,2025-09-24,05:35,335,False,S,16.450000,2,68.350000,3906.000000,0.069750,57.158127
I405_S,1,L405S-132,2025-09-24T05:40:00-07:00,2025-09-24,05:40,340,False,S,15.715000,3,69.333333,5604.000000,0.086667,80.679446
I405_S,2,L405S-115,2025-09-24T05:40:00-07:00,2025-09-24,05:40,340,False,S,16.290000,1,69.600000,5688.000000,0.081900,81.724138
I405_S,3,L405S-114,2025-09-24T05:40:00-07:00,2025-09-24,05:40,340,False,S,16.450000,2,68.800000,5130.000000,0.085900,74.593204
I405_S,1,L405S-132,2025-09-24T05:45:00-07:00,2025-09-24,05:45,345,False,S,15.715000,3,69.500000,5840.000000,0.089300,83.975905
I405_S,2,L405S-115,2025-09-24T05:45:00-07:00,2025-09-24,05:45,345,False,S,16.290000,1,71.100000,5256.000000,0.073900,73.924051
I405_S,3,L405S-114,2025-09-24T05:45:00-07:00,2025-09-24,05:45,345,False,S,16.450000,2,69.350000,4758.000000,0.079150,68.620298
I405_S,1,L405S-132,2025-09-24T05:50:00-07:00,2025-09-24,05:50,350,False,S,15.715000,3,68.866667,5988.000000,0.092467,86.745829
I405_S,2,L405S-115,2025-09-24T05:50:00-07:00,2025-09-24,05:50,350,False,S,16.290000,1,70.000000,5700.000000,0.084500,81.428571
I405_S,3,L405S-114,2025-09-24T05:50:00-07:00,2025-09-24,05:50,350,False,S,16.450000,2,68.900000,4992.000000,0.086150,72.459174
I405_S,1,L405S-132,2025-09-24T05:55:00-07:00,2025-09-24,05:55,355,False,S,15.715000,3,68.233333,5740.000000,0.090767,84.067734
I405_S,2,L405S-115,2025-09-24T05:55:00-07:00,2025-09-24,05:55,355,False,S,16.290000,1,69.700000,5544.000000,0.081600,79.540890
I405_S,3,L405S-114,2025-09-24T05:55:00-07:00,2025-09-24,05:55,355,False,S,16.450000,2,69.100000,5004.000000,0.083150,72.443199
I405_S,1,L405S-132,2025-09-24T06:00:00-07:00,2025-09-24,06:00,360,True,S,15.715000,3,66.833333,4900.000000,0.079100,73.184806
I405_S,2,L405S-115,2025-09-24T06:00:00-07:00,2025-09-24,06:00,360,True,S,16.290000,1,67.400000,4692.000000,0.072300,69.614243
I405_S,3,L405S-114,2025-09-24T06:00:00-07:00,2025-09-24,06:00,360,True,S,16.450000,2,66.400000,4050.000000,0.074250,61.016105
I405_S,1,L405S-132,2025-09-24T06:05:00-07:00,2025-09-24,06:05,365,True,S,15.715000,3,66.200000,4816.000000,0.076967,72.543399
I405_S,2,L405S-115,2025-09-24T06:05:00-07:00,2025-09-24,06:05,365,True,S,16.290000,1,65.800000,4356.000000,0.067700,66.200608
I405_S,3,L405S-114,2025-09-24T06:05:00-07:00,2025-09-24,06:05,365,True,S,16.450000,2,65.150000,3948.000000,0.070900,60.607294
I405_S,1,L405S-132,2025-09-24T06:10:00-07:00,2025-09-24,06:10,370,True,S,15.715000,3,65.300000,5160.000000,0.084133,78.826653
I405_S,2,L405S-115,2025-09-24T06:10:00-07:00,2025-09-24,06:10,370,True,S,16.290000,1,65.100000,5196.000000,0.080100,79.815668
I405_S,3,L405S-114,2025-09-24T06:10:00-07:00,2025-09-24,06:10,370,True,S,16.450000,2,64.600000,4638.000000,0.083400,71.802392
I405_S,1,L405S-132,2025-09-24T06:15:00-07:00,2025-09-24,06:15,375,True,S,15.715000,3,65.066667,6392.000000,0.100400,98.014386
I405_S,2,L405S-115,2025-09-24T06:15:00-07:00,2025-09-24,06:15,375,True,S,16.290000,1,64.900000,6120.000000,0.091300,94.298921
I405_S,3,L405S-114,2025-09-24T06:15:00-07:00,2025-09-24,06:15,375,True,S,16.450000,2,64.300000,5442.000000,0.093500,84.641440
I405_S,1,L405S-132,2025-09-24T06:20:00-07:00,2025-09-24,06:20,380,True,S,15.715000,3,64.333333,7068.000000,0.113433,109.641818
I405_S,2,L405S-115,2025-09-24T06:20:00-07:00,2025-09-24,06:20,380,True,S,16.290000,1,64.600000,7032.000000,0.104400,108.854489
I405_S,3,L405S-114,2025-09-24T06:20:00-07:00,2025-09-24,06:20,380,True,S,16.450000,2,62.450000,6300.000000,0.110500,100.949098
I405_S,1,L405S-132,2025-09-24T06:25:00-07:00,2025-09-24,06:25,385,True,S,15.715000,3,64.066667,6956.000000,0.110767,108.405337
I405_S,2,L405S-115,2025-09-24T06:25:00-07:00,2025-09-24,06:25,385,True,S,16.290000,1,63.800000,6924.000000,0.103500,108.526646
I405_S,3,L405S-114,2025-09-24T06:25:00-07:00,2025-09-24,06:25,385,True,S,16.450000,2,62.050000,6228.000000,0.108900,100.398390
I405_S,1,L405S-132,2025-09-24T06:30:00-07:00,2025-09-24,06:30,390,True,S,15.715000,3,61.300000,7752.000000,0.135400,126.239557
I405_S,2,L405S-115,2025-09-24T06:30:00-07:00,2025-09-24,06:30,390,True,S,16.290000,1,61.500000,7392.000000,0.123900,120.195122
I405_S,3,L405S-114,2025-09-24T06:30:00-07:00,2025-09-24,06:30,390,True,S,16.450000,2,60.600000,6582.000000,0.125600,108.612360
I405_S,1,L405S-132,2025-09-24T06:35:00-07:00,2025-09-24,06:35,395,True,S,15.715000,3,55.433333,7816.000000,0.166700,141.181369
I405_S,2,L405S-115,2025-09-24T06:35:00-07:00,2025-09-24,06:35,395,True,S,16.290000,1,53.500000,8364.000000,0.176900,156.336449
I405_S,3,L405S-114,2025-09-24T06:35:00-07:00,2025-09-24,06:35,395,True,S,16.450000,2,52.900000,7272.000000,0.174950,137.452830
I405_S,1,L405S-132,2025-09-24T06:40:00-07:00,2025-09-24,06:40,400,True,S,15.715000,3,50.000000,7200.000000,0.197933,143.659062
I405_S,2,L405S-115,2025-09-24T06:40:00-07:00,2025-09-24,06:40,400,True,S,16.290000,1,39.700000,6384.000000,0.269700,160.806045
I405_S,3,L405S-114,2025-09-24T06:40:00-07:00,2025-09-24,06:40,400,True,S,16.450000,2,43.350000,5916.000000,0.208300,136.426245
I405_S,1,L405S-132,2025-09-24T06:45:00-07:00,2025-09-24,06:45,405,True,S,15.715000,3,42.600000,6684.000000,0.248500,158.102070
I405_S,2,L405S-115,2025-09-24T06:45:00-07:00,2025-09-24,06:45,405,True,S,16.290000,1,33.700000,6252.000000,0.266200,185.519288
I405_S,3,L405S-114,2025-09-24T06:45:00-07:00,2025-09-24,06:45,405,True,S,16.450000,2,38.650000,5814.000000,0.212450,150.670550
I405_S,1,L405S-132,2025-09-24T06:50:00-07:00,2025-09-24,06:50,410,True,S,15.715000,3,39.000000,6544.000000,0.251733,168.016193
I405_S,2,L405S-115,2025-09-24T06:50:00-07:00,2025-09-24,06:50,410,True,S,16.290000,1,26.900000,5124.000000,0.316300,190.483271
I405_S,3,L405S-114,2025-09-24T06:50:00-07:00,2025-09-24,06:50,410,True,S,16.450000,2,32.550000,4722.000000,0.236050,145.558284
I405_S,1,L405S-132,2025-09-24T06:55:00-07:00,2025-09-24,06:55,415,True,S,15.715000,3,39.933333,7036.000000,0.197233,178.373138
I405_S,2,L405S-115,2025-09-24T06:55:00-07:00,2025-09-24,06:55,415,True,S,16.290000,1,30.600000,6648.000000,0.195600,217.254902
I405_S,3,L405S-114,2025-09-24T06:55:00-07:00,2025-09-24,06:55,415,True,S,16.450000,2,33.650000,6096.000000,0.204550,181.417289
I405_S,1,L405S-132,2025-09-24T07:00:00-07:00,2025-09-24,07:00,420,True,S,15.715000,3,37.000000,6340.000000,0.242667,174.038970
I405_S,2,L405S-115,2025-09-24T07:00:00-07:00,2025-09-24,07:00,420,True,S,16.290000,1,28.300000,5796.000000,0.256200,204.805654
I405_S,3,L405S-114,2025-09-24T07:00:00-07:00,2025-09-24,07:00,420,True,S,16.450000,2,33.450000,5508.000000,0.191400,165.124738
I405_S,1,L405S-132,2025-09-24T07:05:00-07:00,2025-09-24,07:05,425,True,S,15.715000,3,36.766667,6452.000000,0.253767,177.392132
I405_S,2,L405S-115,2025-09-24T07:05:00-07:00,2025-09-24,07:05,425,True,S,16.290000,1,25.000000,5340.000000,0.329100,213.600000
I405_S,3,L405S-114,2025-09-24T07:05:00-07:00,2025-09-24,07:05,425,True,S,16.450000,2,32.250000,4980.000000,0.245700,155.956522
I405_S,1,L405S-132,2025-09-24T07:10:00-07:00,2025-09-24,07:10,430,True,S,15.715000,3,36.033333,6476.000000,0.247800,182.816414
I405_S,2,L405S-115,2025-09-24T07:10:00-07:00,2025-09-24,07:10,430,True,S,16.290000,1,24.300000,5808.000000,0.297200,239.012346
I405_S,3,L405S-114,2025-09-24T07:10:00-07:00,2025-09-24,07:10,430,True,S,16.450000,2,31.700000,5688.000000,0.232150,181.381737
I405_S,1,L405S-132,2025-09-24T07:15:00-07:00,2025-09-24,07:15,435,True,S,15.715000,3,34.466667,6004.000000,0.273100,177.317472
I405_S,2,L405S-115,2025-09-24T07:15:00-07:00,2025-09-24,07:15,435,True,S,16.290000,1,22.900000,5040.000000,0.324900,220.087336
I405_S,3,L405S-114,2025-09-24T07:15:00-07:00,2025-09-24,07:15,435,True,S,16.450000,2,30.750000,4932.000000,0.229500,161.370763
I405_S,1,L405S-132,2025-09-24T07:20:00-07:00,2025-09-24,07:20,440,True,S,15.715000,3,33.933333,5808.000000,0.256233,175.328629
I405_S,2,L405S-115,2025-09-24T07:20:00-07:00,2025-09-24,07:20,440,True,S,16.290000,1,22.100000,5040.000000,0.324400,228.054299
I405_S,3,L405S-114,2025-09-24T07:20:00-07:00,2025-09-24,07:20,440,True,S,16.450000,2,29.050000,4836.000000,0.252100,166.928770
I405_S,1,L405S-132,2025-09-24T07:25:00-07:00,2025-09-24,07:25,445,True,S,15.715000,3,30.033333,4996.000000,0.324033,172.339703
I405_S,2,L405S-115,2025-09-24T07:25:00-07:00,2025-09-24,07:25,445,True,S,16.290000,1,20.600000,4656.000000,0.342600,226.019417
I405_S,3,L405S-114,2025-09-24T07:25:00-07:00,2025-09-24,07:25,445,True,S,16.450000,2,27.450000,4470.000000,0.250900,163.363615
I405_S,1,L405S-132,2025-09-24T07:30:00-07:00,2025-09-24,07:30,450,True,S,15.715000,3,24.900000,3964.000000,0.438667,172.876631
I405_S,2,L405S-115,2025-09-24T07:30:00-07:00,2025-09-24,07:30,450,True,S,16.290000,1,18.600000,3600.000000,0.389700,193.548387
I405_S,3,L405S-114,2025-09-24T07:30:00-07:00,2025-09-24,07:30,450,True,S,16.450000,2,26.450000,3462.000000,0.230550,131.515221
I405_S,1,L405S-132,2025-09-24T07:35:00-07:00,2025-09-24,07:35,455,True,S,15.715000,3,23.200000,4184.000000,0.392067,201.851086
I405_S,2,L405S-115,2025-09-24T07:35:00-07:00,2025-09-24,07:35,455,True,S,16.290000,1,17.500000,3084.000000,0.430200,176.228571
I405_S,3,L405S-114,2025-09-24T07:35:00-07:00,2025-09-24,07:35,455,True,S,16.450000,2,24.000000,2880.000000,0.282850,119.824891
I405_S,1,L405S-132,2025-09-24T07:40:00-07:00,2025-09-24,07:40,460,True,S,15.715000,3,22.233333,4176.000000,0.404567,214.960260
I405_S,2,L405S-115,2025-09-24T07:40:00-07:00,2025-09-24,07:40,460,True,S,16.290000,1,17.200000,3696.000000,0.401500,214.883721
I405_S,3,L405S-114,2025-09-24T07:40:00-07:00,2025-09-24,07:40,460,True,S,16.450000,2,24.700000,3630.000000,0.259500,147.245179
I405_S,1,L405S-132,2025-09-24T07:45:00-07:00,2025-09-24,07:45,465,True,S,15.715000,3,21.366667,3992.000000,0.395800,220.613528
I405_S,2,L405S-115,2025-09-24T07:45:00-07:00,2025-09-24,07:45,465,True,S,16.290000,1,16.600000,3444.000000,0.376000,207.469880
I405_S,3,L405S-114,2025-09-24T07:45:00-07:00,2025-09-24,07:45,465,True,S,16.450000,2,23.050000,3366.000000,0.231600,146.604520
I405_S,1,L405S-132,2025-09-24T07:50:00-07:00,2025-09-24,07:50,470,True,S,15.715000,3,20.600000,3848.000000,0.414133,226.003176
I405_S,2,L405S-115,2025-09-24T07:50:00-07:00,2025-09-24,07:50,470,True,S,16.290000,1,16.700000,3876.000000,0.376200,232.095808
I405_S,3,L405S-114,2025-09-24T07:50:00-07:00,2025-09-24,07:50,470,True,S,16.450000,2,24.700000,3696.000000,0.257700,150.540008
I405_S,1,L405S-132,2025-09-24T07:55:00-07:00,2025-09-24,07:55,475,True,S,15.715000,3,20.900000,4148.000000,0.396167,239.053372
I405_S,2,L405S-115,2025-09-24T07:55:00-07:00,2025-09-24,07:55,475,True,S,16.290000,1,16.300000,3276.000000,0.433500,200.981595
I405_S,3,L405S-114,2025-09-24T07:55:00-07:00,2025-09-24,07:55,475,True,S,16.450000,2,21.850000,3108.000000,0.282650,142.128613
I405_S,1,L405S-132,2025-09-24T08:00:00-07:00,2025-09-24,08:00,480,True,S,15.715000,3,21.233333,4324.000000,0.389233,242.267743
I405_S,2,L405S-115,2025-09-24T08:00:00-07:00,2025-09-24,08:00,480,True,S,16.290000,1,15.300000,3420.000000,0.393600,223.529412
I405_S,3,L405S-114,2025-09-24T08:00:00-07:00,2025-09-24,08:00,480,True,S,16.450000,2,21.500000,3432.000000,0.264000,159.627907
I405_S,1,L405S-132,2025-09-24T08:05:00-07:00,2025-09-24,08:05,485,True,S,15.715000,3,22.133333,4608.000000,0.354967,237.818909
I405_S,2,L405S-115,2025-09-24T08:05:00-07:00,2025-09-24,08:05,485,True,S,16.290000,1,16.100000,3744.000000,0.367200,232.546584
I405_S,3,L405S-114,2025-09-24T08:05:00-07:00,2025-09-24,08:05,485,True,S,16.450000,2,23.300000,3708.000000,0.223450,160.196281
I405_S,1,L405S-132,2025-09-24T08:10:00-07:00,2025-09-24,08:10,490,True,S,15.715000,3,21.600000,4352.000000,0.408600,234.591602
I405_S,2,L405S-115,2025-09-24T08:10:00-07:00,2025-09-24,08:10,490,True,S,16.290000,1,17.700000,4152.000000,0.369000,234.576271
I405_S,3,L405S-114,2025-09-24T08:10:00-07:00,2025-09-24,08:10,490,True,S,16.450000,2,24.550000,4020.000000,0.230850,163.717272
I405_S,1,L405S-132,2025-09-24T08:15:00-07:00,2025-09-24,08:15,495,True,S,15.715000,3,21.333333,4304.000000,0.402433,238.861195
I405_S,2,L405S-115,2025-09-24T08:15:00-07:00,2025-09-24,08:15,495,True,S,16.290000,1,17.900000,3852.000000,0.354900,215.195531
I405_S,3,L405S-114,2025-09-24T08:15:00-07:00,2025-09-24,08:15,495,True,S,16.450000,2,25.300000,3552.000000,0.211150,140.623125
I405_S,1,L405S-132,2025-09-24T08:20:00-07:00,2025-09-24,08:20,500,True,S,15.715000,3,20.400000,3768.000000,0.427333,226.907916
I405_S,2,L405S-115,2025-09-24T08:20:00-07:00,2025-09-24,08:20,500,True,S,16.290000,1,17.200000,3708.000000,0.379200,215.581395
I405_S,3,L405S-114,2025-09-24T08:20:00-07:00,2025-09-24,08:20,500,True,S,16.450000,2,25.050000,3552.000000,0.227200,142.109039
I405_S,1,L405S-132,2025-09-24T08:25:00-07:00,2025-09-24,08:25,505,True,S,15.715000,3,20.300000,4060.000000,0.428200,249.896488
I405_S,2,L405S-115,2025-09-24T08:25:00-07:00,2025-09-24,08:25,505,True,S,16.290000,1,15.600000,3252.000000,0.401200,208.461538
I405_S,3,L405S-114,2025-09-24T08:25:00-07:00,2025-09-24,08:25,505,True,S,16.450000,2,24.700000,3144.000000,0.263750,128.498841
I405_S,1,L405S-132,2025-09-24T08:30:00-07:00,2025-09-24,08:30,510,True,S,15.715000,3,19.700000,3764.000000,0.463167,243.271274
I405_S,2,L405S-115,2025-09-24T08:30:00-07:00,2025-09-24,08:30,510,True,S,16.290000,1,16.300000,3564.000000,0.406300,218.650307
I405_S,3,L405S-114,2025-09-24T08:30:00-07:00,2025-09-24,08:30,510,True,S,16.450000,2,24.000000,3408.000000,0.256650,142.264518
I405_S,1,L405S-132,2025-09-24T08:35:00-07:00,2025-09-24,08:35,515,True,S,15.715000,3,20.333333,4180.000000,0.413667,258.053979
I405_S,2,L405S-115,2025-09-24T08:35:00-07:00,2025-09-24,08:35,515,True,S,16.290000,1,15.300000,3000.000000,0.407600,196.078431
I405_S,3,L405S-114,2025-09-24T08:35:00-07:00,2025-09-24,08:35,515,True,S,16.450000,2,22.100000,2898.000000,0.264500,131.464209
I405_S,1,L405S-132,2025-09-24T08:40:00-07:00,2025-09-24,08:40,520,True,S,15.715000,3,22.100000,4496.000000,0.334267,236.445597
I405_S,2,L405S-115,2025-09-24T08:40:00-07:00,2025-09-24,08:40,520,True,S,16.290000,1,16.700000,3624.000000,0.338100,217.005988
I405_S,3,L405S-114,2025-09-24T08:40:00-07:00,2025-09-24,08:40,520,True,S,16.450000,2,26.900000,3432.000000,0.192150,129.153451
I405_S,1,L405S-132,2025-09-24T08:45:00-07:00,2025-09-24,08:45,525,True,S,15.715000,3,22.133333,4400.000000,0.369900,230.612420
I405_S,2,L405S-115,2025-09-24T08:45:00-07:00,2025-09-24,08:45,525,True,S,16.290000,1,17.100000,3624.000000,0.350300,211.929825
I405_S,3,L405S-114,2025-09-24T08:45:00-07:00,2025-09-24,08:45,525,True,S,16.450000,2,28.800000,3762.000000,0.174200,131.900155
I405_S,1,L405S-132,2025-09-24T08:50:00-07:00,2025-09-24,08:50,530,True,S,15.715000,3,21.600000,4204.000000,0.400633,230.610554
I405_S,2,L405S-115,2025-09-24T08:50:00-07:00,2025-09-24,08:50,530,True,S,16.290000,1,18.900000,4296.000000,0.323700,227.301587
I405_S,3,L405S-114,2025-09-24T08:50:00-07:00,2025-09-24,08:50,530,True,S,16.450000,2,29.900000,4062.000000,0.179650,135.645811
I405_S,1,L405S-132,2025-09-24T08:55:00-07:00,2025-09-24,08:55,535,True,S,15.715000,3,20.366667,3584.000000,0.442067,222.200034
I405_S,2,L405S-115,2025-09-24T08:55:00-07:00,2025-09-24,08:55,535,True,S,16.290000,1,18.300000,3600.000000,0.352900,196.721311
I405_S,3,L405S-114,2025-09-24T08:55:00-07:00,2025-09-24,08:55,535,True,S,16.450000,2,27.450000,3432.000000,0.225100,125.157146
I405_S,1,L405S-132,2025-09-24T09:00:00-07:00,2025-09-24,09:00,540,True,S,15.715000,3,21.166667,4096.000000,0.365633,236.957062
I405_S,2,L405S-115,2025-09-24T09:00:00-07:00,2025-09-24,09:00,540,True,S,16.290000,1,15.900000,2844.000000,0.344700,178.867925
I405_S,3,L405S-114,2025-09-24T09:00:00-07:00,2025-09-24,09:00,540,True,S,16.450000,2,22.900000,2958.000000,0.271050,129.516452
I405_S,1,L405S-132,2025-09-24T09:05:00-07:00,2025-09-24,09:05,545,True,S,15.715000,3,21.433333,4436.000000,0.378267,246.330435
I405_S,2,L405S-115,2025-09-24T09:05:00-07:00,2025-09-24,09:05,545,True,S,16.290000,1,17.200000,4344.000000,0.324600,252.558140
I405_S,3,L405S-114,2025-09-24T09:05:00-07:00,2025-09-24,09:05,545,True,S,16.450000,2,23.550000,3696.000000,0.250900,157.242648
I405_S,1,L405S-132,2025-09-24T09:10:00-07:00,2025-09-24,09:10,550,True,S,15.715000,3,21.666667,4412.000000,0.383133,240.680248
I405_S,2,L405S-115,2025-09-24T09:10:00-07:00,2025-09-24,09:10,550,True,S,16.290000,1,16.900000,3744.000000,0.374400,221.538462
I405_S,3,L405S-114,2025-09-24T09:10:00-07:00,2025-09-24,09:10,550,True,S,16.450000,2,24.300000,3552.000000,0.193800,146.242379
I405_S,1,L405S-132,2025-09-24T09:15:00-07:00,2025-09-24,09:15,555,True,S,15.715000,3,27.600000,5624.000000,0.250633,211.019069
I405_S,2,L405S-115,2025-09-24T09:15:00-07:00,2025-09-24,09:15,555,True,S,16.290000,1,18.700000,4260.000000,0.339400,227.807487
I405_S,3,L405S-114,2025-09-24T09:15:00-07:00,2025-09-24,09:15,555,True,S,16.450000,2,26.900000,4170.000000,0.216850,154.970149
I405_S,1,L405S-132,2025-09-24T09:20:00-07:00,2025-09-24,09:20,560,True,S,15.715000,3,31.833333,6052.000000,0.229567,194.863724
I405_S,2,L405S-115,2025-09-24T09:20:00-07:00,2025-09-24,09:20,560,True,S,16.290000,1,22.300000,5508.000000,0.273800,246.995516
I405_S,3,L405S-114,2025-09-24T09:20:00-07:00,2025-09-24,09:20,560,True,S,16.450000,2,31.250000,5190.000000,0.194750,166.438525
I405_S,1,L405S-132,2025-09-24T09:25:00-07:00,2025-09-24,09:25,565,True,S,15.715000,3,35.833333,6576.000000,0.192433,186.185395
I405_S,2,L405S-115,2025-09-24T09:25:00-07:00,2025-09-24,09:25,565,True,S,16.290000,1,25.100000,5952.000000,0.225100,237.131474
I405_S,3,L405S-114,2025-09-24T09:25:00-07:00,2025-09-24,09:25,565,True,S,16.450000,2,31.850000,5370.000000,0.193100,168.523010
I405_S,1,L405S-132,2025-09-24T09:30:00-07:00,2025-09-24,09:30,570,True,S,15.715000,3,34.966667,5828.000000,0.232933,171.127167
I405_S,2,L405S-115,2025-09-24T09:30:00-07:00,2025-09-24,09:30,570,True,S,16.290000,1,24.100000,5700.000000,0.277800,236.514523
I405_S,3,L405S-114,2025-09-24T09:30:00-07:00,2025-09-24,09:30,570,True,S,16.450000,2,32.600000,5160.000000,0.191750,158.181253
I405_S,1,L405S-132,2025-09-24T09:35:00-07:00,2025-09-24,09:35,575,True,S,15.715000,3,37.700000,6080.000000,0.201533,161.848743
I405_S,2,L405S-115,2025-09-24T09:35:00-07:00,2025-09-24,09:35,575,True,S,16.290000,1,22.100000,4692.000000,0.300900,212.307692
I405_S,3,L405S-114,2025-09-24T09:35:00-07:00,2025-09-24,09:35,575,True,S,16.450000,2,32.300000,4482.000000,0.188850,138.353260
I405_S,1,L405S-132,2025-09-24T09:40:00-07:00,2025-09-24,09:40,580,True,S,15.715000,3,43.566667,7368.000000,0.161200,170.120405
I405_S,2,L405S-115,2025-09-24T09:40:00-07:00,2025-09-24,09:40,580,True,S,16.290000,1,29.600000,6924.000000,0.182100,233.918919
I405_S,3,L405S-114,2025-09-24T09:40:00-07:00,2025-09-24,09:40,580,True,S,16.450000,2,35.850000,6252.000000,0.179350,174.384008
I405_S,1,L405S-132,2025-09-24T09:45:00-07:00,2025-09-24,09:45,585,True,S,15.715000,3,44.733333,6812.000000,0.163333,152.874238
I405_S,2,L405S-115,2025-09-24T09:45:00-07:00,2025-09-24,09:45,585,True,S,16.290000,1,34.000000,6372.000000,0.170000,187.411765
I405_S,3,L405S-114,2025-09-24T09:45:00-07:00,2025-09-24,09:45,585,True,S,16.450000,2,36.950000,5724.000000,0.178100,155.167263
I405_S,1,L405S-132,2025-09-24T09:50:00-07:00,2025-09-24,09:50,590,True,S,15.715000,3,46.833333,6640.000000,0.148367,141.749907
I405_S,2,L405S-115,2025-09-24T09:50:00-07:00,2025-09-24,09:50,590,True,S,16.290000,1,39.900000,5628.000000,0.123100,141.052632
I405_S,3,L405S-114,2025-09-24T09:50:00-07:00,2025-09-24,09:50,590,True,S,16.450000,2,39.750000,5094.000000,0.142150,129.418046
I405_S,1,L405S-132,2025-09-24T09:55:00-07:00,2025-09-24,09:55,595,True,S,15.715000,3,50.900000,6456.000000,0.123467,127.324158
I405_S,2,L405S-115,2025-09-24T09:55:00-07:00,2025-09-24,09:55,595,True,S,16.290000,1,49.900000,5784.000000,0.093900,115.911824
I405_S,3,L405S-114,2025-09-24T09:55:00-07:00,2025-09-24,09:55,595,True,S,16.450000,2,50.300000,5130.000000,0.092750,101.986347
I405_S,1,L405S-132,2025-09-24T10:00:00-07:00,2025-09-24,10:00,600,False,S,15.715000,3,56.966667,5576.000000,0.093867,97.891402
I405_S,2,L405S-115,2025-09-24T10:00:00-07:00,2025-09-24,10:00,600,False,S,16.290000,1,56.200000,5412.000000,0.083900,96.298932
I405_S,3,L405S-114,2025-09-24T10:00:00-07:00,2025-09-24,10:00,600,False,S,16.450000,2,57.000000,4668.000000,0.081950,81.898114
I405_S,1,L405S-132,2025-09-24T10:05:00-07:00,2025-09-24,10:05,605,False,S,15.715000,3,59.533333,6460.000000,0.108133,108.342717
I405_S,2,L405S-115,2025-09-24T10:05:00-07:00,2025-09-24,10:05,605,False,S,16.290000,1,58.700000,5940.000000,0.094600,101.192504
I405_S,3,L405S-114,2025-09-24T10:05:00-07:00,2025-09-24,10:05,605,False,S,16.450000,2,59.200000,5406.000000,0.097600,91.321081
I405_S,1,L405S-132,2025-09-24T10:10:00-07:00,2025-09-24,10:10,610,False,S,15.715000,3,61.233333,6120.000000,0.100767,99.800939
I405_S,2,L405S-115,2025-09-24T10:10:00-07:00,2025-09-24,10:10,610,False,S,16.290000,1,60.500000,5916.000000,0.092600,97.785124
I405_S,3,L405S-114,2025-09-24T10:10:00-07:00,2025-09-24,10:10,610,False,S,16.450000,2,60.500000,5340.000000,0.095100,88.314001
I405_S,1,L405S-132,2025-09-24T10:15:00-07:00,2025-09-24,10:15,615,False,S,15.715000,3,61.566667,6284.000000,0.105900,101.947526
I405_S,2,L405S-115,2025-09-24T10:15:00-07:00,2025-09-24,10:15,615,False,S,16.290000,1,61.500000,6048.000000,0.093600,98.341463
I405_S,3,L405S-114,2025-09-24T10:15:00-07:00,2025-09-24,10:15,615,False,S,16.450000,2,61.300000,5250.000000,0.093250,85.649869
I405_S,1,L405S-132,2025-09-24T10:20:00-07:00,2025-09-24,10:20,620,False,S,15.715000,3,62.133333,5992.000000,0.100133,96.273166
I405_S,2,L405S-115,2025-09-24T10:20:00-07:00,2025-09-24,10:20,620,False,S,16.290000,1,61.100000,5616.000000,0.091300,91.914894
I405_S,3,L405S-114,2025-09-24T10:20:00-07:00,2025-09-24,10:20,620,False,S,16.450000,2,61.600000,4818.000000,0.089650,78.224541
I405_S,1,L405S-132,2025-09-24T10:25:00-07:00,2025-09-24,10:25,625,False,S,15.715000,3,62.400000,6004.000000,0.100200,95.964917
I405_S,2,L405S-115,2025-09-24T10:25:00-07:00,2025-09-24,10:25,625,False,S,16.290000,1,61.200000,5376.000000,0.087100,87.843137
I405_S,3,L405S-114,2025-09-24T10:25:00-07:00,2025-09-24,10:25,625,False,S,16.450000,2,61.600000,4734.000000,0.087900,76.856742
I405_S,1,L405S-132,2025-09-25T05:30:00-07:00,2025-09-25,05:30,330,False,S,15.715000,3,67.633333,4408.000000,0.070933,65.081257
I405_S,2,L405S-115,2025-09-25T05:30:00-07:00,2025-09-25,05:30,330,False,S,16.290000,1,71.100000,4464.000000,0.061800,62.784810
I405_S,3,L405S-114,2025-09-25T05:30:00-07:00,2025-09-25,05:30,330,False,S,16.450000,2,69.700000,3786.000000,0.066350,54.318508
I405_S,1,L405S-132,2025-09-25T05:35:00-07:00,2025-09-25,05:35,335,False,S,15.715000,3,68.433333,5260.000000,0.080700,76.764341
I405_S,2,L405S-115,2025-09-25T05:35:00-07:00,2025-09-25,05:35,335,False,S,16.290000,1,71.000000,4944.000000,0.068500,69.633803
I405_S,3,L405S-114,2025-09-25T05:35:00-07:00,2025-09-25,05:35,335,False,S,16.450000,2,69.650000,4080.000000,0.073350,58.586926
I405_S,1,L405S-132,2025-09-25T05:40:00-07:00,2025-09-25,05:40,340,False,S,15.715000,3,68.566667,5084.000000,0.079100,74.091863
I405_S,2,L405S-115,2025-09-25T05:40:00-07:00,2025-09-25,05:40,340,False,S,16.290000,1,71.800000,5196.000000,0.071300,72.367688
I405_S,3,L405S-114,2025-09-25T05:40:00-07:00,2025-09-25,05:40,340,False,S,16.450000,2,69.450000,4356.000000,0.075800,62.696148
I405_S,1,L405S-132,2025-09-25T05:45:00-07:00,2025-09-25,05:45,345,False,S,15.715000,3,68.566667,6448.000000,0.098200,93.928070
I405_S,2,L405S-115,2025-09-25T05:45:00-07:00,2025-09-25,05:45,345,False,S,16.290000,1,72.800000,6312.000000,0.083100,86.703297
I405_S,3,L405S-114,2025-09-25T05:45:00-07:00,2025-09-25,05:45,345,False,S,16.450000,2,70.750000,5334.000000,0.088800,75.395977
I405_S,1,L405S-132,2025-09-25T05:50:00-07:00,2025-09-25,05:50,350,False,S,15.715000,3,68.200000,5968.000000,0.091967,87.380040
I405_S,2,L405S-115,2025-09-25T05:50:00-07:00,2025-09-25,05:50,350,False,S,16.290000,1,72.400000,5940.000000,0.081300,82.044199
I405_S,3,L405S-114,2025-09-25T05:50:00-07:00,2025-09-25,05:50,350,False,S,16.450000,2,71.350000,5244.000000,0.087950,73.454569
I405_S,1,L405S-132,2025-09-25T05:55:00-07:00,2025-09-25,05:55,355,False,S,15.715000,3,68.666667,5936.000000,0.087900,86.360859
I405_S,2,L405S-115,2025-09-25T05:55:00-07:00,2025-09-25,05:55,355,False,S,16.290000,1,72.500000,5592.000000,0.075200,77.131034
I405_S,3,L405S-114,2025-09-25T05:55:00-07:00,2025-09-25,05:55,355,False,S,16.450000,2,71.000000,4734.000000,0.081500,66.665913
I405_S,1,L405S-132,2025-09-25T06:00:00-07:00,2025-09-25,06:00,360,True,S,15.715000,3,66.600000,6012.000000,0.092700,90.180893
I405_S,2,L405S-115,2025-09-25T06:00:00-07:00,2025-09-25,06:00,360,True,S,16.290000,1,69.300000,6036.000000,0.085100,87.099567
I405_S,3,L405S-114,2025-09-25T06:00:00-07:00,2025-09-25,06:00,360,True,S,16.450000,2,66.900000,5064.000000,0.089500,75.695067
I405_S,1,L405S-132,2025-09-25T06:05:00-07:00,2025-09-25,06:05,365,True,S,15.715000,3,66.033333,5196.000000,0.082067,78.582917
I405_S,2,L405S-115,2025-09-25T06:05:00-07:00,2025-09-25,06:05,365,True,S,16.290000,1,67.600000,5832.000000,0.082700,86.272189
I405_S,3,L405S-114,2025-09-25T06:05:00-07:00,2025-09-25,06:05,365,True,S,16.450000,2,64.800000,4938.000000,0.089200,76.218611
I405_S,1,L405S-132,2025-09-25T06:10:00-07:00,2025-09-25,06:10,370,True,S,15.715000,3,65.133333,6648.000000,0.102767,101.958229
I405_S,2,L405S-115,2025-09-25T06:10:00-07:00,2025-09-25,06:10,370,True,S,16.290000,1,66.900000,6264.000000,0.086400,93.632287
I405_S,3,L405S-114,2025-09-25T06:10:00-07:00,2025-09-25,06:10,370,True,S,16.450000,2,64.350000,5106.000000,0.091050,79.347585
I405_S,1,L405S-132,2025-09-25T06:15:00-07:00,2025-09-25,06:15,375,True,S,15.715000,3,64.800000,6784.000000,0.103200,104.596520
I405_S,2,L405S-115,2025-09-25T06:15:00-07:00,2025-09-25,06:15,375,True,S,16.290000,1,65.200000,7116.000000,0.102600,109.141104
I405_S,3,L405S-114,2025-09-25T06:15:00-07:00,2025-09-25,06:15,375,True,S,16.450000,2,62.900000,5772.000000,0.104550,91.771343
I405_S,1,L405S-132,2025-09-25T06:20:00-07:00,2025-09-25,06:20,380,True,S,15.715000,3,62.066667,8028.000000,0.136833,129.146378
I405_S,2,L405S-115,2025-09-25T06:20:00-07:00,2025-09-25,06:20,380,True,S,16.290000,1,62.500000,8148.000000,0.126800,130.368000
I405_S,3,L405S-114,2025-09-25T06:20:00-07:00,2025-09-25,06:20,380,True,S,16.450000,2,61.050000,7242.000000,0.135800,118.598114
I405_S,1,L405S-132,2025-09-25T06:25:00-07:00,2025-09-25,06:25,385,True,S,15.715000,3,60.733333,7692.000000,0.130800,126.684268
I405_S,2,L405S-115,2025-09-25T06:25:00-07:00,2025-09-25,06:25,385,True,S,16.290000,1,62.200000,7488.000000,0.112300,120.385852
I405_S,3,L405S-114,2025-09-25T06:25:00-07:00,2025-09-25,06:25,385,True,S,16.450000,2,60.100000,6498.000000,0.119150,108.138606
I405_S,1,L405S-132,2025-09-25T06:30:00-07:00,2025-09-25,06:30,390,True,S,15.715000,3,60.100000,8040.000000,0.138067,133.744719
I405_S,2,L405S-115,2025-09-25T06:30:00-07:00,2025-09-25,06:30,390,True,S,16.290000,1,61.000000,8232.000000,0.129500,134.950820
I405_S,3,L405S-114,2025-09-25T06:30:00-07:00,2025-09-25,06:30,390,True,S,16.450000,2,59.150000,7116.000000,0.137100,120.317432
I405_S,1,L405S-132,2025-09-25T06:35:00-07:00,2025-09-25,06:35,395,True,S,15.715000,3,56.366667,6636.000000,0.129733,117.571440
I405_S,2,L405S-115,2025-09-25T06:35:00-07:00,2025-09-25,06:35,395,True,S,16.290000,1,59.200000,8268.000000,0.134200,139.662162
I405_S,3,L405S-114,2025-09-25T06:35:00-07:00,2025-09-25,06:35,395,True,S,16.450000,2,57.400000,7026.000000,0.142250,122.371517
I405_S,1,L405S-132,2025-09-25T06:40:00-07:00,2025-09-25,06:40,400,True,S,15.715000,3,48.400000,3276.000000,0.154533,69.633184
I405_S,2,L405S-115,2025-09-25T06:40:00-07:00,2025-09-25,06:40,400,True,S,16.290000,1,35.200000,3936.000000,0.428500,111.818182
I405_S,3,L405S-114,2025-09-25T06:40:00-07:00,2025-09-25,06:40,400,True,S,16.450000,2,37.600000,3612.000000,0.301700,96.577515
I405_S,1,L405S-132,2025-09-25T06:45:00-07:00,2025-09-25,06:45,405,True,S,15.715000,3,44.966667,2804.000000,0.172433,65.714286
I405_S,2,L405S-115,2025-09-25T06:45:00-07:00,2025-09-25,06:45,405,True,S,16.290000,1,21.800000,2988.000000,0.480000,137.064220
I405_S,3,L405S-114,2025-09-25T06:45:00-07:00,2025-09-25,06:45,405,True,S,16.450000,2,27.750000,2820.000000,0.331650,102.757423
I405_S,1,L405S-132,2025-09-25T06:50:00-07:00,2025-09-25,06:50,410,True,S,15.715000,3,42.533333,3220.000000,0.191400,78.306478
I405_S,2,L405S-115,2025-09-25T06:50:00-07:00,2025-09-25,06:50,410,True,S,16.290000,1,14.800000,2508.000000,0.501600,169.459459
I405_S,3,L405S-114,2025-09-25T06:50:00-07:00,2025-09-25,06:50,410,True,S,16.450000,2,21.700000,2106.000000,0.391050,97.469047
I405_S,1,L405S-132,2025-09-25T06:55:00-07:00,2025-09-25,06:55,415,True,S,15.715000,3,42.433333,2804.000000,0.185200,75.194546
I405_S,2,L405S-115,2025-09-25T06:55:00-07:00,2025-09-25,06:55,415,True,S,16.290000,1,11.500000,2856.000000,0.519900,248.347826
I405_S,3,L405S-114,2025-09-25T06:55:00-07:00,2025-09-25,06:55,415,True,S,16.450000,2,18.900000,2484.000000,0.363550,136.881473
I405_S,1,L405S-132,2025-09-25T07:00:00-07:00,2025-09-25,07:00,420,True,S,15.715000,3,39.666667,4872.000000,0.223567,124.457487
I405_S,2,L405S-115,2025-09-25T07:00:00-07:00,2025-09-25,07:00,420,True,S,16.290000,1,10.000000,2976.000000,0.462300,297.600000
I405_S,3,L405S-114,2025-09-25T07:00:00-07:00,2025-09-25,07:00,420,True,S,16.450000,2,19.400000,2538.000000,0.307550,135.099469
I405_S,1,L405S-132,2025-09-25T07:05:00-07:00,2025-09-25,07:05,425,True,S,15.715000,3,39.600000,6508.000000,0.223100,169.451491
I405_S,2,L405S-115,2025-09-25T07:05:00-07:00,2025-09-25,07:05,425,True,S,16.290000,1,12.400000,5052.000000,0.365700,407.419355
I405_S,3,L405S-114,2025-09-25T07:05:00-07:00,2025-09-25,07:05,425,True,S,16.450000,2,21.900000,4632.000000,0.282800,221.437756
I405_S,1,L405S-132,2025-09-25T07:10:00-07:00,2025-09-25,07:10,430,True,S,15.715000,3,38.766667,7040.000000,0.222400,186.213666
I405_S,2,L405S-115,2025-09-25T07:10:00-07:00,2025-09-25,07:10,430,True,S,16.290000,1,18.200000,6252.000000,0.276500,343.516484
I405_S,3,L405S-114,2025-09-25T07:10:00-07:00,2025-09-25,07:10,430,True,S,16.450000,2,25.450000,5748.000000,0.248950,230.430218
I405_S,1,L405S-132,2025-09-25T07:15:00-07:00,2025-09-25,07:15,435,True,S,15.715000,3,35.166667,6324.000000,0.263900,182.680851
I405_S,2,L405S-115,2025-09-25T07:15:00-07:00,2025-09-25,07:15,435,True,S,16.290000,1,18.100000,5688.000000,0.332600,314.254144
I405_S,3,L405S-114,2025-09-25T07:15:00-07:00,2025-09-25,07:15,435,True,S,16.450000,2,29.200000,5316.000000,0.219200,185.613636
I405_S,1,L405S-132,2025-09-25T07:20:00-07:00,2025-09-25,07:20,440,True,S,15.715000,3,32.033333,5820.000000,0.278000,184.901760
I405_S,2,L405S-115,2025-09-25T07:20:00-07:00,2025-09-25,07:20,440,True,S,16.290000,1,16.800000,5064.000000,0.363900,301.428571
I405_S,3,L405S-114,2025-09-25T07:20:00-07:00,2025-09-25,07:20,440,True,S,16.450000,2,29.050000,4674.000000,0.257450,166.084093
I405_S,1,L405S-132,2025-09-25T07:25:00-07:00,2025-09-25,07:25,445,True,S,15.715000,3,30.666667,5284.000000,0.264133,175.597966
I405_S,2,L405S-115,2025-09-25T07:25:00-07:00,2025-09-25,07:25,445,True,S,16.290000,1,15.600000,4716.000000,0.374300,302.307692
I405_S,3,L405S-114,2025-09-25T07:25:00-07:00,2025-09-25,07:25,445,True,S,16.450000,2,26.750000,4314.000000,0.292750,168.461472
I405_S,1,L405S-132,2025-09-25T07:30:00-07:00,2025-09-25,07:30,450,True,S,15.715000,3,30.600000,5628.000000,0.265767,184.764349
I405_S,2,L405S-115,2025-09-25T07:30:00-07:00,2025-09-25,07:30,450,True,S,16.290000,1,13.100000,3744.000000,0.420500,285.801527
I405_S,3,L405S-114,2025-09-25T07:30:00-07:00,2025-09-25,07:30,450,True,S,16.450000,2,23.900000,3624.000000,0.332450,159.151943
I405_S,1,L405S-132,2025-09-25T07:35:00-07:00,2025-09-25,07:35,455,True,S,15.715000,3,30.966667,6048.000000,0.255567,200.041692
I405_S,2,L405S-115,2025-09-25T07:35:00-07:00,2025-09-25,07:35,455,True,S,16.290000,1,14.500000,5316.000000,0.347700,366.620690
I405_S,3,L405S-114,2025-09-25T07:35:00-07:00,2025-09-25,07:35,455,True,S,16.450000,2,24.400000,4962.000000,0.257950,207.835209
I405_S,1,L405S-132,2025-09-25T07:40:00-07:00,2025-09-25,07:40,460,True,S,15.715000,3,28.633333,5484.000000,0.310933,198.258254
I405_S,2,L405S-115,2025-09-25T07:40:00-07:00,2025-09-25,07:40,460,True,S,16.290000,1,16.000000,5340.000000,0.341700,333.750000
I405_S,3,L405S-114,2025-09-25T07:40:00-07:00,2025-09-25,07:40,460,True,S,16.450000,2,24.050000,4716.000000,0.293000,199.781581
I405_S,1,L405S-132,2025-09-25T07:45:00-07:00,2025-09-25,07:45,465,True,S,15.715000,3,26.333333,4900.000000,0.343200,195.985041
I405_S,2,L405S-115,2025-09-25T07:45:00-07:00,2025-09-25,07:45,465,True,S,16.290000,1,13.700000,4044.000000,0.433400,295.182482
I405_S,3,L405S-114,2025-09-25T07:45:00-07:00,2025-09-25,07:45,465,True,S,16.450000,2,22.200000,3720.000000,0.327450,173.736695
I405_S,1,L405S-132,2025-09-25T07:50:00-07:00,2025-09-25,07:50,470,True,S,15.715000,3,25.633333,5084.000000,0.319933,210.698101
I405_S,2,L405S-115,2025-09-25T07:50:00-07:00,2025-09-25,07:50,470,True,S,16.290000,1,12.700000,4056.000000,0.401000,319.370079
I405_S,3,L405S-114,2025-09-25T07:50:00-07:00,2025-09-25,07:50,470,True,S,16.450000,2,21.200000,3714.000000,0.303950,182.654201
I405_S,1,L405S-132,2025-09-25T07:55:00-07:00,2025-09-25,07:55,475,True,S,15.715000,3,24.433333,4872.000000,0.349033,215.683930
I405_S,2,L405S-115,2025-09-25T07:55:00-07:00,2025-09-25,07:55,475,True,S,16.290000,1,13.300000,4764.000000,0.373700,358.195489
I405_S,3,L405S-114,2025-09-25T07:55:00-07:00,2025-09-25,07:55,475,True,S,16.450000,2,22.200000,4416.000000,0.290200,205.985705
I405_S,1,L405S-132,2025-09-25T08:00:00-07:00,2025-09-25,08:00,480,True,S,15.715000,3,22.200000,4236.000000,0.406567,213.668013
I405_S,2,L405S-115,2025-09-25T08:00:00-07:00,2025-09-25,08:00,480,True,S,16.290000,1,12.200000,4176.000000,0.430300,342.295082
I405_S,3,L405S-114,2025-09-25T08:00:00-07:00,2025-09-25,08:00,480,True,S,16.450000,2,24.400000,4038.000000,0.243500,175.316667
I405_S,1,L405S-132,2025-09-25T08:05:00-07:00,2025-09-25,08:05,485,True,S,15.715000,3,23.100000,4764.000000,0.344700,227.152240
I405_S,2,L405S-115,2025-09-25T08:05:00-07:00,2025-09-25,08:05,485,True,S,16.290000,1,11.100000,3732.000000,0.475900,336.216216
I405_S,3,L405S-114,2025-09-25T08:05:00-07:00,2025-09-25,08:05,485,True,S,16.450000,2,22.600000,3222.000000,0.313800,148.873308
I405_S,1,L405S-132,2025-09-25T08:10:00-07:00,2025-09-25,08:10,490,True,S,15.715000,3,21.100000,3908.000000,0.421733,212.570319
I405_S,2,L405S-115,2025-09-25T08:10:00-07:00,2025-09-25,08:10,490,True,S,16.290000,1,11.600000,4404.000000,0.407200,379.655172
I405_S,3,L405S-114,2025-09-25T08:10:00-07:00,2025-09-25,08:10,490,True,S,16.450000,2,22.050000,4194.000000,0.293600,197.619048
I405_S,1,L405S-132,2025-09-25T08:15:00-07:00,2025-09-25,08:15,495,True,S,15.715000,3,20.933333,4380.000000,0.404267,246.831739
I405_S,2,L405S-115,2025-09-25T08:15:00-07:00,2025-09-25,08:15,495,True,S,16.290000,1,10.300000,3156.000000,0.478900,306.407767
I405_S,3,L405S-114,2025-09-25T08:15:00-07:00,2025-09-25,08:15,495,True,S,16.450000,2,20.000000,2958.000000,0.358350,151.181788
I405_S,1,L405S-132,2025-09-25T08:20:00-07:00,2025-09-25,08:20,500,True,S,15.715000,3,22.333333,4772.000000,0.344833,240.665322
I405_S,2,L405S-115,2025-09-25T08:20:00-07:00,2025-09-25,08:20,500,True,S,16.290000,1,10.100000,3864.000000,0.447600,382.574257
I405_S,3,L405S-114,2025-09-25T08:20:00-07:00,2025-09-25,08:20,500,True,S,16.450000,2,20.300000,3678.000000,0.308450,192.803151
I405_S,1,L405S-132,2025-09-25T08:25:00-07:00,2025-09-25,08:25,505,True,S,15.715000,3,23.600000,5156.000000,0.316400,239.087146
I405_S,2,L405S-115,2025-09-25T08:25:00-07:00,2025-09-25,08:25,505,True,S,16.290000,1,11.600000,4476.000000,0.372500,385.862069
I405_S,3,L405S-114,2025-09-25T08:25:00-07:00,2025-09-25,08:25,505,True,S,16.450000,2,22.150000,4128.000000,0.250550,191.241935
I405_S,1,L405S-132,2025-09-25T08:30:00-07:00,2025-09-25,08:30,510,True,S,15.715000,3,23.466667,5060.000000,0.356033,236.850958
I405_S,2,L405S-115,2025-09-25T08:30:00-07:00,2025-09-25,08:30,510,True,S,16.290000,1,13.500000,4932.000000,0.365200,365.333333
I405_S,3,L405S-114,2025-09-25T08:30:00-07:00,2025-09-25,08:30,510,True,S,16.450000,2,24.000000,4386.000000,0.227500,183.749022
I405_S,1,L405S-132,2025-09-25T08:35:00-07:00,2025-09-25,08:35,515,True,S,15.715000,3,25.266667,5244.000000,0.286933,220.526567
I405_S,2,L405S-115,2025-09-25T08:35:00-07:00,2025-09-25,08:35,515,True,S,16.290000,1,12.700000,4104.000000,0.400000,323.149606
I405_S,3,L405S-114,2025-09-25T08:35:00-07:00,2025-09-25,08:35,515,True,S,16.450000,2,25.800000,3984.000000,0.222300,158.404378
I405_S,1,L405S-132,2025-09-25T08:40:00-07:00,2025-09-25,08:40,520,True,S,15.715000,3,25.533333,5104.000000,0.309133,212.768477
I405_S,2,L405S-115,2025-09-25T08:40:00-07:00,2025-09-25,08:40,520,True,S,16.290000,1,13.400000,4800.000000,0.374300,358.208955
I405_S,3,L405S-114,2025-09-25T08:40:00-07:00,2025-09-25,08:40,520,True,S,16.450000,2,26.950000,4356.000000,0.250550,169.527021
I405_S,1,L405S-132,2025-09-25T08:45:00-07:00,2025-09-25,08:45,525,True,S,15.715000,3,24.666667,4872.000000,0.336067,214.320613
I405_S,2,L405S-115,2025-09-25T08:45:00-07:00,2025-09-25,08:45,525,True,S,16.290000,1,12.400000,4128.000000,0.417500,332.903226
I405_S,3,L405S-114,2025-09-25T08:45:00-07:00,2025-09-25,08:45,525,True,S,16.450000,2,25.000000,3948.000000,0.260250,163.048995
I405_S,1,L405S-132,2025-09-25T08:50:00-07:00,2025-09-25,08:50,530,True,S,15.715000,3,23.200000,4684.000000,0.372333,223.601249
I405_S,2,L405S-115,2025-09-25T08:50:00-07:00,2025-09-25,08:50,530,True,S,16.290000,1,13.400000,4656.000000,0.373600,347.462687
I405_S,3,L405S-114,2025-09-25T08:50:00-07:00,2025-09-25,08:50,530,True,S,16.450000,2,25.050000,4350.000000,0.232450,176.045699
I405_S,1,L405S-132,2025-09-25T08:55:00-07:00,2025-09-25,08:55,535,True,S,15.715000,3,21.700000,4168.000000,0.401767,223.831541
I405_S,2,L405S-115,2025-09-25T08:55:00-07:00,2025-09-25,08:55,535,True,S,16.290000,1,14.100000,4788.000000,0.347400,339.574468
I405_S,3,L405S-114,2025-09-25T08:55:00-07:00,2025-09-25,08:55,535,True,S,16.450000,2,26.750000,4362.000000,0.262700,169.333276
I405_S,1,L405S-132,2025-09-25T09:00:00-07:00,2025-09-25,09:00,540,True,S,15.715000,3,23.600000,5100.000000,0.317033,239.829728
I405_S,2,L405S-115,2025-09-25T09:00:00-07:00,2025-09-25,09:00,540,True,S,16.290000,1,12.100000,3600.000000,0.425700,297.520661
I405_S,3,L405S-114,2025-09-25T09:00:00-07:00,2025-09-25,09:00,540,True,S,16.450000,2,22.300000,3288.000000,0.319000,152.668291
I405_S,1,L405S-132,2025-09-25T09:05:00-07:00,2025-09-25,09:05,545,True,S,15.715000,3,22.566667,4432.000000,0.367833,222.021750
I405_S,2,L405S-115,2025-09-25T09:05:00-07:00,2025-09-25,09:05,545,True,S,16.290000,1,13.100000,4692.000000,0.361500,358.167939
I405_S,3,L405S-114,2025-09-25T09:05:00-07:00,2025-09-25,09:05,545,True,S,16.450000,2,23.750000,4386.000000,0.249050,191.884737
I405_S,1,L405S-132,2025-09-25T09:10:00-07:00,2025-09-25,09:10,550,True,S,15.715000,3,24.766667,5232.000000,0.293467,227.860029
I405_S,2,L405S-115,2025-09-25T09:10:00-07:00,2025-09-25,09:10,550,True,S,16.290000,1,11.700000,3756.000000,0.458000,321.025641
I405_S,3,L405S-114,2025-09-25T09:10:00-07:00,2025-09-25,09:10,550,True,S,16.450000,2,22.550000,3618.000000,0.291550,168.077063
I405_S,1,L405S-132,2025-09-25T09:15:00-07:00,2025-09-25,09:15,555,True,S,15.715000,3,27.466667,5800.000000,0.268467,220.856296
I405_S,2,L405S-115,2025-09-25T09:15:00-07:00,2025-09-25,09:15,555,True,S,16.290000,1,13.600000,5148.000000,0.354500,378.529412
I405_S,3,L405S-114,2025-09-25T09:15:00-07:00,2025-09-25,09:15,555,True,S,16.450000,2,23.750000,4608.000000,0.264400,200.677702
I405_S,1,L405S-132,2025-09-25T09:20:00-07:00,2025-09-25,09:20,560,True,S,15.715000,3,29.833333,6196.000000,0.244033,214.550272
I405_S,2,L405S-115,2025-09-25T09:20:00-07:00,2025-09-25,09:20,560,True,S,16.290000,1,16.100000,5736.000000,0.310100,356.273292
I405_S,3,L405S-114,2025-09-25T09:20:00-07:00,2025-09-25,09:20,560,True,S,16.450000,2,27.750000,5280.000000,0.230150,196.607513
I405_S,1,L405S-132,2025-09-25T09:25:00-07:00,2025-09-25,09:25,565,True,S,15.715000,3,31.933333,6296.000000,0.221633,202.194655
I405_S,2,L405S-115,2025-09-25T09:25:00-07:00,2025-09-25,09:25,565,True,S,16.290000,1,18.300000,5820.000000,0.278200,318.032787
I405_S,3,L405S-114,2025-09-25T09:25:00-07:00,2025-09-25,09:25,565,True,S,16.450000,2,30.400000,5268.000000,0.186150,175.548663
I405_S,1,L405S-132,2025-09-25T09:30:00-07:00,2025-09-25,09:30,570,True,S,15.715000,3,33.866667,6364.000000,0.229033,191.407462
I405_S,2,L405S-115,2025-09-25T09:30:00-07:00,2025-09-25,09:30,570,True,S,16.290000,1,18.000000,5664.000000,0.331100,314.666667
I405_S,3,L405S-114,2025-09-25T09:30:00-07:00,2025-09-25,09:30,570,True,S,16.450000,2,29.400000,5160.000000,0.230650,177.252861
I405_S,1,L405S-132,2025-09-25T09:35:00-07:00,2025-09-25,09:35,575,True,S,15.715000,3,32.400000,6100.000000,0.250867,193.712221
I405_S,2,L405S-115,2025-09-25T09:35:00-07:00,2025-09-25,09:35,575,True,S,16.290000,1,21.400000,6204.000000,0.246800,289.906542
I405_S,3,L405S-114,2025-09-25T09:35:00-07:00,2025-09-25,09:35,575,True,S,16.450000,2,31.750000,5520.000000,0.199100,173.543701
I405_S,1,L405S-132,2025-09-25T09:40:00-07:00,2025-09-25,09:40,580,True,S,15.715000,3,36.800000,7104.000000,0.198267,194.444976
I405_S,2,L405S-115,2025-09-25T09:40:00-07:00,2025-09-25,09:40,580,True,S,16.290000,1,20.300000,5796.000000,0.301300,285.517241
I405_S,3,L405S-114,2025-09-25T09:40:00-07:00,2025-09-25,09:40,580,True,S,16.450000,2,30.800000,5004.000000,0.214650,162.403247
I405_S,1,L405S-132,2025-09-25T09:45:00-07:00,2025-09-25,09:45,585,True,S,15.715000,3,41.200000,7192.000000,0.170867,175.631260
I405_S,2,L405S-115,2025-09-25T09:45:00-07:00,2025-09-25,09:45,585,True,S,16.290000,1,27.100000,6876.000000,0.193600,253.726937
I405_S,3,L405S-114,2025-09-25T09:45:00-07:00,2025-09-25,09:45,585,True,S,16.450000,2,32.600000,5898.000000,0.198900,180.809383
I405_S,1,L405S-132,2025-09-25T09:50:00-07:00,2025-09-25,09:50,590,True,S,15.715000,3,47.466667,7128.000000,0.136033,150.331730
I405_S,2,L405S-115,2025-09-25T09:50:00-07:00,2025-09-25,09:50,590,True,S,16.290000,1,41.200000,5952.000000,0.101800,144.466019
I405_S,3,L405S-114,2025-09-25T09:50:00-07:00,2025-09-25,09:50,590,True,S,16.450000,2,40.600000,4974.000000,0.117500,122.638717
I405_S,1,L405S-132,2025-09-25T09:55:00-07:00,2025-09-25,09:55,595,True,S,15.715000,3,54.166667,6132.000000,0.102633,113.227130
I405_S,2,L405S-115,2025-09-25T09:55:00-07:00,2025-09-25,09:55,595,True,S,16.290000,1,52.400000,6156.000000,0.090800,117.480916
I405_S,3,L405S-114,2025-09-25T09:55:00-07:00,2025-09-25,09:55,595,True,S,16.450000,2,51.200000,4962.000000,0.093650,96.933714
I405_S,1,L405S-132,2025-09-25T10:00:00-07:00,2025-09-25,10:00,600,False,S,15.715000,3,58.200000,5868.000000,0.097433,100.810297
I405_S,2,L405S-115,2025-09-25T10:00:00-07:00,2025-09-25,10:00,600,False,S,16.290000,1,58.100000,5724.000000,0.084000,98.519793
I405_S,3,L405S-114,2025-09-25T10:00:00-07:00,2025-09-25,10:00,600,False,S,16.450000,2,56.650000,4572.000000,0.086000,80.711183
I405_S,1,L405S-132,2025-09-25T10:05:00-07:00,2025-09-25,10:05,605,False,S,15.715000,3,59.500000,6484.000000,0.109200,109.054734
I405_S,2,L405S-115,2025-09-25T10:05:00-07:00,2025-09-25,10:05,605,False,S,16.290000,1,60.900000,6276.000000,0.092400,103.054187
I405_S,3,L405S-114,2025-09-25T10:05:00-07:00,2025-09-25,10:05,605,False,S,16.450000,2,58.650000,5412.000000,0.098450,92.277677
I405_S,1,L405S-132,2025-09-25T10:10:00-07:00,2025-09-25,10:10,610,False,S,15.715000,3,60.300000,6752.000000,0.113200,112.073253
I405_S,2,L405S-115,2025-09-25T10:10:00-07:00,2025-09-25,10:10,610,False,S,16.290000,1,63.000000,6648.000000,0.094700,105.523810
I405_S,3,L405S-114,2025-09-25T10:10:00-07:00,2025-09-25,10:10,610,False,S,16.450000,2,61.050000,5538.000000,0.097250,90.724114
I405_S,1,L405S-132,2025-09-25T10:15:00-07:00,2025-09-25,10:15,615,False,S,15.715000,3,60.766667,6464.000000,0.109700,106.553830
I405_S,2,L405S-115,2025-09-25T10:15:00-07:00,2025-09-25,10:15,615,False,S,16.290000,1,63.900000,6120.000000,0.089000,95.774648
I405_S,3,L405S-114,2025-09-25T10:15:00-07:00,2025-09-25,10:15,615,False,S,16.450000,2,61.600000,5256.000000,0.094250,85.364477
I405_S,1,L405S-132,2025-09-25T10:20:00-07:00,2025-09-25,10:20,620,False,S,15.715000,3,61.566667,6248.000000,0.102867,101.490461
I405_S,2,L405S-115,2025-09-25T10:20:00-07:00,2025-09-25,10:20,620,False,S,16.290000,1,64.500000,6600.000000,0.094400,102.325581
I405_S,3,L405S-114,2025-09-25T10:20:00-07:00,2025-09-25,10:20,620,False,S,16.450000,2,62.750000,5556.000000,0.098050,88.553143
I405_S,1,L405S-132,2025-09-25T10:25:00-07:00,2025-09-25,10:25,625,False,S,15.715000,3,61.066667,7108.000000,0.119367,116.470885
I405_S,2,L405S-115,2025-09-25T10:25:00-07:00,2025-09-25,10:25,625,False,S,16.290000,1,64.300000,6720.000000,0.097400,104.510109
I405_S,3,L405S-114,2025-09-25T10:25:00-07:00,2025-09-25,10:25,625,False,S,16.450000,2,62.500000,5724.000000,0.101500,91.599013
