station_id,link_id,station_name,milepost,direction,lanes,date_local,peak_window_start_local,peak_window_end_local,D_vph_link,C_vph_link,dc_ratio,ln_dc,free_flow_speed_p95_mph,peak_window_harmonic_speed_mph,peak_window_tti,within_dc_analysis_range
1201525,L405S-004,HARBOR 1,10.97,S,6,2025-06-02,2025-06-02T06:30:00,2025-06-02T07:30:00,10324.0,11232.0,0.9191595441595442,-0.08429556542708788,66.4,54.51992927871234,1.2179032672723278,True
1201525,L405S-004,HARBOR 1,10.97,S,6,2025-06-03,2025-06-03T06:25:00,2025-06-03T07:25:00,10222.0,11232.0,0.9100783475783476,-0.09422458693736746,66.4,45.396001203069446,1.462683898147187,True
1201525,L405S-004,HARBOR 1,10.97,S,6,2025-06-04,2025-06-04T06:20:00,2025-06-04T07:20:00,10501.0,11232.0,0.9349180911680912,-0.06729635655959894,66.4,55.25863463093372,1.2016221617395766,True
1201525,L405S-004,HARBOR 1,10.97,S,6,2025-06-05,2025-06-05T06:30:00,2025-06-05T07:30:00,10176.0,11232.0,0.905982905982906,-0.09873484068568897,66.4,49.45878844192307,1.3425318753606377,True
1201525,L405S-004,HARBOR 1,10.97,S,6,2025-06-06,2025-06-06T06:45:00,2025-06-06T07:45:00,10737.0,11232.0,0.9559294871794872,-0.045071126831456816,66.4,59.43733520104754,1.1171429502248236,True
1201525,L405S-004,HARBOR 1,10.97,S,6,2025-06-09,2025-06-09T06:45:00,2025-06-09T07:45:00,10376.0,11232.0,0.9237891737891738,-0.07927140026931254,66.4,53.83881744816665,1.2333108925344922,True
1201525,L405S-004,HARBOR 1,10.97,S,6,2025-06-10,2025-06-10T06:40:00,2025-06-10T07:40:00,10598.0,11232.0,0.9435541310541311,-0.05810154321288491,66.4,55.81364149450507,1.1896733168097835,True
1201525,L405S-004,HARBOR 1,10.97,S,6,2025-06-11,2025-06-11T06:40:00,2025-06-11T07:40:00,10751.0,11232.0,0.9571759259259259,-0.043768073780364306,66.4,57.31545275281488,1.1585008372238492,True
1201525,L405S-004,HARBOR 1,10.97,S,6,2025-06-12,2025-06-12T06:45:00,2025-06-12T07:45:00,10634.0,11232.0,0.9467592592592593,-0.05471043220130852,66.4,52.747339410115885,1.2588312650944025,True
1201525,L405S-004,HARBOR 1,10.97,S,6,2025-06-13,2025-06-13T06:45:00,2025-06-13T07:45:00,10243.0,11232.0,0.9119480056980057,-0.09217230182905774,66.4,59.35197236889477,1.118749678398202,True
1201525,L405S-004,HARBOR 1,10.97,S,6,2025-06-16,2025-06-16T06:35:00,2025-06-16T07:35:00,10822.0,11232.0,0.9634971509971509,-0.03718574806291184,66.4,57.06576846568229,1.1635697158784615,True
1201525,L405S-004,HARBOR 1,10.97,S,6,2025-06-17,2025-06-17T06:20:00,2025-06-17T07:20:00,10326.0,11232.0,0.9193376068376068,-0.08410186082599799,66.4,56.93911997166555,1.166157819668489,True
1201525,L405S-004,HARBOR 1,10.97,S,6,2025-06-18,2025-06-18T06:30:00,2025-06-18T07:30:00,10510.0,11232.0,0.9357193732193733,-0.0664396623945955,66.4,58.6814191500124,1.1315336432177265,True
1201525,L405S-004,HARBOR 1,10.97,S,6,2025-06-20,2025-06-20T06:55:00,2025-06-20T07:55:00,10320.0,11232.0,0.9188034188034188,-0.08468308723003867,66.4,59.47991687217952,1.116343187612241,True
1201525,L405S-004,HARBOR 1,10.97,S,6,2025-06-23,2025-06-23T07:05:00,2025-06-23T08:05:00,10819.0,11232.0,0.9632300569800569,-0.037462999578019004,66.4,52.456123592233205,1.2658198023963663,True
1201525,L405S-004,HARBOR 1,10.97,S,6,2025-06-24,2025-06-24T06:30:00,2025-06-24T07:30:00,10904.0,11232.0,0.9707977207977208,-0.02963715288922386,66.4,58.04814744209431,1.1438780206764918,True
1201525,L405S-004,HARBOR 1,10.97,S,6,2025-06-25,2025-06-25T06:40:00,2025-06-25T07:40:00,10826.0,11232.0,0.9638532763532763,-0.036816198908669176,66.4,55.45963423120063,1.1972671821669627,True
1201525,L405S-004,HARBOR 1,10.97,S,6,2025-06-26,2025-06-26T06:35:00,2025-06-26T07:35:00,10565.0,11232.0,0.9406160968660968,-0.061220196215435334,66.4,53.79934291769322,1.2342158174977034,True
1201525,L405S-004,HARBOR 1,10.97,S,6,2025-06-27,2025-06-27T06:35:00,2025-06-27T07:35:00,10576.0,11232.0,0.9415954415954416,-0.06017956417412481,66.4,59.79487814824415,1.1104630037940768,True
1201525,L405S-004,HARBOR 1,10.97,S,6,2025-06-30,2025-06-30T06:30:00,2025-06-30T07:30:00,10221.0,11232.0,0.9099893162393162,-0.09432241993651612,66.4,58.88199536507073,1.127679175753426,True
1201525,L405S-004,HARBOR 1,10.97,S,6,2025-07-01,2025-07-01T06:40:00,2025-07-01T07:40:00,10189.0,11232.0,0.9071403133903134,-0.09745814029130699,66.4,52.83122321544268,1.2568325311951352,True
1201525,L405S-004,HARBOR 1,10.97,S,6,2025-07-02,2025-07-02T06:35:00,2025-07-02T07:35:00,10751.0,11232.0,0.9571759259259259,-0.043768073780364306,66.4,57.31250484929849,1.1585604254184458,True
1201525,L405S-004,HARBOR 1,10.97,S,6,2025-07-03,2025-07-03T06:40:00,2025-07-03T07:40:00,10621.0,11232.0,0.9456018518518519,-0.05593367394405273,66.4,58.92899604349218,1.1267797596788158,True
1201525,L405S-004,HARBOR 1,10.97,S,6,2025-07-07,2025-07-07T06:40:00,2025-07-07T07:40:00,10838.0,11232.0,0.9649216524216524,-0.03570837013953287,66.4,58.111087928907004,1.1426390791587595,True
1201525,L405S-004,HARBOR 1,10.97,S,6,2025-07-08,2025-07-08T06:30:00,2025-07-08T07:30:00,10004.0,11232.0,0.8906695156695157,-0.11578183426808267,66.4,43.73986245701659,1.518066044794989,True
1201525,L405S-004,HARBOR 1,10.97,S,6,2025-07-09,2025-07-09T06:25:00,2025-07-09T07:25:00,10278.0,11232.0,0.9150641025641025,-0.08876115871341748,66.4,47.900244169384884,1.386214228161265,True
1201525,L405S-004,HARBOR 1,10.97,S,6,2025-07-10,2025-07-10T06:25:00,2025-07-10T07:25:00,9962.0,11232.0,0.8869301994301995,-0.11998899263236362,66.4,48.60023471657516,1.366248545654744,True
1201525,L405S-004,HARBOR 1,10.97,S,6,2025-07-11,2025-07-11T07:05:00,2025-07-11T08:05:00,10575.0,11232.0,0.9415064102564102,-0.06027412235111365,66.4,56.02182351182149,1.1852523862595896,True
1201525,L405S-004,HARBOR 1,10.97,S,6,2025-07-14,2025-07-14T06:40:00,2025-07-14T07:40:00,10168.0,11232.0,0.9052706552706553,-0.09952131339630234,66.4,55.34458611378608,1.1997560134153769,True
1201525,L405S-004,HARBOR 1,10.97,S,6,2025-07-15,2025-07-15T06:30:00,2025-07-15T07:30:00,10615.0,11232.0,0.9450676638176638,-0.05649875212823588,66.4,56.10200717019951,1.1835583671464542,True
1201525,L405S-004,HARBOR 1,10.97,S,6,2025-07-16,2025-07-16T06:40:00,2025-07-16T07:40:00,10532.0,11232.0,0.9376780626780626,-0.06434860564939238,66.4,53.63164646196671,1.238074987071077,True
1201525,L405S-004,HARBOR 1,10.97,S,6,2025-07-17,2025-07-17T06:25:00,2025-07-17T07:25:00,10251.0,11232.0,0.9126602564102564,-0.09139158548219085,66.4,59.11847322665247,1.1231683833483168,True
1201525,L405S-004,HARBOR 1,10.97,S,6,2025-07-18,2025-07-18T08:05:00,2025-07-18T09:05:00,10147.0,11232.0,0.9034009971509972,-0.10158875198650942,66.4,54.177801775947366,1.2255942069151793,True
1201525,L405S-004,HARBOR 1,10.97,S,6,2025-07-21,2025-07-21T06:30:00,2025-07-21T07:30:00,10131.0,11232.0,0.9019764957264957,-0.10316681721191495,66.4,57.417834935813104,1.1564351054725066,True
1201525,L405S-004,HARBOR 1,10.97,S,6,2025-07-22,2025-07-22T06:35:00,2025-07-22T07:35:00,10161.0,11232.0,0.9046474358974359,-0.10020998477971095,66.4,47.45308498516092,1.3992767808618551,True
1201525,L405S-004,HARBOR 1,10.97,S,6,2025-07-23,2025-07-23T06:35:00,2025-07-23T07:35:00,10869.0,11232.0,0.9676816239316239,-0.03285214670240543,66.4,56.927850396089866,1.1663886751037544,True
1201525,L405S-004,HARBOR 1,10.97,S,6,2025-07-24,2025-07-24T06:20:00,2025-07-24T07:20:00,10282.0,11232.0,0.9154202279202279,-0.08837205365014239,66.4,54.44652001010678,1.2195453444531317,True
1201525,L405S-004,HARBOR 1,10.97,S,6,2025-07-25,2025-07-25T06:45:00,2025-07-25T07:45:00,10480.0,11232.0,0.9330484330484331,-0.06929816839055915,66.4,55.764249678821216,1.1907270407552557,True
1201525,L405S-004,HARBOR 1,10.97,S,6,2025-07-28,2025-07-28T06:45:00,2025-07-28T07:45:00,10515.0,11232.0,0.9361645299145299,-0.0659640381287922,66.4,55.10265627221543,1.2050235776651854,True
1201525,L405S-004,HARBOR 1,10.97,S,6,2025-07-29,2025-07-29T06:40:00,2025-07-29T07:40:00,10564.0,11232.0,0.9405270655270656,-0.061314852848569495,66.4,54.90047827384297,1.2094612303520846,True
1201525,L405S-004,HARBOR 1,10.97,S,6,2025-07-30,2025-07-30T06:30:00,2025-07-30T07:30:00,10530.0,11232.0,0.9375,-0.06453852113757118,66.4,57.8161748356322,1.1484675385179164,True
1201525,L405S-004,HARBOR 1,10.97,S,6,2025-07-31,2025-07-31T06:35:00,2025-07-31T07:35:00,9988.0,11232.0,0.8892450142450142,-0.11738247486592854,66.4,43.75034814992955,1.5177022082761855,True
1201525,L405S-004,HARBOR 1,10.97,S,6,2025-08-01,2025-08-01T06:45:00,2025-08-01T07:45:00,10589.0,11232.0,0.9427528490028491,-0.05895112083513786,66.4,58.9431834095774,1.1265085487257713,True
1201525,L405S-004,HARBOR 1,10.97,S,6,2025-08-04,2025-08-04T06:40:00,2025-08-04T07:40:00,10813.0,11232.0,0.9626958689458689,-0.038017733320055314,66.4,57.31151881042145,1.1585803583332348,True
1201525,L405S-004,HARBOR 1,10.97,S,6,2025-08-05,2025-08-05T06:25:00,2025-08-05T07:25:00,10686.0,11232.0,0.9513888888888888,-0.049832373747875754,66.4,59.43506816238709,1.1171855615372308,True
1201525,L405S-004,HARBOR 1,10.97,S,6,2025-08-06,2025-08-06T06:40:00,2025-08-06T07:40:00,10863.0,11232.0,0.9671474358974359,-0.03340432783184147,66.4,56.18590581641298,1.1817910387875832,True
1201525,L405S-004,HARBOR 1,10.97,S,6,2025-08-07,2025-08-07T06:35:00,2025-08-07T07:35:00,10315.0,11232.0,0.9183582621082621,-0.08516770076024016,66.4,47.39487080971987,1.4009954846502612,True
1201525,L405S-004,HARBOR 1,10.97,S,6,2025-08-08,2025-08-08T06:50:00,2025-08-08T07:50:00,10507.0,11232.0,0.9354522792022792,-0.06672514557681705,66.4,59.20042414203808,1.121613585752159,True
1201525,L405S-004,HARBOR 1,10.97,S,6,2025-08-11,2025-08-11T06:40:00,2025-08-11T07:40:00,10718.0,11232.0,0.9542378917378918,-0.04684227621079678,66.4,56.5851092458678,1.173453597332216,True
1201525,L405S-004,HARBOR 1,10.97,S,6,2025-08-12,2025-08-12T06:35:00,2025-08-12T07:35:00,10748.0,11232.0,0.9569088319088319,-0.044047156530210504,66.4,56.936680877332236,1.1662077763727763,True
1201525,L405S-004,HARBOR 1,10.97,S,6,2025-08-13,2025-08-13T06:40:00,2025-08-13T07:40:00,10773.0,11232.0,0.9591346153846154,-0.04172384337139979,66.4,54.31175731788202,1.2225713782628418,True
1201525,L405S-004,HARBOR 1,10.97,S,6,2025-08-14,2025-08-14T06:40:00,2025-08-14T07:40:00,10740.0,11232.0,0.9561965811965812,-0.04479175820273663,66.4,54.735802504139954,1.2130999631361543,True
1201525,L405S-004,HARBOR 1,10.97,S,6,2025-08-15,2025-08-15T06:50:00,2025-08-15T07:50:00,10674.0,11232.0,0.9503205128205128,-0.05095596937170226,66.4,57.946154271604,1.1458914027110638,True
1201525,L405S-004,HARBOR 1,10.97,S,6,2025-08-18,2025-08-18T06:45:00,2025-08-18T07:45:00,9968.0,11232.0,0.8874643874643875,-0.11938688523835794,66.4,40.644420464164334,1.6336805702161268,True
1201525,L405S-004,HARBOR 1,10.97,S,6,2025-08-19,2025-08-19T06:25:00,2025-08-19T07:25:00,10310.0,11232.0,0.9179131054131054,-0.08565254925458671,66.4,50.30759045733961,1.3198803480024872,True
1201525,L405S-004,HARBOR 1,10.97,S,6,2025-08-20,2025-08-20T06:30:00,2025-08-20T07:30:00,9875.0,11232.0,0.8791844729344729,-0.1287605364962698,66.4,37.67642657380405,1.762375204822824,True
1201525,L405S-004,HARBOR 1,10.97,S,6,2025-08-21,2025-08-21T06:20:00,2025-08-21T07:20:00,9808.0,11232.0,0.8732193732193733,-0.13556846808959966,66.4,42.49340060621369,1.5625955807897973,True
1201525,L405S-004,HARBOR 1,10.97,S,6,2025-08-22,2025-08-22T06:40:00,2025-08-22T07:40:00,10199.0,11232.0,0.9080306267806267,-0.09647717101507426,66.4,57.30726191439151,1.158666419958987,True
1201525,L405S-004,HARBOR 1,10.97,S,6,2025-08-25,2025-08-25T06:35:00,2025-08-25T07:35:00,10749.0,11232.0,0.9569978632478633,-0.04395412029252881,66.4,57.363755627664254,1.1575253271593315,True
1201525,L405S-004,HARBOR 1,10.97,S,6,2025-08-26,2025-08-26T06:25:00,2025-08-26T07:25:00,10679.0,11232.0,0.9507656695156695,-0.05048765109404713,66.4,57.20474842532879,1.1607428024384039,True
1201525,L405S-004,HARBOR 1,10.97,S,6,2025-08-27,2025-08-27T06:35:00,2025-08-27T07:35:00,9932.0,11232.0,0.8842592592592593,-0.12300497963753508,66.4,34.00512560734294,1.9526468087993722,True
1201525,L405S-004,HARBOR 1,10.97,S,6,2025-08-28,2025-08-28T06:40:00,2025-08-28T07:40:00,10594.0,11232.0,0.9431980056980057,-0.058479044161120354,66.4,53.51740225738442,1.2407179197648373,True
1201525,L405S-004,HARBOR 1,10.97,S,6,2025-08-29,2025-08-29T06:40:00,2025-08-29T07:40:00,10054.0,11232.0,0.8951210826210826,-0.11079628201307185,66.4,54.46780659322892,1.2190687334976036,True
1201525,L405S-004,HARBOR 1,10.97,S,6,2025-09-02,2025-09-02T06:35:00,2025-09-02T07:35:00,10212.0,11232.0,0.9091880341880342,-0.09520334790421792,66.4,54.485692615355376,1.218668549719177,True
1201525,L405S-004,HARBOR 1,10.97,S,6,2025-09-03,2025-09-03T08:35:00,2025-09-03T09:35:00,9827.0,11232.0,0.8749109686609686,-0.13363314790316555,66.4,32.737290691622626,2.0282680269870825,True
1201525,L405S-004,HARBOR 1,10.97,S,6,2025-09-04,2025-09-04T06:30:00,2025-09-04T07:30:00,9858.0,11232.0,0.8776709401709402,-0.1304835390002693,66.4,45.32745189842879,1.4648959343399945,True
1201525,L405S-004,HARBOR 1,10.97,S,6,2025-09-05,2025-09-05T07:05:00,2025-09-05T08:05:00,10755.0,11232.0,0.9575320512820513,-0.04339608456376189,66.4,53.92290353881601,1.2313876969218183,True
1201525,L405S-004,HARBOR 1,10.97,S,6,2025-09-08,2025-09-08T06:35:00,2025-09-08T07:35:00,10028.0,11232.0,0.8928062678062678,-0.11338566698740833,66.4,40.18434648932606,1.6523847169603085,True
1201525,L405S-004,HARBOR 1,10.97,S,6,2025-09-09,2025-09-09T06:40:00,2025-09-09T07:40:00,10343.0,11232.0,0.9208511396011396,-0.0824568848877887,66.4,48.556536339884,1.367478098833411,True
1201525,L405S-004,HARBOR 1,10.97,S,6,2025-09-10,2025-09-10T06:30:00,2025-09-10T07:30:00,10365.0,11232.0,0.9228098290598291,-0.08033210139571234,66.4,50.176373871370494,1.3233319763245455,True
1201525,L405S-004,HARBOR 1,10.97,S,6,2025-09-11,2025-09-11T06:25:00,2025-09-11T07:25:00,10007.0,11232.0,0.8909366096866097,-0.11548199917513625,66.4,49.08414603306864,1.3527789595293243,True
1201525,L405S-004,HARBOR 1,10.97,S,6,2025-09-12,2025-09-12T06:45:00,2025-09-12T07:45:00,10523.0,11232.0,0.9368767806267806,-0.06520350952478021,66.4,57.092624007483224,1.1630223895699179,True
1201525,L405S-004,HARBOR 1,10.97,S,6,2025-09-15,2025-09-15T06:40:00,2025-09-15T07:40:00,10698.0,11232.0,0.9524572649572649,-0.04871003917439701,66.4,51.767667547180025,1.2826538869939303,True
1201525,L405S-004,HARBOR 1,10.97,S,6,2025-09-16,2025-09-16T06:25:00,2025-09-16T07:25:00,10095.0,11232.0,0.8987713675213675,-0.10672659551865446,66.4,49.96688906397967,1.3288800092192792,True
1201525,L405S-004,HARBOR 1,10.97,S,6,2025-09-17,2025-09-17T06:35:00,2025-09-17T07:35:00,9872.0,11232.0,0.8789173789173789,-0.12906438012042337,66.4,37.221895551374026,1.7838962529018458,True
1201525,L405S-004,HARBOR 1,10.97,S,6,2025-09-18,2025-09-18T06:30:00,2025-09-18T07:30:00,10078.0,11232.0,0.8972578347578347,-0.108412017025049,66.4,49.47179788472405,1.342178833983777,True
1201525,L405S-004,HARBOR 1,10.97,S,6,2025-09-19,2025-09-19T06:35:00,2025-09-19T07:35:00,9749.0,11232.0,0.8679665242165242,-0.14160213163632085,66.4,45.588710046129336,1.4565009611549127,True
1201525,L405S-004,HARBOR 1,10.97,S,6,2025-09-22,2025-09-22T06:30:00,2025-09-22T07:30:00,10353.0,11232.0,0.9217414529914529,-0.08149051449947932,66.4,53.28686958198024,1.246085583951326,True
1201525,L405S-004,HARBOR 1,10.97,S,6,2025-09-23,2025-09-23T06:20:00,2025-09-23T07:20:00,9413.0,11232.0,0.8380519943019943,-0.17667513471837215,66.4,39.0408378250757,1.7007831721621425,True
1201525,L405S-004,HARBOR 1,10.97,S,6,2025-09-24,2025-09-24T06:20:00,2025-09-24T07:20:00,9624.0,11232.0,0.8568376068376068,-0.1545068686110776,66.4,49.62309988787661,1.3380864990303063,True
1201525,L405S-004,HARBOR 1,10.97,S,6,2025-09-25,2025-09-25T07:05:00,2025-09-25T08:05:00,9796.0,11232.0,0.8721509971509972,-0.13679270819353395,66.4,33.16038917688985,2.002389044525313,True
1201525,L405S-004,HARBOR 1,10.97,S,6,2025-09-26,2025-09-26T06:55:00,2025-09-26T07:55:00,10472.0,11232.0,0.9323361823361823,-0.07006181867585652,66.4,55.41496897380822,1.1982321966359637,True
1201525,L405S-004,HARBOR 1,10.97,S,6,2025-09-29,2025-09-29T06:25:00,2025-09-29T07:25:00,9886.0,11232.0,0.8801638176638177,-0.12764723239868772,66.4,48.36821269316791,1.3728024316552658,True
1201525,L405S-004,HARBOR 1,10.97,S,6,2025-09-30,2025-09-30T06:25:00,2025-09-30T07:25:00,10178.0,11232.0,0.9061609686609686,-0.09853831911681442,66.4,52.19612320724038,1.2721251296071225,True
1201525,L405S-004,HARBOR 1,10.97,S,6,2025-10-01,2025-10-01T06:30:00,2025-10-01T07:30:00,10718.0,11232.0,0.9542378917378918,-0.04684227621079678,66.4,58.21179889014438,1.1406622242564288,True
1201525,L405S-004,HARBOR 1,10.97,S,6,2025-10-02,2025-10-02T06:30:00,2025-10-02T07:30:00,9608.0,11232.0,0.8554131054131054,-0.15617076250577286,66.4,39.228894770582734,1.6926298940696272,True
1201525,L405S-004,HARBOR 1,10.97,S,6,2025-10-03,2025-10-03T07:20:00,2025-10-03T08:20:00,10132.0,11232.0,0.9020655270655271,-0.10306811514402646,66.4,44.00985201807335,1.5087530849395216,True
1201525,L405S-004,HARBOR 1,10.97,S,6,2025-10-06,2025-10-06T06:35:00,2025-10-06T07:35:00,10419.0,11232.0,0.9276175213675214,-0.0751357848534086,66.4,56.3755620998567,1.1778153073203466,True
1201525,L405S-004,HARBOR 1,10.97,S,6,2025-10-08,2025-10-08T06:25:00,2025-10-08T07:25:00,10464.0,11232.0,0.9316239316239316,-0.0708260525686124,66.4,59.46828386843557,1.1165615632510901,True
1201525,L405S-004,HARBOR 1,10.97,S,6,2025-10-09,2025-10-09T06:30:00,2025-10-09T07:30:00,10377.0,11232.0,0.9238782051282052,-0.0791750286603139,66.4,53.85643697444073,1.2329074058781908,True
1201525,L405S-004,HARBOR 1,10.97,S,6,2025-10-10,2025-10-10T06:40:00,2025-10-10T07:40:00,10277.0,11232.0,0.9149750712250713,-0.08885845864051922,66.4,57.03930518023914,1.164109552004217,True
1201525,L405S-004,HARBOR 1,10.97,S,6,2025-10-14,2025-10-14T06:35:00,2025-10-14T07:35:00,9675.0,11232.0,0.8613782051282052,-0.14922160836760975,66.4,53.956987638478225,1.2306098413961184,True
1201525,L405S-004,HARBOR 1,10.97,S,6,2025-10-15,2025-10-15T06:25:00,2025-10-15T07:25:00,10084.0,11232.0,0.8977920227920227,-0.10781683795778196,66.4,49.697436419779926,1.3360850133020612,True
1201525,L405S-004,HARBOR 1,10.97,S,6,2025-10-16,2025-10-16T06:25:00,2025-10-16T07:25:00,9884.0,11232.0,0.8799857549857549,-0.12784955915709173,66.4,47.82705155380696,1.3883356352272287,True
1201525,L405S-004,HARBOR 1,10.97,S,6,2025-10-17,2025-10-17T06:40:00,2025-10-17T07:40:00,9694.0,11232.0,0.8630698005698005,-0.1472597098602711,66.4,55.350495791932445,1.1996279175096038,True
1201525,L405S-004,HARBOR 1,10.97,S,6,2025-10-20,2025-10-20T06:35:00,2025-10-20T07:35:00,9894.0,11232.0,0.8808760683760684,-0.1268383344779385,66.4,52.33700625442812,1.2687007674303505,True
1201525,L405S-004,HARBOR 1,10.97,S,6,2025-10-21,2025-10-21T06:25:00,2025-10-21T07:25:00,10186.0,11232.0,0.9068732193732194,-0.09775261882104239,66.4,43.12281792916883,1.539788056269073,True
1201525,L405S-004,HARBOR 1,10.97,S,6,2025-10-22,2025-10-22T06:30:00,2025-10-22T07:30:00,10244.0,11232.0,0.9120370370370371,-0.09207467894617644,66.4,49.334082534116476,1.3459255060450708,True
1201525,L405S-004,HARBOR 1,10.97,S,6,2025-10-23,2025-10-23T09:00:00,2025-10-23T10:00:00,9487.0,11232.0,0.8446403133903134,-0.16884440687271549,66.4,38.10784429205041,1.7424234100235252,True
1201558,L405S-117,HARBOR 2,11.27,S,5,2025-06-02,2025-06-02T06:25:00,2025-06-02T07:25:00,8832.0,9360.0,0.9435897435897436,-0.058063800954761206,67.1,57.585403358685255,1.1652258399936988,True
1201558,L405S-117,HARBOR 2,11.27,S,5,2025-06-03,2025-06-03T06:15:00,2025-06-03T07:15:00,8612.0,9360.0,0.92008547008547,-0.08328871098738413,67.1,49.19351742202449,1.3640008585756986,True
1201558,L405S-117,HARBOR 2,11.27,S,5,2025-06-04,2025-06-04T06:15:00,2025-06-04T07:15:00,8984.0,9360.0,0.9598290598290599,-0.041000073053358586,67.1,57.18709575013471,1.1733416275094182,True
1201558,L405S-117,HARBOR 2,11.27,S,5,2025-06-05,2025-06-05T06:30:00,2025-06-05T07:30:00,8566.0,9360.0,0.9151709401709401,-0.08864441129632147,67.1,48.80495124443735,1.3748605067533566,True
1201558,L405S-117,HARBOR 2,11.27,S,5,2025-06-06,2025-06-06T06:45:00,2025-06-06T07:45:00,9142.0,9360.0,0.9767094017094017,-0.023566110579948084,67.1,60.20344329336266,1.114554190414515,True
1201558,L405S-117,HARBOR 2,11.27,S,5,2025-06-09,2025-06-09T06:40:00,2025-06-09T07:40:00,8734.0,9360.0,0.9331196581196581,-0.06922183542613145,67.1,55.59946839255111,1.2068460713734028,True
1201558,L405S-117,HARBOR 2,11.27,S,5,2025-06-10,2025-06-10T06:40:00,2025-06-10T07:40:00,8929.0,9360.0,0.9539529914529915,-0.04714088395442125,67.1,55.88197207747685,1.2007450257297658,True
1201558,L405S-117,HARBOR 2,11.27,S,5,2025-06-11,2025-06-11T06:40:00,2025-06-11T07:40:00,9123.0,9360.0,0.9746794871794872,-0.025646593126163415,67.1,58.2171082756102,1.152582153038873,True
1201558,L405S-117,HARBOR 2,11.27,S,5,2025-06-12,2025-06-12T06:35:00,2025-06-12T07:35:00,9028.0,9360.0,0.9645299145299145,-0.03611443153421141,67.1,57.20111483771048,1.1730540600541506,True
1201558,L405S-117,HARBOR 2,11.27,S,5,2025-06-13,2025-06-13T06:40:00,2025-06-13T07:40:00,8805.0,9360.0,0.9407051282051282,-0.06112554854133123,67.1,60.372594629742856,1.1114314435467851,True
1201558,L405S-117,HARBOR 2,11.27,S,5,2025-06-16,2025-06-16T06:30:00,2025-06-16T07:30:00,9293.0,9360.0,0.9928418803418804,-0.007183861914298391,67.1,58.21150831243926,1.1526930317602053,True
1201558,L405S-117,HARBOR 2,11.27,S,5,2025-06-17,2025-06-17T06:20:00,2025-06-17T07:20:00,8810.0,9360.0,0.9412393162393162,-0.06055785054141255,67.1,57.280906712206196,1.1714200045248482,True
1201558,L405S-117,HARBOR 2,11.27,S,5,2025-06-18,2025-06-18T06:25:00,2025-06-18T07:25:00,8954.0,9360.0,0.9566239316239317,-0.04434493067072685,67.1,60.82275031547172,1.1032056204622418,True
1201558,L405S-117,HARBOR 2,11.27,S,5,2025-06-20,2025-06-20T06:55:00,2025-06-20T07:55:00,8854.0,9360.0,0.9459401709401709,-0.055575956179551425,67.1,60.13425265972872,1.1158365994782897,True
1201558,L405S-117,HARBOR 2,11.27,S,5,2025-06-23,2025-06-23T06:40:00,2025-06-23T07:40:00,9252.0,9360.0,0.9884615384615385,-0.01160554612030789,67.1,59.237553640909596,1.1327273980075465,True
1201558,L405S-117,HARBOR 2,11.27,S,5,2025-06-24,2025-06-24T06:30:00,2025-06-24T07:30:00,9345.0,9360.0,0.9983974358974359,-0.001603849581974516,67.1,58.288992929404706,1.1511607359774858,True
1201558,L405S-117,HARBOR 2,11.27,S,5,2025-06-25,2025-06-25T06:30:00,2025-06-25T07:30:00,9168.0,9360.0,0.9794871794871794,-0.02072613051711697,67.1,59.170811094812734,1.1340050737597946,True
1201558,L405S-117,HARBOR 2,11.27,S,5,2025-06-26,2025-06-26T06:25:00,2025-06-26T07:25:00,8996.0,9360.0,0.9611111111111111,-0.0396652563924314,67.1,57.84081148673716,1.1600805430502295,True
1201558,L405S-117,HARBOR 2,11.27,S,5,2025-06-27,2025-06-27T06:35:00,2025-06-27T07:35:00,9099.0,9360.0,0.9721153846153846,-0.028280773114946946,67.1,60.23467015820874,1.113976383098956,True
1201558,L405S-117,HARBOR 2,11.27,S,5,2025-06-30,2025-06-30T06:30:00,2025-06-30T07:30:00,8787.0,9360.0,0.9387820512820513,-0.06317193397579457,67.1,59.59944426454263,1.1258494240678625,True
1201558,L405S-117,HARBOR 2,11.27,S,5,2025-07-01,2025-07-01T06:15:00,2025-07-01T07:15:00,8636.0,9360.0,0.9226495726495727,-0.0805057778369397,67.1,58.042611834729655,1.1560472190855284,True
1201558,L405S-117,HARBOR 2,11.27,S,5,2025-07-02,2025-07-02T06:30:00,2025-07-02T07:30:00,9199.0,9360.0,0.9827991452991452,-0.017350507994480523,67.1,58.69320003699068,1.1432329461966808,True
1201558,L405S-117,HARBOR 2,11.27,S,5,2025-07-03,2025-07-03T06:40:00,2025-07-03T07:40:00,9124.0,9360.0,0.9747863247863248,-0.025536986067359102,67.1,59.66416833876648,1.1246280953589045,True
1201558,L405S-117,HARBOR 2,11.27,S,5,2025-07-07,2025-07-07T06:35:00,2025-07-07T07:35:00,9246.0,9360.0,0.9878205128205129,-0.012254264923466936,67.1,59.37208556594444,1.1301607373295348,True
1201558,L405S-117,HARBOR 2,11.27,S,5,2025-07-08,2025-07-08T06:20:00,2025-07-08T07:20:00,8434.0,9360.0,0.9010683760683761,-0.10417413516513255,67.1,50.59561355094411,1.3262019232643125,True
1201558,L405S-117,HARBOR 2,11.27,S,5,2025-07-09,2025-07-09T06:15:00,2025-07-09T07:15:00,8734.0,9360.0,0.9331196581196581,-0.06922183542613145,67.1,57.68219621740537,1.1632705479364678,True
1201558,L405S-117,HARBOR 2,11.27,S,5,2025-07-10,2025-07-10T06:25:00,2025-07-10T07:25:00,8415.0,9360.0,0.8990384615384616,-0.10642946284673133,67.1,48.43625243445634,1.3853260033029873,True
1201558,L405S-117,HARBOR 2,11.27,S,5,2025-07-11,2025-07-11T06:40:00,2025-07-11T07:40:00,9051.0,9360.0,0.9669871794871795,-0.03357004164446694,67.1,60.22608985559962,1.1141350893089943,True
1201558,L405S-117,HARBOR 2,11.27,S,5,2025-07-14,2025-07-14T06:40:00,2025-07-14T07:40:00,8591.0,9360.0,0.9178418803418803,-0.08573014683358127,67.1,55.484503808153846,1.2093466714960361,True
1201558,L405S-117,HARBOR 2,11.27,S,5,2025-07-15,2025-07-15T06:25:00,2025-07-15T07:25:00,9091.0,9360.0,0.9712606837606838,-0.02916037734977953,67.1,58.25665901385023,1.1517996592294677,True
1201558,L405S-117,HARBOR 2,11.27,S,5,2025-07-16,2025-07-16T06:30:00,2025-07-16T07:30:00,8921.0,9360.0,0.9530982905982905,-0.048037242557854326,67.1,57.500730836391874,1.1669416896790605,True
1201558,L405S-117,HARBOR 2,11.27,S,5,2025-07-17,2025-07-17T06:25:00,2025-07-17T07:25:00,8746.0,9360.0,0.9344017094017094,-0.06784883749877181,67.1,59.709813621936036,1.1237683712238045,True
1201558,L405S-117,HARBOR 2,11.27,S,5,2025-07-18,2025-07-18T08:05:00,2025-07-18T09:05:00,8642.0,9360.0,0.9232905982905983,-0.0798112529797592,67.1,54.344582540868586,1.2347136892539194,True
1201558,L405S-117,HARBOR 2,11.27,S,5,2025-07-21,2025-07-21T06:30:00,2025-07-21T07:30:00,8693.0,9360.0,0.9287393162393163,-0.07392718639257337,67.1,57.74247699181847,1.1620561412616122,True
1201558,L405S-117,HARBOR 2,11.27,S,5,2025-07-22,2025-07-22T06:20:00,2025-07-22T07:20:00,8579.0,9360.0,0.916559829059829,-0.08712793389867254,67.1,54.620276670919814,1.2284815107083569,True
1201558,L405S-117,HARBOR 2,11.27,S,5,2025-07-23,2025-07-23T06:30:00,2025-07-23T07:30:00,9229.0,9360.0,0.9860042735042736,-0.014094590206060959,67.1,58.86570192541566,1.1398827807237804,True
1201558,L405S-117,HARBOR 2,11.27,S,5,2025-07-24,2025-07-24T06:20:00,2025-07-24T07:20:00,8766.0,9360.0,0.9365384615384615,-0.06556468849288324,67.1,54.97369262500724,1.220583824661554,True
1201558,L405S-117,HARBOR 2,11.27,S,5,2025-07-25,2025-07-25T06:45:00,2025-07-25T07:45:00,8875.0,9360.0,0.9481837606837606,-0.053206955128021226,67.1,56.30631961387562,1.1916957183517367,True
1201558,L405S-117,HARBOR 2,11.27,S,5,2025-07-28,2025-07-28T06:35:00,2025-07-28T07:35:00,8948.0,9360.0,0.955982905982906,-0.04501524686161746,67.1,58.88498643603211,1.139509475354843,True
1201558,L405S-117,HARBOR 2,11.27,S,5,2025-07-29,2025-07-29T06:25:00,2025-07-29T07:25:00,8926.0,9360.0,0.9536324786324787,-0.04747692428242246,67.1,60.107769337954494,1.116328234087874,True
1201558,L405S-117,HARBOR 2,11.27,S,5,2025-07-30,2025-07-30T06:30:00,2025-07-30T07:30:00,8979.0,9360.0,0.9592948717948718,-0.041556772950829074,67.1,58.306085180997094,1.1508232767078141,True
1201558,L405S-117,HARBOR 2,11.27,S,5,2025-07-31,2025-07-31T06:20:00,2025-07-31T07:20:00,8376.0,9360.0,0.8948717948717949,-0.1110748169212649,67.1,46.023999366457,1.457935010508963,True
1201558,L405S-117,HARBOR 2,11.27,S,5,2025-08-01,2025-08-01T06:45:00,2025-08-01T07:45:00,9023.0,9360.0,0.9639957264957265,-0.03666841747713702,67.1,59.54198384616897,1.1269359142173985,True
1201558,L405S-117,HARBOR 2,11.27,S,5,2025-08-04,2025-08-04T06:40:00,2025-08-04T07:40:00,9220.0,9360.0,0.9850427350427351,-0.015070252920998166,67.1,57.6594511746981,1.1637294256703672,True
1201558,L405S-117,HARBOR 2,11.27,S,5,2025-08-05,2025-08-05T06:25:00,2025-08-05T07:25:00,9142.0,9360.0,0.9767094017094017,-0.023566110579948084,67.1,59.86402301617144,1.1208735500765437,True
1201558,L405S-117,HARBOR 2,11.27,S,5,2025-08-06,2025-08-06T06:35:00,2025-08-06T07:35:00,9198.0,9360.0,0.9826923076923076,-0.017459221371768655,67.1,57.68366672349513,1.1632408931568405,True
1201558,L405S-117,HARBOR 2,11.27,S,5,2025-08-07,2025-08-07T06:30:00,2025-08-07T07:30:00,8612.0,9360.0,0.92008547008547,-0.08328871098738413,67.1,50.2114501250831,1.3363485785183533,True
1201558,L405S-117,HARBOR 2,11.27,S,5,2025-08-08,2025-08-08T06:50:00,2025-08-08T07:50:00,8940.0,9360.0,0.9551282051282052,-0.04590970130407786,67.1,59.916095807052436,1.119899404261617,True
1201558,L405S-117,HARBOR 2,11.27,S,5,2025-08-11,2025-08-11T06:35:00,2025-08-11T07:35:00,9078.0,9360.0,0.9698717948717949,-0.030591386455226816,67.1,59.41212210658292,1.1293991465180344,True
1201558,L405S-117,HARBOR 2,11.27,S,5,2025-08-12,2025-08-12T06:30:00,2025-08-12T07:30:00,9089.0,9360.0,0.9710470085470085,-0.02938039935286735,67.1,58.595533834223495,1.1451384706185466,True
1201558,L405S-117,HARBOR 2,11.27,S,5,2025-08-13,2025-08-13T06:30:00,2025-08-13T07:30:00,9030.0,9360.0,0.9647435897435898,-0.03589292306060661,67.1,58.19574739410524,1.1530052109408373,True
1201558,L405S-117,HARBOR 2,11.27,S,5,2025-08-14,2025-08-14T06:40:00,2025-08-14T07:40:00,9045.0,9360.0,0.9663461538461539,-0.03423317164224221,67.1,55.1108259585421,1.2175466223365428,True
1201558,L405S-117,HARBOR 2,11.27,S,5,2025-08-15,2025-08-15T06:40:00,2025-08-15T07:40:00,9062.0,9360.0,0.9681623931623932,-0.03235544424455422,67.1,59.91340612484168,1.119949679712477,True
1201558,L405S-117,HARBOR 2,11.27,S,5,2025-08-18,2025-08-18T06:50:00,2025-08-18T07:50:00,8185.0,9360.0,0.874465811965812,-0.13414207966640246,67.1,37.77731241596974,1.776198350511419,True
1201558,L405S-117,HARBOR 2,11.27,S,5,2025-08-19,2025-08-19T06:20:00,2025-08-19T07:20:00,8709.0,9360.0,0.930448717948718,-0.07208831677889813,67.1,52.05083154155198,1.2891244580105186,True
1201558,L405S-117,HARBOR 2,11.27,S,5,2025-08-20,2025-08-20T06:20:00,2025-08-20T07:20:00,8336.0,9360.0,0.8905982905982905,-0.11586180547848964,67.1,44.602473522489014,1.5044008706415688,True
1201558,L405S-117,HARBOR 2,11.27,S,5,2025-08-21,2025-08-21T06:20:00,2025-08-21T07:20:00,8255.0,9360.0,0.8819444444444444,-0.12562621311740937,67.1,43.72356423004225,1.5346415870162733,True
1201558,L405S-117,HARBOR 2,11.27,S,5,2025-08-22,2025-08-22T06:40:00,2025-08-22T07:40:00,8579.0,9360.0,0.916559829059829,-0.08712793389867254,67.1,58.613506467958175,1.1447873373124515,True
1201558,L405S-117,HARBOR 2,11.27,S,5,2025-08-25,2025-08-25T06:35:00,2025-08-25T07:35:00,9120.0,9360.0,0.9743589743589743,-0.025975486403260677,67.1,58.11020554967555,1.1547025064752097,True
1201558,L405S-117,HARBOR 2,11.27,S,5,2025-08-26,2025-08-26T06:25:00,2025-08-26T07:25:00,9057.0,9360.0,0.9676282051282051,-0.032907351096689234,67.1,56.99677957901075,1.1772594959858012,True
1201558,L405S-117,HARBOR 2,11.27,S,5,2025-08-27,2025-08-27T06:30:00,2025-08-27T07:30:00,8360.0,9360.0,0.8931623931623932,-0.11298686339289037,67.1,36.4028628135145,1.8432616232339076,True
1201558,L405S-117,HARBOR 2,11.27,S,5,2025-08-28,2025-08-28T06:40:00,2025-08-28T07:40:00,8872.0,9360.0,0.9478632478632478,-0.05354504044143481,67.1,53.108880631960886,1.263442181449768,True
1201558,L405S-117,HARBOR 2,11.27,S,5,2025-08-29,2025-08-29T06:40:00,2025-08-29T07:40:00,8471.0,9360.0,0.9050213675213675,-0.0997967250400868,67.1,55.68782922874847,1.2049311479600657,True
1201558,L405S-117,HARBOR 2,11.27,S,5,2025-09-02,2025-09-02T06:35:00,2025-09-02T07:35:00,8612.0,9360.0,0.92008547008547,-0.08328871098738413,67.1,55.81289090897592,1.2022312212680755,True
1201558,L405S-117,HARBOR 2,11.27,S,5,2025-09-03,2025-09-03T08:40:00,2025-09-03T09:40:00,8211.0,9360.0,0.8772435897435897,-0.130970571762849,67.1,38.33145102941962,1.7505207394444928,True
1201558,L405S-117,HARBOR 2,11.27,S,5,2025-09-04,2025-09-04T06:30:00,2025-09-04T07:30:00,8247.0,9360.0,0.8810897435897436,-0.12659579263828236,67.1,45.08290673100417,1.4883689820704118,True
1201558,L405S-117,HARBOR 2,11.27,S,5,2025-09-05,2025-09-05T07:10:00,2025-09-05T08:10:00,9018.0,9360.0,0.9634615384615385,-0.03722271049060822,67.1,54.08827560148734,1.2405646002542343,True
1201558,L405S-117,HARBOR 2,11.27,S,5,2025-09-08,2025-09-08T06:35:00,2025-09-08T07:35:00,8298.0,9360.0,0.8865384615384615,-0.12043076857882457,67.1,39.002686447931865,1.7203943141090479,True
1201558,L405S-117,HARBOR 2,11.27,S,5,2025-09-09,2025-09-09T06:30:00,2025-09-09T07:30:00,8635.0,9360.0,0.9225427350427351,-0.08062157889085869,67.1,53.18049098371898,1.261740889540535,True
1201558,L405S-117,HARBOR 2,11.27,S,5,2025-09-10,2025-09-10T06:25:00,2025-09-10T07:25:00,8762.0,9360.0,0.9361111111111111,-0.06602110109779395,67.1,53.28229721544382,1.259330087227379,True
1201558,L405S-117,HARBOR 2,11.27,S,5,2025-09-11,2025-09-11T06:25:00,2025-09-11T07:25:00,8388.0,9360.0,0.8961538461538462,-0.10964317744982713,67.1,47.236629832101904,1.4205077762427283,True
1201558,L405S-117,HARBOR 2,11.27,S,5,2025-09-12,2025-09-12T06:45:00,2025-09-12T07:45:00,8903.0,9360.0,0.9511752136752136,-0.0500569918979666,67.1,57.545575325610486,1.1660323077895676,True
1201558,L405S-117,HARBOR 2,11.27,S,5,2025-09-15,2025-09-15T06:35:00,2025-09-15T07:35:00,9029.0,9360.0,0.9646367521367522,-0.036003671164158535,67.1,55.414107986701566,1.2108829761565925,True
1201558,L405S-117,HARBOR 2,11.27,S,5,2025-09-16,2025-09-16T06:25:00,2025-09-16T07:25:00,8496.0,9360.0,0.9076923076923077,-0.09684982598991766,67.1,51.292146398752394,1.308192476063589,True
1201558,L405S-117,HARBOR 2,11.27,S,5,2025-09-17,2025-09-17T06:15:00,2025-09-17T07:15:00,8301.0,9360.0,0.8868589743589743,-0.12006930101660218,67.1,49.68182485376601,1.3505945121279828,True
1201558,L405S-117,HARBOR 2,11.27,S,5,2025-09-18,2025-09-18T06:20:00,2025-09-18T07:20:00,8558.0,9360.0,0.9143162393162393,-0.08957877249487561,67.1,57.09620518333631,1.1752094519161376,True
1201558,L405S-117,HARBOR 2,11.27,S,5,2025-09-19,2025-09-19T06:30:00,2025-09-19T07:30:00,8240.0,9360.0,0.8803418803418803,-0.12744494656812036,67.1,51.572634521486066,1.3010776087470373,True
1201558,L405S-117,HARBOR 2,11.27,S,5,2025-09-22,2025-09-22T06:30:00,2025-09-22T07:30:00,8731.0,9360.0,0.9327991452991453,-0.06956537966083007,67.1,55.094018239448005,1.2179180634161035,True
1201558,L405S-117,HARBOR 2,11.27,S,5,2025-09-23,2025-09-23T06:20:00,2025-09-23T07:20:00,7916.0,9360.0,0.8457264957264957,-0.1675592627491814,67.1,38.89487094285735,1.7251631995020729,True
1201558,L405S-117,HARBOR 2,11.27,S,5,2025-09-24,2025-09-24T06:20:00,2025-09-24T07:20:00,8152.0,9360.0,0.870940170940171,-0.13818199456907698,67.1,51.01120998772421,1.3153971453754485,True
1201558,L405S-117,HARBOR 2,11.27,S,5,2025-09-25,2025-09-25T06:25:00,2025-09-25T07:25:00,8168.0,9360.0,0.8726495726495727,-0.13622120962713624,67.1,59.24248942436263,1.1326330249114427,True
1201558,L405S-117,HARBOR 2,11.27,S,5,2025-09-26,2025-09-26T06:50:00,2025-09-26T07:50:00,8795.0,9360.0,0.9396367521367521,-0.0622619122999792,67.1,56.95238080387734,1.1781772605971865,True
1201558,L405S-117,HARBOR 2,11.27,S,5,2025-09-29,2025-09-29T06:25:00,2025-09-29T07:25:00,8355.0,9360.0,0.8926282051282052,-0.11358512844214359,67.1,49.71486008140521,1.3496970501400913,True
1201558,L405S-117,HARBOR 2,11.27,S,5,2025-09-30,2025-09-30T06:20:00,2025-09-30T07:20:00,8622.0,9360.0,0.9211538461538461,-0.08212821416455786,67.1,57.16654223338721,1.1737634878467655,True
1201558,L405S-117,HARBOR 2,11.27,S,5,2025-10-01,2025-10-01T06:30:00,2025-10-01T07:30:00,9066.0,9360.0,0.9685897435897436,-0.03191413797084316,67.1,59.48847196815857,1.1279496309119441,True
1201558,L405S-117,HARBOR 2,11.27,S,5,2025-10-02,2025-10-02T06:25:00,2025-10-02T07:25:00,8059.0,9360.0,0.8610042735042736,-0.14965581114712637,67.1,39.61724320123419,1.6937069462195602,True
1201558,L405S-117,HARBOR 2,11.27,S,5,2025-10-03,2025-10-03T07:05:00,2025-10-03T08:05:00,8466.0,9360.0,0.9044871794871795,-0.10038714839076872,67.1,43.62546164582969,1.5380926062111786,True
1201558,L405S-117,HARBOR 2,11.27,S,5,2025-10-06,2025-10-06T06:35:00,2025-10-06T07:35:00,8769.0,9360.0,0.9368589743589744,-0.0652225156922821,67.1,56.78752066049316,1.1815976330637936,True
1201558,L405S-117,HARBOR 2,11.27,S,5,2025-10-08,2025-10-08T06:25:00,2025-10-08T07:25:00,8826.0,9360.0,0.9429487179487179,-0.05874337964214523,67.1,60.402160950982,1.1108874077279036,True
1201558,L405S-117,HARBOR 2,11.27,S,5,2025-10-09,2025-10-09T06:25:00,2025-10-09T07:25:00,8764.0,9360.0,0.9363247863247863,-0.06579286875628058,67.1,53.82701084599889,1.2465860345092472,True
1201558,L405S-117,HARBOR 2,11.27,S,5,2025-10-10,2025-10-10T06:35:00,2025-10-10T07:35:00,8687.0,9360.0,0.9280982905982906,-0.07461763521171719,67.1,58.87196900659648,1.139761437102292,True
1201558,L405S-117,HARBOR 2,11.27,S,5,2025-10-14,2025-10-14T06:35:00,2025-10-14T07:35:00,8132.0,9360.0,0.8688034188034188,-0.14063839472340045,67.1,54.38615977133024,1.233769773084289,True
1201558,L405S-117,HARBOR 2,11.27,S,5,2025-10-15,2025-10-15T06:25:00,2025-10-15T07:25:00,8537.0,9360.0,0.9120726495726496,-0.09203563246133135,67.1,51.397510986742645,1.3055106893660202,True
1201558,L405S-117,HARBOR 2,11.27,S,5,2025-10-16,2025-10-16T06:20:00,2025-10-16T07:20:00,8356.0,9360.0,0.8927350427350428,-0.11346544679518127,67.1,53.662068758601045,1.2504176889238006,True
1201558,L405S-117,HARBOR 2,11.27,S,5,2025-10-17,2025-10-17T06:35:00,2025-10-17T07:35:00,8181.0,9360.0,0.8740384615384615,-0.1346308979579395,67.1,57.83465375893202,1.1602040582742665,True
1201558,L405S-117,HARBOR 2,11.27,S,5,2025-10-20,2025-10-20T06:35:00,2025-10-20T07:35:00,8266.0,9360.0,0.8831196581196581,-0.1242945743999601,67.1,51.90521226670971,1.292741076853966,True
1201558,L405S-117,HARBOR 2,11.27,S,5,2025-10-21,2025-10-21T06:20:00,2025-10-21T07:20:00,8579.0,9360.0,0.916559829059829,-0.08712793389867254,67.1,46.994198257438114,1.4278358284233434,True
1201558,L405S-117,HARBOR 2,11.27,S,5,2025-10-22,2025-10-22T06:25:00,2025-10-22T07:25:00,8628.0,9360.0,0.9217948717948717,-0.08143256196259079,67.1,53.24310854371357,1.2602569954177198,True
1201558,L405S-117,HARBOR 2,11.27,S,5,2025-10-23,2025-10-23T06:10:00,2025-10-23T07:10:00,8004.0,9360.0,0.8551282051282051,-0.15650387376801375,67.1,57.58378140526288,1.1652586607288589,True
1201589,L405S-005,EUCLID,12.27,S,6,2025-06-02,2025-06-02T06:25:00,2025-06-02T07:25:00,9816.0,11232.0,0.8739316239316239,-0.134753139874845,66.4,55.773189768937314,1.190536174729982,True
1201589,L405S-005,EUCLID,12.27,S,6,2025-06-03,2025-06-03T06:15:00,2025-06-03T07:15:00,9743.0,11232.0,0.8674323361823362,-0.14221776884025114,66.4,55.77488911387117,1.1904999015674669,True
1201589,L405S-005,EUCLID,12.27,S,6,2025-06-04,2025-06-04T06:20:00,2025-06-04T07:20:00,10061.0,11232.0,0.895744301994302,-0.11010028397354166,66.4,55.52141879643198,1.1959348561219967,True
1201589,L405S-005,EUCLID,12.27,S,6,2025-06-05,2025-06-05T06:25:00,2025-06-05T07:25:00,9662.0,11232.0,0.8602207977207977,-0.15056618115124037,66.4,55.84192264938733,1.1890708064781956,True
1201589,L405S-005,EUCLID,12.27,S,6,2025-06-06,2025-06-06T06:40:00,2025-06-06T07:40:00,10221.0,11232.0,0.9099893162393162,-0.09432241993651612,66.4,59.996005014175644,1.1067403568672822,True
1201589,L405S-005,EUCLID,12.27,S,6,2025-06-09,2025-06-09T06:45:00,2025-06-09T07:45:00,9766.0,11232.0,0.8694800569800569,-0.13985988164398686,66.4,53.566703536532486,1.239575998077149,True
1201589,L405S-005,EUCLID,12.27,S,6,2025-06-10,2025-06-10T06:40:00,2025-06-10T07:40:00,9914.0,11232.0,0.8826566951566952,-0.12481894768507311,66.4,54.24648875006152,1.22404235794754,True
1201589,L405S-005,EUCLID,12.27,S,6,2025-06-11,2025-06-11T06:45:00,2025-06-11T07:45:00,10106.0,11232.0,0.8997507122507122,-0.10563754041373849,66.4,55.90264632348216,1.1877791905552133,True
1201589,L405S-005,EUCLID,12.27,S,6,2025-06-12,2025-06-12T06:35:00,2025-06-12T07:35:00,10076.0,11232.0,0.8970797720797721,-0.10861048879309156,66.4,57.53585639132414,1.1540629472582682,True
1201589,L405S-005,EUCLID,12.27,S,6,2025-06-13,2025-06-13T06:40:00,2025-06-13T07:40:00,9702.0,11232.0,0.8637820512820513,-0.14643479746043048,66.4,60.40368855649016,1.0992706171892472,True
1201589,L405S-005,EUCLID,12.27,S,6,2025-06-16,2025-06-16T06:30:00,2025-06-16T07:30:00,10249.0,11232.0,0.9124821937321937,-0.0915867074340294,66.4,55.65308363856948,1.1931054967452432,True
1201589,L405S-005,EUCLID,12.27,S,6,2025-06-17,2025-06-17T06:20:00,2025-06-17T07:20:00,9813.0,11232.0,0.8736645299145299,-0.13505881005909876,66.4,58.63893548635777,1.1323534346125337,True
1201589,L405S-005,EUCLID,12.27,S,6,2025-06-18,2025-06-18T06:30:00,2025-06-18T07:30:00,9975.0,11232.0,0.8880876068376068,-0.1186848845075282,66.4,57.81171131264055,1.1485562093278083,True
1201589,L405S-005,EUCLID,12.27,S,6,2025-06-20,2025-06-20T06:50:00,2025-06-20T07:50:00,9872.0,11232.0,0.8789173789173789,-0.12906438012042337,66.4,59.104452567305536,1.1234348194729766,True
1201589,L405S-005,EUCLID,12.27,S,6,2025-06-23,2025-06-23T06:45:00,2025-06-23T07:45:00,10259.0,11232.0,0.9133725071225072,-0.09061147817787955,66.4,57.924443092861665,1.1463209045195435,True
1201589,L405S-005,EUCLID,12.27,S,6,2025-06-24,2025-06-24T06:35:00,2025-06-24T07:35:00,10333.0,11232.0,0.9199608262108262,-0.08342419005123744,66.4,56.3556919958024,1.1782305859174924,True
1201589,L405S-005,EUCLID,12.27,S,6,2025-06-25,2025-06-25T06:35:00,2025-06-25T07:35:00,10336.0,11232.0,0.9202279202279202,-0.08313390024320928,66.4,55.137002807957,1.2042729313973084,True
1201589,L405S-005,EUCLID,12.27,S,6,2025-06-26,2025-06-26T06:30:00,2025-06-26T07:30:00,10166.0,11232.0,0.9050925925925926,-0.09971802825874458,66.4,56.70262273828147,1.1710216704874143,True
1201589,L405S-005,EUCLID,12.27,S,6,2025-06-27,2025-06-27T06:40:00,2025-06-27T07:40:00,10160.0,11232.0,0.9045584045584045,-0.1003084051331195,66.4,59.77800842870428,1.1107763832445774,True
1201589,L405S-005,EUCLID,12.27,S,6,2025-06-30,2025-06-30T06:35:00,2025-06-30T07:35:00,9686.0,11232.0,0.8623575498575499,-0.1480853033024179,66.4,55.92809202710803,1.1872387845416987,True
1201589,L405S-005,EUCLID,12.27,S,6,2025-07-01,2025-07-01T06:15:00,2025-07-01T07:15:00,9736.0,11232.0,0.8668091168091168,-0.1429364915982293,66.4,58.50385303626313,1.1349679816616953,True
1201589,L405S-005,EUCLID,12.27,S,6,2025-07-02,2025-07-02T06:35:00,2025-07-02T07:35:00,10267.0,11232.0,0.9140847578347578,-0.08983197896662759,66.4,56.26936131564696,1.1800382738933983,True
1201589,L405S-005,EUCLID,12.27,S,6,2025-07-03,2025-07-03T06:40:00,2025-07-03T07:40:00,10158.0,11232.0,0.9043803418803419,-0.10050527490440203,66.4,59.14767007407826,1.1226139578590113,True
1201589,L405S-005,EUCLID,12.27,S,6,2025-07-07,2025-07-07T06:40:00,2025-07-07T07:40:00,10298.0,11232.0,0.9168447293447294,-0.08681714565950564,66.4,57.886979969125136,1.1470627770772532,True
1201589,L405S-005,EUCLID,12.27,S,6,2025-07-08,2025-07-08T06:20:00,2025-07-08T07:20:00,9523.0,11232.0,0.8478454415954416,-0.16505692207154632,66.4,54.99852229018849,1.207305164485219,True
1201589,L405S-005,EUCLID,12.27,S,6,2025-07-09,2025-07-09T06:25:00,2025-07-09T07:25:00,9793.0,11232.0,0.8718839031339032,-0.13709900254479782,66.4,54.527921490200946,1.2177247579835324,True
1201589,L405S-005,EUCLID,12.27,S,6,2025-07-10,2025-07-10T06:30:00,2025-07-10T07:30:00,9558.0,11232.0,0.8509615384615384,-0.16138834712748887,66.4,53.20179527220575,1.2480781834572676,True
1201589,L405S-005,EUCLID,12.27,S,6,2025-07-11,2025-07-11T06:40:00,2025-07-11T07:40:00,10136.0,11232.0,0.9024216524216524,-0.10267340426461741,66.4,59.67778623652873,1.112641808408044,True
1201589,L405S-005,EUCLID,12.27,S,6,2025-07-14,2025-07-14T06:40:00,2025-07-14T07:40:00,9594.0,11232.0,0.8541666666666666,-0.15762894420358317,66.4,51.396151689333145,1.291925520053689,True
1201589,L405S-005,EUCLID,12.27,S,6,2025-07-15,2025-07-15T06:30:00,2025-07-15T07:30:00,10113.0,11232.0,0.9003739316239316,-0.10494512236342192,66.4,57.87337955060535,1.147332340285033,True
1201589,L405S-005,EUCLID,12.27,S,6,2025-07-16,2025-07-16T06:30:00,2025-07-16T07:30:00,9969.0,11232.0,0.8875534188034188,-0.11928656924288844,66.4,57.69518036144937,1.1508760278417816,True
1201589,L405S-005,EUCLID,12.27,S,6,2025-07-17,2025-07-17T06:30:00,2025-07-17T07:30:00,9779.0,11232.0,0.8706374643874644,-0.13852961795331725,66.4,56.323774496623614,1.1788982644261603,True
1201589,L405S-005,EUCLID,12.27,S,6,2025-07-18,2025-07-18T06:30:00,2025-07-18T07:30:00,9879.0,11232.0,0.8795405982905983,-0.1283555552211184,66.4,58.62694494488072,1.1325850266021413,True
1201589,L405S-005,EUCLID,12.27,S,6,2025-07-22,2025-07-22T06:15:00,2025-07-22T07:15:00,9592.0,11232.0,0.853988603988604,-0.15783742955824218,66.4,57.74812414681749,1.1498208986180432,True
1201589,L405S-005,EUCLID,12.27,S,6,2025-07-23,2025-07-23T06:30:00,2025-07-23T07:30:00,10218.0,11232.0,0.9097222222222222,-0.09461597637484909,66.4,58.47166425825185,1.13559278399758,True
1201589,L405S-005,EUCLID,12.27,S,6,2025-07-24,2025-07-24T06:25:00,2025-07-24T07:25:00,9780.0,11232.0,0.8707264957264957,-0.13842736323672933,66.4,55.85212455688758,1.188853611689722,True
1201589,L405S-005,EUCLID,12.27,S,6,2025-07-25,2025-07-25T06:50:00,2025-07-25T07:50:00,9859.0,11232.0,0.8777599715099715,-0.13038210369055098,66.4,55.09735678037088,1.205139481820947,True
1201589,L405S-005,EUCLID,12.27,S,6,2025-07-28,2025-07-28T06:40:00,2025-07-28T07:40:00,10046.0,11232.0,0.8944088319088319,-0.11159230195560232,66.4,57.67198129739857,1.151338977892808,True
1201589,L405S-005,EUCLID,12.27,S,6,2025-07-29,2025-07-29T06:30:00,2025-07-29T07:30:00,10020.0,11232.0,0.8920940170940171,-0.11418375162673651,66.4,58.60478333493512,1.1330133177101611,True
1201589,L405S-005,EUCLID,12.27,S,6,2025-07-30,2025-07-30T06:35:00,2025-07-30T07:35:00,10125.0,11232.0,0.9014423076923077,-0.10375923429085245,66.4,56.137308793556066,1.1828140932830393,True
1201589,L405S-005,EUCLID,12.27,S,6,2025-07-31,2025-07-31T06:25:00,2025-07-31T07:25:00,9618.0,11232.0,0.8563034188034188,-0.15513050442798446,66.4,54.035535604377785,1.228820983401532,True
1201589,L405S-005,EUCLID,12.27,S,6,2025-08-01,2025-08-01T06:40:00,2025-08-01T07:40:00,10095.0,11232.0,0.8987713675213675,-0.10672659551865446,66.4,59.06322006872425,1.1242190981585307,True
1201589,L405S-005,EUCLID,12.27,S,6,2025-08-04,2025-08-04T06:40:00,2025-08-04T07:40:00,10317.0,11232.0,0.9185363247863247,-0.08497382716521651,66.4,57.21601472377173,1.1605142427442185,True
1201589,L405S-005,EUCLID,12.27,S,6,2025-08-05,2025-08-05T06:25:00,2025-08-05T07:25:00,10221.0,11232.0,0.9099893162393162,-0.09432241993651612,66.4,59.17259734302771,1.1221410413180706,True
1201589,L405S-005,EUCLID,12.27,S,6,2025-08-06,2025-08-06T06:40:00,2025-08-06T07:40:00,10300.0,11232.0,0.917022792022792,-0.08662295204786521,66.4,53.26464861683907,1.2466054263804593,True
1201589,L405S-005,EUCLID,12.27,S,6,2025-08-07,2025-08-07T06:35:00,2025-08-07T07:35:00,9792.0,11232.0,0.8717948717948718,-0.137201121513485,66.4,54.96262518986974,1.2080936776694995,True
1201589,L405S-005,EUCLID,12.27,S,6,2025-08-08,2025-08-08T06:50:00,2025-08-08T07:50:00,10110.0,11232.0,0.9001068376068376,-0.10524181425107523,66.4,57.84900799842473,1.1478157067413866,True
1201589,L405S-005,EUCLID,12.27,S,6,2025-08-11,2025-08-11T06:40:00,2025-08-11T07:40:00,10213.0,11232.0,0.9092770655270656,-0.09510542868749337,66.4,55.31301690542737,1.2004407590627149,True
1201589,L405S-005,EUCLID,12.27,S,6,2025-08-12,2025-08-12T06:40:00,2025-08-12T07:40:00,10200.0,11232.0,0.9081196581196581,-0.09637912699322991,66.4,56.78398064058794,1.1693438757010766,True
1201589,L405S-005,EUCLID,12.27,S,6,2025-08-13,2025-08-13T06:35:00,2025-08-13T07:35:00,10211.0,11232.0,0.9090990028490028,-0.09530127671005444,66.4,57.03295734071768,1.164239118854089,True
1201589,L405S-005,EUCLID,12.27,S,6,2025-08-14,2025-08-14T06:35:00,2025-08-14T07:35:00,10070.0,11232.0,0.896545584045584,-0.10920614055298439,66.4,55.857951219258865,1.1887295998265404,True
1201589,L405S-005,EUCLID,12.27,S,6,2025-08-15,2025-08-15T06:45:00,2025-08-15T07:45:00,10272.0,11232.0,0.9145299145299145,-0.08934510033584998,66.4,58.57197206849448,1.1336480172180539,True
1201589,L405S-005,EUCLID,12.27,S,6,2025-08-18,2025-08-18T06:30:00,2025-08-18T07:30:00,9200.0,11232.0,0.8190883190883191,-0.1995633632284606,66.4,44.777797145382564,1.4828777705257683,True
1201589,L405S-005,EUCLID,12.27,S,6,2025-08-19,2025-08-19T06:25:00,2025-08-19T07:25:00,9764.0,11232.0,0.8693019943019943,-0.1400646947527417,66.4,53.59742592465737,1.2388654651687823,True
1201589,L405S-005,EUCLID,12.27,S,6,2025-08-20,2025-08-20T06:20:00,2025-08-20T07:20:00,9403.0,11232.0,0.8371616809116809,-0.17773805998851552,66.4,52.37340357552602,1.2678190735541308,True
1201589,L405S-005,EUCLID,12.27,S,6,2025-08-21,2025-08-21T06:20:00,2025-08-21T07:20:00,9494.0,11232.0,0.8452635327635327,-0.16810682715432906,66.4,54.468718089179276,1.2190483332338786,True
1201589,L405S-005,EUCLID,12.27,S,6,2025-08-22,2025-08-22T06:40:00,2025-08-22T07:40:00,9720.0,11232.0,0.8653846153846154,-0.14458122881110755,66.4,57.576795244092914,1.1532423733988966,True
1201589,L405S-005,EUCLID,12.27,S,6,2025-08-25,2025-08-25T06:35:00,2025-08-25T07:35:00,10251.0,11232.0,0.9126602564102564,-0.09139158548219085,66.4,57.10014832306898,1.1628691334445063,True
1201589,L405S-005,EUCLID,12.27,S,6,2025-08-26,2025-08-26T06:25:00,2025-08-26T07:25:00,10177.0,11232.0,0.9060719373219374,-0.09863657507366076,66.4,58.63930796173797,1.1323462419325594,True
1201589,L405S-005,EUCLID,12.27,S,6,2025-08-27,2025-08-27T06:30:00,2025-08-27T07:30:00,9425.0,11232.0,0.8391203703703703,-0.17540111394938088,66.4,39.475701644375796,1.682047366711218,True
1201589,L405S-005,EUCLID,12.27,S,6,2025-08-28,2025-08-28T06:45:00,2025-08-28T07:45:00,9973.0,11232.0,0.8879095441595442,-0.11888540586372442,66.4,51.96453944411212,1.27779444810462,True
1201589,L405S-005,EUCLID,12.27,S,6,2025-08-29,2025-08-29T06:40:00,2025-08-29T07:40:00,9600.0,11232.0,0.8547008547008547,-0.1570037488096648,66.4,55.76490862916939,1.1907129704372479,True
1201589,L405S-005,EUCLID,12.27,S,6,2025-09-02,2025-09-02T06:25:00,2025-09-02T07:25:00,9735.0,11232.0,0.8667200854700855,-0.14303920845929227,66.4,60.21751917727215,1.1026691386027956,True
1201589,L405S-005,EUCLID,12.27,S,6,2025-09-03,2025-09-03T08:55:00,2025-09-03T09:55:00,9183.0,11232.0,0.8175747863247863,-0.20141289865207018,66.4,41.13021117152512,1.614385098172543,True
1201589,L405S-005,EUCLID,12.27,S,6,2025-09-04,2025-09-04T06:15:00,2025-09-04T07:15:00,9402.0,11232.0,0.8370726495726496,-0.1778444146815165,66.4,57.57948134710829,1.1531885742373866,True
1201589,L405S-005,EUCLID,12.27,S,6,2025-09-05,2025-09-05T06:45:00,2025-09-05T07:45:00,10066.0,11232.0,0.8961894586894587,-0.1096034389292871,66.4,58.39631622586245,1.1370580250846867,True
1201589,L405S-005,EUCLID,12.27,S,6,2025-09-08,2025-09-08T06:30:00,2025-09-08T07:30:00,9531.0,11232.0,0.8485576923076923,-0.16421720332796655,66.4,46.2815350882858,1.4346974419352467,True
1201589,L405S-005,EUCLID,12.27,S,6,2025-09-09,2025-09-09T06:35:00,2025-09-09T07:35:00,9729.0,11232.0,0.8661858974358975,-0.14365573129016465,66.4,53.336236337492586,1.2449322366851048,True
1201589,L405S-005,EUCLID,12.27,S,6,2025-09-10,2025-09-10T06:20:00,2025-09-10T07:20:00,9771.0,11232.0,0.8699252136752137,-0.13934803232124915,66.4,57.53690877405092,1.1540418387917692,True
1201589,L405S-005,EUCLID,12.27,S,6,2025-09-11,2025-09-11T06:25:00,2025-09-11T07:25:00,9560.0,11232.0,0.8511396011396012,-0.16117912022014533,66.4,52.21802677969862,1.2715915191535938,True
1201589,L405S-005,EUCLID,12.27,S,6,2025-09-12,2025-09-12T06:40:00,2025-09-12T07:40:00,10039.0,11232.0,0.8937856125356125,-0.11228933957406581,66.4,56.93189509793796,1.1663058095251246,True
1201589,L405S-005,EUCLID,12.27,S,6,2025-09-15,2025-09-15T06:40:00,2025-09-15T07:40:00,10223.0,11232.0,0.9101673789173789,-0.09412676350857835,66.4,54.27609963206117,1.2233745691036573,True
1201589,L405S-005,EUCLID,12.27,S,6,2025-09-16,2025-09-16T06:20:00,2025-09-16T07:20:00,9649.0,11232.0,0.8590633903133903,-0.15191256424520858,66.4,52.95875881624099,1.2538058195509854,True
1201589,L405S-005,EUCLID,12.27,S,6,2025-09-17,2025-09-17T06:15:00,2025-09-17T07:15:00,9469.0,11232.0,0.8430377492877493,-0.1707435422820922,66.4,53.119492286522664,1.2500119474381128,True
1201589,L405S-005,EUCLID,12.27,S,6,2025-09-18,2025-09-18T06:20:00,2025-09-18T07:20:00,9795.0,11232.0,0.8720619658119658,-0.13689479588695122,66.4,56.66612003966442,1.1717760092542455,True
1201589,L405S-005,EUCLID,12.27,S,6,2025-09-19,2025-09-19T06:30:00,2025-09-19T07:30:00,9418.0,11232.0,0.8384971509971509,-0.17614409546209253,66.4,54.28149772021562,1.2232529091633961,True
1201589,L405S-005,EUCLID,12.27,S,6,2025-09-22,2025-09-22T06:30:00,2025-09-22T07:30:00,9919.0,11232.0,0.8831018518518519,-0.12431473751959861,66.4,55.67031275128838,1.1927362487911173,True
1201589,L405S-005,EUCLID,12.27,S,6,2025-09-23,2025-09-23T06:15:00,2025-09-23T07:15:00,9160.0,11232.0,0.8155270655270656,-0.20392066859741637,66.4,51.188805865452665,1.2971586048428096,True
1201589,L405S-005,EUCLID,12.27,S,6,2025-09-24,2025-09-24T06:15:00,2025-09-24T07:15:00,9284.0,11232.0,0.8265669515669516,-0.19047435887126468,66.4,58.559953310550725,1.1338806854553407,True
1201589,L405S-005,EUCLID,12.27,S,6,2025-09-25,2025-09-25T06:25:00,2025-09-25T07:25:00,9030.0,11232.0,0.8039529914529915,-0.21821447985456122,66.4,60.53131457042387,1.0969528825075876,True
1201589,L405S-005,EUCLID,12.27,S,6,2025-09-26,2025-09-26T06:50:00,2025-09-26T07:50:00,9978.0,11232.0,0.8883547008547008,-0.11838417784460974,66.4,56.76079233482278,1.1698215840314048,True
1201589,L405S-005,EUCLID,12.27,S,6,2025-09-29,2025-09-29T06:25:00,2025-09-29T07:25:00,9513.0,11232.0,0.8469551282051282,-0.16610756305913535,66.4,51.911680941269246,1.2790955483626556,True
1201589,L405S-005,EUCLID,12.27,S,6,2025-09-30,2025-09-30T06:25:00,2025-09-30T07:25:00,9686.0,11232.0,0.8623575498575499,-0.1480853033024179,66.4,55.29726962999161,1.200782614481685,True
1201589,L405S-005,EUCLID,12.27,S,6,2025-10-01,2025-10-01T06:35:00,2025-10-01T07:35:00,10038.0,11232.0,0.8936965811965812,-0.11238895605071333,66.4,58.590518067035305,1.1332891769966877,True
1201589,L405S-005,EUCLID,12.27,S,6,2025-10-02,2025-10-02T06:20:00,2025-10-02T07:20:00,9274.0,11232.0,0.8256766381766382,-0.19155206131418623,66.4,48.01936512865745,1.3827754661498677,True
1201589,L405S-005,EUCLID,12.27,S,6,2025-10-03,2025-10-03T06:45:00,2025-10-03T07:45:00,9638.0,11232.0,0.8580840455840456,-0.15305322906531427,66.4,55.2315643977531,1.2022111038140586,True
1201589,L405S-005,EUCLID,12.27,S,6,2025-10-06,2025-10-06T06:35:00,2025-10-06T07:35:00,9905.0,11232.0,0.8818554131054132,-0.125727167132941,66.4,53.71732733377502,1.2361002174851448,True
1201589,L405S-005,EUCLID,12.27,S,6,2025-10-08,2025-10-08T06:30:00,2025-10-08T07:30:00,9867.0,11232.0,0.8784722222222222,-0.1295709914084257,66.4,57.35501966094066,1.157701634356148,True
1201589,L405S-005,EUCLID,12.27,S,6,2025-10-09,2025-10-09T06:25:00,2025-10-09T07:25:00,9868.0,11232.0,0.8785612535612536,-0.12946964861634502,66.4,57.851186532883986,1.1477724828039035,True
1201589,L405S-005,EUCLID,12.27,S,6,2025-10-10,2025-10-10T06:40:00,2025-10-10T07:40:00,9790.0,11232.0,0.8716168091168092,-0.13740539074103625,66.4,57.374162161872256,1.1573153750404712,True
1201589,L405S-005,EUCLID,12.27,S,6,2025-10-14,2025-10-14T06:35:00,2025-10-14T07:35:00,9080.0,11232.0,0.8084045584045584,-0.21269265467025342,66.4,52.41787235273846,1.2667435174241877,True
1201589,L405S-005,EUCLID,12.27,S,6,2025-10-15,2025-10-15T06:25:00,2025-10-15T07:25:00,9563.0,11232.0,0.8514066951566952,-0.16086536191604964,66.4,53.06976044522241,1.2511833376096886,True
1201589,L405S-005,EUCLID,12.27,S,6,2025-10-16,2025-10-16T06:20:00,2025-10-16T07:20:00,9437.0,11232.0,0.8401887464387464,-0.17412871424425935,66.4,56.69404396750249,1.17119886593486,True
1201589,L405S-005,EUCLID,12.27,S,6,2025-10-17,2025-10-17T06:35:00,2025-10-17T07:35:00,9087.0,11232.0,0.8090277777777778,-0.21192202657024534,66.4,54.924575326947036,1.208930603554852,True
1201589,L405S-005,EUCLID,12.27,S,6,2025-10-20,2025-10-20T06:35:00,2025-10-20T07:35:00,9474.0,11232.0,0.843482905982906,-0.17021564278189527,66.4,53.78892368367861,1.234454892432585,True
1201589,L405S-005,EUCLID,12.27,S,6,2025-10-21,2025-10-21T06:20:00,2025-10-21T07:20:00,9698.0,11232.0,0.8634259259259259,-0.14684716860029476,66.4,57.33795445969216,1.1580461951547005,True
1201589,L405S-005,EUCLID,12.27,S,6,2025-10-22,2025-10-22T06:25:00,2025-10-22T07:25:00,9792.0,11232.0,0.8717948717948718,-0.137201121513485,66.4,57.41321244710463,1.1565282131038217,True
1201589,L405S-005,EUCLID,12.27,S,6,2025-10-23,2025-10-23T06:15:00,2025-10-23T07:15:00,9346.0,11232.0,0.8320868945868946,-0.18381840300522093,66.4,57.63353868812413,1.1521069417464431,True
1201620,L405S-108,TALBERT,13.07,S,5,2025-06-02,2025-06-02T06:30:00,2025-06-02T07:30:00,9395.0,9360.0,1.0037393162393162,0.0037323423759279455,67.68499999999995,54.066849065796696,1.2518761712492368,True
1201620,L405S-108,TALBERT,13.07,S,5,2025-06-03,2025-06-03T06:15:00,2025-06-03T07:15:00,9448.0,9360.0,1.0094017094017094,0.00935778840556047,67.68499999999995,58.74100062937289,1.1522616107113894,True
1201620,L405S-108,TALBERT,13.07,S,5,2025-06-04,2025-06-04T06:20:00,2025-06-04T07:20:00,9662.0,9360.0,1.0322649572649574,0.03175537564271435,67.68499999999995,59.26947578245098,1.1419874919838704,True
1201620,L405S-108,TALBERT,13.07,S,5,2025-06-05,2025-06-05T06:25:00,2025-06-05T07:25:00,9211.0,9360.0,0.9840811965811965,-0.01604686848340221,67.68499999999995,56.00226097459264,1.20861191712791,True
1201620,L405S-108,TALBERT,13.07,S,5,2025-06-06,2025-06-06T06:35:00,2025-06-06T07:35:00,9763.0,9360.0,1.0430555555555556,0.042154439754033816,67.68499999999995,62.086829160047564,1.0901668021332094,True
1201620,L405S-108,TALBERT,13.07,S,5,2025-06-09,2025-06-09T06:40:00,2025-06-09T07:40:00,9225.0,9360.0,0.9855769230769231,-0.014528100562909744,67.68499999999995,51.86493189082559,1.3050243687290521,True
1201620,L405S-108,TALBERT,13.07,S,5,2025-06-10,2025-06-10T06:35:00,2025-06-10T07:35:00,9443.0,9360.0,1.0088675213675213,0.008828435791431425,67.68499999999995,56.64627579173206,1.194871137669373,True
1201620,L405S-108,TALBERT,13.07,S,5,2025-06-11,2025-06-11T06:40:00,2025-06-11T07:40:00,9530.0,9360.0,1.018162393162393,0.017999427176610003,67.68499999999995,57.02148561023437,1.1870087086586123,True
1201620,L405S-108,TALBERT,13.07,S,5,2025-06-12,2025-06-12T06:35:00,2025-06-12T07:35:00,9598.0,9360.0,1.0254273504273503,0.025109452946553014,67.68499999999995,58.30523147539591,1.1608735320528174,True
1201620,L405S-108,TALBERT,13.07,S,5,2025-06-13,2025-06-13T06:30:00,2025-06-13T07:30:00,9338.0,9360.0,0.9976495726495727,-0.00235319394075539,67.68499999999995,61.990208049005375,1.091865991907829,True
1201620,L405S-108,TALBERT,13.07,S,5,2025-06-16,2025-06-16T06:30:00,2025-06-16T07:30:00,9833.0,9360.0,1.050534188034188,0.049298785308518535,67.68499999999995,57.7039755789243,1.172969441376256,True
1201620,L405S-108,TALBERT,13.07,S,5,2025-06-17,2025-06-17T06:20:00,2025-06-17T07:20:00,9366.0,9360.0,1.0006410256410256,0.0006408202718493312,67.68499999999995,57.6916469018928,1.173220104378391,True
1201620,L405S-108,TALBERT,13.07,S,5,2025-06-18,2025-06-18T06:20:00,2025-06-18T07:20:00,9494.0,9360.0,1.0143162393162393,0.014214729639625567,67.68499999999995,58.879605238589086,1.1495491473784525,True
1201620,L405S-108,TALBERT,13.07,S,5,2025-06-20,2025-06-20T06:50:00,2025-06-20T07:50:00,9347.0,9360.0,0.9986111111111111,-0.0013898542890543016,67.68499999999995,60.94875410707766,1.110523110629755,True
1201620,L405S-108,TALBERT,13.07,S,5,2025-06-23,2025-06-23T06:40:00,2025-06-23T07:40:00,9792.0,9360.0,1.0461538461538462,0.04512043528046964,67.68499999999995,57.50404004019874,1.1770477335624439,True
1201620,L405S-108,TALBERT,13.07,S,5,2025-06-24,2025-06-24T06:35:00,2025-06-24T07:35:00,9840.0,9360.0,1.0512820512820513,0.050010420574661416,67.68499999999995,56.9964282499289,1.187530553725257,True
1201620,L405S-108,TALBERT,13.07,S,5,2025-06-25,2025-06-25T06:35:00,2025-06-25T07:35:00,9885.0,9360.0,1.0560897435897436,0.054573166133079574,67.68499999999995,58.5880523024995,1.1552696725696128,True
1201620,L405S-108,TALBERT,13.07,S,5,2025-06-26,2025-06-26T06:30:00,2025-06-26T07:30:00,9690.0,9360.0,1.0352564102564104,0.03464913541317428,67.68499999999995,56.504970009203056,1.1978592323644448,True
1201620,L405S-108,TALBERT,13.07,S,5,2025-06-27,2025-06-27T06:40:00,2025-06-27T07:40:00,9696.0,9360.0,1.035897435897436,0.03526813883745805,67.68499999999995,61.47897942213547,1.100945406644633,True
1201620,L405S-108,TALBERT,13.07,S,5,2025-06-30,2025-06-30T06:30:00,2025-06-30T07:30:00,9212.0,9360.0,0.9841880341880341,-0.01593830853106197,67.68499999999995,52.413632375794926,1.2913625126133688,True
1201620,L405S-108,TALBERT,13.07,S,5,2025-07-01,2025-07-01T06:15:00,2025-07-01T07:15:00,9489.0,9360.0,1.0137820512820512,0.013687942502120753,67.68499999999995,58.07938392410862,1.1653877060480329,True
1201620,L405S-108,TALBERT,13.07,S,5,2025-07-02,2025-07-02T06:30:00,2025-07-02T07:30:00,9754.0,9360.0,1.0420940170940172,0.04123216679836025,67.68499999999995,57.55470369943098,1.1760116141588115,True
1201620,L405S-108,TALBERT,13.07,S,5,2025-07-03,2025-07-03T06:40:00,2025-07-03T07:40:00,9727.0,9360.0,1.0392094017094018,0.03846023339780268,67.68499999999995,60.548562733806456,1.1178630333071302,True
1201620,L405S-108,TALBERT,13.07,S,5,2025-07-07,2025-07-07T06:35:00,2025-07-07T07:35:00,9873.0,9360.0,1.0548076923076923,0.053358468139811925,67.68499999999995,59.95246839611184,1.1289777020155118,True
1201620,L405S-108,TALBERT,13.07,S,5,2025-07-08,2025-07-08T06:20:00,2025-07-08T07:20:00,9156.0,9360.0,0.9782051282051282,-0.02203588839918045,67.68499999999995,53.75457179947269,1.2591487148757068,True
1201620,L405S-108,TALBERT,13.07,S,5,2025-07-09,2025-07-09T06:25:00,2025-07-09T07:25:00,9373.0,9360.0,1.0013888888888889,0.0013879252748480759,67.68499999999995,57.210505622655305,1.1830869044652657,True
1201620,L405S-108,TALBERT,13.07,S,5,2025-07-10,2025-07-10T06:20:00,2025-07-10T07:20:00,9159.0,9360.0,0.978525641025641,-0.02170828806865023,67.68499999999995,56.81766310535105,1.191266875487271,True
1201620,L405S-108,TALBERT,13.07,S,5,2025-07-11,2025-07-11T06:40:00,2025-07-11T07:40:00,9639.0,9360.0,1.0298076923076922,0.029372078312330317,67.68499999999995,58.32985020662627,1.1603835730802363,True
1201620,L405S-108,TALBERT,13.07,S,5,2025-07-14,2025-07-14T06:35:00,2025-07-14T07:35:00,9200.0,9360.0,0.9829059829059829,-0.017241806434506103,67.68499999999995,55.508558080197616,1.2193615244375482,True
1201620,L405S-108,TALBERT,13.07,S,5,2025-07-15,2025-07-15T06:30:00,2025-07-15T07:30:00,9675.0,9360.0,1.0336538461538463,0.03309994842634492,67.68499999999995,58.79895793112851,1.1511258427280242,True
1201620,L405S-108,TALBERT,13.07,S,5,2025-07-16,2025-07-16T06:35:00,2025-07-16T07:35:00,9567.0,9360.0,1.0221153846153845,0.021874386206529504,67.68499999999995,57.4242196193943,1.1786838453985746,True
1201620,L405S-108,TALBERT,13.07,S,5,2025-07-17,2025-07-17T06:25:00,2025-07-17T07:25:00,9379.0,9360.0,1.0020299145299145,0.0020278570373007537,67.68499999999995,53.319817698269546,1.269415442922578,True
1201620,L405S-108,TALBERT,13.07,S,5,2025-07-18,2025-07-18T06:30:00,2025-07-18T07:30:00,9473.0,9360.0,1.0120726495726495,0.012000356403896703,67.68499999999995,59.093257890302645,1.1453929334146125,True
1201620,L405S-108,TALBERT,13.07,S,5,2025-07-22,2025-07-22T06:15:00,2025-07-22T07:15:00,9339.0,9360.0,0.9977564102564103,-0.002246110361919863,67.68499999999995,58.07104013033853,1.165555151898144,True
1201620,L405S-108,TALBERT,13.07,S,5,2025-07-23,2025-07-23T06:25:00,2025-07-23T07:25:00,9787.0,9360.0,1.0456196581196582,0.044609683954181835,67.68499999999995,59.928635497289164,1.1294266828928825,True
1201620,L405S-108,TALBERT,13.07,S,5,2025-07-24,2025-07-24T06:25:00,2025-07-24T07:25:00,9406.0,9360.0,1.00491452991453,0.004902493033355541,67.68499999999995,56.145847924541194,1.2055210225156296,True
1201620,L405S-108,TALBERT,13.07,S,5,2025-07-25,2025-07-25T06:40:00,2025-07-25T07:40:00,9358.0,9360.0,0.9997863247863248,-0.0002136980454761337,67.68499999999995,52.784730109667116,1.2822837184044626,True
1201620,L405S-108,TALBERT,13.07,S,5,2025-07-28,2025-07-28T06:35:00,2025-07-28T07:35:00,9573.0,9360.0,1.0227564102564102,0.02250134547471539,67.68499999999995,58.820871614852265,1.1506969914214853,True
1201620,L405S-108,TALBERT,13.07,S,5,2025-07-29,2025-07-29T06:35:00,2025-07-29T07:35:00,9588.0,9360.0,1.0243589743589743,0.024067026082637163,67.68499999999995,57.81418654656539,1.1707334141160024,True
1201620,L405S-108,TALBERT,13.07,S,5,2025-07-30,2025-07-30T06:35:00,2025-07-30T07:35:00,9678.0,9360.0,1.033974358974359,0.03340997788162623,67.68499999999995,57.16039689895081,1.184124038180748,True
1201620,L405S-108,TALBERT,13.07,S,5,2025-07-31,2025-07-31T06:25:00,2025-07-31T07:25:00,9278.0,9360.0,0.9912393162393163,-0.008799284159948715,67.68499999999995,56.903833229794124,1.1894629264546792,True
1201620,L405S-108,TALBERT,13.07,S,5,2025-08-01,2025-08-01T06:35:00,2025-08-01T07:35:00,9727.0,9360.0,1.0392094017094018,0.03846023339780268,67.68499999999995,61.27499085107382,1.1046105280456977,True
1201620,L405S-108,TALBERT,13.07,S,5,2025-08-04,2025-08-04T06:35:00,2025-08-04T07:35:00,9870.0,9360.0,1.0544871794871795,0.05305456295588956,67.68499999999995,59.72690945926122,1.1332412912837355,True
1201620,L405S-108,TALBERT,13.07,S,5,2025-08-05,2025-08-05T06:25:00,2025-08-05T07:25:00,9847.0,9360.0,1.0520299145299146,0.050721549776164374,67.68499999999995,60.20907830457988,1.1241660212368905,True
1201620,L405S-108,TALBERT,13.07,S,5,2025-08-06,2025-08-06T06:25:00,2025-08-06T07:25:00,9791.0,9360.0,1.0460470085470086,0.045018305882433676,67.68499999999995,57.86226581251845,1.1697606211845986,True
1201620,L405S-108,TALBERT,13.07,S,5,2025-08-07,2025-08-07T06:30:00,2025-08-07T07:30:00,9320.0,9360.0,0.9957264957264957,-0.004282661792000848,67.68499999999995,53.69671039998332,1.26050552251374,True
1201620,L405S-108,TALBERT,13.07,S,5,2025-08-08,2025-08-08T06:45:00,2025-08-08T07:45:00,9604.0,9360.0,1.026068376068376,0.025734387869506017,67.68499999999995,58.192563889353686,1.1631211185108634,True
1201620,L405S-108,TALBERT,13.07,S,5,2025-08-11,2025-08-11T06:35:00,2025-08-11T07:35:00,9714.0,9360.0,1.037820512820513,0.037122853434052486,67.68499999999995,58.21403602873686,1.162692103440274,True
1201620,L405S-108,TALBERT,13.07,S,5,2025-08-12,2025-08-12T06:25:00,2025-08-12T07:25:00,9717.0,9360.0,1.0381410256410257,0.03743163836780134,67.68499999999995,58.986230405316086,1.1474711900542112,True
1201620,L405S-108,TALBERT,13.07,S,5,2025-08-13,2025-08-13T06:30:00,2025-08-13T07:30:00,9786.0,9360.0,1.0455128205128206,0.044507502377431195,67.68499999999995,59.45052263950249,1.1385097555900372,True
1201620,L405S-108,TALBERT,13.07,S,5,2025-08-14,2025-08-14T06:30:00,2025-08-14T07:30:00,9513.0,9360.0,1.0163461538461538,0.01621399373481923,67.68499999999995,57.16012808856637,1.1841296068323341,True
1201620,L405S-108,TALBERT,13.07,S,5,2025-08-15,2025-08-15T06:50:00,2025-08-15T07:50:00,9728.0,9360.0,1.0393162393162394,0.038563034734310594,67.68499999999995,59.8876337382576,1.130199939036182,True
1201620,L405S-108,TALBERT,13.07,S,5,2025-08-18,2025-08-18T06:30:00,2025-08-18T07:30:00,8777.0,9360.0,0.9377136752136752,-0.06431062687952013,67.68499999999995,51.94554312482022,1.3029991781462233,True
1201620,L405S-108,TALBERT,13.07,S,5,2025-08-19,2025-08-19T06:25:00,2025-08-19T07:25:00,9320.0,9360.0,0.9957264957264957,-0.004282661792000848,67.68499999999995,55.04869704033659,1.2295477211822867,True
1201620,L405S-108,TALBERT,13.07,S,5,2025-08-20,2025-08-20T06:20:00,2025-08-20T07:20:00,9088.0,9360.0,0.9709401709401709,-0.02949042851070515,67.68499999999995,54.0172459051536,1.2530257488292706,True
1201620,L405S-108,TALBERT,13.07,S,5,2025-08-21,2025-08-21T06:20:00,2025-08-21T07:20:00,9164.0,9360.0,0.979059829059829,-0.021162525898251627,67.68499999999995,56.51440163029529,1.197659323065654,True
1201620,L405S-108,TALBERT,13.07,S,5,2025-08-22,2025-08-22T06:40:00,2025-08-22T07:40:00,9182.0,9360.0,0.9809829059829059,-0.019200244662470417,67.68499999999995,54.37824677118989,1.2447072868090352,True
1201620,L405S-108,TALBERT,13.07,S,5,2025-08-25,2025-08-25T06:35:00,2025-08-25T07:35:00,9785.0,9360.0,1.045405982905983,0.04440531035853893,67.68499999999995,57.49975562992821,1.1771354375073273,True
1201620,L405S-108,TALBERT,13.07,S,5,2025-08-26,2025-08-26T06:25:00,2025-08-26T07:25:00,9754.0,9360.0,1.0420940170940172,0.04123216679836025,67.68499999999995,59.60781657750208,1.1355054401631355,True
1201620,L405S-108,TALBERT,13.07,S,5,2025-08-27,2025-08-27T06:15:00,2025-08-27T07:15:00,9129.0,9360.0,0.9753205128205128,-0.024989130906556987,67.68499999999995,58.350842838613374,1.159966106868464,True
1201620,L405S-108,TALBERT,13.07,S,5,2025-08-28,2025-08-28T06:40:00,2025-08-28T07:40:00,9487.0,9360.0,1.013568376068376,0.013477149921239051,67.68499999999995,54.54038332281425,1.241007046088862,True
1201620,L405S-108,TALBERT,13.07,S,5,2025-08-29,2025-08-29T06:35:00,2025-08-29T07:35:00,9141.0,9360.0,0.9766025641025641,-0.023675501817819026,67.68499999999995,52.186206127296664,1.2969902398135134,True
1201620,L405S-108,TALBERT,13.07,S,5,2025-09-02,2025-09-02T06:25:00,2025-09-02T07:25:00,9303.0,9360.0,0.9939102564102564,-0.006108361703079075,67.68499999999995,60.28024903752602,1.1228387586432211,True
1201620,L405S-108,TALBERT,13.07,S,5,2025-09-03,2025-09-03T06:05:00,2025-09-03T07:05:00,8725.0,9360.0,0.9321581196581197,-0.0702528224010098,67.68499999999995,58.45759270134973,1.1578478837777588,True
1201620,L405S-108,TALBERT,13.07,S,5,2025-09-04,2025-09-04T06:15:00,2025-09-04T07:15:00,9159.0,9360.0,0.978525641025641,-0.02170828806865023,67.68499999999995,56.75881943928483,1.1925018995929417,True
1201620,L405S-108,TALBERT,13.07,S,5,2025-09-05,2025-09-05T06:35:00,2025-09-05T07:35:00,9572.0,9360.0,1.0226495726495726,0.022396879556626132,67.68499999999995,59.15657398830205,1.1441670035418947,True
1201620,L405S-108,TALBERT,13.07,S,5,2025-09-08,2025-09-08T06:30:00,2025-09-08T07:30:00,9197.0,9360.0,0.98258547008547,-0.01756794656894018,67.68499999999995,52.911974908886904,1.2792000320636645,True
1201620,L405S-108,TALBERT,13.07,S,5,2025-09-09,2025-09-09T06:35:00,2025-09-09T07:35:00,9346.0,9360.0,0.9985042735042735,-0.0014968462112662456,67.68499999999995,55.75921080762677,1.2138801647232418,True
1201620,L405S-108,TALBERT,13.07,S,5,2025-09-10,2025-09-10T06:20:00,2025-09-10T07:20:00,9477.0,9360.0,1.0125,0.01242251999855711,67.68499999999995,58.429613326299794,1.1584023262658527,True
1201620,L405S-108,TALBERT,13.07,S,5,2025-09-11,2025-09-11T06:20:00,2025-09-11T07:20:00,9284.0,9360.0,0.9918803418803419,-0.008152802077310043,67.68499999999995,58.080306153211765,1.165369201420042,True
1201620,L405S-108,TALBERT,13.07,S,5,2025-09-12,2025-09-12T06:40:00,2025-09-12T07:40:00,9535.0,9360.0,1.0186965811965811,0.018523948562881646,67.68499999999995,57.67942328958302,1.1734687370257384,True
1201620,L405S-108,TALBERT,13.07,S,5,2025-09-15,2025-09-15T06:40:00,2025-09-15T07:40:00,9683.0,9360.0,1.034508547008547,0.033926480139893474,67.68499999999995,56.670062663769734,1.1943695986641687,True
1201620,L405S-108,TALBERT,13.07,S,5,2025-09-16,2025-09-16T06:20:00,2025-09-16T07:20:00,9320.0,9360.0,0.9957264957264957,-0.004282661792000848,67.68499999999995,56.97278674410361,1.1880233330346088,True
1201620,L405S-108,TALBERT,13.07,S,5,2025-09-17,2025-09-17T06:15:00,2025-09-17T07:15:00,9171.0,9360.0,0.9798076923076923,-0.020398958912693575,67.68499999999995,55.76298759942944,1.2137979493891482,True
1201620,L405S-108,TALBERT,13.07,S,5,2025-09-18,2025-09-18T06:20:00,2025-09-18T07:20:00,9405.0,9360.0,1.0048076923076923,0.0047961722634930135,67.68499999999995,55.88647577015128,1.2111159107325606,True
1201620,L405S-108,TALBERT,13.07,S,5,2025-09-19,2025-09-19T06:30:00,2025-09-19T07:30:00,9055.0,9360.0,0.9674145299145299,-0.03312819915412397,67.68499999999995,56.408435313836364,1.1999091913013507,True
1201620,L405S-108,TALBERT,13.07,S,5,2025-09-22,2025-09-22T06:25:00,2025-09-22T07:25:00,9524.0,9360.0,1.0175213675213675,0.017369638135115606,67.68499999999995,57.31200237630372,1.1809917154104714,True
1201620,L405S-108,TALBERT,13.07,S,5,2025-09-23,2025-09-23T06:10:00,2025-09-23T07:10:00,8926.0,9360.0,0.9536324786324787,-0.04747692428242246,67.68499999999995,58.40471033897926,1.1588962535240421,True
1201620,L405S-108,TALBERT,13.07,S,5,2025-09-24,2025-09-24T06:15:00,2025-09-24T07:15:00,9041.0,9360.0,0.9659188034188034,-0.03467550273427129,67.68499999999995,61.46250646631377,1.1012404779993246,True
1201620,L405S-108,TALBERT,13.07,S,5,2025-09-25,2025-09-25T06:30:00,2025-09-25T07:30:00,8510.0,9360.0,0.9091880341880342,-0.09520334790421792,67.68499999999995,61.518580771861025,1.1002366951703066,True
1201620,L405S-108,TALBERT,13.07,S,5,2025-09-26,2025-09-26T06:55:00,2025-09-26T07:55:00,9407.0,9360.0,1.0050213675213675,0.005008802500313688,67.68499999999995,56.960425514642395,1.18828115114064,True
1201620,L405S-108,TALBERT,13.07,S,5,2025-09-29,2025-09-29T06:20:00,2025-09-29T07:20:00,9053.0,9360.0,0.9672008547008547,-0.03334909599619737,67.68499999999995,55.543441317452654,1.2185957224571935,True
1201620,L405S-108,TALBERT,13.07,S,5,2025-09-30,2025-09-30T06:20:00,2025-09-30T07:20:00,9401.0,9360.0,1.0043803418803419,0.004370776106913133,67.68499999999995,56.46031656171043,1.1988065976573312,True
1201620,L405S-108,TALBERT,13.07,S,5,2025-10-01,2025-10-01T06:25:00,2025-10-01T07:25:00,9511.0,9360.0,1.0161324786324786,0.016003733010747714,67.68499999999995,60.09372447910978,1.1263239312705455,True
1201620,L405S-108,TALBERT,13.07,S,5,2025-10-02,2025-10-02T06:15:00,2025-10-02T07:15:00,8991.0,9360.0,0.9605769230769231,-0.0402212134868648,67.68499999999995,56.86786328853817,1.190215283042681,True
1201620,L405S-108,TALBERT,13.07,S,5,2025-10-03,2025-10-03T06:45:00,2025-10-03T07:45:00,9158.0,9360.0,0.9784188034188034,-0.021817476254597002,67.68499999999995,56.09935394442677,1.2065201333165114,True
1201620,L405S-108,TALBERT,13.07,S,5,2025-10-06,2025-10-06T06:25:00,2025-10-06T07:25:00,9423.0,9360.0,1.0067307692307692,0.006708218735118483,67.68499999999995,57.578292059604415,1.1755298321446073,True
1201620,L405S-108,TALBERT,13.07,S,5,2025-10-08,2025-10-08T06:30:00,2025-10-08T07:30:00,9427.0,9360.0,1.0071581196581196,0.007132621924512577,67.68499999999995,59.114011259625286,1.14499081618284,True
1201620,L405S-108,TALBERT,13.07,S,5,2025-10-09,2025-10-09T06:25:00,2025-10-09T07:25:00,9445.0,9360.0,1.0090811965811965,0.009040210463972164,67.68499999999995,57.175524555693826,1.1838107394024693,True
1201620,L405S-108,TALBERT,13.07,S,5,2025-10-10,2025-10-10T06:35:00,2025-10-10T07:35:00,9366.0,9360.0,1.0006410256410256,0.0006408202718493312,67.68499999999995,56.50362335788945,1.1978877809532416,True
1201620,L405S-108,TALBERT,13.07,S,5,2025-10-14,2025-10-14T06:25:00,2025-10-14T07:25:00,8693.0,9360.0,0.9287393162393163,-0.07392718639257337,67.68499999999995,53.21279604220977,1.2719684931855573,True
1201620,L405S-108,TALBERT,13.07,S,5,2025-10-15,2025-10-15T06:20:00,2025-10-15T07:20:00,9261.0,9360.0,0.989423076923077,-0.010633256301368703,67.68499999999995,58.89402658293894,1.149267657980235,True
1201620,L405S-108,TALBERT,13.07,S,5,2025-10-16,2025-10-16T06:15:00,2025-10-16T07:15:00,9093.0,9360.0,0.971474358974359,-0.0289404037457249,67.68499999999995,55.394171454338235,1.221879454516133,True
1201620,L405S-108,TALBERT,13.07,S,5,2025-10-17,2025-10-17T06:25:00,2025-10-17T07:25:00,8732.0,9360.0,0.9329059829059829,-0.0694508518018032,67.68499999999995,49.288348423105305,1.3732454457384637,True
1201620,L405S-108,TALBERT,13.07,S,5,2025-10-20,2025-10-20T06:25:00,2025-10-20T07:25:00,9013.0,9360.0,0.9629273504273504,-0.03777731091522793,67.68499999999995,54.15071821909166,1.2499372533924502,True
1201620,L405S-108,TALBERT,13.07,S,5,2025-10-21,2025-10-21T06:20:00,2025-10-21T07:20:00,9337.0,9360.0,0.997542735042735,-0.002460288987711832,67.68499999999995,57.6527669360163,1.1740113024430818,True
1201620,L405S-108,TALBERT,13.07,S,5,2025-10-22,2025-10-22T06:25:00,2025-10-22T07:25:00,9429.0,9360.0,1.0073717948717948,0.007344755994039533,67.68499999999995,57.93357162160361,1.1683208562055925,True
1201620,L405S-108,TALBERT,13.07,S,5,2025-10-23,2025-10-23T06:15:00,2025-10-23T07:15:00,9206.0,9360.0,0.9835470085470085,-0.01658984509445104,67.68499999999995,60.00133337139895,1.1280582646562252,True
1201653,L405S-108,BROOKHURST2,13.58,S,4,2025-06-02,2025-06-02T06:20:00,2025-06-02T07:20:00,7425.0,7488.0,0.9915865384615384,-0.008449054486527633,65.3,52.201317040526455,1.2509262927083695,True
1201653,L405S-108,BROOKHURST2,13.58,S,4,2025-06-03,2025-06-03T06:10:00,2025-06-03T07:10:00,7489.0,7488.0,1.000133547008547,0.00013353809193916634,65.3,54.868631936290015,1.1901153299360958,True
1201653,L405S-108,BROOKHURST2,13.58,S,4,2025-06-04,2025-06-04T06:15:00,2025-06-04T07:15:00,7661.0,7488.0,1.0231036324786325,0.02284078435939292,65.3,57.1768251553727,1.1420711070010154,True
1201653,L405S-108,BROOKHURST2,13.58,S,4,2025-06-05,2025-06-05T06:20:00,2025-06-05T07:20:00,7182.0,7488.0,0.9591346153846154,-0.04172384337139979,65.3,53.381542911035645,1.223269250737607,True
1201653,L405S-108,BROOKHURST2,13.58,S,4,2025-06-06,2025-06-06T06:35:00,2025-06-06T07:35:00,7860.0,7488.0,1.0496794871794872,0.048484867265824294,65.3,58.069374449027755,1.1245170215725184,True
1201653,L405S-108,BROOKHURST2,13.58,S,4,2025-06-09,2025-06-09T06:25:00,2025-06-09T07:25:00,7196.0,7488.0,0.9610042735042735,-0.03977642308700422,65.3,52.278589776898,1.2490773044696049,True
1201653,L405S-108,BROOKHURST2,13.58,S,4,2025-06-10,2025-06-10T06:20:00,2025-06-10T07:20:00,7384.0,7488.0,0.9861111111111112,-0.01398624197473984,65.3,53.912077545042266,1.2112313784502813,True
1201653,L405S-108,BROOKHURST2,13.58,S,4,2025-06-11,2025-06-11T06:15:00,2025-06-11T07:15:00,7528.0,7488.0,1.0053418803418803,0.005327663107787569,65.3,56.68969835656799,1.1518847673041892,True
1201653,L405S-108,BROOKHURST2,13.58,S,4,2025-06-12,2025-06-12T06:30:00,2025-06-12T07:30:00,7540.0,7488.0,1.0069444444444444,0.006920442844573757,65.3,54.840299942508544,1.1907301759555802,True
1201653,L405S-108,BROOKHURST2,13.58,S,4,2025-06-13,2025-06-13T06:30:00,2025-06-13T07:30:00,7623.0,7488.0,1.0180288461538463,0.0178682538308459,65.3,58.63526224297301,1.1136643293144937,True
1201653,L405S-108,BROOKHURST2,13.58,S,4,2025-06-16,2025-06-16T06:20:00,2025-06-16T07:20:00,7931.0,7488.0,1.0591613247863247,0.0574773919258916,65.3,55.48200649941737,1.1769581549053336,True
1201653,L405S-108,BROOKHURST2,13.58,S,4,2025-06-17,2025-06-17T06:10:00,2025-06-17T07:10:00,7503.0,7488.0,1.002003205128205,0.002001201388300706,65.3,57.280024129474754,1.1400134862442974,True
1201653,L405S-108,BROOKHURST2,13.58,S,4,2025-06-18,2025-06-18T06:20:00,2025-06-18T07:20:00,7634.0,7488.0,1.0194978632478633,0.019310215147747112,65.3,55.01829744019923,1.1868778758734986,True
1201653,L405S-108,BROOKHURST2,13.58,S,4,2025-06-20,2025-06-20T06:50:00,2025-06-20T07:50:00,7445.0,7488.0,0.9942574786324786,-0.005759073039318651,65.3,56.471813977109,1.156329067567575,True
1201653,L405S-108,BROOKHURST2,13.58,S,4,2025-06-23,2025-06-23T06:20:00,2025-06-23T07:20:00,7810.0,7488.0,1.0430021367521367,0.04210322467630363,65.3,59.16616899062654,1.1036712552801116,True
1201653,L405S-108,BROOKHURST2,13.58,S,4,2025-06-24,2025-06-24T06:25:00,2025-06-24T07:25:00,7710.0,7488.0,1.029647435897436,0.029216448399947203,65.3,52.90573885336167,1.2342706370851635,True
1201653,L405S-108,BROOKHURST2,13.58,S,4,2025-06-25,2025-06-25T06:25:00,2025-06-25T07:25:00,7745.0,7488.0,1.0343215811965811,0.03374573469354097,65.3,54.75546819566914,1.1925749546447102,True
1201653,L405S-108,BROOKHURST2,13.58,S,4,2025-06-26,2025-06-26T06:20:00,2025-06-26T07:20:00,7689.0,7488.0,1.0268429487179487,0.02648899687475279,65.3,55.91636113352356,1.1678156209784307,True
1201653,L405S-108,BROOKHURST2,13.58,S,4,2025-06-27,2025-06-27T06:40:00,2025-06-27T07:40:00,7795.0,7488.0,1.0409989316239316,0.04018076333444894,65.3,58.20746030137012,1.1218493241572152,True
1201653,L405S-108,BROOKHURST2,13.58,S,4,2025-06-30,2025-06-30T06:20:00,2025-06-30T07:20:00,7407.0,7488.0,0.9891826923076923,-0.010876240144138799,65.3,54.20484759598742,1.2046893017154043,True
1201653,L405S-108,BROOKHURST2,13.58,S,4,2025-07-01,2025-07-01T06:15:00,2025-07-01T07:15:00,7587.0,7488.0,1.0132211538461537,0.013134517180646763,65.3,55.00704528864299,1.1871206616778984,True
1201653,L405S-108,BROOKHURST2,13.58,S,4,2025-07-02,2025-07-02T06:25:00,2025-07-02T07:25:00,7781.0,7488.0,1.0391292735042734,0.03838312545950208,65.3,55.55552921477163,1.175400557297498,True
1201653,L405S-108,BROOKHURST2,13.58,S,4,2025-07-03,2025-07-03T06:40:00,2025-07-03T07:40:00,7794.0,7488.0,1.0408653846153846,0.04005246774122653,65.3,57.2719088939492,1.1401750222943758,True
1201653,L405S-108,BROOKHURST2,13.58,S,4,2025-07-07,2025-07-07T06:30:00,2025-07-07T07:30:00,7890.0,7488.0,1.0536858974358974,0.052294395682491876,65.3,56.844127026541905,1.148755437294513,True
1201653,L405S-108,BROOKHURST2,13.58,S,4,2025-07-08,2025-07-08T06:20:00,2025-07-08T07:20:00,7196.0,7488.0,0.9610042735042735,-0.03977642308700422,65.3,50.926748842894455,1.2822338257139885,True
1201653,L405S-108,BROOKHURST2,13.58,S,4,2025-07-09,2025-07-09T06:20:00,2025-07-09T07:20:00,7341.0,7488.0,0.9803685897435898,-0.019826666046646606,65.3,54.10586863779856,1.2068931087150345,True
1201653,L405S-108,BROOKHURST2,13.58,S,4,2025-07-10,2025-07-10T06:15:00,2025-07-10T07:15:00,7285.0,7488.0,0.9728899572649573,-0.027484299528122726,65.3,54.13777023622735,1.2061819265009779,True
1201653,L405S-108,BROOKHURST2,13.58,S,4,2025-07-11,2025-07-11T06:30:00,2025-07-11T07:30:00,7743.0,7488.0,1.0340544871794872,0.03348747022929562,65.3,57.55710575129666,1.1345254273583572,True
1201653,L405S-108,BROOKHURST2,13.58,S,4,2025-07-14,2025-07-14T06:25:00,2025-07-14T07:25:00,7244.0,7488.0,0.9674145299145299,-0.03312819915412397,65.3,52.56552900585068,1.2422589715159518,True
1201653,L405S-108,BROOKHURST2,13.58,S,4,2025-07-15,2025-07-15T06:20:00,2025-07-15T07:20:00,7615.0,7488.0,1.0169604700854702,0.016818247171834316,65.3,56.08499798650876,1.1643042229529528,True
1201653,L405S-108,BROOKHURST2,13.58,S,4,2025-07-16,2025-07-16T06:25:00,2025-07-16T07:25:00,7465.0,7488.0,0.9969284188034188,-0.00307630818413726,65.3,52.70318197810894,1.239014373498802,True
1201653,L405S-108,BROOKHURST2,13.58,S,4,2025-07-17,2025-07-17T06:20:00,2025-07-17T07:20:00,7399.0,7488.0,0.9881143162393162,-0.01195688323187705,65.3,52.50856115041161,1.2436067294425972,True
1201653,L405S-108,BROOKHURST2,13.58,S,4,2025-07-18,2025-07-18T06:20:00,2025-07-18T07:20:00,7633.0,7488.0,1.0193643162393162,0.019179213641042386,65.3,58.07583017544358,1.1243920199286457,True
1201653,L405S-108,BROOKHURST2,13.58,S,4,2025-07-22,2025-07-22T06:15:00,2025-07-22T07:15:00,7456.0,7488.0,0.9957264957264957,-0.004282661792000848,65.3,51.999351480101616,1.2557848923363608,True
1201653,L405S-108,BROOKHURST2,13.58,S,4,2025-07-23,2025-07-23T06:25:00,2025-07-23T07:25:00,7740.0,7488.0,1.0336538461538463,0.03309994842634492,65.3,55.64915284400895,1.1734230740770393,True
1201653,L405S-108,BROOKHURST2,13.58,S,4,2025-07-24,2025-07-24T06:15:00,2025-07-24T07:15:00,7500.0,7488.0,1.001602564102564,0.0016012813669738276,65.3,56.697373075953344,1.1517288448712137,True
1201653,L405S-108,BROOKHURST2,13.58,S,4,2025-07-25,2025-07-25T06:35:00,2025-07-25T07:35:00,7317.0,7488.0,0.9771634615384616,-0.023101331273397974,65.3,49.029889557907865,1.3318406504439695,True
1201653,L405S-108,BROOKHURST2,13.58,S,4,2025-07-28,2025-07-28T06:35:00,2025-07-28T07:35:00,7536.0,7488.0,1.0064102564102564,0.006389798098770988,65.3,54.108469179122714,1.2068351034627947,True
1201653,L405S-108,BROOKHURST2,13.58,S,4,2025-07-29,2025-07-29T06:25:00,2025-07-29T07:25:00,7469.0,7488.0,0.9974626068376068,-0.0025406178003613508,65.3,53.01440421879805,1.23174071202418,True
1201653,L405S-108,BROOKHURST2,13.58,S,4,2025-07-30,2025-07-30T06:20:00,2025-07-30T07:20:00,7531.0,7488.0,1.0057425213675213,0.005726095943923667,65.3,55.07848758434353,1.1855808476949177,True
1201653,L405S-108,BROOKHURST2,13.58,S,4,2025-07-31,2025-07-31T06:15:00,2025-07-31T07:15:00,7361.0,7488.0,0.9830395299145299,-0.017105946098722045,65.3,56.12974028259477,1.1633761295034681,True
1201653,L405S-108,BROOKHURST2,13.58,S,4,2025-08-01,2025-08-01T06:35:00,2025-08-01T07:35:00,7852.0,7488.0,1.0486111111111112,0.04746653723892375,65.3,57.77866369187875,1.1301749785739408,True
1201653,L405S-108,BROOKHURST2,13.58,S,4,2025-08-04,2025-08-04T06:35:00,2025-08-04T07:35:00,7826.0,7488.0,1.0451388888888888,0.04414978461292975,65.3,56.10685763025284,1.1638506014778167,True
1201653,L405S-108,BROOKHURST2,13.58,S,4,2025-08-05,2025-08-05T06:25:00,2025-08-05T07:25:00,7789.0,7488.0,1.0401976495726495,0.03941074276252047,65.3,55.90472127950227,1.1680587704484728,True
1201653,L405S-108,BROOKHURST2,13.58,S,4,2025-08-06,2025-08-06T06:25:00,2025-08-06T07:25:00,7747.0,7488.0,1.0345886752136753,0.034003932474474585,65.3,54.32094553171666,1.202114568529978,True
1201653,L405S-108,BROOKHURST2,13.58,S,4,2025-08-07,2025-08-07T06:20:00,2025-08-07T07:20:00,7378.0,7488.0,0.9853098290598291,-0.014799140000806982,65.3,53.654218487481785,1.2170524861010756,True
1201653,L405S-108,BROOKHURST2,13.58,S,4,2025-08-08,2025-08-08T06:45:00,2025-08-08T07:45:00,7518.0,7488.0,1.0040064102564104,0.003998405966695423,65.3,54.67363550437818,1.1943599396233835,True
1201653,L405S-108,BROOKHURST2,13.58,S,4,2025-08-11,2025-08-11T06:35:00,2025-08-11T07:35:00,7667.0,7488.0,1.0239049145299146,0.023623665401466532,65.3,55.7558056029415,1.1711784861477272,True
1201653,L405S-108,BROOKHURST2,13.58,S,4,2025-08-12,2025-08-12T06:25:00,2025-08-12T07:25:00,7668.0,7488.0,1.0240384615384615,0.023754086008107057,65.3,54.051150797667624,1.2081148881443942,True
1201653,L405S-108,BROOKHURST2,13.58,S,4,2025-08-13,2025-08-13T06:30:00,2025-08-13T07:30:00,7709.0,7488.0,1.0295138888888888,0.029086738301834166,65.3,55.71560750304016,1.1720234764816457,True
1201653,L405S-108,BROOKHURST2,13.58,S,4,2025-08-14,2025-08-14T06:30:00,2025-08-14T07:30:00,7461.0,7488.0,0.9963942307692307,-0.0036122856859136607,65.3,51.637240016414566,1.2645912132260029,True
1201653,L405S-108,BROOKHURST2,13.58,S,4,2025-08-15,2025-08-15T06:50:00,2025-08-15T07:50:00,7733.0,7488.0,1.032719017094017,0.03219514645160741,65.3,54.92344245743013,1.1889276614555342,True
1201653,L405S-108,BROOKHURST2,13.58,S,4,2025-08-18,2025-08-18T06:25:00,2025-08-18T07:25:00,6837.0,7488.0,0.9130608974358975,-0.09095270024363399,65.3,46.50952145434259,1.404013585994507,True
1201653,L405S-108,BROOKHURST2,13.58,S,4,2025-08-19,2025-08-19T06:15:00,2025-08-19T07:15:00,7384.0,7488.0,0.9861111111111112,-0.01398624197473984,65.3,54.594901961457246,1.1960823749825635,True
1201653,L405S-108,BROOKHURST2,13.58,S,4,2025-08-20,2025-08-20T06:15:00,2025-08-20T07:15:00,7128.0,7488.0,0.9519230769230769,-0.049271049006782794,65.3,53.57604993080192,1.2188281906624427,True
1201653,L405S-108,BROOKHURST2,13.58,S,4,2025-08-21,2025-08-21T06:15:00,2025-08-21T07:15:00,7254.0,7488.0,0.96875,-0.0317486983145803,65.3,54.73698754236648,1.1929775994606524,True
1201653,L405S-108,BROOKHURST2,13.58,S,4,2025-08-22,2025-08-22T06:30:00,2025-08-22T07:30:00,7146.0,7488.0,0.9543269230769231,-0.04674897957407281,65.3,51.5139408903252,1.2676180247794622,True
1201653,L405S-108,BROOKHURST2,13.58,S,4,2025-08-25,2025-08-25T06:20:00,2025-08-25T07:20:00,7638.0,7488.0,1.0200320512820513,0.019834049628033583,65.3,57.729236093102195,1.1311426310004888,True
1201653,L405S-108,BROOKHURST2,13.58,S,4,2025-08-26,2025-08-26T06:25:00,2025-08-26T07:25:00,7636.0,7488.0,1.0197649572649572,0.01957216668821019,65.3,55.32165120235299,1.1803696849385183,True
1201653,L405S-108,BROOKHURST2,13.58,S,4,2025-08-27,2025-08-27T06:10:00,2025-08-27T07:10:00,7310.0,7488.0,0.9762286324786325,-0.024058465413603815,65.3,57.634893662694616,1.1329941958801042,True
1201653,L405S-108,BROOKHURST2,13.58,S,4,2025-08-28,2025-08-28T06:40:00,2025-08-28T07:40:00,7209.0,7488.0,0.9627403846153846,-0.03797149375284941,65.3,46.455241362398844,1.405654089505048,True
1201653,L405S-108,BROOKHURST2,13.58,S,4,2025-08-29,2025-08-29T06:20:00,2025-08-29T07:20:00,7265.0,7488.0,0.9702190170940171,-0.030233442153044646,65.3,55.720610645544404,1.171918240727708,True
1201653,L405S-108,BROOKHURST2,13.58,S,4,2025-09-02,2025-09-02T06:20:00,2025-09-02T07:20:00,7337.0,7488.0,0.9798344017094017,-0.020371699443433696,65.3,56.83767422832205,1.1488858558442068,True
1201653,L405S-108,BROOKHURST2,13.58,S,4,2025-09-03,2025-09-03T06:05:00,2025-09-03T07:05:00,7042.0,7488.0,0.9404380341880342,-0.061409518442430165,65.3,56.57334168116926,1.154253895200528,True
1201653,L405S-108,BROOKHURST2,13.58,S,4,2025-09-04,2025-09-04T06:15:00,2025-09-04T07:15:00,7276.0,7488.0,0.9716880341880342,-0.028720478519415112,65.3,53.441905823852565,1.2218875617054594,True
1201653,L405S-108,BROOKHURST2,13.58,S,4,2025-09-05,2025-09-05T06:35:00,2025-09-05T07:35:00,7504.0,7488.0,1.0021367521367521,0.0021344725286326196,65.3,54.54123419544081,1.1972593023107374,True
1201653,L405S-108,BROOKHURST2,13.58,S,4,2025-09-08,2025-09-08T06:15:00,2025-09-08T07:15:00,7229.0,7488.0,0.9654113247863247,-0.03520102515713088,65.3,54.33384912664397,1.2018290816797388,True
1201653,L405S-108,BROOKHURST2,13.58,S,4,2025-09-09,2025-09-09T06:25:00,2025-09-09T07:25:00,7193.0,7488.0,0.9606036324786325,-0.040193408290071786,65.3,49.22765931811825,1.3264900445097199,True
1201653,L405S-108,BROOKHURST2,13.58,S,4,2025-09-10,2025-09-10T06:15:00,2025-09-10T07:15:00,7546.0,7488.0,1.0077457264957266,0.0077158823668278765,65.3,55.159180399492634,1.1838464517975442,True
1201653,L405S-108,BROOKHURST2,13.58,S,4,2025-09-11,2025-09-11T06:20:00,2025-09-11T07:20:00,7378.0,7488.0,0.9853098290598291,-0.014799140000806982,65.3,53.89674956344186,1.2115758469466766,True
1201653,L405S-108,BROOKHURST2,13.58,S,4,2025-09-12,2025-09-12T06:40:00,2025-09-12T07:40:00,7497.0,7488.0,1.0012019230769231,0.0012012013456341492,65.3,53.88023458381796,1.2119472104082445,True
1201653,L405S-108,BROOKHURST2,13.58,S,4,2025-09-15,2025-09-15T06:30:00,2025-09-15T07:30:00,7578.0,7488.0,1.0120192307692308,0.011947573421118202,65.3,53.832492402827334,1.213022044592726,True
1201653,L405S-108,BROOKHURST2,13.58,S,4,2025-09-16,2025-09-16T06:15:00,2025-09-16T07:15:00,7435.0,7488.0,0.9929220085470085,-0.007103159263172558,65.3,56.08300963138882,1.1643455019477515,True
1201653,L405S-108,BROOKHURST2,13.58,S,4,2025-09-17,2025-09-17T06:15:00,2025-09-17T07:15:00,7260.0,7488.0,0.969551282051282,-0.030921910338586205,65.3,53.136074137778415,1.2289202967965098,True
1201653,L405S-108,BROOKHURST2,13.58,S,4,2025-09-18,2025-09-18T06:20:00,2025-09-18T07:20:00,7441.0,7488.0,0.9937232905982906,-0.006296490760166775,65.3,52.80019686401894,1.236737813083783,True
1201653,L405S-108,BROOKHURST2,13.58,S,4,2025-09-19,2025-09-19T06:30:00,2025-09-19T07:30:00,7176.0,7488.0,0.9583333333333334,-0.04255961441879589,65.3,51.86598765607746,1.2590139116409633,True
1201653,L405S-108,BROOKHURST2,13.58,S,4,2025-09-22,2025-09-22T06:20:00,2025-09-22T07:20:00,7537.0,7488.0,1.0065438034188035,0.006522485686041947,65.3,53.744848572817666,1.2150001671607005,True
1201653,L405S-108,BROOKHURST2,13.58,S,4,2025-09-23,2025-09-23T06:10:00,2025-09-23T07:10:00,7163.0,7488.0,0.9565972222222222,-0.044372851542976766,65.3,55.12099169477539,1.1846666395552063,True
1201653,L405S-108,BROOKHURST2,13.58,S,4,2025-09-24,2025-09-24T06:15:00,2025-09-24T07:15:00,7238.0,7488.0,0.9666132478632479,-0.03395681403374022,65.3,57.48901930868104,1.1358690891799483,True
1201653,L405S-108,BROOKHURST2,13.58,S,4,2025-09-25,2025-09-25T06:20:00,2025-09-25T07:20:00,6689.0,7488.0,0.8932959401709402,-0.11283735303901994,65.3,59.68024046829735,1.0941644920932903,True
1201653,L405S-108,BROOKHURST2,13.58,S,4,2025-09-26,2025-09-26T06:55:00,2025-09-26T07:55:00,7308.0,7488.0,0.9759615384615384,-0.02433210065953067,65.3,52.372604372657946,1.2468350730728799,True
1201653,L405S-108,BROOKHURST2,13.58,S,4,2025-09-29,2025-09-29T06:20:00,2025-09-29T07:20:00,7261.0,7488.0,0.9696848290598291,-0.030784178777181172,65.3,54.10429954662396,1.2069281100983154,True
1201653,L405S-108,BROOKHURST2,13.58,S,4,2025-09-30,2025-09-30T06:15:00,2025-09-30T07:15:00,7412.0,7488.0,0.9898504273504274,-0.01020143075217754,65.3,56.1039976325223,1.1639099307630616,True
1201653,L405S-108,BROOKHURST2,13.58,S,4,2025-10-01,2025-10-01T06:25:00,2025-10-01T07:25:00,7481.0,7488.0,0.9990651709401709,-0.0009352662850231119,65.3,56.27535760065129,1.1603657939126852,True
1201653,L405S-108,BROOKHURST2,13.58,S,4,2025-10-02,2025-10-02T06:10:00,2025-10-02T07:10:00,7181.0,7488.0,0.9590010683760684,-0.04186309004711047,65.3,56.531503818576915,1.1551081359795996,True
1201653,L405S-108,BROOKHURST2,13.58,S,4,2025-10-03,2025-10-03T06:45:00,2025-10-03T07:45:00,7086.0,7488.0,0.9463141025641025,-0.055180732732010705,65.3,50.64145797463307,1.289457346048559,True
1201653,L405S-108,BROOKHURST2,13.58,S,4,2025-10-06,2025-10-06T06:20:00,2025-10-06T07:20:00,7384.0,7488.0,0.9861111111111112,-0.01398624197473984,65.3,55.153776989845,1.1839624331081284,True
1201653,L405S-108,BROOKHURST2,13.58,S,4,2025-10-08,2025-10-08T06:20:00,2025-10-08T07:20:00,7375.0,7488.0,0.984909188034188,-0.015205836949407402,65.3,55.56577572839003,1.1751838095303777,True
1201653,L405S-108,BROOKHURST2,13.58,S,4,2025-10-09,2025-10-09T06:20:00,2025-10-09T07:20:00,7483.0,7488.0,0.9993322649572649,-0.000667958077069498,65.3,55.09419830665078,1.1852427661537859,True
1201653,L405S-108,BROOKHURST2,13.58,S,4,2025-10-10,2025-10-10T06:35:00,2025-10-10T07:35:00,7406.0,7488.0,0.9890491452991453,-0.01101125668386994,65.3,52.13704142675667,1.2524684602929563,True
1201653,L405S-108,BROOKHURST2,13.58,S,4,2025-10-14,2025-10-14T06:20:00,2025-10-14T07:20:00,6859.0,7488.0,0.9159989316239316,-0.08774008065810657,65.3,52.073238932135126,1.2540030414682435,True
1201653,L405S-108,BROOKHURST2,13.58,S,4,2025-10-15,2025-10-15T06:15:00,2025-10-15T07:15:00,7402.0,7488.0,0.9885149572649573,-0.011551505211326649,65.3,56.04989399992911,1.1650334253992092,True
1201653,L405S-108,BROOKHURST2,13.58,S,4,2025-10-16,2025-10-16T06:15:00,2025-10-16T07:15:00,7299.0,7488.0,0.9747596153846154,-0.025564386705795635,65.3,51.47175404865625,1.2686569790932694,True
1201653,L405S-108,BROOKHURST2,13.58,S,4,2025-10-17,2025-10-17T06:20:00,2025-10-17T07:20:00,7006.0,7488.0,0.9356303418803419,-0.06653481439999584,65.3,51.731788362636955,1.262279964926993,True
1201653,L405S-108,BROOKHURST2,13.58,S,4,2025-10-20,2025-10-20T06:25:00,2025-10-20T07:25:00,7145.0,7488.0,0.9541933760683761,-0.0468889277934602,65.3,54.40406198809089,1.2002780236206305,True
1201653,L405S-108,BROOKHURST2,13.58,S,4,2025-10-21,2025-10-21T06:20:00,2025-10-21T07:20:00,7354.0,7488.0,0.9821047008547008,-0.01805735629621071,65.3,54.667295696048996,1.1944984504642226,True
1201653,L405S-108,BROOKHURST2,13.58,S,4,2025-10-22,2025-10-22T06:25:00,2025-10-22T07:25:00,7412.0,7488.0,0.9898504273504274,-0.01020143075217754,65.3,54.66955374193399,1.1944491134543866,True
1201653,L405S-108,BROOKHURST2,13.58,S,4,2025-10-23,2025-10-23T06:15:00,2025-10-23T07:15:00,7319.0,7488.0,0.9774305555555556,-0.022828032556200833,65.3,57.03926552247433,1.1448254005702583,True
1201719,L405S-108,MAGNOLIA 1,14.93,S,4,2025-06-02,2025-06-02T06:05:00,2025-06-02T07:05:00,6863.0,7488.0,0.9165331196581197,-0.08715707524879329,65.2,50.43591519135059,1.2927295906624363,True
1201719,L405S-108,MAGNOLIA 1,14.93,S,4,2025-06-03,2025-06-03T06:05:00,2025-06-03T07:05:00,6692.0,7488.0,0.8936965811965812,-0.11238895605071333,65.2,49.84635703470522,1.3080193594610114,True
1201719,L405S-108,MAGNOLIA 1,14.93,S,4,2025-06-04,2025-06-04T06:05:00,2025-06-04T07:05:00,6768.0,7488.0,0.9038461538461539,-0.10109611687136875,65.2,51.751790510806835,1.2598597914478902,True
1201719,L405S-108,MAGNOLIA 1,14.93,S,4,2025-06-05,2025-06-05T06:10:00,2025-06-05T07:10:00,6395.0,7488.0,0.8540331196581197,-0.15778530414448488,65.2,46.811870023033656,1.3928091308447732,True
1201719,L405S-108,MAGNOLIA 1,14.93,S,4,2025-06-06,2025-06-06T06:25:00,2025-06-06T07:25:00,7139.0,7488.0,0.953392094017094,-0.047729028654967434,65.2,56.35612196089083,1.156928435303737,True
1201719,L405S-108,MAGNOLIA 1,14.93,S,4,2025-06-09,2025-06-09T06:15:00,2025-06-09T07:15:00,6490.0,7488.0,0.8667200854700855,-0.14303920845929227,65.2,44.128514528791364,1.4775027144288007,True
1201719,L405S-108,MAGNOLIA 1,14.93,S,4,2025-06-10,2025-06-10T06:10:00,2025-06-10T07:10:00,6649.0,7488.0,0.8879540598290598,-0.11883527175497302,65.2,46.883488273469936,1.3906815043217438,True
1201719,L405S-108,MAGNOLIA 1,14.93,S,4,2025-06-11,2025-06-11T06:15:00,2025-06-11T07:15:00,6715.0,7488.0,0.8967681623931624,-0.10895790920009005,65.2,47.35336953021206,1.376881954691768,True
1201719,L405S-108,MAGNOLIA 1,14.93,S,4,2025-06-12,2025-06-12T06:15:00,2025-06-12T07:15:00,6749.0,7488.0,0.9013087606837606,-0.10390739341402153,65.2,46.80918143693624,1.3928891298353685,True
1201719,L405S-108,MAGNOLIA 1,14.93,S,4,2025-06-13,2025-06-13T06:25:00,2025-06-13T07:25:00,6905.0,7488.0,0.922142094017094,-0.08105595231403548,65.2,56.91048283411438,1.1456588795784484,True
1201719,L405S-108,MAGNOLIA 1,14.93,S,4,2025-06-16,2025-06-16T06:15:00,2025-06-16T07:15:00,7261.0,7488.0,0.9696848290598291,-0.030784178777181172,65.2,49.98411048395142,1.304414530312268,True
1201719,L405S-108,MAGNOLIA 1,14.93,S,4,2025-06-17,2025-06-17T06:05:00,2025-06-17T07:05:00,6830.0,7488.0,0.9121260683760684,-0.09197706559259225,65.2,54.8253863038991,1.1892301066260444,True
1201719,L405S-108,MAGNOLIA 1,14.93,S,4,2025-06-18,2025-06-18T06:15:00,2025-06-18T07:15:00,6718.0,7488.0,0.8971688034188035,-0.10851124798518988,65.2,44.62114232629892,1.4611907405510831,True
1201719,L405S-108,MAGNOLIA 1,14.93,S,4,2025-06-20,2025-06-20T06:50:00,2025-06-20T07:50:00,6605.0,7488.0,0.8820779914529915,-0.12547480120100224,65.2,51.636077762584094,1.2626830469150085,True
1201719,L405S-108,MAGNOLIA 1,14.93,S,4,2025-06-23,2025-06-23T06:25:00,2025-06-23T07:25:00,7092.0,7488.0,0.9471153846153846,-0.0543343509633295,65.2,51.2453929462648,1.2723094945992084,True
1201719,L405S-108,MAGNOLIA 1,14.93,S,4,2025-06-24,2025-06-24T06:00:00,2025-06-24T07:00:00,6910.0,7488.0,0.9228098290598291,-0.08033210139571234,65.2,54.56177408314572,1.1949758067001794,True
1201719,L405S-108,MAGNOLIA 1,14.93,S,4,2025-06-25,2025-06-25T06:10:00,2025-06-25T07:10:00,7003.0,7488.0,0.9352297008547008,-0.0669631105019103,65.2,50.48795329047263,1.2913971700315214,True
1201719,L405S-108,MAGNOLIA 1,14.93,S,4,2025-06-26,2025-06-26T06:20:00,2025-06-26T07:20:00,6873.0,7488.0,0.9178685897435898,-0.08570104703582275,65.2,46.40595843869454,1.4049919922704255,True
1201719,L405S-108,MAGNOLIA 1,14.93,S,4,2025-06-27,2025-06-27T06:45:00,2025-06-27T07:45:00,7004.0,7488.0,0.9353632478632479,-0.06682032475168549,65.2,54.86332731553177,1.1884076885278871,True
1201719,L405S-108,MAGNOLIA 1,14.93,S,4,2025-06-30,2025-06-30T06:15:00,2025-06-30T07:15:00,6661.0,7488.0,0.8895566239316239,-0.11703211574424854,65.2,49.80177302207084,1.3091903368802769,True
1201719,L405S-108,MAGNOLIA 1,14.93,S,4,2025-07-01,2025-07-01T06:15:00,2025-07-01T07:15:00,6824.0,7488.0,0.9113247863247863,-0.09285592898591295,65.2,48.69123403305667,1.3390500630100166,True
1201719,L405S-108,MAGNOLIA 1,14.93,S,4,2025-07-02,2025-07-02T06:15:00,2025-07-02T07:15:00,6969.0,7488.0,0.9306891025641025,-0.07182999671890918,65.2,49.874352772241515,1.307285135062209,True
1201719,L405S-108,MAGNOLIA 1,14.93,S,4,2025-07-03,2025-07-03T06:40:00,2025-07-03T07:40:00,7135.0,7488.0,0.952857905982906,-0.04828948824649118,65.2,55.993823770799644,1.1644141372963586,True
1201719,L405S-108,MAGNOLIA 1,14.93,S,4,2025-07-07,2025-07-07T06:30:00,2025-07-07T07:30:00,7120.0,7488.0,0.9508547008547008,-0.05039401375140658,65.2,50.60052876685893,1.2885240844104198,True
1201719,L405S-108,MAGNOLIA 1,14.93,S,4,2025-07-08,2025-07-08T06:15:00,2025-07-08T07:15:00,6544.0,7488.0,0.8739316239316239,-0.134753139874845,65.2,45.59793480410775,1.42988932020944,True
1201719,L405S-108,MAGNOLIA 1,14.93,S,4,2025-07-09,2025-07-09T06:10:00,2025-07-09T07:10:00,6661.0,7488.0,0.8895566239316239,-0.11703211574424854,65.2,47.5921109416689,1.3699749540404322,True
1201719,L405S-108,MAGNOLIA 1,14.93,S,4,2025-07-10,2025-07-10T06:10:00,2025-07-10T07:10:00,6617.0,7488.0,0.8836805555555556,-0.12365964414536847,65.2,46.94198763420633,1.3889484294544268,True
1201719,L405S-108,MAGNOLIA 1,14.93,S,4,2025-07-11,2025-07-11T06:30:00,2025-07-11T07:30:00,7091.0,7488.0,0.9469818376068376,-0.05447536485343127,65.2,57.89124791671289,1.1262496896560614,True
1201719,L405S-108,MAGNOLIA 1,14.93,S,4,2025-07-14,2025-07-14T06:15:00,2025-07-14T07:15:00,6517.0,7488.0,0.8703258547008547,-0.13888759182504765,65.2,47.85347786988286,1.362492401853918,True
1201719,L405S-108,MAGNOLIA 1,14.93,S,4,2025-07-15,2025-07-15T06:15:00,2025-07-15T07:15:00,6804.0,7488.0,0.9086538461538461,-0.09579106464167561,65.2,47.40457977178535,1.375394536010765,True
1201719,L405S-108,MAGNOLIA 1,14.93,S,4,2025-07-16,2025-07-16T06:10:00,2025-07-16T07:10:00,6752.0,7488.0,0.9017094017094017,-0.10346298188163491,65.2,48.522582006651795,1.3437042569387994,True
1201719,L405S-108,MAGNOLIA 1,14.93,S,4,2025-07-17,2025-07-17T06:15:00,2025-07-17T07:15:00,6689.0,7488.0,0.8932959401709402,-0.11283735303901994,65.2,48.118901539267235,1.354976899187813,True
1201719,L405S-108,MAGNOLIA 1,14.93,S,4,2025-07-18,2025-07-18T06:25:00,2025-07-18T07:25:00,7031.0,7488.0,0.9389690170940171,-0.06297279595826659,65.2,50.034463867982,1.3031018014309677,True
1201719,L405S-108,MAGNOLIA 1,14.93,S,4,2025-07-21,2025-07-21T06:15:00,2025-07-21T07:15:00,6593.0,7488.0,0.8804754273504274,-0.12729325904412828,65.2,47.9492486645966,1.3597710457586485,True
1201719,L405S-108,MAGNOLIA 1,14.93,S,4,2025-07-22,2025-07-22T06:10:00,2025-07-22T07:10:00,6705.0,7488.0,0.8954326923076923,-0.11044822244164909,65.2,48.13277553208662,1.3545863349711862,True
1201719,L405S-108,MAGNOLIA 1,14.93,S,4,2025-07-23,2025-07-23T06:15:00,2025-07-23T07:15:00,6866.0,7488.0,0.9169337606837606,-0.08672004413979065,65.2,46.07856889105627,1.4149745004918144,True
1201719,L405S-108,MAGNOLIA 1,14.93,S,4,2025-07-24,2025-07-24T06:10:00,2025-07-24T07:10:00,6718.0,7488.0,0.8971688034188035,-0.10851124798518988,65.2,50.64454618720336,1.287404171003796,True
1201719,L405S-108,MAGNOLIA 1,14.93,S,4,2025-07-25,2025-07-25T06:15:00,2025-07-25T07:15:00,6703.0,7488.0,0.8951655982905983,-0.11074655179947031,65.2,49.61689184450916,1.3140686080120785,True
1201719,L405S-108,MAGNOLIA 1,14.93,S,4,2025-07-28,2025-07-28T06:15:00,2025-07-28T07:15:00,6771.0,7488.0,0.9042467948717948,-0.10065295267178265,65.2,49.36516664864826,1.3207693688963842,True
1201719,L405S-108,MAGNOLIA 1,14.93,S,4,2025-07-29,2025-07-29T06:15:00,2025-07-29T07:15:00,6680.0,7488.0,0.8920940170940171,-0.11418375162673651,65.2,44.967394429926856,1.449939468954596,True
1201719,L405S-108,MAGNOLIA 1,14.93,S,4,2025-07-30,2025-07-30T06:15:00,2025-07-30T07:15:00,6774.0,7488.0,0.9046474358974359,-0.10020998477971095,65.2,47.517069421115835,1.3721384924261797,True
1201719,L405S-108,MAGNOLIA 1,14.93,S,4,2025-07-31,2025-07-31T06:00:00,2025-07-31T07:00:00,6607.0,7488.0,0.8823450854700855,-0.12517204612754224,65.2,55.69574859279111,1.17064590471164,True
1201719,L405S-108,MAGNOLIA 1,14.93,S,4,2025-08-01,2025-08-01T06:30:00,2025-08-01T07:30:00,7089.0,7488.0,0.9467147435897436,-0.05475745230241042,65.2,55.245995263631215,1.1801760415188243,True
1201719,L405S-108,MAGNOLIA 1,14.93,S,4,2025-08-04,2025-08-04T06:25:00,2025-08-04T07:25:00,7035.0,7488.0,0.9395032051282052,-0.062404048608938494,65.2,51.819613209214744,1.2582108580541453,True
1201719,L405S-108,MAGNOLIA 1,14.93,S,4,2025-08-05,2025-08-05T06:15:00,2025-08-05T07:15:00,6956.0,7488.0,0.9289529914529915,-0.0736971426832543,65.2,47.18395536233545,1.381825654490294,True
1201719,L405S-108,MAGNOLIA 1,14.93,S,4,2025-08-06,2025-08-06T06:15:00,2025-08-06T07:15:00,6939.0,7488.0,0.9266826923076923,-0.07614406725787912,65.2,49.12822071972855,1.3271394535527614,True
1201719,L405S-108,MAGNOLIA 1,14.93,S,4,2025-08-07,2025-08-07T06:10:00,2025-08-07T07:10:00,6574.0,7488.0,0.8779380341880342,-0.13017926393326326,65.2,48.878603945603246,1.3339169848746244,True
1201719,L405S-108,MAGNOLIA 1,14.93,S,4,2025-08-08,2025-08-08T06:25:00,2025-08-08T07:25:00,6869.0,7488.0,0.9173344017094017,-0.08628320394354635,65.2,53.6733796222256,1.2147548833127948,True
1201719,L405S-108,MAGNOLIA 1,14.93,S,4,2025-08-11,2025-08-11T06:20:00,2025-08-11T07:20:00,6887.0,7488.0,0.9197382478632479,-0.08366616261272973,65.2,48.04242329777915,1.3571338730328781,True
1201719,L405S-108,MAGNOLIA 1,14.93,S,4,2025-08-12,2025-08-12T06:15:00,2025-08-12T07:15:00,6797.0,7488.0,0.9077190170940171,-0.0968204008107897,65.2,47.54018867519808,1.371471208190958,True
1201719,L405S-108,MAGNOLIA 1,14.93,S,4,2025-08-13,2025-08-13T06:15:00,2025-08-13T07:15:00,6907.0,7488.0,0.922409188034188,-0.08076634906845508,65.2,50.17350611420593,1.299490608680814,True
1201719,L405S-108,MAGNOLIA 1,14.93,S,4,2025-08-14,2025-08-14T06:15:00,2025-08-14T07:15:00,6658.0,7488.0,0.8891559829059829,-0.11748260002245778,65.2,46.59829126511741,1.3991929366905236,True
1201719,L405S-108,MAGNOLIA 1,14.93,S,4,2025-08-15,2025-08-15T06:30:00,2025-08-15T07:30:00,6975.0,7488.0,0.9314903846153846,-0.07096941146786163,65.2,51.321352292656066,1.2704263837048178,True
1201719,L405S-108,MAGNOLIA 1,14.93,S,4,2025-08-18,2025-08-18T06:15:00,2025-08-18T07:15:00,6247.0,7488.0,0.8342681623931624,-0.1812003906638581,65.2,43.90177346315237,1.4851336257457495,True
1201719,L405S-108,MAGNOLIA 1,14.93,S,4,2025-08-19,2025-08-19T06:10:00,2025-08-19T07:10:00,6727.0,7488.0,0.8983707264957265,-0.1071724601318222,65.2,45.23377882557306,1.441400689768129,True
1201719,L405S-108,MAGNOLIA 1,14.93,S,4,2025-08-20,2025-08-20T06:05:00,2025-08-20T07:05:00,6597.0,7488.0,0.8810096153846154,-0.12668673893455706,65.2,51.22086334349754,1.272918801909986,True
1201719,L405S-108,MAGNOLIA 1,14.93,S,4,2025-08-21,2025-08-21T06:05:00,2025-08-21T07:05:00,6521.0,7488.0,0.8708600427350427,-0.13827400076422575,65.2,48.914283244182904,1.3329439925454467,True
1201719,L405S-108,MAGNOLIA 1,14.93,S,4,2025-08-22,2025-08-22T06:15:00,2025-08-22T07:15:00,6549.0,7488.0,0.8745993589743589,-0.13398937293937446,65.2,48.70215554980508,1.3387497794286223,True
1201719,L405S-108,MAGNOLIA 1,14.93,S,4,2025-08-25,2025-08-25T06:15:00,2025-08-25T07:15:00,6805.0,7488.0,0.9087873931623932,-0.09564410307186148,65.2,48.70966120069095,1.3385434920470178,True
1201719,L405S-108,MAGNOLIA 1,14.93,S,4,2025-08-26,2025-08-26T06:10:00,2025-08-26T07:10:00,6812.0,7488.0,0.9097222222222222,-0.09461597637484909,65.2,50.111854173341904,1.301089354516133,True
1201719,L405S-108,MAGNOLIA 1,14.93,S,4,2025-08-27,2025-08-27T06:10:00,2025-08-27T07:10:00,6730.0,7488.0,0.8987713675213675,-0.10672659551865446,65.2,48.600673048501264,1.3415452073047087,True
1201719,L405S-108,MAGNOLIA 1,14.93,S,4,2025-08-28,2025-08-28T09:00:00,2025-08-28T10:00:00,6068.0,7488.0,0.8103632478632479,-0.2102726776890051,65.2,44.14051471845579,1.4771010355422733,True
1201719,L405S-108,MAGNOLIA 1,14.93,S,4,2025-08-29,2025-08-29T06:25:00,2025-08-29T07:25:00,6746.0,7488.0,0.9009081196581197,-0.1043520025358324,65.2,49.39563141931973,1.3199547839872097,True
1201719,L405S-108,MAGNOLIA 1,14.93,S,4,2025-09-02,2025-09-02T06:15:00,2025-09-02T07:15:00,6482.0,7488.0,0.8656517094017094,-0.14427263445593524,65.2,46.29604356300489,1.408327688115907,True
1201719,L405S-108,MAGNOLIA 1,14.93,S,4,2025-09-03,2025-09-03T06:05:00,2025-09-03T07:05:00,6553.0,7488.0,0.8751335470085471,-0.13337877911793106,65.2,49.80928805234262,1.3089928113705196,True
1201719,L405S-108,MAGNOLIA 1,14.93,S,4,2025-09-04,2025-09-04T06:15:00,2025-09-04T07:15:00,6443.0,7488.0,0.8604433760683761,-0.15030746901878556,65.2,44.24415564736202,1.4736409599419587,True
1201719,L405S-108,MAGNOLIA 1,14.93,S,4,2025-09-05,2025-09-05T06:30:00,2025-09-05T07:30:00,6750.0,7488.0,0.9014423076923077,-0.10375923429085245,65.2,43.43443476389112,1.501113122673891,True
1201719,L405S-108,MAGNOLIA 1,14.93,S,4,2025-09-08,2025-09-08T06:15:00,2025-09-08T07:15:00,6575.0,7488.0,0.8780715811965812,-0.13002716111146262,65.2,45.66318089221603,1.4278462149603404,True
1201719,L405S-108,MAGNOLIA 1,14.93,S,4,2025-09-09,2025-09-09T06:15:00,2025-09-09T07:15:00,6118.0,7488.0,0.8170405982905983,-0.20206649344657923,65.2,38.590054628491224,1.6895544882660656,True
1201719,L405S-108,MAGNOLIA 1,14.93,S,4,2025-09-10,2025-09-10T06:10:00,2025-09-10T07:10:00,6751.0,7488.0,0.9015758547008547,-0.10361109711555753,65.2,47.26902568654439,1.379338775297834,True
1201719,L405S-108,MAGNOLIA 1,14.93,S,4,2025-09-11,2025-09-11T06:10:00,2025-09-11T07:10:00,6572.0,7488.0,0.8776709401709402,-0.1304835390002693,65.2,48.68097459620441,1.3393322656503175,True
1201719,L405S-108,MAGNOLIA 1,14.93,S,4,2025-09-12,2025-09-12T06:25:00,2025-09-12T07:25:00,6680.0,7488.0,0.8920940170940171,-0.11418375162673651,65.2,45.62951008030846,1.4288998476040453,True
1201719,L405S-108,MAGNOLIA 1,14.93,S,4,2025-09-15,2025-09-15T06:20:00,2025-09-15T07:20:00,6821.0,7488.0,0.9109241452991453,-0.0932956505027086,65.2,47.376122239405625,1.3762206976443752,True
1201719,L405S-108,MAGNOLIA 1,14.93,S,4,2025-09-16,2025-09-16T06:10:00,2025-09-16T07:10:00,6619.0,7488.0,0.8839476495726496,-0.12335743803850516,65.2,48.473842895294204,1.3450553144885808,True
1201719,L405S-108,MAGNOLIA 1,14.93,S,4,2025-09-17,2025-09-17T06:15:00,2025-09-17T07:15:00,6546.0,7488.0,0.874198717948718,-0.13444756309630215,65.2,42.8815389359609,1.5204678194355243,True
1201719,L405S-108,MAGNOLIA 1,14.93,S,4,2025-09-18,2025-09-18T06:15:00,2025-09-18T07:15:00,6635.0,7488.0,0.8860844017094017,-0.12094307139112008,65.2,49.12090344330243,1.3273371503693288,True
1201719,L405S-108,MAGNOLIA 1,14.93,S,4,2025-09-19,2025-09-19T06:20:00,2025-09-19T07:20:00,6631.0,7488.0,0.8855502136752137,-0.12154611678856034,65.2,46.642562210538586,1.397864887989976,True
1201719,L405S-108,MAGNOLIA 1,14.93,S,4,2025-09-22,2025-09-22T06:15:00,2025-09-22T07:15:00,6831.0,7488.0,0.9122596153846154,-0.09183066342557863,65.2,44.031850158367945,1.4807463180742406,True
1201719,L405S-108,MAGNOLIA 1,14.93,S,4,2025-09-23,2025-09-23T06:05:00,2025-09-23T07:05:00,6524.0,7488.0,0.8712606837606838,-0.13781405441652347,65.2,49.05931629713393,1.3290034374940731,True
1201719,L405S-108,MAGNOLIA 1,14.93,S,4,2025-09-24,2025-09-24T06:15:00,2025-09-24T07:15:00,6404.0,7488.0,0.8552350427350427,-0.15637894404082273,65.2,45.65614330707979,1.4280663077796498,True
1201719,L405S-108,MAGNOLIA 1,14.93,S,4,2025-09-25,2025-09-25T09:00:00,2025-09-25T10:00:00,5612.0,7488.0,0.749465811965812,-0.2883945769350764,65.2,34.40133753429168,1.8952751454796732,True
1201719,L405S-108,MAGNOLIA 1,14.93,S,4,2025-09-26,2025-09-26T06:20:00,2025-09-26T07:20:00,6612.0,7488.0,0.8830128205128205,-0.1244155592165132,65.2,45.92556562106638,1.4196885573052649,True
1201719,L405S-108,MAGNOLIA 1,14.93,S,4,2025-09-29,2025-09-29T06:10:00,2025-09-29T07:10:00,6500.0,7488.0,0.8680555555555556,-0.14149956227369948,65.2,49.78957189409413,1.3095111590572603,True
1201719,L405S-108,MAGNOLIA 1,14.93,S,4,2025-09-30,2025-09-30T06:15:00,2025-09-30T07:15:00,6685.0,7488.0,0.8927617521367521,-0.11343552862138444,65.2,45.74531909931314,1.4252824394655708,True
1201719,L405S-108,MAGNOLIA 1,14.93,S,4,2025-10-01,2025-10-01T06:15:00,2025-10-01T07:15:00,6595.0,7488.0,0.8807425213675214,-0.12698995300601296,65.2,46.597087584503534,1.3992290801814642,True
1201719,L405S-108,MAGNOLIA 1,14.93,S,4,2025-10-02,2025-10-02T06:10:00,2025-10-02T07:10:00,6444.0,7488.0,0.8605769230769231,-0.15015227386056293,65.2,45.52347652361832,1.4322280497662163,True
1201719,L405S-108,MAGNOLIA 1,14.93,S,4,2025-10-03,2025-10-03T06:25:00,2025-10-03T07:25:00,6309.0,7488.0,0.8425480769230769,-0.17132455378661857,65.2,41.314667408607846,1.5781320312992688,True
1201719,L405S-108,MAGNOLIA 1,14.93,S,4,2025-10-06,2025-10-06T06:15:00,2025-10-06T07:15:00,6664.0,7488.0,0.8899572649572649,-0.11658183431074942,65.2,46.94769586431312,1.3887795513636956,True
1201719,L405S-108,MAGNOLIA 1,14.93,S,4,2025-10-08,2025-10-08T06:10:00,2025-10-08T07:10:00,6489.0,7488.0,0.8665865384615384,-0.14319330353625956,65.2,47.4623446713678,1.3737205873719223,True
1201719,L405S-108,MAGNOLIA 1,14.93,S,4,2025-10-09,2025-10-09T06:15:00,2025-10-09T07:15:00,6603.0,7488.0,0.8818108974358975,-0.1257776479628566,65.2,45.51424779917791,1.4325184563673634,True
1201719,L405S-108,MAGNOLIA 1,14.93,S,4,2025-10-10,2025-10-10T06:20:00,2025-10-10T07:20:00,6679.0,7488.0,0.8919604700854701,-0.11433346343179202,65.2,49.77370878483411,1.3099285062692823,True
1201719,L405S-108,MAGNOLIA 1,14.93,S,4,2025-10-14,2025-10-14T06:15:00,2025-10-14T07:15:00,6127.0,7488.0,0.8182425213675214,-0.20059650543177338,65.2,44.94904741045615,1.4505312961278247,True
1201719,L405S-108,MAGNOLIA 1,14.93,S,4,2025-10-15,2025-10-15T06:15:00,2025-10-15T07:15:00,6577.0,7488.0,0.8783386752136753,-0.1297230248560769,65.2,46.08379264974608,1.4148141081951346,True
1201719,L405S-108,MAGNOLIA 1,14.93,S,4,2025-10-16,2025-10-16T06:15:00,2025-10-16T07:15:00,6599.0,7488.0,0.8812767094017094,-0.1263836167740063,65.2,45.99176362116922,1.4176451361388882,True
1201719,L405S-108,MAGNOLIA 1,14.93,S,4,2025-10-17,2025-10-17T06:20:00,2025-10-17T07:20:00,6488.0,7488.0,0.8664529914529915,-0.1433474223621791,65.2,46.86152250922599,1.3913333692298104,True
1201719,L405S-108,MAGNOLIA 1,14.93,S,4,2025-10-20,2025-10-20T06:10:00,2025-10-20T07:10:00,6404.0,7488.0,0.8552350427350427,-0.15637894404082273,65.2,48.48577191958989,1.344724388592378,True
1201719,L405S-108,MAGNOLIA 1,14.93,S,4,2025-10-21,2025-10-21T06:15:00,2025-10-21T07:15:00,6450.0,7488.0,0.8613782051282052,-0.14922160836760975,65.2,45.19332289532376,1.442690995548512,True
1201719,L405S-108,MAGNOLIA 1,14.93,S,4,2025-10-22,2025-10-22T06:05:00,2025-10-22T07:05:00,6405.0,7488.0,0.8553685897435898,-0.15622280382659334,65.2,48.565243665495814,1.3425238931998338,True
1201719,L405S-108,MAGNOLIA 1,14.93,S,4,2025-10-23,2025-10-23T06:10:00,2025-10-23T07:10:00,6549.0,7488.0,0.8745993589743589,-0.13398937293937446,65.2,48.73502827494257,1.3378467666453167,True
1222412,L405S-041,FAIRVIEW,10.05,S,5,2025-06-02,2025-06-02T07:20:00,2025-06-02T08:20:00,5427.0,9360.0,0.5798076923076924,-0.5450587954082328,70.0,68.85774159695373,1.0165886707370142,True
1222412,L405S-041,FAIRVIEW,10.05,S,5,2025-06-03,2025-06-03T07:15:00,2025-06-03T08:15:00,5297.0,9360.0,0.5659188034188034,-0.5693046679271111,70.0,69.93284779847922,1.000960238337702,True
1222412,L405S-041,FAIRVIEW,10.05,S,5,2025-06-04,2025-06-04T07:15:00,2025-06-04T08:15:00,5358.0,9360.0,0.5724358974358974,-0.5578545193670837,70.0,70.05758395947673,0.9991780481680608,True
1222412,L405S-041,FAIRVIEW,10.05,S,5,2025-06-05,2025-06-05T07:10:00,2025-06-05T08:10:00,5062.0,9360.0,0.5408119658119658,-0.6146836283665684,70.0,69.70774804373384,1.0041925318844442,True
1222412,L405S-041,FAIRVIEW,10.05,S,5,2025-06-06,2025-06-06T08:05:00,2025-06-06T09:05:00,5055.0,9360.0,0.5400641025641025,-0.616067438017066,70.0,69.67468591824372,1.0046690426726572,True
1222412,L405S-041,FAIRVIEW,10.05,S,5,2025-06-09,2025-06-09T07:15:00,2025-06-09T08:15:00,5078.0,9360.0,0.5425213675213675,-0.611527807207014,70.0,68.54129133492725,1.0212821882497773,True
1222412,L405S-041,FAIRVIEW,10.05,S,5,2025-06-10,2025-06-10T07:20:00,2025-06-10T08:20:00,5228.0,9360.0,0.5585470085470086,-0.5824164947275251,70.0,69.54112710243385,1.0065985829779582,True
1222412,L405S-041,FAIRVIEW,10.05,S,5,2025-06-11,2025-06-11T07:20:00,2025-06-11T08:20:00,5334.0,9360.0,0.5698717948717948,-0.5623438647296782,70.0,69.39951979365668,1.0086525124111623,True
1222412,L405S-041,FAIRVIEW,10.05,S,5,2025-06-12,2025-06-12T07:15:00,2025-06-12T08:15:00,5339.0,9360.0,0.5704059829059829,-0.5614069209714515,70.0,69.49134418995672,1.0073197002586805,True
1222412,L405S-041,FAIRVIEW,10.05,S,5,2025-06-13,2025-06-13T09:00:00,2025-06-13T10:00:00,5095.0,9360.0,0.5443376068376068,-0.6081856238148127,70.0,69.54955641197358,1.0064765846292136,True
1222412,L405S-041,FAIRVIEW,10.05,S,5,2025-06-16,2025-06-16T07:00:00,2025-06-16T08:00:00,4763.0,9360.0,0.5088675213675213,-0.6755675686707774,70.0,68.47439003394902,1.0222800081212056,True
1222412,L405S-041,FAIRVIEW,10.05,S,5,2025-06-17,2025-06-17T09:00:00,2025-06-17T10:00:00,4929.0,9360.0,0.5266025641025641,-0.6413091627662599,70.0,68.99136547899649,1.0146197210911934,True
1222412,L405S-041,FAIRVIEW,10.05,S,5,2025-06-18,2025-06-18T09:00:00,2025-06-18T10:00:00,4956.0,9360.0,0.5294871794871795,-0.6358463267226047,70.0,69.16632151031403,1.012053243131654,True
1222412,L405S-041,FAIRVIEW,10.05,S,5,2025-06-20,2025-06-20T09:00:00,2025-06-20T10:00:00,4938.0,9360.0,0.5275641025641026,-0.6394848995665129,70.0,69.40724416493921,1.008540258905139,True
1222412,L405S-041,FAIRVIEW,10.05,S,5,2025-06-23,2025-06-23T07:15:00,2025-06-23T08:15:00,4937.0,9360.0,0.527457264957265,-0.6396874312127748,70.0,69.19975946368544,1.0115642097966324,True
1222412,L405S-041,FAIRVIEW,10.05,S,5,2025-06-24,2025-06-24T08:20:00,2025-06-24T09:20:00,5082.0,9360.0,0.5429487179487179,-0.6107404055915284,70.0,69.27362652313235,1.0104855702425957,True
1222412,L405S-041,FAIRVIEW,10.05,S,5,2025-06-25,2025-06-25T07:15:00,2025-06-25T08:15:00,4931.0,9360.0,0.5268162393162393,-0.6409034832475116,70.0,69.51640719574988,1.0069565275847525,True
1222412,L405S-041,FAIRVIEW,10.05,S,5,2025-06-26,2025-06-26T09:00:00,2025-06-26T10:00:00,4888.0,9360.0,0.5222222222222223,-0.6496620686202064,70.0,69.39107878786008,1.008775208899713,True
1222412,L405S-041,FAIRVIEW,10.05,S,5,2025-06-27,2025-06-27T07:25:00,2025-06-27T08:25:00,4776.0,9360.0,0.5102564102564102,-0.6728419143991998,70.0,69.56577054663212,1.006241998758237,True
1222412,L405S-041,FAIRVIEW,10.05,S,5,2025-06-30,2025-06-30T07:15:00,2025-06-30T08:15:00,4829.0,9360.0,0.5159188034188035,-0.6618058835980958,70.0,69.49959284079756,1.0072001451914794,True
1222412,L405S-041,FAIRVIEW,10.05,S,5,2025-07-01,2025-07-01T07:00:00,2025-07-01T08:00:00,4956.0,9360.0,0.5294871794871795,-0.6358463267226047,70.0,69.61604726581498,1.0055152906443965,True
1222412,L405S-041,FAIRVIEW,10.05,S,5,2025-07-02,2025-07-02T07:25:00,2025-07-02T08:25:00,4929.0,9360.0,0.5266025641025641,-0.6413091627662599,70.0,69.85758314083809,1.0020386742964582,True
1222412,L405S-041,FAIRVIEW,10.05,S,5,2025-07-03,2025-07-03T09:00:00,2025-07-03T10:00:00,5082.0,9360.0,0.5429487179487179,-0.6107404055915284,70.0,69.27456414793286,1.0104718934141252,True
1222412,L405S-041,FAIRVIEW,10.05,S,5,2025-07-07,2025-07-07T07:10:00,2025-07-07T08:10:00,4691.0,9360.0,0.5011752136752137,-0.6907995111431797,70.0,69.52456570209654,1.0068383641537675,True
1222412,L405S-041,FAIRVIEW,10.05,S,5,2025-07-08,2025-07-08T07:15:00,2025-07-08T08:15:00,4959.0,9360.0,0.5298076923076923,-0.6352411829825039,70.0,69.45803392309527,1.0078027845922735,True
1222412,L405S-041,FAIRVIEW,10.05,S,5,2025-07-09,2025-07-09T07:05:00,2025-07-09T08:05:00,4982.0,9360.0,0.5322649572649573,-0.630613873649512,70.0,69.64084244477031,1.0051572833214149,True
1222412,L405S-041,FAIRVIEW,10.05,S,5,2025-07-10,2025-07-10T07:10:00,2025-07-10T08:10:00,5019.0,9360.0,0.5362179487179487,-0.6232145798167041,70.0,69.49129572245211,1.007320402825408,True
1222412,L405S-041,FAIRVIEW,10.05,S,5,2025-07-11,2025-07-11T09:00:00,2025-07-11T10:00:00,4790.0,9360.0,0.5117521367521367,-0.6699148790666769,70.0,69.25774552788339,1.0107172774172641,True
1222412,L405S-041,FAIRVIEW,10.05,S,5,2025-07-14,2025-07-14T07:25:00,2025-07-14T08:25:00,4940.0,9360.0,0.5277777777777778,-0.6390799592896695,70.0,69.94963109406551,1.000720073932438,True
1222412,L405S-041,FAIRVIEW,10.05,S,5,2025-07-15,2025-07-15T07:25:00,2025-07-15T08:25:00,5104.0,9360.0,0.5452991452991452,-0.606420744447012,70.0,69.78288442649081,1.0031113012208301,True
1222412,L405S-041,FAIRVIEW,10.05,S,5,2025-07-16,2025-07-16T09:00:00,2025-07-16T10:00:00,5577.0,9360.0,0.5958333333333333,-0.517794293082084,70.0,69.83237195775348,1.0024004346057145,True
1222412,L405S-041,FAIRVIEW,10.05,S,5,2025-07-17,2025-07-17T07:30:00,2025-07-17T08:30:00,5123.0,9360.0,0.5473290598290599,-0.6027050855324353,70.0,69.93210965359573,1.0009708036371354,True
1222412,L405S-041,FAIRVIEW,10.05,S,5,2025-07-18,2025-07-18T07:55:00,2025-07-18T08:55:00,4783.0,9360.0,0.5110042735042735,-0.6713773257913409,70.0,69.35784034630284,1.0092586454608574,True
1222412,L405S-041,FAIRVIEW,10.05,S,5,2025-07-21,2025-07-21T07:45:00,2025-07-21T08:45:00,4874.0,9360.0,0.5207264957264958,-0.6525303352864861,70.0,69.6243021014391,1.0053960741755592,True
1222412,L405S-041,FAIRVIEW,10.05,S,5,2025-07-22,2025-07-22T07:35:00,2025-07-22T08:35:00,5807.0,9360.0,0.6204059829059829,-0.47738120409958784,70.0,69.47470897772462,1.0075608956122983,True
1222412,L405S-041,FAIRVIEW,10.05,S,5,2025-07-23,2025-07-23T07:10:00,2025-07-23T08:10:00,5153.0,9360.0,0.5505341880341881,-0.5968662211434134,70.0,69.61583401600603,1.0055183707761892,True
1222412,L405S-041,FAIRVIEW,10.05,S,5,2025-07-24,2025-07-24T07:15:00,2025-07-24T08:15:00,5134.0,9360.0,0.5485042735042736,-0.6005602080405519,70.0,69.52442221707099,1.0068404420743569,True
1222412,L405S-041,FAIRVIEW,10.05,S,5,2025-07-25,2025-07-25T07:40:00,2025-07-25T08:40:00,4821.0,9360.0,0.5150641025641025,-0.6634639150660155,70.0,69.09006113439013,1.0131703294318977,True
1222412,L405S-041,FAIRVIEW,10.05,S,5,2025-07-28,2025-07-28T09:00:00,2025-07-28T10:00:00,4923.0,9360.0,0.5259615384615385,-0.6425271897134371,70.0,69.30729112127601,1.0099947475585487,True
1222412,L405S-041,FAIRVIEW,10.05,S,5,2025-07-29,2025-07-29T07:15:00,2025-07-29T08:15:00,5185.0,9360.0,0.5539529914529915,-0.5906754488080099,70.0,69.39923264059566,1.008656685910572,True
1222412,L405S-041,FAIRVIEW,10.05,S,5,2025-07-30,2025-07-30T07:10:00,2025-07-30T08:10:00,5084.0,9360.0,0.5431623931623931,-0.6103469371622932,70.0,69.56598742755834,1.0062388616691973,True
1222412,L405S-041,FAIRVIEW,10.05,S,5,2025-07-31,2025-07-31T07:20:00,2025-07-31T08:20:00,5137.0,9360.0,0.5488247863247864,-0.5999760390043698,70.0,69.49084029321585,1.0073270046042868,True
1222412,L405S-041,FAIRVIEW,10.05,S,5,2025-08-01,2025-08-01T07:35:00,2025-08-01T08:35:00,4921.0,9360.0,0.5257478632478633,-0.6429335286056594,70.0,69.30815434917395,1.0099821681492274,True
1222412,L405S-041,FAIRVIEW,10.05,S,5,2025-08-04,2025-08-04T08:35:00,2025-08-04T09:35:00,6075.0,9360.0,0.6490384615384616,-0.4322633012628885,70.0,68.79811210794252,1.0174697801325094,True
1222412,L405S-041,FAIRVIEW,10.05,S,5,2025-08-05,2025-08-05T07:20:00,2025-08-05T08:20:00,5232.0,9360.0,0.558974358974359,-0.5816516763346031,70.0,69.47475752523728,1.0075601915497427,True
1222412,L405S-041,FAIRVIEW,10.05,S,5,2025-08-06,2025-08-06T07:15:00,2025-08-06T08:15:00,5149.0,9360.0,0.5501068376068377,-0.5976427694254963,70.0,69.50757762434488,1.007084441617523,True
1222412,L405S-041,FAIRVIEW,10.05,S,5,2025-08-07,2025-08-07T07:15:00,2025-08-07T08:15:00,5262.0,9360.0,0.5621794871794872,-0.5759341078713996,70.0,69.1745402821537,1.0119329989686865,True
1222412,L405S-041,FAIRVIEW,10.05,S,5,2025-08-08,2025-08-08T07:15:00,2025-08-08T08:15:00,4881.0,9360.0,0.521474358974359,-0.6510951735844902,70.0,69.44972422744962,1.0079233687199134,True
1222412,L405S-041,FAIRVIEW,10.05,S,5,2025-08-11,2025-08-11T07:00:00,2025-08-11T08:00:00,4960.0,9360.0,0.5299145299145299,-0.6350395497526645,70.0,69.36591348811066,1.0091411830393904,True
1222412,L405S-041,FAIRVIEW,10.05,S,5,2025-08-12,2025-08-12T07:05:00,2025-08-12T08:05:00,5223.0,9360.0,0.5580128205128205,-0.583373341035339,70.0,69.69968883327084,1.0043086442960676,True
1222412,L405S-041,FAIRVIEW,10.05,S,5,2025-08-13,2025-08-13T07:15:00,2025-08-13T08:15:00,5229.0,9360.0,0.5586538461538462,-0.5822252352835071,70.0,69.66632398593092,1.004789631416988,True
1222412,L405S-041,FAIRVIEW,10.05,S,5,2025-08-14,2025-08-14T07:15:00,2025-08-14T08:15:00,5219.0,9360.0,0.5575854700854701,-0.5841394778282245,70.0,69.632893954426,1.0052720205168304,True
1222412,L405S-041,FAIRVIEW,10.05,S,5,2025-08-15,2025-08-15T08:10:00,2025-08-15T09:10:00,5012.0,9360.0,0.5354700854700855,-0.6246102534556789,70.0,69.45762683654776,1.0078086912576008,True
1222412,L405S-041,FAIRVIEW,10.05,S,5,2025-08-18,2025-08-18T07:15:00,2025-08-18T08:15:00,5013.0,9360.0,0.5355769230769231,-0.6244107522081344,70.0,69.59110544847036,1.0058756726006086,True
1222412,L405S-041,FAIRVIEW,10.05,S,5,2025-08-19,2025-08-19T07:25:00,2025-08-19T08:25:00,5229.0,9360.0,0.5586538461538462,-0.5822252352835071,70.0,69.68266785253567,1.0045539609381184,True
1222412,L405S-041,FAIRVIEW,10.05,S,5,2025-08-20,2025-08-20T06:55:00,2025-08-20T07:55:00,5273.0,9360.0,0.5633547008547009,-0.573845829941168,70.0,69.69141662892449,1.004427853328317,True
1222412,L405S-041,FAIRVIEW,10.05,S,5,2025-08-21,2025-08-21T07:15:00,2025-08-21T08:15:00,5290.0,9360.0,0.5651709401709402,-0.5706270446192927,70.0,69.59151192957592,1.0058697973229473,True
1222412,L405S-041,FAIRVIEW,10.05,S,5,2025-08-22,2025-08-22T08:40:00,2025-08-22T09:40:00,5065.0,9360.0,0.5411324786324786,-0.6140911527888541,70.0,69.51616716725114,1.0069600044488183,True
1222412,L405S-041,FAIRVIEW,10.05,S,5,2025-08-25,2025-08-25T07:10:00,2025-08-25T08:10:00,5413.0,9360.0,0.5783119658119659,-0.5476418226746598,70.0,69.56570034135403,1.0062430142514902,True
1222412,L405S-041,FAIRVIEW,10.05,S,5,2025-08-26,2025-08-26T07:10:00,2025-08-26T08:10:00,5443.0,9360.0,0.5815170940170941,-0.5421149110374376,70.0,69.87478222632797,1.0017920309685753,True
1222412,L405S-041,FAIRVIEW,10.05,S,5,2025-08-27,2025-08-27T06:55:00,2025-08-27T07:55:00,5459.0,9360.0,0.5832264957264958,-0.53917966768988,70.0,69.48263894872986,1.0074459038847372,True
1222412,L405S-041,FAIRVIEW,10.05,S,5,2025-08-28,2025-08-28T07:05:00,2025-08-28T08:05:00,5346.0,9360.0,0.5711538461538461,-0.5600966727727735,70.0,69.86518802684252,1.0019296015220869,True
1222412,L405S-041,FAIRVIEW,10.05,S,5,2025-08-29,2025-08-29T07:30:00,2025-08-29T08:30:00,5098.0,9360.0,0.5446581196581196,-0.6075969845355771,70.0,69.52446887684836,1.0068397663561295,True
1222412,L405S-041,FAIRVIEW,10.05,S,5,2025-09-02,2025-09-02T07:25:00,2025-09-02T08:25:00,5551.0,9360.0,0.5930555555555556,-0.5224671987814764,70.0,69.78264566004671,1.0031147334397745,True
1222412,L405S-041,FAIRVIEW,10.05,S,5,2025-09-03,2025-09-03T07:00:00,2025-09-03T08:00:00,5524.0,9360.0,0.5901709401709402,-0.5273430549424549,70.0,69.64136856344862,1.0051496896736691,True
1222412,L405S-041,FAIRVIEW,10.05,S,5,2025-09-04,2025-09-04T06:55:00,2025-09-04T07:55:00,5292.0,9360.0,0.5653846153846154,-0.5702490442367915,70.0,69.79141698708585,1.0029886628172737,True
1222412,L405S-041,FAIRVIEW,10.05,S,5,2025-09-05,2025-09-05T07:20:00,2025-09-05T08:20:00,5134.0,9360.0,0.5485042735042736,-0.6005602080405519,70.0,69.59043735267693,1.0058853294059276,True
1222412,L405S-041,FAIRVIEW,10.05,S,5,2025-09-08,2025-09-08T07:15:00,2025-09-08T08:15:00,5400.0,9360.0,0.5769230769230769,-0.5500463369192721,70.0,68.1905790295176,1.0265347647172665,True
1222412,L405S-041,FAIRVIEW,10.05,S,5,2025-09-09,2025-09-09T07:20:00,2025-09-09T08:20:00,5497.0,9360.0,0.5872863247863248,-0.5322428016109774,70.0,69.64122481451335,1.0051517644389834,True
1222412,L405S-041,FAIRVIEW,10.05,S,5,2025-09-10,2025-09-10T07:15:00,2025-09-10T08:15:00,5436.0,9360.0,0.5807692307692308,-0.5434017942006033,70.0,69.5076026464668,1.0070840790760351,True
1222412,L405S-041,FAIRVIEW,10.05,S,5,2025-09-11,2025-09-11T07:25:00,2025-09-11T08:25:00,5486.0,9360.0,0.5861111111111111,-0.5342458979740892,70.0,69.88273951101657,1.0016779606781865,True
1222412,L405S-041,FAIRVIEW,10.05,S,5,2025-09-12,2025-09-12T07:25:00,2025-09-12T08:25:00,5277.0,9360.0,0.5637820512820513,-0.5730875360659698,70.0,69.52406099807227,1.006845673211479,True
1222412,L405S-041,FAIRVIEW,10.05,S,5,2025-09-15,2025-09-15T07:10:00,2025-09-15T08:10:00,5382.0,9360.0,0.575,-0.5533852381847867,70.0,68.18289694297192,1.02665042317794,True
1222412,L405S-041,FAIRVIEW,10.05,S,5,2025-09-16,2025-09-16T07:20:00,2025-09-16T08:20:00,5466.0,9360.0,0.583974358974359,-0.5378982029836243,70.0,69.63277482815894,1.0052737403147771,True
1222412,L405S-041,FAIRVIEW,10.05,S,5,2025-09-17,2025-09-17T07:10:00,2025-09-17T08:10:00,5570.0,9360.0,0.5950854700854701,-0.519050236550308,70.0,69.5326294864839,1.0067215998728618,True
1222412,L405S-041,FAIRVIEW,10.05,S,5,2025-09-18,2025-09-18T06:50:00,2025-09-18T07:50:00,5502.0,9360.0,0.5878205128205128,-0.5313336279871178,70.0,69.69132120842546,1.0044292285785683,True
1222412,L405S-041,FAIRVIEW,10.05,S,5,2025-09-19,2025-09-19T07:25:00,2025-09-19T08:25:00,5397.0,9360.0,0.576602564102564,-0.5506020468529951,70.0,69.57466174512409,1.0061134074418367,True
1222412,L405S-041,FAIRVIEW,10.05,S,5,2025-09-22,2025-09-22T07:00:00,2025-09-22T08:00:00,5432.0,9360.0,0.5803418803418804,-0.5441379002331056,70.0,68.10783307163703,1.0277819282016027,True
1222412,L405S-041,FAIRVIEW,10.05,S,5,2025-09-23,2025-09-23T07:20:00,2025-09-23T08:20:00,5424.0,9360.0,0.5794871794871795,-0.5456117398514061,70.0,69.70810723091077,1.0041873575497082,True
1222412,L405S-041,FAIRVIEW,10.05,S,5,2025-09-24,2025-09-24T07:10:00,2025-09-24T08:10:00,5505.0,9360.0,0.5881410256410257,-0.5307885203148573,70.0,69.64117727657627,1.005152450568127,True
1222412,L405S-041,FAIRVIEW,10.05,S,5,2025-09-25,2025-09-25T07:20:00,2025-09-25T08:20:00,5472.0,9360.0,0.5846153846153846,-0.5368011101692512,70.0,69.77458999877754,1.003230545693302,True
1222412,L405S-041,FAIRVIEW,10.05,S,5,2025-09-26,2025-09-26T07:40:00,2025-09-26T08:40:00,5193.0,9360.0,0.5548076923076923,-0.5891337256273187,70.0,69.57454260936164,1.006115130257157,True
1222412,L405S-041,FAIRVIEW,10.05,S,5,2025-09-29,2025-09-29T06:50:00,2025-09-29T07:50:00,5256.0,9360.0,0.5615384615384615,-0.5770750093071912,70.0,69.80751034743164,1.0027574347174155,True
1222412,L405S-041,FAIRVIEW,10.05,S,5,2025-09-30,2025-09-30T06:50:00,2025-09-30T07:50:00,5455.0,9360.0,0.5827991452991453,-0.5399126712044665,70.0,69.81612163837572,1.002633752166537,True
1222412,L405S-041,FAIRVIEW,10.05,S,5,2025-10-01,2025-10-01T07:05:00,2025-10-01T08:05:00,5477.0,9360.0,0.5851495726495727,-0.5358877846879163,70.0,69.88283699688519,1.001676563347307,True
1222412,L405S-041,FAIRVIEW,10.05,S,5,2025-10-02,2025-10-02T07:10:00,2025-10-02T08:10:00,5329.0,9360.0,0.5693376068376068,-0.5632816871748555,70.0,69.64977256896233,1.0050284073891396,True
1222412,L405S-041,FAIRVIEW,10.05,S,5,2025-10-03,2025-10-03T07:15:00,2025-10-03T08:15:00,5132.0,9360.0,0.5482905982905983,-0.6009498437361106,70.0,69.69942631126875,1.0043124270117938,True
1222412,L405S-041,FAIRVIEW,10.05,S,5,2025-10-06,2025-10-06T07:00:00,2025-10-06T08:00:00,5233.0,9360.0,0.5590811965811966,-0.58146056309943,70.0,69.707583088589,1.0041949081929777,True
1222412,L405S-041,FAIRVIEW,10.05,S,5,2025-10-08,2025-10-08T07:10:00,2025-10-08T08:10:00,5369.0,9360.0,0.5736111111111111,-0.5558036190490683,70.0,69.84977322045987,1.0021507124878701,True
1222412,L405S-041,FAIRVIEW,10.05,S,5,2025-10-09,2025-10-09T07:10:00,2025-10-09T08:10:00,5482.0,9360.0,0.5856837606837607,-0.5349752926089065,70.0,69.41563816020543,1.0084183024932496,True
1222412,L405S-041,FAIRVIEW,10.05,S,5,2025-10-10,2025-10-10T07:15:00,2025-10-10T08:15:00,5176.0,9360.0,0.552991452991453,-0.5924127332909012,70.0,69.78250317141791,1.0031167816959476,True
1222412,L405S-041,FAIRVIEW,10.05,S,5,2025-10-14,2025-10-14T07:30:00,2025-10-14T08:30:00,5089.0,9360.0,0.5436965811965812,-0.6093639428828052,70.0,69.7158799699125,1.0040753990369211,True
1222412,L405S-041,FAIRVIEW,10.05,S,5,2025-10-15,2025-10-15T07:15:00,2025-10-15T08:15:00,5356.0,9360.0,0.5722222222222222,-0.5582278626605747,70.0,69.79940356191261,1.0028738990285133,True
1222412,L405S-041,FAIRVIEW,10.05,S,5,2025-10-16,2025-10-16T07:30:00,2025-10-16T08:30:00,5423.0,9360.0,0.5793803418803419,-0.545796122630577,70.0,69.44110466280829,1.0080484799299434,True
1222412,L405S-041,FAIRVIEW,10.05,S,5,2025-10-17,2025-10-17T07:15:00,2025-10-17T08:15:00,5079.0,9360.0,0.5426282051282051,-0.6113308986703928,70.0,69.51619115928264,1.0069596569180381,True
1222412,L405S-041,FAIRVIEW,10.05,S,5,2025-10-20,2025-10-20T07:05:00,2025-10-20T08:05:00,5441.0,9360.0,0.5813034188034188,-0.5424824229857124,70.0,69.52430036454443,1.0068422067242861,True
1222412,L405S-041,FAIRVIEW,10.05,S,5,2025-10-21,2025-10-21T07:05:00,2025-10-21T08:05:00,5360.0,9360.0,0.5726495726495726,-0.5574813154067901,70.0,69.75772476063213,1.0034730954915634,True
1222412,L405S-041,FAIRVIEW,10.05,S,5,2025-10-22,2025-10-22T07:15:00,2025-10-22T08:15:00,5304.0,9360.0,0.5666666666666667,-0.5679840376059393,70.0,69.64107992910868,1.0051538556159192,True
1222412,L405S-041,FAIRVIEW,10.05,S,5,2025-10-23,2025-10-23T07:15:00,2025-10-23T08:15:00,5389.0,9360.0,0.5757478632478632,-0.5520854515381411,70.0,69.66627527997524,1.004790333898053,True
1222728,L405S-108,Bushard,14.286,S,5,2025-06-02,2025-06-02T07:30:00,2025-06-02T08:30:00,7044.0,9360.0,0.7525641025641026,-0.284269099855541,70.3,65.18029739475875,1.0785467819245165,True
1222728,L405S-108,Bushard,14.286,S,5,2025-06-03,2025-06-03T07:20:00,2025-06-03T08:20:00,7080.0,9360.0,0.7564102564102564,-0.2791713827838723,70.3,67.12051026576235,1.0473698683405195,True
1222728,L405S-108,Bushard,14.286,S,5,2025-06-04,2025-06-04T07:20:00,2025-06-04T08:20:00,6995.0,9360.0,0.7473290598290598,-0.2912496823720562,70.3,68.36948508149362,1.0282364993125994,True
1222728,L405S-108,Bushard,14.286,S,5,2025-06-05,2025-06-05T07:25:00,2025-06-05T08:25:00,6786.0,9360.0,0.725,-0.32158362412746233,70.3,68.05908186406376,1.0329260706221703,True
1222728,L405S-108,Bushard,14.286,S,5,2025-06-06,2025-06-06T08:20:00,2025-06-06T09:20:00,6532.0,9360.0,0.6978632478632478,-0.3597321153812821,70.3,65.02675394046143,1.0810934844505196,True
1222728,L405S-108,Bushard,14.286,S,5,2025-06-09,2025-06-09T07:15:00,2025-06-09T08:15:00,6380.0,9360.0,0.6816239316239316,-0.3832771931328021,70.3,65.07009158369375,1.0803734602029795,True
1222728,L405S-108,Bushard,14.286,S,5,2025-06-10,2025-06-10T07:20:00,2025-06-10T08:20:00,6867.0,9360.0,0.7336538461538461,-0.3097179608509614,70.3,67.79108594926747,1.0370094978653994,True
1222728,L405S-108,Bushard,14.286,S,5,2025-06-11,2025-06-11T07:20:00,2025-06-11T08:20:00,6954.0,9360.0,0.742948717948718,-0.297128256903831,70.3,67.76066298933429,1.0374750909840627,True
1222728,L405S-108,Bushard,14.286,S,5,2025-06-12,2025-06-12T07:20:00,2025-06-12T08:20:00,6825.0,9360.0,0.7291666666666666,-0.3158529494184773,70.3,68.7596411497311,1.0224020780869787,True
1222728,L405S-108,Bushard,14.286,S,5,2025-06-13,2025-06-13T07:30:00,2025-06-13T08:30:00,6559.0,9360.0,0.7007478632478632,-0.3556071381779023,70.3,66.31343662903392,1.0601169773973176,True
1222728,L405S-108,Bushard,14.286,S,5,2025-06-16,2025-06-16T07:30:00,2025-06-16T08:30:00,6275.0,9360.0,0.6704059829059829,-0.3998718054716532,70.3,65.50393511197993,1.0732179659103094,True
1222728,L405S-108,Bushard,14.286,S,5,2025-06-17,2025-06-17T07:30:00,2025-06-17T08:30:00,6665.0,9360.0,0.7120726495726496,-0.3395753368588287,70.3,67.19125912982294,1.0462670429225107,True
1222728,L405S-108,Bushard,14.286,S,5,2025-06-18,2025-06-18T08:55:00,2025-06-18T09:55:00,6616.0,9360.0,0.7068376068376069,-0.34695433276811044,70.3,63.81408225995273,1.101637718671974,True
1222728,L405S-108,Bushard,14.286,S,5,2025-06-20,2025-06-20T09:00:00,2025-06-20T10:00:00,6376.0,9360.0,0.6811965811965812,-0.3839043490015867,70.3,64.38258597341463,1.0919101638605946,True
1222728,L405S-108,Bushard,14.286,S,5,2025-06-23,2025-06-23T07:25:00,2025-06-23T08:25:00,6406.0,9360.0,0.6844017094017094,-0.3792102393025343,70.3,68.66315459462307,1.0238387737213739,True
1222728,L405S-108,Bushard,14.286,S,5,2025-06-24,2025-06-24T07:35:00,2025-06-24T08:35:00,6718.0,9360.0,0.7177350427350427,-0.33165479929939967,70.3,67.98588051608932,1.0340382365624141,True
1222728,L405S-108,Bushard,14.286,S,5,2025-06-25,2025-06-25T07:25:00,2025-06-25T08:25:00,6566.0,9360.0,0.7014957264957264,-0.3545404714100998,70.3,68.70581789317404,1.0232030147622235,True
1222728,L405S-108,Bushard,14.286,S,5,2025-06-26,2025-06-26T07:20:00,2025-06-26T08:20:00,6623.0,9360.0,0.7075854700854701,-0.34589685098665823,70.3,67.35866449013673,1.0436667729701494,True
1222728,L405S-108,Bushard,14.286,S,5,2025-06-27,2025-06-27T09:00:00,2025-06-27T10:00:00,6164.0,9360.0,0.6585470085470085,-0.41771937303163137,70.3,65.26958592552441,1.0770713342691574,True
1222728,L405S-108,Bushard,14.286,S,5,2025-06-30,2025-06-30T07:30:00,2025-06-30T08:30:00,6372.0,9360.0,0.6807692307692308,-0.38453189844169855,70.3,67.43857200027777,1.042430139234123,True
1222728,L405S-108,Bushard,14.286,S,5,2025-07-01,2025-07-01T07:20:00,2025-07-01T08:20:00,6530.0,9360.0,0.6976495726495726,-0.360038347201161,70.3,68.30850809913707,1.0291543755863126,True
1222728,L405S-108,Bushard,14.286,S,5,2025-07-02,2025-07-02T07:25:00,2025-07-02T08:25:00,6425.0,9360.0,0.6864316239316239,-0.3762486597082172,70.3,68.75835501521127,1.0224212022589498,True
1222728,L405S-108,Bushard,14.286,S,5,2025-07-03,2025-07-03T08:55:00,2025-07-03T09:55:00,6388.0,9360.0,0.6824786324786325,-0.3820240601367347,70.3,64.99237746429439,1.08166530819128,True
1222728,L405S-108,Bushard,14.286,S,5,2025-07-07,2025-07-07T07:25:00,2025-07-07T08:25:00,6323.0,9360.0,0.6755341880341881,-0.39225151141302445,70.3,68.09650200525185,1.0323584608586533,True
1222728,L405S-108,Bushard,14.286,S,5,2025-07-08,2025-07-08T07:40:00,2025-07-08T08:40:00,6741.0,9360.0,0.7201923076923077,-0.3282370086181989,70.3,68.08274726536223,1.0325670279725303,True
1222728,L405S-108,Bushard,14.286,S,5,2025-07-09,2025-07-09T07:35:00,2025-07-09T08:35:00,6775.0,9360.0,0.7238247863247863,-0.32320592372373613,70.3,68.57758443234965,1.0251163055961743,True
1222728,L405S-108,Bushard,14.286,S,5,2025-07-10,2025-07-10T07:40:00,2025-07-10T08:40:00,6702.0,9360.0,0.716025641025641,-0.334039301174382,70.3,67.23074360601743,1.0456525724595416,True
1222728,L405S-108,Bushard,14.286,S,5,2025-07-11,2025-07-11T09:00:00,2025-07-11T10:00:00,6279.0,9360.0,0.6708333333333333,-0.39923455835752836,70.3,62.58049367042154,1.1233532347992177,True
1222728,L405S-108,Bushard,14.286,S,5,2025-07-14,2025-07-14T07:25:00,2025-07-14T08:25:00,6618.0,9360.0,0.7070512820512821,-0.3466520809900802,70.3,66.81410136982778,1.0521730975752732,True
1222728,L405S-108,Bushard,14.286,S,5,2025-07-15,2025-07-15T07:40:00,2025-07-15T08:40:00,6809.0,9360.0,0.7274572649572649,-0.31820002398867114,70.3,68.2016302737926,1.0307671490810935,True
1222728,L405S-108,Bushard,14.286,S,5,2025-07-16,2025-07-16T09:00:00,2025-07-16T10:00:00,7351.0,9360.0,0.7853632478632478,-0.2416089320975501,70.3,64.02469964035299,1.0980137414919142,True
1222728,L405S-108,Bushard,14.286,S,5,2025-07-17,2025-07-17T07:35:00,2025-07-17T08:35:00,6731.0,9360.0,0.7191239316239316,-0.3297215694609246,70.3,66.59174511626766,1.055686404932891,True
1222728,L405S-108,Bushard,14.286,S,5,2025-07-18,2025-07-18T08:50:00,2025-07-18T09:50:00,6339.0,9360.0,0.6772435897435898,-0.3897242631874713,70.3,61.872412300582546,1.1362091340236642,True
1222728,L405S-108,Bushard,14.286,S,5,2025-07-21,2025-07-21T07:35:00,2025-07-21T08:35:00,6489.0,9360.0,0.6932692307692307,-0.3663368548504693,70.3,66.2911406465567,1.0604735310683107,True
1222728,L405S-108,Bushard,14.286,S,5,2025-07-22,2025-07-22T08:10:00,2025-07-22T09:10:00,7740.0,9360.0,0.8269230769230769,-0.19004360288786498,70.3,64.454684284458,1.0906887649894437,True
1222728,L405S-108,Bushard,14.286,S,5,2025-07-23,2025-07-23T07:15:00,2025-07-23T08:15:00,6816.0,9360.0,0.7282051282051282,-0.3171725009624861,70.3,68.1014212382311,1.0322838895546376,True
1222728,L405S-108,Bushard,14.286,S,5,2025-07-24,2025-07-24T07:20:00,2025-07-24T08:20:00,6706.0,9360.0,0.7164529914529915,-0.33344264244546384,70.3,68.05470160384569,1.0329925536846,True
1222728,L405S-108,Bushard,14.286,S,5,2025-07-25,2025-07-25T08:25:00,2025-07-25T09:25:00,6268.0,9360.0,0.6696581196581196,-0.40098796599572634,70.3,63.244101897612694,1.1115661048331473,True
1222728,L405S-108,Bushard,14.286,S,5,2025-07-28,2025-07-28T07:30:00,2025-07-28T08:30:00,6343.0,9360.0,0.6776709401709402,-0.3890934478377405,70.3,68.11253140406698,1.0321155087153668,True
1222728,L405S-108,Bushard,14.286,S,5,2025-07-29,2025-07-29T07:35:00,2025-07-29T08:35:00,6860.0,9360.0,0.7329059829059829,-0.3107378487517069,70.3,66.82896453039588,1.0519390879986683,True
1222728,L405S-108,Bushard,14.286,S,5,2025-07-30,2025-07-30T07:25:00,2025-07-30T08:25:00,6693.0,9360.0,0.7150641025641026,-0.3353830863709955,70.3,68.92688613047808,1.0199213100519675,True
1222728,L405S-108,Bushard,14.286,S,5,2025-07-31,2025-07-31T07:35:00,2025-07-31T08:35:00,6781.0,9360.0,0.724465811965812,-0.3223207067877956,70.3,67.26421774071677,1.0451322019529796,True
1222728,L405S-108,Bushard,14.286,S,5,2025-08-01,2025-08-01T09:00:00,2025-08-01T10:00:00,6483.0,9360.0,0.6926282051282051,-0.3672619242966421,70.3,64.2761440310043,1.0937183780982571,True
1222728,L405S-108,Bushard,14.286,S,5,2025-08-04,2025-08-04T07:20:00,2025-08-04T08:20:00,6198.0,9360.0,0.6621794871794872,-0.4122186311239442,70.3,68.9584617031559,1.0194542955818675,True
1222728,L405S-108,Bushard,14.286,S,5,2025-08-05,2025-08-05T07:25:00,2025-08-05T08:25:00,6923.0,9360.0,0.7396367521367522,-0.30159608879361227,70.3,67.56674223934994,1.0404527089817015,True
1222728,L405S-108,Bushard,14.286,S,5,2025-08-06,2025-08-06T07:25:00,2025-08-06T08:25:00,6893.0,9360.0,0.736431623931624,-0.30593888658598584,70.3,67.8998282876226,1.0353487154961616,True
1222728,L405S-108,Bushard,14.286,S,5,2025-08-08,2025-08-08T09:00:00,2025-08-08T10:00:00,6396.0,9360.0,0.6833333333333333,-0.38077249551779285,70.3,65.49058353913722,1.0734367629811798,True
1222728,L405S-108,Bushard,14.286,S,5,2025-08-11,2025-08-11T07:15:00,2025-08-11T08:15:00,6409.0,9360.0,0.6847222222222222,-0.37874203796741085,70.3,68.48692036750118,1.0264733707220273,True
1222728,L405S-108,Bushard,14.286,S,5,2025-08-12,2025-08-12T07:25:00,2025-08-12T08:25:00,6967.0,9360.0,0.7443376068376069,-0.2952605744415188,70.3,67.79427931226681,1.0369606508565656,True
1222728,L405S-108,Bushard,14.286,S,5,2025-08-13,2025-08-13T08:05:00,2025-08-13T09:05:00,6790.0,9360.0,0.7254273504273504,-0.32099434891889594,70.3,66.78703469498758,1.0525995100853918,True
1222728,L405S-108,Bushard,14.286,S,5,2025-08-14,2025-08-14T07:15:00,2025-08-14T08:15:00,6780.0,9360.0,0.7243589743589743,-0.3224681885371965,70.3,68.40400842814789,1.0277175507023637,True
1222728,L405S-108,Bushard,14.286,S,5,2025-08-15,2025-08-15T08:10:00,2025-08-15T09:10:00,6342.0,9360.0,0.6775641025641026,-0.38925111437334503,70.3,65.67102809765515,1.0704872762987874,True
1222728,L405S-108,Bushard,14.286,S,5,2025-08-18,2025-08-18T07:45:00,2025-08-18T08:45:00,6576.0,9360.0,0.7025641025641025,-0.35301863273562195,70.3,67.78031752306325,1.0371742501217909,True
1222728,L405S-108,Bushard,14.286,S,5,2025-08-19,2025-08-19T08:05:00,2025-08-19T09:05:00,7009.0,9360.0,0.7488247863247863,-0.28925025297131296,70.3,67.20961800950747,1.0459812461671092,True
1222728,L405S-108,Bushard,14.286,S,5,2025-08-20,2025-08-20T07:30:00,2025-08-20T08:30:00,6898.0,9360.0,0.736965811965812,-0.30521377597485144,70.3,67.62750714465163,1.0395178377584147,True
1222728,L405S-108,Bushard,14.286,S,5,2025-08-21,2025-08-21T07:25:00,2025-08-21T08:25:00,6934.0,9360.0,0.7408119658119658,-0.3000084432266689,70.3,68.37935475794937,1.0280880866578717,True
1222728,L405S-108,Bushard,14.286,S,5,2025-08-22,2025-08-22T08:45:00,2025-08-22T09:45:00,6536.0,9360.0,0.6982905982905983,-0.359119932931799,70.3,64.39376479785534,1.091720607122219,True
1222728,L405S-108,Bushard,14.286,S,5,2025-08-25,2025-08-25T07:30:00,2025-08-25T08:30:00,7081.0,9360.0,0.756517094017094,-0.2790301498198638,70.3,67.90116408033875,1.035328347490818,True
1222728,L405S-108,Bushard,14.286,S,5,2025-08-26,2025-08-26T07:15:00,2025-08-26T08:15:00,7187.0,9360.0,0.7678418803418804,-0.26417145200319503,70.3,68.04021348423406,1.0332125136010863,True
1222728,L405S-108,Bushard,14.286,S,5,2025-08-27,2025-08-27T07:15:00,2025-08-27T08:15:00,7208.0,9360.0,0.7700854700854701,-0.26125377018346385,70.3,68.81108773896534,1.0216376794780928,True
1222728,L405S-108,Bushard,14.286,S,5,2025-08-28,2025-08-28T07:50:00,2025-08-28T08:50:00,7125.0,9360.0,0.7612179487179487,-0.2728355643347865,70.3,67.16043179541472,1.0467472903412693,True
1222728,L405S-108,Bushard,14.286,S,5,2025-08-29,2025-08-29T07:35:00,2025-08-29T08:35:00,6501.0,9360.0,0.694551282051282,-0.364489279267169,70.3,66.5419445726301,1.0564764894008771,True
1222728,L405S-108,Bushard,14.286,S,5,2025-09-02,2025-09-02T07:40:00,2025-09-02T08:40:00,7410.0,9360.0,0.7916666666666666,-0.2336148511815052,70.3,67.85720753393768,1.0359990125564862,True
1222728,L405S-108,Bushard,14.286,S,5,2025-09-03,2025-09-03T07:15:00,2025-09-03T08:15:00,7068.0,9360.0,0.7551282051282051,-0.28086773603205073,70.3,68.22188176728513,1.0304611684533072,True
1222728,L405S-108,Bushard,14.286,S,5,2025-09-04,2025-09-04T07:55:00,2025-09-04T08:55:00,7028.0,9360.0,0.7508547008547009,-0.28654312016464994,70.3,67.147821883811,1.0469438624776743,True
1222728,L405S-108,Bushard,14.286,S,5,2025-09-05,2025-09-05T08:00:00,2025-09-05T09:00:00,6529.0,9360.0,0.697542735042735,-0.3601914982850043,70.3,66.26782599234625,1.0608466317896026,True
1222728,L405S-108,Bushard,14.286,S,5,2025-09-08,2025-09-08T07:20:00,2025-09-08T08:20:00,7038.0,9360.0,0.7519230769230769,-0.28512125159010726,70.3,66.17251773325363,1.062374568901618,True
1222728,L405S-108,Bushard,14.286,S,5,2025-09-09,2025-09-09T07:50:00,2025-09-09T08:50:00,7178.0,9360.0,0.7668803418803419,-0.2654244977640851,70.3,68.49185767956047,1.0263993762426322,True
1222728,L405S-108,Bushard,14.286,S,5,2025-09-10,2025-09-10T08:05:00,2025-09-10T09:05:00,7124.0,9360.0,0.7611111111111111,-0.2729759250620855,70.3,67.3152663707521,1.0443396244294554,True
1222728,L405S-108,Bushard,14.286,S,5,2025-09-11,2025-09-11T07:50:00,2025-09-11T08:50:00,7099.0,9360.0,0.7584401709401709,-0.2764913614322519,70.3,65.12136770478823,1.0795227815037276,True
1222728,L405S-108,Bushard,14.286,S,5,2025-09-12,2025-09-12T07:35:00,2025-09-12T08:35:00,6445.0,9360.0,0.6885683760683761,-0.37314065409834996,70.3,67.51985310526469,1.0411752509354695,True
1222728,L405S-108,Bushard,14.286,S,5,2025-09-15,2025-09-15T07:35:00,2025-09-15T08:35:00,6991.0,9360.0,0.7469017094017094,-0.29182168295965255,70.3,65.001251873805,1.0815176319447217,True
1222728,L405S-108,Bushard,14.286,S,5,2025-09-16,2025-09-16T07:40:00,2025-09-16T08:40:00,7168.0,9360.0,0.7658119658119659,-0.26681861481687125,70.3,67.67874917486365,1.0387307811845596,True
1222728,L405S-108,Bushard,14.286,S,5,2025-09-17,2025-09-17T07:20:00,2025-09-17T08:20:00,7236.0,9360.0,0.7730769230769231,-0.2573767229564519,70.3,68.24163492376911,1.0301628921776307,True
1222728,L405S-108,Bushard,14.286,S,5,2025-09-18,2025-09-18T07:15:00,2025-09-18T08:15:00,7223.0,9360.0,0.7716880341880342,-0.25917491142079085,70.3,67.96818214230768,1.0343074918909865,True
1222728,L405S-108,Bushard,14.286,S,5,2025-09-19,2025-09-19T08:05:00,2025-09-19T09:05:00,6718.0,9360.0,0.7177350427350427,-0.33165479929939967,70.3,66.40035927409,1.0587292112353326,True
1222728,L405S-108,Bushard,14.286,S,5,2025-09-22,2025-09-22T07:10:00,2025-09-22T08:10:00,6962.0,9360.0,0.7438034188034188,-0.2959785011002535,70.3,64.6119914348737,1.0880333269229068,True
1222728,L405S-108,Bushard,14.286,S,5,2025-09-23,2025-09-23T07:20:00,2025-09-23T08:20:00,7361.0,9360.0,0.7864316239316239,-0.24024949741293183,70.3,68.24695887362203,1.0300825291011095,True
1222728,L405S-108,Bushard,14.286,S,5,2025-09-24,2025-09-24T07:35:00,2025-09-24T08:35:00,7127.0,9360.0,0.7614316239316239,-0.27255490196976706,70.3,67.61803336404422,1.0396634818039814,True
1222728,L405S-108,Bushard,14.286,S,5,2025-09-25,2025-09-25T07:35:00,2025-09-25T08:35:00,7198.0,9360.0,0.7690170940170941,-0.26264208083266166,70.3,67.1438585669229,1.0470056606879592,True
1222728,L405S-108,Bushard,14.286,S,5,2025-09-26,2025-09-26T07:45:00,2025-09-26T08:45:00,6520.0,9360.0,0.6965811965811965,-0.36157091455093915,70.3,66.94427089388589,1.0501272037368712,True
1222728,L405S-108,Bushard,14.286,S,5,2025-09-29,2025-09-29T07:15:00,2025-09-29T08:15:00,6974.0,9360.0,0.7450854700854701,-0.29425634223604125,70.3,67.59303805183004,1.0400479402345295,True
1222728,L405S-108,Bushard,14.286,S,5,2025-09-30,2025-09-30T07:50:00,2025-09-30T08:50:00,7562.0,9360.0,0.8079059829059829,-0.21330958502075956,70.3,65.96556061072594,1.06570761089794,True
1222728,L405S-108,Bushard,14.286,S,5,2025-10-01,2025-10-01T07:10:00,2025-10-01T08:10:00,7140.0,9360.0,0.7628205128205128,-0.2707325141380077,70.3,68.59137349749206,1.0249102243530728,True
1222728,L405S-108,Bushard,14.286,S,5,2025-10-02,2025-10-02T07:30:00,2025-10-02T08:30:00,6968.0,9360.0,0.7444444444444445,-0.29511705093929896,70.3,67.90868904539738,1.0352136227074566,True
1222728,L405S-108,Bushard,14.286,S,5,2025-10-03,2025-10-03T07:25:00,2025-10-03T08:25:00,6386.0,9360.0,0.6822649572649573,-0.38233719619691037,70.3,66.58958489364029,1.0557206522954925,True
1222728,L405S-108,Bushard,14.286,S,5,2025-10-06,2025-10-06T07:45:00,2025-10-06T08:45:00,7001.0,9360.0,0.7479700854700855,-0.29039229449444015,70.3,66.60583293491175,1.0554631164015056,True
1222728,L405S-108,Bushard,14.286,S,5,2025-10-08,2025-10-08T07:45:00,2025-10-08T08:45:00,7088.0,9360.0,0.7572649572649572,-0.2780420771867209,70.3,67.00218268016592,1.049219550586526,True
1222728,L405S-108,Bushard,14.286,S,5,2025-10-09,2025-10-09T07:15:00,2025-10-09T08:15:00,7178.0,9360.0,0.7668803418803419,-0.2654244977640851,70.3,67.0675049516184,1.0481976338722228,True
1222728,L405S-108,Bushard,14.286,S,5,2025-10-10,2025-10-10T08:00:00,2025-10-10T09:00:00,6392.0,9360.0,0.6829059829059829,-0.3813980820255271,70.3,66.3298676526163,1.0598543685957,True
1222728,L405S-108,Bushard,14.286,S,5,2025-10-14,2025-10-14T07:10:00,2025-10-14T08:10:00,6510.0,9360.0,0.6955128205128205,-0.3631058342690228,70.3,65.01858530097961,1.0812293081212399,True
1222728,L405S-108,Bushard,14.286,S,5,2025-10-15,2025-10-15T07:15:00,2025-10-15T08:15:00,7063.0,9360.0,0.7545940170940171,-0.2815754000627155,70.3,67.71909333953967,1.0381119494249549,True
1222728,L405S-108,Bushard,14.286,S,5,2025-10-16,2025-10-16T07:35:00,2025-10-16T08:35:00,7093.0,9360.0,0.7577991452991453,-0.27733690826955104,70.3,66.70944161768948,1.0538238410521847,True
1222728,L405S-108,Bushard,14.286,S,5,2025-10-17,2025-10-17T07:35:00,2025-10-17T08:35:00,6393.0,9360.0,0.6830128205128205,-0.3812416487049109,70.3,67.12821599298361,1.0472496395159363,True
1222728,L405S-108,Bushard,14.286,S,5,2025-10-20,2025-10-20T07:30:00,2025-10-20T08:30:00,7073.0,9360.0,0.7556623931623931,-0.28016057243564785,70.3,65.98205118519036,1.0654412637565716,True
1222728,L405S-108,Bushard,14.286,S,5,2025-10-21,2025-10-21T07:15:00,2025-10-21T08:15:00,6987.0,9360.0,0.746474358974359,-0.29239401091918704,70.3,67.47984176642039,1.0417926029426907,True
1222728,L405S-108,Bushard,14.286,S,5,2025-10-22,2025-10-22T07:35:00,2025-10-22T08:35:00,7041.0,9360.0,0.7522435897435897,-0.28469508495250456,70.3,68.0900724965816,1.032455942876685,True
1222728,L405S-108,Bushard,14.286,S,5,2025-10-23,2025-10-23T07:30:00,2025-10-23T08:30:00,7017.0,9360.0,0.7496794871794872,-0.288109514219349,70.3,68.19183258576635,1.0309152479746333,True
1222749,L405S-132,Heil,15.389,S,5,2025-06-02,2025-06-02T06:05:00,2025-06-02T07:05:00,8308.0,9360.0,0.8876068376068376,-0.11922638447563486,67.14499999999998,49.70323862298195,1.3509180057525114,True
1222749,L405S-132,Heil,15.389,S,5,2025-06-03,2025-06-03T06:15:00,2025-06-03T07:15:00,8171.0,9360.0,0.8729700854700855,-0.13585399008693028,67.14499999999998,40.48390772090738,1.6585602472689125,True
1222749,L405S-132,Heil,15.389,S,5,2025-06-04,2025-06-04T06:05:00,2025-06-04T07:05:00,8149.0,9360.0,0.8706196581196581,-0.13855007015141793,67.14499999999998,48.14357173170091,1.3946825626937702,True
1222749,L405S-132,Heil,15.389,S,5,2025-06-05,2025-06-05T06:10:00,2025-06-05T07:10:00,7877.0,9360.0,0.8415598290598291,-0.1724981697683134,67.14499999999998,43.67318122696862,1.5374423871494225,True
1222749,L405S-132,Heil,15.389,S,5,2025-06-06,2025-06-06T06:25:00,2025-06-06T07:25:00,8653.0,9360.0,0.924465811965812,-0.07853920886489886,67.14499999999998,59.03442489122527,1.1373872130323786,True
1222749,L405S-132,Heil,15.389,S,5,2025-06-09,2025-06-09T06:15:00,2025-06-09T07:15:00,8015.0,9360.0,0.8563034188034188,-0.15513050442798446,67.14499999999998,41.25430766464649,1.6275876096580555,True
1222749,L405S-132,Heil,15.389,S,5,2025-06-10,2025-06-10T06:15:00,2025-06-10T07:15:00,8177.0,9360.0,0.8736111111111111,-0.13511995530966048,67.14499999999998,43.23442462624667,1.5530448382384099,True
1222749,L405S-132,Heil,15.389,S,5,2025-06-11,2025-06-11T06:15:00,2025-06-11T07:15:00,8257.0,9360.0,0.8821581196581196,-0.1253839650542092,67.14499999999998,44.96164306129037,1.4933840364434618,True
1222749,L405S-132,Heil,15.389,S,5,2025-06-12,2025-06-12T06:15:00,2025-06-12T07:15:00,8331.0,9360.0,0.8900641025641025,-0.11646179349672856,67.14499999999998,43.86251448804783,1.5308059919432215,True
1222749,L405S-132,Heil,15.389,S,5,2025-06-13,2025-06-13T06:25:00,2025-06-13T07:25:00,8256.0,9360.0,0.882051282051282,-0.1255050817502938,67.14499999999998,58.16210667590402,1.1544458039347032,True
1222749,L405S-132,Heil,15.389,S,5,2025-06-16,2025-06-16T06:20:00,2025-06-16T07:20:00,8855.0,9360.0,0.9460470085470085,-0.05546301925470385,67.14499999999998,48.35215810378396,1.388666041666201,True
1222749,L405S-132,Heil,15.389,S,5,2025-06-17,2025-06-17T06:05:00,2025-06-17T07:05:00,8272.0,9360.0,0.8837606837606837,-0.1235689727234274,67.14499999999998,48.30977745918648,1.389884274601059,True
1222749,L405S-132,Heil,15.389,S,5,2025-06-18,2025-06-18T06:15:00,2025-06-18T07:15:00,8237.0,9360.0,0.8800213675213675,-0.127809090530389,67.14499999999998,42.9608040370407,1.562936297516865,True
1222749,L405S-132,Heil,15.389,S,5,2025-06-20,2025-06-20T06:55:00,2025-06-20T07:55:00,7985.0,9360.0,0.8530982905982906,-0.15888050882252497,67.14499999999998,48.77364539435398,1.376665604079958,True
1222749,L405S-132,Heil,15.389,S,5,2025-06-23,2025-06-23T06:25:00,2025-06-23T07:25:00,8709.0,9360.0,0.930448717948718,-0.07208831677889813,67.14499999999998,48.79936183244676,1.3759401245971863,True
1222749,L405S-132,Heil,15.389,S,5,2025-06-24,2025-06-24T06:15:00,2025-06-24T07:15:00,8410.0,9360.0,0.8985042735042735,-0.10702381650464396,67.14499999999998,41.85742207383084,1.604136056959391,True
1222749,L405S-132,Heil,15.389,S,5,2025-06-25,2025-06-25T06:15:00,2025-06-25T07:15:00,8520.0,9360.0,0.9102564102564102,-0.09402894964827634,67.14499999999998,44.43030932117802,1.5112431361803471,True
1222749,L405S-132,Heil,15.389,S,5,2025-06-26,2025-06-26T06:20:00,2025-06-26T07:20:00,8490.0,9360.0,0.907051282051282,-0.09755629016624473,67.14499999999998,44.351721038044175,1.5139209579354116,True
1222749,L405S-132,Heil,15.389,S,5,2025-06-27,2025-06-27T06:35:00,2025-06-27T07:35:00,8524.0,9360.0,0.9106837606837607,-0.09355957625313,67.14499999999998,56.35227260984764,1.1915224868547059,True
1222749,L405S-132,Heil,15.389,S,5,2025-06-30,2025-06-30T06:20:00,2025-06-30T07:20:00,8203.0,9360.0,0.8763888888888889,-0.13194534946888783,67.14499999999998,43.95872300982303,1.5274556539095947,True
1222749,L405S-132,Heil,15.389,S,5,2025-07-01,2025-07-01T06:15:00,2025-07-01T07:15:00,8351.0,9360.0,0.8922008547008548,-0.11406399831840826,67.14499999999998,45.557524405250135,1.4738509362958727,True
1222749,L405S-132,Heil,15.389,S,5,2025-07-02,2025-07-02T06:15:00,2025-07-02T07:15:00,8530.0,9360.0,0.9113247863247863,-0.09285592898591295,67.14499999999998,48.771036098389686,1.3767392569750423,True
1222749,L405S-132,Heil,15.389,S,5,2025-07-03,2025-07-03T06:40:00,2025-07-03T07:40:00,8595.0,9360.0,0.9182692307692307,-0.08526465165468815,67.14499999999998,60.087128265939526,1.1174606265558746,True
1222749,L405S-132,Heil,15.389,S,5,2025-07-07,2025-07-07T06:30:00,2025-07-07T07:30:00,8619.0,9360.0,0.9208333333333333,-0.08247622182423854,67.14499999999998,48.88839907144845,1.3734342149733771,True
1222749,L405S-132,Heil,15.389,S,5,2025-07-08,2025-07-08T06:15:00,2025-07-08T07:15:00,8044.0,9360.0,0.8594017094017095,-0.151518818579095,67.14499999999998,41.42765859954439,1.6207770911952633,True
1222749,L405S-132,Heil,15.389,S,5,2025-07-09,2025-07-09T06:10:00,2025-07-09T07:10:00,8207.0,9360.0,0.8768162393162393,-0.13145784184192608,67.14499999999998,46.509379547333516,1.4436872874570426,True
1222749,L405S-132,Heil,15.389,S,5,2025-07-10,2025-07-10T06:15:00,2025-07-10T07:15:00,8190.0,9360.0,0.875,-0.13353139262452263,67.14499999999998,42.26084543111978,1.5888229237968854,True
1222749,L405S-132,Heil,15.389,S,5,2025-07-11,2025-07-11T06:35:00,2025-07-11T07:35:00,8613.0,9360.0,0.9201923076923076,-0.08317260068246414,67.14499999999998,59.05929725629297,1.136908211227411,True
1222749,L405S-132,Heil,15.389,S,5,2025-07-14,2025-07-14T06:15:00,2025-07-14T07:15:00,8003.0,9360.0,0.8550213675213675,-0.15662881910459162,67.14499999999998,44.974088429887594,1.4929707826024257,True
1222749,L405S-132,Heil,15.389,S,5,2025-07-15,2025-07-15T06:15:00,2025-07-15T07:15:00,8351.0,9360.0,0.8922008547008548,-0.11406399831840826,67.14499999999998,43.82053300062203,1.5322725535777226,True
1222749,L405S-132,Heil,15.389,S,5,2025-07-16,2025-07-16T06:15:00,2025-07-16T07:15:00,8291.0,9360.0,0.8857905982905983,-0.12127470135541907,67.14499999999998,42.49734279575949,1.5799811372371242,True
1222749,L405S-132,Heil,15.389,S,5,2025-07-17,2025-07-17T06:15:00,2025-07-17T07:15:00,8226.0,9360.0,0.8788461538461538,-0.12914542068126836,67.14499999999998,45.496872961005664,1.4758157128193938,True
1222749,L405S-132,Heil,15.389,S,5,2025-07-18,2025-07-18T06:25:00,2025-07-18T07:25:00,8628.0,9360.0,0.9217948717948717,-0.08143256196259079,67.14499999999998,49.505115020338,1.3563244923764959,True
1222749,L405S-132,Heil,15.389,S,5,2025-07-21,2025-07-21T06:15:00,2025-07-21T07:15:00,8074.0,9360.0,0.8626068376068377,-0.14779626805875157,67.14499999999998,44.675170934057796,1.5029601139995297,True
1222749,L405S-132,Heil,15.389,S,5,2025-07-22,2025-07-22T06:15:00,2025-07-22T07:15:00,8217.0,9360.0,0.8778846153846154,-0.1302401115404499,67.14499999999998,43.43832454813494,1.545754830520573,True
1222749,L405S-132,Heil,15.389,S,5,2025-07-23,2025-07-23T06:15:00,2025-07-23T07:15:00,8463.0,9360.0,0.9041666666666667,-0.10074156980153175,67.14499999999998,45.66599928568583,1.4703499551152235,True
1222749,L405S-132,Heil,15.389,S,5,2025-07-24,2025-07-24T06:10:00,2025-07-24T07:10:00,8193.0,9360.0,0.8753205128205128,-0.13316515932982304,67.14499999999998,46.75967922234207,1.435959380318368,True
1222749,L405S-132,Heil,15.389,S,5,2025-07-25,2025-07-25T06:20:00,2025-07-25T07:20:00,8281.0,9360.0,0.8847222222222222,-0.12248155643793769,67.14499999999998,46.187492394715605,1.4537485479008634,True
1222749,L405S-132,Heil,15.389,S,5,2025-07-28,2025-07-28T06:25:00,2025-07-28T07:25:00,8379.0,9360.0,0.8951923076923077,-0.11071671485835123,67.14499999999998,44.04685018352548,1.5243995818142233,True
1222749,L405S-132,Heil,15.389,S,5,2025-07-29,2025-07-29T06:15:00,2025-07-29T07:15:00,8256.0,9360.0,0.882051282051282,-0.1255050817502938,67.14499999999998,42.2542072250245,1.5890725305155942,True
1222749,L405S-132,Heil,15.389,S,5,2025-07-30,2025-07-30T06:15:00,2025-07-30T07:15:00,8295.0,9360.0,0.8862179487179487,-0.12079236684709291,67.14499999999998,46.013072878531204,1.459259201776296,True
1222749,L405S-132,Heil,15.389,S,5,2025-07-31,2025-07-31T06:15:00,2025-07-31T07:15:00,8212.0,9360.0,0.8773504273504273,-0.13084879133281355,67.14499999999998,42.67908691497153,1.5732529642391666,True
1222749,L405S-132,Heil,15.389,S,5,2025-08-01,2025-08-01T06:30:00,2025-08-01T07:30:00,8532.0,9360.0,0.9115384615384615,-0.09262148988039656,67.14499999999998,56.57445798176382,1.1868430099965512,True
1222749,L405S-132,Heil,15.389,S,5,2025-08-04,2025-08-04T06:25:00,2025-08-04T07:25:00,8584.0,9360.0,0.917094017094017,-0.08654528516110338,67.14499999999998,47.53640135196986,1.4124964888032603,True
1222749,L405S-132,Heil,15.389,S,5,2025-08-05,2025-08-05T06:15:00,2025-08-05T07:15:00,8467.0,9360.0,0.9045940170940171,-0.10026903582936052,67.14499999999998,45.60605244566542,1.4722826554654307,True
1222749,L405S-132,Heil,15.389,S,5,2025-08-06,2025-08-06T06:20:00,2025-08-06T07:20:00,8571.0,9360.0,0.9157051282051282,-0.088060878572755,67.14499999999998,45.89995183214934,1.46285556563417,True
1222749,L405S-132,Heil,15.389,S,5,2025-08-07,2025-08-07T06:10:00,2025-08-07T07:10:00,8109.0,9360.0,0.8663461538461539,-0.1434707345270804,67.14499999999998,49.787727223533174,1.3486255297121204,True
1222749,L405S-132,Heil,15.389,S,5,2025-08-08,2025-08-08T06:25:00,2025-08-08T07:25:00,8534.0,9360.0,0.9117521367521367,-0.09238710572369248,67.14499999999998,52.85185401191686,1.2704379298569233,True
1222749,L405S-132,Heil,15.389,S,5,2025-08-11,2025-08-11T06:20:00,2025-08-11T07:20:00,8399.0,9360.0,0.8973290598290599,-0.10833263934601058,67.14499999999998,47.54854087613224,1.4121358671114237,True
1222749,L405S-132,Heil,15.389,S,5,2025-08-12,2025-08-12T06:15:00,2025-08-12T07:15:00,8331.0,9360.0,0.8900641025641025,-0.11646179349672856,67.14499999999998,42.13101267569697,1.5937191094087368,True
1222749,L405S-132,Heil,15.389,S,5,2025-08-13,2025-08-13T06:20:00,2025-08-13T07:20:00,8438.0,9360.0,0.9014957264957265,-0.10369997678735374,67.14499999999998,45.7543397756636,1.4675110673482805,True
1222749,L405S-132,Heil,15.389,S,5,2025-08-14,2025-08-14T06:15:00,2025-08-14T07:15:00,8182.0,9360.0,0.8741452991452991,-0.13450867098229385,67.14499999999998,44.31924222275195,1.5150304164165083,True
1222749,L405S-132,Heil,15.389,S,5,2025-08-15,2025-08-15T06:30:00,2025-08-15T07:30:00,8586.0,9360.0,0.9173076923076923,-0.08631232068713186,67.14499999999998,49.5325267277016,1.3555738912557516,True
1222749,L405S-132,Heil,15.389,S,5,2025-08-18,2025-08-18T06:15:00,2025-08-18T07:15:00,7751.0,9360.0,0.8280982905982905,-0.18862342319012637,67.14499999999998,39.70138977683991,1.6912506181123539,True
1222749,L405S-132,Heil,15.389,S,5,2025-08-19,2025-08-19T06:15:00,2025-08-19T07:15:00,8231.0,9360.0,0.8793803418803419,-0.12853777649899378,67.14499999999998,43.28231604447113,1.551326410791205,True
1222749,L405S-132,Heil,15.389,S,5,2025-08-20,2025-08-20T06:10:00,2025-08-20T07:10:00,8043.0,9360.0,0.8592948717948717,-0.1516431425675688,67.14499999999998,44.81732546430664,1.4981929266054825,True
1222749,L405S-132,Heil,15.389,S,5,2025-08-21,2025-08-21T06:10:00,2025-08-21T07:10:00,8038.0,9360.0,0.8587606837606837,-0.15226499446249137,67.14499999999998,45.49160847216265,1.4759865006990802,True
1222749,L405S-132,Heil,15.389,S,5,2025-08-22,2025-08-22T06:25:00,2025-08-22T07:25:00,8149.0,9360.0,0.8706196581196581,-0.13855007015141793,67.14499999999998,44.32803654939296,1.5147298465426726,True
1222749,L405S-132,Heil,15.389,S,5,2025-08-25,2025-08-25T06:20:00,2025-08-25T07:20:00,8411.0,9360.0,0.8986111111111111,-0.1069049175092004,67.14499999999998,45.81662244283522,1.4655161471969238,True
1222749,L405S-132,Heil,15.389,S,5,2025-08-26,2025-08-26T06:10:00,2025-08-26T07:10:00,8373.0,9360.0,0.8945512820512821,-0.11143304726720582,67.14499999999998,48.98549239012316,1.370711954169073,True
1222749,L405S-132,Heil,15.389,S,5,2025-08-27,2025-08-27T06:15:00,2025-08-27T07:15:00,8361.0,9360.0,0.8932692307692308,-0.11286725332157978,67.14499999999998,45.40799581040729,1.4787043295271507,True
1222749,L405S-132,Heil,15.389,S,5,2025-08-28,2025-08-28T06:40:00,2025-08-28T07:40:00,7654.0,9360.0,0.8177350427350427,-0.2012169034859902,67.14499999999998,33.62915285692805,1.996630729464457,True
1222749,L405S-132,Heil,15.389,S,5,2025-08-29,2025-08-29T06:25:00,2025-08-29T07:25:00,8261.0,9360.0,0.8825854700854701,-0.12489964490913247,67.14499999999998,51.14245988598746,1.3129012595343905,True
1222749,L405S-132,Heil,15.389,S,5,2025-09-02,2025-09-02T06:15:00,2025-09-02T07:15:00,8103.0,9360.0,0.8657051282051282,-0.14421092701091243,67.14499999999998,42.691111854594965,1.5728098211331307,True
1222749,L405S-132,Heil,15.389,S,5,2025-09-03,2025-09-03T06:15:00,2025-09-03T07:15:00,8135.0,9360.0,0.8691239316239316,-0.14026954981849954,67.14499999999998,41.97584788074794,1.5996103328456117,True
1222749,L405S-132,Heil,15.389,S,5,2025-09-04,2025-09-04T06:15:00,2025-09-04T07:15:00,8030.0,9360.0,0.8579059829059829,-0.15326076253083043,67.14499999999998,43.069846690977926,1.55897931287657,True
1222749,L405S-132,Heil,15.389,S,5,2025-09-05,2025-09-05T06:30:00,2025-09-05T07:30:00,8441.0,9360.0,0.9018162393162393,-0.10334450548791775,67.14499999999998,44.24728073255043,1.5174943835724777,True
1222749,L405S-132,Heil,15.389,S,5,2025-09-08,2025-09-08T06:20:00,2025-09-08T07:20:00,8171.0,9360.0,0.8729700854700855,-0.13585399008693028,67.14499999999998,42.120107824855204,1.5941317215806725,True
1222749,L405S-132,Heil,15.389,S,5,2025-09-09,2025-09-09T06:15:00,2025-09-09T07:15:00,7760.0,9360.0,0.8290598290598291,-0.18746295629437323,67.14499999999998,35.07631339952326,1.9142547631847933,True
1222749,L405S-132,Heil,15.389,S,5,2025-09-10,2025-09-10T06:15:00,2025-09-10T07:15:00,8303.0,9360.0,0.8870726495726495,-0.11982839520960717,67.14499999999998,46.104574812461394,1.4563630675073846,True
1222749,L405S-132,Heil,15.389,S,5,2025-09-11,2025-09-11T06:15:00,2025-09-11T07:15:00,8104.0,9360.0,0.8658119658119658,-0.14408752354311838,67.14499999999998,47.78554396644327,1.4051320635201228,True
1222749,L405S-132,Heil,15.389,S,5,2025-09-12,2025-09-12T06:30:00,2025-09-12T07:30:00,8361.0,9360.0,0.8932692307692308,-0.11286725332157978,67.14499999999998,41.245721516760675,1.6279264255982244,True
1222749,L405S-132,Heil,15.389,S,5,2025-09-15,2025-09-15T06:20:00,2025-09-15T07:20:00,8388.0,9360.0,0.8961538461538462,-0.10964317744982713,67.14499999999998,44.8456174044175,1.4972477554381018,True
1222749,L405S-132,Heil,15.389,S,5,2025-09-16,2025-09-16T06:15:00,2025-09-16T07:15:00,8131.0,9360.0,0.8686965811965812,-0.14076137326380017,67.14499999999998,46.075875306166495,1.4572701995096713,True
1222749,L405S-132,Heil,15.389,S,5,2025-09-17,2025-09-17T06:15:00,2025-09-17T07:15:00,8106.0,9360.0,0.8660256410256411,-0.14384076228338383,67.14499999999998,41.23577847984262,1.628318961719678,True
1222749,L405S-132,Heil,15.389,S,5,2025-09-18,2025-09-18T06:15:00,2025-09-18T07:15:00,8221.0,9360.0,0.8783119658119658,-0.12975343431950434,67.14499999999998,43.72898963740997,1.5354802513561328,True
1222749,L405S-132,Heil,15.389,S,5,2025-09-19,2025-09-19T06:20:00,2025-09-19T07:20:00,8203.0,9360.0,0.8763888888888889,-0.13194534946888783,67.14499999999998,45.054327383275,1.4903118945445726,True
1222749,L405S-132,Heil,15.389,S,5,2025-09-22,2025-09-22T06:15:00,2025-09-22T07:15:00,8375.0,9360.0,0.8947649572649573,-0.11119421277837051,67.14499999999998,44.91184113245543,1.4950400230080485,True
1222749,L405S-132,Heil,15.389,S,5,2025-09-23,2025-09-23T06:10:00,2025-09-23T07:10:00,7992.0,9360.0,0.8538461538461538,-0.15800424914324832,67.14499999999998,45.44131289094403,1.4776201594602532,True
1222749,L405S-132,Heil,15.389,S,5,2025-09-24,2025-09-24T06:15:00,2025-09-24T07:15:00,7945.0,9360.0,0.8488247863247863,-0.1639024905008214,67.14499999999998,45.2574436752925,1.4836233456256083,True
1222749,L405S-132,Heil,15.389,S,5,2025-09-25,2025-09-25T09:00:00,2025-09-25T10:00:00,7027.0,9360.0,0.7507478632478632,-0.28668541827944,67.14499999999998,25.253208305656145,2.658870080478488,True
1222749,L405S-132,Heil,15.389,S,5,2025-09-26,2025-09-26T06:20:00,2025-09-26T07:20:00,8228.0,9360.0,0.879059829059829,-0.12890231869878996,67.14499999999998,45.61648162439824,1.4719460512729918,True
1222749,L405S-132,Heil,15.389,S,5,2025-09-29,2025-09-29T06:15:00,2025-09-29T07:15:00,8036.0,9360.0,0.8585470085470085,-0.15251384353681277,67.14499999999998,43.246771605527414,1.5526014430038544,True
1222749,L405S-132,Heil,15.389,S,5,2025-09-30,2025-09-30T06:15:00,2025-09-30T07:15:00,8284.0,9360.0,0.885042735042735,-0.12211934695616299,67.14499999999998,45.357053496860146,1.4803651212627407,True
1222749,L405S-132,Heil,15.389,S,5,2025-10-01,2025-10-01T06:15:00,2025-10-01T07:15:00,8165.0,9360.0,0.8723290598290598,-0.13658856406707223,67.14499999999998,41.18518632368065,1.6303191995368724,True
1222749,L405S-132,Heil,15.389,S,5,2025-10-02,2025-10-02T06:10:00,2025-10-02T07:10:00,7900.0,9360.0,0.844017094017094,-0.16958253101652487,67.14499999999998,42.6779389476113,1.5732952821930524,True
1222749,L405S-132,Heil,15.389,S,5,2025-10-03,2025-10-03T06:25:00,2025-10-03T07:25:00,7915.0,9360.0,0.8456196581196581,-0.16768559715652523,67.14499999999998,42.321352523451665,1.5865513741034791,True
1222749,L405S-132,Heil,15.389,S,5,2025-10-06,2025-10-06T06:15:00,2025-10-06T07:15:00,8230.0,9360.0,0.8792735042735043,-0.12865927580052225,67.14499999999998,44.446010820102586,1.5107092573903351,True
1222749,L405S-132,Heil,15.389,S,5,2025-10-08,2025-10-08T06:15:00,2025-10-08T07:15:00,8015.0,9360.0,0.8563034188034188,-0.15513050442798446,67.14499999999998,42.25906335475544,1.588889924898066,True
1222749,L405S-132,Heil,15.389,S,5,2025-10-09,2025-10-09T06:15:00,2025-10-09T07:15:00,8202.0,9360.0,0.8762820512820513,-0.1320672635196332,67.14499999999998,44.60663423783314,1.5052693651351734,True
1222749,L405S-132,Heil,15.389,S,5,2025-10-10,2025-10-10T06:20:00,2025-10-10T07:20:00,8310.0,9360.0,0.8878205128205128,-0.1189856816221439,67.14499999999998,48.039541611472,1.3977027620922498,True
1222749,L405S-132,Heil,15.389,S,5,2025-10-14,2025-10-14T06:15:00,2025-10-14T07:15:00,7532.0,9360.0,0.8047008547008547,-0.21728467969459467,67.14499999999998,41.31556064148092,1.625174606310104,True
1222749,L405S-132,Heil,15.389,S,5,2025-10-15,2025-10-15T06:15:00,2025-10-15T07:15:00,8042.0,9360.0,0.8591880341880341,-0.15176748201441848,67.14499999999998,41.95118647184875,1.600550679181803,True
1222749,L405S-132,Heil,15.389,S,5,2025-10-16,2025-10-16T06:15:00,2025-10-16T07:15:00,8162.0,9360.0,0.872008547008547,-0.13695605350588672,67.14499999999998,44.4996226871137,1.5088891982772694,True
1222749,L405S-132,Heil,15.389,S,5,2025-10-17,2025-10-17T06:20:00,2025-10-17T07:20:00,8065.0,9360.0,0.8616452991452992,-0.14891157891232845,67.14499999999998,44.19549845658852,1.519272377161983,True
1222749,L405S-132,Heil,15.389,S,5,2025-10-20,2025-10-20T06:20:00,2025-10-20T07:20:00,7951.0,9360.0,0.849465811965812,-0.1631475835701543,67.14499999999998,40.9175834588053,1.6409815615724161,True
1222749,L405S-132,Heil,15.389,S,5,2025-10-21,2025-10-21T06:10:00,2025-10-21T07:10:00,8039.0,9360.0,0.8588675213675213,-0.15214059314367698,67.14499999999998,40.79138573762974,1.6460583229968389,True
1222749,L405S-132,Heil,15.389,S,5,2025-10-22,2025-10-22T06:15:00,2025-10-22T07:15:00,7929.0,9360.0,0.8471153846153846,-0.16591836619923886,67.14499999999998,39.05506717039036,1.719239137576136,True
1222749,L405S-132,Heil,15.389,S,5,2025-10-23,2025-10-23T06:10:00,2025-10-23T07:10:00,8062.0,9360.0,0.8613247863247864,-0.1492836257945266,67.14499999999998,46.714293854303314,1.4373544896005015,True
1222909,L405S-024,Springdale & GGrove,19.957,S,5,2025-06-02,2025-06-02T06:15:00,2025-06-02T07:15:00,8408.0,9360.0,0.8982905982905983,-0.10726165691485065,67.2,56.725234348250325,1.1846579528864083,True
1222909,L405S-024,Springdale & GGrove,19.957,S,5,2025-06-03,2025-06-03T06:15:00,2025-06-03T07:15:00,8345.0,9360.0,0.8915598290598291,-0.11478273337570222,67.2,43.790595906961094,1.534576056986648,True
1222909,L405S-024,Springdale & GGrove,19.957,S,5,2025-06-04,2025-06-04T06:10:00,2025-06-04T07:10:00,8426.0,9360.0,0.9002136752136752,-0.10512312693267586,67.2,45.90943538318534,1.4637513931311055,True
1222909,L405S-024,Springdale & GGrove,19.957,S,5,2025-06-05,2025-06-05T06:25:00,2025-06-05T07:25:00,8195.0,9360.0,0.875534188034188,-0.13292107829370767,67.2,41.635164683528295,1.6140202761485813,True
1222909,L405S-024,Springdale & GGrove,19.957,S,5,2025-06-06,2025-06-06T06:35:00,2025-06-06T07:35:00,8004.0,9360.0,0.8551282051282051,-0.15650387376801375,67.2,63.8843332408043,1.0519010936014264,True
1222909,L405S-024,Springdale & GGrove,19.957,S,5,2025-06-09,2025-06-09T06:15:00,2025-06-09T07:15:00,8113.0,9360.0,0.8667735042735043,-0.1429775770765727,67.2,48.17136514648929,1.395019630347709,True
1222909,L405S-024,Springdale & GGrove,19.957,S,5,2025-06-10,2025-06-10T06:15:00,2025-06-10T07:15:00,8141.0,9360.0,0.8697649572649573,-0.13953226789766,67.2,61.31634183852342,1.0959557922905967,True
1222909,L405S-024,Springdale & GGrove,19.957,S,5,2025-06-11,2025-06-11T06:15:00,2025-06-11T07:15:00,8407.0,9360.0,0.8981837606837607,-0.10738059833634085,67.2,55.501799873386766,1.2107715453066334,True
1222909,L405S-024,Springdale & GGrove,19.957,S,5,2025-06-12,2025-06-12T06:20:00,2025-06-12T07:20:00,8289.0,9360.0,0.885576923076923,-0.12151595588011155,67.2,54.970093533139185,1.2224829117215876,True
1222909,L405S-024,Springdale & GGrove,19.957,S,5,2025-06-13,2025-06-13T06:30:00,2025-06-13T07:30:00,7807.0,9360.0,0.8340811965811966,-0.18142452335134676,67.2,63.443083772338994,1.0592171124774206,True
1222909,L405S-024,Springdale & GGrove,19.957,S,5,2025-06-16,2025-06-16T06:25:00,2025-06-16T07:25:00,8384.0,9360.0,0.8957264957264958,-0.11012016291081429,67.2,60.94002587059819,1.1027235226761214,True
1222909,L405S-024,Springdale & GGrove,19.957,S,5,2025-06-17,2025-06-17T06:00:00,2025-06-17T07:00:00,8284.0,9360.0,0.885042735042735,-0.12211934695616299,67.2,56.04632307636758,1.1990081830780344,True
1222909,L405S-024,Springdale & GGrove,19.957,S,5,2025-06-18,2025-06-18T06:15:00,2025-06-18T07:15:00,8001.0,9360.0,0.8548076923076923,-0.15687875662151382,67.2,64.13434878488164,1.0478004575270752,True
1222909,L405S-024,Springdale & GGrove,19.957,S,5,2025-06-20,2025-06-20T06:35:00,2025-06-20T07:35:00,7588.0,9360.0,0.8106837606837607,-0.2098772384167329,67.2,64.66868726979448,1.0391427882190498,True
1222909,L405S-024,Springdale & GGrove,19.957,S,5,2025-06-23,2025-06-23T06:30:00,2025-06-23T07:30:00,8278.0,9360.0,0.8844017094017094,-0.12284389716296006,67.2,65.17029924466901,1.0311445670628407,True
1222909,L405S-024,Springdale & GGrove,19.957,S,5,2025-06-24,2025-06-24T06:15:00,2025-06-24T07:15:00,8470.0,9360.0,0.9049145299145299,-0.09991478182553765,67.2,48.964506926580825,1.372422683654553,True
1222909,L405S-024,Springdale & GGrove,19.957,S,5,2025-06-25,2025-06-25T06:20:00,2025-06-25T07:20:00,8541.0,9360.0,0.9125,-0.0915671935254905,67.2,58.38016590560278,1.1510758655372506,True
1222909,L405S-024,Springdale & GGrove,19.957,S,5,2025-06-26,2025-06-26T06:20:00,2025-06-26T07:20:00,8407.0,9360.0,0.8981837606837607,-0.10738059833634085,67.2,60.58856840303439,1.1091201157450439,True
1222909,L405S-024,Springdale & GGrove,19.957,S,5,2025-06-27,2025-06-27T06:30:00,2025-06-27T07:30:00,7914.0,9360.0,0.8455128205128205,-0.16781194752626813,67.2,63.230469602315125,1.0627787587637896,True
1222909,L405S-024,Springdale & GGrove,19.957,S,5,2025-06-30,2025-06-30T06:20:00,2025-06-30T07:20:00,8161.0,9360.0,0.8719017094017094,-0.13707858000239484,67.2,63.7977572711204,1.053328563172231,True
1222909,L405S-024,Springdale & GGrove,19.957,S,5,2025-07-01,2025-07-01T06:25:00,2025-07-01T07:25:00,8459.0,9360.0,0.9037393162393162,-0.1012143271676232,67.2,49.101328714340625,1.3685984017042179,True
1222909,L405S-024,Springdale & GGrove,19.957,S,5,2025-07-02,2025-07-02T06:20:00,2025-07-02T07:20:00,8526.0,9360.0,0.9108974358974359,-0.09332497214648211,67.2,63.60313272585798,1.0565517313375934,True
1222909,L405S-024,Springdale & GGrove,19.957,S,5,2025-07-03,2025-07-03T06:25:00,2025-07-03T07:25:00,7849.0,9360.0,0.8385683760683761,-0.17605915534482403,67.2,64.61210395564098,1.0400528056807394,True
1222909,L405S-024,Springdale & GGrove,19.957,S,5,2025-07-07,2025-07-07T06:25:00,2025-07-07T07:25:00,8110.0,9360.0,0.8664529914529915,-0.1433474223621791,67.2,61.70039869438414,1.0891339670729945,True
1222909,L405S-024,Springdale & GGrove,19.957,S,5,2025-07-08,2025-07-08T06:25:00,2025-07-08T07:25:00,7853.0,9360.0,0.8389957264957265,-0.1755496660967631,67.2,64.61097377849167,1.040070998316546,True
1222909,L405S-024,Springdale & GGrove,19.957,S,5,2025-07-09,2025-07-09T06:20:00,2025-07-09T07:20:00,8315.0,9360.0,0.8883547008547008,-0.11838417784460974,67.2,44.27511067368562,1.517782767281472,True
1222909,L405S-024,Springdale & GGrove,19.957,S,5,2025-07-10,2025-07-10T06:15:00,2025-07-10T07:15:00,8381.0,9360.0,0.895405982905983,-0.1104780513727315,67.2,54.73714545700266,1.2276855038556442,True
1222909,L405S-024,Springdale & GGrove,19.957,S,5,2025-07-11,2025-07-11T06:40:00,2025-07-11T07:40:00,8048.0,9360.0,0.8598290598290599,-0.15102167713211723,67.2,60.227794473321204,1.1157639190949826,True
1222909,L405S-024,Springdale & GGrove,19.957,S,5,2025-07-14,2025-07-14T06:20:00,2025-07-14T07:20:00,8260.0,9360.0,0.8824786324786325,-0.12502070295661402,67.2,54.82790659224879,1.2256532152460533,True
1222909,L405S-024,Springdale & GGrove,19.957,S,5,2025-07-15,2025-07-15T06:20:00,2025-07-15T07:20:00,8423.0,9360.0,0.8998931623931624,-0.105479231156274,67.2,53.05041377407235,1.2667196204385323,True
1222909,L405S-024,Springdale & GGrove,19.957,S,5,2025-07-16,2025-07-16T06:15:00,2025-07-16T07:15:00,8337.0,9360.0,0.8907051282051283,-0.11574185106102426,67.2,46.47555469172768,1.4459214192436767,True
1222909,L405S-024,Springdale & GGrove,19.957,S,5,2025-07-17,2025-07-17T06:15:00,2025-07-17T07:15:00,8409.0,9360.0,0.8983974358974359,-0.10714272963873973,67.2,58.94730063794665,1.1400013108783607,True
1222909,L405S-024,Springdale & GGrove,19.957,S,5,2025-07-18,2025-07-18T06:25:00,2025-07-18T07:25:00,8096.0,9360.0,0.864957264957265,-0.1450751779443909,67.2,61.56811616271307,1.0914740321500647,True
1222909,L405S-024,Springdale & GGrove,19.957,S,5,2025-07-21,2025-07-21T06:25:00,2025-07-21T07:25:00,8145.0,9360.0,0.8701923076923077,-0.1390410484354922,67.2,62.89172104565941,1.068503117464583,True
1222909,L405S-024,Springdale & GGrove,19.957,S,5,2025-07-22,2025-07-22T06:10:00,2025-07-22T07:10:00,8308.0,9360.0,0.8876068376068376,-0.11922638447563486,67.2,50.35908841459809,1.3344165296788826,True
1222909,L405S-024,Springdale & GGrove,19.957,S,5,2025-07-23,2025-07-23T06:15:00,2025-07-23T07:15:00,8496.0,9360.0,0.9076923076923077,-0.09684982598991766,67.2,44.952159939945815,1.4949226041590962,True
1222909,L405S-024,Springdale & GGrove,19.957,S,5,2025-07-24,2025-07-24T06:25:00,2025-07-24T07:25:00,8293.0,9360.0,0.8860042735042735,-0.12103350502043403,67.2,48.66336976243152,1.3809154673846467,True
1222909,L405S-024,Springdale & GGrove,19.957,S,5,2025-07-25,2025-07-25T06:30:00,2025-07-25T07:30:00,8128.0,9360.0,0.8683760683760684,-0.14113039965337457,67.2,60.27620872103071,1.1148677301688608,True
1222909,L405S-024,Springdale & GGrove,19.957,S,5,2025-07-28,2025-07-28T06:30:00,2025-07-28T07:30:00,8289.0,9360.0,0.885576923076923,-0.12151595588011155,67.2,57.51215047368802,1.1684487442482994,True
1222909,L405S-024,Springdale & GGrove,19.957,S,5,2025-07-29,2025-07-29T06:10:00,2025-07-29T07:10:00,8383.0,9360.0,0.8956196581196582,-0.11023944483378031,67.2,49.82254598537639,1.3487869531943257,True
1222909,L405S-024,Springdale & GGrove,19.957,S,5,2025-07-30,2025-07-30T06:20:00,2025-07-30T07:20:00,8424.0,9360.0,0.9,-0.10536051565782628,67.2,51.41203758578378,1.3070868838425855,True
1222909,L405S-024,Springdale & GGrove,19.957,S,5,2025-07-31,2025-07-31T06:10:00,2025-07-31T07:10:00,8349.0,9360.0,0.8919871794871795,-0.1143035192776372,67.2,56.92199875240174,1.1805629013890626,True
1222909,L405S-024,Springdale & GGrove,19.957,S,5,2025-08-01,2025-08-01T06:25:00,2025-08-01T07:25:00,7895.0,9360.0,0.843482905982906,-0.17021564278189527,67.2,64.27436358641923,1.0455179367065557,True
1222909,L405S-024,Springdale & GGrove,19.957,S,5,2025-08-04,2025-08-04T06:25:00,2025-08-04T07:25:00,8326.0,9360.0,0.8895299145299145,-0.11706214171671704,67.2,62.911925160457905,1.0681599685370506,True
1222909,L405S-024,Springdale & GGrove,19.957,S,5,2025-08-05,2025-08-05T06:25:00,2025-08-05T07:25:00,8469.0,9360.0,0.9048076923076923,-0.10003285255003871,67.2,44.18326605463579,1.5209378119965682,True
1222909,L405S-024,Springdale & GGrove,19.957,S,5,2025-08-06,2025-08-06T06:25:00,2025-08-06T07:25:00,8502.0,9360.0,0.9083333333333333,-0.0961438605529023,67.2,48.199825388650304,1.3941959220421514,True
1222909,L405S-024,Springdale & GGrove,19.957,S,5,2025-08-07,2025-08-07T06:15:00,2025-08-07T07:15:00,8270.0,9360.0,0.8835470085470085,-0.12381078145390077,67.2,63.378994032816564,1.0602882078753884,True
1222909,L405S-024,Springdale & GGrove,19.957,S,5,2025-08-08,2025-08-08T06:35:00,2025-08-08T07:35:00,8006.0,9360.0,0.8553418803418803,-0.15625402991911885,67.2,64.38051555565232,1.0437940643999726,True
1222909,L405S-024,Springdale & GGrove,19.957,S,5,2025-08-11,2025-08-11T06:30:00,2025-08-11T07:30:00,8320.0,9360.0,0.8888888888888888,-0.11778303565638351,67.2,60.656414722797315,1.10787952613268,True
1222909,L405S-024,Springdale & GGrove,19.957,S,5,2025-08-12,2025-08-12T06:20:00,2025-08-12T07:20:00,8451.0,9360.0,0.9028846153846154,-0.10216051292715543,67.2,53.685292229562414,1.2517394841150844,True
1222909,L405S-024,Springdale & GGrove,19.957,S,5,2025-08-13,2025-08-13T06:30:00,2025-08-13T07:30:00,8337.0,9360.0,0.8907051282051283,-0.11574185106102426,67.2,53.77871287259355,1.2495650492640582,True
1222909,L405S-024,Springdale & GGrove,19.957,S,5,2025-08-14,2025-08-14T06:25:00,2025-08-14T07:25:00,8290.0,9360.0,0.8856837606837606,-0.12139532134229712,67.2,45.11025636043064,1.4896833984509523,True
1222909,L405S-024,Springdale & GGrove,19.957,S,5,2025-08-15,2025-08-15T06:40:00,2025-08-15T07:40:00,7924.0,9360.0,0.8465811965811966,-0.1665491616531962,67.2,64.04650403804213,1.0492375971073264,True
1222909,L405S-024,Springdale & GGrove,19.957,S,5,2025-08-18,2025-08-18T06:20:00,2025-08-18T07:20:00,8042.0,9360.0,0.8591880341880341,-0.15176748201441848,67.2,62.539197734080936,1.074526096189097,True
1222909,L405S-024,Springdale & GGrove,19.957,S,5,2025-08-19,2025-08-19T06:20:00,2025-08-19T07:20:00,8382.0,9360.0,0.8955128205128206,-0.11035874098662087,67.2,45.371860416190145,1.4810942153040052,True
1222909,L405S-024,Springdale & GGrove,19.957,S,5,2025-08-20,2025-08-20T06:15:00,2025-08-20T07:15:00,8289.0,9360.0,0.885576923076923,-0.12151595588011155,67.2,49.1805343984749,1.366394261915216,True
1222909,L405S-024,Springdale & GGrove,19.957,S,5,2025-08-21,2025-08-21T06:15:00,2025-08-21T07:15:00,8141.0,9360.0,0.8697649572649573,-0.13953226789766,67.2,57.98666962095555,1.1588870414402086,True
1222909,L405S-024,Springdale & GGrove,19.957,S,5,2025-08-22,2025-08-22T06:25:00,2025-08-22T07:25:00,8078.0,9360.0,0.8630341880341881,-0.14730097334827952,67.2,64.37080113819262,1.0439515869273337,True
1222909,L405S-024,Springdale & GGrove,19.957,S,5,2025-08-25,2025-08-25T06:25:00,2025-08-25T07:25:00,8314.0,9360.0,0.8882478632478632,-0.11850444965905503,67.2,56.783152499486214,1.1834496156339338,True
1222909,L405S-024,Springdale & GGrove,19.957,S,5,2025-08-26,2025-08-26T06:15:00,2025-08-26T07:15:00,8508.0,9360.0,0.908974358974359,-0.09543839315150993,67.2,48.05760069140263,1.398321993466101,True
1222909,L405S-024,Springdale & GGrove,19.957,S,5,2025-08-27,2025-08-27T06:20:00,2025-08-27T07:20:00,8356.0,9360.0,0.8927350427350428,-0.11346544679518127,67.2,61.76092918712797,1.088066531453766,True
1222909,L405S-024,Springdale & GGrove,19.957,S,5,2025-08-28,2025-08-28T07:50:00,2025-08-28T08:50:00,7753.0,9360.0,0.8283119658119659,-0.18836542525267866,67.2,64.73354194601684,1.0381017009086264,True
1222909,L405S-024,Springdale & GGrove,19.957,S,5,2025-08-29,2025-08-29T06:30:00,2025-08-29T07:30:00,7820.0,9360.0,0.8354700854700855,-0.17976073593228092,67.2,64.5689121771944,1.0407485233077056,True
1222909,L405S-024,Springdale & GGrove,19.957,S,5,2025-09-02,2025-09-02T06:15:00,2025-09-02T07:15:00,8236.0,9360.0,0.8799145299145299,-0.1279305013239577,67.2,53.94961671927719,1.2456066249677027,True
1222909,L405S-024,Springdale & GGrove,19.957,S,5,2025-09-03,2025-09-03T06:15:00,2025-09-03T07:15:00,8126.0,9360.0,0.8681623931623932,-0.14137649292396565,67.2,51.501325615906765,1.3048207826954366,True
1222909,L405S-024,Springdale & GGrove,19.957,S,5,2025-09-04,2025-09-04T06:15:00,2025-09-04T07:15:00,8097.0,9360.0,0.8650641025641026,-0.14495166778552335,67.2,55.81342799529911,1.2040113358681344,True
1222909,L405S-024,Springdale & GGrove,19.957,S,5,2025-09-05,2025-09-05T06:25:00,2025-09-05T07:25:00,7995.0,9360.0,0.8541666666666666,-0.15762894420358317,67.2,63.96537670774569,1.0505683458573711,True
1222909,L405S-024,Springdale & GGrove,19.957,S,5,2025-09-08,2025-09-08T06:25:00,2025-09-08T07:25:00,8251.0,9360.0,0.881517094017094,-0.12611088536729456,67.2,50.312965792923116,1.3356398085650552,True
1222909,L405S-024,Springdale & GGrove,19.957,S,5,2025-09-09,2025-09-09T06:10:00,2025-09-09T07:10:00,8004.0,9360.0,0.8551282051282051,-0.15650387376801375,67.2,46.48739901400288,1.4455530192118964,True
1222909,L405S-024,Springdale & GGrove,19.957,S,5,2025-09-10,2025-09-10T06:20:00,2025-09-10T07:20:00,8318.0,9360.0,0.8886752136752136,-0.11802344916878081,67.2,47.22166018660529,1.423075760878515,True
1222909,L405S-024,Springdale & GGrove,19.957,S,5,2025-09-11,2025-09-11T06:40:00,2025-09-11T07:40:00,8073.0,9360.0,0.8625,-0.1479201300766222,67.2,52.695293545643516,1.2752562037023825,True
1222909,L405S-024,Springdale & GGrove,19.957,S,5,2025-09-12,2025-09-12T06:40:00,2025-09-12T07:40:00,8013.0,9360.0,0.8560897435897435,-0.15538006769356721,67.2,64.77254753936818,1.0374765630324552,True
1222909,L405S-024,Springdale & GGrove,19.957,S,5,2025-09-15,2025-09-15T06:30:00,2025-09-15T07:30:00,8283.0,9360.0,0.8849358974358974,-0.12224006887337364,67.2,60.492315938923035,1.1108848943368193,True
1222909,L405S-024,Springdale & GGrove,19.957,S,5,2025-09-16,2025-09-16T06:15:00,2025-09-16T07:15:00,8242.0,9360.0,0.8805555555555555,-0.1272022575728751,67.2,48.56108800697218,1.383824019559688,True
1222909,L405S-024,Springdale & GGrove,19.957,S,5,2025-09-17,2025-09-17T06:20:00,2025-09-17T07:20:00,8163.0,9360.0,0.8721153846153846,-0.13683354202028172,67.2,45.53906856390436,1.4756560052540195,True
1222909,L405S-024,Springdale & GGrove,19.957,S,5,2025-09-18,2025-09-18T06:20:00,2025-09-18T07:20:00,8286.0,9360.0,0.8852564102564102,-0.12187794683429065,67.2,48.01952089161336,1.3994308721171878,True
1222909,L405S-024,Springdale & GGrove,19.957,S,5,2025-09-19,2025-09-19T06:30:00,2025-09-19T07:30:00,8030.0,9360.0,0.8579059829059829,-0.15326076253083043,67.2,62.43873772826341,1.0762549411626137,True
1222909,L405S-024,Springdale & GGrove,19.957,S,5,2025-09-22,2025-09-22T06:20:00,2025-09-22T07:20:00,8469.0,9360.0,0.9048076923076923,-0.10003285255003871,67.2,55.25833714068124,1.2161060842080118,True
1222909,L405S-024,Springdale & GGrove,19.957,S,5,2025-09-23,2025-09-23T06:10:00,2025-09-23T07:10:00,8146.0,9360.0,0.8702991452991453,-0.13891828126327982,67.2,47.59952955116391,1.4117786590257764,True
1222909,L405S-024,Springdale & GGrove,19.957,S,5,2025-09-24,2025-09-24T06:25:00,2025-09-24T07:25:00,8212.0,9360.0,0.8773504273504273,-0.13084879133281355,67.2,45.32498558730563,1.4826259540790896,True
1222909,L405S-024,Springdale & GGrove,19.957,S,5,2025-09-25,2025-09-25T06:00:00,2025-09-25T07:00:00,7383.0,9360.0,0.7887820512820513,-0.23726523041247222,67.2,61.21089753898107,1.097843728842644,True
1222909,L405S-024,Springdale & GGrove,19.957,S,5,2025-09-26,2025-09-26T06:30:00,2025-09-26T07:30:00,7986.0,9360.0,0.8532051282051282,-0.15875528184847112,67.2,61.95195354824864,1.0847115571208605,True
1222909,L405S-024,Springdale & GGrove,19.957,S,5,2025-09-29,2025-09-29T06:20:00,2025-09-29T07:20:00,8228.0,9360.0,0.879059829059829,-0.12890231869878996,67.2,50.54898869128685,1.3294034507872023,True
1222909,L405S-024,Springdale & GGrove,19.957,S,5,2025-09-30,2025-09-30T06:20:00,2025-09-30T07:20:00,8091.0,9360.0,0.864423076923077,-0.14569295766379803,67.2,62.265314483766964,1.0792525591036652,True
1222909,L405S-024,Springdale & GGrove,19.957,S,5,2025-10-01,2025-10-01T06:15:00,2025-10-01T07:15:00,8275.0,9360.0,0.8840811965811965,-0.12320636922637412,67.2,46.09932619207012,1.4577219571499844,True
1222909,L405S-024,Springdale & GGrove,19.957,S,5,2025-10-02,2025-10-02T06:10:00,2025-10-02T07:10:00,8068.0,9360.0,0.861965811965812,-0.1485396703975353,67.2,48.93350864963459,1.373292082551326,True
1222909,L405S-024,Springdale & GGrove,19.957,S,5,2025-10-03,2025-10-03T06:25:00,2025-10-03T07:25:00,7878.0,9360.0,0.8416666666666667,-0.17237122594078652,67.2,47.16499189969179,1.424785572801914,True
1222909,L405S-024,Springdale & GGrove,19.957,S,5,2025-10-06,2025-10-06T06:15:00,2025-10-06T07:15:00,8266.0,9360.0,0.8831196581196581,-0.1242945743999601,67.2,51.69350555981802,1.2999698757562181,True
1222909,L405S-024,Springdale & GGrove,19.957,S,5,2025-10-08,2025-10-08T06:15:00,2025-10-08T07:15:00,8106.0,9360.0,0.8660256410256411,-0.14384076228338383,67.2,43.31956091485444,1.5512622607621323,True
1222909,L405S-024,Springdale & GGrove,19.957,S,5,2025-10-09,2025-10-09T06:15:00,2025-10-09T07:15:00,8173.0,9360.0,0.8731837606837607,-0.13560925195550802,67.2,44.542113024655244,1.508684600634079,True
1222909,L405S-024,Springdale & GGrove,19.957,S,5,2025-10-10,2025-10-10T06:25:00,2025-10-10T07:25:00,8028.0,9360.0,0.8576923076923076,-0.15350985955540902,67.2,62.681310333040436,1.0720899043582643,True
1222909,L405S-024,Springdale & GGrove,19.957,S,5,2025-10-14,2025-10-14T06:15:00,2025-10-14T07:15:00,7247.0,9360.0,0.7742521367521368,-0.2558577003623563,67.2,51.34402132337958,1.3088184031545729,True
1222909,L405S-024,Springdale & GGrove,19.957,S,5,2025-10-15,2025-10-15T06:15:00,2025-10-15T07:15:00,8115.0,9360.0,0.8669871794871795,-0.1427310895229461,67.2,50.198292269533674,1.3386909586321725,True
1222909,L405S-024,Springdale & GGrove,19.957,S,5,2025-10-16,2025-10-16T06:20:00,2025-10-16T07:20:00,8096.0,9360.0,0.864957264957265,-0.1450751779443909,67.2,44.43789870409248,1.5122227188886241,True
1222909,L405S-024,Springdale & GGrove,19.957,S,5,2025-10-17,2025-10-17T06:25:00,2025-10-17T07:25:00,7848.0,9360.0,0.8384615384615385,-0.1761865682264387,67.2,61.15992990011136,1.0987586171166892,True
1222909,L405S-024,Springdale & GGrove,19.957,S,5,2025-10-20,2025-10-20T06:15:00,2025-10-20T07:15:00,7908.0,9360.0,0.8448717948717949,-0.1685703851811302,67.2,48.92836077844214,1.3734365699332474,True
1222909,L405S-024,Springdale & GGrove,19.957,S,5,2025-10-21,2025-10-21T06:15:00,2025-10-21T07:15:00,8138.0,9360.0,0.8694444444444445,-0.13990084091000243,67.2,50.56608321158309,1.3289540287076578,True
1222909,L405S-024,Springdale & GGrove,19.957,S,5,2025-10-22,2025-10-22T06:15:00,2025-10-22T07:15:00,8006.0,9360.0,0.8553418803418803,-0.15625402991911885,67.2,48.05392566454433,1.3984289331346396,True
1222909,L405S-024,Springdale & GGrove,19.957,S,5,2025-10-23,2025-10-23T06:20:00,2025-10-23T07:20:00,8070.0,9360.0,0.8621794871794872,-0.1482918082076432,67.2,48.41579892671996,1.387976683018512,True
1223027,L405S-001,N405 - S605 Conn,23.39,S,5,2025-06-02,2025-06-02T06:35:00,2025-06-02T07:35:00,7282.0,9360.0,0.777991452991453,-0.25103974073625895,68.1,64.93285535251286,1.048775687289479,True
1223027,L405S-001,N405 - S605 Conn,23.39,S,5,2025-06-03,2025-06-03T06:35:00,2025-06-03T07:35:00,7662.0,9360.0,0.8185897435897436,-0.20017224421104346,68.1,65.26293245107594,1.043471346480651,True
1223027,L405S-001,N405 - S605 Conn,23.39,S,5,2025-06-04,2025-06-04T06:30:00,2025-06-04T07:30:00,7491.0,9360.0,0.8003205128205129,-0.22274299052375476,68.1,64.99677329155531,1.0477443194683616,True
1223027,L405S-001,N405 - S605 Conn,23.39,S,5,2025-06-05,2025-06-05T06:40:00,2025-06-05T07:40:00,7309.0,9360.0,0.7808760683760684,-0.24733882499124601,68.1,64.16859703024248,1.06126677458609,True
1223027,L405S-001,N405 - S605 Conn,23.39,S,5,2025-06-06,2025-06-06T06:35:00,2025-06-06T07:35:00,6535.0,9360.0,0.6981837606837606,-0.35927294341331545,68.1,65.86139526372246,1.0339896342510466,True
1223027,L405S-001,N405 - S605 Conn,23.39,S,5,2025-06-09,2025-06-09T06:55:00,2025-06-09T07:55:00,7018.0,9360.0,0.7497863247863248,-0.2879670133284773,68.1,64.49619319993438,1.0558762714706902,True
1223027,L405S-001,N405 - S605 Conn,23.39,S,5,2025-06-10,2025-06-10T07:00:00,2025-06-10T08:00:00,7615.0,9360.0,0.8135683760683761,-0.20632530414237554,68.1,63.89475355931221,1.0658152071403506,True
1223027,L405S-001,N405 - S605 Conn,23.39,S,5,2025-06-11,2025-06-11T06:40:00,2025-06-11T07:40:00,7567.0,9360.0,0.808440170940171,-0.21264860277711614,68.1,64.71896729979505,1.0522417591205238,True
1223027,L405S-001,N405 - S605 Conn,23.39,S,5,2025-06-12,2025-06-12T07:00:00,2025-06-12T08:00:00,7307.0,9360.0,0.7806623931623932,-0.2476124976804199,68.1,64.02688188596305,1.0636157500421697,True
1223027,L405S-001,N405 - S605 Conn,23.39,S,5,2025-06-13,2025-06-13T07:10:00,2025-06-13T08:10:00,6840.0,9360.0,0.7307692307692307,-0.31365755885504165,68.1,63.65357175834952,1.0698535544640073,True
1223027,L405S-001,N405 - S605 Conn,23.39,S,5,2025-06-16,2025-06-16T06:45:00,2025-06-16T07:45:00,7319.0,9360.0,0.7819444444444444,-0.24597158387041063,68.1,63.938175281020484,1.065091390248275,True
1223027,L405S-001,N405 - S605 Conn,23.39,S,5,2025-06-17,2025-06-17T06:40:00,2025-06-17T07:40:00,7719.0,9360.0,0.8246794871794871,-0.1927604685217839,68.1,65.32374067033707,1.0425000053758953,True
1223027,L405S-001,N405 - S605 Conn,23.39,S,5,2025-06-18,2025-06-18T07:45:00,2025-06-18T08:45:00,7373.0,9360.0,0.7877136752136752,-0.23862061148198718,68.1,61.96915762846911,1.09893376973571,True
1223027,L405S-001,N405 - S605 Conn,23.39,S,5,2025-06-20,2025-06-20T07:10:00,2025-06-20T08:10:00,6196.0,9360.0,0.661965811965812,-0.4125413679348785,68.1,65.64258533490992,1.0374362870163063,True
1223027,L405S-001,N405 - S605 Conn,23.39,S,5,2025-06-23,2025-06-23T07:10:00,2025-06-23T08:10:00,6652.0,9360.0,0.7106837606837607,-0.3415277291588194,68.1,66.3283463797829,1.026710354123303,True
1223027,L405S-001,N405 - S605 Conn,23.39,S,5,2025-06-24,2025-06-24T06:35:00,2025-06-24T07:35:00,7891.0,9360.0,0.8430555555555556,-0.17072242095060272,68.1,64.06419773432874,1.062996219548515,True
1223027,L405S-001,N405 - S605 Conn,23.39,S,5,2025-06-25,2025-06-25T06:50:00,2025-06-25T07:50:00,7528.0,9360.0,0.8042735042735043,-0.21781588820642214,68.1,64.65126538426684,1.0533436522121409,True
1223027,L405S-001,N405 - S605 Conn,23.39,S,5,2025-06-26,2025-06-26T06:55:00,2025-06-26T07:55:00,7455.0,9360.0,0.7964743589743589,-0.227560342272799,68.1,63.92671656197442,1.0652823054658178,True
1223027,L405S-001,N405 - S605 Conn,23.39,S,5,2025-06-27,2025-06-27T06:50:00,2025-06-27T07:50:00,6479.0,9360.0,0.6922008547008547,-0.3678791130216805,68.1,64.47906946227212,1.056156681042777,True
1223027,L405S-001,N405 - S605 Conn,23.39,S,5,2025-06-30,2025-06-30T07:00:00,2025-06-30T08:00:00,6755.0,9360.0,0.7216880341880342,-0.3261623190773385,68.1,67.4337549443108,1.0098799934282081,True
1223027,L405S-001,N405 - S605 Conn,23.39,S,5,2025-07-01,2025-07-01T06:40:00,2025-07-01T07:40:00,7468.0,9360.0,0.7978632478632479,-0.22581806481002442,68.1,65.41566150931494,1.0410351042663202,True
1223027,L405S-001,N405 - S605 Conn,23.39,S,5,2025-07-02,2025-07-02T06:50:00,2025-07-02T07:50:00,7082.0,9360.0,0.7566239316239316,-0.2788889367997887,68.1,64.72798121350357,1.0520952256393399,True
1223027,L405S-001,N405 - S605 Conn,23.39,S,5,2025-07-03,2025-07-03T07:05:00,2025-07-03T08:05:00,6591.0,9360.0,0.7041666666666667,-0.35074020841891773,68.1,65.5323363262087,1.039181628761256,True
1223027,L405S-001,N405 - S605 Conn,23.39,S,5,2025-07-07,2025-07-07T07:10:00,2025-07-07T08:10:00,6836.0,9360.0,0.7303418803418803,-0.31424252523615626,68.1,65.82982713378101,1.0344854751267307,True
1223027,L405S-001,N405 - S605 Conn,23.39,S,5,2025-07-08,2025-07-08T07:00:00,2025-07-08T08:00:00,7602.0,9360.0,0.8121794871794872,-0.2080339199224437,68.1,64.49697969526781,1.055863395801719,True
1223027,L405S-001,N405 - S605 Conn,23.39,S,5,2025-07-09,2025-07-09T06:45:00,2025-07-09T07:45:00,7556.0,9360.0,0.8072649572649573,-0.21410334085023755,68.1,64.97269567780083,1.0481325930773666,True
1223027,L405S-001,N405 - S605 Conn,23.39,S,5,2025-07-10,2025-07-10T06:45:00,2025-07-10T07:45:00,7496.0,9360.0,0.8008547008547009,-0.22207574555337956,68.1,65.35440066109753,1.0420109328695413,True
1223027,L405S-001,N405 - S605 Conn,23.39,S,5,2025-07-11,2025-07-11T07:25:00,2025-07-11T08:25:00,6480.0,9360.0,0.6923076923076923,-0.3677247801253174,68.1,63.94763585702504,1.0649338179171919,True
1223027,L405S-001,N405 - S605 Conn,23.39,S,5,2025-07-14,2025-07-14T06:50:00,2025-07-14T07:50:00,7155.0,9360.0,0.7644230769230769,-0.2686338774810865,68.1,63.597213169390216,1.0708016374650988,True
1223027,L405S-001,N405 - S605 Conn,23.39,S,5,2025-07-15,2025-07-15T07:05:00,2025-07-15T08:05:00,7356.0,9360.0,0.7858974358974359,-0.24092898374742605,68.1,62.29481822977303,1.093188838737994,True
1223027,L405S-001,N405 - S605 Conn,23.39,S,5,2025-07-16,2025-07-16T06:50:00,2025-07-16T07:50:00,7767.0,9360.0,0.8298076923076924,-0.18656130105199034,68.1,62.945371020547356,1.0818905170607382,True
1223027,L405S-001,N405 - S605 Conn,23.39,S,5,2025-07-17,2025-07-17T06:50:00,2025-07-17T07:50:00,7510.0,9360.0,0.8023504273504274,-0.22020982471345726,68.1,64.28262178924341,1.0593842955452597,True
1223027,L405S-001,N405 - S605 Conn,23.39,S,5,2025-07-18,2025-07-18T07:10:00,2025-07-18T08:10:00,6985.0,9360.0,0.7462606837606838,-0.2926802977805755,68.1,63.51483310788676,1.0721904894928218,True
1223027,L405S-001,N405 - S605 Conn,23.39,S,5,2025-07-21,2025-07-21T06:55:00,2025-07-21T07:55:00,7044.0,9360.0,0.7525641025641026,-0.284269099855541,68.1,63.91778607531541,1.0654311449360372,True
1223027,L405S-001,N405 - S605 Conn,23.39,S,5,2025-07-22,2025-07-22T06:55:00,2025-07-22T07:55:00,7771.0,9360.0,0.8302350427350428,-0.18604643426239548,68.1,63.426699531999525,1.0736803349769561,True
1223027,L405S-001,N405 - S605 Conn,23.39,S,5,2025-07-23,2025-07-23T06:40:00,2025-07-23T07:40:00,7776.0,9360.0,0.8307692307692308,-0.18540322333136267,68.1,65.24428809758246,1.0437695311832724,True
1223027,L405S-001,N405 - S605 Conn,23.39,S,5,2025-07-24,2025-07-24T06:40:00,2025-07-24T07:40:00,7676.0,9360.0,0.8200854700854701,-0.19834671234404724,68.1,64.79825665365792,1.050954200264826,True
1223027,L405S-001,N405 - S605 Conn,23.39,S,5,2025-07-25,2025-07-25T07:05:00,2025-07-25T08:05:00,6879.0,9360.0,0.7349358974358975,-0.3079719979456235,68.1,64.55450892335982,1.0549224389709082,True
1223027,L405S-001,N405 - S605 Conn,23.39,S,5,2025-07-28,2025-07-28T07:05:00,2025-07-28T08:05:00,7506.0,9360.0,0.801923076923077,-0.22074258977667155,68.1,65.11045950563388,1.0459149039503772,True
1223027,L405S-001,N405 - S605 Conn,23.39,S,5,2025-07-29,2025-07-29T06:35:00,2025-07-29T07:35:00,7515.0,9360.0,0.8028846153846154,-0.21954426728456283,68.1,65.22117382137908,1.0441394413799596,True
1223027,L405S-001,N405 - S605 Conn,23.39,S,5,2025-07-30,2025-07-30T06:40:00,2025-07-30T07:40:00,7459.0,9360.0,0.7969017094017095,-0.2270239335164744,68.1,64.92092801333749,1.0489683694294911,True
1223027,L405S-001,N405 - S605 Conn,23.39,S,5,2025-07-31,2025-07-31T06:40:00,2025-07-31T07:40:00,7566.0,9360.0,0.8083333333333333,-0.21278076427866316,68.1,64.77258493316116,1.0513707314641279,True
1223027,L405S-001,N405 - S605 Conn,23.39,S,5,2025-08-01,2025-08-01T07:10:00,2025-08-01T08:10:00,6821.0,9360.0,0.7287393162393162,-0.3164392018169184,68.1,64.09034757078207,1.062562500925582,True
1223027,L405S-001,N405 - S605 Conn,23.39,S,5,2025-08-04,2025-08-04T06:50:00,2025-08-04T07:50:00,7139.0,9360.0,0.7627136752136752,-0.27087257996917724,68.1,65.8059912479021,1.0348601807919888,True
1223027,L405S-001,N405 - S605 Conn,23.39,S,5,2025-08-05,2025-08-05T06:50:00,2025-08-05T07:50:00,7600.0,9360.0,0.811965811965812,-0.2082970431972153,68.1,64.68900145807244,1.0527291883480125,True
1223027,L405S-001,N405 - S605 Conn,23.39,S,5,2025-08-06,2025-08-06T06:45:00,2025-08-06T07:45:00,7658.0,9360.0,0.8181623931623931,-0.20069443743439794,68.1,63.88453989545637,1.065985606399326,True
1223027,L405S-001,N405 - S605 Conn,23.39,S,5,2025-08-07,2025-08-07T06:40:00,2025-08-07T07:40:00,7509.0,9360.0,0.8022435897435898,-0.22034298937175378,68.1,65.04098525467047,1.0470321095744757,True
1223027,L405S-001,N405 - S605 Conn,23.39,S,5,2025-08-08,2025-08-08T06:50:00,2025-08-08T07:50:00,6905.0,9360.0,0.7377136752136753,-0.30419950362824516,68.1,66.30089498251039,1.0271354559838777,True
1223027,L405S-001,N405 - S605 Conn,23.39,S,5,2025-08-11,2025-08-11T06:55:00,2025-08-11T07:55:00,7275.0,9360.0,0.7772435897435898,-0.25200147743194445,68.1,66.19520665833875,1.0287753968575502,True
1223027,L405S-001,N405 - S605 Conn,23.39,S,5,2025-08-12,2025-08-12T06:40:00,2025-08-12T07:40:00,7571.0,9360.0,0.8088675213675214,-0.21212013136833108,68.1,64.65559471691022,1.053273120418594,True
1223027,L405S-001,N405 - S605 Conn,23.39,S,5,2025-08-13,2025-08-13T06:50:00,2025-08-13T07:50:00,7688.0,9360.0,0.8213675213675213,-0.19678461882150936,68.1,64.26413587352481,1.059689032993836,True
1223027,L405S-001,N405 - S605 Conn,23.39,S,5,2025-08-14,2025-08-14T06:45:00,2025-08-14T07:45:00,7422.0,9360.0,0.7929487179487179,-0.23199672785109487,68.1,64.60154999468187,1.0541542734749572,True
1223027,L405S-001,N405 - S605 Conn,23.39,S,5,2025-08-15,2025-08-15T07:15:00,2025-08-15T08:15:00,6883.0,9360.0,0.7353632478632479,-0.3073906870732735,68.1,64.39901842586768,1.0574695339245375,True
1223027,L405S-001,N405 - S605 Conn,23.39,S,5,2025-08-18,2025-08-18T06:55:00,2025-08-18T07:55:00,7494.0,9360.0,0.8006410256410257,-0.222342590118005,68.1,64.61466563983582,1.053940298624952,True
1223027,L405S-001,N405 - S605 Conn,23.39,S,5,2025-08-19,2025-08-19T06:35:00,2025-08-19T07:35:00,7581.0,9360.0,0.8099358974358974,-0.2108001734153338,68.1,66.48778040133307,1.0242483594569598,True
1223027,L405S-001,N405 - S605 Conn,23.39,S,5,2025-08-20,2025-08-20T06:40:00,2025-08-20T07:40:00,7609.0,9360.0,0.8129273504273504,-0.20711353329511498,68.1,64.3110735468634,1.0589156150592884,True
1223027,L405S-001,N405 - S605 Conn,23.39,S,5,2025-08-21,2025-08-21T06:35:00,2025-08-21T07:35:00,7555.0,9360.0,0.8071581196581197,-0.21423569476479776,68.1,64.49653943218185,1.0558706032841838,True
1223027,L405S-001,N405 - S605 Conn,23.39,S,5,2025-08-22,2025-08-22T06:40:00,2025-08-22T07:40:00,7075.0,9360.0,0.7558760683760684,-0.2798778469601994,68.1,65.88717843810264,1.0335850102304227,True
1223027,L405S-001,N405 - S605 Conn,23.39,S,5,2025-08-25,2025-08-25T06:35:00,2025-08-25T07:35:00,7219.0,9360.0,0.7712606837606838,-0.2597288513324767,68.1,66.78799006936119,1.019644399079479,True
1223027,L405S-001,N405 - S605 Conn,23.39,S,5,2025-08-26,2025-08-26T06:40:00,2025-08-26T07:40:00,7279.0,9360.0,0.7776709401709402,-0.25145180035337983,68.1,66.36084731494668,1.0262075117395555,True
1223027,L405S-001,N405 - S605 Conn,23.39,S,5,2025-08-27,2025-08-27T06:35:00,2025-08-27T07:35:00,7515.0,9360.0,0.8028846153846154,-0.21954426728456283,68.1,65.99799706805007,1.0318494958230713,True
1223027,L405S-001,N405 - S605 Conn,23.39,S,5,2025-08-28,2025-08-28T06:40:00,2025-08-28T07:40:00,7352.0,9360.0,0.7854700854700855,-0.24147290543611477,68.1,64.63313236470218,1.0536391709399986,True
1223027,L405S-001,N405 - S605 Conn,23.39,S,5,2025-08-29,2025-08-29T07:15:00,2025-08-29T08:15:00,6943.0,9360.0,0.7417735042735043,-0.2987113327183643,68.1,63.41966717052651,1.0737993912344057,True
1223027,L405S-001,N405 - S605 Conn,23.39,S,5,2025-09-02,2025-09-02T06:40:00,2025-09-02T07:40:00,7328.0,9360.0,0.7829059829059829,-0.24474266311767154,68.1,66.72070579577057,1.0206726560784802,True
1223027,L405S-001,N405 - S605 Conn,23.39,S,5,2025-09-03,2025-09-03T06:25:00,2025-09-03T07:25:00,7354.0,9360.0,0.7856837606837607,-0.24120090761042043,68.1,64.88299572713441,1.0495816236105173,True
1223027,L405S-001,N405 - S605 Conn,23.39,S,5,2025-09-04,2025-09-04T06:40:00,2025-09-04T07:40:00,7349.0,9360.0,0.7851495726495726,-0.24188104094276652,68.1,66.02115995951765,1.031487481312916,True
1223027,L405S-001,N405 - S605 Conn,23.39,S,5,2025-09-05,2025-09-05T07:15:00,2025-09-05T08:15:00,6924.0,9360.0,0.7397435897435898,-0.3014516531755378,68.1,64.69102623421013,1.0526962387866268,True
1223027,L405S-001,N405 - S605 Conn,23.39,S,5,2025-09-08,2025-09-08T06:25:00,2025-09-08T07:25:00,7346.0,9360.0,0.7848290598290598,-0.24228934309202513,68.1,60.980487625496565,1.1167506632322612,True
1223027,L405S-001,N405 - S605 Conn,23.39,S,5,2025-09-09,2025-09-09T06:35:00,2025-09-09T07:35:00,7306.0,9360.0,0.7805555555555556,-0.2477493621164099,68.1,62.16529755298816,1.0954664850104392,True
1223027,L405S-001,N405 - S605 Conn,23.39,S,5,2025-09-10,2025-09-10T06:30:00,2025-09-10T07:30:00,7601.0,9360.0,0.8120726495726496,-0.20816547290559728,68.1,65.86201333902468,1.033979930881482,True
1223027,L405S-001,N405 - S605 Conn,23.39,S,5,2025-09-11,2025-09-11T06:40:00,2025-09-11T07:40:00,7660.0,9360.0,0.8183760683760684,-0.20043330673700077,68.1,61.74211887027689,1.102974780361544,True
1223027,L405S-001,N405 - S605 Conn,23.39,S,5,2025-09-12,2025-09-12T07:00:00,2025-09-12T08:00:00,6883.0,9360.0,0.7353632478632479,-0.3073906870732735,68.1,65.30674380286277,1.0427713285716564,True
1223027,L405S-001,N405 - S605 Conn,23.39,S,5,2025-09-15,2025-09-15T07:00:00,2025-09-15T08:00:00,7465.0,9360.0,0.7975427350427351,-0.22621985949834691,68.1,63.56016112537657,1.0714258553509375,True
1223027,L405S-001,N405 - S605 Conn,23.39,S,5,2025-09-16,2025-09-16T06:35:00,2025-09-16T07:35:00,7664.0,9360.0,0.8188034188034188,-0.19991124982094127,68.1,64.32440786248836,1.0586961040602665,True
1223027,L405S-001,N405 - S605 Conn,23.39,S,5,2025-09-17,2025-09-17T06:35:00,2025-09-17T07:35:00,7812.0,9360.0,0.8346153846153846,-0.18078427747506814,68.1,63.35374703814962,1.0749166889685677,True
1223027,L405S-001,N405 - S605 Conn,23.39,S,5,2025-09-18,2025-09-18T06:35:00,2025-09-18T07:35:00,7581.0,9360.0,0.8099358974358974,-0.2108001734153338,68.1,63.734391900898366,1.0684968973406035,True
1223027,L405S-001,N405 - S605 Conn,23.39,S,5,2025-09-19,2025-09-19T06:40:00,2025-09-19T07:40:00,7351.0,9360.0,0.7853632478632478,-0.2416089320975501,68.1,63.679616303696434,1.0694159913781855,True
1223027,L405S-001,N405 - S605 Conn,23.39,S,5,2025-09-22,2025-09-22T06:40:00,2025-09-22T07:40:00,7402.0,9360.0,0.7908119658119658,-0.2346950565255365,68.1,63.711781399195004,1.0688760933132602,True
1223027,L405S-001,N405 - S605 Conn,23.39,S,5,2025-09-23,2025-09-23T06:45:00,2025-09-23T07:45:00,7551.0,9360.0,0.8067307692307693,-0.21476528566821215,68.1,64.07390698460688,1.062835141555522,True
1223027,L405S-001,N405 - S605 Conn,23.39,S,5,2025-09-24,2025-09-24T06:35:00,2025-09-24T07:35:00,7923.0,9360.0,0.846474358974359,-0.16667536850639583,68.1,62.274654998443346,1.0935427904289836,True
1223027,L405S-001,N405 - S605 Conn,23.39,S,5,2025-09-25,2025-09-25T07:05:00,2025-09-25T08:05:00,7595.0,9360.0,0.8114316239316239,-0.2089551544417645,68.1,62.37210147539316,1.0918343039454361,True
1223027,L405S-001,N405 - S605 Conn,23.39,S,5,2025-09-26,2025-09-26T06:55:00,2025-09-26T07:55:00,7009.0,9360.0,0.7488247863247863,-0.28925025297131296,68.1,64.9450622928337,1.0485785615685586,True
1223027,L405S-001,N405 - S605 Conn,23.39,S,5,2025-09-29,2025-09-29T06:45:00,2025-09-29T07:45:00,7477.0,9360.0,0.7988247863247864,-0.22461364847172213,68.1,64.65336776467244,1.0533093998733791,True
1223027,L405S-001,N405 - S605 Conn,23.39,S,5,2025-09-30,2025-09-30T06:55:00,2025-09-30T07:55:00,7191.0,9360.0,0.7682692307692308,-0.2636150463691436,68.1,65.04869321473696,1.04690804126057,True
1223027,L405S-001,N405 - S605 Conn,23.39,S,5,2025-10-01,2025-10-01T06:35:00,2025-10-01T07:35:00,7603.0,9360.0,0.8122863247863248,-0.2079023842432011,68.1,64.69972059158991,1.052554777320817,True
1223027,L405S-001,N405 - S605 Conn,23.39,S,5,2025-10-02,2025-10-02T06:35:00,2025-10-02T07:35:00,7546.0,9360.0,0.8061965811965812,-0.21542766894738194,68.1,61.75291091560181,1.1027820225846974,True
1223027,L405S-001,N405 - S605 Conn,23.39,S,5,2025-10-03,2025-10-03T07:00:00,2025-10-03T08:00:00,6960.0,9360.0,0.7435897435897436,-0.2962658161431724,68.1,64.97983625302334,1.0480174147381216,True
1223027,L405S-001,N405 - S605 Conn,23.39,S,5,2025-10-06,2025-10-06T06:35:00,2025-10-06T07:35:00,7407.0,9360.0,0.7913461538461538,-0.23401979145834859,68.1,60.78779227239618,1.1202907270400129,True
1223027,L405S-001,N405 - S605 Conn,23.39,S,5,2025-10-08,2025-10-08T06:35:00,2025-10-08T07:35:00,7549.0,9360.0,0.806517094017094,-0.21503018633201285,68.1,65.5196127580938,1.0393834324301228,True
1223027,L405S-001,N405 - S605 Conn,23.39,S,5,2025-10-09,2025-10-09T07:00:00,2025-10-09T08:00:00,7745.0,9360.0,0.8274572649572649,-0.1893978166206688,68.1,62.74987390218716,1.0852611450048884,True
1223027,L405S-001,N405 - S605 Conn,23.39,S,5,2025-10-10,2025-10-10T06:25:00,2025-10-10T07:25:00,6914.0,9360.0,0.7386752136752137,-0.30289694899006786,68.1,65.13958304335809,1.0454472813353963,True
1223027,L405S-001,N405 - S605 Conn,23.39,S,5,2025-10-14,2025-10-14T06:30:00,2025-10-14T07:30:00,6433.0,9360.0,0.6872863247863248,-0.3750042980606374,68.1,54.75002860604088,1.243834966553536,True
1223027,L405S-001,N405 - S605 Conn,23.39,S,5,2025-10-15,2025-10-15T06:30:00,2025-10-15T07:30:00,7432.0,9360.0,0.794017094017094,-0.23065028897796333,68.1,63.523949472372806,1.0720366187183836,True
1223027,L405S-001,N405 - S605 Conn,23.39,S,5,2025-10-16,2025-10-16T06:40:00,2025-10-16T07:40:00,7395.0,9360.0,0.7900641025641025,-0.2356411943267376,68.1,61.99016644373574,1.0985613349144616,True
1223027,L405S-001,N405 - S605 Conn,23.39,S,5,2025-10-17,2025-10-17T06:35:00,2025-10-17T07:35:00,6897.0,9360.0,0.7368589743589744,-0.3053587560403464,68.1,64.16444733700621,1.0613354096595482,True
1223027,L405S-001,N405 - S605 Conn,23.39,S,5,2025-10-20,2025-10-20T06:35:00,2025-10-20T07:35:00,7108.0,9360.0,0.7594017094017094,-0.27522438019709583,68.1,58.15283112347871,1.1710521858411327,True
1223027,L405S-001,N405 - S605 Conn,23.39,S,5,2025-10-21,2025-10-21T06:35:00,2025-10-21T07:35:00,7561.0,9360.0,0.8077991452991453,-0.21344183391336782,68.1,61.64171959121006,1.104771256409123,True
1223027,L405S-001,N405 - S605 Conn,23.39,S,5,2025-10-22,2025-10-22T06:45:00,2025-10-22T07:45:00,7545.0,9360.0,0.8060897435897436,-0.21556019826968842,68.1,62.700171560209235,1.0861214300602902,True
1223027,L405S-001,N405 - S605 Conn,23.39,S,5,2025-10-23,2025-10-23T06:35:00,2025-10-23T07:35:00,7597.0,9360.0,0.8116452991452991,-0.20869185796841613,68.1,63.36979735813957,1.074644433769092,True
1223081,L405S-110,Almond,20.664,S,6,2025-06-02,2025-06-02T06:15:00,2025-06-02T07:15:00,7904.0,11232.0,0.7037037037037037,-0.3513978868378886,68.2,62.68805072564283,1.0879266337133446,True
1223081,L405S-110,Almond,20.664,S,6,2025-06-03,2025-06-03T06:15:00,2025-06-03T07:15:00,7941.0,11232.0,0.7069978632478633,-0.3467276353703813,68.2,53.28056593093203,1.280016433917165,True
1223081,L405S-110,Almond,20.664,S,6,2025-06-04,2025-06-04T06:15:00,2025-06-04T07:15:00,7914.0,11232.0,0.7045940170940171,-0.35013350432022267,68.2,49.86727147023066,1.3676304716353582,True
1223081,L405S-110,Almond,20.664,S,6,2025-06-05,2025-06-05T06:05:00,2025-06-05T07:05:00,7785.0,11232.0,0.6931089743589743,-0.36656804199749365,68.2,55.896750806741174,1.2201066970027719,True
1223081,L405S-110,Almond,20.664,S,6,2025-06-06,2025-06-06T06:35:00,2025-06-06T07:35:00,7507.0,11232.0,0.6683582621082621,-0.40293092869259,68.2,65.93222684195398,1.0343955189543665,True
1223081,L405S-110,Almond,20.664,S,6,2025-06-09,2025-06-09T06:20:00,2025-06-09T07:20:00,7641.0,11232.0,0.6802884615384616,-0.38523836261802563,68.2,63.12413905783345,1.080410774989202,True
1223081,L405S-110,Almond,20.664,S,6,2025-06-10,2025-06-10T06:10:00,2025-06-10T07:10:00,7589.0,11232.0,0.6756588319088319,-0.39206701686167955,68.2,65.19585863469287,1.0460787146333943,True
1223081,L405S-110,Almond,20.664,S,6,2025-06-11,2025-06-11T06:15:00,2025-06-11T07:15:00,7856.0,11232.0,0.6994301994301995,-0.3574892762312905,68.2,64.64107150231303,1.0550567683204266,True
1223081,L405S-110,Almond,20.664,S,6,2025-06-12,2025-06-12T06:20:00,2025-06-12T07:20:00,7798.0,11232.0,0.6942663817663818,-0.3648995567230497,68.2,62.064253292271786,1.0988612024192714,True
1223081,L405S-110,Almond,20.664,S,6,2025-06-13,2025-06-13T06:35:00,2025-06-13T07:35:00,7351.0,11232.0,0.6544693732193733,-0.42393048889150464,68.2,64.83661732534738,1.0518747401298763,True
1223081,L405S-110,Almond,20.664,S,6,2025-06-16,2025-06-16T06:30:00,2025-06-16T07:30:00,7810.0,11232.0,0.6953347578347578,-0.3633618834318607,68.2,62.86445521805215,1.084873793361303,True
1223081,L405S-110,Almond,20.664,S,6,2025-06-17,2025-06-17T06:00:00,2025-06-17T07:00:00,7802.0,11232.0,0.6946225071225072,-0.3643867361989905,68.2,59.15486810720897,1.152905959935506,True
1223081,L405S-110,Almond,20.664,S,6,2025-06-18,2025-06-18T06:15:00,2025-06-18T07:15:00,7385.0,11232.0,0.6574964387464387,-0.41931593130011224,68.2,64.39212017339473,1.05913580444861,True
1223081,L405S-110,Almond,20.664,S,6,2025-06-20,2025-06-20T06:35:00,2025-06-20T07:35:00,7085.0,11232.0,0.6307870370370371,-0.4607869741408115,68.2,66.20135244842099,1.0301904338455352,True
1223081,L405S-110,Almond,20.664,S,6,2025-06-23,2025-06-23T06:25:00,2025-06-23T07:25:00,7724.0,11232.0,0.6876780626780626,-0.3744344827171874,68.2,67.43853969359446,1.0112911743027833,True
1223081,L405S-110,Almond,20.664,S,6,2025-06-24,2025-06-24T06:15:00,2025-06-24T07:15:00,7814.0,11232.0,0.6956908831908832,-0.3628498506505764,68.2,58.796120506895754,1.1599404758686644,True
1223081,L405S-110,Almond,20.664,S,6,2025-06-25,2025-06-25T06:20:00,2025-06-25T07:20:00,8024.0,11232.0,0.7143874643874644,-0.33632979662382095,68.2,65.69546890124997,1.0381233461095272,True
1223081,L405S-110,Almond,20.664,S,6,2025-06-26,2025-06-26T06:20:00,2025-06-26T07:20:00,7884.0,11232.0,0.7019230769230769,-0.3539314579929816,68.2,64.35048339376823,1.0598210985094878,True
1223081,L405S-110,Almond,20.664,S,6,2025-06-27,2025-06-27T06:25:00,2025-06-27T07:25:00,7402.0,11232.0,0.6590099715099715,-0.417016613319491,68.2,65.32671756786432,1.0439832665578335,True
1223081,L405S-110,Almond,20.664,S,6,2025-06-30,2025-06-30T06:20:00,2025-06-30T07:20:00,7705.0,11232.0,0.6859864672364673,-0.37689737851137617,68.2,64.11664663505547,1.063686321403964,True
1223081,L405S-110,Almond,20.664,S,6,2025-07-01,2025-07-01T06:20:00,2025-07-01T07:20:00,8027.0,11232.0,0.7146545584045584,-0.33595598813401556,68.2,59.28385171705808,1.1503975876178847,True
1223081,L405S-110,Almond,20.664,S,6,2025-07-02,2025-07-02T06:30:00,2025-07-02T07:30:00,7989.0,11232.0,0.7112713675213675,-0.3407012517835504,68.2,65.42793571362319,1.0423682064265345,True
1223081,L405S-110,Almond,20.664,S,6,2025-07-03,2025-07-03T06:30:00,2025-07-03T07:30:00,7450.0,11232.0,0.6632834757834758,-0.41055281489198714,68.2,65.68812369106716,1.0382394284961807,True
1223081,L405S-110,Almond,20.664,S,6,2025-07-07,2025-07-07T06:25:00,2025-07-07T07:25:00,7666.0,11232.0,0.6825142450142451,-0.3819718803250919,68.2,66.32294824481538,1.0283016935293035,True
1223081,L405S-110,Almond,20.664,S,6,2025-07-08,2025-07-08T06:25:00,2025-07-08T07:25:00,7267.0,11232.0,0.6469907407407407,-0.43542329564895654,68.2,64.83529457650343,1.0518962001402852,True
1223081,L405S-110,Almond,20.664,S,6,2025-07-09,2025-07-09T06:20:00,2025-07-09T07:20:00,7830.0,11232.0,0.6971153846153846,-0.3608043372807436,68.2,51.80502657831172,1.3164745682912569,True
1223081,L405S-110,Almond,20.664,S,6,2025-07-10,2025-07-10T06:15:00,2025-07-10T07:15:00,7855.0,11232.0,0.6993411680911681,-0.35761657557587084,68.2,59.71470511003981,1.142097241781967,True
1223081,L405S-110,Almond,20.664,S,6,2025-07-11,2025-07-11T06:40:00,2025-07-11T07:40:00,7583.0,11232.0,0.6751246438746439,-0.3928579475646568,68.2,61.256244590823805,1.1133558783363022,True
1223081,L405S-110,Almond,20.664,S,6,2025-07-14,2025-07-14T06:20:00,2025-07-14T07:20:00,7761.0,11232.0,0.6909722222222222,-0.36965565541145357,68.2,64.88843514360889,1.0510347467782521,True
1223081,L405S-110,Almond,20.664,S,6,2025-07-15,2025-07-15T06:15:00,2025-07-15T07:15:00,7925.0,11232.0,0.7055733618233618,-0.348744527520111,68.2,56.77180699757372,1.201300497673338,True
1223081,L405S-110,Almond,20.664,S,6,2025-07-16,2025-07-16T06:15:00,2025-07-16T07:15:00,7833.0,11232.0,0.6973824786324786,-0.36042126889835385,68.2,50.99118640117506,1.3374860404979394,True
1223081,L405S-110,Almond,20.664,S,6,2025-07-17,2025-07-17T06:15:00,2025-07-17T07:15:00,7905.0,11232.0,0.7037927350427351,-0.3512713766220199,68.2,64.19034262152408,1.0624651188126144,True
1223081,L405S-110,Almond,20.664,S,6,2025-07-18,2025-07-18T06:25:00,2025-07-18T07:25:00,7643.0,11232.0,0.6804665242165242,-0.3849766510227083,68.2,63.496389730273904,1.0740768142835608,True
1223081,L405S-110,Almond,20.664,S,6,2025-07-21,2025-07-21T06:25:00,2025-07-21T07:25:00,7571.0,11232.0,0.6740562678062678,-0.3944416881622857,68.2,65.17168161929357,1.04646678289501,True
1223081,L405S-110,Almond,20.664,S,6,2025-07-22,2025-07-22T06:10:00,2025-07-22T07:10:00,7750.0,11232.0,0.6899928774928775,-0.3710740039181996,68.2,62.79094111087718,1.086143937221317,True
1223081,L405S-110,Almond,20.664,S,6,2025-07-23,2025-07-23T06:15:00,2025-07-23T07:15:00,8060.0,11232.0,0.7175925925925926,-0.33185329076491843,68.2,56.58553816512238,1.2052549504961045,True
1223081,L405S-110,Almond,20.664,S,6,2025-07-24,2025-07-24T06:20:00,2025-07-24T07:20:00,7763.0,11232.0,0.6911502849002849,-0.36939798985991207,68.2,56.17720613330022,1.214015517933937,True
1223081,L405S-110,Almond,20.664,S,6,2025-07-25,2025-07-25T06:25:00,2025-07-25T07:25:00,7628.0,11232.0,0.6791310541310541,-0.3869411595452827,68.2,62.256801616702056,1.0954626358721185,True
1223081,L405S-110,Almond,20.664,S,6,2025-07-28,2025-07-28T06:25:00,2025-07-28T07:25:00,7768.0,11232.0,0.6915954415954416,-0.3687541162944315,68.2,65.43918299280013,1.0421890506717304,True
1223081,L405S-110,Almond,20.664,S,6,2025-07-29,2025-07-29T06:10:00,2025-07-29T07:10:00,7917.0,11232.0,0.7048611111111112,-0.3497545010941585,68.2,60.221959209394065,1.1324772706724133,True
1223081,L405S-110,Almond,20.664,S,6,2025-07-30,2025-07-30T06:20:00,2025-07-30T07:20:00,7876.0,11232.0,0.7012108262108262,-0.35494668650657624,68.2,59.86846200012392,1.1391640560243361,True
1223081,L405S-110,Almond,20.664,S,6,2025-07-31,2025-07-31T06:10:00,2025-07-31T07:10:00,7868.0,11232.0,0.7004985754985755,-0.35596294675664264,68.2,61.06582358196099,1.1168276459657291,True
1223081,L405S-110,Almond,20.664,S,6,2025-08-01,2025-08-01T07:35:00,2025-08-01T08:35:00,7489.0,11232.0,0.666755698005698,-0.4053315700162253,68.2,66.1042339940227,1.0317039602359934,True
1223081,L405S-110,Almond,20.664,S,6,2025-08-04,2025-08-04T06:25:00,2025-08-04T07:25:00,7828.0,11232.0,0.6969373219373219,-0.3610597977496255,68.2,66.25033114964559,1.0294288166794294,True
1223081,L405S-110,Almond,20.664,S,6,2025-08-05,2025-08-05T06:15:00,2025-08-05T07:15:00,7976.0,11232.0,0.7101139601139601,-0.3423298146239181,68.2,62.08932285601237,1.0984175195171404,True
1223081,L405S-110,Almond,20.664,S,6,2025-08-06,2025-08-06T06:20:00,2025-08-06T07:20:00,8069.0,11232.0,0.7183938746438746,-0.33073728841708583,68.2,63.40016330331246,1.0757070084145472,True
1223081,L405S-110,Almond,20.664,S,6,2025-08-07,2025-08-07T06:20:00,2025-08-07T07:20:00,7792.0,11232.0,0.6937321937321937,-0.3656692809432213,68.2,63.909517356801494,1.0671337043471179,True
1223081,L405S-110,Almond,20.664,S,6,2025-08-08,2025-08-08T06:35:00,2025-08-08T07:35:00,7534.0,11232.0,0.6707621082621082,-0.399340738013606,68.2,64.2055848726197,1.0622128921542418,True
1223081,L405S-110,Almond,20.664,S,6,2025-08-11,2025-08-11T06:35:00,2025-08-11T07:35:00,7824.0,11232.0,0.6965811965811965,-0.36157091455093915,68.2,63.35284720573709,1.0765104175747915,True
1223081,L405S-110,Almond,20.664,S,6,2025-08-12,2025-08-12T06:20:00,2025-08-12T07:20:00,7898.0,11232.0,0.7031695156695157,-0.35215728441899763,68.2,65.75240430561709,1.0372244288285868,True
1223081,L405S-110,Almond,20.664,S,6,2025-08-13,2025-08-13T06:20:00,2025-08-13T07:20:00,7885.0,11232.0,0.7020121082621082,-0.3538046268684536,68.2,66.685963137208,1.022703981341273,True
1223081,L405S-110,Almond,20.664,S,6,2025-08-14,2025-08-14T06:20:00,2025-08-14T07:20:00,7886.0,11232.0,0.7021011396011396,-0.35367781182801983,68.2,56.66385910070531,1.2035890439229033,True
1223081,L405S-110,Almond,20.664,S,6,2025-08-15,2025-08-15T06:40:00,2025-08-15T07:40:00,7443.0,11232.0,0.6626602564102564,-0.4114928539056817,68.2,66.3605546856339,1.027718956284799,True
1223081,L405S-110,Almond,20.664,S,6,2025-08-18,2025-08-18T06:20:00,2025-08-18T07:20:00,7516.0,11232.0,0.6691595441595442,-0.40173276573223643,68.2,65.59144168842113,1.039769796858107,True
1223081,L405S-110,Almond,20.664,S,6,2025-08-19,2025-08-19T06:15:00,2025-08-19T07:15:00,7911.0,11232.0,0.7043269230769231,-0.3505126512441959,68.2,54.15830569560058,1.2592712996473976,True
1223081,L405S-110,Almond,20.664,S,6,2025-08-20,2025-08-20T06:10:00,2025-08-20T07:10:00,7732.0,11232.0,0.6883903133903134,-0.3733992859373708,68.2,61.21703803104345,1.1140689290686598,True
1223081,L405S-110,Almond,20.664,S,6,2025-08-21,2025-08-21T06:15:00,2025-08-21T07:15:00,7726.0,11232.0,0.6878561253561254,-0.3741755830393657,68.2,60.683799571748864,1.1238584347271208,True
1223081,L405S-110,Almond,20.664,S,6,2025-08-22,2025-08-22T06:25:00,2025-08-22T07:25:00,7589.0,11232.0,0.6756588319088319,-0.39206701686167955,68.2,64.59841205145752,1.0557535059170424,True
1223081,L405S-110,Almond,20.664,S,6,2025-08-25,2025-08-25T06:25:00,2025-08-25T07:25:00,7759.0,11232.0,0.6907941595441596,-0.36991338737164303,68.2,63.241590584608616,1.0784042490006274,True
1223081,L405S-110,Almond,20.664,S,6,2025-08-26,2025-08-26T06:15:00,2025-08-26T07:15:00,7991.0,11232.0,0.7114494301994302,-0.3404509388911296,68.2,54.4965545437819,1.2514552630150024,True
1223081,L405S-110,Almond,20.664,S,6,2025-08-27,2025-08-27T06:20:00,2025-08-27T07:20:00,7805.0,11232.0,0.6948896011396012,-0.3640022933160599,68.2,63.68001819344551,1.0709795935174486,True
1223081,L405S-110,Almond,20.664,S,6,2025-08-28,2025-08-28T07:40:00,2025-08-28T08:40:00,7221.0,11232.0,0.6428952991452992,-0.44177339981441066,68.2,66.151888829,1.030960736076551,True
1223081,L405S-110,Almond,20.664,S,6,2025-08-29,2025-08-29T06:30:00,2025-08-29T07:30:00,7391.0,11232.0,0.6580306267806267,-0.41850380348070565,68.2,63.32559151442299,1.076973753722724,True
1223081,L405S-110,Almond,20.664,S,6,2025-09-02,2025-09-02T06:15:00,2025-09-02T07:15:00,7704.0,11232.0,0.6858974358974359,-0.37702717278763087,68.2,62.00984766677666,1.099825311077806,True
1223081,L405S-110,Almond,20.664,S,6,2025-09-03,2025-09-03T06:10:00,2025-09-03T07:10:00,7544.0,11232.0,0.6716524216524217,-0.3980143019522989,68.2,57.52547430155749,1.1855617155364073,True
1223081,L405S-110,Almond,20.664,S,6,2025-09-04,2025-09-04T06:15:00,2025-09-04T07:15:00,7528.0,11232.0,0.6702279202279202,-0.4001374450003768,68.2,61.81222312972435,1.1033416458241556,True
1223081,L405S-110,Almond,20.664,S,6,2025-09-05,2025-09-05T06:30:00,2025-09-05T07:30:00,7500.0,11232.0,0.6677350427350427,-0.4038638267411906,68.2,66.45419883815974,1.0262707427425606,True
1223081,L405S-110,Almond,20.664,S,6,2025-09-08,2025-09-08T06:20:00,2025-09-08T07:20:00,7662.0,11232.0,0.6821581196581197,-0.382493801004998,68.2,53.645572220164844,1.2713071587735678,True
1223081,L405S-110,Almond,20.664,S,6,2025-09-09,2025-09-09T06:10:00,2025-09-09T07:10:00,7448.0,11232.0,0.6631054131054132,-0.41082130730868927,68.2,59.48819643775744,1.1464459184160631,True
1223081,L405S-110,Almond,20.664,S,6,2025-09-10,2025-09-10T06:10:00,2025-09-10T07:10:00,7717.0,11232.0,0.6870548433048433,-0.37534115980798927,68.2,59.680411219528686,1.1427535200642773,True
1223081,L405S-110,Almond,20.664,S,6,2025-09-11,2025-09-11T06:30:00,2025-09-11T07:30:00,7463.0,11232.0,0.6644408831908832,-0.40880936913420485,68.2,65.58335989122787,1.0398979270521045,True
1223081,L405S-110,Almond,20.664,S,6,2025-09-12,2025-09-12T06:40:00,2025-09-12T07:40:00,7507.0,11232.0,0.6683582621082621,-0.40293092869259,68.2,66.49049857014207,1.025710461894861,True
1223081,L405S-110,Almond,20.664,S,6,2025-09-15,2025-09-15T06:30:00,2025-09-15T07:30:00,7716.0,11232.0,0.686965811965812,-0.37547075223997267,68.2,64.15451829192848,1.0630584067308084,True
1223081,L405S-110,Almond,20.664,S,6,2025-09-16,2025-09-16T06:15:00,2025-09-16T07:15:00,7734.0,11232.0,0.6885683760683761,-0.37314065409834996,68.2,54.089387835048996,1.260875797078398,True
1223081,L405S-110,Almond,20.664,S,6,2025-09-17,2025-09-17T06:20:00,2025-09-17T07:20:00,7636.0,11232.0,0.6798433048433048,-0.38589294141995417,68.2,63.38133827167784,1.0760265065352115,True
1223081,L405S-110,Almond,20.664,S,6,2025-09-18,2025-09-18T06:25:00,2025-09-18T07:25:00,7744.0,11232.0,0.6894586894586895,-0.37184849730917935,68.2,58.05729050197337,1.1747017370313189,True
1223081,L405S-110,Almond,20.664,S,6,2025-09-19,2025-09-19T06:30:00,2025-09-19T07:30:00,7539.0,11232.0,0.6712072649572649,-0.39867730005389057,68.2,63.6032931352613,1.0722715230320412,True
1223081,L405S-110,Almond,20.664,S,6,2025-09-22,2025-09-22T06:20:00,2025-09-22T07:20:00,7919.0,11232.0,0.7050391737891738,-0.34950191205517983,68.2,63.197285817169,1.0791602695929687,True
1223081,L405S-110,Almond,20.664,S,6,2025-09-23,2025-09-23T06:10:00,2025-09-23T07:10:00,7610.0,11232.0,0.67752849002849,-0.3893036754098608,68.2,58.67719366986864,1.162291441266071,True
1223081,L405S-110,Almond,20.664,S,6,2025-09-24,2025-09-24T06:30:00,2025-09-24T07:30:00,7746.0,11232.0,0.6896367521367521,-0.37159026619089486,68.2,57.995617304508116,1.1759509281867524,True
1223081,L405S-110,Almond,20.664,S,6,2025-09-25,2025-09-25T07:15:00,2025-09-25T08:15:00,7002.0,11232.0,0.6233974358974359,-0.47257102475098134,68.2,66.01171170938949,1.0331500007187249,True
1223081,L405S-110,Almond,20.664,S,6,2025-09-26,2025-09-26T07:05:00,2025-09-26T08:05:00,7433.0,11232.0,0.6617699430199431,-0.4128373015402988,68.2,66.40951634819824,1.0269612511919815,True
1223081,L405S-110,Almond,20.664,S,6,2025-09-29,2025-09-29T06:20:00,2025-09-29T07:20:00,7652.0,11232.0,0.6812678062678063,-0.38379979570544887,68.2,59.21177655923796,1.151797901753038,True
1223081,L405S-110,Almond,20.664,S,6,2025-09-30,2025-09-30T06:20:00,2025-09-30T07:20:00,7370.0,11232.0,0.6561609686609686,-0.4213491410822101,68.2,63.63542618467167,1.0717300737812585,True
1223081,L405S-110,Almond,20.664,S,6,2025-10-01,2025-10-01T06:10:00,2025-10-01T07:10:00,7723.0,11232.0,0.6875890313390314,-0.37456395769632844,68.2,57.359410154186065,1.1889940955925746,True
1223081,L405S-110,Almond,20.664,S,6,2025-10-02,2025-10-02T06:10:00,2025-10-02T07:10:00,7510.0,11232.0,0.6686253561253561,-0.40253138150741197,68.2,53.18969479730372,1.2822032587308092,True
1223081,L405S-110,Almond,20.664,S,6,2025-10-03,2025-10-03T06:25:00,2025-10-03T07:25:00,7493.0,11232.0,0.6671118233618234,-0.40479759590128156,68.2,60.401223134191824,1.129116207605297,True
1223081,L405S-110,Almond,20.664,S,6,2025-10-06,2025-10-06T06:15:00,2025-10-06T07:15:00,7673.0,11232.0,0.6831374643874644,-0.38105917408792717,68.2,57.52454518449309,1.185580864329627,True
1223081,L405S-110,Almond,20.664,S,6,2025-10-08,2025-10-08T06:10:00,2025-10-08T07:10:00,7529.0,11232.0,0.6703169515669516,-0.40000461641547,68.2,52.53122411932501,1.298275476030851,True
1223081,L405S-110,Almond,20.664,S,6,2025-10-09,2025-10-09T06:15:00,2025-10-09T07:15:00,7592.0,11232.0,0.6759259259259259,-0.3916717859758286,68.2,50.09725249434539,1.361352102247482,True
1223081,L405S-110,Almond,20.664,S,6,2025-10-10,2025-10-10T06:25:00,2025-10-10T07:25:00,7443.0,11232.0,0.6626602564102564,-0.4114928539056817,68.2,64.34916776087124,1.059842766785095,True
1223081,L405S-110,Almond,20.664,S,6,2025-10-14,2025-10-14T06:10:00,2025-10-14T07:10:00,6685.0,11232.0,0.5951745014245015,-0.5189006367295488,68.2,55.16415748619894,1.236310008306796,True
1223081,L405S-110,Almond,20.664,S,6,2025-10-15,2025-10-15T06:15:00,2025-10-15T07:15:00,7517.0,11232.0,0.6692485754985755,-0.4015997250881234,68.2,58.453009015730075,1.1667491742238103,True
1223081,L405S-110,Almond,20.664,S,6,2025-10-16,2025-10-16T06:10:00,2025-10-16T07:10:00,7654.0,11232.0,0.6814458689458689,-0.38353846027994487,68.2,59.51259792486113,1.145975850123487,True
1223081,L405S-110,Almond,20.664,S,6,2025-10-17,2025-10-17T06:25:00,2025-10-17T07:25:00,7355.0,11232.0,0.6548254985754985,-0.4233864932300545,68.2,62.76328278612375,1.0866225756929058,True
1223081,L405S-110,Almond,20.664,S,6,2025-10-20,2025-10-20T06:25:00,2025-10-20T07:25:00,7380.0,11232.0,0.657051282051282,-0.4199932086710742,68.2,55.1664902445597,1.2362577299672535,True
1223081,L405S-110,Almond,20.664,S,6,2025-10-21,2025-10-21T06:10:00,2025-10-21T07:10:00,7560.0,11232.0,0.6730769230769231,-0.3958956570920136,68.2,62.723226427654296,1.08731651549626,True
1223081,L405S-110,Almond,20.664,S,6,2025-10-22,2025-10-22T06:10:00,2025-10-22T07:10:00,7386.0,11232.0,0.6575854700854701,-0.4191805308530839,68.2,59.961860433010216,1.137389659151645,True
1223081,L405S-110,Almond,20.664,S,6,2025-10-23,2025-10-23T06:15:00,2025-10-23T07:15:00,7514.0,11232.0,0.6689814814814815,-0.4019989001316781,68.2,61.59705557335027,1.1071957801422325,True
