station_id,link_id,station_name,date_local,dc_ratio,peak_window_tti,delay_ratio_observed,tti_fitted,delay_ratio_fitted,tti_residual
1201525,L405S-004,HARBOR 1,2025-06-02,0.9191595441595442,1.2179032672723278,0.21790326727232778,1.2393826615345884,0.23938266153458843,-0.021479394262260643
1201525,L405S-004,HARBOR 1,2025-06-03,0.9100783475783476,1.462683898147187,0.462683898147187,1.23520691048566,0.23520691048566,0.22747698766152702
1201525,L405S-004,HARBOR 1,2025-06-04,0.9349180911680912,1.2016221617395766,0.2016221617395766,1.2467046888141136,0.24670468881411356,-0.04508252707453697
1201525,L405S-004,HARBOR 1,2025-06-05,0.905982905982906,1.3425318753606377,0.34253187536063767,1.2333342133687288,0.23333421336872884,0.10919766199190883
1201525,L405S-004,HARBOR 1,2025-06-06,0.9559294871794872,1.1171429502248236,0.11714295022482357,1.2566165806544995,0.25661658065449955,-0.13947363042967598
1201525,L405S-004,HARBOR 1,2025-06-09,0.9237891737891738,1.2333108925344922,0.23331089253449222,1.2415237903924439,0.24152379039244387,-0.008212897857951651
1201525,L405S-004,HARBOR 1,2025-06-10,0.9435541310541312,1.1896733168097835,0.1896733168097835,1.2507580473819486,0.2507580473819486,-0.061084730572165125
1201525,L405S-004,HARBOR 1,2025-06-11,0.957175925925926,1.1585008372238492,0.15850083722384922,1.2572099151019294,0.25720991510192937,-0.09870907787808014
1201525,L405S-004,HARBOR 1,2025-06-12,0.9467592592592592,1.2588312650944025,0.25883126509440246,1.2522697062995032,0.2522697062995032,0.00656155879489928
1201525,L405S-004,HARBOR 1,2025-06-13,0.9119480056980056,1.118749678398202,0.11874967839820205,1.2360640055952556,0.23606400559525564,-0.11731432719705359
1201525,L405S-004,HARBOR 1,2025-06-16,0.9634971509971508,1.1635697158784617,0.1635697158784617,1.2602281566044045,0.26022815660440446,-0.09665844072594276
1201525,L405S-004,HARBOR 1,2025-06-17,0.9193376068376068,1.166157819668489,0.16615781966848897,1.2394648589834878,0.2394648589834878,-0.07330703931499882
1201525,L405S-004,HARBOR 1,2025-06-18,0.9357193732193732,1.1315336432177263,0.13153364321772631,1.2470795617804882,0.24707956178048818,-0.11554591856276186
1201525,L405S-004,HARBOR 1,2025-06-20,0.9188034188034188,1.116343187612241,0.11634318761224094,1.2392183035305968,0.2392183035305968,-0.12287511591835587
1201525,L405S-004,HARBOR 1,2025-06-23,0.9632300569800568,1.2658198023963665,0.2658198023963665,1.260100314864333,0.26010031486433305,0.00571948753203344
1201525,L405S-004,HARBOR 1,2025-06-24,0.9707977207977208,1.1438780206764918,0.1438780206764918,1.263733091770597,0.2637330917705969,-0.11985507109410509
1201525,L405S-004,HARBOR 1,2025-06-25,0.9638532763532764,1.1972671821669627,0.1972671821669627,1.2603986548405492,0.26039865484054925,-0.06313147267358654
1201525,L405S-004,HARBOR 1,2025-06-26,0.9406160968660968,1.2342158174977034,0.23421581749770337,1.2493758394059673,0.2493758394059673,-0.015160021908263932
1201525,L405S-004,HARBOR 1,2025-06-27,0.9415954415954416,1.1104630037940768,0.11046300379407681,1.2498362054567127,0.2498362054567127,-0.1393732016626359
1201525,L405S-004,HARBOR 1,2025-06-30,0.9099893162393162,1.127679175753426,0.1276791757534259,1.2351661303231452,0.23516613032314515,-0.10748695456971924
1201525,L405S-004,HARBOR 1,2025-07-01,0.9071403133903134,1.2568325311951352,0.25683253119513516,1.2338627925106178,0.2338627925106178,0.02296973868451735
1201525,L405S-004,HARBOR 1,2025-07-02,0.957175925925926,1.1585604254184458,0.15856042541844584,1.2572099151019294,0.25720991510192937,-0.09864948968348353
1201525,L405S-004,HARBOR 1,2025-07-03,0.945601851851852,1.1267797596788158,0.12677975967881583,1.2517233727648944,0.2517233727648944,-0.1249436130860786
1201525,L405S-004,HARBOR 1,2025-07-07,0.9649216524216524,1.1426390791587595,0.1426390791587595,1.2609104415058687,0.26091044150586873,-0.11827136234710922
1201525,L405S-004,HARBOR 1,2025-07-08,0.8906695156695157,1.518066044794989,0.518066044794989,1.2263898385800396,0.22638983858003958,0.2916762062149494
1201525,L405S-004,HARBOR 1,2025-07-09,0.9150641025641024,1.386214228161265,0.38621422816126505,1.2374955154894278,0.23749551548942782,0.14871871267183723
1201525,L405S-004,HARBOR 1,2025-07-10,0.8869301994301995,1.366248545654744,0.36624854565474396,1.224708021425693,0.2247080214256929,0.14154052422905106
1201525,L405S-004,HARBOR 1,2025-07-11,0.9415064102564102,1.1852523862595896,0.18525238625958962,1.2497943387082033,0.24979433870820333,-0.06454195244861372
1201525,L405S-004,HARBOR 1,2025-07-14,0.9052706552706552,1.1997560134153769,0.19975601341537685,1.233009192990271,0.2330091929902709,-0.03325317957489404
1201525,L405S-004,HARBOR 1,2025-07-15,0.9450676638176638,1.1835583671464542,0.18355836714645424,1.251471392932355,0.2514713929323551,-0.06791302578590086
1201525,L405S-004,HARBOR 1,2025-07-16,0.9376780626780626,1.238074987071077,0.238074987071077,1.2479969619534046,0.2479969619534046,-0.0099219748823276
1201525,L405S-004,HARBOR 1,2025-07-17,0.9126602564102564,1.1231683833483168,0.12316838334831681,1.2363908753273347,0.23639087532733472,-0.1132224919790179
1201525,L405S-004,HARBOR 1,2025-07-18,0.9034009971509972,1.2255942069151793,0.22559420691517929,1.2321569540050363,0.23215695400503633,-0.006562747089857046
1201525,L405S-004,HARBOR 1,2025-07-21,0.9019764957264956,1.1564351054725066,0.1564351054725066,1.2315085426532484,0.23150854265324838,-0.07507343718074178
1201525,L405S-004,HARBOR 1,2025-07-22,0.904647435897436,1.3992767808618551,0.39927678086185514,1.2327249621263632,0.23272496212636318,0.16655181873549196
1201525,L405S-004,HARBOR 1,2025-07-23,0.967681623931624,1.1663886751037544,0.16638867510375444,1.262234583362626,0.26223458336262606,-0.09584590825887163
1201525,L405S-004,HARBOR 1,2025-07-24,0.915420227920228,1.2195453444531317,0.21954534445313167,1.2376593567253105,0.23765935672531047,-0.018114012272178792
1201525,L405S-004,HARBOR 1,2025-07-25,0.9330484330484332,1.1907270407552557,0.1907270407552557,1.2458309500174076,0.24583095001740762,-0.05510390926215192
1201525,L405S-004,HARBOR 1,2025-07-28,0.93616452991453,1.2050235776651854,0.20502357766518542,1.2472879317115333,0.2472879317115333,-0.042264354046347874
1201525,L405S-004,HARBOR 1,2025-07-29,0.9405270655270656,1.2094612303520846,0.20946123035208464,1.2493340062954783,0.2493340062954783,-0.03987277594339367
1201525,L405S-004,HARBOR 1,2025-07-30,0.9375,1.1484675385179164,0.1484675385179164,1.2479135007168942,0.24791350071689422,-0.09944596219897783
1201525,L405S-004,HARBOR 1,2025-07-31,0.8892450142450142,1.5177022082761855,0.5177022082761855,1.2257485019637047,0.22574850196370466,0.29195370631248085
1201525,L405S-004,HARBOR 1,2025-08-01,0.9427528490028492,1.126508548725771,0.1265085487257711,1.250380751405602,0.250380751405602,-0.1238722026798309
1201525,L405S-004,HARBOR 1,2025-08-04,0.9626958689458688,1.1585803583332348,0.1585803583332348,1.259844713515487,0.2598447135154871,-0.1012643551822523
1201525,L405S-004,HARBOR 1,2025-08-05,0.9513888888888888,1.1171855615372308,0.11718556153723081,1.2544601999300635,0.2544601999300635,-0.13727463839283272
1201525,L405S-004,HARBOR 1,2025-08-06,0.967147435897436,1.1817910387875832,0.18179103878758318,1.261978069884685,0.26197806988468497,-0.08018703109710179
1201525,L405S-004,HARBOR 1,2025-08-07,0.918358262108262,1.4009954846502612,0.40099548465026125,1.23901292520709,0.23901292520709005,0.1619825594431712
1201525,L405S-004,HARBOR 1,2025-08-08,0.9354522792022792,1.121613585752159,0.12161358575215897,1.2469545765649372,0.24695457656493724,-0.12534099081277827
1201525,L405S-004,HARBOR 1,2025-08-11,0.9542378917378918,1.173453597332216,0.173453597332216,1.255812296349666,0.25581229634966607,-0.08235869901745008
1201525,L405S-004,HARBOR 1,2025-08-12,0.956908831908832,1.1662077763727765,0.1662077763727765,1.2570827217376361,0.25708272173763613,-0.09087494536485963
1201525,L405S-004,HARBOR 1,2025-08-13,0.9591346153846154,1.2225713782628418,0.2225713782628418,1.2581435040341824,0.2581435040341824,-0.03557212577134061
1201525,L405S-004,HARBOR 1,2025-08-14,0.9561965811965812,1.2130999631361543,0.2130999631361543,1.2567436734791215,0.2567436734791215,-0.04364371034296721
1201525,L405S-004,HARBOR 1,2025-08-15,0.9503205128205128,1.1458914027110638,0.14589140271106382,1.253953968967545,0.25395396896754496,-0.10806256625648114
1201525,L405S-004,HARBOR 1,2025-08-18,0.8874643874643875,1.6336805702161268,0.6336805702161268,1.2249479463930868,0.2249479463930868,0.40873262382304
1201525,L405S-004,HARBOR 1,2025-08-19,0.9179131054131054,1.3198803480024872,0.3198803480024872,1.238807623759813,0.2388076237598129,0.08107272424267431
1201525,L405S-004,HARBOR 1,2025-08-20,0.8791844729344729,1.762375204822824,0.7623752048228241,1.2212416562697102,0.22124165626971015,0.5411335485531139
1201525,L405S-004,HARBOR 1,2025-08-21,0.8732193732193733,1.562595580789797,0.5625955807897971,1.218588176620568,0.21858817662056795,0.34400740416922915
1201525,L405S-004,HARBOR 1,2025-08-22,0.9080306267806268,1.158666419958987,0.1586664199589869,1.2342697464799057,0.23426974647990573,-0.07560332652091883
1201525,L405S-004,HARBOR 1,2025-08-25,0.9569978632478632,1.1575253271593315,0.15752532715933154,1.2571251164794213,0.25712511647942127,-0.09959978932008973
1201525,L405S-004,HARBOR 1,2025-08-26,0.9507656695156697,1.160742802438404,0.1607428024384041,1.2541648451458256,0.2541648451458256,-0.0934220427074215
1201525,L405S-004,HARBOR 1,2025-08-27,0.8842592592592593,1.952646808799372,0.952646808799372,1.2235100706365634,0.22351007063656336,0.7291367381628087
1201525,L405S-004,HARBOR 1,2025-08-28,0.9431980056980056,1.2407179197648373,0.24071791976483725,1.2505903297168972,0.2505903297168972,-0.009872409952059957
1201525,L405S-004,HARBOR 1,2025-08-29,0.8951210826210826,1.2190687334976036,0.21906873349760358,1.228399123505406,0.22839912350540592,-0.009330390007802336
1201525,L405S-004,HARBOR 1,2025-09-02,0.9091880341880342,1.218668549719177,0.21866854971917693,1.2347992475346417,0.23479924753464165,-0.016130697815464723
1201525,L405S-004,HARBOR 1,2025-09-03,0.8749109686609686,2.0282680269870825,1.0282680269870825,1.2193392384623847,0.21933923846238468,0.8089287885246979
1201525,L405S-004,HARBOR 1,2025-09-04,0.8776709401709402,1.4648959343399943,0.4648959343399943,1.2205670645305267,0.22056706453052666,0.24432886980946766
1201525,L405S-004,HARBOR 1,2025-09-05,0.9575320512820512,1.2313876969218185,0.2313876969218185,1.2573795489008892,0.2573795489008892,-0.025991851979070724
1201525,L405S-004,HARBOR 1,2025-09-08,0.8928062678062678,1.6523847169603083,0.6523847169603083,1.2273533297605854,0.22735332976058542,0.4250313871997229
1201525,L405S-004,HARBOR 1,2025-09-09,0.9208511396011396,1.367478098833411,0.367478098833411,1.240164033744391,0.2401640337443911,0.12731406508901988
1201525,L405S-004,HARBOR 1,2025-09-10,0.9228098290598292,1.3233319763245457,0.3233319763245457,1.2410701664748758,0.24107016647487578,0.08226180984966991
1201525,L405S-004,HARBOR 1,2025-09-11,0.8909366096866097,1.3527789595293245,0.3527789595293245,1.2265101774561076,0.22651017745610758,0.1262687820732169
1201525,L405S-004,HARBOR 1,2025-09-12,0.9368767806267806,1.163022389569918,0.1630223895699181,1.247621482802815,0.24762148280281493,-0.08459909323289683
1201525,L405S-004,HARBOR 1,2025-09-15,0.9524572649572648,1.2826538869939303,0.28265388699393035,1.2549668701520895,0.2549668701520895,0.027687016841840828
1201525,L405S-004,HARBOR 1,2025-09-16,0.8987713675213675,1.3288800092192792,0.3288800092192792,1.2300525076087658,0.23005250760876583,0.09882750161051335
1201525,L405S-004,HARBOR 1,2025-09-17,0.8789173789173789,1.7838962529018458,0.7838962529018458,1.221122545438599,0.221122545438599,0.5627737074632468
1201525,L405S-004,HARBOR 1,2025-09-18,0.8972578347578347,1.342178833983777,0.342178833983777,1.2293663274310085,0.2293663274310085,0.11281250655276853
1201525,L405S-004,HARBOR 1,2025-09-19,0.8679665242165242,1.456500961154913,0.4565009611549129,1.2162630915113217,0.21626309151132173,0.24023786964359117
1201525,L405S-004,HARBOR 1,2025-09-22,0.9217414529914528,1.246085583951326,0.24608558395132607,1.2405757279123755,0.24057572791237547,0.0055098560389506
1201525,L405S-004,HARBOR 1,2025-09-23,0.8380519943019943,1.7007831721621425,0.7007831721621425,1.2032290781872543,0.20322907818725433,0.49755409397488815
1201525,L405S-004,HARBOR 1,2025-09-24,0.8568376068376068,1.3380864990303063,0.3380864990303063,1.211372902544574,0.21137290254457408,0.12671359648573222
1201525,L405S-004,HARBOR 1,2025-09-25,0.8721509971509972,2.002389044525313,1.0023890445253132,1.2181144003010567,0.21811440030105667,0.7842746442242565
1201525,L405S-004,HARBOR 1,2025-09-26,0.9323361823361824,1.1982321966359637,0.1982321966359637,1.2454984525284387,0.24549845252843872,-0.04726625589247502
1201525,L405S-004,HARBOR 1,2025-09-29,0.8801638176638177,1.3728024316552658,0.37280243165526583,1.2216786351092734,0.22167863510927344,0.1511237965459924
1201525,L405S-004,HARBOR 1,2025-09-30,0.9061609686609686,1.2721251296071223,0.2721251296071223,1.233415499310334,0.2334154993103339,0.03870963029678842
1201525,L405S-004,HARBOR 1,2025-10-01,0.9542378917378918,1.1406622242564288,0.14066222425642882,1.255812296349666,0.25581229634966607,-0.11515007209323724
1201525,L405S-004,HARBOR 1,2025-10-02,0.8554131054131054,1.6926298940696272,0.6926298940696272,1.2107504791817618,0.21075047918176182,0.48187941488786534
1201525,L405S-004,HARBOR 1,2025-10-03,0.9020655270655272,1.5087530849395216,0.5087530849395216,1.2315490452081228,0.2315490452081228,0.27720403973139884
1201525,L405S-004,HARBOR 1,2025-10-06,0.9276175213675214,1.1778153073203466,0.17781530732034656,1.243300612034821,0.2433006120348209,-0.06548530471447433
1201525,L405S-004,HARBOR 1,2025-10-08,0.9316239316239316,1.11656156325109,0.1165615632510899,1.2451661511670244,0.24516615116702445,-0.12860458791593454
1201525,L405S-004,HARBOR 1,2025-10-09,0.9238782051282052,1.2329074058781908,0.2329074058781908,1.2415650473572992,0.24156504735729922,-0.008657641479108413
1201525,L405S-004,HARBOR 1,2025-10-10,0.9149750712250712,1.164109552004217,0.16410955200421706,1.2374545628742009,0.23745456287420086,-0.0733450108699838
1201525,L405S-004,HARBOR 1,2025-10-14,0.8613782051282052,1.2306098413961184,0.2306098413961184,1.2133622128506691,0.21336221285066914,0.017247628545449256
1201525,L405S-004,HARBOR 1,2025-10-15,0.8977920227920227,1.3360850133020612,0.3360850133020612,1.2296084066728734,0.2296084066728734,0.10647660662918779
1201525,L405S-004,HARBOR 1,2025-10-16,0.8799857549857549,1.3883356352272287,0.3883356352272287,1.2215991564640147,0.22159915646401473,0.16673647876321396
1201525,L405S-004,HARBOR 1,2025-10-17,0.8630698005698005,1.1996279175096038,0.19962791750960385,1.21410540392053,0.2141054039205299,-0.014477486410926055
1201525,L405S-004,HARBOR 1,2025-10-20,0.8808760683760684,1.2687007674303503,0.2687007674303503,1.2219966738817774,0.22199667388177735,0.04670409354857297
1201525,L405S-004,HARBOR 1,2025-10-21,0.9068732193732194,1.539788056269073,0.5397880562690729,1.2337407664481592,0.23374076644815922,0.30604728982091367
1201525,L405S-004,HARBOR 1,2025-10-22,0.9120370370370372,1.3459255060450708,0.3459255060450708,1.2361048535326369,0.23610485353263688,0.10982065251243389
1201525,L405S-004,HARBOR 1,2025-10-23,0.8446403133903134,1.7424234100235252,0.7424234100235252,1.2060693269226408,0.2060693269226408,0.5363540831008844
1201558,L405S-117,HARBOR 2,2025-06-02,0.9435897435897436,1.1652258399936988,0.16522583999369878,1.2507748218379444,0.2507748218379444,-0.08554898184424564
1201558,L405S-117,HARBOR 2,2025-06-03,0.92008547008547,1.3640008585756986,0.36400085857569864,1.239810222548113,0.2398102225481129,0.12419063602758573
1201558,L405S-117,HARBOR 2,2025-06-04,0.95982905982906,1.1733416275094182,0.17334162750941817,1.2584748576471778,0.2584748576471778,-0.08513323013775964
1201558,L405S-117,HARBOR 2,2025-06-05,0.91517094017094,1.3748605067533566,0.3748605067533566,1.2375446626900808,0.2375446626900808,0.1373158440632758
1201558,L405S-117,HARBOR 2,2025-06-06,0.9767094017094016,1.114554190414515,0.11455419041451509,1.2665861961189193,0.2665861961189193,-0.15203200570440423
1201558,L405S-117,HARBOR 2,2025-06-09,0.933119658119658,1.2068460713734028,0.20684607137340283,1.245864210552007,0.24586421055200702,-0.039018139178604194
1201558,L405S-117,HARBOR 2,2025-06-10,0.9539529914529916,1.2007450257297658,0.20074502572976582,1.2556769462052748,0.2556769462052748,-0.05493192047550899
1201558,L405S-117,HARBOR 2,2025-06-11,0.9746794871794872,1.152582153038873,0.1525821530388729,1.2656050076397174,0.2656050076397174,-0.11302285460084449
1201558,L405S-117,HARBOR 2,2025-06-12,0.9645299145299144,1.1730540600541506,0.17305406005415058,1.2607227355502268,0.26072273555022685,-0.08766867549607626
1201558,L405S-117,HARBOR 2,2025-06-13,0.9407051282051282,1.1114314435467851,0.11143144354678514,1.2494176755747877,0.24941767557478767,-0.13798623202800253
1201558,L405S-117,HARBOR 2,2025-06-16,0.9928418803418804,1.152693031760205,0.1526930317602051,1.2744400442189567,0.27444004421895674,-0.12174701245875164
1201558,L405S-117,HARBOR 2,2025-06-17,0.9412393162393162,1.1714200045248482,0.17142000452484818,1.2496687568089746,0.2496687568089746,-0.07824875228412642
1201558,L405S-117,HARBOR 2,2025-06-18,0.9566239316239316,1.1032056204622418,0.1032056204622418,1.2569470790360393,0.2569470790360393,-0.1537414585737975
1201558,L405S-117,HARBOR 2,2025-06-20,0.9459401709401708,1.1158365994782895,0.1158365994782895,1.2518830168707,0.2518830168707,-0.13604641739241052
1201558,L405S-117,HARBOR 2,2025-06-23,0.9884615384615384,1.1327273980075463,0.1327273980075463,1.2722977173562642,0.2722977173562642,-0.1395703193487179
1201558,L405S-117,HARBOR 2,2025-06-24,0.998397435897436,1.1511607359774858,0.1511607359774858,1.2771676594401276,0.27716765944012756,-0.12600692346264175
1201558,L405S-117,HARBOR 2,2025-06-25,0.9794871794871794,1.1340050737597946,0.13400507375979465,1.267931429291413,0.267931429291413,-0.13392635553161836
1201558,L405S-117,HARBOR 2,2025-06-26,0.9611111111111112,1.1600805430502297,0.16008054305022967,1.2590870739703501,0.25908707397035013,-0.09900653092012046
1201558,L405S-117,HARBOR 2,2025-06-27,0.9721153846153846,1.113976383098956,0.11397638309895597,1.264367865894152,0.26436786589415195,-0.15039148279519599
1201558,L405S-117,HARBOR 2,2025-06-30,0.9387820512820512,1.1258494240678625,0.12584942406786248,1.2485146948416346,0.24851469484163458,-0.1226652707737721
1201558,L405S-117,HARBOR 2,2025-07-01,0.9226495726495728,1.1560472190855284,0.15604721908552843,1.2409959724897566,0.24099597248975657,-0.08494875340422814
1201558,L405S-117,HARBOR 2,2025-07-02,0.9827991452991452,1.1432329461966808,0.1432329461966808,1.2695392162209709,0.2695392162209709,-0.12630627002429007
1201558,L405S-117,HARBOR 2,2025-07-03,0.9747863247863248,1.1246280953589043,0.12462809535890429,1.2656566098288662,0.2656566098288662,-0.1410285144699619
1201558,L405S-117,HARBOR 2,2025-07-07,0.9878205128205128,1.1301607373295348,0.13016073732953481,1.2719848199216495,0.27198481992164947,-0.14182408259211465
1201558,L405S-117,HARBOR 2,2025-07-08,0.901068376068376,1.3262019232643123,0.3262019232643123,1.2310955929736653,0.23109559297366533,0.09510633029064697
1201558,L405S-117,HARBOR 2,2025-07-09,0.933119658119658,1.1632705479364678,0.16327054793646778,1.245864210552007,0.24586421055200702,-0.08259366261553924
1201558,L405S-117,HARBOR 2,2025-07-10,0.8990384615384616,1.3853260033029873,0.3853260033029873,1.2301736909434644,0.2301736909434644,0.15515231235952287
1201558,L405S-117,HARBOR 2,2025-07-11,0.9669871794871796,1.1141350893089943,0.1141350893089943,1.2619011371746445,0.26190113717464447,-0.14776604786565017
1201558,L405S-117,HARBOR 2,2025-07-14,0.9178418803418804,1.209346671496036,0.20934667149603592,1.2387747826629294,0.2387747826629294,-0.029428111166893478
1201558,L405S-117,HARBOR 2,2025-07-15,0.9712606837606838,1.1517996592294677,0.1517996592294677,1.2639560447381695,0.26395604473816947,-0.11215638550870177
1201558,L405S-117,HARBOR 2,2025-07-16,0.9530982905982904,1.1669416896790603,0.1669416896790603,1.2552710830831817,0.2552710830831817,-0.08832939340412138
1201558,L405S-117,HARBOR 2,2025-07-17,0.9344017094017094,1.1237683712238045,0.12376837122380446,1.2464632354557863,0.2464632354557863,-0.12269486423198184
1201558,L405S-117,HARBOR 2,2025-07-18,0.9232905982905985,1.2347136892539194,0.23471368925391944,1.2412928081418473,0.24129280814184728,-0.006579118887927837
1201558,L405S-117,HARBOR 2,2025-07-21,0.9287393162393164,1.1620561412616122,0.16205614126161216,1.2438223370069366,0.24382233700693656,-0.0817661957453244
1201558,L405S-117,HARBOR 2,2025-07-22,0.916559829059829,1.2284815107083569,0.22848151070835687,1.2381839795292076,0.23818397952920756,-0.009702468820850685
1201558,L405S-117,HARBOR 2,2025-07-23,0.9860042735042736,1.1398827807237804,0.13988278072378035,1.271099128704689,0.2710991287046891,-0.13121634798090875
1201558,L405S-117,HARBOR 2,2025-07-24,0.9365384615384617,1.220583824661554,0.2205838246615539,1.2474630216047538,0.24746302160475375,-0.026879196943199846
1201558,L405S-117,HARBOR 2,2025-07-25,0.9481837606837606,1.1916957183517367,0.1916957183517367,1.2529428252706571,0.25294282527065715,-0.061247106918920435
1201558,L405S-117,HARBOR 2,2025-07-28,0.955982905982906,1.139509475354843,0.13950947535484293,1.2566419970255613,0.25664199702556134,-0.11713252167071841
1201558,L405S-117,HARBOR 2,2025-07-29,0.9536324786324788,1.116328234087874,0.11632823408787396,1.255524714607128,0.255524714607128,-0.13919648051925404
1201558,L405S-117,HARBOR 2,2025-07-30,0.9592948717948718,1.150823276707814,0.15082327670781392,1.2582199538118237,0.2582199538118237,-0.1073966771040098
1201558,L405S-117,HARBOR 2,2025-07-31,0.8948717948717949,1.457935010508963,0.457935010508963,1.2282863990797988,0.22828639907979875,0.22964861142916426
1201558,L405S-117,HARBOR 2,2025-08-01,0.9639957264957264,1.1269359142173985,0.12693591421739847,1.2604668677606548,0.26046686776065475,-0.13353095354325628
1201558,L405S-117,HARBOR 2,2025-08-04,0.9850427350427352,1.1637294256703672,0.1637294256703672,1.270630743090516,0.27063074309051594,-0.10690131742014874
1201558,L405S-117,HARBOR 2,2025-08-05,0.9767094017094016,1.1208735500765437,0.12087355007654366,1.2665861961189193,0.2665861961189193,-0.14571264604237566
1201558,L405S-117,HARBOR 2,2025-08-06,0.9826923076923076,1.1632408931568403,0.16324089315684032,1.2694872867056668,0.2694872867056668,-0.10624639354882648
1201558,L405S-117,HARBOR 2,2025-08-07,0.92008547008547,1.336348578518353,0.3363485785183531,1.239810222548113,0.2398102225481129,0.09653835597024019
1201558,L405S-117,HARBOR 2,2025-08-08,0.9551282051282052,1.119899404261617,0.11989940426161705,1.256235466731483,0.256235466731483,-0.13633606246986596
1201558,L405S-117,HARBOR 2,2025-08-11,0.9698717948717948,1.1293991465180344,0.1293991465180344,1.263287432158894,0.26328743215889405,-0.13388828564085964
1201558,L405S-117,HARBOR 2,2025-08-12,0.9710470085470084,1.1451384706185466,0.14513847061854657,1.2638531331667118,0.2638531331667118,-0.1187146625481652
1201558,L405S-117,HARBOR 2,2025-08-13,0.9647435897435898,1.1530052109408373,0.1530052109408373,1.260825113319123,0.26082511331912306,-0.10781990237828576
1201558,L405S-117,HARBOR 2,2025-08-14,0.966346153846154,1.2175466223365428,0.21754662233654276,1.2615935048063789,0.2615935048063789,-0.044046882469836124
1201558,L405S-117,HARBOR 2,2025-08-15,0.9681623931623932,1.119949679712477,0.11994967971247705,1.262465539022651,0.2624655390226509,-0.14251585931017385
1201558,L405S-117,HARBOR 2,2025-08-18,0.874465811965812,1.776198350511419,0.7761983505114189,1.2191414817683732,0.21914148176837323,0.5570568687430457
1201558,L405S-117,HARBOR 2,2025-08-19,0.930448717948718,1.2891244580105186,0.28912445801051856,1.2446182827953376,0.2446182827953376,0.044506175215180965
1201558,L405S-117,HARBOR 2,2025-08-20,0.8905982905982905,1.5044008706415688,0.5044008706415688,1.2263577529197722,0.22635775291977223,0.2780431177217966
1201558,L405S-117,HARBOR 2,2025-08-21,0.8819444444444444,1.5346415870162733,0.5346415870162733,1.222474104552073,0.22247410455207306,0.31216748246420023
1201558,L405S-117,HARBOR 2,2025-08-22,0.916559829059829,1.1447873373124515,0.14478733731245153,1.2381839795292076,0.23818397952920756,-0.09339664221675603
1201558,L405S-117,HARBOR 2,2025-08-25,0.9743589743589745,1.1547025064752097,0.15470250647520967,1.265450227283569,0.26545022728356904,-0.11074772080835937
1201558,L405S-117,HARBOR 2,2025-08-26,0.9676282051282052,1.1772594959858012,0.17725949598580115,1.2622089270920007,0.2622089270920007,-0.08494943110619957
1201558,L405S-117,HARBOR 2,2025-08-27,0.8931623931623932,1.8432616232339076,0.8432616232339076,1.2275140849627384,0.2275140849627384,0.6157475382711692
1201558,L405S-117,HARBOR 2,2025-08-28,0.9478632478632478,1.263442181449768,0.26344218144976805,1.2527913053550828,0.25279130535508276,0.010650876094685291
1201558,L405S-117,HARBOR 2,2025-08-29,0.9050213675213676,1.2049311479600655,0.2049311479600655,1.2328954825029144,0.23289548250291436,-0.027964334542848857
1201558,L405S-117,HARBOR 2,2025-09-02,0.92008547008547,1.2022312212680757,0.2022312212680757,1.239810222548113,0.2398102225481129,-0.037579001280037216
1201558,L405S-117,HARBOR 2,2025-09-03,0.8772435897435897,1.7505207394444928,0.7505207394444928,1.2203767541084611,0.22037675410846114,0.5301439853360317
1201558,L405S-117,HARBOR 2,2025-09-04,0.8810897435897436,1.4883689820704118,0.4883689820704118,1.2220921242575806,0.22209212425758063,0.26627685781283117
1201558,L405S-117,HARBOR 2,2025-09-05,0.9634615384615384,1.2405646002542343,0.24056460025423432,1.2602111094573691,0.26021110945736914,-0.01964650920313482
1201558,L405S-117,HARBOR 2,2025-09-08,0.8865384615384615,1.720394314109048,0.7203943141090481,1.2245321473657902,0.2245321473657902,0.4958621667432579
1201558,L405S-117,HARBOR 2,2025-09-09,0.9225427350427352,1.261740889540535,0.2617408895405351,1.2409465153622037,0.24094651536220368,0.02079437417833141
1201558,L405S-117,HARBOR 2,2025-09-10,0.9361111111111112,1.259330087227379,0.25933008722737894,1.2472629232782855,0.24726292327828547,0.012067163949093462
1201558,L405S-117,HARBOR 2,2025-09-11,0.8961538461538462,1.4205077762427285,0.4205077762427285,1.2288663830109214,0.22886638301092144,0.19164139323180707
1201558,L405S-117,HARBOR 2,2025-09-12,0.9511752136752136,1.1660323077895676,0.16603230778956757,1.2543589185932056,0.2543589185932056,-0.08832661080363802
1201558,L405S-117,HARBOR 2,2025-09-15,0.9646367521367522,1.2108829761565925,0.21088297615659246,1.2607739222452805,0.2607739222452805,-0.04989094608868805
1201558,L405S-117,HARBOR 2,2025-09-16,0.9076923076923076,1.308192476063589,0.308192476063589,1.2341150676503871,0.23411506765038714,0.07407740841320187
1201558,L405S-117,HARBOR 2,2025-09-17,0.8868589743589743,1.3505945121279828,0.35059451212798276,1.2246760398604046,0.22467603986040463,0.12591847226757813
1201558,L405S-117,HARBOR 2,2025-09-18,0.9143162393162392,1.1752094519161376,0.17520945191613757,1.2371516091789025,0.23715160917890254,-0.061942157262764974
1201558,L405S-117,HARBOR 2,2025-09-19,0.8803418803418803,1.3010776087470373,0.30107760874703726,1.221758126174251,0.22175812617425095,0.07931948257278632
1201558,L405S-117,HARBOR 2,2025-09-22,0.9327991452991452,1.2179180634161035,0.21791806341610354,1.2457145535888927,0.24571455358889271,-0.02779649017278918
1201558,L405S-117,HARBOR 2,2025-09-23,0.8457264957264957,1.7251631995020729,0.7251631995020729,1.2065392329806257,0.2065392329806257,0.5186239665214472
1201558,L405S-117,HARBOR 2,2025-09-24,0.870940170940171,1.3153971453754485,0.3153971453754485,1.2175779954449575,0.21757799544495748,0.09781914993049101
1201558,L405S-117,HARBOR 2,2025-09-25,0.8726495726495727,1.132633024911443,0.1326330249114429,1.2183354401681283,0.21833544016812834,-0.08570241525668543
1201558,L405S-117,HARBOR 2,2025-09-26,0.939636752136752,1.1781772605971863,0.1781772605971863,1.248915843413305,0.24891584341330497,-0.07073858281611867
1201558,L405S-117,HARBOR 2,2025-09-29,0.8926282051282052,1.3496970501400911,0.3496970501400911,1.2272729707284222,0.22727297072842223,0.12242407941166888
1201558,L405S-117,HARBOR 2,2025-09-30,0.921153846153846,1.1737634878467655,0.17376348784676554,1.2403039752841274,0.2403039752841274,-0.06654048743736185
1201558,L405S-117,HARBOR 2,2025-10-01,0.9685897435897436,1.127949630911944,0.1279496309119439,1.2626709073205977,0.2626709073205977,-0.13472127640865383
1201558,L405S-117,HARBOR 2,2025-10-02,0.8610042735042736,1.6937069462195602,0.6937069462195602,1.213198080508214,0.2131980805082141,0.4805088657113461
1201558,L405S-117,HARBOR 2,2025-10-03,0.9044871794871796,1.5380926062111786,0.5380926062111786,1.2326518986269095,0.2326518986269095,0.3054407075842691
1201558,L405S-117,HARBOR 2,2025-10-06,0.9368589743589744,1.1815976330637936,0.18159763306379362,1.2476131416377292,0.24761314163772918,-0.06601550857393557
1201558,L405S-117,HARBOR 2,2025-10-08,0.942948717948718,1.1108874077279036,0.11088740772790362,1.250472956448262,0.25047295644826195,-0.13958554872035833
1201558,L405S-117,HARBOR 2,2025-10-09,0.9363247863247864,1.2465860345092472,0.2465860345092472,1.2473629636243524,0.2473629636243524,-0.0007769291151051849
1201558,L405S-117,HARBOR 2,2025-10-10,0.9280982905982906,1.139761437102292,0.13976143710229194,1.2435241488166628,0.24352414881666284,-0.1037627117143709
1201558,L405S-117,HARBOR 2,2025-10-14,0.8688034188034188,1.233769773084289,0.23376977308428892,1.216632803061511,0.216632803061511,0.01713697002277792
1201558,L405S-117,HARBOR 2,2025-10-15,0.9120726495726496,1.3055106893660202,0.3055106893660202,1.2361211935699616,0.23612119356996164,0.06938949579605858
1201558,L405S-117,HARBOR 2,2025-10-16,0.8927350427350428,1.2504176889238006,0.25041768892380056,1.2273211846621532,0.22732118466215323,0.023096504261647333
1201558,L405S-117,HARBOR 2,2025-10-17,0.8740384615384615,1.1602040582742663,0.16020405827426631,1.2189517084780077,0.2189517084780077,-0.0587476502037414
1201558,L405S-117,HARBOR 2,2025-10-20,0.8831196581196581,1.292741076853966,0.292741076853966,1.2229997944590445,0.2229997944590445,0.0697412823949215
1201558,L405S-117,HARBOR 2,2025-10-21,0.916559829059829,1.4278358284233434,0.42783582842334344,1.2381839795292076,0.23818397952920756,0.1896518488941359
1201558,L405S-117,HARBOR 2,2025-10-22,0.9217948717948716,1.2602569954177198,0.26025699541771985,1.240600439333602,0.2406004393336021,0.01965655608411776
1201558,L405S-117,HARBOR 2,2025-10-23,0.8551282051282051,1.1652586607288589,0.16525866072885886,1.2106260905042967,0.2106260905042967,-0.04536742977543784
1201589,L405S-005,EUCLID,2025-06-02,0.8739316239316239,1.190536174729982,0.19053617472998208,1.218904276350636,0.21890427635063592,-0.02836810162065384
1201589,L405S-005,EUCLID,2025-06-03,0.8674323361823362,1.1904999015674669,0.19049990156746688,1.2160272493158217,0.21602724931582173,-0.025527347748354856
1201589,L405S-005,EUCLID,2025-06-04,0.895744301994302,1.195934856121997,0.1959348561219969,1.2286810406574014,0.22868104065740136,-0.032746184535404455
1201589,L405S-005,EUCLID,2025-06-05,0.8602207977207977,1.1890708064781956,0.18907080647819563,1.212854362672101,0.2128543626721009,-0.023783556193905264
1201589,L405S-005,EUCLID,2025-06-06,0.9099893162393162,1.1067403568672822,0.10674035686728223,1.2351661303231452,0.23516613032314515,-0.12842577345586292
1201589,L405S-005,EUCLID,2025-06-09,0.8694800569800569,1.239575998077149,0.23957599807714902,1.2169319199582755,0.21693191995827554,0.02264407811887348
1201589,L405S-005,EUCLID,2025-06-10,0.8826566951566952,1.22404235794754,0.2240423579475399,1.2227926399533384,0.22279263995333842,0.0012497179942014824
1201589,L405S-005,EUCLID,2025-06-11,0.8997507122507122,1.1877791905552133,0.1877791905552133,1.2304969824561802,0.23049698245618022,-0.04271779190096692
1201589,L405S-005,EUCLID,2025-06-12,0.8970797720797721,1.1540629472582682,0.1540629472582682,1.2292856590805514,0.22928565908055143,-0.07522271182228324
1201589,L405S-005,EUCLID,2025-06-13,0.8637820512820513,1.0992706171892472,0.09927061718924723,1.2144186633381788,0.21441866333817883,-0.1151480461489316
1201589,L405S-005,EUCLID,2025-06-16,0.9124821937321936,1.1931054967452432,0.19310549674524324,1.2363091394164927,0.23630913941649268,-0.04320364267124943
1201589,L405S-005,EUCLID,2025-06-17,0.8736645299145299,1.1323534346125337,0.13235343461253368,1.2187857156252042,0.2187857156252042,-0.08643228101267053
1201589,L405S-005,EUCLID,2025-06-18,0.8880876068376068,1.1485562093278083,0.14855620932780833,1.2252279998628701,0.22522799986287012,-0.07667179053506179
1201589,L405S-005,EUCLID,2025-06-20,0.8789173789173789,1.1234348194729766,0.12343481947297663,1.221122545438599,0.221122545438599,-0.09768772596562236
1201589,L405S-005,EUCLID,2025-06-23,0.9133725071225072,1.1463209045195435,0.1463209045195435,1.2367179421415964,0.23671794214159636,-0.09039703762205287
1201589,L405S-005,EUCLID,2025-06-24,0.9199608262108262,1.1782305859174924,0.1782305859174924,1.2397526468916276,0.23975264689162756,-0.06152206097413515
1201589,L405S-005,EUCLID,2025-06-25,0.9202279202279202,1.2042729313973084,0.2042729313973084,1.2398760306753331,0.23987603067533314,-0.03560309927802474
1201589,L405S-005,EUCLID,2025-06-26,0.9050925925925926,1.1710216704874143,0.17102167048741435,1.2329279687454087,0.23292796874540866,-0.06190629825799432
1201589,L405S-005,EUCLID,2025-06-27,0.9045584045584044,1.1107763832445774,0.11077638324457739,1.2326843700590686,0.2326843700590686,-0.12190798681449122
1201589,L405S-005,EUCLID,2025-06-30,0.8623575498575499,1.1872387845416987,0.18723878454169873,1.2137923441075613,0.21379234410756132,-0.026553559565862583
1201589,L405S-005,EUCLID,2025-07-01,0.8668091168091168,1.134967981661695,0.1349679816616951,1.2157522418325122,0.21575224183251218,-0.08078426017081708
1201589,L405S-005,EUCLID,2025-07-02,0.9140847578347578,1.1800382738933983,0.18003827389339833,1.2370452060030446,0.23704520600304457,-0.05700693210964625
1201589,L405S-005,EUCLID,2025-07-03,0.904380341880342,1.1226139578590113,0.1226139578590113,1.2326031951815475,0.23260319518154748,-0.10998923732253618
1201589,L405S-005,EUCLID,2025-07-07,0.9168447293447294,1.1470627770772532,0.14706277707725324,1.2383152139921516,0.2383152139921516,-0.09125243691489837
1201589,L405S-005,EUCLID,2025-07-08,0.8478454415954416,1.207305164485219,0.20730516448521907,1.2074572771306666,0.20745727713066664,-0.0001521126454475663
1201589,L405S-005,EUCLID,2025-07-09,0.8718839031339032,1.2177247579835324,0.2177247579835324,1.217996026222813,0.2179960262228131,-0.00027126823928069754
1201589,L405S-005,EUCLID,2025-07-10,0.8509615384615384,1.2480781834572676,0.24807818345726762,1.2088105640678193,0.20881056406781928,0.03926761938944834
1201589,L405S-005,EUCLID,2025-07-11,0.9024216524216524,1.112641808408044,0.11264180840804405,1.231711086302978,0.2317110863029781,-0.11906927789493404
1201589,L405S-005,EUCLID,2025-07-14,0.8541666666666666,1.291925520053689,0.291925520053689,1.2102065150117658,0.2102065150117658,0.0817190050419232
1201589,L405S-005,EUCLID,2025-07-15,0.9003739316239316,1.147332340285033,0.14733234028503306,1.2307800247251448,0.2307800247251448,-0.08344768444011175
1201589,L405S-005,EUCLID,2025-07-16,0.8875534188034188,1.1508760278417816,0.15087602784178156,1.2249879447349035,0.22498794473490347,-0.07411191689312191
1201589,L405S-005,EUCLID,2025-07-17,0.8706374643874644,1.1788982644261603,0.1788982644261603,1.2174439841717384,0.21744398417173838,-0.03854571974557808
1201589,L405S-005,EUCLID,2025-07-18,0.8795405982905983,1.132585026602141,0.1325850266021411,1.2214005141908915,0.22140051419089146,-0.08881548758875035
1201589,L405S-005,EUCLID,2025-07-22,0.853988603988604,1.1498208986180432,0.14982089861804315,1.2101288558589778,0.21012885585897778,-0.06030795724093463
1201589,L405S-005,EUCLID,2025-07-23,0.9097222222222222,1.13559278399758,0.1355927839975799,1.2350438083246607,0.23504380832466065,-0.09945102432708075
1201589,L405S-005,EUCLID,2025-07-24,0.8707264957264957,1.188853611689722,0.18885361168972192,1.2174833955170672,0.2174833955170672,-0.028629783827345268
1201589,L405S-005,EUCLID,2025-07-25,0.8777599715099715,1.205139481820947,0.2051394818209471,1.2206067215454988,0.22060672154549876,-0.015467239724551662
1201589,L405S-005,EUCLID,2025-07-28,0.8944088319088319,1.151338977892808,0.15133897789280804,1.2280771180584749,0.22807711805847486,-0.07673814016566682
1201589,L405S-005,EUCLID,2025-07-29,0.8920940170940171,1.1330133177101611,0.13301331771016112,1.2270319679143316,0.22703196791433156,-0.09401865020417044
1201589,L405S-005,EUCLID,2025-07-30,0.9014423076923076,1.182814093283039,0.1828140932830391,1.2312655921676001,0.23126559216760012,-0.04845149888456102
1201589,L405S-005,EUCLID,2025-07-31,0.8563034188034188,1.228820983401532,0.228820983401532,1.2111394000480742,0.2111394000480742,0.01768158335345782
1201589,L405S-005,EUCLID,2025-08-01,0.8987713675213675,1.1242190981585307,0.12421909815853072,1.2300525076087658,0.23005250760876583,-0.10583340945023512
1201589,L405S-005,EUCLID,2025-08-04,0.9185363247863249,1.1605142427442183,0.16051424274421833,1.2390950673118204,0.2390950673118204,-0.07858082456760207
1201589,L405S-005,EUCLID,2025-08-05,0.9099893162393162,1.1221410413180706,0.12214104131807058,1.2351661303231452,0.23516613032314515,-0.11302508900507457
1201589,L405S-005,EUCLID,2025-08-06,0.917022792022792,1.2466054263804591,0.24660542638045913,1.2383972515278938,0.23839725152789382,0.008208174852565309
1201589,L405S-005,EUCLID,2025-08-07,0.8717948717948718,1.2080936776694997,0.2080936776694997,1.2179565744198706,0.2179565744198706,-0.009862896750370886
1201589,L405S-005,EUCLID,2025-08-08,0.9001068376068376,1.1478157067413866,0.14781570674138655,1.2306587023606486,0.23065870236064856,-0.082842995619262
1201589,L405S-005,EUCLID,2025-08-11,0.9092770655270656,1.2004407590627149,0.20044075906271486,1.2348399999615065,0.2348399999615065,-0.03439924089879165
1201589,L405S-005,EUCLID,2025-08-12,0.908119658119658,1.1693438757010766,0.16934387570107656,1.2343104588343392,0.2343104588343392,-0.06496658313326265
1201589,L405S-005,EUCLID,2025-08-13,0.9090990028490028,1.164239118854089,0.16423911885408904,1.2347584981898592,0.23475849818985917,-0.07051937933577013
1201589,L405S-005,EUCLID,2025-08-14,0.896545584045584,1.1887295998265404,0.18872959982654036,1.2290437282274946,0.22904372822749464,-0.040314128400954274
1201589,L405S-005,EUCLID,2025-08-15,0.9145299145299144,1.133648017218054,0.13364801721805408,1.2372498459639376,0.2372498459639376,-0.10360182874588353
1201589,L405S-005,EUCLID,2025-08-18,0.8190883190883191,1.4828777705257683,0.4828777705257683,1.1951498449355296,0.19514984493552956,0.28772792559023874
1201589,L405S-005,EUCLID,2025-08-19,0.8693019943019943,1.2388654651687825,0.2388654651687825,1.2168531875481288,0.21685318754812877,0.02201227762065372
1201589,L405S-005,EUCLID,2025-08-20,0.8371616809116809,1.2678190735541308,0.2678190735541308,1.2028465788184435,0.20284657881844348,0.06497249473568734
1201589,L405S-005,EUCLID,2025-08-21,0.8452635327635327,1.2190483332338786,0.21904833323387862,1.2063388881192123,0.2063388881192123,0.012709445114666318
1201589,L405S-005,EUCLID,2025-08-22,0.8653846153846154,1.1532423733988966,0.15324237339889657,1.2151242266384306,0.21512422663843056,-0.06188185323953399
1201589,L405S-005,EUCLID,2025-08-25,0.9126602564102564,1.1628691334445065,0.1628691334445065,1.2363908753273347,0.23639087532733472,-0.07352174188282823
1201589,L405S-005,EUCLID,2025-08-26,0.9060719373219374,1.1323462419325594,0.1323462419325594,1.2333748547972854,0.23337485479728537,-0.10102861286472598
1201589,L405S-005,EUCLID,2025-08-27,0.8391203703703703,1.682047366711218,0.6820473667112179,1.203688491873787,0.2036884918737869,0.478358874837431
1201589,L405S-005,EUCLID,2025-08-28,0.8879095441595442,1.27779444810462,0.27779444810461995,1.2251479690917213,0.2251479690917213,0.05264647901289865
1201589,L405S-005,EUCLID,2025-08-29,0.8547008547008547,1.190712970437248,0.1907129704372481,1.210439567496406,0.2104395674964059,-0.019726597059157802
1201589,L405S-005,EUCLID,2025-09-02,0.8667200854700855,1.1026691386027956,0.10266913860279558,1.2157129675116205,0.2157129675116205,-0.11304382890882492
1201589,L405S-005,EUCLID,2025-09-03,0.8175747863247863,1.614385098172543,0.6143850981725429,1.1945111839289557,0.19451118392895572,0.4198739142435872
1201589,L405S-005,EUCLID,2025-09-04,0.8370726495726496,1.1531885742373866,0.15318857423738663,1.2028083461532635,0.20280834615326349,-0.049619771915876854
1201589,L405S-005,EUCLID,2025-09-05,0.8961894586894587,1.137058025084687,0.1370580250846869,1.2288825028296424,0.2288825028296424,-0.0918244777449555
1201589,L405S-005,EUCLID,2025-09-08,0.8485576923076923,1.4346974419352467,0.43469744193524673,1.2077662617745908,0.2077662617745908,0.22693118016065594
1201589,L405S-005,EUCLID,2025-09-09,0.8661858974358975,1.2449322366851048,0.24493223668510478,1.2154773870212092,0.21547738702120922,0.029454849663895555
1201589,L405S-005,EUCLID,2025-09-10,0.8699252136752137,1.1540418387917692,0.15404183879176925,1.217128805469914,0.2171288054699141,-0.06308696667814484
1201589,L405S-005,EUCLID,2025-09-11,0.8511396011396012,1.2715915191535938,0.2715915191535938,1.208888010548506,0.20888801054850603,0.06270350860508778
1201589,L405S-005,EUCLID,2025-09-12,0.8937856125356125,1.1663058095251246,0.16630580952512464,1.227795525705317,0.22779552570531703,-0.06148971618019239
1201589,L405S-005,EUCLID,2025-09-15,0.9101673789173788,1.2233745691036573,0.22337456910365727,1.2352476937295704,0.23524769372957044,-0.011873124625913167
1201589,L405S-005,EUCLID,2025-09-16,0.8590633903133903,1.2538058195509854,0.25380581955098536,1.2123470399715361,0.21234703997153614,0.04145877957944921
1201589,L405S-005,EUCLID,2025-09-17,0.8430377492877493,1.2500119474381128,0.25001194743811284,1.2053768748138483,0.20537687481384825,0.04463507262426458
1201589,L405S-005,EUCLID,2025-09-18,0.8720619658119658,1.1717760092542455,0.17177600925424552,1.2180749391634784,0.21807493916347842,-0.0462989299092329
1201589,L405S-005,EUCLID,2025-09-19,0.8384971509971509,1.223252909163396,0.2232529091633959,1.2034204456180635,0.2034204456180635,0.019832463545332413
1201589,L405S-005,EUCLID,2025-09-22,0.8831018518518519,1.1927362487911173,0.19273624879111728,1.2229918254267114,0.22299182542671137,-0.030255576635594084
1201589,L405S-005,EUCLID,2025-09-23,0.8155270655270656,1.2971586048428096,0.29715860484280965,1.193648565681521,0.193648565681521,0.10351003916128865
1201589,L405S-005,EUCLID,2025-09-24,0.8265669515669516,1.1338806854553407,0.1338806854553407,1.1983189628104605,0.19831896281046046,-0.06443827735511976
1201589,L405S-005,EUCLID,2025-09-25,0.8039529914529915,1.0969528825075876,0.0969528825075876,1.1888043446578174,0.18880434465781737,-0.09185146215022977
1201589,L405S-005,EUCLID,2025-09-26,0.8883547008547008,1.1698215840314048,0.1698215840314048,1.2253480692589274,0.22534806925892736,-0.05552648522752257
1201589,L405S-005,EUCLID,2025-09-29,0.8469551282051282,1.2790955483626556,0.2790955483626556,1.2070713281638508,0.20707132816385077,0.07202422019880483
1201589,L405S-005,EUCLID,2025-09-30,0.8623575498575499,1.200782614481685,0.2007826144816851,1.2137923441075613,0.21379234410756132,-0.01300972962587621
1201589,L405S-005,EUCLID,2025-10-01,0.8936965811965812,1.1332891769966875,0.13328917699668752,1.227755310602107,0.22775531060210708,-0.09446613360541956
1201589,L405S-005,EUCLID,2025-10-02,0.8256766381766382,1.3827754661498677,0.3827754661498677,1.1979405206023839,0.19794052060238387,0.1848349455474838
1201589,L405S-005,EUCLID,2025-10-03,0.8580840455840456,1.2022111038140586,0.2022111038140586,1.211918179031675,0.2119181790316751,-0.00970707521761649
1201589,L405S-005,EUCLID,2025-10-06,0.8818554131054132,1.2361002174851448,0.23610021748514476,1.222434301591923,0.222434301591923,0.013665915893221747
1201589,L405S-005,EUCLID,2025-10-08,0.8784722222222222,1.157701634356148,0.15770163435614792,1.2209240895063322,0.22092408950633224,-0.06322245515018432
1201589,L405S-005,EUCLID,2025-10-09,0.8785612535612536,1.1477724828039035,0.14777248280390354,1.2209637744804926,0.22096377448049265,-0.07319129167658911
1201589,L405S-005,EUCLID,2025-10-10,0.8716168091168092,1.1573153750404712,0.15731537504047122,1.2178776801491276,0.21787768014912756,-0.060562305108656345
1201589,L405S-005,EUCLID,2025-10-14,0.8084045584045584,1.2667435174241877,0.26674351742418767,1.190661176914974,0.19066117691497397,0.0760823405092137
1201589,L405S-005,EUCLID,2025-10-15,0.8514066951566952,1.2511833376096886,0.2511833376096886,1.209004203734759,0.20900420373475903,0.04217913387492955
1201589,L405S-005,EUCLID,2025-10-16,0.8401887464387464,1.17119886593486,0.17119886593486,1.2041483575571867,0.20414835755718674,-0.03294949162232674
1201589,L405S-005,EUCLID,2025-10-17,0.8090277777777778,1.208930603554852,0.20893060355485193,1.1909217652008592,0.19092176520085924,0.018008838353992696
1201589,L405S-005,EUCLID,2025-10-20,0.843482905982906,1.234454892432585,0.2344548924325851,1.2055691207355428,0.2055691207355428,0.028885771697042317
1201589,L405S-005,EUCLID,2025-10-21,0.8634259259259259,1.1580461951547003,0.1580461951547003,1.2142620086811127,0.21426200868111267,-0.05621581352641236
1201589,L405S-005,EUCLID,2025-10-22,0.8717948717948718,1.1565282131038217,0.1565282131038217,1.2179565744198706,0.2179565744198706,-0.061428361316048896
1201589,L405S-005,EUCLID,2025-10-23,0.8320868945868946,1.1521069417464431,0.15210694174644313,1.2006723315511174,0.2006723315511174,-0.048565389804674286
1201620,L405S-108,TALBERT,2025-06-02,1.0037393162393162,1.2518761712492368,0.2518761712492368,1.2798014453850084,0.2798014453850084,-0.027925274135771616
1201620,L405S-108,TALBERT,2025-06-03,1.0094017094017094,1.1522616107113894,0.15226161071138944,1.2826051024867808,0.28260510248678083,-0.1303434917753914
1201620,L405S-108,TALBERT,2025-06-04,1.0322649572649574,1.1419874919838704,0.1419874919838704,1.2940491828460778,0.29404918284607784,-0.15206169086220744
1201620,L405S-108,TALBERT,2025-06-05,0.9840811965811964,1.20861191712791,0.20861191712790994,1.270162710472077,0.27016271047207696,-0.06155079334416702
1201620,L405S-108,TALBERT,2025-06-06,1.0430555555555556,1.0901668021332094,0.09016680213320938,1.2995190118195605,0.29951901181956053,-0.20935220968635115
1201620,L405S-108,TALBERT,2025-06-09,0.9855769230769232,1.305024368729052,0.3050243687290519,1.2708909137459123,0.27089091374591234,0.03413345498313958
1201620,L405S-108,TALBERT,2025-06-10,1.0088675213675211,1.194871137669373,0.19487113766937303,1.2823400862345018,0.2823400862345018,-0.08746894856512877
1201620,L405S-108,TALBERT,2025-06-11,1.018162393162393,1.1870087086586123,0.1870087086586123,1.286966818172246,0.286966818172246,-0.09995810951363371
1201620,L405S-108,TALBERT,2025-06-12,1.0254273504273503,1.1608735320528174,0.1608735320528174,1.2906059121519566,0.29060591215195664,-0.12973238009913923
1201620,L405S-108,TALBERT,2025-06-13,0.9976495726495728,1.091865991907829,0.09186599190782907,1.2767997958599755,0.2767997958599755,-0.18493380395214642
1201620,L405S-108,TALBERT,2025-06-16,1.050534188034188,1.172969441376256,0.17296944137625592,1.3033357335431184,0.3033357335431184,-0.13036629216686246
1201620,L405S-108,TALBERT,2025-06-17,1.0006410256410256,1.173220104378391,0.17322010437839097,1.2782725273575606,0.2782725273575606,-0.10505242297916961
1201620,L405S-108,TALBERT,2025-06-18,1.0143162393162393,1.1495491473784525,0.14954914737845248,1.285048333889636,0.2850483338896359,-0.13549918651118342
1201620,L405S-108,TALBERT,2025-06-20,0.9986111111111112,1.110523110629755,0.11052311062975506,1.277272802423455,0.277272802423455,-0.16674969179369992
1201620,L405S-108,TALBERT,2025-06-23,1.0461538461538462,1.177047733562444,0.17704773356244408,1.3010976697847767,0.3010976697847767,-0.12404993622233262
1201620,L405S-108,TALBERT,2025-06-24,1.051282051282051,1.187530553725257,0.18753055372525695,1.303718563668558,0.303718563668558,-0.11618800994330103
1201620,L405S-108,TALBERT,2025-06-25,1.0560897435897436,1.1552696725696128,0.15526967256961277,1.3061846368488854,0.3061846368488854,-0.15091496427927265
1201620,L405S-108,TALBERT,2025-06-26,1.0352564102564104,1.1978592323644448,0.1978592323644448,1.295561168902112,0.29556116890211204,-0.09770193653766723
1201620,L405S-108,TALBERT,2025-06-27,1.035897435897436,1.100945406644633,0.10094540664463292,1.295885605500287,0.295885605500287,-0.19494019885565406
1201620,L405S-108,TALBERT,2025-06-30,0.984188034188034,1.2913625126133688,0.29136251261336876,1.2702146966620202,0.27021469666202025,0.021147815951348514
1201620,L405S-108,TALBERT,2025-07-01,1.0137820512820512,1.1653877060480329,0.16538770604803288,1.2847823213536056,0.2847823213536056,-0.11939461530557272
1201620,L405S-108,TALBERT,2025-07-02,1.0420940170940172,1.1760116141588115,0.1760116141588115,1.2990298189397114,0.29902981893971137,-0.12301820478089986
1201620,L405S-108,TALBERT,2025-07-03,1.0392094017094018,1.1178630333071302,0.11786303330713022,1.2975643315950542,0.29756433159505424,-0.17970129828792403
1201620,L405S-108,TALBERT,2025-07-07,1.0548076923076923,1.1289777020155118,0.12897770201551184,1.3055261676555976,0.3055261676555976,-0.17654846564008575
1201620,L405S-108,TALBERT,2025-07-08,0.9782051282051282,1.2591487148757068,0.2591487148757068,1.2673101857859028,0.2673101857859028,-0.008161470910196034
1201620,L405S-108,TALBERT,2025-07-09,1.0013888888888889,1.1830869044652657,0.18308690446526565,1.278641242268193,0.278641242268193,-0.09555433780292732
1201620,L405S-108,TALBERT,2025-07-10,0.978525641025641,1.191266875487271,0.19126687548727106,1.2674654377436179,0.26746543774361786,-0.0761985622563468
1201620,L405S-108,TALBERT,2025-07-11,1.0298076923076922,1.1603835730802363,0.16038357308023632,1.2928097230511602,0.29280972305116015,-0.13242614997092383
1201620,L405S-108,TALBERT,2025-07-14,0.9829059829059827,1.2193615244375482,0.2193615244375482,1.2695911500965096,0.2695911500965096,-0.050229625658961385
1201620,L405S-108,TALBERT,2025-07-15,1.0336538461538465,1.1511258427280242,0.1511258427280242,1.2947507561102647,0.2947507561102647,-0.14362491338224048
1201620,L405S-108,TALBERT,2025-07-16,1.0221153846153843,1.1786838453985746,0.17868384539857463,1.2889444349417505,0.2889444349417505,-0.11026058954317586
1201620,L405S-108,TALBERT,2025-07-17,1.0020299145299143,1.269415442922578,0.2694154429225779,1.2789574529468586,0.2789574529468586,-0.009542010024280678
1201620,L405S-108,TALBERT,2025-07-18,1.0120726495726495,1.1453929334146125,0.14539293341461246,1.2839318086642397,0.2839318086642397,-0.13853887524962727
1201620,L405S-108,TALBERT,2025-07-22,0.9977564102564104,1.165555151898144,0.16555515189814396,1.2768523347647223,0.27685233476472226,-0.1112971828665783
1201620,L405S-108,TALBERT,2025-07-23,1.0456196581196582,1.1294266828928825,0.1294266828928825,1.3008252293889875,0.3008252293889875,-0.17139854649610498
1201620,L405S-108,TALBERT,2025-07-24,1.00491452991453,1.2055210225156296,0.20552102251562965,1.2803823346070229,0.2803823346070229,-0.07486131209139324
1201620,L405S-108,TALBERT,2025-07-25,0.9997863247863248,1.2822837184044626,0.28228371840446265,1.2778513994351859,0.2778513994351859,0.004432318969276761
1201620,L405S-108,TALBERT,2025-07-28,1.0227564102564102,1.1506969914214853,0.1506969914214853,1.2892656871604349,0.2892656871604349,-0.1385686957389496
1201620,L405S-108,TALBERT,2025-07-29,1.0243589743589745,1.1707334141160024,0.1707334141160024,1.2900694981936836,0.29006949819368355,-0.11933608407768115
1201620,L405S-108,TALBERT,2025-07-30,1.033974358974359,1.184124038180748,0.18412403818074807,1.2949127610915696,0.2949127610915696,-0.11078872291082154
1201620,L405S-108,TALBERT,2025-07-31,0.9912393162393164,1.1894629264546792,0.18946292645467921,1.273655417429739,0.273655417429739,-0.08419249097505976
1201620,L405S-108,TALBERT,2025-08-01,1.0392094017094018,1.1046105280456977,0.1046105280456977,1.2975643315950542,0.29756433159505424,-0.19295380354935654
1201620,L405S-108,TALBERT,2025-08-04,1.0544871794871795,1.1332412912837355,0.13324129128373552,1.3053616468893787,0.3053616468893787,-0.1721203556056432
1201620,L405S-108,TALBERT,2025-08-05,1.0520299145299146,1.1241660212368905,0.12416602123689047,1.3041016041943034,0.30410160419430343,-0.17993558295741297
1201620,L405S-108,TALBERT,2025-08-06,1.0460470085470086,1.1697606211845986,0.16976062118459856,1.3010431731078866,0.30104317310788664,-0.13128255192328808
1201620,L405S-108,TALBERT,2025-08-07,0.9957264957264956,1.26050552251374,0.26050552251374004,1.2758548387362065,0.27585483873620653,-0.015349316222466491
1201620,L405S-108,TALBERT,2025-08-08,1.026068376068376,1.1631211185108634,0.16312111851086342,1.2909279678115384,0.2909279678115384,-0.12780684930067499
1201620,L405S-108,TALBERT,2025-08-11,1.037820512820513,1.162692103440274,0.16269210344027396,1.296859845804193,0.2968598458041929,-0.13416774236391893
1201620,L405S-108,TALBERT,2025-08-12,1.0381410256410255,1.1474711900542112,0.14747119005421117,1.2970223548588153,0.29702235485881534,-0.14955116480460418
1201620,L405S-108,TALBERT,2025-08-13,1.0455128205128206,1.1385097555900372,0.1385097555900372,1.300770754206928,0.300770754206928,-0.1622609986168908
1201620,L405S-108,TALBERT,2025-08-14,1.0163461538461538,1.184129606832334,0.18412960683233393,1.286060168431836,0.286060168431836,-0.10193056159950209
1201620,L405S-108,TALBERT,2025-08-15,1.0393162393162394,1.130199939036182,0.1301999390361821,1.2976185529488784,0.2976185529488784,-0.1674186139126963
1201620,L405S-108,TALBERT,2025-08-18,0.9377136752136752,1.3029991781462231,0.3029991781462231,1.2480136556697685,0.24801365566976852,0.05498552247645461
1201620,L405S-108,TALBERT,2025-08-19,0.9957264957264956,1.2295477211822867,0.22954772118228672,1.2758548387362065,0.27585483873620653,-0.04630711755391981
1201620,L405S-108,TALBERT,2025-08-20,0.9709401709401708,1.2530257488292706,0.25302574882927065,1.2638016839392154,0.26380168393921544,-0.01077593510994479
1201620,L405S-108,TALBERT,2025-08-21,0.979059829059829,1.197659323065654,0.19765932306565404,1.2677242782962752,0.2677242782962752,-0.07006495523062117
1201620,L405S-108,TALBERT,2025-08-22,0.980982905982906,1.2447072868090352,0.2447072868090352,1.2686570075408157,0.2686570075408157,-0.023949720731780477
1201620,L405S-108,TALBERT,2025-08-25,1.045405982905983,1.1771354375073273,0.1771354375073273,1.3007162833241346,0.3007162833241346,-0.12358084581680728
1201620,L405S-108,TALBERT,2025-08-26,1.0420940170940172,1.1355054401631357,0.1355054401631357,1.2990298189397114,0.29902981893971137,-0.16352437877657566
1201620,L405S-108,TALBERT,2025-08-27,0.9753205128205128,1.159966106868464,0.1599661068684639,1.2659146862979502,0.26591468629795023,-0.10594857942948632
1201620,L405S-108,TALBERT,2025-08-28,1.013568376068376,1.241007046088862,0.24100704608886203,1.284675946645213,0.2846759466452129,-0.043668900556350865
1201620,L405S-108,TALBERT,2025-08-29,0.976602564102564,1.2969902398135134,0.29699023981351336,1.2665345153158096,0.26653451531580963,0.03045572449770373
1201620,L405S-108,TALBERT,2025-09-02,0.9939102564102564,1.1228387586432211,0.12283875864322114,1.2749636725367233,0.27496367253672327,-0.15212491389350213
1201620,L405S-108,TALBERT,2025-09-03,0.9321581196581196,1.1578478837777588,0.15784788377775882,1.2454153587997945,0.24541535879979448,-0.08756747502203566
1201620,L405S-108,TALBERT,2025-09-04,0.978525641025641,1.1925018995929415,0.1925018995929415,1.2674654377436179,0.26746543774361786,-0.07496353815067636
1201620,L405S-108,TALBERT,2025-09-05,1.0226495726495726,1.1441670035418947,0.1441670035418947,1.2892121343212444,0.2892121343212444,-0.14504513077934966
1201620,L405S-108,TALBERT,2025-09-08,0.98258547008547,1.2792000320636645,0.2792000320636645,1.2694353615507052,0.26943536155070524,0.009764670512959261
1201620,L405S-108,TALBERT,2025-09-09,0.9985042735042736,1.2138801647232418,0.21388016472324178,1.2772202287595278,0.2772202287595278,-0.063340064036286
1201620,L405S-108,TALBERT,2025-09-10,1.0125,1.1584023262658527,0.1584023262658527,1.2841443329044546,0.2841443329044546,-0.1257420066386019
1201620,L405S-108,TALBERT,2025-09-11,0.991880341880342,1.165369201420042,0.16536920142004208,1.2739691506682054,0.2739691506682054,-0.1085999492481633
1201620,L405S-108,TALBERT,2025-09-12,1.0186965811965811,1.1734687370257384,0.1734687370257384,1.2872337177741813,0.2872337177741813,-0.11376498074844288
1201620,L405S-108,TALBERT,2025-09-15,1.034508547008547,1.1943695986641687,0.1943695986641687,1.295182855595212,0.29518285559521207,-0.10081325693104337
1201620,L405S-108,TALBERT,2025-09-16,0.9957264957264956,1.1880233330346088,0.18802333303460883,1.2758548387362065,0.27585483873620653,-0.0878315057015977
1201620,L405S-108,TALBERT,2025-09-17,0.9798076923076924,1.2137979493891482,0.2137979493891482,1.2680868383558044,0.2680868383558044,-0.05428888896665618
1201620,L405S-108,TALBERT,2025-09-18,1.0048076923076923,1.2111159107325606,0.21111591073256064,1.2803295048028167,0.2803295048028167,-0.06921359407025607
1201620,L405S-108,TALBERT,2025-09-19,0.96741452991453,1.1999091913013509,0.19990919130135087,1.2621063129488947,0.26210631294889475,-0.062197121647543874
1201620,L405S-108,TALBERT,2025-09-22,1.0175213675213677,1.1809917154104714,0.18099171541047143,1.2866466813855626,0.2866466813855626,-0.10565496597509116
1201620,L405S-108,TALBERT,2025-09-23,0.9536324786324788,1.158896253524042,0.1588962535240419,1.255524714607128,0.255524714607128,-0.09662846108308609
1201620,L405S-108,TALBERT,2025-09-24,0.9659188034188034,1.1012404779993246,0.10124047799932456,1.261388504099886,0.261388504099886,-0.16014802610056145
1201620,L405S-108,TALBERT,2025-09-25,0.9091880341880342,1.1002366951703066,0.10023669517030664,1.2347992475346417,0.23479924753464165,-0.134562552364335
1201620,L405S-108,TALBERT,2025-09-26,1.0050213675213675,1.18828115114064,0.18828115114063992,1.280435168749432,0.280435168749432,-0.09215401760879205
1201620,L405S-108,TALBERT,2025-09-29,0.9672008547008548,1.2185957224571935,0.2185957224571935,1.2620037163094826,0.2620037163094826,-0.043407993852289106
1201620,L405S-108,TALBERT,2025-09-30,1.004380341880342,1.1988065976573312,0.19880659765733122,1.2801182289701187,0.28011822897011873,-0.08131163131278751
1201620,L405S-108,TALBERT,2025-10-01,1.0161324786324786,1.1263239312705455,0.12632393127054553,1.2859535859605413,0.2859535859605413,-0.1596296546899958
1201620,L405S-108,TALBERT,2025-10-02,0.9605769230769232,1.190215283042681,0.1902152830426811,1.25883190713199,0.25883190713199,-0.06861662408930891
1201620,L405S-108,TALBERT,2025-10-03,0.9784188034188034,1.2065201333165114,0.20652013331651142,1.2674136827263394,0.26741368272633936,-0.06089354940982794
1201620,L405S-108,TALBERT,2025-10-06,1.0067307692307692,1.1755298321446073,0.17552983214460727,1.2812811049379167,0.2812811049379167,-0.10575127279330943
1201620,L405S-108,TALBERT,2025-10-08,1.0071581196581196,1.14499081618284,0.14499081618283993,1.2814927624586008,0.2814927624586008,-0.13650194627576084
1201620,L405S-108,TALBERT,2025-10-09,1.0090811965811963,1.1838107394024693,0.18381073940246928,1.2824460797331625,0.2824460797331625,-0.09863534033069321
1201620,L405S-108,TALBERT,2025-10-10,1.0006410256410256,1.1978877809532416,0.19788778095324155,1.2782725273575606,0.2782725273575606,-0.08038474640431903
1201620,L405S-108,TALBERT,2025-10-14,0.9287393162393164,1.2719684931855573,0.27196849318555727,1.2438223370069366,0.24382233700693656,0.028146156178620707
1201620,L405S-108,TALBERT,2025-10-15,0.989423076923077,1.149267657980235,0.149267657980235,1.2727673574321452,0.2727673574321452,-0.1234996994519102
1201620,L405S-108,TALBERT,2025-10-16,0.971474358974359,1.221879454516133,0.2218794545161329,1.264058973797518,0.2640589737975181,-0.04217951928138519
1201620,L405S-108,TALBERT,2025-10-17,0.9329059829059828,1.3732454457384635,0.3732454457384635,1.2457644348310462,0.24576443483104615,0.12748101090741737
1201620,L405S-108,TALBERT,2025-10-20,0.9629273504273504,1.2499372533924502,0.2499372533924502,1.2599554606541858,0.25995546065418584,-0.010018207261735634
1201620,L405S-108,TALBERT,2025-10-21,0.997542735042735,1.1740113024430818,0.17401130244308183,1.2767472613006028,0.2767472613006028,-0.10273595885752096
1201620,L405S-108,TALBERT,2025-10-22,1.0073717948717948,1.1683208562055925,0.16832085620559245,1.281598617235367,0.28159861723536705,-0.1132777610297746
1201620,L405S-108,TALBERT,2025-10-23,0.9835470085470084,1.1280582646562252,0.12805826465622516,1.269902844908629,0.2699028449086289,-0.14184458025240376
1201653,L405S-108,BROOKHURST2,2025-06-02,0.9915865384615384,1.2509262927083695,0.2509262927083695,1.2738253368218064,0.27382533682180643,-0.022899044113436906
1201653,L405S-108,BROOKHURST2,2025-06-03,1.000133547008547,1.1901153299360958,0.1901153299360958,1.2780224491321839,0.2780224491321839,-0.08790711919608807
1201653,L405S-108,BROOKHURST2,2025-06-04,1.0231036324786325,1.1420711070010154,0.14207110700101544,1.2894397637281945,0.28943976372819447,-0.14736865672717903
1201653,L405S-108,BROOKHURST2,2025-06-05,0.9591346153846154,1.223269250737607,0.22326925073760706,1.2581435040341824,0.2581435040341824,-0.03487425329657534
1201653,L405S-108,BROOKHURST2,2025-06-06,1.0496794871794872,1.1245170215725184,0.12451702157251843,1.302898471076515,0.302898471076515,-0.1783814495039966
1201653,L405S-108,BROOKHURST2,2025-06-09,0.9610042735042736,1.2490773044696049,0.24907730446960485,1.2590360318373541,0.25903603183735413,-0.009958727367749276
1201653,L405S-108,BROOKHURST2,2025-06-10,0.9861111111111112,1.2112313784502813,0.21123137845028128,1.2711511933371624,0.2711511933371624,-0.05991981488688114
1201653,L405S-108,BROOKHURST2,2025-06-11,1.0053418803418803,1.1518847673041892,0.1518847673041892,1.2805936972048255,0.2805936972048255,-0.12870892990063632
1201653,L405S-108,BROOKHURST2,2025-06-12,1.0069444444444444,1.1907301759555802,0.19073017595558017,1.281386925025838,0.28138692502583806,-0.09065674907025789
1201653,L405S-108,BROOKHURST2,2025-06-13,1.0180288461538465,1.1136643293144937,0.11366432931449366,1.2869001101669137,0.28690011016691375,-0.17323578085242008
1201653,L405S-108,BROOKHURST2,2025-06-16,1.0591613247863247,1.1769581549053336,0.17695815490533362,1.3077647316338146,0.30776473163381457,-0.13080657672848095
1201653,L405S-108,BROOKHURST2,2025-06-17,1.002003205128205,1.1400134862442974,0.14001348624429744,1.2789442743816322,0.27894427438163216,-0.13893078813733473
1201653,L405S-108,BROOKHURST2,2025-06-18,1.0194978632478633,1.1868778758734986,0.18687787587349858,1.2876342698967174,0.28763426989671737,-0.10075639402321879
1201653,L405S-108,BROOKHURST2,2025-06-20,0.9942574786324786,1.156329067567575,0.15632906756757503,1.2751339453865043,0.27513394538650426,-0.11880487781892923
1201653,L405S-108,BROOKHURST2,2025-06-23,1.0430021367521367,1.1036712552801116,0.10367125528011156,1.299491825295836,0.29949182529583607,-0.1958205700157245
1201653,L405S-108,BROOKHURST2,2025-06-24,1.029647435897436,1.2342706370851635,0.2342706370851635,1.2927289679749747,0.2927289679749747,-0.05845833088981123
1201653,L405S-108,BROOKHURST2,2025-06-25,1.0343215811965811,1.1925749546447102,0.1925749546447102,1.2950883102627664,0.2950883102627664,-0.10251335561805619
1201653,L405S-108,BROOKHURST2,2025-06-26,1.026842948717949,1.1678156209784307,0.16781562097843072,1.2913173257816544,0.29131732578165437,-0.12350170480322364
1201653,L405S-108,BROOKHURST2,2025-06-27,1.0409989316239316,1.1218493241572152,0.12184932415721517,1.2984731070743,0.2984731070743001,-0.17662378291708491
1201653,L405S-108,BROOKHURST2,2025-06-30,0.9891826923076924,1.2046893017154043,0.20468930171540434,1.2726499143501866,0.2726499143501866,-0.06796061263478226
1201653,L405S-108,BROOKHURST2,2025-07-01,1.0132211538461535,1.1871206616778984,0.18712066167789843,1.2845031246825636,0.28450312468256356,-0.09738246300466513
1201653,L405S-108,BROOKHURST2,2025-07-02,1.0391292735042734,1.175400557297498,0.17540055729749793,1.2975236684049607,0.2975236684049607,-0.12212311110746277
1201653,L405S-108,BROOKHURST2,2025-07-03,1.0408653846153846,1.1401750222943758,0.14017502229437584,1.2984052463126547,0.29840524631265475,-0.1582302240182789
1201653,L405S-108,BROOKHURST2,2025-07-07,1.0536858974358974,1.148755437294513,0.14875543729451302,1.3049505139342286,0.30495051393422856,-0.15619507663971555
1201653,L405S-108,BROOKHURST2,2025-07-08,0.9610042735042736,1.2822338257139885,0.2822338257139885,1.2590360318373541,0.25903603183735413,0.023197793876634343
1201653,L405S-108,BROOKHURST2,2025-07-09,0.9803685897435898,1.2068931087150343,0.2068931087150343,1.2683588987086134,0.2683588987086134,-0.0614657899935791
1201653,L405S-108,BROOKHURST2,2025-07-10,0.9728899572649572,1.206181926500978,0.2061819265009781,1.2647413204580005,0.2647413204580005,-0.058559393957022365
1201653,L405S-108,BROOKHURST2,2025-07-11,1.0340544871794872,1.1345254273583572,0.13452542735835715,1.2949532683981384,0.2949532683981384,-0.16042784103978125
1201653,L405S-108,BROOKHURST2,2025-07-14,0.96741452991453,1.2422589715159518,0.24225897151595177,1.2621063129488947,0.26210631294889475,-0.019847341432942978
1201653,L405S-108,BROOKHURST2,2025-07-15,1.0169604700854702,1.1643042229529528,0.16430422295295277,1.286366689445925,0.2863666894459249,-0.12206246649297214
1201653,L405S-108,BROOKHURST2,2025-07-16,0.9969284188034188,1.239014373498802,0.23901437349880195,1.2764452719169368,0.2764452719169368,-0.03743089841813485
1201653,L405S-108,BROOKHURST2,2025-07-17,0.9881143162393162,1.2436067294425972,0.2436067294425972,1.2721282117850383,0.2721282117850383,-0.028521482342441118
1201653,L405S-108,BROOKHURST2,2025-07-18,1.0193643162393162,1.1243920199286457,0.12439201992864568,1.2875674943178375,0.28756749431783746,-0.16317547438919178
1201653,L405S-108,BROOKHURST2,2025-07-22,0.9957264957264956,1.2557848923363608,0.2557848923363608,1.2758548387362065,0.27585483873620653,-0.020069946399845717
1201653,L405S-108,BROOKHURST2,2025-07-23,1.0336538461538465,1.1734230740770393,0.17342307407703927,1.2947507561102647,0.2947507561102647,-0.12132768203322541
1201653,L405S-108,BROOKHURST2,2025-07-24,1.001602564102564,1.1517288448712135,0.15172884487121352,1.278746628462173,0.2787466284621729,-0.1270177835909594
1201653,L405S-108,BROOKHURST2,2025-07-25,0.9771634615384616,1.3318406504439697,0.3318406504439697,1.266805888243567,0.2668058882435671,0.06503476220040261
1201653,L405S-108,BROOKHURST2,2025-07-28,1.0064102564102564,1.2068351034627949,0.20683510346279488,1.281122407329445,0.28112240732944493,-0.07428730386665006
1201653,L405S-108,BROOKHURST2,2025-07-29,0.9974626068376068,1.23174071202418,0.2317407120241799,1.2767078632327886,0.2767078632327886,-0.044967151208608724
1201653,L405S-108,BROOKHURST2,2025-07-30,1.0057425213675213,1.1855808476949177,0.18558084769491767,1.2807919126737994,0.28079191267379944,-0.09521106497888177
1201653,L405S-108,BROOKHURST2,2025-07-31,0.98303952991453,1.163376129503468,0.16337612950346792,1.2696560735723486,0.26965607357234855,-0.10627994406888064
1201653,L405S-108,BROOKHURST2,2025-08-01,1.0486111111111112,1.1301749785739408,0.13017497857394078,1.3023522795830071,0.30235227958300714,-0.17217730100906636
1201653,L405S-108,BROOKHURST2,2025-08-04,1.0451388888888888,1.1638506014778167,0.16385060147781672,1.3005801249270963,0.3005801249270963,-0.13672952344927958
1201653,L405S-108,BROOKHURST2,2025-08-05,1.0401976495726497,1.1680587704484728,0.16805877044847284,1.2980660433746487,0.2980660433746487,-0.13000727292617587
1201653,L405S-108,BROOKHURST2,2025-08-06,1.0345886752136753,1.202114568529978,0.2021145685299779,1.2952233790637167,0.29522337906371665,-0.09310881053373876
1201653,L405S-108,BROOKHURST2,2025-08-07,0.9853098290598292,1.2170524861010756,0.21705248610107564,1.2707608148003922,0.27076081480039216,-0.05370832869931652
1201653,L405S-108,BROOKHURST2,2025-08-08,1.0040064102564104,1.1943599396233835,0.1943599396233835,1.2799334195620808,0.27993341956208084,-0.08557347993869735
1201653,L405S-108,BROOKHURST2,2025-08-11,1.0239049145299146,1.1711784861477272,0.17117848614772724,1.2898416530498085,0.28984165304980847,-0.11866316690208123
1201653,L405S-108,BROOKHURST2,2025-08-12,1.0240384615384617,1.2081148881443942,0.20811488814439416,1.289908658228233,0.2899086582282331,-0.08179377008383892
1201653,L405S-108,BROOKHURST2,2025-08-13,1.0295138888888888,1.1720234764816455,0.1720234764816455,1.2926616794932686,0.2926616794932686,-0.12063820301162309
1201653,L405S-108,BROOKHURST2,2025-08-14,0.9963942307692308,1.2645912132260029,0.2645912132260029,1.276182789253321,0.27618278925332107,-0.011591576027318196
1201653,L405S-108,BROOKHURST2,2025-08-15,1.032719017094017,1.1889276614555342,0.1889276614555342,1.2942784631752742,0.2942784631752742,-0.10535080171973998
1201653,L405S-108,BROOKHURST2,2025-08-18,0.9130608974358976,1.404013585994507,0.4040135859945071,1.236574826162254,0.236574826162254,0.1674387598322531
1201653,L405S-108,BROOKHURST2,2025-08-19,0.9861111111111112,1.1960823749825635,0.19608237498256353,1.2711511933371624,0.2711511933371624,-0.07506881835459889
1201653,L405S-108,BROOKHURST2,2025-08-20,0.9519230769230768,1.2188281906624427,0.21882819066244275,1.254713480140655,0.254713480140655,-0.035885289478212234
1201653,L405S-108,BROOKHURST2,2025-08-21,0.96875,1.1929775994606524,0.1929775994606524,1.2627479384784015,0.2627479384784015,-0.0697703390177491
1201653,L405S-108,BROOKHURST2,2025-08-22,0.9543269230769232,1.2676180247794622,0.26761802477946217,1.255854599671397,0.255854599671397,0.011763425108065162
1201653,L405S-108,BROOKHURST2,2025-08-25,1.020032051282051,1.1311426310004888,0.13114263100048884,1.2879014397726836,0.28790143977268357,-0.15675880877219472
1201653,L405S-108,BROOKHURST2,2025-08-26,1.0197649572649572,1.1803696849385183,0.18036968493851835,1.287767841323014,0.28776784132301403,-0.10739815638449568
1201653,L405S-108,BROOKHURST2,2025-08-27,0.9762286324786325,1.1329941958801042,0.1329941958801042,1.2663536668919624,0.2663536668919624,-0.1333594710118582
1201653,L405S-108,BROOKHURST2,2025-08-28,0.9627403846153846,1.405654089505048,0.405654089505048,1.2598660094450294,0.25986600944502936,0.14578808006001864
1201653,L405S-108,BROOKHURST2,2025-08-29,0.9702190170940173,1.171918240727708,0.171918240727708,1.2634545160221102,0.26345451602211023,-0.09153627529440223
1201653,L405S-108,BROOKHURST2,2025-09-02,0.9798344017094016,1.1488858558442068,0.14888585584420677,1.2680997908837854,0.26809979088378544,-0.11921393503957867
1201653,L405S-108,BROOKHURST2,2025-09-03,0.9404380341880342,1.154253895200528,0.1542538952005279,1.2492921762433864,0.2492921762433864,-0.0950382810428585
1201653,L405S-108,BROOKHURST2,2025-09-04,0.9716880341880342,1.2218875617054594,0.22188756170545942,1.2641619203438816,0.26416192034388164,-0.042274358638422216
1201653,L405S-108,BROOKHURST2,2025-09-05,1.002136752136752,1.1972593023107374,0.1972593023107374,1.2790101699208998,0.2790101699208998,-0.08175086761016237
1201653,L405S-108,BROOKHURST2,2025-09-08,0.9654113247863249,1.2018290816797388,0.2018290816797388,1.2611451567306942,0.26114515673069416,-0.059316075050955375
1201653,L405S-108,BROOKHURST2,2025-09-09,0.9606036324786325,1.32649004450972,0.3264900445097201,1.2588446628716201,0.2588446628716201,0.06764538163809997
1201653,L405S-108,BROOKHURST2,2025-09-10,1.0077457264957266,1.1838464517975442,0.18384645179754422,1.2817839048261972,0.2817839048261972,-0.09793745302865298
1201653,L405S-108,BROOKHURST2,2025-09-11,0.9853098290598292,1.2115758469466766,0.21157584694667664,1.2707608148003922,0.27076081480039216,-0.05918496785371552
1201653,L405S-108,BROOKHURST2,2025-09-12,1.0012019230769231,1.2119472104082445,0.2119472104082445,1.2785490435945523,0.27854904359455235,-0.06660183318630786
1201653,L405S-108,BROOKHURST2,2025-09-15,1.0120192307692308,1.213022044592726,0.213022044592726,1.283905248006675,0.28390524800667505,-0.07088320341394905
1201653,L405S-108,BROOKHURST2,2025-09-16,0.9929220085470084,1.1643455019477515,0.16434550194775155,1.2744793012545126,0.2744793012545126,-0.11013379930676104
1201653,L405S-108,BROOKHURST2,2025-09-17,0.969551282051282,1.2289202967965098,0.22892029679650983,1.2631332419010532,0.26313324190105325,-0.034212945104543424
1201653,L405S-108,BROOKHURST2,2025-09-18,0.9937232905982906,1.236737813083783,0.23673781308378294,1.274872006183109,0.2748720061831089,-0.038134193099325975
1201653,L405S-108,BROOKHURST2,2025-09-19,0.9583333333333334,1.259013911640963,0.2590139116409631,1.2577614031301665,0.2577614031301665,0.0012525085107966127
1201653,L405S-108,BROOKHURST2,2025-09-22,1.0065438034188037,1.2150001671607005,0.21500016716070047,1.2811885265898344,0.2811885265898344,-0.06618835942913393
1201653,L405S-108,BROOKHURST2,2025-09-23,0.9565972222222222,1.1846666395552063,0.18466663955520635,1.2569343641321993,0.2569343641321993,-0.07226772457699293
1201653,L405S-108,BROOKHURST2,2025-09-24,0.966613247863248,1.1358690891799483,0.13586908917994833,1.261721665811707,0.26172166581170697,-0.12585257663175864
1201653,L405S-108,BROOKHURST2,2025-09-25,0.8932959401709402,1.0941644920932905,0.09416449209329047,1.2275743809289494,0.22757438092894944,-0.13340988883565896
1201653,L405S-108,BROOKHURST2,2025-09-26,0.9759615384615384,1.24683507307288,0.2468350730728801,1.26622452219782,0.2662245221978199,-0.019389449124939784
1201653,L405S-108,BROOKHURST2,2025-09-29,0.9696848290598292,1.2069281100983154,0.20692811009831535,1.2631974830582275,0.26319748305822754,-0.05626937295991219
1201653,L405S-108,BROOKHURST2,2025-09-30,0.9898504273504274,1.1639099307630616,0.1639099307630616,1.27297619955228,0.2729761995522799,-0.10906626878921832
1201653,L405S-108,BROOKHURST2,2025-10-01,0.9990651709401708,1.1603657939126852,0.16036579391268524,1.277496288961316,0.27749628896131595,-0.11713049504863071
1201653,L405S-108,BROOKHURST2,2025-10-02,0.9590010683760684,1.1551081359795996,0.1551081359795996,1.2580798034219816,0.25807980342198156,-0.10297166744238195
1201653,L405S-108,BROOKHURST2,2025-10-03,0.9463141025641024,1.289457346048559,0.289457346048559,1.2520595169330655,0.2520595169330655,0.0373978291154935
1201653,L405S-108,BROOKHURST2,2025-10-06,0.9861111111111112,1.1839624331081284,0.18396243310812843,1.2711511933371624,0.2711511933371624,-0.08718876022903399
1201653,L405S-108,BROOKHURST2,2025-10-08,0.984909188034188,1.1751838095303777,0.1751838095303777,1.2705657174494693,0.27056571744946933,-0.09538190791909162
1201653,L405S-108,BROOKHURST2,2025-10-09,0.9993322649572648,1.185242766153786,0.1852427661537861,1.2776277882834277,0.2776277882834277,-0.09238502212964161
1201653,L405S-108,BROOKHURST2,2025-10-10,0.9890491452991452,1.2524684602929563,0.25246846029295633,1.2725846777174308,0.2725846777174308,-0.020116217424474447
1201653,L405S-108,BROOKHURST2,2025-10-14,0.9159989316239316,1.2540030414682437,0.2540030414682437,1.2379257037443092,0.2379257037443092,0.016077337723934493
1201653,L405S-108,BROOKHURST2,2025-10-15,0.9885149572649572,1.1650334253992092,0.16503342539920918,1.2723237992189227,0.2723237992189227,-0.10729037381971351
1201653,L405S-108,BROOKHURST2,2025-10-16,0.9747596153846154,1.2686569790932694,0.26865697909326935,1.2656437088720403,0.26564370887204025,0.003013270221229103
1201653,L405S-108,BROOKHURST2,2025-10-17,0.935630341880342,1.262279964926993,0.2622799649269929,1.2470378969799156,0.24703789697991563,0.015242067947077276
1201653,L405S-108,BROOKHURST2,2025-10-20,0.954193376068376,1.2002780236206303,0.2002780236206303,1.2557911458319233,0.2557911458319233,-0.05551312221129301
1201653,L405S-108,BROOKHURST2,2025-10-21,0.9821047008547008,1.1944984504642226,0.19449845046422265,1.2692017523155124,0.26920175231551235,-0.0747033018512897
1201653,L405S-108,BROOKHURST2,2025-10-22,0.9898504273504274,1.1944491134543866,0.19444911345438665,1.27297619955228,0.2729761995522799,-0.07852708609789327
1201653,L405S-108,BROOKHURST2,2025-10-23,0.9774305555555556,1.1448254005702585,0.1448254005702585,1.2669351557433335,0.2669351557433335,-0.12210975517307499
1201719,L405S-108,MAGNOLIA 1,2025-06-02,0.9165331196581196,1.2927295906624363,0.2927295906624363,1.2381716779133936,0.23817167791339355,0.05455791274904276
1201719,L405S-108,MAGNOLIA 1,2025-06-03,0.8936965811965812,1.3080193594610114,0.30801935946101144,1.227755310602107,0.22775531060210708,0.08026404885890437
1201719,L405S-108,MAGNOLIA 1,2025-06-04,0.903846153846154,1.2598597914478902,0.2598597914478902,1.2323597446105035,0.23235974461050346,0.027500046837386716
1201719,L405S-108,MAGNOLIA 1,2025-06-05,0.8540331196581197,1.3928091308447732,0.3928091308447732,1.2101482694748198,0.2101482694748198,0.1826608613699534
1201719,L405S-108,MAGNOLIA 1,2025-06-06,0.953392094017094,1.156928435303737,0.156928435303737,1.2554105668382092,0.2554105668382092,-0.09848213153447216
1201719,L405S-108,MAGNOLIA 1,2025-06-09,0.8667200854700855,1.4775027144288009,0.4775027144288009,1.2157129675116205,0.2157129675116205,0.2617897469171804
1201719,L405S-108,MAGNOLIA 1,2025-06-10,0.8879540598290598,1.3906815043217438,0.39068150432174376,1.225167975622502,0.22516797562250201,0.16551352869924174
1201719,L405S-108,MAGNOLIA 1,2025-06-11,0.8967681623931624,1.376881954691768,0.3768819546917681,1.2291445192233066,0.2291445192233066,0.14773743546846152
1201719,L405S-108,MAGNOLIA 1,2025-06-12,0.9013087606837606,1.3928891298353685,0.3928891298353685,1.2312048719161146,0.2312048719161146,0.1616842579192539
1201719,L405S-108,MAGNOLIA 1,2025-06-13,0.922142094017094,1.1456588795784484,0.14565887957844836,1.2407610905315456,0.2407610905315456,-0.09510221095309723
1201719,L405S-108,MAGNOLIA 1,2025-06-16,0.9696848290598292,1.304414530312268,0.30441453031226806,1.2631974830582275,0.26319748305822754,0.04121704725404052
1201719,L405S-108,MAGNOLIA 1,2025-06-17,0.9121260683760684,1.1892301066260444,0.18923010662604445,1.2361457045499058,0.2361457045499058,-0.04691559792386135
1201719,L405S-108,MAGNOLIA 1,2025-06-18,0.8971688034188035,1.4611907405510831,0.4611907405510831,1.2293259917100632,0.22932599171006318,0.23186474884101993
1201719,L405S-108,MAGNOLIA 1,2025-06-20,0.8820779914529915,1.2626830469150083,0.2626830469150083,1.2225338148113412,0.22253381481134116,0.040149232103667165
1201719,L405S-108,MAGNOLIA 1,2025-06-23,0.9471153846153846,1.2723094945992084,0.2723094945992084,1.252437912761489,0.2524379127614891,0.01987158183771931
1201719,L405S-108,MAGNOLIA 1,2025-06-24,0.9228098290598292,1.1949758067001794,0.19497580670017944,1.2410701664748758,0.24107016647487578,-0.046094359774696336
1201719,L405S-108,MAGNOLIA 1,2025-06-25,0.9352297008547008,1.2913971700315214,0.29139717003152144,1.246850443270961,0.24685044327096106,0.04454672676056037
1201719,L405S-108,MAGNOLIA 1,2025-06-26,0.9178685897435898,1.4049919922704257,0.4049919922704257,1.2387870978436044,0.2387870978436044,0.1662048944268213
1201719,L405S-108,MAGNOLIA 1,2025-06-27,0.935363247863248,1.1884076885278871,0.18840768852788714,1.246912920950664,0.24691292095066397,-0.05850523242277683
1201719,L405S-108,MAGNOLIA 1,2025-06-30,0.8895566239316239,1.3091903368802769,0.30919033688027686,1.225888726596749,0.22588872659674908,0.08330161028352778
1201719,L405S-108,MAGNOLIA 1,2025-07-01,0.9113247863247864,1.3390500630100166,0.3390500630100166,1.2357781562762016,0.23577815627620158,0.10327190673381503
1201719,L405S-108,MAGNOLIA 1,2025-07-02,0.9306891025641024,1.307285135062209,0.307285135062209,1.2447303033262382,0.24473030332623824,0.06255483173597076
1201719,L405S-108,MAGNOLIA 1,2025-07-03,0.952857905982906,1.1644141372963586,0.16441413729635856,1.2551569847090334,0.25515698470903336,-0.0907428474126748
1201719,L405S-108,MAGNOLIA 1,2025-07-07,0.9508547008547008,1.2885240844104198,0.28852408441041977,1.2542070295343464,0.2542070295343464,0.034317054876073394
1201719,L405S-108,MAGNOLIA 1,2025-07-08,0.8739316239316239,1.42988932020944,0.42988932020944004,1.218904276350636,0.21890427635063592,0.21098504385880412
1201719,L405S-108,MAGNOLIA 1,2025-07-09,0.8895566239316239,1.3699749540404322,0.36997495404043224,1.225888726596749,0.22588872659674908,0.14408622744368316
1201719,L405S-108,MAGNOLIA 1,2025-07-10,0.8836805555555556,1.3889484294544268,0.38894842945442676,1.223250882499511,0.22325088249951097,0.1656975469549158
1201719,L405S-108,MAGNOLIA 1,2025-07-11,0.9469818376068376,1.1262496896560614,0.12624968965606143,1.2523748296126305,0.25237482961263047,-0.12612513995656904
1201719,L405S-108,MAGNOLIA 1,2025-07-14,0.8703258547008547,1.362492401853918,0.36249240185391796,1.2173060689755326,0.21730606897553262,0.14518633287838534
1201719,L405S-108,MAGNOLIA 1,2025-07-15,0.908653846153846,1.375394536010765,0.3753945360107649,1.2345547976995859,0.23455479769958587,0.14083973831117902
1201719,L405S-108,MAGNOLIA 1,2025-07-16,0.9017094017094016,1.3437042569387994,0.34370425693879936,1.2313870535149516,0.2313870535149516,0.11231720342384777
1201719,L405S-108,MAGNOLIA 1,2025-07-17,0.8932959401709402,1.354976899187813,0.35497689918781306,1.2275743809289494,0.22757438092894944,0.12740251825886362
1201719,L405S-108,MAGNOLIA 1,2025-07-18,0.9389690170940173,1.3031018014309677,0.30310180143096765,1.2486024219986545,0.24860242199865445,0.0544993794323132
1201719,L405S-108,MAGNOLIA 1,2025-07-21,0.8804754273504274,1.3597710457586485,0.3597710457586485,1.2218177526230805,0.22181775262308046,0.13795329313556803
1201719,L405S-108,MAGNOLIA 1,2025-07-22,0.8954326923076923,1.3545863349711862,0.3545863349711862,1.2285400631380226,0.22854006313802255,0.12604627183316364
1201719,L405S-108,MAGNOLIA 1,2025-07-23,0.9169337606837606,1.4149745004918144,0.4149745004918144,1.2383562312219547,0.2383562312219547,0.17661826926985968
1201719,L405S-108,MAGNOLIA 1,2025-07-24,0.8971688034188035,1.287404171003796,0.287404171003796,1.2293259917100632,0.22932599171006318,0.05807817929373282
1201719,L405S-108,MAGNOLIA 1,2025-07-25,0.8951655982905983,1.3140686080120785,0.3140686080120785,1.2284192554189253,0.22841925541892527,0.0856493525931532
1201719,L405S-108,MAGNOLIA 1,2025-07-28,0.9042467948717948,1.3207693688963842,0.3207693688963842,1.2325423221236127,0.2325423221236127,0.08822704677277149
1201719,L405S-108,MAGNOLIA 1,2025-07-29,0.8920940170940171,1.449939468954596,0.4499394689545959,1.2270319679143316,0.22703196791433156,0.22290750104026436
1201719,L405S-108,MAGNOLIA 1,2025-07-30,0.904647435897436,1.3721384924261797,0.3721384924261797,1.2327249621263632,0.23272496212636318,0.1394135302998165
1201719,L405S-108,MAGNOLIA 1,2025-07-31,0.8823450854700855,1.17064590471164,0.17064590471163998,1.2226532562775498,0.22265325627754984,-0.052007351565909854
1201719,L405S-108,MAGNOLIA 1,2025-08-01,0.9467147435897436,1.1801760415188245,0.1801760415188245,1.252248683927197,0.2522486839271969,-0.07207264240837241
1201719,L405S-108,MAGNOLIA 1,2025-08-04,0.9395032051282052,1.2582108580541451,0.2582108580541451,1.2488531453637297,0.2488531453637297,0.00935771269041541
1201719,L405S-108,MAGNOLIA 1,2025-08-05,0.9289529914529916,1.381825654490294,0.38182565449029404,1.243921768405632,0.24392176840563207,0.13790388608466198
1201719,L405S-108,MAGNOLIA 1,2025-08-06,0.9266826923076924,1.3271394535527614,0.3271394535527614,1.2428662132949526,0.24286621329495262,0.0842732402578088
1201719,L405S-108,MAGNOLIA 1,2025-08-07,0.8779380341880342,1.3339169848746244,0.3339169848746244,1.2206860448959616,0.22068604489596155,0.11323093997866285
1201719,L405S-108,MAGNOLIA 1,2025-08-08,0.9173344017094016,1.2147548833127948,0.2147548833127948,1.2385408468222705,0.2385408468222705,-0.023785963509475705
1201719,L405S-108,MAGNOLIA 1,2025-08-11,0.919738247863248,1.357133873032878,0.3571338730328779,1.2396498482043692,0.2396498482043692,0.11748402482850873
1201719,L405S-108,MAGNOLIA 1,2025-08-12,0.9077190170940173,1.371471208190958,0.3714712081909579,1.2341272775182779,0.2341272775182779,0.13734393067268003
1201719,L405S-108,MAGNOLIA 1,2025-08-13,0.922409188034188,1.299490608680814,0.299490608680814,1.2408847001733099,0.24088470017330987,0.058605908507504134
1201719,L405S-108,MAGNOLIA 1,2025-08-14,0.8891559829059829,1.3991929366905236,0.3991929366905236,1.2257084447524886,0.22570844475248864,0.17348449193803495
1201719,L405S-108,MAGNOLIA 1,2025-08-15,0.9314903846153846,1.2704263837048178,0.27042638370481775,1.2451038664990417,0.2451038664990417,0.02532251720577605
1201719,L405S-108,MAGNOLIA 1,2025-08-18,0.8342681623931624,1.4851336257457497,0.4851336257457497,1.2016056251976774,0.20160562519767744,0.28352800054807226
1201719,L405S-108,MAGNOLIA 1,2025-08-19,0.8983707264957265,1.441400689768129,0.4414006897681291,1.229870784754056,0.22987078475405598,0.2115299050140731
1201719,L405S-108,MAGNOLIA 1,2025-08-20,0.8810096153846154,1.272918801909986,0.27291880190998596,1.2220563282712755,0.22205632827127553,0.05086247363871044
1201719,L405S-108,MAGNOLIA 1,2025-08-21,0.8708600427350427,1.3329439925454467,0.3329439925454467,1.217542518371085,0.21754251837108507,0.11540147417436164
1201719,L405S-108,MAGNOLIA 1,2025-08-22,0.8745993589743589,1.3387497794286225,0.3387497794286225,1.2192008006144865,0.21920080061448655,0.11954897881413595
1201719,L405S-108,MAGNOLIA 1,2025-08-25,0.9087873931623932,1.3385434920470178,0.33854349204701784,1.2346158997555103,0.23461589975551034,0.1039275922915075
1201719,L405S-108,MAGNOLIA 1,2025-08-26,0.9097222222222222,1.301089354516133,0.30108935451613306,1.2350438083246607,0.23504380832466065,0.0660455461914724
1201719,L405S-108,MAGNOLIA 1,2025-08-27,0.8987713675213675,1.3415452073047087,0.3415452073047087,1.2300525076087658,0.23005250760876583,0.11149269969594289
1201719,L405S-108,MAGNOLIA 1,2025-08-28,0.8103632478632479,1.4771010355422731,0.4771010355422731,1.1914806908725493,0.19148069087254926,0.28562034466972386
1201719,L405S-108,MAGNOLIA 1,2025-08-29,0.9009081196581196,1.3199547839872097,0.31995478398720967,1.2310227528532314,0.23102275285323137,0.0889320311339783
1201719,L405S-108,MAGNOLIA 1,2025-09-02,0.8656517094017094,1.408327688115907,0.40832768811590703,1.2152419187163526,0.21524191871635256,0.19308576939955446
1201719,L405S-108,MAGNOLIA 1,2025-09-03,0.8751335470085471,1.3089928113705196,0.3089928113705196,1.219438145958361,0.21943814595836098,0.08955466541215862
1201719,L405S-108,MAGNOLIA 1,2025-09-04,0.8604433760683761,1.4736409599419589,0.4736409599419589,1.2129519852075883,0.2129519852075883,0.2606889747343706
1201719,L405S-108,MAGNOLIA 1,2025-09-05,0.9014423076923076,1.501113122673891,0.501113122673891,1.2312655921676001,0.23126559216760012,0.26984753050629084
1201719,L405S-108,MAGNOLIA 1,2025-09-08,0.8780715811965812,1.4278462149603404,0.42784621496034037,1.2207455455639797,0.22074554556397974,0.20710066939636063
1201719,L405S-108,MAGNOLIA 1,2025-09-09,0.8170405982905983,1.6895544882660656,0.6895544882660656,1.1942859920102373,0.19428599201023733,0.49526849625582825
1201719,L405S-108,MAGNOLIA 1,2025-09-10,0.9015758547008548,1.379338775297834,0.3793387752978341,1.2313263193672905,0.23132631936729053,0.14801245593054357
1201719,L405S-108,MAGNOLIA 1,2025-09-11,0.8776709401709402,1.3393322656503177,0.3393322656503177,1.2205670645305267,0.22056706453052666,0.11876520111979105
1201719,L405S-108,MAGNOLIA 1,2025-09-12,0.8920940170940171,1.428899847604045,0.4288998476040451,1.2270319679143316,0.22703196791433156,0.20186787968971354
1201719,L405S-108,MAGNOLIA 1,2025-09-15,0.9109241452991452,1.3762206976443752,0.37622069764437516,1.2355944757044648,0.2355944757044648,0.14062622193991037
1201719,L405S-108,MAGNOLIA 1,2025-09-16,0.8839476495726496,1.3450553144885808,0.34505531448858084,1.2233704915086274,0.22337049150862742,0.12168482297995342
1201719,L405S-108,MAGNOLIA 1,2025-09-17,0.874198717948718,1.5204678194355243,0.5204678194355243,1.2190228650656747,0.2190228650656747,0.30144495436984964
1201719,L405S-108,MAGNOLIA 1,2025-09-18,0.8860844017094017,1.3273371503693288,0.32733715036932876,1.2243283684356712,0.22432836843567117,0.10300878193365759
1201719,L405S-108,MAGNOLIA 1,2025-09-19,0.8855502136752137,1.397864887989976,0.397864887989976,1.2240887317550762,0.22408873175507615,0.17377615623489984
1201719,L405S-108,MAGNOLIA 1,2025-09-22,0.9122596153846154,1.4807463180742406,0.4807463180742406,1.2362069868504495,0.2362069868504495,0.24453933122379112
1201719,L405S-108,MAGNOLIA 1,2025-09-23,0.8712606837606838,1.3290034374940731,0.3290034374940731,1.2177199289502352,0.21771992895023518,0.11128350854383795
1201719,L405S-108,MAGNOLIA 1,2025-09-24,0.8552350427350427,1.4280663077796498,0.4280663077796498,1.2106727325080047,0.21067273250800467,0.21739357527164516
1201719,L405S-108,MAGNOLIA 1,2025-09-25,0.749465811965812,1.8952751454796732,0.8952751454796732,1.1667218895509945,0.16672188955099454,0.7285532559286787
1201719,L405S-108,MAGNOLIA 1,2025-09-26,0.8830128205128205,1.4196885573052649,0.4196885573052649,1.2229519821266017,0.22295198212660172,0.19673657517866316
1201719,L405S-108,MAGNOLIA 1,2025-09-29,0.8680555555555556,1.3095111590572603,0.30951115905726034,1.2163024094461607,0.21630240944616075,0.0932087496110996
1201719,L405S-108,MAGNOLIA 1,2025-09-30,0.8927617521367521,1.4252824394655708,0.42528243946557076,1.227333238841948,0.227333238841948,0.19794920062362276
1201719,L405S-108,MAGNOLIA 1,2025-10-01,0.8807425213675214,1.3992290801814642,0.3992290801814642,1.2219370264770848,0.2219370264770848,0.1772920537043794
1201719,L405S-108,MAGNOLIA 1,2025-10-02,0.8605769230769231,1.4322280497662163,0.4322280497662163,1.2130105680919172,0.2130105680919172,0.2192174816742991
1201719,L405S-108,MAGNOLIA 1,2025-10-03,0.8425480769230769,1.5781320312992688,0.5781320312992688,1.2051654948390866,0.20516549483908664,0.3729665364601822
1201719,L405S-108,MAGNOLIA 1,2025-10-06,0.8899572649572649,1.3887795513636956,0.3887795513636956,1.2260690711640845,0.22606907116408448,0.1627104801996111
1201719,L405S-108,MAGNOLIA 1,2025-10-08,0.8665865384615384,1.3737205873719225,0.3737205873719225,1.215654061872483,0.21565406187248293,0.15806652549943956
1201719,L405S-108,MAGNOLIA 1,2025-10-09,0.8818108974358975,1.4325184563673634,0.4325184563673634,1.2224144012756835,0.22241440127568346,0.21010405509167995
1201719,L405S-108,MAGNOLIA 1,2025-10-10,0.8919604700854701,1.3099285062692825,0.3099285062692825,1.2269717346219984,0.22697173462199838,0.0829567716472841
1201719,L405S-108,MAGNOLIA 1,2025-10-14,0.8182425213675214,1.4505312961278247,0.4505312961278247,1.1947928336742504,0.19479283367425038,0.25573846245357434
1201719,L405S-108,MAGNOLIA 1,2025-10-15,0.8783386752136753,1.4148141081951346,0.41481410819513465,1.220864567869407,0.220864567869407,0.19394954032572764
1201719,L405S-108,MAGNOLIA 1,2025-10-16,0.8812767094017094,1.4176451361388882,0.4176451361388882,1.2221756580037237,0.22217565800372374,0.19546947813516447
1201719,L405S-108,MAGNOLIA 1,2025-10-17,0.8664529914529915,1.3913333692298104,0.39133336922981043,1.2155951632442048,0.2155951632442048,0.17573820598560563
1201719,L405S-108,MAGNOLIA 1,2025-10-20,0.8552350427350427,1.344724388592378,0.3447243885923781,1.2106727325080047,0.21067273250800467,0.13405165608437342
1201719,L405S-108,MAGNOLIA 1,2025-10-21,0.8613782051282052,1.442690995548512,0.4426909955485121,1.2133622128506691,0.21336221285066914,0.22932878269784296
1201719,L405S-108,MAGNOLIA 1,2025-10-22,0.8553685897435898,1.3425238931998338,0.3425238931998338,1.2107310413413659,0.2107310413413659,0.1317928518584679
1201719,L405S-108,MAGNOLIA 1,2025-10-23,0.8745993589743589,1.3378467666453169,0.3378467666453169,1.2192008006144865,0.21920080061448655,0.11864596603083033
1222412,L405S-041,FAIRVIEW,2025-06-02,0.5798076923076924,1.0165886707370142,0.0165886707370142,1.1057868812314577,0.10578688123145774,-0.08919821049444354
1222412,L405S-041,FAIRVIEW,2025-06-03,0.5659188034188034,1.000960238337702,0.0009602383377020907,1.1013372616691468,0.1013372616691468,-0.10037702333144471
1222412,L405S-041,FAIRVIEW,2025-06-04,0.5724358974358974,0.9991780481680608,-0.0008219518319392272,1.1034147836583243,0.10341478365832435,-0.10423673549026358
1222412,L405S-041,FAIRVIEW,2025-06-05,0.5408119658119658,1.0041925318844442,0.004192531884444239,1.0935060807312544,0.09350608073125444,-0.0893135488468102
1222412,L405S-041,FAIRVIEW,2025-06-06,0.5400641025641025,1.0046690426726572,0.00466904267265722,1.0932770283027038,0.09327702830270379,-0.08860798563004657
1222412,L405S-041,FAIRVIEW,2025-06-09,0.5425213675213675,1.0212821882497771,0.021282188249777123,1.0940305481573687,0.09403054815736867,-0.07274835990759154
1222412,L405S-041,FAIRVIEW,2025-06-10,0.5585470085470086,1.0065985829779582,0.006598582977958234,1.0990094542344584,0.0990094542344584,-0.09241087125650016
1222412,L405S-041,FAIRVIEW,2025-06-11,0.5698717948717948,1.0086525124111625,0.008652512411162494,1.1025952058905737,0.10259520589057369,-0.0939426934794112
1222412,L405S-041,FAIRVIEW,2025-06-12,0.5704059829059829,1.0073197002586805,0.0073197002586804505,1.1027657168873304,0.10276571688733038,-0.09544601662864993
1222412,L405S-041,FAIRVIEW,2025-06-13,0.5443376068376068,1.0064765846292136,0.006476584629213633,1.0945891949625557,0.09458919496255569,-0.08811261033334206
1222412,L405S-041,FAIRVIEW,2025-06-16,0.5088675213675213,1.0222800081212056,0.022280008121205563,1.0839413551726185,0.08394135517261847,-0.06166134705141291
1222412,L405S-041,FAIRVIEW,2025-06-17,0.5266025641025641,1.0146197210911934,0.01461972109119336,1.0891960290693468,0.08919602906934676,-0.0745763079781534
1222412,L405S-041,FAIRVIEW,2025-06-18,0.5294871794871795,1.012053243131654,0.012053243131654012,1.0900638277434,0.09006382774340005,-0.07801058461174604
1222412,L405S-041,FAIRVIEW,2025-06-20,0.5275641025641026,1.008540258905139,0.008540258905139098,1.0894848884370962,0.08948488843709623,-0.08094462953195714
1222412,L405S-041,FAIRVIEW,2025-06-23,0.527457264957265,1.0115642097966324,0.011564209796632419,1.089452772854226,0.08945277285422604,-0.07788856305759362
1222412,L405S-041,FAIRVIEW,2025-06-24,0.5429487179487179,1.0104855702425957,0.010485570242595665,1.0941618647196882,0.09416186471968824,-0.08367629447709257
1222412,L405S-041,FAIRVIEW,2025-06-25,0.5268162393162393,1.0069565275847523,0.006956527584752292,1.089260184865974,0.08926018486597398,-0.08230365728122169
1222412,L405S-041,FAIRVIEW,2025-06-26,0.5222222222222223,1.008775208899713,0.00877520889971306,1.087885268064467,0.08788526806446706,-0.079110059164754
1222412,L405S-041,FAIRVIEW,2025-06-27,0.5102564102564102,1.006241998758237,0.006241998758236944,1.0843478427967068,0.08434784279670682,-0.07810584403846987
1222412,L405S-041,FAIRVIEW,2025-06-30,0.5159188034188035,1.0072001451914794,0.007200145191479379,1.0860139092479204,0.0860139092479204,-0.07881376405644103
1222412,L405S-041,FAIRVIEW,2025-07-01,0.5294871794871795,1.0055152906443965,0.005515290644396487,1.0900638277434,0.09006382774340005,-0.08454853709900356
1222412,L405S-041,FAIRVIEW,2025-07-02,0.5266025641025641,1.0020386742964582,0.0020386742964582094,1.0891960290693468,0.08919602906934676,-0.08715735477288855
1222412,L405S-041,FAIRVIEW,2025-07-03,0.5429487179487179,1.0104718934141252,0.010471893414125244,1.0941618647196882,0.09416186471968824,-0.083689971305563
1222412,L405S-041,FAIRVIEW,2025-07-07,0.5011752136752137,1.0068383641537677,0.0068383641537677065,1.0817055528006059,0.08170555280060587,-0.07486718864683817
1222412,L405S-041,FAIRVIEW,2025-07-08,0.5298076923076923,1.0078027845922737,0.007802784592273682,1.0901604757771102,0.09016047577711017,-0.08235769118483649
1222412,L405S-041,FAIRVIEW,2025-07-09,0.5322649572649573,1.0051572833214149,0.005157283321414852,1.0909029441886111,0.09090294418861111,-0.08574566086719626
1222412,L405S-041,FAIRVIEW,2025-07-10,0.5362179487179487,1.007320402825408,0.007320402825407912,1.092102913680261,0.09210291368026091,-0.084782510854853
1222412,L405S-041,FAIRVIEW,2025-07-11,0.5117521367521367,1.010717277417264,0.010717277417263915,1.0847865553856846,0.08478655538568458,-0.07406927796842067
1222412,L405S-041,FAIRVIEW,2025-07-14,0.5277777777777778,1.000720073932438,0.0007200739324380034,1.089549134673461,0.08954913467346093,-0.08882906074102292
1222412,L405S-041,FAIRVIEW,2025-07-15,0.5452991452991452,1.00311130122083,0.0031113012208299207,1.0948855328136051,0.09488553281360512,-0.0917742315927752
1222412,L405S-041,FAIRVIEW,2025-07-16,0.5958333333333333,1.0024004346057145,0.0024004346057144854,1.1110242829026715,0.11102428290267152,-0.10862384829695704
1222412,L405S-041,FAIRVIEW,2025-07-17,0.5473290598290599,1.0009708036371354,0.0009708036371354201,1.0955124610091123,0.09551246100911226,-0.09454165737197684
1222412,L405S-041,FAIRVIEW,2025-07-18,0.5110042735042735,1.0092586454608574,0.009258645460857418,1.0845670751157166,0.0845670751157166,-0.07530842965485918
1222412,L405S-041,FAIRVIEW,2025-07-21,0.5207264957264958,1.0053960741755592,0.005396074175559207,1.0874396289051178,0.0874396289051178,-0.0820435547295586
1222412,L405S-041,FAIRVIEW,2025-07-22,0.6204059829059829,1.0075608956122983,0.007560895612298335,1.1192682736142676,0.11926827361426762,-0.11170737800196928
1222412,L405S-041,FAIRVIEW,2025-07-23,0.5505341880341881,1.0055183707761892,0.005518370776189219,1.096506008613159,0.09650600861315906,-0.09098763783696984
1222412,L405S-041,FAIRVIEW,2025-07-24,0.5485042735042736,1.0068404420743569,0.006840442074356856,1.0958762415216685,0.09587624152166851,-0.08903579944731166
1222412,L405S-041,FAIRVIEW,2025-07-25,0.5150641025641025,1.0131703294318977,0.013170329431897665,1.0857615177874953,0.0857615177874953,-0.07259118835559764
1222412,L405S-041,FAIRVIEW,2025-07-28,0.5259615384615385,1.009994747558549,0.0099947475585489,1.0890036823038245,0.0890036823038245,-0.0790089347452756
1222412,L405S-041,FAIRVIEW,2025-07-29,0.5539529914529915,1.008656685910572,0.008656685910571893,1.097570727898024,0.09757072789802401,-0.08891404198745212
1222412,L405S-041,FAIRVIEW,2025-07-30,0.5431623931623931,1.0062388616691973,0.006238861669197293,1.094227552946867,0.09422755294686702,-0.08798869127766973
1222412,L405S-041,FAIRVIEW,2025-07-31,0.5488247863247864,1.0073270046042868,0.007327004604286813,1.095975558966431,0.09597555896643106,-0.08864855436214425
1222412,L405S-041,FAIRVIEW,2025-08-01,0.5257478632478633,1.0099821681492274,0.009982168149227366,1.088939606929631,0.0889396069296311,-0.07895743878040373
1222412,L405S-041,FAIRVIEW,2025-08-04,0.6490384615384616,1.0174697801325094,0.017469780132509438,1.1291972593139243,0.12919725931392434,-0.1117274791814149
1222412,L405S-041,FAIRVIEW,2025-08-05,0.558974358974359,1.0075601915497427,0.007560191549742745,1.0991437556321435,0.0991437556321435,-0.09158356408240076
1222412,L405S-041,FAIRVIEW,2025-08-06,0.5501068376068377,1.007084441617523,0.007084441617523085,1.0963732767634924,0.09637327676349239,-0.0892888351459693
1222412,L405S-041,FAIRVIEW,2025-08-07,0.5621794871794872,1.0119329989686865,0.011932998968686492,1.1001535436994343,0.1001535436994343,-0.08822054473074781
1222412,L405S-041,FAIRVIEW,2025-08-08,0.521474358974359,1.0079233687199134,0.007923368719913393,1.0876623250804005,0.0876623250804005,-0.07973895636048711
1222412,L405S-041,FAIRVIEW,2025-08-11,0.5299145299145299,1.0091411830393904,0.009141183039390377,1.09019270182619,0.0901927018261901,-0.08105151878679973
1222412,L405S-041,FAIRVIEW,2025-08-12,0.5580128205128205,1.0043086442960676,0.0043086442960675875,1.0988416890614745,0.0988416890614745,-0.09453304476540692
1222412,L405S-041,FAIRVIEW,2025-08-13,0.5586538461538462,1.004789631416988,0.004789631416987961,1.0990430221462526,0.0990430221462526,-0.09425339072926464
1222412,L405S-041,FAIRVIEW,2025-08-14,0.5575854700854701,1.0052720205168304,0.0052720205168304,1.0987075661992367,0.09870756619923671,-0.0934355456824063
1222412,L405S-041,FAIRVIEW,2025-08-15,0.5354700854700855,1.0078086912576008,0.007808691257600753,1.0918753665447851,0.09187536654478512,-0.08406667528718437
1222412,L405S-041,FAIRVIEW,2025-08-18,0.5355769230769231,1.0058756726006086,0.005875672600608617,1.091907858260332,0.0919078582603321,-0.08603218565972348
1222412,L405S-041,FAIRVIEW,2025-08-19,0.5586538461538462,1.0045539609381184,0.00455396093811844,1.0990430221462526,0.0990430221462526,-0.09448906120813416
1222412,L405S-041,FAIRVIEW,2025-08-20,0.5633547008547009,1.004427853328317,0.004427853328317077,1.1005249161861972,0.10052491618619719,-0.09609706285788011
1222412,L405S-041,FAIRVIEW,2025-08-21,0.5651709401709402,1.0058697973229471,0.005869797322947123,1.101100033271193,0.1011000332711931,-0.09523023594824598
1222412,L405S-041,FAIRVIEW,2025-08-22,0.5411324786324786,1.0069600044488185,0.006960004448818502,1.093604320992313,0.09360432099231297,-0.08664431654349447
1222412,L405S-041,FAIRVIEW,2025-08-25,0.5783119658119659,1.0062430142514902,0.006243014251490209,1.1053036909033256,0.10530369090332559,-0.09906067665183538
1222412,L405S-041,FAIRVIEW,2025-08-26,0.5815170940170941,1.0017920309685753,0.0017920309685752756,1.1063402787451915,0.10634027874519147,-0.1045482477766162
1222412,L405S-041,FAIRVIEW,2025-08-27,0.5832264957264958,1.0074459038847372,0.007445903884737204,1.10689493411317,0.10689493411316997,-0.09944903022843277
1222412,L405S-041,FAIRVIEW,2025-08-28,0.5711538461538461,1.0019296015220869,0.0019296015220868767,1.1030046395518673,0.10300463955186734,-0.10107503802978046
1222412,L405S-041,FAIRVIEW,2025-08-29,0.5446581196581196,1.0068397663561297,0.006839766356129706,1.094687929362686,0.09468792936268611,-0.0878481630065564
1222412,L405S-041,FAIRVIEW,2025-09-02,0.5930555555555556,1.0031147334397743,0.0031147334397743087,1.110108570769974,0.11010857076997405,-0.10699383733019974
1222412,L405S-041,FAIRVIEW,2025-09-03,0.5901709401709402,1.0051496896736691,0.005149689673669133,1.1091611389041895,0.10916113890418955,-0.10401144923052041
1222412,L405S-041,FAIRVIEW,2025-09-04,0.5653846153846154,1.0029886628172735,0.002988662817273502,1.1011677880892197,0.10116778808921967,-0.09817912527194617
1222412,L405S-041,FAIRVIEW,2025-09-05,0.5485042735042736,1.0058853294059276,0.005885329405927564,1.0958762415216685,0.09587624152166851,-0.08999091211574095
1222412,L405S-041,FAIRVIEW,2025-09-08,0.5769230769230769,1.0265347647172665,0.026534764717266457,1.104855877561575,0.1048558775615751,-0.07832111284430865
1222412,L405S-041,FAIRVIEW,2025-09-09,0.5872863247863248,1.0051517644389834,0.005151764438983353,1.1082172769513812,0.10821727695138117,-0.10306551251239782
1222412,L405S-041,FAIRVIEW,2025-09-10,0.5807692307692308,1.0070840790760351,0.0070840790760351435,1.1060980125082516,0.10609801250825157,-0.09901393343221643
1222412,L405S-041,FAIRVIEW,2025-09-11,0.5861111111111111,1.0016779606781865,0.0016779606781864853,1.1078337649890064,0.10783376498900643,-0.10615580431081995
1222412,L405S-041,FAIRVIEW,2025-09-12,0.5637820512820513,1.006845673211479,0.0068456732114789975,1.1006601092151784,0.10066010921517843,-0.09381443600369943
1222412,L405S-041,FAIRVIEW,2025-09-15,0.575,1.02665042317794,0.026650423177940086,1.1042372017576176,0.10423720175761764,-0.07758677857967755
1222412,L405S-041,FAIRVIEW,2025-09-16,0.583974358974359,1.0052737403147771,0.00527374031477712,1.1071379911580836,0.10713799115808365,-0.10186425084330653
1222412,L405S-041,FAIRVIEW,2025-09-17,0.5950854700854701,1.0067215998728618,0.006721599872861805,1.1107774199314548,0.11077741993145485,-0.10405582005859304
1222412,L405S-041,FAIRVIEW,2025-09-18,0.5878205128205128,1.0044292285785683,0.004429228578568312,1.1083917966853927,0.10839179668539267,-0.10396256810682436
1222412,L405S-041,FAIRVIEW,2025-09-19,0.576602564102564,1.0061134074418367,0.006113407441836749,1.1047526541415031,0.10475265414150314,-0.0986392466996664
1222412,L405S-041,FAIRVIEW,2025-09-22,0.5803418803418804,1.0277819282016027,0.027781928201602746,1.1059596827825457,0.10595968278254575,-0.078177754580943
1222412,L405S-041,FAIRVIEW,2025-09-23,0.5794871794871795,1.0041873575497082,0.004187357549708226,1.1056832593005885,0.10568325930058853,-0.1014959017508803
1222412,L405S-041,FAIRVIEW,2025-09-24,0.5881410256410257,1.005152450568127,0.005152450568127076,1.1084965673447968,0.10849656734479685,-0.10334411677666977
1222412,L405S-041,FAIRVIEW,2025-09-25,0.5846153846153846,1.003230545693302,0.003230545693301945,1.107346517213013,0.10734651721301303,-0.10411597151971108
1222412,L405S-041,FAIRVIEW,2025-09-26,0.5548076923076923,1.006115130257157,0.006115130257156931,1.097837702896539,0.09783770289653893,-0.091722572639382
1222412,L405S-041,FAIRVIEW,2025-09-29,0.5615384615384615,1.0027574347174155,0.002757434717415519,1.0999512293950344,0.09995122939503442,-0.0971937946776189
1222412,L405S-041,FAIRVIEW,2025-09-30,0.5827991452991453,1.002633752166537,0.00263375216653694,1.1067561523933402,0.10675615239334024,-0.1041224002268033
1222412,L405S-041,FAIRVIEW,2025-10-01,0.5851495726495727,1.001676563347307,0.0016765633473070363,1.1075204238850127,0.1075204238850127,-0.10584386053770567
1222412,L405S-041,FAIRVIEW,2025-10-02,0.5693376068376068,1.0050284073891396,0.005028407389139566,1.1024248182980916,0.10242481829809158,-0.09739641090895201
1222412,L405S-041,FAIRVIEW,2025-10-03,0.5482905982905983,1.0043124270117938,0.004312427011793796,1.095810054787966,0.09581005478796589,-0.0914976277761721
1222412,L405S-041,FAIRVIEW,2025-10-06,0.5590811965811966,1.0041949081929775,0.00419490819297752,1.0991773433768905,0.09917734337689055,-0.09498243518391303
1222412,L405S-041,FAIRVIEW,2025-10-08,0.5736111111111111,1.00215071248787,0.00215071248786991,1.1037913728859439,0.10379137288594387,-0.10164066039807396
1222412,L405S-041,FAIRVIEW,2025-10-09,0.5856837606837607,1.0084183024932496,0.008418302493249596,1.1076944532203123,0.10769445322031235,-0.09927615072706275
1222412,L405S-041,FAIRVIEW,2025-10-10,0.552991452991453,1.0031167816959476,0.0031167816959476458,1.097270761090662,0.09727076109066202,-0.09415397939471437
1222412,L405S-041,FAIRVIEW,2025-10-14,0.5436965811965812,1.0040753990369211,0.004075399036921112,1.0943918608430279,0.09439186084302786,-0.09031646180610675
1222412,L405S-041,FAIRVIEW,2025-10-15,0.5722222222222222,1.002873899028513,0.002873899028513094,1.1033463769861758,0.10334637698617577,-0.10047247795766268
1222412,L405S-041,FAIRVIEW,2025-10-16,0.5793803418803419,1.0080484799299434,0.008048479929943397,1.1056487284915002,0.1056487284915002,-0.0976002485615568
1222412,L405S-041,FAIRVIEW,2025-10-17,0.5426282051282051,1.006959656918038,0.006959656918037904,1.0940633698108848,0.09406336981088481,-0.08710371289284691
1222412,L405S-041,FAIRVIEW,2025-10-20,0.5813034188034188,1.006842206724286,0.006842206724285926,1.106271035249807,0.10627103524980708,-0.09942882852552115
1222412,L405S-041,FAIRVIEW,2025-10-21,0.5726495726495726,1.0034730954915634,0.0034730954915633827,1.1034832100549883,0.10348321005498828,-0.1000101145634249
1222412,L405S-041,FAIRVIEW,2025-10-22,0.5666666666666667,1.0051538556159192,0.0051538556159191895,1.1015747323230534,0.10157473232305336,-0.09642087670713417
1222412,L405S-041,FAIRVIEW,2025-10-23,0.5757478632478632,1.004790333898053,0.004790333898053056,1.1044776083149674,0.10447760831496744,-0.09968727441691438
1222728,L405S-108,Bushard,2025-06-02,0.7525641025641026,1.0785467819245165,0.07854678192451647,1.1679453971467884,0.16794539714678836,-0.08939861522227188
1222728,L405S-108,Bushard,2025-06-03,0.7564102564102564,1.0473698683405197,0.047369868340519705,1.1694696548187453,0.16946965481874532,-0.12209978647822561
1222728,L405S-108,Bushard,2025-06-04,0.7473290598290598,1.0282364993125994,0.028236499312599417,1.165880363481231,0.16588036348123092,-0.1376438641686315
1222728,L405S-108,Bushard,2025-06-05,0.725,1.0329260706221703,0.032926070622170345,1.1571977014797974,0.1571977014797974,-0.12427163085762705
1222728,L405S-108,Bushard,2025-06-06,0.6978632478632478,1.0810934844505196,0.08109348445051956,1.1469204846770198,0.1469204846770198,-0.06582700022650023
1222728,L405S-108,Bushard,2025-06-09,0.6816239316239316,1.0803734602029795,0.08037346020297953,1.1409156156828748,0.1409156156828748,-0.06054215547989528
1222728,L405S-108,Bushard,2025-06-10,0.7336538461538461,1.0370094978653994,0.03700949786539942,1.1605386056693672,0.16053860566936717,-0.12352910780396775
1222728,L405S-108,Bushard,2025-06-11,0.742948717948718,1.0374750909840629,0.037475090984062875,1.1641610396283946,0.16416103962839457,-0.1266859486443317
1222728,L405S-108,Bushard,2025-06-12,0.7291666666666666,1.0224020780869787,0.022402078086978694,1.1588024629771205,0.15880246297712053,-0.13640038489014183
1222728,L405S-108,Bushard,2025-06-13,0.7007478632478632,1.0601169773973176,0.060116977397317584,1.1479985462847373,0.1479985462847373,-0.08788156888741971
1222728,L405S-108,Bushard,2025-06-16,0.6704059829059829,1.0732179659103094,0.07321796591030938,1.1368314212952024,0.13683142129520243,-0.06361345538489305
1222728,L405S-108,Bushard,2025-06-17,0.7120726495726496,1.0462670429225107,0.046267042922510715,1.1522641015949657,0.15226410159496573,-0.10599705867245501
1222728,L405S-108,Bushard,2025-06-18,0.7068376068376069,1.101637718671974,0.10163771867197391,1.1502857241589064,0.1502857241589064,-0.04864800548693249
1222728,L405S-108,Bushard,2025-06-20,0.6811965811965812,1.0919101638605946,0.09191016386059458,1.1407590687994738,0.14075906879947375,-0.04884890493887917
1222728,L405S-108,Bushard,2025-06-23,0.6844017094017094,1.023838773721374,0.023838773721374107,1.1419350181528418,0.14193501815284182,-0.11809624443146771
1222728,L405S-108,Bushard,2025-06-24,0.7177350427350427,1.034038236562414,0.03403823656241389,1.1544166613896585,0.15441666138965848,-0.12037842482724459
1222728,L405S-108,Bushard,2025-06-25,0.7014957264957264,1.0232030147622235,0.02320301476222353,1.1482786042686455,0.14827860426864548,-0.12507558950642195
1222728,L405S-108,Bushard,2025-06-26,0.7075854700854701,1.0436667729701494,0.043666772970149426,1.1505676590527947,0.15056765905279468,-0.10690088608264525
1222728,L405S-108,Bushard,2025-06-27,0.6585470085470085,1.0770713342691574,0.07707133426915735,1.1325708750797516,0.13257087507975163,-0.05549954081059427
1222728,L405S-108,Bushard,2025-06-30,0.6807692307692308,1.042430139234123,0.04243013923412309,1.140602597750934,0.14060259775093398,-0.09817245851681089
1222728,L405S-108,Bushard,2025-07-01,0.6976495726495726,1.0291543755863126,0.02915437558631262,1.1468407649184038,0.1468407649184038,-0.11768638933209119
1222728,L405S-108,Bushard,2025-07-02,0.6864316239316239,1.0224212022589498,0.022421202258949835,1.142681990328777,0.14268199032877704,-0.1202607880698272
1222728,L405S-108,Bushard,2025-07-03,0.6824786324786325,1.08166530819128,0.08166530819127993,1.1412289369109647,0.14122893691096472,-0.05956362871968479
1222728,L405S-108,Bushard,2025-07-07,0.6755341880341881,1.0323584608586531,0.032358460858653126,1.1386919860649107,0.13869198606491073,-0.1063335252062576
1222728,L405S-108,Bushard,2025-07-08,0.7201923076923077,1.0325670279725303,0.032567027972530305,1.1553548860028995,0.15535488600289948,-0.12278785803036918
1222728,L405S-108,Bushard,2025-07-09,0.7238247863247863,1.0251163055961745,0.025116305596174504,1.156746361091391,0.15674636109139106,-0.13163005549521656
1222728,L405S-108,Bushard,2025-07-10,0.716025641025641,1.0456525724595416,0.045652572459541574,1.1537654445776013,0.15376544457760133,-0.10811287211805976
1222728,L405S-108,Bushard,2025-07-11,0.6708333333333333,1.1233532347992177,0.12335323479921767,1.1369860500113826,0.13698605001138264,-0.013632815212164973
1222728,L405S-108,Bushard,2025-07-14,0.7070512820512821,1.0521730975752732,0.05217309757527322,1.1503662534882637,0.1503662534882637,-0.09819315591299049
1222728,L405S-108,Bushard,2025-07-15,0.7274572649572649,1.0307671490810937,0.03076714908109368,1.158143240064883,0.158143240064883,-0.12737609098378933
1222728,L405S-108,Bushard,2025-07-16,0.7853632478632478,1.0980137414919142,0.09801374149191422,1.1811359670769275,0.18113596707692747,-0.08312222558501325
1222728,L405S-108,Bushard,2025-07-17,0.7191239316239316,1.055686404932891,0.0556864049328909,1.154946657945192,0.1549466579451919,-0.09926025301230101
1222728,L405S-108,Bushard,2025-07-18,0.6772435897435898,1.1362091340236642,0.1362091340236642,1.1393146065888224,0.13931460658882244,-0.0031054725651582515
1222728,L405S-108,Bushard,2025-07-21,0.6932692307692307,1.0604735310683109,0.06047353106831088,1.1452106671430842,0.14521066714308417,-0.08473713607477329
1222728,L405S-108,Bushard,2025-07-22,0.8269230769230769,1.0906887649894437,0.09068876498944367,1.198470427888385,0.1984704278883851,-0.10778166289894142
1222728,L405S-108,Bushard,2025-07-23,0.7282051282051282,1.0322838895546376,0.03228388955463757,1.1584315030432566,0.1584315030432566,-0.12614761348861903
1222728,L405S-108,Bushard,2025-07-24,0.7164529914529915,1.0329925536846,0.03299255368460008,1.153928136337724,0.15392813633772406,-0.12093558265312399
1222728,L405S-108,Bushard,2025-07-25,0.6696581196581196,1.111566104833147,0.1115661048331471,1.1365610041906598,0.13656100419065975,-0.024994899357512645
1222728,L405S-108,Bushard,2025-07-28,0.6776709401709402,1.0321155087153668,0.032115508715366836,1.1394704515855878,0.1394704515855878,-0.10735494287022096
1222728,L405S-108,Bushard,2025-07-29,0.7329059829059829,1.0519390879986683,0.05193908799866831,1.1602486773566716,0.1602486773566716,-0.10830958935800328
1222728,L405S-108,Bushard,2025-07-30,0.7150641025641026,1.0199213100519675,0.01992131005196751,1.1533996622744316,0.15339966227443158,-0.13347835222246407
1222728,L405S-108,Bushard,2025-07-31,0.724465811965812,1.0451322019529796,0.04513220195297962,1.1569924766515636,0.15699247665156357,-0.11186027469858395
1222728,L405S-108,Bushard,2025-08-01,0.6926282051282051,1.0937183780982571,0.09371837809825712,1.144972781604699,0.14497278160469906,-0.05125440350644195
1222728,L405S-108,Bushard,2025-08-04,0.6621794871794872,1.0194542955818675,0.01945429558186751,1.1338696661658803,0.13386966616588025,-0.11441537058401274
1222728,L405S-108,Bushard,2025-08-05,0.7396367521367522,1.0404527089817015,0.0404527089817015,1.16286624851271,0.16286624851270992,-0.12241353953100842
1222728,L405S-108,Bushard,2025-08-06,0.736431623931624,1.0353487154961616,0.03534871549616159,1.1616174811118947,0.16161748111189467,-0.12626876561573308
1222728,L405S-108,Bushard,2025-08-08,0.6833333333333333,1.0734367629811798,0.07343676298117985,1.1415425613486954,0.14154256134869536,-0.06810579836751551
1222728,L405S-108,Bushard,2025-08-11,0.6847222222222222,1.0264733707220273,0.026473370722027267,1.1420528475267717,0.14205284752677172,-0.11557947680474445
1222728,L405S-108,Bushard,2025-08-12,0.7443376068376069,1.0369606508565656,0.036960650856565636,1.1647053458427818,0.16470534584278185,-0.1277446949862162
1222728,L405S-108,Bushard,2025-08-13,0.7254273504273504,1.0525995100853918,0.052599510085391765,1.1573619654557457,0.15736196545574566,-0.10476245537035389
1222728,L405S-108,Bushard,2025-08-14,0.7243589743589743,1.0277175507023637,0.027717550702363702,1.1569514457063783,0.1569514457063783,-0.1292338950040146
1222728,L405S-108,Bushard,2025-08-15,0.6775641025641026,1.0704872762987874,0.07048727629878737,1.1394314832180492,0.1394314832180492,-0.06894420691926184
1222728,L405S-108,Bushard,2025-08-18,0.7025641025641025,1.0371742501217909,0.037174250121790875,1.1486790872776227,0.1486790872776227,-0.11150483715583182
1222728,L405S-108,Bushard,2025-08-19,0.7488247863247863,1.0459812461671092,0.04598124616710919,1.166469236890145,0.16646923689014503,-0.12048799072303584
1222728,L405S-108,Bushard,2025-08-20,0.736965811965812,1.0395178377584149,0.03951783775841489,1.1618253181052793,0.16182531810527934,-0.12230748034686445
1222728,L405S-108,Bushard,2025-08-21,0.7408119658119658,1.0280880866578717,0.028088086657871658,1.1633251790698533,0.16332517906985333,-0.13523709241198167
1222728,L405S-108,Bushard,2025-08-22,0.6982905982905983,1.091720607122219,0.09172060712221897,1.1470799807569731,0.14707998075697315,-0.05535937363475418
1222728,L405S-108,Bushard,2025-08-25,0.756517094017094,1.035328347490818,0.035328347490817924,1.169512080960041,0.169512080960041,-0.13418373346922308
1222728,L405S-108,Bushard,2025-08-26,0.7678418803418804,1.0332125136010863,0.033212513601086346,1.1740354671597744,0.17403546715977436,-0.140822953558688
1222728,L405S-108,Bushard,2025-08-27,0.7700854700854701,1.0216376794780928,0.02163767947809281,1.1749377656728108,0.17493776567281083,-0.15330008619471802
1222728,L405S-108,Bushard,2025-08-28,0.7612179487179487,1.0467472903412691,0.04674729034126912,1.1713834106554633,0.17138341065546325,-0.12463612031419413
1222728,L405S-108,Bushard,2025-08-29,0.694551282051282,1.0564764894008771,0.05647648940087713,1.1456869480264182,0.14568694802641824,-0.08921045862554111
1222728,L405S-108,Bushard,2025-09-02,0.7916666666666666,1.0359990125564862,0.03599901255648619,1.1837206343674564,0.18372063436745645,-0.14772162181097026
1222728,L405S-108,Bushard,2025-09-03,0.7551282051282051,1.0304611684533072,0.030461168453307153,1.1689609021507938,0.16896090215079385,-0.1384997336974867
1222728,L405S-108,Bushard,2025-09-04,0.7508547008547009,1.0469438624776743,0.04694386247767435,1.167269876367079,0.16726987636707902,-0.12032601388940467
1222728,L405S-108,Bushard,2025-09-05,0.697542735042735,1.0608466317896026,0.06084663178960259,1.1468009121100111,0.14680091211001112,-0.08595428032040853
1222728,L405S-108,Bushard,2025-09-08,0.7519230769230769,1.062374568901618,0.062374568901617966,1.1676919378198272,0.16769193781982716,-0.1053173689182092
1222728,L405S-108,Bushard,2025-09-09,0.7668803418803419,1.0263993762426322,0.026399376242632222,1.1736493903702439,0.17364939037024385,-0.14725001412761163
1222728,L405S-108,Bushard,2025-09-10,0.7611111111111111,1.0443396244294554,0.04433962442945538,1.1713407810285343,0.17134078102853434,-0.12700115659907896
1222728,L405S-108,Bushard,2025-09-11,0.7584401709401709,1.0795227815037276,0.0795227815037276,1.170276542724087,0.1702765427240871,-0.0907537612203595
1222728,L405S-108,Bushard,2025-09-12,0.6885683760683761,1.0411752509354697,0.0411752509354697,1.143470122064437,0.143470122064437,-0.10229487112896729
1222728,L405S-108,Bushard,2025-09-15,0.7469017094017094,1.0815176319447215,0.0815176319447215,1.1657122809849116,0.16571228098491164,-0.08419464904019014
1222728,L405S-108,Bushard,2025-09-16,0.7658119658119659,1.0387307811845596,0.03873078118455964,1.1732208544518223,0.17322085445182234,-0.1344900732672627
1222728,L405S-108,Bushard,2025-09-17,0.7730769230769231,1.030162892177631,0.030162892177630907,1.1761439920185377,0.1761439920185377,-0.1459810998409068
1222728,L405S-108,Bushard,2025-09-18,0.7716880341880342,1.0343074918909865,0.034307491890986475,1.17558350916664,0.17558350916664,-0.14127601727565353
1222728,L405S-108,Bushard,2025-09-19,0.7177350427350427,1.0587292112353326,0.05872921123533259,1.1544166613896585,0.15441666138965848,-0.09568745015432589
1222728,L405S-108,Bushard,2025-09-22,0.7438034188034188,1.0880333269229068,0.08803332692290677,1.16449590438067,0.16449590438066997,-0.07646257745776319
1222728,L405S-108,Bushard,2025-09-23,0.7864316239316239,1.0300825291011095,0.030082529101109534,1.1815729228683807,0.18157292286838067,-0.15149039376727114
1222728,L405S-108,Bushard,2025-09-24,0.7614316239316239,1.0396634818039814,0.03966348180398138,1.171468683773202,0.171468683773202,-0.13180520196922063
1222728,L405S-108,Bushard,2025-09-25,0.7690170940170941,1.0470056606879592,0.047005660687959194,1.1745078461268026,0.1745078461268026,-0.1275021854388434
1222728,L405S-108,Bushard,2025-09-26,0.6965811965811965,1.0501272037368712,0.050127203736871184,1.1464424489915264,0.14644244899152636,-0.09631524525465518
1222728,L405S-108,Bushard,2025-09-29,0.7450854700854701,1.0400479402345295,0.04004794023452951,1.1649987589752664,0.1649987589752664,-0.12495081874073688
1222728,L405S-108,Bushard,2025-09-30,0.8079059829059829,1.06570761089794,0.06570761089793997,1.1904528179682738,0.19045281796827385,-0.12474520707033387
1222728,L405S-108,Bushard,2025-10-01,0.7628205128205128,1.0249102243530728,0.024910224353072774,1.1720234095379038,0.17202340953790385,-0.14711318518483107
1222728,L405S-108,Bushard,2025-10-02,0.7444444444444445,1.0352136227074566,0.03521362270745665,1.1647472480707952,0.16474724807079522,-0.12953362536333857
1222728,L405S-108,Bushard,2025-10-03,0.6822649572649573,1.0557206522954925,0.0557206522954925,1.1411505781746614,0.14115057817466137,-0.08542992587916887
1222728,L405S-108,Bushard,2025-10-06,0.7479700854700855,1.0554631164015056,0.055463116401505586,1.1661326264453542,0.1661326264453542,-0.11066951004384862
1222728,L405S-108,Bushard,2025-10-08,0.7572649572649572,1.049219550586526,0.04921955058652605,1.1698091935209785,0.16980919352097845,-0.1205896429344524
1222728,L405S-108,Bushard,2025-10-09,0.7668803418803419,1.0481976338722228,0.048197633872222756,1.1736493903702439,0.17364939037024385,-0.1254517564980211
1222728,L405S-108,Bushard,2025-10-10,0.6829059829059829,1.0598543685957,0.059854368595700036,1.1413857112340264,0.14138571123402643,-0.0815313426383264
1222728,L405S-108,Bushard,2025-10-14,0.6955128205128205,1.08122930812124,0.08122930812124007,1.1460446046289894,0.14604460462898938,-0.06481529650774931
1222728,L405S-108,Bushard,2025-10-15,0.7545940170940171,1.0381119494249549,0.03811194942495488,1.1687491186242256,0.1687491186242256,-0.1306371691992707
1222728,L405S-108,Bushard,2025-10-16,0.7577991452991453,1.0538238410521847,0.05382384105218474,1.1700215555864675,0.17002155558646748,-0.11619771453428274
1222728,L405S-108,Bushard,2025-10-17,0.6830128205128205,1.0472496395159363,0.047249639515936304,1.1414249166576522,0.14142491665765222,-0.09417527714171592
1222728,L405S-108,Bushard,2025-10-20,0.7556623931623931,1.0654412637565716,0.06544126375657155,1.1691728014223766,0.16917280142237656,-0.10373153766580501
1222728,L405S-108,Bushard,2025-10-21,0.746474358974359,1.0417926029426907,0.041792602942690715,1.165544272750349,0.1655442727503491,-0.1237516698076584
1222728,L405S-108,Bushard,2025-10-22,0.7522435897435897,1.032455942876685,0.03245594287668507,1.1678186466310454,0.1678186466310454,-0.13536270375436033
1222728,L405S-108,Bushard,2025-10-23,0.7496794871794872,1.0309152479746333,0.030915247974633298,1.166806144208138,0.1668061442081381,-0.1358908962335048
1222749,L405S-132,Heil,2025-06-02,0.8876068376068376,1.3509180057525114,0.3509180057525114,1.2250119452275303,0.22501194522753032,0.1259060605249811
1222749,L405S-132,Heil,2025-06-03,0.8729700854700855,1.6585602472689125,0.6585602472689125,1.2184775887444201,0.21847758874442014,0.44008265852449235
1222749,L405S-132,Heil,2025-06-04,0.8706196581196581,1.3946825626937702,0.3946825626937702,1.217436102276186,0.21743610227618593,0.1772464604175843
1222749,L405S-132,Heil,2025-06-05,0.8415598290598291,1.5374423871494225,0.5374423871494225,1.2047391805458552,0.20473918054585516,0.33270320660356734
1222749,L405S-132,Heil,2025-06-06,0.924465811965812,1.1373872130323786,0.13738721303237855,1.2418374203392863,0.24183742033928635,-0.1044502073069078
1222749,L405S-132,Heil,2025-06-09,0.8563034188034188,1.6275876096580555,0.6275876096580555,1.2111394000480742,0.2111394000480742,0.4164482096099813
1222749,L405S-132,Heil,2025-06-10,0.8736111111111111,1.55304483823841,0.5530448382384101,1.2187620068390421,0.21876200683904212,0.334282831399368
1222749,L405S-132,Heil,2025-06-11,0.8821581196581196,1.4933840364434618,0.49338403644346185,1.2225696443185836,0.22256964431858361,0.27081439212487823
1222749,L405S-132,Heil,2025-06-12,0.8900641025641025,1.5308059919432215,0.5308059919432215,1.2261171736411174,0.22611717364111739,0.30468881830210415
1222749,L405S-132,Heil,2025-06-13,0.882051282051282,1.1544458039347032,0.1544458039347032,1.2225218722008688,0.22252187220086883,-0.06807606826616563
1222749,L405S-132,Heil,2025-06-16,0.9460470085470084,1.388666041666201,0.3886660416662009,1.251933439962232,0.25193343996223194,0.13673260170396895
1222749,L405S-132,Heil,2025-06-17,0.8837606837606837,1.389884274601059,0.3898842746010589,1.223286762270837,0.223286762270837,0.1665975123302219
1222749,L405S-132,Heil,2025-06-18,0.8800213675213675,1.562936297516865,0.562936297516865,1.2216150511994615,0.22161505119946145,0.34132124631740357
1222749,L405S-132,Heil,2025-06-20,0.8530982905982906,1.376665604079958,0.3766656040799581,1.209740747687438,0.209740747687438,0.16692485639252008
1222749,L405S-132,Heil,2025-06-23,0.930448717948718,1.3759401245971865,0.3759401245971865,1.2446182827953376,0.2446182827953376,0.13132184180184892
1222749,L405S-132,Heil,2025-06-24,0.8985042735042735,1.604136056959391,0.604136056959391,1.2299313520856672,0.22993135208566717,0.3742047048737238
1222749,L405S-132,Heil,2025-06-25,0.9102564102564102,1.5112431361803471,0.5112431361803471,1.235288480054808,0.23528848005480807,0.27595465612553904
1222749,L405S-132,Heil,2025-06-26,0.907051282051282,1.5139209579354116,0.5139209579354116,1.2338221140727084,0.23382211407270836,0.28009884386270323
1222749,L405S-132,Heil,2025-06-27,0.9106837606837608,1.191522486854706,0.19152248685470608,1.2354842973058562,0.23548429730585618,-0.04396181045115011
1222749,L405S-132,Heil,2025-06-30,0.8763888888888889,1.5274556539095947,0.5274556539095947,1.2199963480474356,0.21999634804743562,0.3074593058621591
1222749,L405S-132,Heil,2025-07-01,0.8922008547008548,1.4738509362958727,0.4738509362958727,1.227080159562803,0.22708015956280292,0.2467707767330698
1222749,L405S-132,Heil,2025-07-02,0.9113247863247864,1.3767392569750423,0.3767392569750423,1.2357781562762016,0.23577815627620158,0.1409611006988407
1222749,L405S-132,Heil,2025-07-03,0.9182692307692308,1.1174606265558746,0.11746062655587464,1.238971858767265,0.2389718587672649,-0.12151123221139026
1222749,L405S-132,Heil,2025-07-07,0.9208333333333332,1.3734342149733771,0.37343421497337714,1.2401558029954214,0.24015580299542139,0.13327841197795576
1222749,L405S-132,Heil,2025-07-08,0.8594017094017095,1.6207770911952633,0.6207770911952633,1.2124952797317987,0.21249527973179871,0.40828181146346454
1222749,L405S-132,Heil,2025-07-09,0.8768162393162393,1.4436872874570426,0.44368728745704256,1.2201865152781168,0.22018651527811683,0.22350077217892572
1222749,L405S-132,Heil,2025-07-10,0.875,1.5888229237968854,0.5888229237968854,1.2193787991289655,0.21937879912896552,0.36944412466791987
1222749,L405S-132,Heil,2025-07-11,0.9201923076923076,1.136908211227411,0.13690821122741093,1.239859577905847,0.239859577905847,-0.10295136667843607
1222749,L405S-132,Heil,2025-07-14,0.8550213675213675,1.4929707826024257,0.49297078260242566,1.2105794530011547,0.21057945300115466,0.282391329601271
1222749,L405S-132,Heil,2025-07-15,0.8922008547008548,1.5322725535777226,0.5322725535777226,1.227080159562803,0.22708015956280292,0.3051923940149197
1222749,L405S-132,Heil,2025-07-16,0.8857905982905983,1.5799811372371242,0.5799811372371242,1.224196554448997,0.224196554448997,0.3557845827881272
1222749,L405S-132,Heil,2025-07-17,0.8788461538461538,1.4758157128193938,0.47581571281939383,1.2210907872712387,0.22109078727123865,0.2547249255481552
1222749,L405S-132,Heil,2025-07-18,0.9217948717948716,1.356324492376496,0.3563244923764961,1.240600439333602,0.2406004393336021,0.11572405304289402
1222749,L405S-132,Heil,2025-07-21,0.8626068376068377,1.5029601139995297,0.5029601139995297,1.2139018923347216,0.21390189233472157,0.2890582216648081
1222749,L405S-132,Heil,2025-07-22,0.8778846153846154,1.545754830520573,0.545754830520573,1.2206622465859742,0.22066224658597422,0.32509258393459883
1222749,L405S-132,Heil,2025-07-23,0.9041666666666668,1.4703499551152237,0.4703499551152237,1.232505801621618,0.23250580162161794,0.23784415349360577
1222749,L405S-132,Heil,2025-07-24,0.8753205128205128,1.435959380318368,0.4359593803183679,1.2195212432714175,0.21952124327141753,0.21643813704695036
1222749,L405S-132,Heil,2025-07-25,0.8847222222222222,1.4537485479008634,0.4537485479008634,1.2237175154993418,0.22371751549934182,0.23003103240152156
1222749,L405S-132,Heil,2025-07-28,0.8951923076923077,1.5243995818142233,0.5243995818142233,1.2284313349381986,0.22843133493819856,0.29596824687602474
1222749,L405S-132,Heil,2025-07-29,0.882051282051282,1.5890725305155942,0.5890725305155942,1.2225218722008688,0.22252187220086883,0.36655065831472533
1222749,L405S-132,Heil,2025-07-30,0.8862179487179487,1.459259201776296,0.459259201776296,1.2243882950450136,0.22438829504501356,0.23487090673128241
1222749,L405S-132,Heil,2025-07-31,0.8773504273504273,1.5732529642391666,0.5732529642391666,1.2204243250025637,0.2204243250025637,0.3528286392366029
1222749,L405S-132,Heil,2025-08-01,0.9115384615384616,1.1868430099965512,0.18684300999655123,1.2358761447541995,0.2358761447541995,-0.049033134757648256
1222749,L405S-132,Heil,2025-08-04,0.917094017094017,1.4124964888032605,0.4124964888032605,1.2384300699874173,0.23843006998741734,0.17406641881584317
1222749,L405S-132,Heil,2025-08-05,0.9045940170940172,1.4722826554654307,0.4722826554654307,1.2327006065157105,0.23270060651571045,0.23958204894972024
1222749,L405S-132,Heil,2025-08-06,0.9157051282051282,1.46285556563417,0.46285556563416996,1.2377904651646423,0.2377904651646423,0.22506510046952766
1222749,L405S-132,Heil,2025-08-07,0.8663461538461539,1.3486255297121204,0.34862552971212035,1.2155480493895658,0.21554804938956584,0.1330774803225545
1222749,L405S-132,Heil,2025-08-08,0.9117521367521368,1.2704379298569233,0.2704379298569233,1.2359741509745603,0.23597415097456031,0.03446377888236296
1222749,L405S-132,Heil,2025-08-11,0.8973290598290599,1.4121358671114237,0.4121358671114237,1.22939859823355,0.22939859823355002,0.18273726887787367
1222749,L405S-132,Heil,2025-08-12,0.8900641025641025,1.5937191094087368,0.5937191094087368,1.2261171736411174,0.22611717364111739,0.36760193576761946
1222749,L405S-132,Heil,2025-08-13,0.9014957264957264,1.4675110673482803,0.4675110673482803,1.2312898822137048,0.23128988221370483,0.23622118513457546
1222749,L405S-132,Heil,2025-08-14,0.8741452991452991,1.5150304164165085,0.5150304164165085,1.218999145083592,0.21899914508359197,0.2960312713329165
1222749,L405S-132,Heil,2025-08-15,0.9173076923076924,1.3555738912557516,0.35557389125575156,1.2385285371777413,0.23852853717774125,0.11704535407801031
1222749,L405S-132,Heil,2025-08-18,0.8280982905982905,1.691250618112354,0.6912506181123541,1.1989706201325656,0.1989706201325656,0.4922799979797885
1222749,L405S-132,Heil,2025-08-19,0.8793803418803419,1.551326410791205,0.551326410791205,1.2213290219773338,0.22132902197733384,0.3299973888138712
1222749,L405S-132,Heil,2025-08-20,0.8592948717948717,1.4981929266054823,0.4981929266054823,1.2124484623056513,0.2124484623056513,0.285744464299831
1222749,L405S-132,Heil,2025-08-21,0.8587606837606837,1.4759865006990802,0.4759865006990802,1.212214442611294,0.21221444261129396,0.26377205808778625
1222749,L405S-132,Heil,2025-08-22,0.8706196581196581,1.5147298465426726,0.5147298465426726,1.217436102276186,0.21743610227618593,0.2972937442664867
1222749,L405S-132,Heil,2025-08-25,0.8986111111111111,1.4655161471969238,0.4655161471969238,1.229979810957394,0.22997981095739406,0.23553633623952974
1222749,L405S-132,Heil,2025-08-26,0.8945512820512821,1.370711954169073,0.3707119541690731,1.2281415033097647,0.22814150330976468,0.14257045085930842
1222749,L405S-132,Heil,2025-08-27,0.8932692307692308,1.4787043295271507,0.4787043295271507,1.2275623211786935,0.22756232117869346,0.25114200834845724
1222749,L405S-132,Heil,2025-08-28,0.8177350427350427,1.996630729464457,0.996630729464457,1.1945787636710516,0.19457876367105165,0.8020519657934053
1222749,L405S-132,Heil,2025-08-29,0.8825854700854701,1.3129012595343903,0.3129012595343903,1.222760777476168,0.22276077747616796,0.09014048205822234
1222749,L405S-132,Heil,2025-09-02,0.8657051282051282,1.5728098211331307,0.5728098211331307,1.2152654604980393,0.2152654604980393,0.35754436063509143
1222749,L405S-132,Heil,2025-09-03,0.8691239316239316,1.5996103328456115,0.5996103328456115,1.2167744675928578,0.2167744675928578,0.3828358652527537
1222749,L405S-132,Heil,2025-09-04,0.8579059829059829,1.55897931287657,0.5589793128765701,1.2118402449106689,0.21184024491066888,0.3471390679659012
1222749,L405S-132,Heil,2025-09-05,0.9018162393162392,1.5174943835724777,0.5174943835724777,1.2314356458354618,0.23143564583546183,0.28605873773701584
1222749,L405S-132,Heil,2025-09-08,0.8729700854700855,1.5941317215806723,0.5941317215806723,1.2184775887444201,0.21847758874442014,0.37565413283625215
1222749,L405S-132,Heil,2025-09-09,0.8290598290598291,1.9142547631847933,0.9142547631847933,1.199380276363811,0.19938027636381106,0.7148744868209822
1222749,L405S-132,Heil,2025-09-10,0.8870726495726495,1.4563630675073846,0.45636306750738465,1.224771990507314,0.224771990507314,0.23159107700007064
1222749,L405S-132,Heil,2025-09-11,0.8658119658119658,1.4051320635201228,0.40513206352012276,1.2153125474273891,0.21531254742738914,0.18981951609273362
1222749,L405S-132,Heil,2025-09-12,0.8932692307692308,1.6279264255982244,0.6279264255982244,1.2275623211786935,0.22756232117869346,0.40036410441953096
1222749,L405S-132,Heil,2025-09-15,0.8961538461538462,1.4972477554381018,0.49724775543810185,1.2288663830109214,0.22886638301092144,0.2683813724271804
1222749,L405S-132,Heil,2025-09-16,0.8686965811965812,1.4572701995096713,0.4572701995096713,1.2165855905195766,0.2165855905195766,0.2406846089900947
1222749,L405S-132,Heil,2025-09-17,0.8660256410256411,1.628318961719678,0.628318961719678,1.2154067347495523,0.2154067347495523,0.41291222697012575
1222749,L405S-132,Heil,2025-09-18,0.8783119658119658,1.5354802513561328,0.5354802513561328,1.2208526643807414,0.22085266438074136,0.3146275869753914
1222749,L405S-132,Heil,2025-09-19,0.8763888888888889,1.4903118945445726,0.4903118945445726,1.2199963480474356,0.21999634804743562,0.27031554649713696
1222749,L405S-132,Heil,2025-09-22,0.8947649572649573,1.4950400230080485,0.4950400230080485,1.228238096035363,0.22823809603536294,0.26680192697268557
1222749,L405S-132,Heil,2025-09-23,0.8538461538461538,1.4776201594602532,0.47762015946025316,1.210066737540584,0.21006673754058403,0.26755342191966913
1222749,L405S-132,Heil,2025-09-24,0.8488247863247863,1.4836233456256085,0.4836233456256085,1.2078821826777353,0.20788218267773528,0.2757411629478732
1222749,L405S-132,Heil,2025-09-25,0.7507478632478632,2.658870080478488,1.6588700804784882,1.1672276957161503,0.16722769571615026,1.491642384762338
1222749,L405S-132,Heil,2025-09-26,0.879059829059829,1.4719460512729918,0.47194605127299183,1.2211860677366715,0.2211860677366715,0.25075998353632034
1222749,L405S-132,Heil,2025-09-29,0.8585470085470085,1.5526014430038544,0.5526014430038544,1.2121208662062377,0.2121208662062377,0.3404805767976167
1222749,L405S-132,Heil,2025-09-30,0.885042735042735,1.480365121262741,0.4803651212627409,1.223861180298459,0.22386118029845892,0.256503940964282
1222749,L405S-132,Heil,2025-10-01,0.8723290598290598,1.6303191995368724,0.6303191995368724,1.2181933319103422,0.21819333191034218,0.41212586762653025
1222749,L405S-132,Heil,2025-10-02,0.844017094017094,1.5732952821930524,0.5732952821930524,1.205799919301159,0.20579991930115904,0.36749536289189333
1222749,L405S-132,Heil,2025-10-03,0.8456196581196581,1.5865513741034791,0.5865513741034791,1.2064929920308394,0.20649299203083937,0.38005838207263976
1222749,L405S-132,Heil,2025-10-06,0.8792735042735043,1.5107092573903351,0.5107092573903351,1.2212813660916095,0.22128136609160953,0.2894278912987256
1222749,L405S-132,Heil,2025-10-08,0.8563034188034188,1.588889924898066,0.5888899248980659,1.2111394000480742,0.2111394000480742,0.3777505248499917
1222749,L405S-132,Heil,2025-10-09,0.8762820512820513,1.5052693651351734,0.5052693651351734,1.2199488174281437,0.21994881742814365,0.28532054770702975
1222749,L405S-132,Heil,2025-10-10,0.8878205128205128,1.3977027620922498,0.39770276209224975,1.2251079583542257,0.2251079583542257,0.17259480373802405
1222749,L405S-132,Heil,2025-10-14,0.8047008547008547,1.625174606310104,0.625174606310104,1.1891157389543219,0.18911573895432188,0.43605886735578214
1222749,L405S-132,Heil,2025-10-15,0.8591880341880341,1.600550679181803,0.6005506791818029,1.2124016493750929,0.21240164937509287,0.38814902980671007
1222749,L405S-132,Heil,2025-10-16,0.872008547008547,1.5088891982772694,0.5088891982772694,1.2180512639744339,0.21805126397443386,0.29083793430283555
1222749,L405S-132,Heil,2025-10-17,0.8616452991452992,1.519272377161983,0.5192723771619829,1.2134794839367904,0.2134794839367904,0.30579289322519254
1222749,L405S-132,Heil,2025-10-20,0.849465811965812,1.640981561572416,0.6409815615724159,1.208160507799331,0.20816050779933093,0.432821053773085
1222749,L405S-132,Heil,2025-10-21,0.8588675213675213,1.6460583229968389,0.6460583229968389,1.212261237558224,0.21226123755822401,0.43379708543861484
1222749,L405S-132,Heil,2025-10-22,0.8471153846153846,1.719239137576136,0.719239137576136,1.2071407758641701,0.20714077586417012,0.5120983617119659
1222749,L405S-132,Heil,2025-10-23,0.8613247863247864,1.4373544896005015,0.4373544896005015,1.213338762003215,0.213338762003215,0.2240157275972865
1222909,L405S-024,Springdale & GGrove,2025-06-02,0.8982905982905983,1.1846579528864083,0.1846579528864083,1.229834447692805,0.22983444769280492,-0.04517649480639663
1222909,L405S-024,Springdale & GGrove,2025-06-03,0.8915598290598291,1.534576056986648,0.534576056986648,1.2267910765356513,0.22679107653565134,0.30778498045099667
1222909,L405S-024,Springdale & GGrove,2025-06-04,0.9002136752136752,1.4637513931311057,0.4637513931311057,1.230707227970288,0.23070722797028798,0.23304416516081772
1222909,L405S-024,Springdale & GGrove,2025-06-05,0.875534188034188,1.6140202761485811,0.6140202761485811,1.2196162284168521,0.21961622841685213,0.394404047731729
1222909,L405S-024,Springdale & GGrove,2025-06-06,0.8551282051282051,1.0519010936014264,0.05190109360142636,1.2106260905042967,0.2106260905042967,-0.15872499690287034
1222909,L405S-024,Springdale & GGrove,2025-06-09,0.8667735042735043,1.395019630347709,0.3950196303477089,1.2157365317302609,0.21573653173026086,0.17928309861744807
1222909,L405S-024,Springdale & GGrove,2025-06-10,0.8697649572649573,1.0959557922905967,0.0959557922905967,1.217057917719203,0.2170579177192029,-0.12110212542860621
1222909,L405S-024,Springdale & GGrove,2025-06-11,0.8981837606837607,1.2107715453066334,0.21077154530663345,1.2297860021719107,0.2297860021719107,-0.01901445686527725
1222909,L405S-024,Springdale & GGrove,2025-06-12,0.885576923076923,1.2224829117215876,0.22248291172158763,1.224100710938203,0.22410071093820294,-0.0016177992166153121
1222909,L405S-024,Springdale & GGrove,2025-06-13,0.8340811965811966,1.0592171124774206,0.059217112477420564,1.2015255546597854,0.2015255546597854,-0.14230844218236482
1222909,L405S-024,Springdale & GGrove,2025-06-16,0.8957264957264958,1.1027235226761214,0.10272352267612139,1.2286729837785806,0.22867298377858059,-0.1259494611024592
1222909,L405S-024,Springdale & GGrove,2025-06-17,0.885042735042735,1.1990081830780344,0.19900818307803436,1.223861180298459,0.22386118029845892,-0.024852997220424555
1222909,L405S-024,Springdale & GGrove,2025-06-18,0.8548076923076923,1.0478004575270752,0.04780045752707518,1.2104861914970813,0.21048619149708125,-0.16268573397000607
1222909,L405S-024,Springdale & GGrove,2025-06-20,0.8106837606837607,1.0391427882190498,0.03914278821904982,1.1916149389706425,0.19161493897064252,-0.1524721507515927
1222909,L405S-024,Springdale & GGrove,2025-06-23,0.8844017094017094,1.0311445670628407,0.031144567062840744,1.2235738908928222,0.2235738908928222,-0.19242932382998146
1222909,L405S-024,Springdale & GGrove,2025-06-24,0.90491452991453,1.372422683654553,0.372422683654553,1.2328467568415524,0.23284675684155243,0.13957592681300057
1222909,L405S-024,Springdale & GGrove,2025-06-25,0.9125,1.1510758655372506,0.1510758655372506,1.2363173124532676,0.2363173124532676,-0.08524144691601698
1222909,L405S-024,Springdale & GGrove,2025-06-26,0.8981837606837607,1.109120115745044,0.1091201157450441,1.2297860021719107,0.2297860021719107,-0.1206658864268666
1222909,L405S-024,Springdale & GGrove,2025-06-27,0.8455128205128205,1.0627787587637896,0.06277875876378958,1.2064467555930898,0.20644675559308978,-0.1436679968293002
1222909,L405S-024,Springdale & GGrove,2025-06-30,0.8719017094017094,1.053328563172231,0.05332856317223089,1.218003916956798,0.218003916956798,-0.1646753537845671
1222909,L405S-024,Springdale & GGrove,2025-07-01,0.9037393162393162,1.368598401704218,0.3685984017042181,1.2323110678282847,0.2323110678282847,0.1362873338759334
1222909,L405S-024,Springdale & GGrove,2025-07-02,0.910897435897436,1.0565517313375934,0.05655173133759339,1.2355822325510826,0.23558223255108257,-0.17903050121348918
1222909,L405S-024,Springdale & GGrove,2025-07-03,0.8385683760683761,1.0400528056807394,0.040052805680739434,1.2034510716906428,0.2034510716906428,-0.16339826600990337
1222909,L405S-024,Springdale & GGrove,2025-07-07,0.8664529914529915,1.0891339670729945,0.08913396707299448,1.2155951632442048,0.2155951632442048,-0.12646119617121032
1222909,L405S-024,Springdale & GGrove,2025-07-08,0.8389957264957265,1.040070998316546,0.040070998316545925,1.2036348703174513,0.2036348703174513,-0.16356387200090539
1222909,L405S-024,Springdale & GGrove,2025-07-09,0.8883547008547008,1.517782767281472,0.5177827672814721,1.2253480692589274,0.22534806925892736,0.29243469802254474
1222909,L405S-024,Springdale & GGrove,2025-07-10,0.895405982905983,1.2276855038556442,0.22768550385564423,1.2285279811134988,0.2285279811134988,-0.0008424772578545792
1222909,L405S-024,Springdale & GGrove,2025-07-11,0.8598290598290599,1.1157639190949826,0.11576391909498263,1.2126825943897335,0.21268259438973347,-0.09691867529475084
1222909,L405S-024,Springdale & GGrove,2025-07-14,0.8824786324786325,1.2256532152460533,0.2256532152460533,1.2227129874840093,0.22271298748400925,0.0029402277620440564
1222909,L405S-024,Springdale & GGrove,2025-07-15,0.8998931623931624,1.2667196204385325,0.2667196204385325,1.2305616644865465,0.23056166448654647,0.03615795595198601
1222909,L405S-024,Springdale & GGrove,2025-07-16,0.8907051282051283,1.445921419243677,0.4459214192436769,1.2264058821533488,0.22640588215334878,0.21951553709032812
1222909,L405S-024,Springdale & GGrove,2025-07-17,0.8983974358974359,1.1400013108783609,0.14000131087836087,1.2298828976640972,0.2298828976640972,-0.08988158678573632
1222909,L405S-024,Springdale & GGrove,2025-07-18,0.864957264957265,1.0914740321500649,0.09147403215006489,1.214935977663355,0.21493597766335504,-0.12346194551329015
1222909,L405S-024,Springdale & GGrove,2025-07-21,0.8701923076923077,1.068503117464583,0.06850311746458293,1.2172469741360097,0.21724697413600969,-0.14874385667142676
1222909,L405S-024,Springdale & GGrove,2025-07-22,0.8876068376068376,1.3344165296788826,0.3344165296788826,1.2250119452275303,0.22501194522753032,0.10940458445135226
1222909,L405S-024,Springdale & GGrove,2025-07-23,0.9076923076923076,1.4949226041590962,0.49492260415909617,1.2341150676503871,0.23411506765038714,0.260807536508709
1222909,L405S-024,Springdale & GGrove,2025-07-24,0.8860042735042735,1.3809154673846469,0.3809154673846469,1.2242924158182609,0.22429241581826087,0.156623051566386
1222909,L405S-024,Springdale & GGrove,2025-07-25,0.8683760683760684,1.1148677301688608,0.11486773016886076,1.2164439798010742,0.21644397980107422,-0.10157624963221346
1222909,L405S-024,Springdale & GGrove,2025-07-28,0.885576923076923,1.1684487442482994,0.16844874424829936,1.224100710938203,0.22410071093820294,-0.055651966689903576
1222909,L405S-024,Springdale & GGrove,2025-07-29,0.8956196581196582,1.3487869531943255,0.3487869531943255,1.2286246451034304,0.2286246451034304,0.12016230809089512
1222909,L405S-024,Springdale & GGrove,2025-07-30,0.9,1.3070868838425855,0.30708688384258553,1.2306101811993613,0.23061018119936127,0.07647670264322426
1222909,L405S-024,Springdale & GGrove,2025-07-31,0.8919871794871795,1.1805629013890626,0.1805629013890626,1.2269837807232766,0.22698378072327663,-0.046420879334214016
1222909,L405S-024,Springdale & GGrove,2025-08-01,0.843482905982906,1.0455179367065557,0.045517936706555684,1.2055691207355428,0.2055691207355428,-0.1600511840289871
1222909,L405S-024,Springdale & GGrove,2025-08-04,0.8895299145299145,1.0681599685370506,0.06815996853705064,1.225876705855676,0.2258767058556761,-0.15771673731862546
1222909,L405S-024,Springdale & GGrove,2025-08-05,0.9048076923076924,1.5209378119965682,0.5209378119965682,1.2327980356231514,0.23279803562315138,0.2881397763734168
1222909,L405S-024,Springdale & GGrove,2025-08-06,0.9083333333333332,1.3941959220421514,0.39419592204215137,1.2344081810631102,0.23440818106311023,0.15978774097904114
1222909,L405S-024,Springdale & GGrove,2025-08-07,0.8835470085470085,1.0602882078753884,0.060288207875388355,1.2231910884644623,0.22319108846446234,-0.16290288058907398
1222909,L405S-024,Springdale & GGrove,2025-08-08,0.8553418803418803,1.0437940643999726,0.043794064399972576,1.2107193790121509,0.21071937901215088,-0.1669253146121783
1222909,L405S-024,Springdale & GGrove,2025-08-11,0.8888888888888888,1.10787952613268,0.10787952613267993,1.2255882917056444,0.22558829170564443,-0.1177087655729645
1222909,L405S-024,Springdale & GGrove,2025-08-12,0.9028846153846154,1.2517394841150844,0.2517394841150844,1.2319218135745094,0.23192181357450936,0.01981767054057504
1222909,L405S-024,Springdale & GGrove,2025-08-13,0.8907051282051283,1.2495650492640582,0.2495650492640582,1.2264058821533488,0.22640588215334878,0.023159167110709422
1222909,L405S-024,Springdale & GGrove,2025-08-14,0.8856837606837606,1.4896833984509523,0.4896833984509523,1.2241486304612301,0.22414863046123013,0.2655347679897222
1222909,L405S-024,Springdale & GGrove,2025-08-15,0.8465811965811966,1.0492375971073264,0.04923759710732645,1.2069093229966688,0.20690932299666875,-0.1576717258893423
1222909,L405S-024,Springdale & GGrove,2025-08-18,0.8591880341880341,1.074526096189097,0.074526096189097,1.2124016493750929,0.21240164937509287,-0.13787555318599587
1222909,L405S-024,Springdale & GGrove,2025-08-19,0.8955128205128206,1.4810942153040052,0.4810942153040052,1.2285763108816963,0.22857631088169628,0.2525179044223089
1222909,L405S-024,Springdale & GGrove,2025-08-20,0.885576923076923,1.366394261915216,0.36639426191521607,1.224100710938203,0.22410071093820294,0.14229355097701313
1222909,L405S-024,Springdale & GGrove,2025-08-21,0.8697649572649573,1.1588870414402086,0.1588870414402086,1.217057917719203,0.2170579177192029,-0.05817087627899431
1222909,L405S-024,Springdale & GGrove,2025-08-22,0.8630341880341881,1.0439515869273337,0.0439515869273337,1.2140897461889588,0.21408974618895882,-0.17013815926162512
1222909,L405S-024,Springdale & GGrove,2025-08-25,0.8882478632478632,1.1834496156339338,0.1834496156339338,1.225300038154137,0.22530003815413702,-0.04185042252020321
1222909,L405S-024,Springdale & GGrove,2025-08-26,0.908974358974359,1.398321993466101,0.3983219934661011,1.2347014542851926,0.23470145428519262,0.16362053918090846
1222909,L405S-024,Springdale & GGrove,2025-08-27,0.8927350427350428,1.088066531453766,0.08806653145376608,1.2273211846621532,0.22732118466215323,-0.13925465320838715
1222909,L405S-024,Springdale & GGrove,2025-08-28,0.8283119658119659,1.0381017009086264,0.03810170090862641,1.1990616231188787,0.19906162311887865,-0.16095992221025224
1222909,L405S-024,Springdale & GGrove,2025-08-29,0.8354700854700855,1.0407485233077056,0.04074852330770562,1.2021206952986319,0.20212069529863186,-0.16137217199092624
1222909,L405S-024,Springdale & GGrove,2025-09-02,0.8799145299145299,1.2456066249677027,0.2456066249677027,1.2215673684835604,0.2215673684835604,0.02403925648414229
1222909,L405S-024,Springdale & GGrove,2025-09-03,0.8681623931623932,1.3048207826954366,0.30482078269543655,1.2163495950794125,0.21634959507941254,0.08847118761602402
1222909,L405S-024,Springdale & GGrove,2025-09-04,0.8650641025641026,1.2040113358681344,0.20401133586813436,1.2149830331741307,0.2149830331741307,-0.010971697305996342
1222909,L405S-024,Springdale & GGrove,2025-09-05,0.8541666666666666,1.0505683458573711,0.05056834585737113,1.2102065150117658,0.2102065150117658,-0.15963816915439466
1222909,L405S-024,Springdale & GGrove,2025-09-08,0.881517094017094,1.3356398085650552,0.33563980856505515,1.2222830786485444,0.22228307864854435,0.1133567299165108
1222909,L405S-024,Springdale & GGrove,2025-09-09,0.8551282051282051,1.4455530192118964,0.4455530192118964,1.2106260905042967,0.2106260905042967,0.23492692870759968
1222909,L405S-024,Springdale & GGrove,2025-09-10,0.8886752136752136,1.423075760878515,0.42307576087851495,1.2254921893428927,0.22549218934289272,0.19758357153562223
1222909,L405S-024,Springdale & GGrove,2025-09-11,0.8625,1.2752562037023825,0.27525620370238246,1.2138549400999805,0.21385494009998052,0.061401263602401945
1222909,L405S-024,Springdale & GGrove,2025-09-12,0.8560897435897435,1.0374765630324552,0.03747656303245517,1.211046030542695,0.2110460305426951,-0.17356946751023994
1222909,L405S-024,Springdale & GGrove,2025-09-15,0.8849358974358974,1.1108848943368193,0.11088489433681925,1.223813287566447,0.22381328756644692,-0.11292839322962767
1222909,L405S-024,Springdale & GGrove,2025-09-16,0.8805555555555555,1.383824019559688,0.38382401955968803,1.2218535318454475,0.22185353184544754,0.1619704877142405
1222909,L405S-024,Springdale & GGrove,2025-09-17,0.8721153846153846,1.4756560052540195,0.4756560052540195,1.2180986154726532,0.2180986154726532,0.25755738978136633
1222909,L405S-024,Springdale & GGrove,2025-09-18,0.8852564102564102,1.3994308721171878,0.39943087211718775,1.2239569791587877,0.22395697915878765,0.1754738929584001
1222909,L405S-024,Springdale & GGrove,2025-09-19,0.8579059829059829,1.0762549411626137,0.07625494116261367,1.2118402449106689,0.21184024491066888,-0.13558530374805522
1222909,L405S-024,Springdale & GGrove,2025-09-22,0.9048076923076924,1.2161060842080118,0.2161060842080118,1.2327980356231514,0.23279803562315138,-0.016691951415139572
1222909,L405S-024,Springdale & GGrove,2025-09-23,0.8702991452991453,1.4117786590257764,0.4117786590257764,1.217294249447301,0.2172942494473009,0.19448440957847546
1222909,L405S-024,Springdale & GGrove,2025-09-24,0.8773504273504273,1.4826259540790896,0.4826259540790896,1.2204243250025637,0.2204243250025637,0.2622016290765259
1222909,L405S-024,Springdale & GGrove,2025-09-25,0.7887820512820513,1.097843728842644,0.09784372884264392,1.1825358401004538,0.18253584010045376,-0.08469211125780984
1222909,L405S-024,Springdale & GGrove,2025-09-26,0.8532051282051282,1.0847115571208603,0.08471155712086031,1.2097873041584803,0.20978730415848035,-0.12507574703762003
1222909,L405S-024,Springdale & GGrove,2025-09-29,0.879059829059829,1.3294034507872023,0.32940345078720235,1.2211860677366715,0.2211860677366715,0.10821738305053086
1222909,L405S-024,Springdale & GGrove,2025-09-30,0.864423076923077,1.0792525591036652,0.07925255910366524,1.214700767445087,0.21470076744508693,-0.13544820834142168
1222909,L405S-024,Springdale & GGrove,2025-10-01,0.8840811965811965,1.4577219571499844,0.4577219571499844,1.2234303064822147,0.22343030648221474,0.2342916506677697
1222909,L405S-024,Springdale & GGrove,2025-10-02,0.861965811965812,1.373292082551326,0.37329208255132595,1.213620246305515,0.21362024630551502,0.15967183624581094
1222909,L405S-024,Springdale & GGrove,2025-10-03,0.8416666666666667,1.424785572801914,0.4247855728019141,1.204785249946842,0.2047852499468421,0.22000032285507198
1222909,L405S-024,Springdale & GGrove,2025-10-06,0.8831196581196581,1.299969875756218,0.2999698757562179,1.2229997944590445,0.2229997944590445,0.07697008129717342
1222909,L405S-024,Springdale & GGrove,2025-10-08,0.8660256410256411,1.5512622607621325,0.5512622607621325,1.2154067347495523,0.2154067347495523,0.3358555260125802
1222909,L405S-024,Springdale & GGrove,2025-10-09,0.8731837606837607,1.508684600634079,0.508684600634079,1.2185723768594536,0.21857237685945363,0.2901122237746254
1222909,L405S-024,Springdale & GGrove,2025-10-10,0.8576923076923076,1.0720899043582643,0.07208990435826435,1.211746740455411,0.21174674045541098,-0.13965683609714663
1222909,L405S-024,Springdale & GGrove,2025-10-14,0.7742521367521368,1.3088184031545729,0.3088184031545729,1.1766188546264746,0.17661885462647464,0.13219954852809823
1222909,L405S-024,Springdale & GGrove,2025-10-15,0.8669871794871795,1.3386909586321725,0.33869095863217247,1.2158307998214886,0.21583079982148856,0.1228601588106839
1222909,L405S-024,Springdale & GGrove,2025-10-16,0.864957264957265,1.512222718888624,0.5122227188886239,1.214935977663355,0.21493597766335504,0.2972867412252689
1222909,L405S-024,Springdale & GGrove,2025-10-17,0.8384615384615385,1.0987586171166892,0.0987586171166892,1.203405133335227,0.20340513333522692,-0.10464651621853771
1222909,L405S-024,Springdale & GGrove,2025-10-20,0.8448717948717949,1.3734365699332474,0.37343656993324736,1.2061694317266314,0.20616943172663138,0.16726713820661598
1222909,L405S-024,Springdale & GGrove,2025-10-21,0.8694444444444445,1.3289540287076578,0.3289540287076578,1.216916172479884,0.21691617247988404,0.11203785622777374
1222909,L405S-024,Springdale & GGrove,2025-10-22,0.8553418803418803,1.3984289331346396,0.39842893313463956,1.2107193790121509,0.21071937901215088,0.1877095541224887
1222909,L405S-024,Springdale & GGrove,2025-10-23,0.8621794871794872,1.387976683018512,0.38797668301851207,1.2137141103469462,0.2137141103469462,0.17426257267156586
1223027,L405S-001,N405 - S605 Conn,2025-06-02,0.777991452991453,1.048775687289479,0.0487756872894789,1.1781334860071864,0.17813348600718637,-0.12935779871770747
1223027,L405S-001,N405 - S605 Conn,2025-06-03,0.8185897435897436,1.043471346480651,0.043471346480651096,1.1949393617222641,0.19493936172226412,-0.15146801524161302
1223027,L405S-001,N405 - S605 Conn,2025-06-04,0.8003205128205129,1.0477443194683616,0.04774431946836155,1.1872950402148796,0.18729504021487964,-0.1395507207465181
1223027,L405S-001,N405 - S605 Conn,2025-06-05,0.7808760683760684,1.06126677458609,0.06126677458608998,1.179305765171417,0.17930576517141694,-0.11803899058532696
1223027,L405S-001,N405 - S605 Conn,2025-06-06,0.6981837606837606,1.0339896342510466,0.03398963425104662,1.1470400996670551,0.1470400996670551,-0.1130504654160085
1223027,L405S-001,N405 - S605 Conn,2025-06-09,0.7497863247863248,1.0558762714706902,0.055876271470690186,1.1668482784929441,0.16684827849294415,-0.11097200702225396
1223027,L405S-001,N405 - S605 Conn,2025-06-10,0.8135683760683761,1.0658152071403506,0.0658152071403506,1.1928250164218452,0.19282501642184524,-0.12700980928149463
1223027,L405S-001,N405 - S605 Conn,2025-06-11,0.808440170940171,1.0522417591205238,0.052241759120523756,1.1906760634957985,0.19067606349579846,-0.1384343043752747
1223027,L405S-001,N405 - S605 Conn,2025-06-12,0.7806623931623932,1.0636157500421697,0.06361575004216968,1.1792188147782106,0.17921881477821056,-0.11560306473604087
1223027,L405S-001,N405 - S605 Conn,2025-06-13,0.7307692307692307,1.069853554464007,0.0698535544640071,1.1594215695052206,0.15942156950522057,-0.08956801504121348
1223027,L405S-001,N405 - S605 Conn,2025-06-16,0.7819444444444444,1.065091390248275,0.06509139024827504,1.1797407927904116,0.17974079279041155,-0.11464940254213651
1223027,L405S-001,N405 - S605 Conn,2025-06-17,0.8246794871794871,1.0425000053758953,0.04250000537589527,1.1975170393519263,0.19751703935192633,-0.15501703397603106
1223027,L405S-001,N405 - S605 Conn,2025-06-18,0.7877136752136752,1.09893376973571,0.09893376973571,1.1820978753145597,0.18209787531455968,-0.08316410557884968
1223027,L405S-001,N405 - S605 Conn,2025-06-20,0.661965811965812,1.0374362870163063,0.0374362870163063,1.1337931139723585,0.1337931139723585,-0.09635682695605219
1223027,L405S-001,N405 - S605 Conn,2025-06-23,0.7106837606837607,1.026710354123303,0.026710354123302915,1.1517381272226812,0.1517381272226812,-0.1250277730993783
1223027,L405S-001,N405 - S605 Conn,2025-06-24,0.8430555555555556,1.062996219548515,0.06299621954851498,1.2053845631457192,0.20538456314571918,-0.1423883435972042
1223027,L405S-001,N405 - S605 Conn,2025-06-25,0.8042735042735043,1.0533436522121409,0.05334365221214088,1.1889377719736625,0.18893777197366246,-0.13559411976152158
1223027,L405S-001,N405 - S605 Conn,2025-06-26,0.7964743589743589,1.0652823054658178,0.06528230546581781,1.1857027101465085,0.18570271014650852,-0.1204204046806907
1223027,L405S-001,N405 - S605 Conn,2025-06-27,0.6922008547008547,1.056156681042777,0.056156681042776935,1.1448142856786927,0.1448142856786927,-0.08865760463591577
1223027,L405S-001,N405 - S605 Conn,2025-06-30,0.7216880341880342,1.009879993428208,0.00987999342820789,1.1559271914875373,0.1559271914875373,-0.14604719805932942
1223027,L405S-001,N405 - S605 Conn,2025-07-01,0.7978632478632479,1.0410351042663202,0.04103510426632018,1.1862770347606615,0.1862770347606615,-0.1452419304943413
1223027,L405S-001,N405 - S605 Conn,2025-07-02,0.7566239316239316,1.05209522563934,0.052095225639340104,1.1695545117292006,0.16955451172920055,-0.11745928608986045
1223027,L405S-001,N405 - S605 Conn,2025-07-03,0.7041666666666667,1.039181628761256,0.03918162876125608,1.1492806942036338,0.14928069420363377,-0.11009906544237769
1223027,L405S-001,N405 - S605 Conn,2025-07-07,0.7303418803418803,1.0344854751267307,0.034485475126730725,1.15925637179067,0.1592563717906701,-0.12477089666393937
1223027,L405S-001,N405 - S605 Conn,2025-07-08,0.8121794871794872,1.055863395801719,0.05586339580171895,1.19224197214973,0.19224197214972993,-0.13637857634801098
1223027,L405S-001,N405 - S605 Conn,2025-07-09,0.8072649572649573,1.0481325930773666,0.048132593077366614,1.1901850737884694,0.19018507378846938,-0.14205248071110277
1223027,L405S-001,N405 - S605 Conn,2025-07-10,0.8008547008547009,1.0420109328695413,0.04201093286954127,1.1875166656328504,0.1875166656328504,-0.14550573276330914
1223027,L405S-001,N405 - S605 Conn,2025-07-11,0.6923076923076923,1.064933817917192,0.0649338179171921,1.1448539025769793,0.14485390257697928,-0.07992008465978717
1223027,L405S-001,N405 - S605 Conn,2025-07-14,0.7644230769230769,1.0708016374650988,0.07080163746509882,1.1726644477249017,0.17266444772490175,-0.10186281025980293
1223027,L405S-001,N405 - S605 Conn,2025-07-15,0.7858974358974359,1.093188838737994,0.093188838737994,1.1813543876239267,0.18135438762392675,-0.08816554888593275
1223027,L405S-001,N405 - S605 Conn,2025-07-16,0.8298076923076924,1.0818905170607382,0.08189051706073824,1.1996991516961746,0.19969915169617458,-0.11780863463543634
1223027,L405S-001,N405 - S605 Conn,2025-07-17,0.8023504273504274,1.0593842955452597,0.0593842955452597,1.188137824325095,0.18813782432509507,-0.12875352877983537
1223027,L405S-001,N405 - S605 Conn,2025-07-18,0.7462606837606838,1.0721904894928218,0.07219048949282181,1.16546029648425,0.16546029648424998,-0.09326980699142817
1223027,L405S-001,N405 - S605 Conn,2025-07-21,0.7525641025641026,1.0654311449360372,0.06543114493603719,1.1679453971467884,0.16794539714678836,-0.10251425221075117
1223027,L405S-001,N405 - S605 Conn,2025-07-22,0.8302350427350428,1.073680334976956,0.07368033497695592,1.199881465866992,0.19988146586699207,-0.12620113089003615
1223027,L405S-001,N405 - S605 Conn,2025-07-23,0.8307692307692308,1.0437695311832724,0.043769531183272425,1.2001094605255607,0.20010946052556067,-0.15633992934228824
1223027,L405S-001,N405 - S605 Conn,2025-07-24,0.8200854700854701,1.050954200264826,0.050954200264826,1.1955711082817218,0.19557110828172175,-0.14461690801689575
1223027,L405S-001,N405 - S605 Conn,2025-07-25,0.7349358974358975,1.0549224389709082,0.054922438970908205,1.161036156879669,0.161036156879669,-0.10611371790876079
1223027,L405S-001,N405 - S605 Conn,2025-07-28,0.801923076923077,1.0459149039503772,0.04591490395037723,1.187960259070207,0.18796025907020697,-0.14204535511982974
1223027,L405S-001,N405 - S605 Conn,2025-07-29,0.8028846153846154,1.0441394413799596,0.04413944137995962,1.1883598836346414,0.1883598836346414,-0.14422044225468178
1223027,L405S-001,N405 - S605 Conn,2025-07-30,0.7969017094017095,1.0489683694294911,0.04896836942949112,1.185879343095412,0.185879343095412,-0.13691097366592087
1223027,L405S-001,N405 - S605 Conn,2025-07-31,0.8083333333333333,1.051370731464128,0.05137073146412807,1.190631405272831,0.19063140527283107,-0.139260673808703
1223027,L405S-001,N405 - S605 Conn,2025-08-01,0.7287393162393162,1.062562500925582,0.06256250092558191,1.1586375452204534,0.15863754522045337,-0.09607504429487146
1223027,L405S-001,N405 - S605 Conn,2025-08-04,0.7627136752136752,1.0348601807919888,0.034860180791988826,1.1719807106063231,0.17198071060632314,-0.1371205298143343
1223027,L405S-001,N405 - S605 Conn,2025-08-05,0.811965811965812,1.0527291883480123,0.052729188348012324,1.192152341328508,0.192152341328508,-0.13942315298049568
1223027,L405S-001,N405 - S605 Conn,2025-08-06,0.8181623931623931,1.065985606399326,0.06598560639932605,1.1947590263281067,0.1947590263281067,-0.12877341992878066
1223027,L405S-001,N405 - S605 Conn,2025-08-07,0.8022435897435898,1.0470321095744757,0.04703210957447568,1.1880934261615619,0.18809342616156188,-0.1410613165870862
1223027,L405S-001,N405 - S605 Conn,2025-08-08,0.7377136752136753,1.0271354559838777,0.027135455983877677,1.1621164854240253,0.16211648542402535,-0.13498102944014767
1223027,L405S-001,N405 - S605 Conn,2025-08-11,0.7772435897435898,1.0287753968575502,0.02877539685755015,1.177830108883452,0.17783010888345196,-0.14905471202590181
1223027,L405S-001,N405 - S605 Conn,2025-08-12,0.8088675213675214,1.053273120418594,0.05327312041859411,1.1908547419708655,0.1908547419708655,-0.13758162155227138
1223027,L405S-001,N405 - S605 Conn,2025-08-13,0.8213675213675213,1.059689032993836,0.05968903299383599,1.1961133141545737,0.19611331415457367,-0.13642428116073768
1223027,L405S-001,N405 - S605 Conn,2025-08-14,0.7929487179487179,1.0541542734749572,0.05415427347495716,1.1842482815442648,0.18424828154426476,-0.1300940080693076
1223027,L405S-001,N405 - S605 Conn,2025-08-15,0.7353632478632479,1.0574695339245377,0.057469533924537686,1.1612021563668316,0.16120215636683155,-0.10373262244229386
1223027,L405S-001,N405 - S605 Conn,2025-08-18,0.8006410256410257,1.053940298624952,0.05394029862495198,1.1874280017599408,0.1874280017599408,-0.1334877031349888
1223027,L405S-001,N405 - S605 Conn,2025-08-19,0.8099358974358974,1.0242483594569598,0.0242483594569598,1.191301757192952,0.19130175719295206,-0.16705339773599226
1223027,L405S-001,N405 - S605 Conn,2025-08-20,0.8129273504273504,1.0589156150592884,0.05891561505928844,1.1925558234574776,0.19255582345747757,-0.13364020839818913
1223027,L405S-001,N405 - S605 Conn,2025-08-21,0.8071581196581197,1.0558706032841838,0.055870603284183806,1.1901404657175843,0.19014046571758425,-0.13426986243340044
1223027,L405S-001,N405 - S605 Conn,2025-08-22,0.7558760683760684,1.0335850102304227,0.03358501023042271,1.1692575935354397,0.16925759353543968,-0.13567258330501697
1223027,L405S-001,N405 - S605 Conn,2025-08-25,0.7712606837606838,1.019644399079479,0.019644399079479014,1.175411209527509,0.1754112095275091,-0.1557668104480301
1223027,L405S-001,N405 - S605 Conn,2025-08-26,0.7776709401709402,1.0262075117395555,0.02620751173955549,1.1780034396461756,0.1780034396461756,-0.1517959279066201
1223027,L405S-001,N405 - S605 Conn,2025-08-27,0.8028846153846154,1.0318494958230713,0.03184949582307128,1.1883598836346414,0.1883598836346414,-0.15651038781157012
1223027,L405S-001,N405 - S605 Conn,2025-08-28,0.7854700854700855,1.0536391709399986,0.05363917093999859,1.181179642009679,0.18117964200967895,-0.12754047106968036
1223027,L405S-001,N405 - S605 Conn,2025-08-29,0.7417735042735043,1.0737993912344057,0.07379939123440571,1.163701086218293,0.16370108621829305,-0.08990169498388734
1223027,L405S-001,N405 - S605 Conn,2025-09-02,0.7829059829059829,1.0206726560784802,0.020672656078480234,1.18013271036743,0.18013271036742995,-0.15946005428894972
1223027,L405S-001,N405 - S605 Conn,2025-09-03,0.7856837606837607,1.049581623610517,0.0495816236105171,1.1812670056404386,0.18126700564043863,-0.13168538202992153
1223027,L405S-001,N405 - S605 Conn,2025-09-04,0.7851495726495726,1.031487481312916,0.03148748131291601,1.1810486309773918,0.18104863097739177,-0.14956114966447576
1223027,L405S-001,N405 - S605 Conn,2025-09-05,0.7397435897435898,1.0526962387866268,0.05269623878662677,1.1629079462170147,0.16290794621701465,-0.11021170743038788
1223027,L405S-001,N405 - S605 Conn,2025-09-08,0.7848290598290598,1.1167506632322612,0.11675066323226124,1.1809176612451382,0.1809176612451382,-0.06416699801287695
1223027,L405S-001,N405 - S605 Conn,2025-09-09,0.7805555555555556,1.0954664850104392,0.0954664850104392,1.1791753464738615,0.17917534647386146,-0.08370886146342227
1223027,L405S-001,N405 - S605 Conn,2025-09-10,0.8120726495726496,1.033979930881482,0.0339799308814821,1.1921971544622154,0.1921971544622154,-0.1582172235807333
1223027,L405S-001,N405 - S605 Conn,2025-09-11,0.8183760683760684,1.102974780361544,0.10297478036154395,1.194849184933588,0.19484918493358805,-0.0918744045720441
1223027,L405S-001,N405 - S605 Conn,2025-09-12,0.7353632478632479,1.0427713285716564,0.04277132857165644,1.1612021563668316,0.16120215636683155,-0.11843082779517511
1223027,L405S-001,N405 - S605 Conn,2025-09-15,0.7975427350427351,1.0714258553509377,0.0714258553509377,1.1861444297179353,0.18614442971793532,-0.11471857436699762
1223027,L405S-001,N405 - S605 Conn,2025-09-16,0.8188034188034188,1.0586961040602665,0.058696104060266485,1.1950295566930544,0.19502955669305444,-0.13633345263278795
1223027,L405S-001,N405 - S605 Conn,2025-09-17,0.8346153846153846,1.0749166889685675,0.07491668896856751,1.2017543643979143,0.20175436439791428,-0.12683767542934676
1223027,L405S-001,N405 - S605 Conn,2025-09-18,0.8099358974358974,1.0684968973406035,0.06849689734060349,1.191301757192952,0.19130175719295206,-0.12280485985234857
1223027,L405S-001,N405 - S605 Conn,2025-09-19,0.7853632478632478,1.0694159913781855,0.06941599137818555,1.1811359670769275,0.18113596707692747,-0.11171997569874192
1223027,L405S-001,N405 - S605 Conn,2025-09-22,0.7908119658119658,1.0688760933132602,0.06887609331326017,1.183369235989173,0.18336923598917299,-0.11449314267591282
1223027,L405S-001,N405 - S605 Conn,2025-09-23,0.8067307692307693,1.062835141555522,0.06283514155552195,1.1899620790364591,0.18996207903645912,-0.12712693748093717
1223027,L405S-001,N405 - S605 Conn,2025-09-24,0.846474358974359,1.0935427904289836,0.09354279042898361,1.2068630459552587,0.20686304595525873,-0.11332025552627512
1223027,L405S-001,N405 - S605 Conn,2025-09-25,0.8114316239316239,1.091834303945436,0.0918343039454359,1.1919283439718522,0.1919283439718522,-0.10009404002641631
1223027,L405S-001,N405 - S605 Conn,2025-09-26,0.7488247863247863,1.0485785615685586,0.048578561568558554,1.166469236890145,0.16646923689014503,-0.11789067532158648
1223027,L405S-001,N405 - S605 Conn,2025-09-29,0.7988247863247864,1.0533093998733791,0.053309399873379126,1.1866750967695352,0.1866750967695352,-0.13336569689615607
1223027,L405S-001,N405 - S605 Conn,2025-09-30,0.7682692307692308,1.04690804126057,0.04690804126057002,1.174207176768506,0.17420717676850606,-0.12729913550793603
1223027,L405S-001,N405 - S605 Conn,2025-10-01,0.8122863247863248,1.052554777320817,0.05255477732081704,1.192286794390915,0.192286794390915,-0.13973201707009797
1223027,L405S-001,N405 - S605 Conn,2025-10-02,0.8061965811965812,1.1027820225846974,0.10278202258469737,1.1897391983007972,0.18973919830079722,-0.08695717571609984
1223027,L405S-001,N405 - S605 Conn,2025-10-03,0.7435897435897436,1.0480174147381216,0.0480174147381216,1.164412160315039,0.16441216031503902,-0.11639474557691742
1223027,L405S-001,N405 - S605 Conn,2025-10-06,0.7913461538461538,1.1202907270400129,0.12029072704001287,1.1835888256197373,0.18358882561973733,-0.06329809857972446
1223027,L405S-001,N405 - S605 Conn,2025-10-08,0.806517094017094,1.0393834324301228,0.03938343243012277,1.18987291305927,0.18987291305927,-0.15048948062914724
1223027,L405S-001,N405 - S605 Conn,2025-10-09,0.8274572649572649,1.0852611450048884,0.08526114500488835,1.1986977199841433,0.19869771998414332,-0.11343657497925497
1223027,L405S-001,N405 - S605 Conn,2025-10-10,0.7386752136752137,1.0454472813353963,0.04544728133539633,1.1624911785187677,0.1624911785187677,-0.11704389718337138
1223027,L405S-001,N405 - S605 Conn,2025-10-14,0.6872863247863248,1.243834966553536,0.24383496655353598,1.1429970159896237,0.14299701598962367,0.10083795056391232
1223027,L405S-001,N405 - S605 Conn,2025-10-15,0.794017094017094,1.0720366187183836,0.07203661871838363,1.1846884911789242,0.18468849117892416,-0.11265187246054054
1223027,L405S-001,N405 - S605 Conn,2025-10-16,0.7900641025641025,1.0985613349144616,0.09856133491446162,1.1830620029287964,0.18306200292879637,-0.08450066801433476
1223027,L405S-001,N405 - S605 Conn,2025-10-17,0.7368589743589744,1.0613354096595482,0.0613354096595482,1.1617837413949257,0.16178374139492568,-0.10044833173537748
1223027,L405S-001,N405 - S605 Conn,2025-10-20,0.7594017094017094,1.171052185841133,0.1710521858411329,1.170659335620864,0.1706593356208641,0.00039285022026880334
1223027,L405S-001,N405 - S605 Conn,2025-10-21,0.8077991452991453,1.104771256409123,0.10477125640912299,1.1904081825396486,0.19040818253964864,-0.08563692613052565
1223027,L405S-001,N405 - S605 Conn,2025-10-22,0.8060897435897436,1.0861214300602902,0.08612143006029016,1.1896946358371394,0.1896946358371394,-0.10357320577684925
1223027,L405S-001,N405 - S605 Conn,2025-10-23,0.8116452991452991,1.074644433769092,0.07464443376909191,1.1920179292515924,0.19201792925159245,-0.11737349548250053
1223081,L405S-110,Almond,2025-06-02,0.7037037037037037,1.0879266337133446,0.08792663371334464,1.1491067879076342,0.1491067879076342,-0.06118015419428957
1223081,L405S-110,Almond,2025-06-03,0.7069978632478633,1.280016433917165,0.2800164339171649,1.1503461193935032,0.15034611939350317,0.12967031452366173
1223081,L405S-110,Almond,2025-06-04,0.7045940170940171,1.3676304716353582,0.3676304716353582,1.1494413014930651,0.14944130149306512,0.2181891701422931
1223081,L405S-110,Almond,2025-06-05,0.6931089743589743,1.220106697002772,0.22010669700277208,1.1451511798245182,0.1451511798245182,0.07495551717825388
1223081,L405S-110,Almond,2025-06-06,0.6683582621082621,1.0343955189543663,0.03439551895436632,1.1360915483304308,0.1360915483304308,-0.10169602937606448
1223081,L405S-110,Almond,2025-06-09,0.6802884615384616,1.080410774989202,0.08041077498920202,1.1404266584811746,0.14042665848117464,-0.06001588349197262
1223081,L405S-110,Almond,2025-06-10,0.6756588319088319,1.0460787146333943,0.0460787146333943,1.1387373443971809,0.13873734439718088,-0.09265862976378658
1223081,L405S-110,Almond,2025-06-11,0.6994301994301995,1.0550567683204266,0.05505676832042661,1.147505672270667,0.1475056722706669,-0.0924489039502403
1223081,L405S-110,Almond,2025-06-12,0.6942663817663818,1.0988612024192714,0.09886120241927143,1.1455810490975047,0.1455810490975047,-0.04671984667823326
1223081,L405S-110,Almond,2025-06-13,0.6544693732193733,1.0518747401298765,0.05187474012987647,1.1311194965956979,0.13111949659569788,-0.07924475646582141
1223081,L405S-110,Almond,2025-06-16,0.6953347578347578,1.084873793361303,0.08487379336130307,1.1459783430933335,0.14597834309333346,-0.06110454973203039
1223081,L405S-110,Almond,2025-06-17,0.6946225071225072,1.152905959935506,0.15290595993550604,1.1457134280018546,0.1457134280018546,0.007192531933651436
1223081,L405S-110,Almond,2025-06-18,0.6574964387464387,1.05913580444861,0.05913580444861011,1.132196273378745,0.13219627337874496,-0.07306046893013485
1223081,L405S-110,Almond,2025-06-20,0.6307870370370371,1.0301904338455352,0.030190433845535214,1.1228281534937496,0.12282815349374965,-0.09263771964821443
1223081,L405S-110,Almond,2025-06-23,0.6876780626780626,1.0112911743027833,0.011291174302783258,1.1431415039272972,0.1431415039272972,-0.13185032962451393
1223081,L405S-110,Almond,2025-06-24,0.6956908831908832,1.1599404758686644,0.15994047586866444,1.146110879268232,0.14611087926823196,0.013829596600432481
1223081,L405S-110,Almond,2025-06-25,0.7143874643874644,1.0381233461095272,0.03812334610952717,1.1531424875157972,0.15314248751579718,-0.11501914140627001
1223081,L405S-110,Almond,2025-06-26,0.7019230769230769,1.0598210985094878,0.0598210985094878,1.1484387409841472,0.14843874098414722,-0.08861764247465942
1223081,L405S-110,Almond,2025-06-27,0.6590099715099715,1.0439832665578337,0.04398326655783369,1.1327361004113945,0.1327361004113945,-0.08875283385356081
1223081,L405S-110,Almond,2025-06-30,0.6859864672364673,1.063686321403964,0.06368632140396402,1.1425180343868284,0.14251803438682842,-0.0788317129828644
1223081,L405S-110,Almond,2025-07-01,0.7146545584045584,1.150397587617885,0.1503975876178849,1.1532439814038133,0.15324398140381335,-0.002846393785928436
1223081,L405S-110,Almond,2025-07-02,0.7112713675213675,1.0423682064265345,0.042368206426534494,1.15196055804476,0.15196055804476005,-0.10959235161822556
1223081,L405S-110,Almond,2025-07-03,0.6632834757834758,1.038239428496181,0.038239428496180894,1.1342654897772688,0.13426548977726882,-0.09602606128108793
1223081,L405S-110,Almond,2025-07-07,0.6825142450142451,1.0283016935293037,0.028301693529303673,1.1412419985428046,0.14124199854280461,-0.11294030501350094
1223081,L405S-110,Almond,2025-07-08,0.6469907407407407,1.0518962001402852,0.051896200140285176,1.1284756947849466,0.12847569478494658,-0.0765794946446614
1223081,L405S-110,Almond,2025-07-09,0.6971153846153846,1.3164745682912569,0.31647456829125686,1.1466415480197103,0.1466415480197103,0.16983302027154656
1223081,L405S-110,Almond,2025-07-10,0.6993411680911681,1.142097241781967,0.14209724178196703,1.1474723958154913,0.14747239581549132,-0.0053751540335242876
1223081,L405S-110,Almond,2025-07-11,0.6751246438746439,1.1133558783363022,0.11335587833630223,1.1385429970543643,0.13854299705436435,-0.025187118718062118
1223081,L405S-110,Almond,2025-07-14,0.6909722222222222,1.051034746778252,0.05103474677825193,1.1443590308140799,0.14435903081407986,-0.09332428403582793
1223081,L405S-110,Almond,2025-07-15,0.7055733618233618,1.201300497673338,0.2013004976733379,1.1498096436838077,0.14980964368380767,0.05149085398953024
1223081,L405S-110,Almond,2025-07-16,0.6973824786324786,1.3374860404979394,0.3374860404979394,1.1467411417365283,0.1467411417365283,0.1907448987614111
1223081,L405S-110,Almond,2025-07-17,0.7037927350427351,1.0624651188126144,0.062465118812614406,1.1491402245654319,0.14914022456543186,-0.08667510575281745
1223081,L405S-110,Almond,2025-07-18,0.6804665242165242,1.0740768142835608,0.07407681428356083,1.1404918099801933,0.14049180998019328,-0.06641499569663245
1223081,L405S-110,Almond,2025-07-21,0.6740562678062678,1.04646678289501,0.04646678289501005,1.1381546585913211,0.13815465859132114,-0.0916878756963111
1223081,L405S-110,Almond,2025-07-22,0.6899928774928775,1.086143937221317,0.08614393722131708,1.1439965939885182,0.14399659398851816,-0.05785265676720108
1223081,L405S-110,Almond,2025-07-23,0.7175925925925926,1.2052549504961043,0.20525495049610432,1.154362347517445,0.15436234751744493,0.050892602978659385
1223081,L405S-110,Almond,2025-07-24,0.6911502849002849,1.214015517933937,0.21401551793393692,1.1444249710726833,0.14442497107268326,0.06959054686125365
1223081,L405S-110,Almond,2025-07-25,0.6791310541310541,1.0954626358721185,0.09546263587211845,1.1400034947858595,0.1400034947858595,-0.044540858913741044
1223081,L405S-110,Almond,2025-07-28,0.6915954415954416,1.0421890506717304,0.0421890506717304,1.1445898791278737,0.1445898791278737,-0.10240082845614329
1223081,L405S-110,Almond,2025-07-29,0.7048611111111112,1.132477270672413,0.1324772706724131,1.149541719264592,0.14954171926459203,-0.017064448592178927
1223081,L405S-110,Almond,2025-07-30,0.7012108262108262,1.139164056024336,0.1391640560243359,1.1481718883074632,0.1481718883074632,-0.009007832283127293
1223081,L405S-110,Almond,2025-07-31,0.7004985754985755,1.1168276459657291,0.11682764596572914,1.1479052448991178,0.14790524489911783,-0.031077598933388684
1223081,L405S-110,Almond,2025-08-01,0.666755698005698,1.0317039602359934,0.03170396023599342,1.1355137370677042,0.1355137370677042,-0.10380977683171078
1223081,L405S-110,Almond,2025-08-04,0.6969373219373219,1.0294288166794294,0.029428816679429426,1.1465751685792438,0.1465751685792438,-0.11714635189981437
1223081,L405S-110,Almond,2025-08-05,0.7101139601139601,1.0984175195171404,0.0984175195171404,1.1515225723378204,0.1515225723378204,-0.05310505282068001
1223081,L405S-110,Almond,2025-08-06,0.7183938746438746,1.0757070084145472,0.07570700841454725,1.1546679713518582,0.15466797135185817,-0.07896096293731092
1223081,L405S-110,Almond,2025-08-07,0.6937321937321937,1.067133704347118,0.06713370434711807,1.1453825790599308,0.1453825790599308,-0.07824887471281272
1223081,L405S-110,Almond,2025-08-08,0.6707621082621082,1.0622128921542418,0.06221289215424175,1.1369602732736677,0.13696027327366767,-0.07474738111942592
1223081,L405S-110,Almond,2025-08-11,0.6965811965811965,1.0765104175747915,0.07651041757479149,1.1464424489915264,0.14644244899152636,-0.06993203141673487
1223081,L405S-110,Almond,2025-08-12,0.7031695156695157,1.0372244288285868,0.037224428828586786,1.1489062365748646,0.14890623657486457,-0.11168180774627778
1223081,L405S-110,Almond,2025-08-13,0.7020121082621082,1.022703981341273,0.02270398134127305,1.1484721122805035,0.1484721122805035,-0.12576813093923045
1223081,L405S-110,Almond,2025-08-14,0.7021011396011396,1.2035890439229031,0.2035890439229031,1.1485054868458278,0.14850548684582776,0.05508355707707535
1223081,L405S-110,Almond,2025-08-15,0.6626602564102564,1.027718956284799,0.027718956284799035,1.134041978365206,0.13404197836520604,-0.106323022080407
1223081,L405S-110,Almond,2025-08-18,0.6691595441595442,1.039769796858107,0.039769796858107,1.1363808556446473,0.1363808556446473,-0.0966110587865403
1223081,L405S-110,Almond,2025-08-19,0.7043269230769231,1.2592712996473976,0.2592712996473976,1.149340913117671,0.14934091311767106,0.10993038652972653
1223081,L405S-110,Almond,2025-08-20,0.6883903133903134,1.1140689290686598,0.11406892906865984,1.1434043721668072,0.14340437216680724,-0.029335443098147396
1223081,L405S-110,Almond,2025-08-21,0.6878561253561254,1.1238584347271208,0.12385843472712077,1.143207201282976,0.14320720128297593,-0.019348766555855157
1223081,L405S-110,Almond,2025-08-22,0.6756588319088319,1.0557535059170424,0.05575350591704242,1.1387373443971809,0.13873734439718088,-0.08298383848013846
1223081,L405S-110,Almond,2025-08-25,0.6907941595441596,1.0784042490006274,0.07840424900062737,1.1442931036786153,0.14429310367861525,-0.06588885467798788
1223081,L405S-110,Almond,2025-08-26,0.7114494301994302,1.2514552630150024,0.25145526301500243,1.152027989354792,0.152027989354792,0.09942727366021042
1223081,L405S-110,Almond,2025-08-27,0.6948896011396012,1.0709795935174486,0.07097959351744865,1.1458127465873977,0.14581274658739773,-0.07483315306994909
1223081,L405S-110,Almond,2025-08-28,0.6428952991452992,1.030960736076551,0.03096073607655092,1.127037852142752,0.12703785214275198,-0.09607711606620106
1223081,L405S-110,Almond,2025-08-29,0.6580306267806267,1.076973753722724,0.07697375372272397,1.1323866910958293,0.13238669109582935,-0.055412937373105375
1223081,L405S-110,Almond,2025-09-02,0.6858974358974359,1.099825311077806,0.09982531107780601,1.1424852530566432,0.14248525305664317,-0.04265994197883716
1223081,L405S-110,Almond,2025-09-03,0.6716524216524217,1.185561715536407,0.1855617155364071,1.137282634417968,0.13728263441796806,0.04827908111843904
1223081,L405S-110,Almond,2025-09-04,0.6702279202279202,1.1033416458241556,0.10334164582415561,1.1367670151261469,0.13676701512614686,-0.03342536930199125
1223081,L405S-110,Almond,2025-09-05,0.6677350427350427,1.0262707427425606,0.026270742742560582,1.135866716647664,0.13586671664766392,-0.10959597390510334
1223081,L405S-110,Almond,2025-09-08,0.6821581196581197,1.2713071587735678,0.2713071587735678,1.1411114059134075,0.14111140591340754,0.13019575286016027
1223081,L405S-110,Almond,2025-09-09,0.6631054131054132,1.1464459184160631,0.14644591841606314,1.1342016128149475,0.13420161281494747,0.012244305601115668
1223081,L405S-110,Almond,2025-09-10,0.6870548433048433,1.142753520064277,0.1427535200642771,1.1429116666447108,0.14291166664471078,-0.00015814658043367125
1223081,L405S-110,Almond,2025-09-11,0.6644408831908832,1.0398979270521045,0.03989792705210449,1.1346810128646556,0.1346810128646556,-0.09478308581255113
1223081,L405S-110,Almond,2025-09-12,0.6683582621082621,1.025710461894861,0.025710461894860925,1.1360915483304308,0.1360915483304308,-0.11038108643556988
1223081,L405S-110,Almond,2025-09-15,0.686965811965812,1.0630584067308084,0.06305840673080843,1.1428788458865582,0.1428788458865582,-0.07982043915574977
1223081,L405S-110,Almond,2025-09-16,0.6885683760683761,1.260875797078398,0.2608757970783979,1.143470122064437,0.143470122064437,0.11740567501396093
1223081,L405S-110,Almond,2025-09-17,0.6798433048433048,1.0760265065352117,0.0760265065352117,1.1402638373531022,0.14026383735310222,-0.06423733081789051
1223081,L405S-110,Almond,2025-09-18,0.6894586894586895,1.1747017370313189,0.17470173703131886,1.14379906854044,0.14379906854044,0.03090266849087886
1223081,L405S-110,Almond,2025-09-19,0.6712072649572649,1.0722715230320412,0.07227152303204121,1.137121412564177,0.1371214125641771,-0.06484988953213588
1223081,L405S-110,Almond,2025-09-22,0.7050391737891738,1.0791602695929687,0.07916026959296873,1.1496086807755423,0.14960868077554235,-0.07044841118257361
1223081,L405S-110,Almond,2025-09-23,0.67752849002849,1.162291441266071,0.16229144126607098,1.1394184948167394,0.1394184948167394,0.022872946449331577
1223081,L405S-110,Almond,2025-09-24,0.6896367521367521,1.1759509281867524,0.1759509281867524,1.1438648972278038,0.14386489722780382,0.032086030958948575
1223081,L405S-110,Almond,2025-09-25,0.6233974358974359,1.0331500007187249,0.03315000071872487,1.1202894245364705,0.12028942453647051,-0.08713942381774564
1223081,L405S-110,Almond,2025-09-26,0.6617699430199431,1.0269612511919817,0.026961251191981672,1.1337229578918946,0.1337229578918946,-0.10676170669991292
1223081,L405S-110,Almond,2025-09-29,0.6812678062678063,1.151797901753038,0.15179790175303798,1.14078515468069,0.14078515468068997,0.011012747072348006
1223081,L405S-110,Almond,2025-09-30,0.6561609686609686,1.0717300737812585,0.07173007378125851,1.131720751732603,0.1317207517326029,-0.059990677951344384
1223081,L405S-110,Almond,2025-10-01,0.6875890313390314,1.1889940955925746,0.18899409559257463,1.1431086601759433,0.14310866017594326,0.04588543541663137
1223081,L405S-110,Almond,2025-10-02,0.6686253561253561,1.2822032587308092,0.2822032587308092,1.1361879543538678,0.13618795435386777,0.14601530437694143
1223081,L405S-110,Almond,2025-10-03,0.6671118233618234,1.129116207605297,0.12911620760529696,1.1356420469801054,0.1356420469801054,-0.00652583937480844
1223081,L405S-110,Almond,2025-10-06,0.6831374643874644,1.185580864329627,0.18558086432962706,1.1414706623053346,0.14147066230533456,0.0441102020242925
1223081,L405S-110,Almond,2025-10-08,0.6703169515669516,1.298275476030851,0.29827547603085103,1.13679921655891,0.13679921655891003,0.161476259471941
1223081,L405S-110,Almond,2025-10-09,0.6759259259259259,1.361352102247482,0.36135210224748193,1.1388345625870575,0.1388345625870575,0.22251753966042442
1223081,L405S-110,Almond,2025-10-10,0.6626602564102564,1.059842766785095,0.059842766785094925,1.134041978365206,0.13404197836520604,-0.07419921158011111
1223081,L405S-110,Almond,2025-10-14,0.5951745014245015,1.236310008306796,0.23631000830679594,1.1108067958229175,0.11080679582291753,0.1255032124838784
1223081,L405S-110,Almond,2025-10-15,0.6692485754985755,1.1667491742238103,0.1667491742238103,1.1364130174272633,0.1364130174272633,0.030336156796546998
1223081,L405S-110,Almond,2025-10-16,0.6814458689458689,1.145975850123487,0.1459758501234869,1.1408503785994435,0.1408503785994435,0.005125471524043412
1223081,L405S-110,Almond,2025-10-17,0.6548254985754985,1.0866225756929058,0.08662257569290577,1.1312459770010221,0.13124597700102214,-0.04462340130811637
1223081,L405S-110,Almond,2025-10-20,0.657051282051282,1.2362577299672537,0.2362577299672537,1.1320376831942103,0.13203768319421028,0.10422004677304342
1223081,L405S-110,Almond,2025-10-21,0.6730769230769231,1.08731651549626,0.08731651549626007,1.1377990990302813,0.1377990990302813,-0.05048258353402124
1223081,L405S-110,Almond,2025-10-22,0.6575854700854701,1.137389659151645,0.13738965915164503,1.1322280013703125,0.13222800137031254,0.005161657781332485
1223081,L405S-110,Almond,2025-10-23,0.6689814814814815,1.1071957801422323,0.1071957801422323,1.1363165419940031,0.13631654199400312,-0.029120761851770816
