corridor,facility,tmc_code,date_local,road_order,lanes,capacity_speed_mph,capacity_vph_link,observed_15min_bins,threshold_multiplier,threshold_speed_mph,episode_identified,duration_h,demand_veh_link,d_over_c_h,episode_start_minute,episode_end_minute,minimum_speed_mph,minimum_speed_minute,touches_data_start,touches_data_end
I-95 HOV NB,HOV,110+04658,2025-10-01,1.0,2,45.96194077712559,3600.0,96,0.9,41.36574669941303,False,0.0,0.0,0.0,,,,,False,False
I-95 HOV NB,HOV,110+04658,2025-10-02,1.0,2,45.96194077712559,3600.0,96,0.9,41.36574669941303,False,0.0,0.0,0.0,,,,,False,False
I-95 HOV NB,HOV,110+04658,2025-10-03,1.0,2,45.96194077712559,3600.0,96,0.9,41.36574669941303,False,0.0,0.0,0.0,,,,,False,False
I-95 HOV NB,HOV,110+04658,2025-10-06,1.0,2,45.96194077712559,3600.0,96,0.9,41.36574669941303,False,0.0,0.0,0.0,,,,,False,False
I-95 HOV NB,HOV,110+04658,2025-10-07,1.0,2,45.96194077712559,3600.0,96,0.9,41.36574669941303,False,0.0,0.0,0.0,,,,,False,False
I-95 HOV NB,HOV,110+04658,2025-10-08,1.0,2,45.96194077712559,3600.0,96,0.9,41.36574669941303,False,0.0,0.0,0.0,,,,,False,False
I-95 HOV NB,HOV,110+04658,2025-10-09,1.0,2,45.96194077712559,3600.0,96,0.9,41.36574669941303,False,0.0,0.0,0.0,,,,,False,False
I-95 HOV NB,HOV,110+04658,2025-10-10,1.0,2,45.96194077712559,3600.0,96,0.9,41.36574669941303,False,0.0,0.0,0.0,,,,,False,False
I-95 HOV NB,HOV,110+04658,2025-10-13,1.0,2,45.96194077712559,3600.0,96,0.9,41.36574669941303,False,0.0,0.0,0.0,,,,,False,False
I-95 HOV NB,HOV,110+04658,2025-10-14,1.0,2,45.96194077712559,3600.0,96,0.9,41.36574669941303,False,0.0,0.0,0.0,,,,,False,False
I-95 HOV NB,HOV,110+04658,2025-10-15,1.0,2,45.96194077712559,3600.0,96,0.9,41.36574669941303,False,0.0,0.0,0.0,,,,,False,False
I-95 HOV NB,HOV,110+04658,2025-10-16,1.0,2,45.96194077712559,3600.0,96,0.9,41.36574669941303,False,0.0,0.0,0.0,,,,,False,False
I-95 HOV NB,HOV,110+04658,2025-10-17,1.0,2,45.96194077712559,3600.0,96,0.9,41.36574669941303,False,0.0,0.0,0.0,,,,,False,False
I-95 HOV NB,HOV,110+04658,2025-10-20,1.0,2,45.96194077712559,3600.0,96,0.9,41.36574669941303,False,0.0,0.0,0.0,,,,,False,False
I-95 HOV NB,HOV,110+04658,2025-10-21,1.0,2,45.96194077712559,3600.0,96,0.9,41.36574669941303,False,0.0,0.0,0.0,,,,,False,False
I-95 HOV NB,HOV,110+04658,2025-10-22,1.0,2,45.96194077712559,3600.0,96,0.9,41.36574669941303,False,0.0,0.0,0.0,,,,,False,False
I-95 HOV NB,HOV,110+04658,2025-10-23,1.0,2,45.96194077712559,3600.0,96,0.9,41.36574669941303,False,0.0,0.0,0.0,,,,,False,False
I-95 HOV NB,HOV,110+04658,2025-10-24,1.0,2,45.96194077712559,3600.0,96,0.9,41.36574669941303,False,0.0,0.0,0.0,,,,,False,False
I-95 HOV NB,HOV,110+04658,2025-10-27,1.0,2,45.96194077712559,3600.0,96,0.9,41.36574669941303,False,0.0,0.0,0.0,,,,,False,False
I-95 HOV NB,HOV,110+04658,2025-10-28,1.0,2,45.96194077712559,3600.0,96,0.9,41.36574669941303,False,0.0,0.0,0.0,,,,,False,False
I-95 HOV NB,HOV,110+04658,2025-10-29,1.0,2,45.96194077712559,3600.0,96,0.9,41.36574669941303,False,0.0,0.0,0.0,,,,,False,False
I-95 HOV NB,HOV,110+04658,2025-10-30,1.0,2,45.96194077712559,3600.0,96,0.9,41.36574669941303,False,0.0,0.0,0.0,,,,,False,False
I-95 HOV NB,HOV,110+04658,2025-10-31,1.0,2,45.96194077712559,3600.0,96,0.9,41.36574669941303,False,0.0,0.0,0.0,,,,,False,False
I-95 HOV NB,HOV,110P04660,2025-10-01,4.0,2,45.96194077712559,3600.0,96,0.9,41.36574669941303,False,0.0,0.0,0.0,,,,,False,False
I-95 HOV NB,HOV,110P04660,2025-10-02,4.0,2,45.96194077712559,3600.0,96,0.9,41.36574669941303,False,0.0,0.0,0.0,,,,,False,False
I-95 HOV NB,HOV,110P04660,2025-10-03,4.0,2,45.96194077712559,3600.0,96,0.9,41.36574669941303,False,0.0,0.0,0.0,,,,,False,False
I-95 HOV NB,HOV,110P04660,2025-10-06,4.0,2,45.96194077712559,3600.0,96,0.9,41.36574669941303,False,0.0,0.0,0.0,,,,,False,False
I-95 HOV NB,HOV,110P04660,2025-10-07,4.0,2,45.96194077712559,3600.0,96,0.9,41.36574669941303,False,0.0,0.0,0.0,,,,,False,False
I-95 HOV NB,HOV,110P04660,2025-10-08,4.0,2,45.96194077712559,3600.0,96,0.9,41.36574669941303,False,0.0,0.0,0.0,,,,,False,False
I-95 HOV NB,HOV,110P04660,2025-10-09,4.0,2,45.96194077712559,3600.0,96,0.9,41.36574669941303,False,0.0,0.0,0.0,,,,,False,False
I-95 HOV NB,HOV,110P04660,2025-10-10,4.0,2,45.96194077712559,3600.0,96,0.9,41.36574669941303,False,0.0,0.0,0.0,,,,,False,False
I-95 HOV NB,HOV,110P04660,2025-10-13,4.0,2,45.96194077712559,3600.0,96,0.9,41.36574669941303,False,0.0,0.0,0.0,,,,,False,False
I-95 HOV NB,HOV,110P04660,2025-10-14,4.0,2,45.96194077712559,3600.0,96,0.9,41.36574669941303,False,0.0,0.0,0.0,,,,,False,False
I-95 HOV NB,HOV,110P04660,2025-10-15,4.0,2,45.96194077712559,3600.0,96,0.9,41.36574669941303,False,0.0,0.0,0.0,,,,,False,False
I-95 HOV NB,HOV,110P04660,2025-10-16,4.0,2,45.96194077712559,3600.0,96,0.9,41.36574669941303,False,0.0,0.0,0.0,,,,,False,False
I-95 HOV NB,HOV,110P04660,2025-10-17,4.0,2,45.96194077712559,3600.0,96,0.9,41.36574669941303,False,0.0,0.0,0.0,,,,,False,False
I-95 HOV NB,HOV,110P04660,2025-10-20,4.0,2,45.96194077712559,3600.0,96,0.9,41.36574669941303,False,0.0,0.0,0.0,,,,,False,False
I-95 HOV NB,HOV,110P04660,2025-10-21,4.0,2,45.96194077712559,3600.0,96,0.9,41.36574669941303,False,0.0,0.0,0.0,,,,,False,False
I-95 HOV NB,HOV,110P04660,2025-10-22,4.0,2,45.96194077712559,3600.0,96,0.9,41.36574669941303,False,0.0,0.0,0.0,,,,,False,False
I-95 HOV NB,HOV,110P04660,2025-10-23,4.0,2,45.96194077712559,3600.0,96,0.9,41.36574669941303,False,0.0,0.0,0.0,,,,,False,False
I-95 HOV NB,HOV,110P04660,2025-10-24,4.0,2,45.96194077712559,3600.0,96,0.9,41.36574669941303,False,0.0,0.0,0.0,,,,,False,False
I-95 HOV NB,HOV,110P04660,2025-10-27,4.0,2,45.96194077712559,3600.0,96,0.9,41.36574669941303,False,0.0,0.0,0.0,,,,,False,False
I-95 HOV NB,HOV,110P04660,2025-10-28,4.0,2,45.96194077712559,3600.0,96,0.9,41.36574669941303,False,0.0,0.0,0.0,,,,,False,False
I-95 HOV NB,HOV,110P04660,2025-10-29,4.0,2,45.96194077712559,3600.0,96,0.9,41.36574669941303,False,0.0,0.0,0.0,,,,,False,False
I-95 HOV NB,HOV,110P04660,2025-10-30,4.0,2,45.96194077712559,3600.0,96,0.9,41.36574669941303,False,0.0,0.0,0.0,,,,,False,False
I-95 HOV NB,HOV,110P04660,2025-10-31,4.0,2,45.96194077712559,3600.0,96,0.9,41.36574669941303,False,0.0,0.0,0.0,,,,,False,False
I-95 HOV NB,HOV,110+04661,2025-10-01,5.0,2,45.96194077712559,3600.0,96,0.9,41.36574669941303,False,0.0,0.0,0.0,,,,,False,False
I-95 HOV NB,HOV,110+04661,2025-10-02,5.0,2,45.96194077712559,3600.0,96,0.9,41.36574669941303,False,0.0,0.0,0.0,,,,,False,False
I-95 HOV NB,HOV,110+04661,2025-10-03,5.0,2,45.96194077712559,3600.0,96,0.9,41.36574669941303,False,0.0,0.0,0.0,,,,,False,False
I-95 HOV NB,HOV,110+04661,2025-10-06,5.0,2,45.96194077712559,3600.0,96,0.9,41.36574669941303,False,0.0,0.0,0.0,,,,,False,False
I-95 HOV NB,HOV,110+04661,2025-10-07,5.0,2,45.96194077712559,3600.0,96,0.9,41.36574669941303,False,0.0,0.0,0.0,,,,,False,False
I-95 HOV NB,HOV,110+04661,2025-10-08,5.0,2,45.96194077712559,3600.0,96,0.9,41.36574669941303,False,0.0,0.0,0.0,,,,,False,False
I-95 HOV NB,HOV,110+04661,2025-10-09,5.0,2,45.96194077712559,3600.0,96,0.9,41.36574669941303,False,0.0,0.0,0.0,,,,,False,False
I-95 HOV NB,HOV,110+04661,2025-10-10,5.0,2,45.96194077712559,3600.0,96,0.9,41.36574669941303,False,0.0,0.0,0.0,,,,,False,False
I-95 HOV NB,HOV,110+04661,2025-10-13,5.0,2,45.96194077712559,3600.0,96,0.9,41.36574669941303,False,0.0,0.0,0.0,,,,,False,False
I-95 HOV NB,HOV,110+04661,2025-10-14,5.0,2,45.96194077712559,3600.0,96,0.9,41.36574669941303,False,0.0,0.0,0.0,,,,,False,False
I-95 HOV NB,HOV,110+04661,2025-10-15,5.0,2,45.96194077712559,3600.0,96,0.9,41.36574669941303,False,0.0,0.0,0.0,,,,,False,False
I-95 HOV NB,HOV,110+04661,2025-10-16,5.0,2,45.96194077712559,3600.0,96,0.9,41.36574669941303,False,0.0,0.0,0.0,,,,,False,False
I-95 HOV NB,HOV,110+04661,2025-10-17,5.0,2,45.96194077712559,3600.0,96,0.9,41.36574669941303,False,0.0,0.0,0.0,,,,,False,False
I-95 HOV NB,HOV,110+04661,2025-10-20,5.0,2,45.96194077712559,3600.0,96,0.9,41.36574669941303,False,0.0,0.0,0.0,,,,,False,False
I-95 HOV NB,HOV,110+04661,2025-10-21,5.0,2,45.96194077712559,3600.0,96,0.9,41.36574669941303,False,0.0,0.0,0.0,,,,,False,False
I-95 HOV NB,HOV,110+04661,2025-10-22,5.0,2,45.96194077712559,3600.0,96,0.9,41.36574669941303,False,0.0,0.0,0.0,,,,,False,False
I-95 HOV NB,HOV,110+04661,2025-10-23,5.0,2,45.96194077712559,3600.0,96,0.9,41.36574669941303,False,0.0,0.0,0.0,,,,,False,False
I-95 HOV NB,HOV,110+04661,2025-10-24,5.0,2,45.96194077712559,3600.0,96,0.9,41.36574669941303,False,0.0,0.0,0.0,,,,,False,False
I-95 HOV NB,HOV,110+04661,2025-10-27,5.0,2,45.96194077712559,3600.0,96,0.9,41.36574669941303,False,0.0,0.0,0.0,,,,,False,False
I-95 HOV NB,HOV,110+04661,2025-10-28,5.0,2,45.96194077712559,3600.0,96,0.9,41.36574669941303,False,0.0,0.0,0.0,,,,,False,False
I-95 HOV NB,HOV,110+04661,2025-10-29,5.0,2,45.96194077712559,3600.0,96,0.9,41.36574669941303,False,0.0,0.0,0.0,,,,,False,False
I-95 HOV NB,HOV,110+04661,2025-10-30,5.0,2,45.96194077712559,3600.0,96,0.9,41.36574669941303,False,0.0,0.0,0.0,,,,,False,False
I-95 HOV NB,HOV,110+04661,2025-10-31,5.0,2,45.96194077712559,3600.0,96,0.9,41.36574669941303,False,0.0,0.0,0.0,,,,,False,False
I-95 HOV NB,HOV,110P04661,2025-10-01,6.0,2,45.96194077712559,3600.0,96,0.9,41.36574669941303,False,0.0,0.0,0.0,,,,,False,False
I-95 HOV NB,HOV,110P04661,2025-10-02,6.0,2,45.96194077712559,3600.0,96,0.9,41.36574669941303,False,0.0,0.0,0.0,,,,,False,False
I-95 HOV NB,HOV,110P04661,2025-10-03,6.0,2,45.96194077712559,3600.0,96,0.9,41.36574669941303,False,0.0,0.0,0.0,,,,,False,False
I-95 HOV NB,HOV,110P04661,2025-10-06,6.0,2,45.96194077712559,3600.0,96,0.9,41.36574669941303,False,0.0,0.0,0.0,,,,,False,False
I-95 HOV NB,HOV,110P04661,2025-10-07,6.0,2,45.96194077712559,3600.0,96,0.9,41.36574669941303,False,0.0,0.0,0.0,,,,,False,False
I-95 HOV NB,HOV,110P04661,2025-10-08,6.0,2,45.96194077712559,3600.0,96,0.9,41.36574669941303,False,0.0,0.0,0.0,,,,,False,False
I-95 HOV NB,HOV,110P04661,2025-10-09,6.0,2,45.96194077712559,3600.0,96,0.9,41.36574669941303,False,0.0,0.0,0.0,,,,,False,False
I-95 HOV NB,HOV,110P04661,2025-10-10,6.0,2,45.96194077712559,3600.0,96,0.9,41.36574669941303,False,0.0,0.0,0.0,,,,,False,False
I-95 HOV NB,HOV,110P04661,2025-10-13,6.0,2,45.96194077712559,3600.0,96,0.9,41.36574669941303,False,0.0,0.0,0.0,,,,,False,False
I-95 HOV NB,HOV,110P04661,2025-10-14,6.0,2,45.96194077712559,3600.0,96,0.9,41.36574669941303,False,0.0,0.0,0.0,,,,,False,False
I-95 HOV NB,HOV,110P04661,2025-10-15,6.0,2,45.96194077712559,3600.0,96,0.9,41.36574669941303,False,0.0,0.0,0.0,,,,,False,False
I-95 HOV NB,HOV,110P04661,2025-10-16,6.0,2,45.96194077712559,3600.0,96,0.9,41.36574669941303,False,0.0,0.0,0.0,,,,,False,False
I-95 HOV NB,HOV,110P04661,2025-10-17,6.0,2,45.96194077712559,3600.0,96,0.9,41.36574669941303,False,0.0,0.0,0.0,,,,,False,False
I-95 HOV NB,HOV,110P04661,2025-10-20,6.0,2,45.96194077712559,3600.0,96,0.9,41.36574669941303,False,0.0,0.0,0.0,,,,,False,False
I-95 HOV NB,HOV,110P04661,2025-10-21,6.0,2,45.96194077712559,3600.0,96,0.9,41.36574669941303,False,0.0,0.0,0.0,,,,,False,False
I-95 HOV NB,HOV,110P04661,2025-10-22,6.0,2,45.96194077712559,3600.0,96,0.9,41.36574669941303,False,0.0,0.0,0.0,,,,,False,False
I-95 HOV NB,HOV,110P04661,2025-10-23,6.0,2,45.96194077712559,3600.0,96,0.9,41.36574669941303,False,0.0,0.0,0.0,,,,,False,False
I-95 HOV NB,HOV,110P04661,2025-10-24,6.0,2,45.96194077712559,3600.0,96,0.9,41.36574669941303,False,0.0,0.0,0.0,,,,,False,False
I-95 HOV NB,HOV,110P04661,2025-10-27,6.0,2,45.96194077712559,3600.0,96,0.9,41.36574669941303,False,0.0,0.0,0.0,,,,,False,False
I-95 HOV NB,HOV,110P04661,2025-10-28,6.0,2,45.96194077712559,3600.0,96,0.9,41.36574669941303,False,0.0,0.0,0.0,,,,,False,False
I-95 HOV NB,HOV,110P04661,2025-10-29,6.0,2,45.96194077712559,3600.0,96,0.9,41.36574669941303,False,0.0,0.0,0.0,,,,,False,False
I-95 HOV NB,HOV,110P04661,2025-10-30,6.0,2,45.96194077712559,3600.0,96,0.9,41.36574669941303,False,0.0,0.0,0.0,,,,,False,False
I-95 HOV NB,HOV,110P04661,2025-10-31,6.0,2,45.96194077712559,3600.0,96,0.9,41.36574669941303,False,0.0,0.0,0.0,,,,,False,False
I-95 HOV NB,HOV,110+04662,2025-10-01,7.0,2,45.96194077712559,3600.0,96,0.9,41.36574669941303,False,0.0,0.0,0.0,,,,,False,False
I-95 HOV NB,HOV,110+04662,2025-10-02,7.0,2,45.96194077712559,3600.0,96,0.9,41.36574669941303,False,0.0,0.0,0.0,,,,,False,False
I-95 HOV NB,HOV,110+04662,2025-10-03,7.0,2,45.96194077712559,3600.0,96,0.9,41.36574669941303,False,0.0,0.0,0.0,,,,,False,False
I-95 HOV NB,HOV,110+04662,2025-10-06,7.0,2,45.96194077712559,3600.0,96,0.9,41.36574669941303,False,0.0,0.0,0.0,,,,,False,False
I-95 HOV NB,HOV,110+04662,2025-10-07,7.0,2,45.96194077712559,3600.0,96,0.9,41.36574669941303,False,0.0,0.0,0.0,,,,,False,False
I-95 HOV NB,HOV,110+04662,2025-10-08,7.0,2,45.96194077712559,3600.0,96,0.9,41.36574669941303,False,0.0,0.0,0.0,,,,,False,False
I-95 HOV NB,HOV,110+04662,2025-10-09,7.0,2,45.96194077712559,3600.0,96,0.9,41.36574669941303,False,0.0,0.0,0.0,,,,,False,False
I-95 HOV NB,HOV,110+04662,2025-10-10,7.0,2,45.96194077712559,3600.0,96,0.9,41.36574669941303,False,0.0,0.0,0.0,,,,,False,False
I-95 HOV NB,HOV,110+04662,2025-10-13,7.0,2,45.96194077712559,3600.0,96,0.9,41.36574669941303,False,0.0,0.0,0.0,,,,,False,False
I-95 HOV NB,HOV,110+04662,2025-10-14,7.0,2,45.96194077712559,3600.0,96,0.9,41.36574669941303,False,0.0,0.0,0.0,,,,,False,False
I-95 HOV NB,HOV,110+04662,2025-10-15,7.0,2,45.96194077712559,3600.0,96,0.9,41.36574669941303,False,0.0,0.0,0.0,,,,,False,False
I-95 HOV NB,HOV,110+04662,2025-10-16,7.0,2,45.96194077712559,3600.0,96,0.9,41.36574669941303,False,0.0,0.0,0.0,,,,,False,False
I-95 HOV NB,HOV,110+04662,2025-10-17,7.0,2,45.96194077712559,3600.0,96,0.9,41.36574669941303,False,0.0,0.0,0.0,,,,,False,False
I-95 HOV NB,HOV,110+04662,2025-10-20,7.0,2,45.96194077712559,3600.0,96,0.9,41.36574669941303,False,0.0,0.0,0.0,,,,,False,False
I-95 HOV NB,HOV,110+04662,2025-10-21,7.0,2,45.96194077712559,3600.0,96,0.9,41.36574669941303,False,0.0,0.0,0.0,,,,,False,False
I-95 HOV NB,HOV,110+04662,2025-10-22,7.0,2,45.96194077712559,3600.0,96,0.9,41.36574669941303,False,0.0,0.0,0.0,,,,,False,False
I-95 HOV NB,HOV,110+04662,2025-10-23,7.0,2,45.96194077712559,3600.0,96,0.9,41.36574669941303,False,0.0,0.0,0.0,,,,,False,False
I-95 HOV NB,HOV,110+04662,2025-10-24,7.0,2,45.96194077712559,3600.0,96,0.9,41.36574669941303,False,0.0,0.0,0.0,,,,,False,False
I-95 HOV NB,HOV,110+04662,2025-10-27,7.0,2,45.96194077712559,3600.0,96,0.9,41.36574669941303,False,0.0,0.0,0.0,,,,,False,False
I-95 HOV NB,HOV,110+04662,2025-10-28,7.0,2,45.96194077712559,3600.0,96,0.9,41.36574669941303,False,0.0,0.0,0.0,,,,,False,False
I-95 HOV NB,HOV,110+04662,2025-10-29,7.0,2,45.96194077712559,3600.0,96,0.9,41.36574669941303,False,0.0,0.0,0.0,,,,,False,False
I-95 HOV NB,HOV,110+04662,2025-10-30,7.0,2,45.96194077712559,3600.0,96,0.9,41.36574669941303,False,0.0,0.0,0.0,,,,,False,False
I-95 HOV NB,HOV,110+04662,2025-10-31,7.0,2,45.96194077712559,3600.0,96,0.9,41.36574669941303,False,0.0,0.0,0.0,,,,,False,False
I-95 HOV NB,HOV,110P04662,2025-10-01,8.0,2,45.96194077712559,3600.0,96,0.9,41.36574669941303,False,0.0,0.0,0.0,,,,,False,False
I-95 HOV NB,HOV,110P04662,2025-10-02,8.0,2,45.96194077712559,3600.0,96,0.9,41.36574669941303,False,0.0,0.0,0.0,,,,,False,False
I-95 HOV NB,HOV,110P04662,2025-10-03,8.0,2,45.96194077712559,3600.0,96,0.9,41.36574669941303,False,0.0,0.0,0.0,,,,,False,False
I-95 HOV NB,HOV,110P04662,2025-10-06,8.0,2,45.96194077712559,3600.0,96,0.9,41.36574669941303,False,0.0,0.0,0.0,,,,,False,False
I-95 HOV NB,HOV,110P04662,2025-10-07,8.0,2,45.96194077712559,3600.0,96,0.9,41.36574669941303,False,0.0,0.0,0.0,,,,,False,False
I-95 HOV NB,HOV,110P04662,2025-10-08,8.0,2,45.96194077712559,3600.0,96,0.9,41.36574669941303,False,0.0,0.0,0.0,,,,,False,False
I-95 HOV NB,HOV,110P04662,2025-10-09,8.0,2,45.96194077712559,3600.0,96,0.9,41.36574669941303,False,0.0,0.0,0.0,,,,,False,False
I-95 HOV NB,HOV,110P04662,2025-10-10,8.0,2,45.96194077712559,3600.0,96,0.9,41.36574669941303,False,0.0,0.0,0.0,,,,,False,False
I-95 HOV NB,HOV,110P04662,2025-10-13,8.0,2,45.96194077712559,3600.0,96,0.9,41.36574669941303,False,0.0,0.0,0.0,,,,,False,False
I-95 HOV NB,HOV,110P04662,2025-10-14,8.0,2,45.96194077712559,3600.0,96,0.9,41.36574669941303,False,0.0,0.0,0.0,,,,,False,False
I-95 HOV NB,HOV,110P04662,2025-10-15,8.0,2,45.96194077712559,3600.0,96,0.9,41.36574669941303,False,0.0,0.0,0.0,,,,,False,False
I-95 HOV NB,HOV,110P04662,2025-10-16,8.0,2,45.96194077712559,3600.0,96,0.9,41.36574669941303,False,0.0,0.0,0.0,,,,,False,False
I-95 HOV NB,HOV,110P04662,2025-10-17,8.0,2,45.96194077712559,3600.0,96,0.9,41.36574669941303,False,0.0,0.0,0.0,,,,,False,False
I-95 HOV NB,HOV,110P04662,2025-10-20,8.0,2,45.96194077712559,3600.0,96,0.9,41.36574669941303,False,0.0,0.0,0.0,,,,,False,False
I-95 HOV NB,HOV,110P04662,2025-10-21,8.0,2,45.96194077712559,3600.0,96,0.9,41.36574669941303,False,0.0,0.0,0.0,,,,,False,False
I-95 HOV NB,HOV,110P04662,2025-10-22,8.0,2,45.96194077712559,3600.0,96,0.9,41.36574669941303,False,0.0,0.0,0.0,,,,,False,False
I-95 HOV NB,HOV,110P04662,2025-10-23,8.0,2,45.96194077712559,3600.0,96,0.9,41.36574669941303,False,0.0,0.0,0.0,,,,,False,False
I-95 HOV NB,HOV,110P04662,2025-10-24,8.0,2,45.96194077712559,3600.0,96,0.9,41.36574669941303,False,0.0,0.0,0.0,,,,,False,False
I-95 HOV NB,HOV,110P04662,2025-10-27,8.0,2,45.96194077712559,3600.0,96,0.9,41.36574669941303,False,0.0,0.0,0.0,,,,,False,False
I-95 HOV NB,HOV,110P04662,2025-10-28,8.0,2,45.96194077712559,3600.0,96,0.9,41.36574669941303,False,0.0,0.0,0.0,,,,,False,False
I-95 HOV NB,HOV,110P04662,2025-10-29,8.0,2,45.96194077712559,3600.0,96,0.9,41.36574669941303,False,0.0,0.0,0.0,,,,,False,False
I-95 HOV NB,HOV,110P04662,2025-10-30,8.0,2,45.96194077712559,3600.0,96,0.9,41.36574669941303,False,0.0,0.0,0.0,,,,,False,False
I-95 HOV NB,HOV,110P04662,2025-10-31,8.0,2,45.96194077712559,3600.0,96,0.9,41.36574669941303,False,0.0,0.0,0.0,,,,,False,False
I-95 HOV NB,HOV,110P04665,2025-10-01,13.1,3,45.96194077712559,5400.0,96,0.9,41.36574669941303,False,0.0,0.0,0.0,,,,,False,False
I-95 HOV NB,HOV,110P04665,2025-10-02,13.1,3,45.96194077712559,5400.0,96,0.9,41.36574669941303,False,0.0,0.0,0.0,,,,,False,False
I-95 HOV NB,HOV,110P04665,2025-10-03,13.1,3,45.96194077712559,5400.0,96,0.9,41.36574669941303,False,0.0,0.0,0.0,,,,,False,False
I-95 HOV NB,HOV,110P04665,2025-10-06,13.1,3,45.96194077712559,5400.0,96,0.9,41.36574669941303,False,0.0,0.0,0.0,,,,,False,False
I-95 HOV NB,HOV,110P04665,2025-10-07,13.1,3,45.96194077712559,5400.0,96,0.9,41.36574669941303,False,0.0,0.0,0.0,,,,,False,False
I-95 HOV NB,HOV,110P04665,2025-10-08,13.1,3,45.96194077712559,5400.0,96,0.9,41.36574669941303,False,0.0,0.0,0.0,,,,,False,False
I-95 HOV NB,HOV,110P04665,2025-10-09,13.1,3,45.96194077712559,5400.0,96,0.9,41.36574669941303,False,0.0,0.0,0.0,,,,,False,False
I-95 HOV NB,HOV,110P04665,2025-10-10,13.1,3,45.96194077712559,5400.0,96,0.9,41.36574669941303,False,0.0,0.0,0.0,,,,,False,False
I-95 HOV NB,HOV,110P04665,2025-10-13,13.1,3,45.96194077712559,5400.0,96,0.9,41.36574669941303,False,0.0,0.0,0.0,,,,,False,False
I-95 HOV NB,HOV,110P04665,2025-10-14,13.1,3,45.96194077712559,5400.0,96,0.9,41.36574669941303,False,0.0,0.0,0.0,,,,,False,False
I-95 HOV NB,HOV,110P04665,2025-10-15,13.1,3,45.96194077712559,5400.0,96,0.9,41.36574669941303,False,0.0,0.0,0.0,,,,,False,False
I-95 HOV NB,HOV,110P04665,2025-10-16,13.1,3,45.96194077712559,5400.0,96,0.9,41.36574669941303,False,0.0,0.0,0.0,,,,,False,False
I-95 HOV NB,HOV,110P04665,2025-10-17,13.1,3,45.96194077712559,5400.0,96,0.9,41.36574669941303,False,0.0,0.0,0.0,,,,,False,False
I-95 HOV NB,HOV,110P04665,2025-10-20,13.1,3,45.96194077712559,5400.0,96,0.9,41.36574669941303,False,0.0,0.0,0.0,,,,,False,False
I-95 HOV NB,HOV,110P04665,2025-10-21,13.1,3,45.96194077712559,5400.0,96,0.9,41.36574669941303,False,0.0,0.0,0.0,,,,,False,False
I-95 HOV NB,HOV,110P04665,2025-10-22,13.1,3,45.96194077712559,5400.0,96,0.9,41.36574669941303,False,0.0,0.0,0.0,,,,,False,False
I-95 HOV NB,HOV,110P04665,2025-10-23,13.1,3,45.96194077712559,5400.0,96,0.9,41.36574669941303,False,0.0,0.0,0.0,,,,,False,False
I-95 HOV NB,HOV,110P04665,2025-10-24,13.1,3,45.96194077712559,5400.0,96,0.9,41.36574669941303,False,0.0,0.0,0.0,,,,,False,False
I-95 HOV NB,HOV,110P04665,2025-10-27,13.1,3,45.96194077712559,5400.0,96,0.9,41.36574669941303,False,0.0,0.0,0.0,,,,,False,False
I-95 HOV NB,HOV,110P04665,2025-10-28,13.1,3,45.96194077712559,5400.0,96,0.9,41.36574669941303,False,0.0,0.0,0.0,,,,,False,False
I-95 HOV NB,HOV,110P04665,2025-10-29,13.1,3,45.96194077712559,5400.0,96,0.9,41.36574669941303,False,0.0,0.0,0.0,,,,,False,False
I-95 HOV NB,HOV,110P04665,2025-10-30,13.1,3,45.96194077712559,5400.0,96,0.9,41.36574669941303,False,0.0,0.0,0.0,,,,,False,False
I-95 HOV NB,HOV,110P04665,2025-10-31,13.1,3,45.96194077712559,5400.0,96,0.9,41.36574669941303,False,0.0,0.0,0.0,,,,,False,False
I-95 HOV NB,HOV,110+04666,2025-10-01,14.0,3,45.96194077712559,5400.0,96,0.9,41.36574669941303,False,0.0,0.0,0.0,,,,,False,False
I-95 HOV NB,HOV,110+04666,2025-10-02,14.0,3,45.96194077712559,5400.0,96,0.9,41.36574669941303,False,0.0,0.0,0.0,,,,,False,False
I-95 HOV NB,HOV,110+04666,2025-10-03,14.0,3,45.96194077712559,5400.0,96,0.9,41.36574669941303,False,0.0,0.0,0.0,,,,,False,False
I-95 HOV NB,HOV,110+04666,2025-10-06,14.0,3,45.96194077712559,5400.0,96,0.9,41.36574669941303,False,0.0,0.0,0.0,,,,,False,False
I-95 HOV NB,HOV,110+04666,2025-10-07,14.0,3,45.96194077712559,5400.0,96,0.9,41.36574669941303,False,0.0,0.0,0.0,,,,,False,False
I-95 HOV NB,HOV,110+04666,2025-10-08,14.0,3,45.96194077712559,5400.0,96,0.9,41.36574669941303,False,0.0,0.0,0.0,,,,,False,False
I-95 HOV NB,HOV,110+04666,2025-10-09,14.0,3,45.96194077712559,5400.0,96,0.9,41.36574669941303,False,0.0,0.0,0.0,,,,,False,False
I-95 HOV NB,HOV,110+04666,2025-10-10,14.0,3,45.96194077712559,5400.0,96,0.9,41.36574669941303,False,0.0,0.0,0.0,,,,,False,False
I-95 HOV NB,HOV,110+04666,2025-10-13,14.0,3,45.96194077712559,5400.0,96,0.9,41.36574669941303,False,0.0,0.0,0.0,,,,,False,False
I-95 HOV NB,HOV,110+04666,2025-10-14,14.0,3,45.96194077712559,5400.0,96,0.9,41.36574669941303,False,0.0,0.0,0.0,,,,,False,False
I-95 HOV NB,HOV,110+04666,2025-10-15,14.0,3,45.96194077712559,5400.0,96,0.9,41.36574669941303,False,0.0,0.0,0.0,,,,,False,False
I-95 HOV NB,HOV,110+04666,2025-10-16,14.0,3,45.96194077712559,5400.0,96,0.9,41.36574669941303,False,0.0,0.0,0.0,,,,,False,False
I-95 HOV NB,HOV,110+04666,2025-10-17,14.0,3,45.96194077712559,5400.0,96,0.9,41.36574669941303,False,0.0,0.0,0.0,,,,,False,False
I-95 HOV NB,HOV,110+04666,2025-10-20,14.0,3,45.96194077712559,5400.0,96,0.9,41.36574669941303,False,0.0,0.0,0.0,,,,,False,False
I-95 HOV NB,HOV,110+04666,2025-10-21,14.0,3,45.96194077712559,5400.0,96,0.9,41.36574669941303,False,0.0,0.0,0.0,,,,,False,False
I-95 HOV NB,HOV,110+04666,2025-10-22,14.0,3,45.96194077712559,5400.0,96,0.9,41.36574669941303,False,0.0,0.0,0.0,,,,,False,False
I-95 HOV NB,HOV,110+04666,2025-10-23,14.0,3,45.96194077712559,5400.0,96,0.9,41.36574669941303,False,0.0,0.0,0.0,,,,,False,False
I-95 HOV NB,HOV,110+04666,2025-10-24,14.0,3,45.96194077712559,5400.0,96,0.9,41.36574669941303,False,0.0,0.0,0.0,,,,,False,False
I-95 HOV NB,HOV,110+04666,2025-10-27,14.0,3,45.96194077712559,5400.0,96,0.9,41.36574669941303,False,0.0,0.0,0.0,,,,,False,False
I-95 HOV NB,HOV,110+04666,2025-10-28,14.0,3,45.96194077712559,5400.0,96,0.9,41.36574669941303,False,0.0,0.0,0.0,,,,,False,False
I-95 HOV NB,HOV,110+04666,2025-10-29,14.0,3,45.96194077712559,5400.0,96,0.9,41.36574669941303,False,0.0,0.0,0.0,,,,,False,False
I-95 HOV NB,HOV,110+04666,2025-10-30,14.0,3,45.96194077712559,5400.0,96,0.9,41.36574669941303,False,0.0,0.0,0.0,,,,,False,False
I-95 HOV NB,HOV,110+04666,2025-10-31,14.0,3,45.96194077712559,5400.0,96,0.9,41.36574669941303,False,0.0,0.0,0.0,,,,,False,False
I-95 HOV NB,HOV,110P04666,2025-10-01,15.0,3,45.96194077712559,5400.0,96,0.9,41.36574669941303,False,0.0,0.0,0.0,,,,,False,False
I-95 HOV NB,HOV,110P04666,2025-10-02,15.0,3,45.96194077712559,5400.0,96,0.9,41.36574669941303,False,0.0,0.0,0.0,,,,,False,False
I-95 HOV NB,HOV,110P04666,2025-10-03,15.0,3,45.96194077712559,5400.0,96,0.9,41.36574669941303,False,0.0,0.0,0.0,,,,,False,False
I-95 HOV NB,HOV,110P04666,2025-10-06,15.0,3,45.96194077712559,5400.0,96,0.9,41.36574669941303,False,0.0,0.0,0.0,,,,,False,False
I-95 HOV NB,HOV,110P04666,2025-10-07,15.0,3,45.96194077712559,5400.0,96,0.9,41.36574669941303,False,0.0,0.0,0.0,,,,,False,False
I-95 HOV NB,HOV,110P04666,2025-10-08,15.0,3,45.96194077712559,5400.0,96,0.9,41.36574669941303,False,0.0,0.0,0.0,,,,,False,False
I-95 HOV NB,HOV,110P04666,2025-10-09,15.0,3,45.96194077712559,5400.0,96,0.9,41.36574669941303,False,0.0,0.0,0.0,,,,,False,False
I-95 HOV NB,HOV,110P04666,2025-10-10,15.0,3,45.96194077712559,5400.0,96,0.9,41.36574669941303,False,0.0,0.0,0.0,,,,,False,False
I-95 HOV NB,HOV,110P04666,2025-10-13,15.0,3,45.96194077712559,5400.0,96,0.9,41.36574669941303,False,0.0,0.0,0.0,,,,,False,False
I-95 HOV NB,HOV,110P04666,2025-10-14,15.0,3,45.96194077712559,5400.0,96,0.9,41.36574669941303,False,0.0,0.0,0.0,,,,,False,False
I-95 HOV NB,HOV,110P04666,2025-10-15,15.0,3,45.96194077712559,5400.0,96,0.9,41.36574669941303,False,0.0,0.0,0.0,,,,,False,False
I-95 HOV NB,HOV,110P04666,2025-10-16,15.0,3,45.96194077712559,5400.0,96,0.9,41.36574669941303,False,0.0,0.0,0.0,,,,,False,False
I-95 HOV NB,HOV,110P04666,2025-10-17,15.0,3,45.96194077712559,5400.0,96,0.9,41.36574669941303,False,0.0,0.0,0.0,,,,,False,False
I-95 HOV NB,HOV,110P04666,2025-10-20,15.0,3,45.96194077712559,5400.0,96,0.9,41.36574669941303,False,0.0,0.0,0.0,,,,,False,False
I-95 HOV NB,HOV,110P04666,2025-10-21,15.0,3,45.96194077712559,5400.0,96,0.9,41.36574669941303,False,0.0,0.0,0.0,,,,,False,False
I-95 HOV NB,HOV,110P04666,2025-10-22,15.0,3,45.96194077712559,5400.0,96,0.9,41.36574669941303,False,0.0,0.0,0.0,,,,,False,False
I-95 HOV NB,HOV,110P04666,2025-10-23,15.0,3,45.96194077712559,5400.0,96,0.9,41.36574669941303,False,0.0,0.0,0.0,,,,,False,False
I-95 HOV NB,HOV,110P04666,2025-10-24,15.0,3,45.96194077712559,5400.0,96,0.9,41.36574669941303,False,0.0,0.0,0.0,,,,,False,False
I-95 HOV NB,HOV,110P04666,2025-10-27,15.0,3,45.96194077712559,5400.0,96,0.9,41.36574669941303,False,0.0,0.0,0.0,,,,,False,False
I-95 HOV NB,HOV,110P04666,2025-10-28,15.0,3,45.96194077712559,5400.0,96,0.9,41.36574669941303,False,0.0,0.0,0.0,,,,,False,False
I-95 HOV NB,HOV,110P04666,2025-10-29,15.0,3,45.96194077712559,5400.0,96,0.9,41.36574669941303,False,0.0,0.0,0.0,,,,,False,False
I-95 HOV NB,HOV,110P04666,2025-10-30,15.0,3,45.96194077712559,5400.0,96,0.9,41.36574669941303,False,0.0,0.0,0.0,,,,,False,False
I-95 HOV NB,HOV,110P04666,2025-10-31,15.0,3,45.96194077712559,5400.0,96,0.9,41.36574669941303,False,0.0,0.0,0.0,,,,,False,False
I-95 HOV NB,HOV,110+04667,2025-10-01,16.0,3,45.96194077712559,5400.0,96,0.9,41.36574669941303,False,0.0,0.0,0.0,,,,,False,False
I-95 HOV NB,HOV,110+04667,2025-10-02,16.0,3,45.96194077712559,5400.0,96,0.9,41.36574669941303,False,0.0,0.0,0.0,,,,,False,False
I-95 HOV NB,HOV,110+04667,2025-10-03,16.0,3,45.96194077712559,5400.0,96,0.9,41.36574669941303,False,0.0,0.0,0.0,,,,,False,False
I-95 HOV NB,HOV,110+04667,2025-10-06,16.0,3,45.96194077712559,5400.0,96,0.9,41.36574669941303,False,0.0,0.0,0.0,,,,,False,False
I-95 HOV NB,HOV,110+04667,2025-10-07,16.0,3,45.96194077712559,5400.0,96,0.9,41.36574669941303,False,0.0,0.0,0.0,,,,,False,False
I-95 HOV NB,HOV,110+04667,2025-10-08,16.0,3,45.96194077712559,5400.0,96,0.9,41.36574669941303,False,0.0,0.0,0.0,,,,,False,False
I-95 HOV NB,HOV,110+04667,2025-10-09,16.0,3,45.96194077712559,5400.0,96,0.9,41.36574669941303,False,0.0,0.0,0.0,,,,,False,False
I-95 HOV NB,HOV,110+04667,2025-10-10,16.0,3,45.96194077712559,5400.0,96,0.9,41.36574669941303,False,0.0,0.0,0.0,,,,,False,False
I-95 HOV NB,HOV,110+04667,2025-10-13,16.0,3,45.96194077712559,5400.0,96,0.9,41.36574669941303,False,0.0,0.0,0.0,,,,,False,False
I-95 HOV NB,HOV,110+04667,2025-10-14,16.0,3,45.96194077712559,5400.0,96,0.9,41.36574669941303,False,0.0,0.0,0.0,,,,,False,False
I-95 HOV NB,HOV,110+04667,2025-10-15,16.0,3,45.96194077712559,5400.0,96,0.9,41.36574669941303,False,0.0,0.0,0.0,,,,,False,False
I-95 HOV NB,HOV,110+04667,2025-10-16,16.0,3,45.96194077712559,5400.0,96,0.9,41.36574669941303,False,0.0,0.0,0.0,,,,,False,False
I-95 HOV NB,HOV,110+04667,2025-10-17,16.0,3,45.96194077712559,5400.0,96,0.9,41.36574669941303,False,0.0,0.0,0.0,,,,,False,False
I-95 HOV NB,HOV,110+04667,2025-10-20,16.0,3,45.96194077712559,5400.0,96,0.9,41.36574669941303,False,0.0,0.0,0.0,,,,,False,False
I-95 HOV NB,HOV,110+04667,2025-10-21,16.0,3,45.96194077712559,5400.0,96,0.9,41.36574669941303,False,0.0,0.0,0.0,,,,,False,False
I-95 HOV NB,HOV,110+04667,2025-10-22,16.0,3,45.96194077712559,5400.0,96,0.9,41.36574669941303,False,0.0,0.0,0.0,,,,,False,False
I-95 HOV NB,HOV,110+04667,2025-10-23,16.0,3,45.96194077712559,5400.0,96,0.9,41.36574669941303,False,0.0,0.0,0.0,,,,,False,False
I-95 HOV NB,HOV,110+04667,2025-10-24,16.0,3,45.96194077712559,5400.0,96,0.9,41.36574669941303,False,0.0,0.0,0.0,,,,,False,False
I-95 HOV NB,HOV,110+04667,2025-10-27,16.0,3,45.96194077712559,5400.0,96,0.9,41.36574669941303,False,0.0,0.0,0.0,,,,,False,False
I-95 HOV NB,HOV,110+04667,2025-10-28,16.0,3,45.96194077712559,5400.0,96,0.9,41.36574669941303,False,0.0,0.0,0.0,,,,,False,False
I-95 HOV NB,HOV,110+04667,2025-10-29,16.0,3,45.96194077712559,5400.0,96,0.9,41.36574669941303,False,0.0,0.0,0.0,,,,,False,False
I-95 HOV NB,HOV,110+04667,2025-10-30,16.0,3,45.96194077712559,5400.0,96,0.9,41.36574669941303,False,0.0,0.0,0.0,,,,,False,False
I-95 HOV NB,HOV,110+04667,2025-10-31,16.0,3,45.96194077712559,5400.0,96,0.9,41.36574669941303,False,0.0,0.0,0.0,,,,,False,False
I-95 HOV NB,HOV,110P04667,2025-10-01,17.0,3,45.96194077712559,5400.0,96,0.9,41.36574669941303,False,0.0,0.0,0.0,,,,,False,False
I-95 HOV NB,HOV,110P04667,2025-10-02,17.0,3,45.96194077712559,5400.0,96,0.9,41.36574669941303,False,0.0,0.0,0.0,,,,,False,False
I-95 HOV NB,HOV,110P04667,2025-10-03,17.0,3,45.96194077712559,5400.0,96,0.9,41.36574669941303,False,0.0,0.0,0.0,,,,,False,False
I-95 HOV NB,HOV,110P04667,2025-10-06,17.0,3,45.96194077712559,5400.0,96,0.9,41.36574669941303,False,0.0,0.0,0.0,,,,,False,False
I-95 HOV NB,HOV,110P04667,2025-10-07,17.0,3,45.96194077712559,5400.0,96,0.9,41.36574669941303,False,0.0,0.0,0.0,,,,,False,False
I-95 HOV NB,HOV,110P04667,2025-10-08,17.0,3,45.96194077712559,5400.0,96,0.9,41.36574669941303,False,0.0,0.0,0.0,,,,,False,False
I-95 HOV NB,HOV,110P04667,2025-10-09,17.0,3,45.96194077712559,5400.0,96,0.9,41.36574669941303,False,0.0,0.0,0.0,,,,,False,False
I-95 HOV NB,HOV,110P04667,2025-10-10,17.0,3,45.96194077712559,5400.0,96,0.9,41.36574669941303,False,0.0,0.0,0.0,,,,,False,False
I-95 HOV NB,HOV,110P04667,2025-10-13,17.0,3,45.96194077712559,5400.0,96,0.9,41.36574669941303,False,0.0,0.0,0.0,,,,,False,False
I-95 HOV NB,HOV,110P04667,2025-10-14,17.0,3,45.96194077712559,5400.0,96,0.9,41.36574669941303,False,0.0,0.0,0.0,,,,,False,False
I-95 HOV NB,HOV,110P04667,2025-10-15,17.0,3,45.96194077712559,5400.0,96,0.9,41.36574669941303,False,0.0,0.0,0.0,,,,,False,False
I-95 HOV NB,HOV,110P04667,2025-10-16,17.0,3,45.96194077712559,5400.0,96,0.9,41.36574669941303,False,0.0,0.0,0.0,,,,,False,False
I-95 HOV NB,HOV,110P04667,2025-10-17,17.0,3,45.96194077712559,5400.0,96,0.9,41.36574669941303,False,0.0,0.0,0.0,,,,,False,False
I-95 HOV NB,HOV,110P04667,2025-10-20,17.0,3,45.96194077712559,5400.0,96,0.9,41.36574669941303,False,0.0,0.0,0.0,,,,,False,False
I-95 HOV NB,HOV,110P04667,2025-10-21,17.0,3,45.96194077712559,5400.0,96,0.9,41.36574669941303,False,0.0,0.0,0.0,,,,,False,False
I-95 HOV NB,HOV,110P04667,2025-10-22,17.0,3,45.96194077712559,5400.0,96,0.9,41.36574669941303,False,0.0,0.0,0.0,,,,,False,False
I-95 HOV NB,HOV,110P04667,2025-10-23,17.0,3,45.96194077712559,5400.0,96,0.9,41.36574669941303,False,0.0,0.0,0.0,,,,,False,False
I-95 HOV NB,HOV,110P04667,2025-10-24,17.0,3,45.96194077712559,5400.0,96,0.9,41.36574669941303,False,0.0,0.0,0.0,,,,,False,False
I-95 HOV NB,HOV,110P04667,2025-10-27,17.0,3,45.96194077712559,5400.0,96,0.9,41.36574669941303,False,0.0,0.0,0.0,,,,,False,False
I-95 HOV NB,HOV,110P04667,2025-10-28,17.0,3,45.96194077712559,5400.0,96,0.9,41.36574669941303,False,0.0,0.0,0.0,,,,,False,False
I-95 HOV NB,HOV,110P04667,2025-10-29,17.0,3,45.96194077712559,5400.0,96,0.9,41.36574669941303,False,0.0,0.0,0.0,,,,,False,False
I-95 HOV NB,HOV,110P04667,2025-10-30,17.0,3,45.96194077712559,5400.0,96,0.9,41.36574669941303,False,0.0,0.0,0.0,,,,,False,False
I-95 HOV NB,HOV,110P04667,2025-10-31,17.0,3,45.96194077712559,5400.0,96,0.9,41.36574669941303,False,0.0,0.0,0.0,,,,,False,False
I-95 HOV NB,HOV,110+04668,2025-10-01,18.0,3,45.96194077712559,5400.0,96,0.9,41.36574669941303,False,0.0,0.0,0.0,,,,,False,False
I-95 HOV NB,HOV,110+04668,2025-10-02,18.0,3,45.96194077712559,5400.0,96,0.9,41.36574669941303,False,0.0,0.0,0.0,,,,,False,False
I-95 HOV NB,HOV,110+04668,2025-10-03,18.0,3,45.96194077712559,5400.0,96,0.9,41.36574669941303,False,0.0,0.0,0.0,,,,,False,False
I-95 HOV NB,HOV,110+04668,2025-10-06,18.0,3,45.96194077712559,5400.0,96,0.9,41.36574669941303,False,0.0,0.0,0.0,,,,,False,False
I-95 HOV NB,HOV,110+04668,2025-10-07,18.0,3,45.96194077712559,5400.0,96,0.9,41.36574669941303,False,0.0,0.0,0.0,,,,,False,False
I-95 HOV NB,HOV,110+04668,2025-10-08,18.0,3,45.96194077712559,5400.0,96,0.9,41.36574669941303,False,0.0,0.0,0.0,,,,,False,False
I-95 HOV NB,HOV,110+04668,2025-10-09,18.0,3,45.96194077712559,5400.0,96,0.9,41.36574669941303,False,0.0,0.0,0.0,,,,,False,False
I-95 HOV NB,HOV,110+04668,2025-10-10,18.0,3,45.96194077712559,5400.0,96,0.9,41.36574669941303,False,0.0,0.0,0.0,,,,,False,False
I-95 HOV NB,HOV,110+04668,2025-10-13,18.0,3,45.96194077712559,5400.0,96,0.9,41.36574669941303,False,0.0,0.0,0.0,,,,,False,False
I-95 HOV NB,HOV,110+04668,2025-10-14,18.0,3,45.96194077712559,5400.0,96,0.9,41.36574669941303,False,0.0,0.0,0.0,,,,,False,False
I-95 HOV NB,HOV,110+04668,2025-10-15,18.0,3,45.96194077712559,5400.0,96,0.9,41.36574669941303,False,0.0,0.0,0.0,,,,,False,False
I-95 HOV NB,HOV,110+04668,2025-10-16,18.0,3,45.96194077712559,5400.0,96,0.9,41.36574669941303,False,0.0,0.0,0.0,,,,,False,False
I-95 HOV NB,HOV,110+04668,2025-10-17,18.0,3,45.96194077712559,5400.0,96,0.9,41.36574669941303,False,0.0,0.0,0.0,,,,,False,False
I-95 HOV NB,HOV,110+04668,2025-10-20,18.0,3,45.96194077712559,5400.0,96,0.9,41.36574669941303,False,0.0,0.0,0.0,,,,,False,False
I-95 HOV NB,HOV,110+04668,2025-10-21,18.0,3,45.96194077712559,5400.0,96,0.9,41.36574669941303,False,0.0,0.0,0.0,,,,,False,False
I-95 HOV NB,HOV,110+04668,2025-10-22,18.0,3,45.96194077712559,5400.0,96,0.9,41.36574669941303,False,0.0,0.0,0.0,,,,,False,False
I-95 HOV NB,HOV,110+04668,2025-10-23,18.0,3,45.96194077712559,5400.0,96,0.9,41.36574669941303,False,0.0,0.0,0.0,,,,,False,False
I-95 HOV NB,HOV,110+04668,2025-10-24,18.0,3,45.96194077712559,5400.0,96,0.9,41.36574669941303,False,0.0,0.0,0.0,,,,,False,False
I-95 HOV NB,HOV,110+04668,2025-10-27,18.0,3,45.96194077712559,5400.0,96,0.9,41.36574669941303,False,0.0,0.0,0.0,,,,,False,False
I-95 HOV NB,HOV,110+04668,2025-10-28,18.0,3,45.96194077712559,5400.0,96,0.9,41.36574669941303,False,0.0,0.0,0.0,,,,,False,False
I-95 HOV NB,HOV,110+04668,2025-10-29,18.0,3,45.96194077712559,5400.0,96,0.9,41.36574669941303,False,0.0,0.0,0.0,,,,,False,False
I-95 HOV NB,HOV,110+04668,2025-10-30,18.0,3,45.96194077712559,5400.0,96,0.9,41.36574669941303,False,0.0,0.0,0.0,,,,,False,False
I-95 HOV NB,HOV,110+04668,2025-10-31,18.0,3,45.96194077712559,5400.0,96,0.9,41.36574669941303,False,0.0,0.0,0.0,,,,,False,False
I-95 HOV NB,HOV,110P04668,2025-10-01,19.0,3,45.96194077712559,5400.0,96,0.9,41.36574669941303,False,0.0,0.0,0.0,,,,,False,False
I-95 HOV NB,HOV,110P04668,2025-10-02,19.0,3,45.96194077712559,5400.0,96,0.9,41.36574669941303,False,0.0,0.0,0.0,,,,,False,False
I-95 HOV NB,HOV,110P04668,2025-10-03,19.0,3,45.96194077712559,5400.0,96,0.9,41.36574669941303,False,0.0,0.0,0.0,,,,,False,False
I-95 HOV NB,HOV,110P04668,2025-10-06,19.0,3,45.96194077712559,5400.0,96,0.9,41.36574669941303,False,0.0,0.0,0.0,,,,,False,False
I-95 HOV NB,HOV,110P04668,2025-10-07,19.0,3,45.96194077712559,5400.0,96,0.9,41.36574669941303,False,0.0,0.0,0.0,,,,,False,False
I-95 HOV NB,HOV,110P04668,2025-10-08,19.0,3,45.96194077712559,5400.0,96,0.9,41.36574669941303,False,0.0,0.0,0.0,,,,,False,False
I-95 HOV NB,HOV,110P04668,2025-10-09,19.0,3,45.96194077712559,5400.0,96,0.9,41.36574669941303,False,0.0,0.0,0.0,,,,,False,False
I-95 HOV NB,HOV,110P04668,2025-10-10,19.0,3,45.96194077712559,5400.0,95,0.9,41.36574669941303,False,0.0,0.0,0.0,,,,,False,False
I-95 HOV NB,HOV,110P04668,2025-10-13,19.0,3,45.96194077712559,5400.0,96,0.9,41.36574669941303,False,0.0,0.0,0.0,,,,,False,False
I-95 HOV NB,HOV,110P04668,2025-10-14,19.0,3,45.96194077712559,5400.0,96,0.9,41.36574669941303,True,0.9543170815736289,3822.4538271443616,0.7078618198415485,459.4446561279408,516.7036810223585,14.50111111111111,495.0,False,False
I-95 HOV NB,HOV,110P04668,2025-10-15,19.0,3,45.96194077712559,5400.0,96,0.9,41.36574669941303,False,0.0,0.0,0.0,,,,,False,False
I-95 HOV NB,HOV,110P04668,2025-10-16,19.0,3,45.96194077712559,5400.0,96,0.9,41.36574669941303,False,0.0,0.0,0.0,,,,,False,False
I-95 HOV NB,HOV,110P04668,2025-10-17,19.0,3,45.96194077712559,5400.0,96,0.9,41.36574669941303,False,0.0,0.0,0.0,,,,,False,False
I-95 HOV NB,HOV,110P04668,2025-10-20,19.0,3,45.96194077712559,5400.0,96,0.9,41.36574669941303,False,0.0,0.0,0.0,,,,,False,False
I-95 HOV NB,HOV,110P04668,2025-10-21,19.0,3,45.96194077712559,5400.0,96,0.9,41.36574669941303,False,0.0,0.0,0.0,,,,,False,False
I-95 HOV NB,HOV,110P04668,2025-10-22,19.0,3,45.96194077712559,5400.0,96,0.9,41.36574669941303,False,0.0,0.0,0.0,,,,,False,False
I-95 HOV NB,HOV,110P04668,2025-10-23,19.0,3,45.96194077712559,5400.0,96,0.9,41.36574669941303,False,0.0,0.0,0.0,,,,,False,False
I-95 HOV NB,HOV,110P04668,2025-10-24,19.0,3,45.96194077712559,5400.0,96,0.9,41.36574669941303,False,0.0,0.0,0.0,,,,,False,False
I-95 HOV NB,HOV,110P04668,2025-10-27,19.0,3,45.96194077712559,5400.0,96,0.9,41.36574669941303,False,0.0,0.0,0.0,,,,,False,False
I-95 HOV NB,HOV,110P04668,2025-10-28,19.0,3,45.96194077712559,5400.0,96,0.9,41.36574669941303,False,0.0,0.0,0.0,,,,,False,False
I-95 HOV NB,HOV,110P04668,2025-10-29,19.0,3,45.96194077712559,5400.0,96,0.9,41.36574669941303,False,0.0,0.0,0.0,,,,,False,False
I-95 HOV NB,HOV,110P04668,2025-10-30,19.0,3,45.96194077712559,5400.0,96,0.9,41.36574669941303,False,0.0,0.0,0.0,,,,,False,False
I-95 HOV NB,HOV,110P04668,2025-10-31,19.0,3,45.96194077712559,5400.0,96,0.9,41.36574669941303,False,0.0,0.0,0.0,,,,,False,False
I-95 HOV NB,HOV,110+04669,2025-10-01,20.0,3,45.96194077712559,5400.0,96,0.9,41.36574669941303,False,0.0,0.0,0.0,,,,,False,False
I-95 HOV NB,HOV,110+04669,2025-10-02,20.0,3,45.96194077712559,5400.0,96,0.9,41.36574669941303,False,0.0,0.0,0.0,,,,,False,False
I-95 HOV NB,HOV,110+04669,2025-10-03,20.0,3,45.96194077712559,5400.0,96,0.9,41.36574669941303,False,0.0,0.0,0.0,,,,,False,False
I-95 HOV NB,HOV,110+04669,2025-10-06,20.0,3,45.96194077712559,5400.0,96,0.9,41.36574669941303,False,0.0,0.0,0.0,,,,,False,False
I-95 HOV NB,HOV,110+04669,2025-10-07,20.0,3,45.96194077712559,5400.0,96,0.9,41.36574669941303,False,0.0,0.0,0.0,,,,,False,False
I-95 HOV NB,HOV,110+04669,2025-10-08,20.0,3,45.96194077712559,5400.0,96,0.9,41.36574669941303,False,0.0,0.0,0.0,,,,,False,False
I-95 HOV NB,HOV,110+04669,2025-10-09,20.0,3,45.96194077712559,5400.0,96,0.9,41.36574669941303,False,0.0,0.0,0.0,,,,,False,False
I-95 HOV NB,HOV,110+04669,2025-10-10,20.0,3,45.96194077712559,5400.0,95,0.9,41.36574669941303,False,0.0,0.0,0.0,,,,,False,False
I-95 HOV NB,HOV,110+04669,2025-10-13,20.0,3,45.96194077712559,5400.0,96,0.9,41.36574669941303,False,0.0,0.0,0.0,,,,,False,False
I-95 HOV NB,HOV,110+04669,2025-10-14,20.0,3,45.96194077712559,5400.0,96,0.9,41.36574669941303,True,1.165012577554837,3276.697517870077,0.6067958366426068,452.96484588949926,522.8656005427895,11.040000000000001,495.0,False,False
I-95 HOV NB,HOV,110+04669,2025-10-15,20.0,3,45.96194077712559,5400.0,96,0.9,41.36574669941303,False,0.0,0.0,0.0,,,,,False,False
I-95 HOV NB,HOV,110+04669,2025-10-16,20.0,3,45.96194077712559,5400.0,96,0.9,41.36574669941303,False,0.0,0.0,0.0,,,,,False,False
I-95 HOV NB,HOV,110+04669,2025-10-17,20.0,3,45.96194077712559,5400.0,96,0.9,41.36574669941303,False,0.0,0.0,0.0,,,,,False,False
I-95 HOV NB,HOV,110+04669,2025-10-20,20.0,3,45.96194077712559,5400.0,96,0.9,41.36574669941303,False,0.0,0.0,0.0,,,,,False,False
I-95 HOV NB,HOV,110+04669,2025-10-21,20.0,3,45.96194077712559,5400.0,96,0.9,41.36574669941303,False,0.0,0.0,0.0,,,,,False,False
I-95 HOV NB,HOV,110+04669,2025-10-22,20.0,3,45.96194077712559,5400.0,96,0.9,41.36574669941303,False,0.0,0.0,0.0,,,,,False,False
I-95 HOV NB,HOV,110+04669,2025-10-23,20.0,3,45.96194077712559,5400.0,96,0.9,41.36574669941303,False,0.0,0.0,0.0,,,,,False,False
I-95 HOV NB,HOV,110+04669,2025-10-24,20.0,3,45.96194077712559,5400.0,96,0.9,41.36574669941303,False,0.0,0.0,0.0,,,,,False,False
I-95 HOV NB,HOV,110+04669,2025-10-27,20.0,3,45.96194077712559,5400.0,96,0.9,41.36574669941303,False,0.0,0.0,0.0,,,,,False,False
I-95 HOV NB,HOV,110+04669,2025-10-28,20.0,3,45.96194077712559,5400.0,96,0.9,41.36574669941303,False,0.0,0.0,0.0,,,,,False,False
I-95 HOV NB,HOV,110+04669,2025-10-29,20.0,3,45.96194077712559,5400.0,96,0.9,41.36574669941303,False,0.0,0.0,0.0,,,,,False,False
I-95 HOV NB,HOV,110+04669,2025-10-30,20.0,3,45.96194077712559,5400.0,96,0.9,41.36574669941303,False,0.0,0.0,0.0,,,,,False,False
I-95 HOV NB,HOV,110+04669,2025-10-31,20.0,3,45.96194077712559,5400.0,96,0.9,41.36574669941303,False,0.0,0.0,0.0,,,,,False,False
I-95 HOV NB,HOV,110+04658,2025-10-01,1.0,2,45.96194077712559,3600.0,96,0.95,43.66384373826931,False,0.0,0.0,0.0,,,,,False,False
I-95 HOV NB,HOV,110+04658,2025-10-02,1.0,2,45.96194077712559,3600.0,96,0.95,43.66384373826931,False,0.0,0.0,0.0,,,,,False,False
I-95 HOV NB,HOV,110+04658,2025-10-03,1.0,2,45.96194077712559,3600.0,96,0.95,43.66384373826931,False,0.0,0.0,0.0,,,,,False,False
I-95 HOV NB,HOV,110+04658,2025-10-06,1.0,2,45.96194077712559,3600.0,96,0.95,43.66384373826931,False,0.0,0.0,0.0,,,,,False,False
I-95 HOV NB,HOV,110+04658,2025-10-07,1.0,2,45.96194077712559,3600.0,96,0.95,43.66384373826931,False,0.0,0.0,0.0,,,,,False,False
I-95 HOV NB,HOV,110+04658,2025-10-08,1.0,2,45.96194077712559,3600.0,96,0.95,43.66384373826931,False,0.0,0.0,0.0,,,,,False,False
I-95 HOV NB,HOV,110+04658,2025-10-09,1.0,2,45.96194077712559,3600.0,96,0.95,43.66384373826931,False,0.0,0.0,0.0,,,,,False,False
I-95 HOV NB,HOV,110+04658,2025-10-10,1.0,2,45.96194077712559,3600.0,96,0.95,43.66384373826931,False,0.0,0.0,0.0,,,,,False,False
I-95 HOV NB,HOV,110+04658,2025-10-13,1.0,2,45.96194077712559,3600.0,96,0.95,43.66384373826931,False,0.0,0.0,0.0,,,,,False,False
I-95 HOV NB,HOV,110+04658,2025-10-14,1.0,2,45.96194077712559,3600.0,96,0.95,43.66384373826931,False,0.0,0.0,0.0,,,,,False,False
I-95 HOV NB,HOV,110+04658,2025-10-15,1.0,2,45.96194077712559,3600.0,96,0.95,43.66384373826931,False,0.0,0.0,0.0,,,,,False,False
I-95 HOV NB,HOV,110+04658,2025-10-16,1.0,2,45.96194077712559,3600.0,96,0.95,43.66384373826931,False,0.0,0.0,0.0,,,,,False,False
I-95 HOV NB,HOV,110+04658,2025-10-17,1.0,2,45.96194077712559,3600.0,96,0.95,43.66384373826931,False,0.0,0.0,0.0,,,,,False,False
I-95 HOV NB,HOV,110+04658,2025-10-20,1.0,2,45.96194077712559,3600.0,96,0.95,43.66384373826931,False,0.0,0.0,0.0,,,,,False,False
I-95 HOV NB,HOV,110+04658,2025-10-21,1.0,2,45.96194077712559,3600.0,96,0.95,43.66384373826931,False,0.0,0.0,0.0,,,,,False,False
I-95 HOV NB,HOV,110+04658,2025-10-22,1.0,2,45.96194077712559,3600.0,96,0.95,43.66384373826931,False,0.0,0.0,0.0,,,,,False,False
I-95 HOV NB,HOV,110+04658,2025-10-23,1.0,2,45.96194077712559,3600.0,96,0.95,43.66384373826931,False,0.0,0.0,0.0,,,,,False,False
I-95 HOV NB,HOV,110+04658,2025-10-24,1.0,2,45.96194077712559,3600.0,96,0.95,43.66384373826931,False,0.0,0.0,0.0,,,,,False,False
I-95 HOV NB,HOV,110+04658,2025-10-27,1.0,2,45.96194077712559,3600.0,96,0.95,43.66384373826931,True,0.5537031923931778,2443.103016094896,0.6786397266930266,387.0075233409149,420.22971488450554,32.10333333333333,405.0,False,False
I-95 HOV NB,HOV,110+04658,2025-10-28,1.0,2,45.96194077712559,3600.0,96,0.95,43.66384373826931,False,0.0,0.0,0.0,,,,,False,False
I-95 HOV NB,HOV,110+04658,2025-10-29,1.0,2,45.96194077712559,3600.0,96,0.95,43.66384373826931,False,0.0,0.0,0.0,,,,,False,False
I-95 HOV NB,HOV,110+04658,2025-10-30,1.0,2,45.96194077712559,3600.0,96,0.95,43.66384373826931,False,0.0,0.0,0.0,,,,,False,False
I-95 HOV NB,HOV,110+04658,2025-10-31,1.0,2,45.96194077712559,3600.0,96,0.95,43.66384373826931,False,0.0,0.0,0.0,,,,,False,False
I-95 HOV NB,HOV,110P04660,2025-10-01,4.0,2,45.96194077712559,3600.0,96,0.95,43.66384373826931,False,0.0,0.0,0.0,,,,,False,False
I-95 HOV NB,HOV,110P04660,2025-10-02,4.0,2,45.96194077712559,3600.0,96,0.95,43.66384373826931,False,0.0,0.0,0.0,,,,,False,False
I-95 HOV NB,HOV,110P04660,2025-10-03,4.0,2,45.96194077712559,3600.0,96,0.95,43.66384373826931,False,0.0,0.0,0.0,,,,,False,False
I-95 HOV NB,HOV,110P04660,2025-10-06,4.0,2,45.96194077712559,3600.0,96,0.95,43.66384373826931,False,0.0,0.0,0.0,,,,,False,False
I-95 HOV NB,HOV,110P04660,2025-10-07,4.0,2,45.96194077712559,3600.0,96,0.95,43.66384373826931,False,0.0,0.0,0.0,,,,,False,False
I-95 HOV NB,HOV,110P04660,2025-10-08,4.0,2,45.96194077712559,3600.0,96,0.95,43.66384373826931,False,0.0,0.0,0.0,,,,,False,False
I-95 HOV NB,HOV,110P04660,2025-10-09,4.0,2,45.96194077712559,3600.0,96,0.95,43.66384373826931,False,0.0,0.0,0.0,,,,,False,False
I-95 HOV NB,HOV,110P04660,2025-10-10,4.0,2,45.96194077712559,3600.0,96,0.95,43.66384373826931,False,0.0,0.0,0.0,,,,,False,False
I-95 HOV NB,HOV,110P04660,2025-10-13,4.0,2,45.96194077712559,3600.0,96,0.95,43.66384373826931,False,0.0,0.0,0.0,,,,,False,False
I-95 HOV NB,HOV,110P04660,2025-10-14,4.0,2,45.96194077712559,3600.0,96,0.95,43.66384373826931,False,0.0,0.0,0.0,,,,,False,False
I-95 HOV NB,HOV,110P04660,2025-10-15,4.0,2,45.96194077712559,3600.0,96,0.95,43.66384373826931,False,0.0,0.0,0.0,,,,,False,False
I-95 HOV NB,HOV,110P04660,2025-10-16,4.0,2,45.96194077712559,3600.0,96,0.95,43.66384373826931,False,0.0,0.0,0.0,,,,,False,False
I-95 HOV NB,HOV,110P04660,2025-10-17,4.0,2,45.96194077712559,3600.0,96,0.95,43.66384373826931,False,0.0,0.0,0.0,,,,,False,False
I-95 HOV NB,HOV,110P04660,2025-10-20,4.0,2,45.96194077712559,3600.0,96,0.95,43.66384373826931,False,0.0,0.0,0.0,,,,,False,False
I-95 HOV NB,HOV,110P04660,2025-10-21,4.0,2,45.96194077712559,3600.0,96,0.95,43.66384373826931,False,0.0,0.0,0.0,,,,,False,False
I-95 HOV NB,HOV,110P04660,2025-10-22,4.0,2,45.96194077712559,3600.0,96,0.95,43.66384373826931,False,0.0,0.0,0.0,,,,,False,False
I-95 HOV NB,HOV,110P04660,2025-10-23,4.0,2,45.96194077712559,3600.0,96,0.95,43.66384373826931,False,0.0,0.0,0.0,,,,,False,False
I-95 HOV NB,HOV,110P04660,2025-10-24,4.0,2,45.96194077712559,3600.0,96,0.95,43.66384373826931,False,0.0,0.0,0.0,,,,,False,False
I-95 HOV NB,HOV,110P04660,2025-10-27,4.0,2,45.96194077712559,3600.0,96,0.95,43.66384373826931,False,0.0,0.0,0.0,,,,,False,False
I-95 HOV NB,HOV,110P04660,2025-10-28,4.0,2,45.96194077712559,3600.0,96,0.95,43.66384373826931,False,0.0,0.0,0.0,,,,,False,False
I-95 HOV NB,HOV,110P04660,2025-10-29,4.0,2,45.96194077712559,3600.0,96,0.95,43.66384373826931,False,0.0,0.0,0.0,,,,,False,False
I-95 HOV NB,HOV,110P04660,2025-10-30,4.0,2,45.96194077712559,3600.0,96,0.95,43.66384373826931,False,0.0,0.0,0.0,,,,,False,False
I-95 HOV NB,HOV,110P04660,2025-10-31,4.0,2,45.96194077712559,3600.0,96,0.95,43.66384373826931,False,0.0,0.0,0.0,,,,,False,False
I-95 HOV NB,HOV,110+04661,2025-10-01,5.0,2,45.96194077712559,3600.0,96,0.95,43.66384373826931,False,0.0,0.0,0.0,,,,,False,False
I-95 HOV NB,HOV,110+04661,2025-10-02,5.0,2,45.96194077712559,3600.0,96,0.95,43.66384373826931,False,0.0,0.0,0.0,,,,,False,False
I-95 HOV NB,HOV,110+04661,2025-10-03,5.0,2,45.96194077712559,3600.0,96,0.95,43.66384373826931,False,0.0,0.0,0.0,,,,,False,False
I-95 HOV NB,HOV,110+04661,2025-10-06,5.0,2,45.96194077712559,3600.0,96,0.95,43.66384373826931,False,0.0,0.0,0.0,,,,,False,False
I-95 HOV NB,HOV,110+04661,2025-10-07,5.0,2,45.96194077712559,3600.0,96,0.95,43.66384373826931,False,0.0,0.0,0.0,,,,,False,False
I-95 HOV NB,HOV,110+04661,2025-10-08,5.0,2,45.96194077712559,3600.0,96,0.95,43.66384373826931,False,0.0,0.0,0.0,,,,,False,False
I-95 HOV NB,HOV,110+04661,2025-10-09,5.0,2,45.96194077712559,3600.0,96,0.95,43.66384373826931,False,0.0,0.0,0.0,,,,,False,False
I-95 HOV NB,HOV,110+04661,2025-10-10,5.0,2,45.96194077712559,3600.0,96,0.95,43.66384373826931,False,0.0,0.0,0.0,,,,,False,False
I-95 HOV NB,HOV,110+04661,2025-10-13,5.0,2,45.96194077712559,3600.0,96,0.95,43.66384373826931,False,0.0,0.0,0.0,,,,,False,False
I-95 HOV NB,HOV,110+04661,2025-10-14,5.0,2,45.96194077712559,3600.0,96,0.95,43.66384373826931,False,0.0,0.0,0.0,,,,,False,False
I-95 HOV NB,HOV,110+04661,2025-10-15,5.0,2,45.96194077712559,3600.0,96,0.95,43.66384373826931,False,0.0,0.0,0.0,,,,,False,False
I-95 HOV NB,HOV,110+04661,2025-10-16,5.0,2,45.96194077712559,3600.0,96,0.95,43.66384373826931,False,0.0,0.0,0.0,,,,,False,False
I-95 HOV NB,HOV,110+04661,2025-10-17,5.0,2,45.96194077712559,3600.0,96,0.95,43.66384373826931,False,0.0,0.0,0.0,,,,,False,False
I-95 HOV NB,HOV,110+04661,2025-10-20,5.0,2,45.96194077712559,3600.0,96,0.95,43.66384373826931,False,0.0,0.0,0.0,,,,,False,False
I-95 HOV NB,HOV,110+04661,2025-10-21,5.0,2,45.96194077712559,3600.0,96,0.95,43.66384373826931,False,0.0,0.0,0.0,,,,,False,False
I-95 HOV NB,HOV,110+04661,2025-10-22,5.0,2,45.96194077712559,3600.0,96,0.95,43.66384373826931,False,0.0,0.0,0.0,,,,,False,False
I-95 HOV NB,HOV,110+04661,2025-10-23,5.0,2,45.96194077712559,3600.0,96,0.95,43.66384373826931,False,0.0,0.0,0.0,,,,,False,False
I-95 HOV NB,HOV,110+04661,2025-10-24,5.0,2,45.96194077712559,3600.0,96,0.95,43.66384373826931,False,0.0,0.0,0.0,,,,,False,False
I-95 HOV NB,HOV,110+04661,2025-10-27,5.0,2,45.96194077712559,3600.0,96,0.95,43.66384373826931,False,0.0,0.0,0.0,,,,,False,False
I-95 HOV NB,HOV,110+04661,2025-10-28,5.0,2,45.96194077712559,3600.0,96,0.95,43.66384373826931,False,0.0,0.0,0.0,,,,,False,False
I-95 HOV NB,HOV,110+04661,2025-10-29,5.0,2,45.96194077712559,3600.0,96,0.95,43.66384373826931,False,0.0,0.0,0.0,,,,,False,False
I-95 HOV NB,HOV,110+04661,2025-10-30,5.0,2,45.96194077712559,3600.0,96,0.95,43.66384373826931,False,0.0,0.0,0.0,,,,,False,False
I-95 HOV NB,HOV,110+04661,2025-10-31,5.0,2,45.96194077712559,3600.0,96,0.95,43.66384373826931,False,0.0,0.0,0.0,,,,,False,False
I-95 HOV NB,HOV,110P04661,2025-10-01,6.0,2,45.96194077712559,3600.0,96,0.95,43.66384373826931,False,0.0,0.0,0.0,,,,,False,False
I-95 HOV NB,HOV,110P04661,2025-10-02,6.0,2,45.96194077712559,3600.0,96,0.95,43.66384373826931,False,0.0,0.0,0.0,,,,,False,False
I-95 HOV NB,HOV,110P04661,2025-10-03,6.0,2,45.96194077712559,3600.0,96,0.95,43.66384373826931,False,0.0,0.0,0.0,,,,,False,False
I-95 HOV NB,HOV,110P04661,2025-10-06,6.0,2,45.96194077712559,3600.0,96,0.95,43.66384373826931,False,0.0,0.0,0.0,,,,,False,False
I-95 HOV NB,HOV,110P04661,2025-10-07,6.0,2,45.96194077712559,3600.0,96,0.95,43.66384373826931,False,0.0,0.0,0.0,,,,,False,False
I-95 HOV NB,HOV,110P04661,2025-10-08,6.0,2,45.96194077712559,3600.0,96,0.95,43.66384373826931,False,0.0,0.0,0.0,,,,,False,False
I-95 HOV NB,HOV,110P04661,2025-10-09,6.0,2,45.96194077712559,3600.0,96,0.95,43.66384373826931,False,0.0,0.0,0.0,,,,,False,False
I-95 HOV NB,HOV,110P04661,2025-10-10,6.0,2,45.96194077712559,3600.0,96,0.95,43.66384373826931,False,0.0,0.0,0.0,,,,,False,False
I-95 HOV NB,HOV,110P04661,2025-10-13,6.0,2,45.96194077712559,3600.0,96,0.95,43.66384373826931,False,0.0,0.0,0.0,,,,,False,False
I-95 HOV NB,HOV,110P04661,2025-10-14,6.0,2,45.96194077712559,3600.0,96,0.95,43.66384373826931,False,0.0,0.0,0.0,,,,,False,False
I-95 HOV NB,HOV,110P04661,2025-10-15,6.0,2,45.96194077712559,3600.0,96,0.95,43.66384373826931,False,0.0,0.0,0.0,,,,,False,False
I-95 HOV NB,HOV,110P04661,2025-10-16,6.0,2,45.96194077712559,3600.0,96,0.95,43.66384373826931,False,0.0,0.0,0.0,,,,,False,False
I-95 HOV NB,HOV,110P04661,2025-10-17,6.0,2,45.96194077712559,3600.0,96,0.95,43.66384373826931,False,0.0,0.0,0.0,,,,,False,False
I-95 HOV NB,HOV,110P04661,2025-10-20,6.0,2,45.96194077712559,3600.0,96,0.95,43.66384373826931,False,0.0,0.0,0.0,,,,,False,False
I-95 HOV NB,HOV,110P04661,2025-10-21,6.0,2,45.96194077712559,3600.0,96,0.95,43.66384373826931,False,0.0,0.0,0.0,,,,,False,False
I-95 HOV NB,HOV,110P04661,2025-10-22,6.0,2,45.96194077712559,3600.0,96,0.95,43.66384373826931,False,0.0,0.0,0.0,,,,,False,False
I-95 HOV NB,HOV,110P04661,2025-10-23,6.0,2,45.96194077712559,3600.0,96,0.95,43.66384373826931,False,0.0,0.0,0.0,,,,,False,False
I-95 HOV NB,HOV,110P04661,2025-10-24,6.0,2,45.96194077712559,3600.0,96,0.95,43.66384373826931,False,0.0,0.0,0.0,,,,,False,False
I-95 HOV NB,HOV,110P04661,2025-10-27,6.0,2,45.96194077712559,3600.0,96,0.95,43.66384373826931,False,0.0,0.0,0.0,,,,,False,False
I-95 HOV NB,HOV,110P04661,2025-10-28,6.0,2,45.96194077712559,3600.0,96,0.95,43.66384373826931,False,0.0,0.0,0.0,,,,,False,False
I-95 HOV NB,HOV,110P04661,2025-10-29,6.0,2,45.96194077712559,3600.0,96,0.95,43.66384373826931,False,0.0,0.0,0.0,,,,,False,False
I-95 HOV NB,HOV,110P04661,2025-10-30,6.0,2,45.96194077712559,3600.0,96,0.95,43.66384373826931,False,0.0,0.0,0.0,,,,,False,False
I-95 HOV NB,HOV,110P04661,2025-10-31,6.0,2,45.96194077712559,3600.0,96,0.95,43.66384373826931,False,0.0,0.0,0.0,,,,,False,False
I-95 HOV NB,HOV,110+04662,2025-10-01,7.0,2,45.96194077712559,3600.0,96,0.95,43.66384373826931,False,0.0,0.0,0.0,,,,,False,False
I-95 HOV NB,HOV,110+04662,2025-10-02,7.0,2,45.96194077712559,3600.0,96,0.95,43.66384373826931,False,0.0,0.0,0.0,,,,,False,False
I-95 HOV NB,HOV,110+04662,2025-10-03,7.0,2,45.96194077712559,3600.0,96,0.95,43.66384373826931,False,0.0,0.0,0.0,,,,,False,False
I-95 HOV NB,HOV,110+04662,2025-10-06,7.0,2,45.96194077712559,3600.0,96,0.95,43.66384373826931,False,0.0,0.0,0.0,,,,,False,False
I-95 HOV NB,HOV,110+04662,2025-10-07,7.0,2,45.96194077712559,3600.0,96,0.95,43.66384373826931,False,0.0,0.0,0.0,,,,,False,False
I-95 HOV NB,HOV,110+04662,2025-10-08,7.0,2,45.96194077712559,3600.0,96,0.95,43.66384373826931,False,0.0,0.0,0.0,,,,,False,False
I-95 HOV NB,HOV,110+04662,2025-10-09,7.0,2,45.96194077712559,3600.0,96,0.95,43.66384373826931,False,0.0,0.0,0.0,,,,,False,False
I-95 HOV NB,HOV,110+04662,2025-10-10,7.0,2,45.96194077712559,3600.0,96,0.95,43.66384373826931,False,0.0,0.0,0.0,,,,,False,False
I-95 HOV NB,HOV,110+04662,2025-10-13,7.0,2,45.96194077712559,3600.0,96,0.95,43.66384373826931,False,0.0,0.0,0.0,,,,,False,False
I-95 HOV NB,HOV,110+04662,2025-10-14,7.0,2,45.96194077712559,3600.0,96,0.95,43.66384373826931,False,0.0,0.0,0.0,,,,,False,False
I-95 HOV NB,HOV,110+04662,2025-10-15,7.0,2,45.96194077712559,3600.0,96,0.95,43.66384373826931,False,0.0,0.0,0.0,,,,,False,False
I-95 HOV NB,HOV,110+04662,2025-10-16,7.0,2,45.96194077712559,3600.0,96,0.95,43.66384373826931,False,0.0,0.0,0.0,,,,,False,False
I-95 HOV NB,HOV,110+04662,2025-10-17,7.0,2,45.96194077712559,3600.0,96,0.95,43.66384373826931,False,0.0,0.0,0.0,,,,,False,False
I-95 HOV NB,HOV,110+04662,2025-10-20,7.0,2,45.96194077712559,3600.0,96,0.95,43.66384373826931,False,0.0,0.0,0.0,,,,,False,False
I-95 HOV NB,HOV,110+04662,2025-10-21,7.0,2,45.96194077712559,3600.0,96,0.95,43.66384373826931,False,0.0,0.0,0.0,,,,,False,False
I-95 HOV NB,HOV,110+04662,2025-10-22,7.0,2,45.96194077712559,3600.0,96,0.95,43.66384373826931,False,0.0,0.0,0.0,,,,,False,False
I-95 HOV NB,HOV,110+04662,2025-10-23,7.0,2,45.96194077712559,3600.0,96,0.95,43.66384373826931,False,0.0,0.0,0.0,,,,,False,False
I-95 HOV NB,HOV,110+04662,2025-10-24,7.0,2,45.96194077712559,3600.0,96,0.95,43.66384373826931,False,0.0,0.0,0.0,,,,,False,False
I-95 HOV NB,HOV,110+04662,2025-10-27,7.0,2,45.96194077712559,3600.0,96,0.95,43.66384373826931,False,0.0,0.0,0.0,,,,,False,False
I-95 HOV NB,HOV,110+04662,2025-10-28,7.0,2,45.96194077712559,3600.0,96,0.95,43.66384373826931,False,0.0,0.0,0.0,,,,,False,False
I-95 HOV NB,HOV,110+04662,2025-10-29,7.0,2,45.96194077712559,3600.0,96,0.95,43.66384373826931,False,0.0,0.0,0.0,,,,,False,False
I-95 HOV NB,HOV,110+04662,2025-10-30,7.0,2,45.96194077712559,3600.0,96,0.95,43.66384373826931,False,0.0,0.0,0.0,,,,,False,False
I-95 HOV NB,HOV,110+04662,2025-10-31,7.0,2,45.96194077712559,3600.0,96,0.95,43.66384373826931,False,0.0,0.0,0.0,,,,,False,False
I-95 HOV NB,HOV,110P04662,2025-10-01,8.0,2,45.96194077712559,3600.0,96,0.95,43.66384373826931,False,0.0,0.0,0.0,,,,,False,False
I-95 HOV NB,HOV,110P04662,2025-10-02,8.0,2,45.96194077712559,3600.0,96,0.95,43.66384373826931,False,0.0,0.0,0.0,,,,,False,False
I-95 HOV NB,HOV,110P04662,2025-10-03,8.0,2,45.96194077712559,3600.0,96,0.95,43.66384373826931,False,0.0,0.0,0.0,,,,,False,False
I-95 HOV NB,HOV,110P04662,2025-10-06,8.0,2,45.96194077712559,3600.0,96,0.95,43.66384373826931,False,0.0,0.0,0.0,,,,,False,False
I-95 HOV NB,HOV,110P04662,2025-10-07,8.0,2,45.96194077712559,3600.0,96,0.95,43.66384373826931,False,0.0,0.0,0.0,,,,,False,False
I-95 HOV NB,HOV,110P04662,2025-10-08,8.0,2,45.96194077712559,3600.0,96,0.95,43.66384373826931,False,0.0,0.0,0.0,,,,,False,False
I-95 HOV NB,HOV,110P04662,2025-10-09,8.0,2,45.96194077712559,3600.0,96,0.95,43.66384373826931,False,0.0,0.0,0.0,,,,,False,False
I-95 HOV NB,HOV,110P04662,2025-10-10,8.0,2,45.96194077712559,3600.0,96,0.95,43.66384373826931,False,0.0,0.0,0.0,,,,,False,False
I-95 HOV NB,HOV,110P04662,2025-10-13,8.0,2,45.96194077712559,3600.0,96,0.95,43.66384373826931,False,0.0,0.0,0.0,,,,,False,False
I-95 HOV NB,HOV,110P04662,2025-10-14,8.0,2,45.96194077712559,3600.0,96,0.95,43.66384373826931,False,0.0,0.0,0.0,,,,,False,False
I-95 HOV NB,HOV,110P04662,2025-10-15,8.0,2,45.96194077712559,3600.0,96,0.95,43.66384373826931,False,0.0,0.0,0.0,,,,,False,False
I-95 HOV NB,HOV,110P04662,2025-10-16,8.0,2,45.96194077712559,3600.0,96,0.95,43.66384373826931,False,0.0,0.0,0.0,,,,,False,False
I-95 HOV NB,HOV,110P04662,2025-10-17,8.0,2,45.96194077712559,3600.0,96,0.95,43.66384373826931,False,0.0,0.0,0.0,,,,,False,False
I-95 HOV NB,HOV,110P04662,2025-10-20,8.0,2,45.96194077712559,3600.0,96,0.95,43.66384373826931,False,0.0,0.0,0.0,,,,,False,False
I-95 HOV NB,HOV,110P04662,2025-10-21,8.0,2,45.96194077712559,3600.0,96,0.95,43.66384373826931,False,0.0,0.0,0.0,,,,,False,False
I-95 HOV NB,HOV,110P04662,2025-10-22,8.0,2,45.96194077712559,3600.0,96,0.95,43.66384373826931,False,0.0,0.0,0.0,,,,,False,False
I-95 HOV NB,HOV,110P04662,2025-10-23,8.0,2,45.96194077712559,3600.0,96,0.95,43.66384373826931,False,0.0,0.0,0.0,,,,,False,False
I-95 HOV NB,HOV,110P04662,2025-10-24,8.0,2,45.96194077712559,3600.0,96,0.95,43.66384373826931,False,0.0,0.0,0.0,,,,,False,False
I-95 HOV NB,HOV,110P04662,2025-10-27,8.0,2,45.96194077712559,3600.0,96,0.95,43.66384373826931,False,0.0,0.0,0.0,,,,,False,False
I-95 HOV NB,HOV,110P04662,2025-10-28,8.0,2,45.96194077712559,3600.0,96,0.95,43.66384373826931,False,0.0,0.0,0.0,,,,,False,False
I-95 HOV NB,HOV,110P04662,2025-10-29,8.0,2,45.96194077712559,3600.0,96,0.95,43.66384373826931,False,0.0,0.0,0.0,,,,,False,False
I-95 HOV NB,HOV,110P04662,2025-10-30,8.0,2,45.96194077712559,3600.0,96,0.95,43.66384373826931,False,0.0,0.0,0.0,,,,,False,False
I-95 HOV NB,HOV,110P04662,2025-10-31,8.0,2,45.96194077712559,3600.0,96,0.95,43.66384373826931,False,0.0,0.0,0.0,,,,,False,False
I-95 HOV NB,HOV,110P04665,2025-10-01,13.1,3,45.96194077712559,5400.0,96,0.95,43.66384373826931,False,0.0,0.0,0.0,,,,,False,False
I-95 HOV NB,HOV,110P04665,2025-10-02,13.1,3,45.96194077712559,5400.0,96,0.95,43.66384373826931,False,0.0,0.0,0.0,,,,,False,False
I-95 HOV NB,HOV,110P04665,2025-10-03,13.1,3,45.96194077712559,5400.0,96,0.95,43.66384373826931,False,0.0,0.0,0.0,,,,,False,False
I-95 HOV NB,HOV,110P04665,2025-10-06,13.1,3,45.96194077712559,5400.0,96,0.95,43.66384373826931,False,0.0,0.0,0.0,,,,,False,False
I-95 HOV NB,HOV,110P04665,2025-10-07,13.1,3,45.96194077712559,5400.0,96,0.95,43.66384373826931,False,0.0,0.0,0.0,,,,,False,False
I-95 HOV NB,HOV,110P04665,2025-10-08,13.1,3,45.96194077712559,5400.0,96,0.95,43.66384373826931,False,0.0,0.0,0.0,,,,,False,False
I-95 HOV NB,HOV,110P04665,2025-10-09,13.1,3,45.96194077712559,5400.0,96,0.95,43.66384373826931,False,0.0,0.0,0.0,,,,,False,False
I-95 HOV NB,HOV,110P04665,2025-10-10,13.1,3,45.96194077712559,5400.0,96,0.95,43.66384373826931,False,0.0,0.0,0.0,,,,,False,False
I-95 HOV NB,HOV,110P04665,2025-10-13,13.1,3,45.96194077712559,5400.0,96,0.95,43.66384373826931,False,0.0,0.0,0.0,,,,,False,False
I-95 HOV NB,HOV,110P04665,2025-10-14,13.1,3,45.96194077712559,5400.0,96,0.95,43.66384373826931,False,0.0,0.0,0.0,,,,,False,False
I-95 HOV NB,HOV,110P04665,2025-10-15,13.1,3,45.96194077712559,5400.0,96,0.95,43.66384373826931,False,0.0,0.0,0.0,,,,,False,False
I-95 HOV NB,HOV,110P04665,2025-10-16,13.1,3,45.96194077712559,5400.0,96,0.95,43.66384373826931,False,0.0,0.0,0.0,,,,,False,False
I-95 HOV NB,HOV,110P04665,2025-10-17,13.1,3,45.96194077712559,5400.0,96,0.95,43.66384373826931,False,0.0,0.0,0.0,,,,,False,False
I-95 HOV NB,HOV,110P04665,2025-10-20,13.1,3,45.96194077712559,5400.0,96,0.95,43.66384373826931,False,0.0,0.0,0.0,,,,,False,False
I-95 HOV NB,HOV,110P04665,2025-10-21,13.1,3,45.96194077712559,5400.0,96,0.95,43.66384373826931,False,0.0,0.0,0.0,,,,,False,False
I-95 HOV NB,HOV,110P04665,2025-10-22,13.1,3,45.96194077712559,5400.0,96,0.95,43.66384373826931,False,0.0,0.0,0.0,,,,,False,False
I-95 HOV NB,HOV,110P04665,2025-10-23,13.1,3,45.96194077712559,5400.0,96,0.95,43.66384373826931,False,0.0,0.0,0.0,,,,,False,False
I-95 HOV NB,HOV,110P04665,2025-10-24,13.1,3,45.96194077712559,5400.0,96,0.95,43.66384373826931,False,0.0,0.0,0.0,,,,,False,False
I-95 HOV NB,HOV,110P04665,2025-10-27,13.1,3,45.96194077712559,5400.0,96,0.95,43.66384373826931,False,0.0,0.0,0.0,,,,,False,False
I-95 HOV NB,HOV,110P04665,2025-10-28,13.1,3,45.96194077712559,5400.0,96,0.95,43.66384373826931,False,0.0,0.0,0.0,,,,,False,False
I-95 HOV NB,HOV,110P04665,2025-10-29,13.1,3,45.96194077712559,5400.0,96,0.95,43.66384373826931,False,0.0,0.0,0.0,,,,,False,False
I-95 HOV NB,HOV,110P04665,2025-10-30,13.1,3,45.96194077712559,5400.0,96,0.95,43.66384373826931,False,0.0,0.0,0.0,,,,,False,False
I-95 HOV NB,HOV,110P04665,2025-10-31,13.1,3,45.96194077712559,5400.0,96,0.95,43.66384373826931,False,0.0,0.0,0.0,,,,,False,False
I-95 HOV NB,HOV,110+04666,2025-10-01,14.0,3,45.96194077712559,5400.0,96,0.95,43.66384373826931,False,0.0,0.0,0.0,,,,,False,False
I-95 HOV NB,HOV,110+04666,2025-10-02,14.0,3,45.96194077712559,5400.0,96,0.95,43.66384373826931,False,0.0,0.0,0.0,,,,,False,False
I-95 HOV NB,HOV,110+04666,2025-10-03,14.0,3,45.96194077712559,5400.0,96,0.95,43.66384373826931,False,0.0,0.0,0.0,,,,,False,False
I-95 HOV NB,HOV,110+04666,2025-10-06,14.0,3,45.96194077712559,5400.0,96,0.95,43.66384373826931,False,0.0,0.0,0.0,,,,,False,False
I-95 HOV NB,HOV,110+04666,2025-10-07,14.0,3,45.96194077712559,5400.0,96,0.95,43.66384373826931,False,0.0,0.0,0.0,,,,,False,False
I-95 HOV NB,HOV,110+04666,2025-10-08,14.0,3,45.96194077712559,5400.0,96,0.95,43.66384373826931,False,0.0,0.0,0.0,,,,,False,False
I-95 HOV NB,HOV,110+04666,2025-10-09,14.0,3,45.96194077712559,5400.0,96,0.95,43.66384373826931,False,0.0,0.0,0.0,,,,,False,False
I-95 HOV NB,HOV,110+04666,2025-10-10,14.0,3,45.96194077712559,5400.0,96,0.95,43.66384373826931,False,0.0,0.0,0.0,,,,,False,False
I-95 HOV NB,HOV,110+04666,2025-10-13,14.0,3,45.96194077712559,5400.0,96,0.95,43.66384373826931,False,0.0,0.0,0.0,,,,,False,False
I-95 HOV NB,HOV,110+04666,2025-10-14,14.0,3,45.96194077712559,5400.0,96,0.95,43.66384373826931,False,0.0,0.0,0.0,,,,,False,False
I-95 HOV NB,HOV,110+04666,2025-10-15,14.0,3,45.96194077712559,5400.0,96,0.95,43.66384373826931,False,0.0,0.0,0.0,,,,,False,False
I-95 HOV NB,HOV,110+04666,2025-10-16,14.0,3,45.96194077712559,5400.0,96,0.95,43.66384373826931,False,0.0,0.0,0.0,,,,,False,False
I-95 HOV NB,HOV,110+04666,2025-10-17,14.0,3,45.96194077712559,5400.0,96,0.95,43.66384373826931,False,0.0,0.0,0.0,,,,,False,False
I-95 HOV NB,HOV,110+04666,2025-10-20,14.0,3,45.96194077712559,5400.0,96,0.95,43.66384373826931,False,0.0,0.0,0.0,,,,,False,False
I-95 HOV NB,HOV,110+04666,2025-10-21,14.0,3,45.96194077712559,5400.0,96,0.95,43.66384373826931,False,0.0,0.0,0.0,,,,,False,False
I-95 HOV NB,HOV,110+04666,2025-10-22,14.0,3,45.96194077712559,5400.0,96,0.95,43.66384373826931,False,0.0,0.0,0.0,,,,,False,False
I-95 HOV NB,HOV,110+04666,2025-10-23,14.0,3,45.96194077712559,5400.0,96,0.95,43.66384373826931,False,0.0,0.0,0.0,,,,,False,False
I-95 HOV NB,HOV,110+04666,2025-10-24,14.0,3,45.96194077712559,5400.0,96,0.95,43.66384373826931,False,0.0,0.0,0.0,,,,,False,False
I-95 HOV NB,HOV,110+04666,2025-10-27,14.0,3,45.96194077712559,5400.0,96,0.95,43.66384373826931,False,0.0,0.0,0.0,,,,,False,False
I-95 HOV NB,HOV,110+04666,2025-10-28,14.0,3,45.96194077712559,5400.0,96,0.95,43.66384373826931,False,0.0,0.0,0.0,,,,,False,False
I-95 HOV NB,HOV,110+04666,2025-10-29,14.0,3,45.96194077712559,5400.0,96,0.95,43.66384373826931,False,0.0,0.0,0.0,,,,,False,False
I-95 HOV NB,HOV,110+04666,2025-10-30,14.0,3,45.96194077712559,5400.0,96,0.95,43.66384373826931,False,0.0,0.0,0.0,,,,,False,False
I-95 HOV NB,HOV,110+04666,2025-10-31,14.0,3,45.96194077712559,5400.0,96,0.95,43.66384373826931,False,0.0,0.0,0.0,,,,,False,False
I-95 HOV NB,HOV,110P04666,2025-10-01,15.0,3,45.96194077712559,5400.0,96,0.95,43.66384373826931,False,0.0,0.0,0.0,,,,,False,False
I-95 HOV NB,HOV,110P04666,2025-10-02,15.0,3,45.96194077712559,5400.0,96,0.95,43.66384373826931,False,0.0,0.0,0.0,,,,,False,False
I-95 HOV NB,HOV,110P04666,2025-10-03,15.0,3,45.96194077712559,5400.0,96,0.95,43.66384373826931,False,0.0,0.0,0.0,,,,,False,False
I-95 HOV NB,HOV,110P04666,2025-10-06,15.0,3,45.96194077712559,5400.0,96,0.95,43.66384373826931,False,0.0,0.0,0.0,,,,,False,False
I-95 HOV NB,HOV,110P04666,2025-10-07,15.0,3,45.96194077712559,5400.0,96,0.95,43.66384373826931,False,0.0,0.0,0.0,,,,,False,False
I-95 HOV NB,HOV,110P04666,2025-10-08,15.0,3,45.96194077712559,5400.0,96,0.95,43.66384373826931,False,0.0,0.0,0.0,,,,,False,False
I-95 HOV NB,HOV,110P04666,2025-10-09,15.0,3,45.96194077712559,5400.0,96,0.95,43.66384373826931,False,0.0,0.0,0.0,,,,,False,False
I-95 HOV NB,HOV,110P04666,2025-10-10,15.0,3,45.96194077712559,5400.0,96,0.95,43.66384373826931,False,0.0,0.0,0.0,,,,,False,False
I-95 HOV NB,HOV,110P04666,2025-10-13,15.0,3,45.96194077712559,5400.0,96,0.95,43.66384373826931,False,0.0,0.0,0.0,,,,,False,False
I-95 HOV NB,HOV,110P04666,2025-10-14,15.0,3,45.96194077712559,5400.0,96,0.95,43.66384373826931,False,0.0,0.0,0.0,,,,,False,False
I-95 HOV NB,HOV,110P04666,2025-10-15,15.0,3,45.96194077712559,5400.0,96,0.95,43.66384373826931,False,0.0,0.0,0.0,,,,,False,False
I-95 HOV NB,HOV,110P04666,2025-10-16,15.0,3,45.96194077712559,5400.0,96,0.95,43.66384373826931,False,0.0,0.0,0.0,,,,,False,False
I-95 HOV NB,HOV,110P04666,2025-10-17,15.0,3,45.96194077712559,5400.0,96,0.95,43.66384373826931,False,0.0,0.0,0.0,,,,,False,False
I-95 HOV NB,HOV,110P04666,2025-10-20,15.0,3,45.96194077712559,5400.0,96,0.95,43.66384373826931,False,0.0,0.0,0.0,,,,,False,False
I-95 HOV NB,HOV,110P04666,2025-10-21,15.0,3,45.96194077712559,5400.0,96,0.95,43.66384373826931,False,0.0,0.0,0.0,,,,,False,False
I-95 HOV NB,HOV,110P04666,2025-10-22,15.0,3,45.96194077712559,5400.0,96,0.95,43.66384373826931,False,0.0,0.0,0.0,,,,,False,False
I-95 HOV NB,HOV,110P04666,2025-10-23,15.0,3,45.96194077712559,5400.0,96,0.95,43.66384373826931,False,0.0,0.0,0.0,,,,,False,False
I-95 HOV NB,HOV,110P04666,2025-10-24,15.0,3,45.96194077712559,5400.0,96,0.95,43.66384373826931,False,0.0,0.0,0.0,,,,,False,False
I-95 HOV NB,HOV,110P04666,2025-10-27,15.0,3,45.96194077712559,5400.0,96,0.95,43.66384373826931,False,0.0,0.0,0.0,,,,,False,False
I-95 HOV NB,HOV,110P04666,2025-10-28,15.0,3,45.96194077712559,5400.0,96,0.95,43.66384373826931,False,0.0,0.0,0.0,,,,,False,False
I-95 HOV NB,HOV,110P04666,2025-10-29,15.0,3,45.96194077712559,5400.0,96,0.95,43.66384373826931,False,0.0,0.0,0.0,,,,,False,False
I-95 HOV NB,HOV,110P04666,2025-10-30,15.0,3,45.96194077712559,5400.0,96,0.95,43.66384373826931,False,0.0,0.0,0.0,,,,,False,False
I-95 HOV NB,HOV,110P04666,2025-10-31,15.0,3,45.96194077712559,5400.0,96,0.95,43.66384373826931,False,0.0,0.0,0.0,,,,,False,False
I-95 HOV NB,HOV,110+04667,2025-10-01,16.0,3,45.96194077712559,5400.0,96,0.95,43.66384373826931,False,0.0,0.0,0.0,,,,,False,False
I-95 HOV NB,HOV,110+04667,2025-10-02,16.0,3,45.96194077712559,5400.0,96,0.95,43.66384373826931,False,0.0,0.0,0.0,,,,,False,False
I-95 HOV NB,HOV,110+04667,2025-10-03,16.0,3,45.96194077712559,5400.0,96,0.95,43.66384373826931,False,0.0,0.0,0.0,,,,,False,False
I-95 HOV NB,HOV,110+04667,2025-10-06,16.0,3,45.96194077712559,5400.0,96,0.95,43.66384373826931,False,0.0,0.0,0.0,,,,,False,False
I-95 HOV NB,HOV,110+04667,2025-10-07,16.0,3,45.96194077712559,5400.0,96,0.95,43.66384373826931,False,0.0,0.0,0.0,,,,,False,False
I-95 HOV NB,HOV,110+04667,2025-10-08,16.0,3,45.96194077712559,5400.0,96,0.95,43.66384373826931,False,0.0,0.0,0.0,,,,,False,False
I-95 HOV NB,HOV,110+04667,2025-10-09,16.0,3,45.96194077712559,5400.0,96,0.95,43.66384373826931,False,0.0,0.0,0.0,,,,,False,False
I-95 HOV NB,HOV,110+04667,2025-10-10,16.0,3,45.96194077712559,5400.0,96,0.95,43.66384373826931,False,0.0,0.0,0.0,,,,,False,False
I-95 HOV NB,HOV,110+04667,2025-10-13,16.0,3,45.96194077712559,5400.0,96,0.95,43.66384373826931,False,0.0,0.0,0.0,,,,,False,False
I-95 HOV NB,HOV,110+04667,2025-10-14,16.0,3,45.96194077712559,5400.0,96,0.95,43.66384373826931,False,0.0,0.0,0.0,,,,,False,False
I-95 HOV NB,HOV,110+04667,2025-10-15,16.0,3,45.96194077712559,5400.0,96,0.95,43.66384373826931,False,0.0,0.0,0.0,,,,,False,False
I-95 HOV NB,HOV,110+04667,2025-10-16,16.0,3,45.96194077712559,5400.0,96,0.95,43.66384373826931,False,0.0,0.0,0.0,,,,,False,False
I-95 HOV NB,HOV,110+04667,2025-10-17,16.0,3,45.96194077712559,5400.0,96,0.95,43.66384373826931,False,0.0,0.0,0.0,,,,,False,False
I-95 HOV NB,HOV,110+04667,2025-10-20,16.0,3,45.96194077712559,5400.0,96,0.95,43.66384373826931,False,0.0,0.0,0.0,,,,,False,False
I-95 HOV NB,HOV,110+04667,2025-10-21,16.0,3,45.96194077712559,5400.0,96,0.95,43.66384373826931,False,0.0,0.0,0.0,,,,,False,False
I-95 HOV NB,HOV,110+04667,2025-10-22,16.0,3,45.96194077712559,5400.0,96,0.95,43.66384373826931,False,0.0,0.0,0.0,,,,,False,False
I-95 HOV NB,HOV,110+04667,2025-10-23,16.0,3,45.96194077712559,5400.0,96,0.95,43.66384373826931,False,0.0,0.0,0.0,,,,,False,False
I-95 HOV NB,HOV,110+04667,2025-10-24,16.0,3,45.96194077712559,5400.0,96,0.95,43.66384373826931,False,0.0,0.0,0.0,,,,,False,False
I-95 HOV NB,HOV,110+04667,2025-10-27,16.0,3,45.96194077712559,5400.0,96,0.95,43.66384373826931,False,0.0,0.0,0.0,,,,,False,False
I-95 HOV NB,HOV,110+04667,2025-10-28,16.0,3,45.96194077712559,5400.0,96,0.95,43.66384373826931,False,0.0,0.0,0.0,,,,,False,False
I-95 HOV NB,HOV,110+04667,2025-10-29,16.0,3,45.96194077712559,5400.0,96,0.95,43.66384373826931,False,0.0,0.0,0.0,,,,,False,False
I-95 HOV NB,HOV,110+04667,2025-10-30,16.0,3,45.96194077712559,5400.0,96,0.95,43.66384373826931,False,0.0,0.0,0.0,,,,,False,False
I-95 HOV NB,HOV,110+04667,2025-10-31,16.0,3,45.96194077712559,5400.0,96,0.95,43.66384373826931,False,0.0,0.0,0.0,,,,,False,False
I-95 HOV NB,HOV,110P04667,2025-10-01,17.0,3,45.96194077712559,5400.0,96,0.95,43.66384373826931,False,0.0,0.0,0.0,,,,,False,False
I-95 HOV NB,HOV,110P04667,2025-10-02,17.0,3,45.96194077712559,5400.0,96,0.95,43.66384373826931,False,0.0,0.0,0.0,,,,,False,False
I-95 HOV NB,HOV,110P04667,2025-10-03,17.0,3,45.96194077712559,5400.0,96,0.95,43.66384373826931,False,0.0,0.0,0.0,,,,,False,False
I-95 HOV NB,HOV,110P04667,2025-10-06,17.0,3,45.96194077712559,5400.0,96,0.95,43.66384373826931,False,0.0,0.0,0.0,,,,,False,False
I-95 HOV NB,HOV,110P04667,2025-10-07,17.0,3,45.96194077712559,5400.0,96,0.95,43.66384373826931,False,0.0,0.0,0.0,,,,,False,False
I-95 HOV NB,HOV,110P04667,2025-10-08,17.0,3,45.96194077712559,5400.0,96,0.95,43.66384373826931,False,0.0,0.0,0.0,,,,,False,False
I-95 HOV NB,HOV,110P04667,2025-10-09,17.0,3,45.96194077712559,5400.0,96,0.95,43.66384373826931,False,0.0,0.0,0.0,,,,,False,False
I-95 HOV NB,HOV,110P04667,2025-10-10,17.0,3,45.96194077712559,5400.0,96,0.95,43.66384373826931,False,0.0,0.0,0.0,,,,,False,False
I-95 HOV NB,HOV,110P04667,2025-10-13,17.0,3,45.96194077712559,5400.0,96,0.95,43.66384373826931,False,0.0,0.0,0.0,,,,,False,False
I-95 HOV NB,HOV,110P04667,2025-10-14,17.0,3,45.96194077712559,5400.0,96,0.95,43.66384373826931,False,0.0,0.0,0.0,,,,,False,False
I-95 HOV NB,HOV,110P04667,2025-10-15,17.0,3,45.96194077712559,5400.0,96,0.95,43.66384373826931,False,0.0,0.0,0.0,,,,,False,False
I-95 HOV NB,HOV,110P04667,2025-10-16,17.0,3,45.96194077712559,5400.0,96,0.95,43.66384373826931,False,0.0,0.0,0.0,,,,,False,False
I-95 HOV NB,HOV,110P04667,2025-10-17,17.0,3,45.96194077712559,5400.0,96,0.95,43.66384373826931,False,0.0,0.0,0.0,,,,,False,False
I-95 HOV NB,HOV,110P04667,2025-10-20,17.0,3,45.96194077712559,5400.0,96,0.95,43.66384373826931,False,0.0,0.0,0.0,,,,,False,False
I-95 HOV NB,HOV,110P04667,2025-10-21,17.0,3,45.96194077712559,5400.0,96,0.95,43.66384373826931,False,0.0,0.0,0.0,,,,,False,False
I-95 HOV NB,HOV,110P04667,2025-10-22,17.0,3,45.96194077712559,5400.0,96,0.95,43.66384373826931,False,0.0,0.0,0.0,,,,,False,False
I-95 HOV NB,HOV,110P04667,2025-10-23,17.0,3,45.96194077712559,5400.0,96,0.95,43.66384373826931,False,0.0,0.0,0.0,,,,,False,False
I-95 HOV NB,HOV,110P04667,2025-10-24,17.0,3,45.96194077712559,5400.0,96,0.95,43.66384373826931,False,0.0,0.0,0.0,,,,,False,False
I-95 HOV NB,HOV,110P04667,2025-10-27,17.0,3,45.96194077712559,5400.0,96,0.95,43.66384373826931,False,0.0,0.0,0.0,,,,,False,False
I-95 HOV NB,HOV,110P04667,2025-10-28,17.0,3,45.96194077712559,5400.0,96,0.95,43.66384373826931,False,0.0,0.0,0.0,,,,,False,False
I-95 HOV NB,HOV,110P04667,2025-10-29,17.0,3,45.96194077712559,5400.0,96,0.95,43.66384373826931,False,0.0,0.0,0.0,,,,,False,False
I-95 HOV NB,HOV,110P04667,2025-10-30,17.0,3,45.96194077712559,5400.0,96,0.95,43.66384373826931,False,0.0,0.0,0.0,,,,,False,False
I-95 HOV NB,HOV,110P04667,2025-10-31,17.0,3,45.96194077712559,5400.0,96,0.95,43.66384373826931,False,0.0,0.0,0.0,,,,,False,False
I-95 HOV NB,HOV,110+04668,2025-10-01,18.0,3,45.96194077712559,5400.0,96,0.95,43.66384373826931,False,0.0,0.0,0.0,,,,,False,False
I-95 HOV NB,HOV,110+04668,2025-10-02,18.0,3,45.96194077712559,5400.0,96,0.95,43.66384373826931,False,0.0,0.0,0.0,,,,,False,False
I-95 HOV NB,HOV,110+04668,2025-10-03,18.0,3,45.96194077712559,5400.0,96,0.95,43.66384373826931,False,0.0,0.0,0.0,,,,,False,False
I-95 HOV NB,HOV,110+04668,2025-10-06,18.0,3,45.96194077712559,5400.0,96,0.95,43.66384373826931,False,0.0,0.0,0.0,,,,,False,False
I-95 HOV NB,HOV,110+04668,2025-10-07,18.0,3,45.96194077712559,5400.0,96,0.95,43.66384373826931,False,0.0,0.0,0.0,,,,,False,False
I-95 HOV NB,HOV,110+04668,2025-10-08,18.0,3,45.96194077712559,5400.0,96,0.95,43.66384373826931,False,0.0,0.0,0.0,,,,,False,False
I-95 HOV NB,HOV,110+04668,2025-10-09,18.0,3,45.96194077712559,5400.0,96,0.95,43.66384373826931,False,0.0,0.0,0.0,,,,,False,False
I-95 HOV NB,HOV,110+04668,2025-10-10,18.0,3,45.96194077712559,5400.0,96,0.95,43.66384373826931,False,0.0,0.0,0.0,,,,,False,False
I-95 HOV NB,HOV,110+04668,2025-10-13,18.0,3,45.96194077712559,5400.0,96,0.95,43.66384373826931,False,0.0,0.0,0.0,,,,,False,False
I-95 HOV NB,HOV,110+04668,2025-10-14,18.0,3,45.96194077712559,5400.0,96,0.95,43.66384373826931,False,0.0,0.0,0.0,,,,,False,False
I-95 HOV NB,HOV,110+04668,2025-10-15,18.0,3,45.96194077712559,5400.0,96,0.95,43.66384373826931,False,0.0,0.0,0.0,,,,,False,False
I-95 HOV NB,HOV,110+04668,2025-10-16,18.0,3,45.96194077712559,5400.0,96,0.95,43.66384373826931,False,0.0,0.0,0.0,,,,,False,False
I-95 HOV NB,HOV,110+04668,2025-10-17,18.0,3,45.96194077712559,5400.0,96,0.95,43.66384373826931,False,0.0,0.0,0.0,,,,,False,False
I-95 HOV NB,HOV,110+04668,2025-10-20,18.0,3,45.96194077712559,5400.0,96,0.95,43.66384373826931,False,0.0,0.0,0.0,,,,,False,False
I-95 HOV NB,HOV,110+04668,2025-10-21,18.0,3,45.96194077712559,5400.0,96,0.95,43.66384373826931,False,0.0,0.0,0.0,,,,,False,False
I-95 HOV NB,HOV,110+04668,2025-10-22,18.0,3,45.96194077712559,5400.0,96,0.95,43.66384373826931,False,0.0,0.0,0.0,,,,,False,False
I-95 HOV NB,HOV,110+04668,2025-10-23,18.0,3,45.96194077712559,5400.0,96,0.95,43.66384373826931,False,0.0,0.0,0.0,,,,,False,False
I-95 HOV NB,HOV,110+04668,2025-10-24,18.0,3,45.96194077712559,5400.0,96,0.95,43.66384373826931,False,0.0,0.0,0.0,,,,,False,False
I-95 HOV NB,HOV,110+04668,2025-10-27,18.0,3,45.96194077712559,5400.0,96,0.95,43.66384373826931,False,0.0,0.0,0.0,,,,,False,False
I-95 HOV NB,HOV,110+04668,2025-10-28,18.0,3,45.96194077712559,5400.0,96,0.95,43.66384373826931,False,0.0,0.0,0.0,,,,,False,False
I-95 HOV NB,HOV,110+04668,2025-10-29,18.0,3,45.96194077712559,5400.0,96,0.95,43.66384373826931,False,0.0,0.0,0.0,,,,,False,False
I-95 HOV NB,HOV,110+04668,2025-10-30,18.0,3,45.96194077712559,5400.0,96,0.95,43.66384373826931,False,0.0,0.0,0.0,,,,,False,False
I-95 HOV NB,HOV,110+04668,2025-10-31,18.0,3,45.96194077712559,5400.0,96,0.95,43.66384373826931,False,0.0,0.0,0.0,,,,,False,False
I-95 HOV NB,HOV,110P04668,2025-10-01,19.0,3,45.96194077712559,5400.0,96,0.95,43.66384373826931,False,0.0,0.0,0.0,,,,,False,False
I-95 HOV NB,HOV,110P04668,2025-10-02,19.0,3,45.96194077712559,5400.0,96,0.95,43.66384373826931,False,0.0,0.0,0.0,,,,,False,False
I-95 HOV NB,HOV,110P04668,2025-10-03,19.0,3,45.96194077712559,5400.0,96,0.95,43.66384373826931,False,0.0,0.0,0.0,,,,,False,False
I-95 HOV NB,HOV,110P04668,2025-10-06,19.0,3,45.96194077712559,5400.0,96,0.95,43.66384373826931,False,0.0,0.0,0.0,,,,,False,False
I-95 HOV NB,HOV,110P04668,2025-10-07,19.0,3,45.96194077712559,5400.0,96,0.95,43.66384373826931,False,0.0,0.0,0.0,,,,,False,False
I-95 HOV NB,HOV,110P04668,2025-10-08,19.0,3,45.96194077712559,5400.0,96,0.95,43.66384373826931,False,0.0,0.0,0.0,,,,,False,False
I-95 HOV NB,HOV,110P04668,2025-10-09,19.0,3,45.96194077712559,5400.0,96,0.95,43.66384373826931,False,0.0,0.0,0.0,,,,,False,False
I-95 HOV NB,HOV,110P04668,2025-10-10,19.0,3,45.96194077712559,5400.0,95,0.95,43.66384373826931,False,0.0,0.0,0.0,,,,,False,False
I-95 HOV NB,HOV,110P04668,2025-10-13,19.0,3,45.96194077712559,5400.0,96,0.95,43.66384373826931,False,0.0,0.0,0.0,,,,,False,False
I-95 HOV NB,HOV,110P04668,2025-10-14,19.0,3,45.96194077712559,5400.0,96,0.95,43.66384373826931,True,1.0159779130068605,3822.4538271443616,0.7078618198415485,457.5845739872513,518.5432487676629,14.50111111111111,495.0,False,False
I-95 HOV NB,HOV,110P04668,2025-10-15,19.0,3,45.96194077712559,5400.0,96,0.95,43.66384373826931,False,0.0,0.0,0.0,,,,,False,False
I-95 HOV NB,HOV,110P04668,2025-10-16,19.0,3,45.96194077712559,5400.0,96,0.95,43.66384373826931,False,0.0,0.0,0.0,,,,,False,False
I-95 HOV NB,HOV,110P04668,2025-10-17,19.0,3,45.96194077712559,5400.0,96,0.95,43.66384373826931,False,0.0,0.0,0.0,,,,,False,False
I-95 HOV NB,HOV,110P04668,2025-10-20,19.0,3,45.96194077712559,5400.0,96,0.95,43.66384373826931,False,0.0,0.0,0.0,,,,,False,False
I-95 HOV NB,HOV,110P04668,2025-10-21,19.0,3,45.96194077712559,5400.0,96,0.95,43.66384373826931,False,0.0,0.0,0.0,,,,,False,False
I-95 HOV NB,HOV,110P04668,2025-10-22,19.0,3,45.96194077712559,5400.0,96,0.95,43.66384373826931,False,0.0,0.0,0.0,,,,,False,False
I-95 HOV NB,HOV,110P04668,2025-10-23,19.0,3,45.96194077712559,5400.0,96,0.95,43.66384373826931,False,0.0,0.0,0.0,,,,,False,False
I-95 HOV NB,HOV,110P04668,2025-10-24,19.0,3,45.96194077712559,5400.0,96,0.95,43.66384373826931,False,0.0,0.0,0.0,,,,,False,False
I-95 HOV NB,HOV,110P04668,2025-10-27,19.0,3,45.96194077712559,5400.0,96,0.95,43.66384373826931,False,0.0,0.0,0.0,,,,,False,False
I-95 HOV NB,HOV,110P04668,2025-10-28,19.0,3,45.96194077712559,5400.0,96,0.95,43.66384373826931,False,0.0,0.0,0.0,,,,,False,False
I-95 HOV NB,HOV,110P04668,2025-10-29,19.0,3,45.96194077712559,5400.0,96,0.95,43.66384373826931,False,0.0,0.0,0.0,,,,,False,False
I-95 HOV NB,HOV,110P04668,2025-10-30,19.0,3,45.96194077712559,5400.0,96,0.95,43.66384373826931,False,0.0,0.0,0.0,,,,,False,False
I-95 HOV NB,HOV,110P04668,2025-10-31,19.0,3,45.96194077712559,5400.0,96,0.95,43.66384373826931,False,0.0,0.0,0.0,,,,,False,False
I-95 HOV NB,HOV,110+04669,2025-10-01,20.0,3,45.96194077712559,5400.0,96,0.95,43.66384373826931,False,0.0,0.0,0.0,,,,,False,False
I-95 HOV NB,HOV,110+04669,2025-10-02,20.0,3,45.96194077712559,5400.0,96,0.95,43.66384373826931,False,0.0,0.0,0.0,,,,,False,False
I-95 HOV NB,HOV,110+04669,2025-10-03,20.0,3,45.96194077712559,5400.0,96,0.95,43.66384373826931,False,0.0,0.0,0.0,,,,,False,False
I-95 HOV NB,HOV,110+04669,2025-10-06,20.0,3,45.96194077712559,5400.0,96,0.95,43.66384373826931,False,0.0,0.0,0.0,,,,,False,False
I-95 HOV NB,HOV,110+04669,2025-10-07,20.0,3,45.96194077712559,5400.0,96,0.95,43.66384373826931,False,0.0,0.0,0.0,,,,,False,False
I-95 HOV NB,HOV,110+04669,2025-10-08,20.0,3,45.96194077712559,5400.0,96,0.95,43.66384373826931,False,0.0,0.0,0.0,,,,,False,False
I-95 HOV NB,HOV,110+04669,2025-10-09,20.0,3,45.96194077712559,5400.0,96,0.95,43.66384373826931,False,0.0,0.0,0.0,,,,,False,False
I-95 HOV NB,HOV,110+04669,2025-10-10,20.0,3,45.96194077712559,5400.0,95,0.95,43.66384373826931,False,0.0,0.0,0.0,,,,,False,False
I-95 HOV NB,HOV,110+04669,2025-10-13,20.0,3,45.96194077712559,5400.0,96,0.95,43.66384373826931,False,0.0,0.0,0.0,,,,,False,False
I-95 HOV NB,HOV,110+04669,2025-10-14,20.0,3,45.96194077712559,5400.0,96,0.95,43.66384373826931,True,1.2290679927454145,3276.697517870077,0.6067958366426068,450.9435865224682,524.6876660871931,11.040000000000001,495.0,False,False
I-95 HOV NB,HOV,110+04669,2025-10-15,20.0,3,45.96194077712559,5400.0,96,0.95,43.66384373826931,False,0.0,0.0,0.0,,,,,False,False
I-95 HOV NB,HOV,110+04669,2025-10-16,20.0,3,45.96194077712559,5400.0,96,0.95,43.66384373826931,False,0.0,0.0,0.0,,,,,False,False
I-95 HOV NB,HOV,110+04669,2025-10-17,20.0,3,45.96194077712559,5400.0,96,0.95,43.66384373826931,False,0.0,0.0,0.0,,,,,False,False
I-95 HOV NB,HOV,110+04669,2025-10-20,20.0,3,45.96194077712559,5400.0,96,0.95,43.66384373826931,False,0.0,0.0,0.0,,,,,False,False
I-95 HOV NB,HOV,110+04669,2025-10-21,20.0,3,45.96194077712559,5400.0,96,0.95,43.66384373826931,False,0.0,0.0,0.0,,,,,False,False
I-95 HOV NB,HOV,110+04669,2025-10-22,20.0,3,45.96194077712559,5400.0,96,0.95,43.66384373826931,False,0.0,0.0,0.0,,,,,False,False
I-95 HOV NB,HOV,110+04669,2025-10-23,20.0,3,45.96194077712559,5400.0,96,0.95,43.66384373826931,False,0.0,0.0,0.0,,,,,False,False
I-95 HOV NB,HOV,110+04669,2025-10-24,20.0,3,45.96194077712559,5400.0,96,0.95,43.66384373826931,False,0.0,0.0,0.0,,,,,False,False
I-95 HOV NB,HOV,110+04669,2025-10-27,20.0,3,45.96194077712559,5400.0,96,0.95,43.66384373826931,False,0.0,0.0,0.0,,,,,False,False
I-95 HOV NB,HOV,110+04669,2025-10-28,20.0,3,45.96194077712559,5400.0,96,0.95,43.66384373826931,False,0.0,0.0,0.0,,,,,False,False
I-95 HOV NB,HOV,110+04669,2025-10-29,20.0,3,45.96194077712559,5400.0,96,0.95,43.66384373826931,False,0.0,0.0,0.0,,,,,False,False
I-95 HOV NB,HOV,110+04669,2025-10-30,20.0,3,45.96194077712559,5400.0,96,0.95,43.66384373826931,False,0.0,0.0,0.0,,,,,False,False
I-95 HOV NB,HOV,110+04669,2025-10-31,20.0,3,45.96194077712559,5400.0,96,0.95,43.66384373826931,False,0.0,0.0,0.0,,,,,False,False
I-95 HOV NB,HOV,110+04658,2025-10-01,1.0,2,45.96194077712559,3600.0,96,1.0,45.96194077712559,False,0.0,0.0,0.0,,,,,False,False
I-95 HOV NB,HOV,110+04658,2025-10-02,1.0,2,45.96194077712559,3600.0,96,1.0,45.96194077712559,False,0.0,0.0,0.0,,,,,False,False
I-95 HOV NB,HOV,110+04658,2025-10-03,1.0,2,45.96194077712559,3600.0,96,1.0,45.96194077712559,False,0.0,0.0,0.0,,,,,False,False
I-95 HOV NB,HOV,110+04658,2025-10-06,1.0,2,45.96194077712559,3600.0,96,1.0,45.96194077712559,False,0.0,0.0,0.0,,,,,False,False
I-95 HOV NB,HOV,110+04658,2025-10-07,1.0,2,45.96194077712559,3600.0,96,1.0,45.96194077712559,False,0.0,0.0,0.0,,,,,False,False
I-95 HOV NB,HOV,110+04658,2025-10-08,1.0,2,45.96194077712559,3600.0,96,1.0,45.96194077712559,False,0.0,0.0,0.0,,,,,False,False
I-95 HOV NB,HOV,110+04658,2025-10-09,1.0,2,45.96194077712559,3600.0,96,1.0,45.96194077712559,False,0.0,0.0,0.0,,,,,False,False
I-95 HOV NB,HOV,110+04658,2025-10-10,1.0,2,45.96194077712559,3600.0,96,1.0,45.96194077712559,False,0.0,0.0,0.0,,,,,False,False
I-95 HOV NB,HOV,110+04658,2025-10-13,1.0,2,45.96194077712559,3600.0,96,1.0,45.96194077712559,False,0.0,0.0,0.0,,,,,False,False
I-95 HOV NB,HOV,110+04658,2025-10-14,1.0,2,45.96194077712559,3600.0,96,1.0,45.96194077712559,False,0.0,0.0,0.0,,,,,False,False
I-95 HOV NB,HOV,110+04658,2025-10-15,1.0,2,45.96194077712559,3600.0,96,1.0,45.96194077712559,False,0.0,0.0,0.0,,,,,False,False
I-95 HOV NB,HOV,110+04658,2025-10-16,1.0,2,45.96194077712559,3600.0,96,1.0,45.96194077712559,False,0.0,0.0,0.0,,,,,False,False
I-95 HOV NB,HOV,110+04658,2025-10-17,1.0,2,45.96194077712559,3600.0,96,1.0,45.96194077712559,False,0.0,0.0,0.0,,,,,False,False
I-95 HOV NB,HOV,110+04658,2025-10-20,1.0,2,45.96194077712559,3600.0,96,1.0,45.96194077712559,False,0.0,0.0,0.0,,,,,False,False
I-95 HOV NB,HOV,110+04658,2025-10-21,1.0,2,45.96194077712559,3600.0,96,1.0,45.96194077712559,False,0.0,0.0,0.0,,,,,False,False
I-95 HOV NB,HOV,110+04658,2025-10-22,1.0,2,45.96194077712559,3600.0,96,1.0,45.96194077712559,False,0.0,0.0,0.0,,,,,False,False
I-95 HOV NB,HOV,110+04658,2025-10-23,1.0,2,45.96194077712559,3600.0,96,1.0,45.96194077712559,False,0.0,0.0,0.0,,,,,False,False
I-95 HOV NB,HOV,110+04658,2025-10-24,1.0,2,45.96194077712559,3600.0,96,1.0,45.96194077712559,False,0.0,0.0,0.0,,,,,False,False
I-95 HOV NB,HOV,110+04658,2025-10-27,1.0,2,45.96194077712559,3600.0,96,1.0,45.96194077712559,True,0.6195704731516419,2443.103016094896,0.6786397266930266,385.04792821556373,422.22215660466225,32.10333333333333,405.0,False,False
I-95 HOV NB,HOV,110+04658,2025-10-28,1.0,2,45.96194077712559,3600.0,96,1.0,45.96194077712559,False,0.0,0.0,0.0,,,,,False,False
I-95 HOV NB,HOV,110+04658,2025-10-29,1.0,2,45.96194077712559,3600.0,96,1.0,45.96194077712559,False,0.0,0.0,0.0,,,,,False,False
I-95 HOV NB,HOV,110+04658,2025-10-30,1.0,2,45.96194077712559,3600.0,96,1.0,45.96194077712559,False,0.0,0.0,0.0,,,,,False,False
I-95 HOV NB,HOV,110+04658,2025-10-31,1.0,2,45.96194077712559,3600.0,96,1.0,45.96194077712559,False,0.0,0.0,0.0,,,,,False,False
I-95 HOV NB,HOV,110P04660,2025-10-01,4.0,2,45.96194077712559,3600.0,96,1.0,45.96194077712559,False,0.0,0.0,0.0,,,,,False,False
I-95 HOV NB,HOV,110P04660,2025-10-02,4.0,2,45.96194077712559,3600.0,96,1.0,45.96194077712559,False,0.0,0.0,0.0,,,,,False,False
I-95 HOV NB,HOV,110P04660,2025-10-03,4.0,2,45.96194077712559,3600.0,96,1.0,45.96194077712559,False,0.0,0.0,0.0,,,,,False,False
I-95 HOV NB,HOV,110P04660,2025-10-06,4.0,2,45.96194077712559,3600.0,96,1.0,45.96194077712559,False,0.0,0.0,0.0,,,,,False,False
I-95 HOV NB,HOV,110P04660,2025-10-07,4.0,2,45.96194077712559,3600.0,96,1.0,45.96194077712559,False,0.0,0.0,0.0,,,,,False,False
I-95 HOV NB,HOV,110P04660,2025-10-08,4.0,2,45.96194077712559,3600.0,96,1.0,45.96194077712559,False,0.0,0.0,0.0,,,,,False,False
I-95 HOV NB,HOV,110P04660,2025-10-09,4.0,2,45.96194077712559,3600.0,96,1.0,45.96194077712559,False,0.0,0.0,0.0,,,,,False,False
I-95 HOV NB,HOV,110P04660,2025-10-10,4.0,2,45.96194077712559,3600.0,96,1.0,45.96194077712559,False,0.0,0.0,0.0,,,,,False,False
I-95 HOV NB,HOV,110P04660,2025-10-13,4.0,2,45.96194077712559,3600.0,96,1.0,45.96194077712559,False,0.0,0.0,0.0,,,,,False,False
I-95 HOV NB,HOV,110P04660,2025-10-14,4.0,2,45.96194077712559,3600.0,96,1.0,45.96194077712559,False,0.0,0.0,0.0,,,,,False,False
I-95 HOV NB,HOV,110P04660,2025-10-15,4.0,2,45.96194077712559,3600.0,96,1.0,45.96194077712559,False,0.0,0.0,0.0,,,,,False,False
I-95 HOV NB,HOV,110P04660,2025-10-16,4.0,2,45.96194077712559,3600.0,96,1.0,45.96194077712559,False,0.0,0.0,0.0,,,,,False,False
I-95 HOV NB,HOV,110P04660,2025-10-17,4.0,2,45.96194077712559,3600.0,96,1.0,45.96194077712559,False,0.0,0.0,0.0,,,,,False,False
I-95 HOV NB,HOV,110P04660,2025-10-20,4.0,2,45.96194077712559,3600.0,96,1.0,45.96194077712559,False,0.0,0.0,0.0,,,,,False,False
I-95 HOV NB,HOV,110P04660,2025-10-21,4.0,2,45.96194077712559,3600.0,96,1.0,45.96194077712559,False,0.0,0.0,0.0,,,,,False,False
I-95 HOV NB,HOV,110P04660,2025-10-22,4.0,2,45.96194077712559,3600.0,96,1.0,45.96194077712559,False,0.0,0.0,0.0,,,,,False,False
I-95 HOV NB,HOV,110P04660,2025-10-23,4.0,2,45.96194077712559,3600.0,96,1.0,45.96194077712559,False,0.0,0.0,0.0,,,,,False,False
I-95 HOV NB,HOV,110P04660,2025-10-24,4.0,2,45.96194077712559,3600.0,96,1.0,45.96194077712559,False,0.0,0.0,0.0,,,,,False,False
I-95 HOV NB,HOV,110P04660,2025-10-27,4.0,2,45.96194077712559,3600.0,96,1.0,45.96194077712559,False,0.0,0.0,0.0,,,,,False,False
I-95 HOV NB,HOV,110P04660,2025-10-28,4.0,2,45.96194077712559,3600.0,96,1.0,45.96194077712559,False,0.0,0.0,0.0,,,,,False,False
I-95 HOV NB,HOV,110P04660,2025-10-29,4.0,2,45.96194077712559,3600.0,96,1.0,45.96194077712559,False,0.0,0.0,0.0,,,,,False,False
I-95 HOV NB,HOV,110P04660,2025-10-30,4.0,2,45.96194077712559,3600.0,96,1.0,45.96194077712559,False,0.0,0.0,0.0,,,,,False,False
I-95 HOV NB,HOV,110P04660,2025-10-31,4.0,2,45.96194077712559,3600.0,96,1.0,45.96194077712559,False,0.0,0.0,0.0,,,,,False,False
I-95 HOV NB,HOV,110+04661,2025-10-01,5.0,2,45.96194077712559,3600.0,96,1.0,45.96194077712559,False,0.0,0.0,0.0,,,,,False,False
I-95 HOV NB,HOV,110+04661,2025-10-02,5.0,2,45.96194077712559,3600.0,96,1.0,45.96194077712559,False,0.0,0.0,0.0,,,,,False,False
I-95 HOV NB,HOV,110+04661,2025-10-03,5.0,2,45.96194077712559,3600.0,96,1.0,45.96194077712559,False,0.0,0.0,0.0,,,,,False,False
I-95 HOV NB,HOV,110+04661,2025-10-06,5.0,2,45.96194077712559,3600.0,96,1.0,45.96194077712559,False,0.0,0.0,0.0,,,,,False,False
I-95 HOV NB,HOV,110+04661,2025-10-07,5.0,2,45.96194077712559,3600.0,96,1.0,45.96194077712559,False,0.0,0.0,0.0,,,,,False,False
I-95 HOV NB,HOV,110+04661,2025-10-08,5.0,2,45.96194077712559,3600.0,96,1.0,45.96194077712559,False,0.0,0.0,0.0,,,,,False,False
I-95 HOV NB,HOV,110+04661,2025-10-09,5.0,2,45.96194077712559,3600.0,96,1.0,45.96194077712559,False,0.0,0.0,0.0,,,,,False,False
I-95 HOV NB,HOV,110+04661,2025-10-10,5.0,2,45.96194077712559,3600.0,96,1.0,45.96194077712559,False,0.0,0.0,0.0,,,,,False,False
I-95 HOV NB,HOV,110+04661,2025-10-13,5.0,2,45.96194077712559,3600.0,96,1.0,45.96194077712559,False,0.0,0.0,0.0,,,,,False,False
I-95 HOV NB,HOV,110+04661,2025-10-14,5.0,2,45.96194077712559,3600.0,96,1.0,45.96194077712559,False,0.0,0.0,0.0,,,,,False,False
I-95 HOV NB,HOV,110+04661,2025-10-15,5.0,2,45.96194077712559,3600.0,96,1.0,45.96194077712559,False,0.0,0.0,0.0,,,,,False,False
I-95 HOV NB,HOV,110+04661,2025-10-16,5.0,2,45.96194077712559,3600.0,96,1.0,45.96194077712559,False,0.0,0.0,0.0,,,,,False,False
I-95 HOV NB,HOV,110+04661,2025-10-17,5.0,2,45.96194077712559,3600.0,96,1.0,45.96194077712559,False,0.0,0.0,0.0,,,,,False,False
I-95 HOV NB,HOV,110+04661,2025-10-20,5.0,2,45.96194077712559,3600.0,96,1.0,45.96194077712559,False,0.0,0.0,0.0,,,,,False,False
I-95 HOV NB,HOV,110+04661,2025-10-21,5.0,2,45.96194077712559,3600.0,96,1.0,45.96194077712559,False,0.0,0.0,0.0,,,,,False,False
I-95 HOV NB,HOV,110+04661,2025-10-22,5.0,2,45.96194077712559,3600.0,96,1.0,45.96194077712559,False,0.0,0.0,0.0,,,,,False,False
I-95 HOV NB,HOV,110+04661,2025-10-23,5.0,2,45.96194077712559,3600.0,96,1.0,45.96194077712559,False,0.0,0.0,0.0,,,,,False,False
I-95 HOV NB,HOV,110+04661,2025-10-24,5.0,2,45.96194077712559,3600.0,96,1.0,45.96194077712559,False,0.0,0.0,0.0,,,,,False,False
I-95 HOV NB,HOV,110+04661,2025-10-27,5.0,2,45.96194077712559,3600.0,96,1.0,45.96194077712559,False,0.0,0.0,0.0,,,,,False,False
I-95 HOV NB,HOV,110+04661,2025-10-28,5.0,2,45.96194077712559,3600.0,96,1.0,45.96194077712559,False,0.0,0.0,0.0,,,,,False,False
I-95 HOV NB,HOV,110+04661,2025-10-29,5.0,2,45.96194077712559,3600.0,96,1.0,45.96194077712559,False,0.0,0.0,0.0,,,,,False,False
I-95 HOV NB,HOV,110+04661,2025-10-30,5.0,2,45.96194077712559,3600.0,96,1.0,45.96194077712559,False,0.0,0.0,0.0,,,,,False,False
I-95 HOV NB,HOV,110+04661,2025-10-31,5.0,2,45.96194077712559,3600.0,96,1.0,45.96194077712559,False,0.0,0.0,0.0,,,,,False,False
I-95 HOV NB,HOV,110P04661,2025-10-01,6.0,2,45.96194077712559,3600.0,96,1.0,45.96194077712559,False,0.0,0.0,0.0,,,,,False,False
I-95 HOV NB,HOV,110P04661,2025-10-02,6.0,2,45.96194077712559,3600.0,96,1.0,45.96194077712559,False,0.0,0.0,0.0,,,,,False,False
I-95 HOV NB,HOV,110P04661,2025-10-03,6.0,2,45.96194077712559,3600.0,96,1.0,45.96194077712559,False,0.0,0.0,0.0,,,,,False,False
I-95 HOV NB,HOV,110P04661,2025-10-06,6.0,2,45.96194077712559,3600.0,96,1.0,45.96194077712559,False,0.0,0.0,0.0,,,,,False,False
I-95 HOV NB,HOV,110P04661,2025-10-07,6.0,2,45.96194077712559,3600.0,96,1.0,45.96194077712559,False,0.0,0.0,0.0,,,,,False,False
I-95 HOV NB,HOV,110P04661,2025-10-08,6.0,2,45.96194077712559,3600.0,96,1.0,45.96194077712559,False,0.0,0.0,0.0,,,,,False,False
I-95 HOV NB,HOV,110P04661,2025-10-09,6.0,2,45.96194077712559,3600.0,96,1.0,45.96194077712559,False,0.0,0.0,0.0,,,,,False,False
I-95 HOV NB,HOV,110P04661,2025-10-10,6.0,2,45.96194077712559,3600.0,96,1.0,45.96194077712559,False,0.0,0.0,0.0,,,,,False,False
I-95 HOV NB,HOV,110P04661,2025-10-13,6.0,2,45.96194077712559,3600.0,96,1.0,45.96194077712559,False,0.0,0.0,0.0,,,,,False,False
I-95 HOV NB,HOV,110P04661,2025-10-14,6.0,2,45.96194077712559,3600.0,96,1.0,45.96194077712559,False,0.0,0.0,0.0,,,,,False,False
I-95 HOV NB,HOV,110P04661,2025-10-15,6.0,2,45.96194077712559,3600.0,96,1.0,45.96194077712559,False,0.0,0.0,0.0,,,,,False,False
I-95 HOV NB,HOV,110P04661,2025-10-16,6.0,2,45.96194077712559,3600.0,96,1.0,45.96194077712559,False,0.0,0.0,0.0,,,,,False,False
I-95 HOV NB,HOV,110P04661,2025-10-17,6.0,2,45.96194077712559,3600.0,96,1.0,45.96194077712559,False,0.0,0.0,0.0,,,,,False,False
I-95 HOV NB,HOV,110P04661,2025-10-20,6.0,2,45.96194077712559,3600.0,96,1.0,45.96194077712559,False,0.0,0.0,0.0,,,,,False,False
I-95 HOV NB,HOV,110P04661,2025-10-21,6.0,2,45.96194077712559,3600.0,96,1.0,45.96194077712559,False,0.0,0.0,0.0,,,,,False,False
I-95 HOV NB,HOV,110P04661,2025-10-22,6.0,2,45.96194077712559,3600.0,96,1.0,45.96194077712559,False,0.0,0.0,0.0,,,,,False,False
I-95 HOV NB,HOV,110P04661,2025-10-23,6.0,2,45.96194077712559,3600.0,96,1.0,45.96194077712559,False,0.0,0.0,0.0,,,,,False,False
I-95 HOV NB,HOV,110P04661,2025-10-24,6.0,2,45.96194077712559,3600.0,96,1.0,45.96194077712559,False,0.0,0.0,0.0,,,,,False,False
I-95 HOV NB,HOV,110P04661,2025-10-27,6.0,2,45.96194077712559,3600.0,96,1.0,45.96194077712559,False,0.0,0.0,0.0,,,,,False,False
I-95 HOV NB,HOV,110P04661,2025-10-28,6.0,2,45.96194077712559,3600.0,96,1.0,45.96194077712559,False,0.0,0.0,0.0,,,,,False,False
I-95 HOV NB,HOV,110P04661,2025-10-29,6.0,2,45.96194077712559,3600.0,96,1.0,45.96194077712559,False,0.0,0.0,0.0,,,,,False,False
I-95 HOV NB,HOV,110P04661,2025-10-30,6.0,2,45.96194077712559,3600.0,96,1.0,45.96194077712559,False,0.0,0.0,0.0,,,,,False,False
I-95 HOV NB,HOV,110P04661,2025-10-31,6.0,2,45.96194077712559,3600.0,96,1.0,45.96194077712559,False,0.0,0.0,0.0,,,,,False,False
I-95 HOV NB,HOV,110+04662,2025-10-01,7.0,2,45.96194077712559,3600.0,96,1.0,45.96194077712559,False,0.0,0.0,0.0,,,,,False,False
I-95 HOV NB,HOV,110+04662,2025-10-02,7.0,2,45.96194077712559,3600.0,96,1.0,45.96194077712559,False,0.0,0.0,0.0,,,,,False,False
I-95 HOV NB,HOV,110+04662,2025-10-03,7.0,2,45.96194077712559,3600.0,96,1.0,45.96194077712559,False,0.0,0.0,0.0,,,,,False,False
I-95 HOV NB,HOV,110+04662,2025-10-06,7.0,2,45.96194077712559,3600.0,96,1.0,45.96194077712559,False,0.0,0.0,0.0,,,,,False,False
I-95 HOV NB,HOV,110+04662,2025-10-07,7.0,2,45.96194077712559,3600.0,96,1.0,45.96194077712559,False,0.0,0.0,0.0,,,,,False,False
I-95 HOV NB,HOV,110+04662,2025-10-08,7.0,2,45.96194077712559,3600.0,96,1.0,45.96194077712559,False,0.0,0.0,0.0,,,,,False,False
I-95 HOV NB,HOV,110+04662,2025-10-09,7.0,2,45.96194077712559,3600.0,96,1.0,45.96194077712559,False,0.0,0.0,0.0,,,,,False,False
I-95 HOV NB,HOV,110+04662,2025-10-10,7.0,2,45.96194077712559,3600.0,96,1.0,45.96194077712559,False,0.0,0.0,0.0,,,,,False,False
I-95 HOV NB,HOV,110+04662,2025-10-13,7.0,2,45.96194077712559,3600.0,96,1.0,45.96194077712559,False,0.0,0.0,0.0,,,,,False,False
I-95 HOV NB,HOV,110+04662,2025-10-14,7.0,2,45.96194077712559,3600.0,96,1.0,45.96194077712559,False,0.0,0.0,0.0,,,,,False,False
I-95 HOV NB,HOV,110+04662,2025-10-15,7.0,2,45.96194077712559,3600.0,96,1.0,45.96194077712559,False,0.0,0.0,0.0,,,,,False,False
I-95 HOV NB,HOV,110+04662,2025-10-16,7.0,2,45.96194077712559,3600.0,96,1.0,45.96194077712559,False,0.0,0.0,0.0,,,,,False,False
I-95 HOV NB,HOV,110+04662,2025-10-17,7.0,2,45.96194077712559,3600.0,96,1.0,45.96194077712559,False,0.0,0.0,0.0,,,,,False,False
I-95 HOV NB,HOV,110+04662,2025-10-20,7.0,2,45.96194077712559,3600.0,96,1.0,45.96194077712559,False,0.0,0.0,0.0,,,,,False,False
I-95 HOV NB,HOV,110+04662,2025-10-21,7.0,2,45.96194077712559,3600.0,96,1.0,45.96194077712559,False,0.0,0.0,0.0,,,,,False,False
I-95 HOV NB,HOV,110+04662,2025-10-22,7.0,2,45.96194077712559,3600.0,96,1.0,45.96194077712559,False,0.0,0.0,0.0,,,,,False,False
I-95 HOV NB,HOV,110+04662,2025-10-23,7.0,2,45.96194077712559,3600.0,96,1.0,45.96194077712559,False,0.0,0.0,0.0,,,,,False,False
I-95 HOV NB,HOV,110+04662,2025-10-24,7.0,2,45.96194077712559,3600.0,96,1.0,45.96194077712559,False,0.0,0.0,0.0,,,,,False,False
I-95 HOV NB,HOV,110+04662,2025-10-27,7.0,2,45.96194077712559,3600.0,96,1.0,45.96194077712559,False,0.0,0.0,0.0,,,,,False,False
I-95 HOV NB,HOV,110+04662,2025-10-28,7.0,2,45.96194077712559,3600.0,96,1.0,45.96194077712559,False,0.0,0.0,0.0,,,,,False,False
I-95 HOV NB,HOV,110+04662,2025-10-29,7.0,2,45.96194077712559,3600.0,96,1.0,45.96194077712559,False,0.0,0.0,0.0,,,,,False,False
I-95 HOV NB,HOV,110+04662,2025-10-30,7.0,2,45.96194077712559,3600.0,96,1.0,45.96194077712559,False,0.0,0.0,0.0,,,,,False,False
I-95 HOV NB,HOV,110+04662,2025-10-31,7.0,2,45.96194077712559,3600.0,96,1.0,45.96194077712559,False,0.0,0.0,0.0,,,,,False,False
I-95 HOV NB,HOV,110P04662,2025-10-01,8.0,2,45.96194077712559,3600.0,96,1.0,45.96194077712559,False,0.0,0.0,0.0,,,,,False,False
I-95 HOV NB,HOV,110P04662,2025-10-02,8.0,2,45.96194077712559,3600.0,96,1.0,45.96194077712559,False,0.0,0.0,0.0,,,,,False,False
I-95 HOV NB,HOV,110P04662,2025-10-03,8.0,2,45.96194077712559,3600.0,96,1.0,45.96194077712559,False,0.0,0.0,0.0,,,,,False,False
I-95 HOV NB,HOV,110P04662,2025-10-06,8.0,2,45.96194077712559,3600.0,96,1.0,45.96194077712559,False,0.0,0.0,0.0,,,,,False,False
I-95 HOV NB,HOV,110P04662,2025-10-07,8.0,2,45.96194077712559,3600.0,96,1.0,45.96194077712559,False,0.0,0.0,0.0,,,,,False,False
I-95 HOV NB,HOV,110P04662,2025-10-08,8.0,2,45.96194077712559,3600.0,96,1.0,45.96194077712559,False,0.0,0.0,0.0,,,,,False,False
I-95 HOV NB,HOV,110P04662,2025-10-09,8.0,2,45.96194077712559,3600.0,96,1.0,45.96194077712559,False,0.0,0.0,0.0,,,,,False,False
I-95 HOV NB,HOV,110P04662,2025-10-10,8.0,2,45.96194077712559,3600.0,96,1.0,45.96194077712559,False,0.0,0.0,0.0,,,,,False,False
I-95 HOV NB,HOV,110P04662,2025-10-13,8.0,2,45.96194077712559,3600.0,96,1.0,45.96194077712559,False,0.0,0.0,0.0,,,,,False,False
I-95 HOV NB,HOV,110P04662,2025-10-14,8.0,2,45.96194077712559,3600.0,96,1.0,45.96194077712559,False,0.0,0.0,0.0,,,,,False,False
I-95 HOV NB,HOV,110P04662,2025-10-15,8.0,2,45.96194077712559,3600.0,96,1.0,45.96194077712559,False,0.0,0.0,0.0,,,,,False,False
I-95 HOV NB,HOV,110P04662,2025-10-16,8.0,2,45.96194077712559,3600.0,96,1.0,45.96194077712559,False,0.0,0.0,0.0,,,,,False,False
I-95 HOV NB,HOV,110P04662,2025-10-17,8.0,2,45.96194077712559,3600.0,96,1.0,45.96194077712559,False,0.0,0.0,0.0,,,,,False,False
I-95 HOV NB,HOV,110P04662,2025-10-20,8.0,2,45.96194077712559,3600.0,96,1.0,45.96194077712559,False,0.0,0.0,0.0,,,,,False,False
I-95 HOV NB,HOV,110P04662,2025-10-21,8.0,2,45.96194077712559,3600.0,96,1.0,45.96194077712559,False,0.0,0.0,0.0,,,,,False,False
I-95 HOV NB,HOV,110P04662,2025-10-22,8.0,2,45.96194077712559,3600.0,96,1.0,45.96194077712559,False,0.0,0.0,0.0,,,,,False,False
I-95 HOV NB,HOV,110P04662,2025-10-23,8.0,2,45.96194077712559,3600.0,96,1.0,45.96194077712559,False,0.0,0.0,0.0,,,,,False,False
I-95 HOV NB,HOV,110P04662,2025-10-24,8.0,2,45.96194077712559,3600.0,96,1.0,45.96194077712559,False,0.0,0.0,0.0,,,,,False,False
I-95 HOV NB,HOV,110P04662,2025-10-27,8.0,2,45.96194077712559,3600.0,96,1.0,45.96194077712559,False,0.0,0.0,0.0,,,,,False,False
I-95 HOV NB,HOV,110P04662,2025-10-28,8.0,2,45.96194077712559,3600.0,96,1.0,45.96194077712559,False,0.0,0.0,0.0,,,,,False,False
I-95 HOV NB,HOV,110P04662,2025-10-29,8.0,2,45.96194077712559,3600.0,96,1.0,45.96194077712559,False,0.0,0.0,0.0,,,,,False,False
I-95 HOV NB,HOV,110P04662,2025-10-30,8.0,2,45.96194077712559,3600.0,96,1.0,45.96194077712559,False,0.0,0.0,0.0,,,,,False,False
I-95 HOV NB,HOV,110P04662,2025-10-31,8.0,2,45.96194077712559,3600.0,96,1.0,45.96194077712559,False,0.0,0.0,0.0,,,,,False,False
I-95 HOV NB,HOV,110P04665,2025-10-01,13.1,3,45.96194077712559,5400.0,96,1.0,45.96194077712559,False,0.0,0.0,0.0,,,,,False,False
I-95 HOV NB,HOV,110P04665,2025-10-02,13.1,3,45.96194077712559,5400.0,96,1.0,45.96194077712559,False,0.0,0.0,0.0,,,,,False,False
I-95 HOV NB,HOV,110P04665,2025-10-03,13.1,3,45.96194077712559,5400.0,96,1.0,45.96194077712559,False,0.0,0.0,0.0,,,,,False,False
I-95 HOV NB,HOV,110P04665,2025-10-06,13.1,3,45.96194077712559,5400.0,96,1.0,45.96194077712559,False,0.0,0.0,0.0,,,,,False,False
I-95 HOV NB,HOV,110P04665,2025-10-07,13.1,3,45.96194077712559,5400.0,96,1.0,45.96194077712559,False,0.0,0.0,0.0,,,,,False,False
I-95 HOV NB,HOV,110P04665,2025-10-08,13.1,3,45.96194077712559,5400.0,96,1.0,45.96194077712559,False,0.0,0.0,0.0,,,,,False,False
I-95 HOV NB,HOV,110P04665,2025-10-09,13.1,3,45.96194077712559,5400.0,96,1.0,45.96194077712559,False,0.0,0.0,0.0,,,,,False,False
I-95 HOV NB,HOV,110P04665,2025-10-10,13.1,3,45.96194077712559,5400.0,96,1.0,45.96194077712559,False,0.0,0.0,0.0,,,,,False,False
I-95 HOV NB,HOV,110P04665,2025-10-13,13.1,3,45.96194077712559,5400.0,96,1.0,45.96194077712559,False,0.0,0.0,0.0,,,,,False,False
I-95 HOV NB,HOV,110P04665,2025-10-14,13.1,3,45.96194077712559,5400.0,96,1.0,45.96194077712559,False,0.0,0.0,0.0,,,,,False,False
I-95 HOV NB,HOV,110P04665,2025-10-15,13.1,3,45.96194077712559,5400.0,96,1.0,45.96194077712559,False,0.0,0.0,0.0,,,,,False,False
I-95 HOV NB,HOV,110P04665,2025-10-16,13.1,3,45.96194077712559,5400.0,96,1.0,45.96194077712559,False,0.0,0.0,0.0,,,,,False,False
I-95 HOV NB,HOV,110P04665,2025-10-17,13.1,3,45.96194077712559,5400.0,96,1.0,45.96194077712559,False,0.0,0.0,0.0,,,,,False,False
I-95 HOV NB,HOV,110P04665,2025-10-20,13.1,3,45.96194077712559,5400.0,96,1.0,45.96194077712559,False,0.0,0.0,0.0,,,,,False,False
I-95 HOV NB,HOV,110P04665,2025-10-21,13.1,3,45.96194077712559,5400.0,96,1.0,45.96194077712559,False,0.0,0.0,0.0,,,,,False,False
I-95 HOV NB,HOV,110P04665,2025-10-22,13.1,3,45.96194077712559,5400.0,96,1.0,45.96194077712559,False,0.0,0.0,0.0,,,,,False,False
I-95 HOV NB,HOV,110P04665,2025-10-23,13.1,3,45.96194077712559,5400.0,96,1.0,45.96194077712559,False,0.0,0.0,0.0,,,,,False,False
I-95 HOV NB,HOV,110P04665,2025-10-24,13.1,3,45.96194077712559,5400.0,96,1.0,45.96194077712559,False,0.0,0.0,0.0,,,,,False,False
I-95 HOV NB,HOV,110P04665,2025-10-27,13.1,3,45.96194077712559,5400.0,96,1.0,45.96194077712559,False,0.0,0.0,0.0,,,,,False,False
I-95 HOV NB,HOV,110P04665,2025-10-28,13.1,3,45.96194077712559,5400.0,96,1.0,45.96194077712559,False,0.0,0.0,0.0,,,,,False,False
I-95 HOV NB,HOV,110P04665,2025-10-29,13.1,3,45.96194077712559,5400.0,96,1.0,45.96194077712559,False,0.0,0.0,0.0,,,,,False,False
I-95 HOV NB,HOV,110P04665,2025-10-30,13.1,3,45.96194077712559,5400.0,96,1.0,45.96194077712559,False,0.0,0.0,0.0,,,,,False,False
I-95 HOV NB,HOV,110P04665,2025-10-31,13.1,3,45.96194077712559,5400.0,96,1.0,45.96194077712559,False,0.0,0.0,0.0,,,,,False,False
I-95 HOV NB,HOV,110+04666,2025-10-01,14.0,3,45.96194077712559,5400.0,96,1.0,45.96194077712559,False,0.0,0.0,0.0,,,,,False,False
I-95 HOV NB,HOV,110+04666,2025-10-02,14.0,3,45.96194077712559,5400.0,96,1.0,45.96194077712559,False,0.0,0.0,0.0,,,,,False,False
I-95 HOV NB,HOV,110+04666,2025-10-03,14.0,3,45.96194077712559,5400.0,96,1.0,45.96194077712559,False,0.0,0.0,0.0,,,,,False,False
I-95 HOV NB,HOV,110+04666,2025-10-06,14.0,3,45.96194077712559,5400.0,96,1.0,45.96194077712559,False,0.0,0.0,0.0,,,,,False,False
I-95 HOV NB,HOV,110+04666,2025-10-07,14.0,3,45.96194077712559,5400.0,96,1.0,45.96194077712559,False,0.0,0.0,0.0,,,,,False,False
I-95 HOV NB,HOV,110+04666,2025-10-08,14.0,3,45.96194077712559,5400.0,96,1.0,45.96194077712559,False,0.0,0.0,0.0,,,,,False,False
I-95 HOV NB,HOV,110+04666,2025-10-09,14.0,3,45.96194077712559,5400.0,96,1.0,45.96194077712559,False,0.0,0.0,0.0,,,,,False,False
I-95 HOV NB,HOV,110+04666,2025-10-10,14.0,3,45.96194077712559,5400.0,96,1.0,45.96194077712559,False,0.0,0.0,0.0,,,,,False,False
I-95 HOV NB,HOV,110+04666,2025-10-13,14.0,3,45.96194077712559,5400.0,96,1.0,45.96194077712559,False,0.0,0.0,0.0,,,,,False,False
I-95 HOV NB,HOV,110+04666,2025-10-14,14.0,3,45.96194077712559,5400.0,96,1.0,45.96194077712559,False,0.0,0.0,0.0,,,,,False,False
I-95 HOV NB,HOV,110+04666,2025-10-15,14.0,3,45.96194077712559,5400.0,96,1.0,45.96194077712559,False,0.0,0.0,0.0,,,,,False,False
I-95 HOV NB,HOV,110+04666,2025-10-16,14.0,3,45.96194077712559,5400.0,96,1.0,45.96194077712559,False,0.0,0.0,0.0,,,,,False,False
I-95 HOV NB,HOV,110+04666,2025-10-17,14.0,3,45.96194077712559,5400.0,96,1.0,45.96194077712559,False,0.0,0.0,0.0,,,,,False,False
I-95 HOV NB,HOV,110+04666,2025-10-20,14.0,3,45.96194077712559,5400.0,96,1.0,45.96194077712559,False,0.0,0.0,0.0,,,,,False,False
I-95 HOV NB,HOV,110+04666,2025-10-21,14.0,3,45.96194077712559,5400.0,96,1.0,45.96194077712559,False,0.0,0.0,0.0,,,,,False,False
I-95 HOV NB,HOV,110+04666,2025-10-22,14.0,3,45.96194077712559,5400.0,96,1.0,45.96194077712559,False,0.0,0.0,0.0,,,,,False,False
I-95 HOV NB,HOV,110+04666,2025-10-23,14.0,3,45.96194077712559,5400.0,96,1.0,45.96194077712559,False,0.0,0.0,0.0,,,,,False,False
I-95 HOV NB,HOV,110+04666,2025-10-24,14.0,3,45.96194077712559,5400.0,96,1.0,45.96194077712559,False,0.0,0.0,0.0,,,,,False,False
I-95 HOV NB,HOV,110+04666,2025-10-27,14.0,3,45.96194077712559,5400.0,96,1.0,45.96194077712559,False,0.0,0.0,0.0,,,,,False,False
I-95 HOV NB,HOV,110+04666,2025-10-28,14.0,3,45.96194077712559,5400.0,96,1.0,45.96194077712559,False,0.0,0.0,0.0,,,,,False,False
I-95 HOV NB,HOV,110+04666,2025-10-29,14.0,3,45.96194077712559,5400.0,96,1.0,45.96194077712559,False,0.0,0.0,0.0,,,,,False,False
I-95 HOV NB,HOV,110+04666,2025-10-30,14.0,3,45.96194077712559,5400.0,96,1.0,45.96194077712559,False,0.0,0.0,0.0,,,,,False,False
I-95 HOV NB,HOV,110+04666,2025-10-31,14.0,3,45.96194077712559,5400.0,96,1.0,45.96194077712559,False,0.0,0.0,0.0,,,,,False,False
I-95 HOV NB,HOV,110P04666,2025-10-01,15.0,3,45.96194077712559,5400.0,96,1.0,45.96194077712559,False,0.0,0.0,0.0,,,,,False,False
I-95 HOV NB,HOV,110P04666,2025-10-02,15.0,3,45.96194077712559,5400.0,96,1.0,45.96194077712559,False,0.0,0.0,0.0,,,,,False,False
I-95 HOV NB,HOV,110P04666,2025-10-03,15.0,3,45.96194077712559,5400.0,96,1.0,45.96194077712559,False,0.0,0.0,0.0,,,,,False,False
I-95 HOV NB,HOV,110P04666,2025-10-06,15.0,3,45.96194077712559,5400.0,96,1.0,45.96194077712559,False,0.0,0.0,0.0,,,,,False,False
I-95 HOV NB,HOV,110P04666,2025-10-07,15.0,3,45.96194077712559,5400.0,96,1.0,45.96194077712559,False,0.0,0.0,0.0,,,,,False,False
I-95 HOV NB,HOV,110P04666,2025-10-08,15.0,3,45.96194077712559,5400.0,96,1.0,45.96194077712559,False,0.0,0.0,0.0,,,,,False,False
I-95 HOV NB,HOV,110P04666,2025-10-09,15.0,3,45.96194077712559,5400.0,96,1.0,45.96194077712559,False,0.0,0.0,0.0,,,,,False,False
I-95 HOV NB,HOV,110P04666,2025-10-10,15.0,3,45.96194077712559,5400.0,96,1.0,45.96194077712559,False,0.0,0.0,0.0,,,,,False,False
I-95 HOV NB,HOV,110P04666,2025-10-13,15.0,3,45.96194077712559,5400.0,96,1.0,45.96194077712559,False,0.0,0.0,0.0,,,,,False,False
I-95 HOV NB,HOV,110P04666,2025-10-14,15.0,3,45.96194077712559,5400.0,96,1.0,45.96194077712559,False,0.0,0.0,0.0,,,,,False,False
I-95 HOV NB,HOV,110P04666,2025-10-15,15.0,3,45.96194077712559,5400.0,96,1.0,45.96194077712559,False,0.0,0.0,0.0,,,,,False,False
I-95 HOV NB,HOV,110P04666,2025-10-16,15.0,3,45.96194077712559,5400.0,96,1.0,45.96194077712559,False,0.0,0.0,0.0,,,,,False,False
I-95 HOV NB,HOV,110P04666,2025-10-17,15.0,3,45.96194077712559,5400.0,96,1.0,45.96194077712559,False,0.0,0.0,0.0,,,,,False,False
I-95 HOV NB,HOV,110P04666,2025-10-20,15.0,3,45.96194077712559,5400.0,96,1.0,45.96194077712559,False,0.0,0.0,0.0,,,,,False,False
I-95 HOV NB,HOV,110P04666,2025-10-21,15.0,3,45.96194077712559,5400.0,96,1.0,45.96194077712559,False,0.0,0.0,0.0,,,,,False,False
I-95 HOV NB,HOV,110P04666,2025-10-22,15.0,3,45.96194077712559,5400.0,96,1.0,45.96194077712559,False,0.0,0.0,0.0,,,,,False,False
I-95 HOV NB,HOV,110P04666,2025-10-23,15.0,3,45.96194077712559,5400.0,96,1.0,45.96194077712559,False,0.0,0.0,0.0,,,,,False,False
I-95 HOV NB,HOV,110P04666,2025-10-24,15.0,3,45.96194077712559,5400.0,96,1.0,45.96194077712559,False,0.0,0.0,0.0,,,,,False,False
I-95 HOV NB,HOV,110P04666,2025-10-27,15.0,3,45.96194077712559,5400.0,96,1.0,45.96194077712559,False,0.0,0.0,0.0,,,,,False,False
I-95 HOV NB,HOV,110P04666,2025-10-28,15.0,3,45.96194077712559,5400.0,96,1.0,45.96194077712559,False,0.0,0.0,0.0,,,,,False,False
I-95 HOV NB,HOV,110P04666,2025-10-29,15.0,3,45.96194077712559,5400.0,96,1.0,45.96194077712559,False,0.0,0.0,0.0,,,,,False,False
I-95 HOV NB,HOV,110P04666,2025-10-30,15.0,3,45.96194077712559,5400.0,96,1.0,45.96194077712559,False,0.0,0.0,0.0,,,,,False,False
I-95 HOV NB,HOV,110P04666,2025-10-31,15.0,3,45.96194077712559,5400.0,96,1.0,45.96194077712559,False,0.0,0.0,0.0,,,,,False,False
I-95 HOV NB,HOV,110+04667,2025-10-01,16.0,3,45.96194077712559,5400.0,96,1.0,45.96194077712559,False,0.0,0.0,0.0,,,,,False,False
I-95 HOV NB,HOV,110+04667,2025-10-02,16.0,3,45.96194077712559,5400.0,96,1.0,45.96194077712559,False,0.0,0.0,0.0,,,,,False,False
I-95 HOV NB,HOV,110+04667,2025-10-03,16.0,3,45.96194077712559,5400.0,96,1.0,45.96194077712559,False,0.0,0.0,0.0,,,,,False,False
I-95 HOV NB,HOV,110+04667,2025-10-06,16.0,3,45.96194077712559,5400.0,96,1.0,45.96194077712559,False,0.0,0.0,0.0,,,,,False,False
I-95 HOV NB,HOV,110+04667,2025-10-07,16.0,3,45.96194077712559,5400.0,96,1.0,45.96194077712559,False,0.0,0.0,0.0,,,,,False,False
I-95 HOV NB,HOV,110+04667,2025-10-08,16.0,3,45.96194077712559,5400.0,96,1.0,45.96194077712559,False,0.0,0.0,0.0,,,,,False,False
I-95 HOV NB,HOV,110+04667,2025-10-09,16.0,3,45.96194077712559,5400.0,96,1.0,45.96194077712559,False,0.0,0.0,0.0,,,,,False,False
I-95 HOV NB,HOV,110+04667,2025-10-10,16.0,3,45.96194077712559,5400.0,96,1.0,45.96194077712559,False,0.0,0.0,0.0,,,,,False,False
I-95 HOV NB,HOV,110+04667,2025-10-13,16.0,3,45.96194077712559,5400.0,96,1.0,45.96194077712559,False,0.0,0.0,0.0,,,,,False,False
I-95 HOV NB,HOV,110+04667,2025-10-14,16.0,3,45.96194077712559,5400.0,96,1.0,45.96194077712559,False,0.0,0.0,0.0,,,,,False,False
I-95 HOV NB,HOV,110+04667,2025-10-15,16.0,3,45.96194077712559,5400.0,96,1.0,45.96194077712559,False,0.0,0.0,0.0,,,,,False,False
I-95 HOV NB,HOV,110+04667,2025-10-16,16.0,3,45.96194077712559,5400.0,96,1.0,45.96194077712559,False,0.0,0.0,0.0,,,,,False,False
I-95 HOV NB,HOV,110+04667,2025-10-17,16.0,3,45.96194077712559,5400.0,96,1.0,45.96194077712559,False,0.0,0.0,0.0,,,,,False,False
I-95 HOV NB,HOV,110+04667,2025-10-20,16.0,3,45.96194077712559,5400.0,96,1.0,45.96194077712559,False,0.0,0.0,0.0,,,,,False,False
I-95 HOV NB,HOV,110+04667,2025-10-21,16.0,3,45.96194077712559,5400.0,96,1.0,45.96194077712559,False,0.0,0.0,0.0,,,,,False,False
I-95 HOV NB,HOV,110+04667,2025-10-22,16.0,3,45.96194077712559,5400.0,96,1.0,45.96194077712559,False,0.0,0.0,0.0,,,,,False,False
I-95 HOV NB,HOV,110+04667,2025-10-23,16.0,3,45.96194077712559,5400.0,96,1.0,45.96194077712559,False,0.0,0.0,0.0,,,,,False,False
I-95 HOV NB,HOV,110+04667,2025-10-24,16.0,3,45.96194077712559,5400.0,96,1.0,45.96194077712559,False,0.0,0.0,0.0,,,,,False,False
I-95 HOV NB,HOV,110+04667,2025-10-27,16.0,3,45.96194077712559,5400.0,96,1.0,45.96194077712559,False,0.0,0.0,0.0,,,,,False,False
I-95 HOV NB,HOV,110+04667,2025-10-28,16.0,3,45.96194077712559,5400.0,96,1.0,45.96194077712559,False,0.0,0.0,0.0,,,,,False,False
I-95 HOV NB,HOV,110+04667,2025-10-29,16.0,3,45.96194077712559,5400.0,96,1.0,45.96194077712559,False,0.0,0.0,0.0,,,,,False,False
I-95 HOV NB,HOV,110+04667,2025-10-30,16.0,3,45.96194077712559,5400.0,96,1.0,45.96194077712559,False,0.0,0.0,0.0,,,,,False,False
I-95 HOV NB,HOV,110+04667,2025-10-31,16.0,3,45.96194077712559,5400.0,96,1.0,45.96194077712559,False,0.0,0.0,0.0,,,,,False,False
I-95 HOV NB,HOV,110P04667,2025-10-01,17.0,3,45.96194077712559,5400.0,96,1.0,45.96194077712559,False,0.0,0.0,0.0,,,,,False,False
I-95 HOV NB,HOV,110P04667,2025-10-02,17.0,3,45.96194077712559,5400.0,96,1.0,45.96194077712559,False,0.0,0.0,0.0,,,,,False,False
I-95 HOV NB,HOV,110P04667,2025-10-03,17.0,3,45.96194077712559,5400.0,96,1.0,45.96194077712559,False,0.0,0.0,0.0,,,,,False,False
I-95 HOV NB,HOV,110P04667,2025-10-06,17.0,3,45.96194077712559,5400.0,96,1.0,45.96194077712559,False,0.0,0.0,0.0,,,,,False,False
I-95 HOV NB,HOV,110P04667,2025-10-07,17.0,3,45.96194077712559,5400.0,96,1.0,45.96194077712559,False,0.0,0.0,0.0,,,,,False,False
I-95 HOV NB,HOV,110P04667,2025-10-08,17.0,3,45.96194077712559,5400.0,96,1.0,45.96194077712559,False,0.0,0.0,0.0,,,,,False,False
I-95 HOV NB,HOV,110P04667,2025-10-09,17.0,3,45.96194077712559,5400.0,96,1.0,45.96194077712559,False,0.0,0.0,0.0,,,,,False,False
I-95 HOV NB,HOV,110P04667,2025-10-10,17.0,3,45.96194077712559,5400.0,96,1.0,45.96194077712559,False,0.0,0.0,0.0,,,,,False,False
I-95 HOV NB,HOV,110P04667,2025-10-13,17.0,3,45.96194077712559,5400.0,96,1.0,45.96194077712559,False,0.0,0.0,0.0,,,,,False,False
I-95 HOV NB,HOV,110P04667,2025-10-14,17.0,3,45.96194077712559,5400.0,96,1.0,45.96194077712559,False,0.0,0.0,0.0,,,,,False,False
I-95 HOV NB,HOV,110P04667,2025-10-15,17.0,3,45.96194077712559,5400.0,96,1.0,45.96194077712559,False,0.0,0.0,0.0,,,,,False,False
I-95 HOV NB,HOV,110P04667,2025-10-16,17.0,3,45.96194077712559,5400.0,96,1.0,45.96194077712559,False,0.0,0.0,0.0,,,,,False,False
I-95 HOV NB,HOV,110P04667,2025-10-17,17.0,3,45.96194077712559,5400.0,96,1.0,45.96194077712559,False,0.0,0.0,0.0,,,,,False,False
I-95 HOV NB,HOV,110P04667,2025-10-20,17.0,3,45.96194077712559,5400.0,96,1.0,45.96194077712559,False,0.0,0.0,0.0,,,,,False,False
I-95 HOV NB,HOV,110P04667,2025-10-21,17.0,3,45.96194077712559,5400.0,96,1.0,45.96194077712559,False,0.0,0.0,0.0,,,,,False,False
I-95 HOV NB,HOV,110P04667,2025-10-22,17.0,3,45.96194077712559,5400.0,96,1.0,45.96194077712559,False,0.0,0.0,0.0,,,,,False,False
I-95 HOV NB,HOV,110P04667,2025-10-23,17.0,3,45.96194077712559,5400.0,96,1.0,45.96194077712559,False,0.0,0.0,0.0,,,,,False,False
I-95 HOV NB,HOV,110P04667,2025-10-24,17.0,3,45.96194077712559,5400.0,96,1.0,45.96194077712559,False,0.0,0.0,0.0,,,,,False,False
I-95 HOV NB,HOV,110P04667,2025-10-27,17.0,3,45.96194077712559,5400.0,96,1.0,45.96194077712559,False,0.0,0.0,0.0,,,,,False,False
I-95 HOV NB,HOV,110P04667,2025-10-28,17.0,3,45.96194077712559,5400.0,96,1.0,45.96194077712559,False,0.0,0.0,0.0,,,,,False,False
I-95 HOV NB,HOV,110P04667,2025-10-29,17.0,3,45.96194077712559,5400.0,96,1.0,45.96194077712559,False,0.0,0.0,0.0,,,,,False,False
I-95 HOV NB,HOV,110P04667,2025-10-30,17.0,3,45.96194077712559,5400.0,96,1.0,45.96194077712559,False,0.0,0.0,0.0,,,,,False,False
I-95 HOV NB,HOV,110P04667,2025-10-31,17.0,3,45.96194077712559,5400.0,96,1.0,45.96194077712559,False,0.0,0.0,0.0,,,,,False,False
I-95 HOV NB,HOV,110+04668,2025-10-01,18.0,3,45.96194077712559,5400.0,96,1.0,45.96194077712559,False,0.0,0.0,0.0,,,,,False,False
I-95 HOV NB,HOV,110+04668,2025-10-02,18.0,3,45.96194077712559,5400.0,96,1.0,45.96194077712559,False,0.0,0.0,0.0,,,,,False,False
I-95 HOV NB,HOV,110+04668,2025-10-03,18.0,3,45.96194077712559,5400.0,96,1.0,45.96194077712559,False,0.0,0.0,0.0,,,,,False,False
I-95 HOV NB,HOV,110+04668,2025-10-06,18.0,3,45.96194077712559,5400.0,96,1.0,45.96194077712559,False,0.0,0.0,0.0,,,,,False,False
I-95 HOV NB,HOV,110+04668,2025-10-07,18.0,3,45.96194077712559,5400.0,96,1.0,45.96194077712559,False,0.0,0.0,0.0,,,,,False,False
I-95 HOV NB,HOV,110+04668,2025-10-08,18.0,3,45.96194077712559,5400.0,96,1.0,45.96194077712559,False,0.0,0.0,0.0,,,,,False,False
I-95 HOV NB,HOV,110+04668,2025-10-09,18.0,3,45.96194077712559,5400.0,96,1.0,45.96194077712559,False,0.0,0.0,0.0,,,,,False,False
I-95 HOV NB,HOV,110+04668,2025-10-10,18.0,3,45.96194077712559,5400.0,96,1.0,45.96194077712559,False,0.0,0.0,0.0,,,,,False,False
I-95 HOV NB,HOV,110+04668,2025-10-13,18.0,3,45.96194077712559,5400.0,96,1.0,45.96194077712559,False,0.0,0.0,0.0,,,,,False,False
I-95 HOV NB,HOV,110+04668,2025-10-14,18.0,3,45.96194077712559,5400.0,96,1.0,45.96194077712559,False,0.0,0.0,0.0,,,,,False,False
I-95 HOV NB,HOV,110+04668,2025-10-15,18.0,3,45.96194077712559,5400.0,96,1.0,45.96194077712559,False,0.0,0.0,0.0,,,,,False,False
I-95 HOV NB,HOV,110+04668,2025-10-16,18.0,3,45.96194077712559,5400.0,96,1.0,45.96194077712559,False,0.0,0.0,0.0,,,,,False,False
I-95 HOV NB,HOV,110+04668,2025-10-17,18.0,3,45.96194077712559,5400.0,96,1.0,45.96194077712559,False,0.0,0.0,0.0,,,,,False,False
I-95 HOV NB,HOV,110+04668,2025-10-20,18.0,3,45.96194077712559,5400.0,96,1.0,45.96194077712559,False,0.0,0.0,0.0,,,,,False,False
I-95 HOV NB,HOV,110+04668,2025-10-21,18.0,3,45.96194077712559,5400.0,96,1.0,45.96194077712559,False,0.0,0.0,0.0,,,,,False,False
I-95 HOV NB,HOV,110+04668,2025-10-22,18.0,3,45.96194077712559,5400.0,96,1.0,45.96194077712559,False,0.0,0.0,0.0,,,,,False,False
I-95 HOV NB,HOV,110+04668,2025-10-23,18.0,3,45.96194077712559,5400.0,96,1.0,45.96194077712559,False,0.0,0.0,0.0,,,,,False,False
I-95 HOV NB,HOV,110+04668,2025-10-24,18.0,3,45.96194077712559,5400.0,96,1.0,45.96194077712559,False,0.0,0.0,0.0,,,,,False,False
I-95 HOV NB,HOV,110+04668,2025-10-27,18.0,3,45.96194077712559,5400.0,96,1.0,45.96194077712559,False,0.0,0.0,0.0,,,,,False,False
I-95 HOV NB,HOV,110+04668,2025-10-28,18.0,3,45.96194077712559,5400.0,96,1.0,45.96194077712559,False,0.0,0.0,0.0,,,,,False,False
I-95 HOV NB,HOV,110+04668,2025-10-29,18.0,3,45.96194077712559,5400.0,96,1.0,45.96194077712559,False,0.0,0.0,0.0,,,,,False,False
I-95 HOV NB,HOV,110+04668,2025-10-30,18.0,3,45.96194077712559,5400.0,96,1.0,45.96194077712559,False,0.0,0.0,0.0,,,,,False,False
I-95 HOV NB,HOV,110+04668,2025-10-31,18.0,3,45.96194077712559,5400.0,96,1.0,45.96194077712559,False,0.0,0.0,0.0,,,,,False,False
I-95 HOV NB,HOV,110P04668,2025-10-01,19.0,3,45.96194077712559,5400.0,96,1.0,45.96194077712559,False,0.0,0.0,0.0,,,,,False,False
I-95 HOV NB,HOV,110P04668,2025-10-02,19.0,3,45.96194077712559,5400.0,96,1.0,45.96194077712559,False,0.0,0.0,0.0,,,,,False,False
I-95 HOV NB,HOV,110P04668,2025-10-03,19.0,3,45.96194077712559,5400.0,96,1.0,45.96194077712559,False,0.0,0.0,0.0,,,,,False,False
I-95 HOV NB,HOV,110P04668,2025-10-06,19.0,3,45.96194077712559,5400.0,96,1.0,45.96194077712559,False,0.0,0.0,0.0,,,,,False,False
I-95 HOV NB,HOV,110P04668,2025-10-07,19.0,3,45.96194077712559,5400.0,96,1.0,45.96194077712559,False,0.0,0.0,0.0,,,,,False,False
I-95 HOV NB,HOV,110P04668,2025-10-08,19.0,3,45.96194077712559,5400.0,96,1.0,45.96194077712559,False,0.0,0.0,0.0,,,,,False,False
I-95 HOV NB,HOV,110P04668,2025-10-09,19.0,3,45.96194077712559,5400.0,96,1.0,45.96194077712559,False,0.0,0.0,0.0,,,,,False,False
I-95 HOV NB,HOV,110P04668,2025-10-10,19.0,3,45.96194077712559,5400.0,95,1.0,45.96194077712559,False,0.0,0.0,0.0,,,,,False,False
I-95 HOV NB,HOV,110P04668,2025-10-13,19.0,3,45.96194077712559,5400.0,96,1.0,45.96194077712559,False,0.0,0.0,0.0,,,,,False,False
I-95 HOV NB,HOV,110P04668,2025-10-14,19.0,3,45.96194077712559,5400.0,96,1.0,45.96194077712559,True,1.0776387444400939,3822.4538271443616,0.7078618198415485,455.7244918465618,520.3828165129675,14.50111111111111,495.0,False,False
I-95 HOV NB,HOV,110P04668,2025-10-15,19.0,3,45.96194077712559,5400.0,96,1.0,45.96194077712559,False,0.0,0.0,0.0,,,,,False,False
I-95 HOV NB,HOV,110P04668,2025-10-16,19.0,3,45.96194077712559,5400.0,96,1.0,45.96194077712559,False,0.0,0.0,0.0,,,,,False,False
I-95 HOV NB,HOV,110P04668,2025-10-17,19.0,3,45.96194077712559,5400.0,96,1.0,45.96194077712559,False,0.0,0.0,0.0,,,,,False,False
I-95 HOV NB,HOV,110P04668,2025-10-20,19.0,3,45.96194077712559,5400.0,96,1.0,45.96194077712559,False,0.0,0.0,0.0,,,,,False,False
I-95 HOV NB,HOV,110P04668,2025-10-21,19.0,3,45.96194077712559,5400.0,96,1.0,45.96194077712559,False,0.0,0.0,0.0,,,,,False,False
I-95 HOV NB,HOV,110P04668,2025-10-22,19.0,3,45.96194077712559,5400.0,96,1.0,45.96194077712559,False,0.0,0.0,0.0,,,,,False,False
I-95 HOV NB,HOV,110P04668,2025-10-23,19.0,3,45.96194077712559,5400.0,96,1.0,45.96194077712559,False,0.0,0.0,0.0,,,,,False,False
I-95 HOV NB,HOV,110P04668,2025-10-24,19.0,3,45.96194077712559,5400.0,96,1.0,45.96194077712559,False,0.0,0.0,0.0,,,,,False,False
I-95 HOV NB,HOV,110P04668,2025-10-27,19.0,3,45.96194077712559,5400.0,96,1.0,45.96194077712559,False,0.0,0.0,0.0,,,,,False,False
I-95 HOV NB,HOV,110P04668,2025-10-28,19.0,3,45.96194077712559,5400.0,96,1.0,45.96194077712559,False,0.0,0.0,0.0,,,,,False,False
I-95 HOV NB,HOV,110P04668,2025-10-29,19.0,3,45.96194077712559,5400.0,96,1.0,45.96194077712559,False,0.0,0.0,0.0,,,,,False,False
I-95 HOV NB,HOV,110P04668,2025-10-30,19.0,3,45.96194077712559,5400.0,96,1.0,45.96194077712559,False,0.0,0.0,0.0,,,,,False,False
I-95 HOV NB,HOV,110P04668,2025-10-31,19.0,3,45.96194077712559,5400.0,96,1.0,45.96194077712559,False,0.0,0.0,0.0,,,,,False,False
I-95 HOV NB,HOV,110+04669,2025-10-01,20.0,3,45.96194077712559,5400.0,96,1.0,45.96194077712559,False,0.0,0.0,0.0,,,,,False,False
I-95 HOV NB,HOV,110+04669,2025-10-02,20.0,3,45.96194077712559,5400.0,96,1.0,45.96194077712559,False,0.0,0.0,0.0,,,,,False,False
I-95 HOV NB,HOV,110+04669,2025-10-03,20.0,3,45.96194077712559,5400.0,96,1.0,45.96194077712559,False,0.0,0.0,0.0,,,,,False,False
I-95 HOV NB,HOV,110+04669,2025-10-06,20.0,3,45.96194077712559,5400.0,96,1.0,45.96194077712559,False,0.0,0.0,0.0,,,,,False,False
I-95 HOV NB,HOV,110+04669,2025-10-07,20.0,3,45.96194077712559,5400.0,96,1.0,45.96194077712559,False,0.0,0.0,0.0,,,,,False,False
I-95 HOV NB,HOV,110+04669,2025-10-08,20.0,3,45.96194077712559,5400.0,96,1.0,45.96194077712559,False,0.0,0.0,0.0,,,,,False,False
I-95 HOV NB,HOV,110+04669,2025-10-09,20.0,3,45.96194077712559,5400.0,96,1.0,45.96194077712559,False,0.0,0.0,0.0,,,,,False,False
I-95 HOV NB,HOV,110+04669,2025-10-10,20.0,3,45.96194077712559,5400.0,95,1.0,45.96194077712559,False,0.0,0.0,0.0,,,,,False,False
I-95 HOV NB,HOV,110+04669,2025-10-13,20.0,3,45.96194077712559,5400.0,96,1.0,45.96194077712559,False,0.0,0.0,0.0,,,,,False,False
I-95 HOV NB,HOV,110+04669,2025-10-14,20.0,3,45.96194077712559,5400.0,96,1.0,45.96194077712559,True,1.2955674097300895,5850.093669216583,1.0833506794845524,448.79481235036826,526.5288569341736,11.040000000000001,495.0,False,False
I-95 HOV NB,HOV,110+04669,2025-10-15,20.0,3,45.96194077712559,5400.0,96,1.0,45.96194077712559,False,0.0,0.0,0.0,,,,,False,False
I-95 HOV NB,HOV,110+04669,2025-10-16,20.0,3,45.96194077712559,5400.0,96,1.0,45.96194077712559,False,0.0,0.0,0.0,,,,,False,False
I-95 HOV NB,HOV,110+04669,2025-10-17,20.0,3,45.96194077712559,5400.0,96,1.0,45.96194077712559,False,0.0,0.0,0.0,,,,,False,False
I-95 HOV NB,HOV,110+04669,2025-10-20,20.0,3,45.96194077712559,5400.0,96,1.0,45.96194077712559,False,0.0,0.0,0.0,,,,,False,False
I-95 HOV NB,HOV,110+04669,2025-10-21,20.0,3,45.96194077712559,5400.0,96,1.0,45.96194077712559,False,0.0,0.0,0.0,,,,,False,False
I-95 HOV NB,HOV,110+04669,2025-10-22,20.0,3,45.96194077712559,5400.0,96,1.0,45.96194077712559,False,0.0,0.0,0.0,,,,,False,False
I-95 HOV NB,HOV,110+04669,2025-10-23,20.0,3,45.96194077712559,5400.0,96,1.0,45.96194077712559,False,0.0,0.0,0.0,,,,,False,False
I-95 HOV NB,HOV,110+04669,2025-10-24,20.0,3,45.96194077712559,5400.0,96,1.0,45.96194077712559,False,0.0,0.0,0.0,,,,,False,False
I-95 HOV NB,HOV,110+04669,2025-10-27,20.0,3,45.96194077712559,5400.0,96,1.0,45.96194077712559,False,0.0,0.0,0.0,,,,,False,False
I-95 HOV NB,HOV,110+04669,2025-10-28,20.0,3,45.96194077712559,5400.0,96,1.0,45.96194077712559,False,0.0,0.0,0.0,,,,,False,False
I-95 HOV NB,HOV,110+04669,2025-10-29,20.0,3,45.96194077712559,5400.0,96,1.0,45.96194077712559,False,0.0,0.0,0.0,,,,,False,False
I-95 HOV NB,HOV,110+04669,2025-10-30,20.0,3,45.96194077712559,5400.0,96,1.0,45.96194077712559,False,0.0,0.0,0.0,,,,,False,False
I-95 HOV NB,HOV,110+04669,2025-10-31,20.0,3,45.96194077712559,5400.0,96,1.0,45.96194077712559,False,0.0,0.0,0.0,,,,,False,False
I-95 HOV NB,HOV,110+04658,2025-10-01,1.0,2,45.96194077712559,3600.0,96,1.05,48.260037815981875,False,0.0,0.0,0.0,,,,,False,False
I-95 HOV NB,HOV,110+04658,2025-10-02,1.0,2,45.96194077712559,3600.0,96,1.05,48.260037815981875,False,0.0,0.0,0.0,,,,,False,False
I-95 HOV NB,HOV,110+04658,2025-10-03,1.0,2,45.96194077712559,3600.0,96,1.05,48.260037815981875,False,0.0,0.0,0.0,,,,,False,False
I-95 HOV NB,HOV,110+04658,2025-10-06,1.0,2,45.96194077712559,3600.0,96,1.05,48.260037815981875,False,0.0,0.0,0.0,,,,,False,False
I-95 HOV NB,HOV,110+04658,2025-10-07,1.0,2,45.96194077712559,3600.0,96,1.05,48.260037815981875,False,0.0,0.0,0.0,,,,,False,False
I-95 HOV NB,HOV,110+04658,2025-10-08,1.0,2,45.96194077712559,3600.0,96,1.05,48.260037815981875,False,0.0,0.0,0.0,,,,,False,False
I-95 HOV NB,HOV,110+04658,2025-10-09,1.0,2,45.96194077712559,3600.0,96,1.05,48.260037815981875,False,0.0,0.0,0.0,,,,,False,False
I-95 HOV NB,HOV,110+04658,2025-10-10,1.0,2,45.96194077712559,3600.0,96,1.05,48.260037815981875,False,0.0,0.0,0.0,,,,,False,False
I-95 HOV NB,HOV,110+04658,2025-10-13,1.0,2,45.96194077712559,3600.0,96,1.05,48.260037815981875,False,0.0,0.0,0.0,,,,,False,False
I-95 HOV NB,HOV,110+04658,2025-10-14,1.0,2,45.96194077712559,3600.0,96,1.05,48.260037815981875,False,0.0,0.0,0.0,,,,,False,False
I-95 HOV NB,HOV,110+04658,2025-10-15,1.0,2,45.96194077712559,3600.0,96,1.05,48.260037815981875,False,0.0,0.0,0.0,,,,,False,False
I-95 HOV NB,HOV,110+04658,2025-10-16,1.0,2,45.96194077712559,3600.0,96,1.05,48.260037815981875,False,0.0,0.0,0.0,,,,,False,False
I-95 HOV NB,HOV,110+04658,2025-10-17,1.0,2,45.96194077712559,3600.0,96,1.05,48.260037815981875,False,0.0,0.0,0.0,,,,,False,False
I-95 HOV NB,HOV,110+04658,2025-10-20,1.0,2,45.96194077712559,3600.0,96,1.05,48.260037815981875,False,0.0,0.0,0.0,,,,,False,False
I-95 HOV NB,HOV,110+04658,2025-10-21,1.0,2,45.96194077712559,3600.0,96,1.05,48.260037815981875,False,0.0,0.0,0.0,,,,,False,False
I-95 HOV NB,HOV,110+04658,2025-10-22,1.0,2,45.96194077712559,3600.0,96,1.05,48.260037815981875,False,0.0,0.0,0.0,,,,,False,False
I-95 HOV NB,HOV,110+04658,2025-10-23,1.0,2,45.96194077712559,3600.0,96,1.05,48.260037815981875,False,0.0,0.0,0.0,,,,,False,False
I-95 HOV NB,HOV,110+04658,2025-10-24,1.0,2,45.96194077712559,3600.0,96,1.05,48.260037815981875,False,0.0,0.0,0.0,,,,,False,False
I-95 HOV NB,HOV,110+04658,2025-10-27,1.0,2,45.96194077712559,3600.0,96,1.05,48.260037815981875,True,0.6854377539101061,2443.103016094896,0.6786397266930266,383.08833309021253,424.2145983248189,32.10333333333333,405.0,False,False
I-95 HOV NB,HOV,110+04658,2025-10-28,1.0,2,45.96194077712559,3600.0,96,1.05,48.260037815981875,False,0.0,0.0,0.0,,,,,False,False
I-95 HOV NB,HOV,110+04658,2025-10-29,1.0,2,45.96194077712559,3600.0,96,1.05,48.260037815981875,False,0.0,0.0,0.0,,,,,False,False
I-95 HOV NB,HOV,110+04658,2025-10-30,1.0,2,45.96194077712559,3600.0,96,1.05,48.260037815981875,False,0.0,0.0,0.0,,,,,False,False
I-95 HOV NB,HOV,110+04658,2025-10-31,1.0,2,45.96194077712559,3600.0,96,1.05,48.260037815981875,False,0.0,0.0,0.0,,,,,False,False
I-95 HOV NB,HOV,110P04660,2025-10-01,4.0,2,45.96194077712559,3600.0,96,1.05,48.260037815981875,False,0.0,0.0,0.0,,,,,False,False
I-95 HOV NB,HOV,110P04660,2025-10-02,4.0,2,45.96194077712559,3600.0,96,1.05,48.260037815981875,False,0.0,0.0,0.0,,,,,False,False
I-95 HOV NB,HOV,110P04660,2025-10-03,4.0,2,45.96194077712559,3600.0,96,1.05,48.260037815981875,False,0.0,0.0,0.0,,,,,False,False
I-95 HOV NB,HOV,110P04660,2025-10-06,4.0,2,45.96194077712559,3600.0,96,1.05,48.260037815981875,False,0.0,0.0,0.0,,,,,False,False
I-95 HOV NB,HOV,110P04660,2025-10-07,4.0,2,45.96194077712559,3600.0,96,1.05,48.260037815981875,False,0.0,0.0,0.0,,,,,False,False
I-95 HOV NB,HOV,110P04660,2025-10-08,4.0,2,45.96194077712559,3600.0,96,1.05,48.260037815981875,False,0.0,0.0,0.0,,,,,False,False
I-95 HOV NB,HOV,110P04660,2025-10-09,4.0,2,45.96194077712559,3600.0,96,1.05,48.260037815981875,False,0.0,0.0,0.0,,,,,False,False
I-95 HOV NB,HOV,110P04660,2025-10-10,4.0,2,45.96194077712559,3600.0,96,1.05,48.260037815981875,False,0.0,0.0,0.0,,,,,False,False
I-95 HOV NB,HOV,110P04660,2025-10-13,4.0,2,45.96194077712559,3600.0,96,1.05,48.260037815981875,False,0.0,0.0,0.0,,,,,False,False
I-95 HOV NB,HOV,110P04660,2025-10-14,4.0,2,45.96194077712559,3600.0,96,1.05,48.260037815981875,False,0.0,0.0,0.0,,,,,False,False
I-95 HOV NB,HOV,110P04660,2025-10-15,4.0,2,45.96194077712559,3600.0,96,1.05,48.260037815981875,False,0.0,0.0,0.0,,,,,False,False
I-95 HOV NB,HOV,110P04660,2025-10-16,4.0,2,45.96194077712559,3600.0,96,1.05,48.260037815981875,False,0.0,0.0,0.0,,,,,False,False
I-95 HOV NB,HOV,110P04660,2025-10-17,4.0,2,45.96194077712559,3600.0,96,1.05,48.260037815981875,False,0.0,0.0,0.0,,,,,False,False
I-95 HOV NB,HOV,110P04660,2025-10-20,4.0,2,45.96194077712559,3600.0,96,1.05,48.260037815981875,False,0.0,0.0,0.0,,,,,False,False
I-95 HOV NB,HOV,110P04660,2025-10-21,4.0,2,45.96194077712559,3600.0,96,1.05,48.260037815981875,False,0.0,0.0,0.0,,,,,False,False
I-95 HOV NB,HOV,110P04660,2025-10-22,4.0,2,45.96194077712559,3600.0,96,1.05,48.260037815981875,False,0.0,0.0,0.0,,,,,False,False
I-95 HOV NB,HOV,110P04660,2025-10-23,4.0,2,45.96194077712559,3600.0,96,1.05,48.260037815981875,False,0.0,0.0,0.0,,,,,False,False
I-95 HOV NB,HOV,110P04660,2025-10-24,4.0,2,45.96194077712559,3600.0,96,1.05,48.260037815981875,False,0.0,0.0,0.0,,,,,False,False
I-95 HOV NB,HOV,110P04660,2025-10-27,4.0,2,45.96194077712559,3600.0,96,1.05,48.260037815981875,False,0.0,0.0,0.0,,,,,False,False
I-95 HOV NB,HOV,110P04660,2025-10-28,4.0,2,45.96194077712559,3600.0,96,1.05,48.260037815981875,False,0.0,0.0,0.0,,,,,False,False
I-95 HOV NB,HOV,110P04660,2025-10-29,4.0,2,45.96194077712559,3600.0,96,1.05,48.260037815981875,False,0.0,0.0,0.0,,,,,False,False
I-95 HOV NB,HOV,110P04660,2025-10-30,4.0,2,45.96194077712559,3600.0,96,1.05,48.260037815981875,False,0.0,0.0,0.0,,,,,False,False
I-95 HOV NB,HOV,110P04660,2025-10-31,4.0,2,45.96194077712559,3600.0,96,1.05,48.260037815981875,False,0.0,0.0,0.0,,,,,False,False
I-95 HOV NB,HOV,110+04661,2025-10-01,5.0,2,45.96194077712559,3600.0,96,1.05,48.260037815981875,False,0.0,0.0,0.0,,,,,False,False
I-95 HOV NB,HOV,110+04661,2025-10-02,5.0,2,45.96194077712559,3600.0,96,1.05,48.260037815981875,False,0.0,0.0,0.0,,,,,False,False
I-95 HOV NB,HOV,110+04661,2025-10-03,5.0,2,45.96194077712559,3600.0,96,1.05,48.260037815981875,False,0.0,0.0,0.0,,,,,False,False
I-95 HOV NB,HOV,110+04661,2025-10-06,5.0,2,45.96194077712559,3600.0,96,1.05,48.260037815981875,False,0.0,0.0,0.0,,,,,False,False
I-95 HOV NB,HOV,110+04661,2025-10-07,5.0,2,45.96194077712559,3600.0,96,1.05,48.260037815981875,False,0.0,0.0,0.0,,,,,False,False
I-95 HOV NB,HOV,110+04661,2025-10-08,5.0,2,45.96194077712559,3600.0,96,1.05,48.260037815981875,False,0.0,0.0,0.0,,,,,False,False
I-95 HOV NB,HOV,110+04661,2025-10-09,5.0,2,45.96194077712559,3600.0,96,1.05,48.260037815981875,False,0.0,0.0,0.0,,,,,False,False
I-95 HOV NB,HOV,110+04661,2025-10-10,5.0,2,45.96194077712559,3600.0,96,1.05,48.260037815981875,False,0.0,0.0,0.0,,,,,False,False
I-95 HOV NB,HOV,110+04661,2025-10-13,5.0,2,45.96194077712559,3600.0,96,1.05,48.260037815981875,False,0.0,0.0,0.0,,,,,False,False
I-95 HOV NB,HOV,110+04661,2025-10-14,5.0,2,45.96194077712559,3600.0,96,1.05,48.260037815981875,False,0.0,0.0,0.0,,,,,False,False
I-95 HOV NB,HOV,110+04661,2025-10-15,5.0,2,45.96194077712559,3600.0,96,1.05,48.260037815981875,False,0.0,0.0,0.0,,,,,False,False
I-95 HOV NB,HOV,110+04661,2025-10-16,5.0,2,45.96194077712559,3600.0,96,1.05,48.260037815981875,False,0.0,0.0,0.0,,,,,False,False
I-95 HOV NB,HOV,110+04661,2025-10-17,5.0,2,45.96194077712559,3600.0,96,1.05,48.260037815981875,False,0.0,0.0,0.0,,,,,False,False
I-95 HOV NB,HOV,110+04661,2025-10-20,5.0,2,45.96194077712559,3600.0,96,1.05,48.260037815981875,False,0.0,0.0,0.0,,,,,False,False
I-95 HOV NB,HOV,110+04661,2025-10-21,5.0,2,45.96194077712559,3600.0,96,1.05,48.260037815981875,False,0.0,0.0,0.0,,,,,False,False
I-95 HOV NB,HOV,110+04661,2025-10-22,5.0,2,45.96194077712559,3600.0,96,1.05,48.260037815981875,False,0.0,0.0,0.0,,,,,False,False
I-95 HOV NB,HOV,110+04661,2025-10-23,5.0,2,45.96194077712559,3600.0,96,1.05,48.260037815981875,False,0.0,0.0,0.0,,,,,False,False
I-95 HOV NB,HOV,110+04661,2025-10-24,5.0,2,45.96194077712559,3600.0,96,1.05,48.260037815981875,False,0.0,0.0,0.0,,,,,False,False
I-95 HOV NB,HOV,110+04661,2025-10-27,5.0,2,45.96194077712559,3600.0,96,1.05,48.260037815981875,False,0.0,0.0,0.0,,,,,False,False
I-95 HOV NB,HOV,110+04661,2025-10-28,5.0,2,45.96194077712559,3600.0,96,1.05,48.260037815981875,False,0.0,0.0,0.0,,,,,False,False
I-95 HOV NB,HOV,110+04661,2025-10-29,5.0,2,45.96194077712559,3600.0,96,1.05,48.260037815981875,False,0.0,0.0,0.0,,,,,False,False
I-95 HOV NB,HOV,110+04661,2025-10-30,5.0,2,45.96194077712559,3600.0,96,1.05,48.260037815981875,False,0.0,0.0,0.0,,,,,False,False
I-95 HOV NB,HOV,110+04661,2025-10-31,5.0,2,45.96194077712559,3600.0,96,1.05,48.260037815981875,False,0.0,0.0,0.0,,,,,False,False
I-95 HOV NB,HOV,110P04661,2025-10-01,6.0,2,45.96194077712559,3600.0,96,1.05,48.260037815981875,False,0.0,0.0,0.0,,,,,False,False
I-95 HOV NB,HOV,110P04661,2025-10-02,6.0,2,45.96194077712559,3600.0,96,1.05,48.260037815981875,False,0.0,0.0,0.0,,,,,False,False
I-95 HOV NB,HOV,110P04661,2025-10-03,6.0,2,45.96194077712559,3600.0,96,1.05,48.260037815981875,False,0.0,0.0,0.0,,,,,False,False
I-95 HOV NB,HOV,110P04661,2025-10-06,6.0,2,45.96194077712559,3600.0,96,1.05,48.260037815981875,False,0.0,0.0,0.0,,,,,False,False
I-95 HOV NB,HOV,110P04661,2025-10-07,6.0,2,45.96194077712559,3600.0,96,1.05,48.260037815981875,False,0.0,0.0,0.0,,,,,False,False
I-95 HOV NB,HOV,110P04661,2025-10-08,6.0,2,45.96194077712559,3600.0,96,1.05,48.260037815981875,False,0.0,0.0,0.0,,,,,False,False
I-95 HOV NB,HOV,110P04661,2025-10-09,6.0,2,45.96194077712559,3600.0,96,1.05,48.260037815981875,False,0.0,0.0,0.0,,,,,False,False
I-95 HOV NB,HOV,110P04661,2025-10-10,6.0,2,45.96194077712559,3600.0,96,1.05,48.260037815981875,False,0.0,0.0,0.0,,,,,False,False
I-95 HOV NB,HOV,110P04661,2025-10-13,6.0,2,45.96194077712559,3600.0,96,1.05,48.260037815981875,False,0.0,0.0,0.0,,,,,False,False
I-95 HOV NB,HOV,110P04661,2025-10-14,6.0,2,45.96194077712559,3600.0,96,1.05,48.260037815981875,False,0.0,0.0,0.0,,,,,False,False
I-95 HOV NB,HOV,110P04661,2025-10-15,6.0,2,45.96194077712559,3600.0,96,1.05,48.260037815981875,False,0.0,0.0,0.0,,,,,False,False
I-95 HOV NB,HOV,110P04661,2025-10-16,6.0,2,45.96194077712559,3600.0,96,1.05,48.260037815981875,False,0.0,0.0,0.0,,,,,False,False
I-95 HOV NB,HOV,110P04661,2025-10-17,6.0,2,45.96194077712559,3600.0,96,1.05,48.260037815981875,False,0.0,0.0,0.0,,,,,False,False
I-95 HOV NB,HOV,110P04661,2025-10-20,6.0,2,45.96194077712559,3600.0,96,1.05,48.260037815981875,False,0.0,0.0,0.0,,,,,False,False
I-95 HOV NB,HOV,110P04661,2025-10-21,6.0,2,45.96194077712559,3600.0,96,1.05,48.260037815981875,False,0.0,0.0,0.0,,,,,False,False
I-95 HOV NB,HOV,110P04661,2025-10-22,6.0,2,45.96194077712559,3600.0,96,1.05,48.260037815981875,False,0.0,0.0,0.0,,,,,False,False
I-95 HOV NB,HOV,110P04661,2025-10-23,6.0,2,45.96194077712559,3600.0,96,1.05,48.260037815981875,False,0.0,0.0,0.0,,,,,False,False
I-95 HOV NB,HOV,110P04661,2025-10-24,6.0,2,45.96194077712559,3600.0,96,1.05,48.260037815981875,False,0.0,0.0,0.0,,,,,False,False
I-95 HOV NB,HOV,110P04661,2025-10-27,6.0,2,45.96194077712559,3600.0,96,1.05,48.260037815981875,False,0.0,0.0,0.0,,,,,False,False
I-95 HOV NB,HOV,110P04661,2025-10-28,6.0,2,45.96194077712559,3600.0,96,1.05,48.260037815981875,False,0.0,0.0,0.0,,,,,False,False
I-95 HOV NB,HOV,110P04661,2025-10-29,6.0,2,45.96194077712559,3600.0,96,1.05,48.260037815981875,False,0.0,0.0,0.0,,,,,False,False
I-95 HOV NB,HOV,110P04661,2025-10-30,6.0,2,45.96194077712559,3600.0,96,1.05,48.260037815981875,False,0.0,0.0,0.0,,,,,False,False
I-95 HOV NB,HOV,110P04661,2025-10-31,6.0,2,45.96194077712559,3600.0,96,1.05,48.260037815981875,False,0.0,0.0,0.0,,,,,False,False
I-95 HOV NB,HOV,110+04662,2025-10-01,7.0,2,45.96194077712559,3600.0,96,1.05,48.260037815981875,False,0.0,0.0,0.0,,,,,False,False
I-95 HOV NB,HOV,110+04662,2025-10-02,7.0,2,45.96194077712559,3600.0,96,1.05,48.260037815981875,False,0.0,0.0,0.0,,,,,False,False
I-95 HOV NB,HOV,110+04662,2025-10-03,7.0,2,45.96194077712559,3600.0,96,1.05,48.260037815981875,False,0.0,0.0,0.0,,,,,False,False
I-95 HOV NB,HOV,110+04662,2025-10-06,7.0,2,45.96194077712559,3600.0,96,1.05,48.260037815981875,False,0.0,0.0,0.0,,,,,False,False
I-95 HOV NB,HOV,110+04662,2025-10-07,7.0,2,45.96194077712559,3600.0,96,1.05,48.260037815981875,False,0.0,0.0,0.0,,,,,False,False
I-95 HOV NB,HOV,110+04662,2025-10-08,7.0,2,45.96194077712559,3600.0,96,1.05,48.260037815981875,False,0.0,0.0,0.0,,,,,False,False
I-95 HOV NB,HOV,110+04662,2025-10-09,7.0,2,45.96194077712559,3600.0,96,1.05,48.260037815981875,False,0.0,0.0,0.0,,,,,False,False
I-95 HOV NB,HOV,110+04662,2025-10-10,7.0,2,45.96194077712559,3600.0,96,1.05,48.260037815981875,False,0.0,0.0,0.0,,,,,False,False
I-95 HOV NB,HOV,110+04662,2025-10-13,7.0,2,45.96194077712559,3600.0,96,1.05,48.260037815981875,False,0.0,0.0,0.0,,,,,False,False
I-95 HOV NB,HOV,110+04662,2025-10-14,7.0,2,45.96194077712559,3600.0,96,1.05,48.260037815981875,False,0.0,0.0,0.0,,,,,False,False
I-95 HOV NB,HOV,110+04662,2025-10-15,7.0,2,45.96194077712559,3600.0,96,1.05,48.260037815981875,False,0.0,0.0,0.0,,,,,False,False
I-95 HOV NB,HOV,110+04662,2025-10-16,7.0,2,45.96194077712559,3600.0,96,1.05,48.260037815981875,False,0.0,0.0,0.0,,,,,False,False
I-95 HOV NB,HOV,110+04662,2025-10-17,7.0,2,45.96194077712559,3600.0,96,1.05,48.260037815981875,False,0.0,0.0,0.0,,,,,False,False
I-95 HOV NB,HOV,110+04662,2025-10-20,7.0,2,45.96194077712559,3600.0,96,1.05,48.260037815981875,False,0.0,0.0,0.0,,,,,False,False
I-95 HOV NB,HOV,110+04662,2025-10-21,7.0,2,45.96194077712559,3600.0,96,1.05,48.260037815981875,False,0.0,0.0,0.0,,,,,False,False
I-95 HOV NB,HOV,110+04662,2025-10-22,7.0,2,45.96194077712559,3600.0,96,1.05,48.260037815981875,False,0.0,0.0,0.0,,,,,False,False
I-95 HOV NB,HOV,110+04662,2025-10-23,7.0,2,45.96194077712559,3600.0,96,1.05,48.260037815981875,False,0.0,0.0,0.0,,,,,False,False
I-95 HOV NB,HOV,110+04662,2025-10-24,7.0,2,45.96194077712559,3600.0,96,1.05,48.260037815981875,False,0.0,0.0,0.0,,,,,False,False
I-95 HOV NB,HOV,110+04662,2025-10-27,7.0,2,45.96194077712559,3600.0,96,1.05,48.260037815981875,False,0.0,0.0,0.0,,,,,False,False
I-95 HOV NB,HOV,110+04662,2025-10-28,7.0,2,45.96194077712559,3600.0,96,1.05,48.260037815981875,False,0.0,0.0,0.0,,,,,False,False
I-95 HOV NB,HOV,110+04662,2025-10-29,7.0,2,45.96194077712559,3600.0,96,1.05,48.260037815981875,False,0.0,0.0,0.0,,,,,False,False
I-95 HOV NB,HOV,110+04662,2025-10-30,7.0,2,45.96194077712559,3600.0,96,1.05,48.260037815981875,False,0.0,0.0,0.0,,,,,False,False
I-95 HOV NB,HOV,110+04662,2025-10-31,7.0,2,45.96194077712559,3600.0,96,1.05,48.260037815981875,False,0.0,0.0,0.0,,,,,False,False
I-95 HOV NB,HOV,110P04662,2025-10-01,8.0,2,45.96194077712559,3600.0,96,1.05,48.260037815981875,False,0.0,0.0,0.0,,,,,False,False
I-95 HOV NB,HOV,110P04662,2025-10-02,8.0,2,45.96194077712559,3600.0,96,1.05,48.260037815981875,False,0.0,0.0,0.0,,,,,False,False
I-95 HOV NB,HOV,110P04662,2025-10-03,8.0,2,45.96194077712559,3600.0,96,1.05,48.260037815981875,False,0.0,0.0,0.0,,,,,False,False
I-95 HOV NB,HOV,110P04662,2025-10-06,8.0,2,45.96194077712559,3600.0,96,1.05,48.260037815981875,False,0.0,0.0,0.0,,,,,False,False
I-95 HOV NB,HOV,110P04662,2025-10-07,8.0,2,45.96194077712559,3600.0,96,1.05,48.260037815981875,False,0.0,0.0,0.0,,,,,False,False
I-95 HOV NB,HOV,110P04662,2025-10-08,8.0,2,45.96194077712559,3600.0,96,1.05,48.260037815981875,False,0.0,0.0,0.0,,,,,False,False
I-95 HOV NB,HOV,110P04662,2025-10-09,8.0,2,45.96194077712559,3600.0,96,1.05,48.260037815981875,False,0.0,0.0,0.0,,,,,False,False
I-95 HOV NB,HOV,110P04662,2025-10-10,8.0,2,45.96194077712559,3600.0,96,1.05,48.260037815981875,False,0.0,0.0,0.0,,,,,False,False
I-95 HOV NB,HOV,110P04662,2025-10-13,8.0,2,45.96194077712559,3600.0,96,1.05,48.260037815981875,False,0.0,0.0,0.0,,,,,False,False
I-95 HOV NB,HOV,110P04662,2025-10-14,8.0,2,45.96194077712559,3600.0,96,1.05,48.260037815981875,False,0.0,0.0,0.0,,,,,False,False
I-95 HOV NB,HOV,110P04662,2025-10-15,8.0,2,45.96194077712559,3600.0,96,1.05,48.260037815981875,False,0.0,0.0,0.0,,,,,False,False
I-95 HOV NB,HOV,110P04662,2025-10-16,8.0,2,45.96194077712559,3600.0,96,1.05,48.260037815981875,False,0.0,0.0,0.0,,,,,False,False
I-95 HOV NB,HOV,110P04662,2025-10-17,8.0,2,45.96194077712559,3600.0,96,1.05,48.260037815981875,False,0.0,0.0,0.0,,,,,False,False
I-95 HOV NB,HOV,110P04662,2025-10-20,8.0,2,45.96194077712559,3600.0,96,1.05,48.260037815981875,False,0.0,0.0,0.0,,,,,False,False
I-95 HOV NB,HOV,110P04662,2025-10-21,8.0,2,45.96194077712559,3600.0,96,1.05,48.260037815981875,False,0.0,0.0,0.0,,,,,False,False
I-95 HOV NB,HOV,110P04662,2025-10-22,8.0,2,45.96194077712559,3600.0,96,1.05,48.260037815981875,False,0.0,0.0,0.0,,,,,False,False
I-95 HOV NB,HOV,110P04662,2025-10-23,8.0,2,45.96194077712559,3600.0,96,1.05,48.260037815981875,False,0.0,0.0,0.0,,,,,False,False
I-95 HOV NB,HOV,110P04662,2025-10-24,8.0,2,45.96194077712559,3600.0,96,1.05,48.260037815981875,False,0.0,0.0,0.0,,,,,False,False
I-95 HOV NB,HOV,110P04662,2025-10-27,8.0,2,45.96194077712559,3600.0,96,1.05,48.260037815981875,False,0.0,0.0,0.0,,,,,False,False
I-95 HOV NB,HOV,110P04662,2025-10-28,8.0,2,45.96194077712559,3600.0,96,1.05,48.260037815981875,False,0.0,0.0,0.0,,,,,False,False
I-95 HOV NB,HOV,110P04662,2025-10-29,8.0,2,45.96194077712559,3600.0,96,1.05,48.260037815981875,False,0.0,0.0,0.0,,,,,False,False
I-95 HOV NB,HOV,110P04662,2025-10-30,8.0,2,45.96194077712559,3600.0,96,1.05,48.260037815981875,False,0.0,0.0,0.0,,,,,False,False
I-95 HOV NB,HOV,110P04662,2025-10-31,8.0,2,45.96194077712559,3600.0,96,1.05,48.260037815981875,False,0.0,0.0,0.0,,,,,False,False
I-95 HOV NB,HOV,110P04665,2025-10-01,13.1,3,45.96194077712559,5400.0,96,1.05,48.260037815981875,False,0.0,0.0,0.0,,,,,False,False
I-95 HOV NB,HOV,110P04665,2025-10-02,13.1,3,45.96194077712559,5400.0,96,1.05,48.260037815981875,False,0.0,0.0,0.0,,,,,False,False
I-95 HOV NB,HOV,110P04665,2025-10-03,13.1,3,45.96194077712559,5400.0,96,1.05,48.260037815981875,False,0.0,0.0,0.0,,,,,False,False
I-95 HOV NB,HOV,110P04665,2025-10-06,13.1,3,45.96194077712559,5400.0,96,1.05,48.260037815981875,False,0.0,0.0,0.0,,,,,False,False
I-95 HOV NB,HOV,110P04665,2025-10-07,13.1,3,45.96194077712559,5400.0,96,1.05,48.260037815981875,False,0.0,0.0,0.0,,,,,False,False
I-95 HOV NB,HOV,110P04665,2025-10-08,13.1,3,45.96194077712559,5400.0,96,1.05,48.260037815981875,False,0.0,0.0,0.0,,,,,False,False
I-95 HOV NB,HOV,110P04665,2025-10-09,13.1,3,45.96194077712559,5400.0,96,1.05,48.260037815981875,False,0.0,0.0,0.0,,,,,False,False
I-95 HOV NB,HOV,110P04665,2025-10-10,13.1,3,45.96194077712559,5400.0,96,1.05,48.260037815981875,False,0.0,0.0,0.0,,,,,False,False
I-95 HOV NB,HOV,110P04665,2025-10-13,13.1,3,45.96194077712559,5400.0,96,1.05,48.260037815981875,False,0.0,0.0,0.0,,,,,False,False
I-95 HOV NB,HOV,110P04665,2025-10-14,13.1,3,45.96194077712559,5400.0,96,1.05,48.260037815981875,False,0.0,0.0,0.0,,,,,False,False
I-95 HOV NB,HOV,110P04665,2025-10-15,13.1,3,45.96194077712559,5400.0,96,1.05,48.260037815981875,False,0.0,0.0,0.0,,,,,False,False
I-95 HOV NB,HOV,110P04665,2025-10-16,13.1,3,45.96194077712559,5400.0,96,1.05,48.260037815981875,False,0.0,0.0,0.0,,,,,False,False
I-95 HOV NB,HOV,110P04665,2025-10-17,13.1,3,45.96194077712559,5400.0,96,1.05,48.260037815981875,False,0.0,0.0,0.0,,,,,False,False
I-95 HOV NB,HOV,110P04665,2025-10-20,13.1,3,45.96194077712559,5400.0,96,1.05,48.260037815981875,False,0.0,0.0,0.0,,,,,False,False
I-95 HOV NB,HOV,110P04665,2025-10-21,13.1,3,45.96194077712559,5400.0,96,1.05,48.260037815981875,False,0.0,0.0,0.0,,,,,False,False
I-95 HOV NB,HOV,110P04665,2025-10-22,13.1,3,45.96194077712559,5400.0,96,1.05,48.260037815981875,False,0.0,0.0,0.0,,,,,False,False
I-95 HOV NB,HOV,110P04665,2025-10-23,13.1,3,45.96194077712559,5400.0,96,1.05,48.260037815981875,False,0.0,0.0,0.0,,,,,False,False
I-95 HOV NB,HOV,110P04665,2025-10-24,13.1,3,45.96194077712559,5400.0,96,1.05,48.260037815981875,False,0.0,0.0,0.0,,,,,False,False
I-95 HOV NB,HOV,110P04665,2025-10-27,13.1,3,45.96194077712559,5400.0,96,1.05,48.260037815981875,False,0.0,0.0,0.0,,,,,False,False
I-95 HOV NB,HOV,110P04665,2025-10-28,13.1,3,45.96194077712559,5400.0,96,1.05,48.260037815981875,False,0.0,0.0,0.0,,,,,False,False
I-95 HOV NB,HOV,110P04665,2025-10-29,13.1,3,45.96194077712559,5400.0,96,1.05,48.260037815981875,False,0.0,0.0,0.0,,,,,False,False
I-95 HOV NB,HOV,110P04665,2025-10-30,13.1,3,45.96194077712559,5400.0,96,1.05,48.260037815981875,False,0.0,0.0,0.0,,,,,False,False
I-95 HOV NB,HOV,110P04665,2025-10-31,13.1,3,45.96194077712559,5400.0,96,1.05,48.260037815981875,False,0.0,0.0,0.0,,,,,False,False
I-95 HOV NB,HOV,110+04666,2025-10-01,14.0,3,45.96194077712559,5400.0,96,1.05,48.260037815981875,False,0.0,0.0,0.0,,,,,False,False
I-95 HOV NB,HOV,110+04666,2025-10-02,14.0,3,45.96194077712559,5400.0,96,1.05,48.260037815981875,False,0.0,0.0,0.0,,,,,False,False
I-95 HOV NB,HOV,110+04666,2025-10-03,14.0,3,45.96194077712559,5400.0,96,1.05,48.260037815981875,False,0.0,0.0,0.0,,,,,False,False
I-95 HOV NB,HOV,110+04666,2025-10-06,14.0,3,45.96194077712559,5400.0,96,1.05,48.260037815981875,False,0.0,0.0,0.0,,,,,False,False
I-95 HOV NB,HOV,110+04666,2025-10-07,14.0,3,45.96194077712559,5400.0,96,1.05,48.260037815981875,False,0.0,0.0,0.0,,,,,False,False
I-95 HOV NB,HOV,110+04666,2025-10-08,14.0,3,45.96194077712559,5400.0,96,1.05,48.260037815981875,False,0.0,0.0,0.0,,,,,False,False
I-95 HOV NB,HOV,110+04666,2025-10-09,14.0,3,45.96194077712559,5400.0,96,1.05,48.260037815981875,False,0.0,0.0,0.0,,,,,False,False
I-95 HOV NB,HOV,110+04666,2025-10-10,14.0,3,45.96194077712559,5400.0,96,1.05,48.260037815981875,False,0.0,0.0,0.0,,,,,False,False
I-95 HOV NB,HOV,110+04666,2025-10-13,14.0,3,45.96194077712559,5400.0,96,1.05,48.260037815981875,False,0.0,0.0,0.0,,,,,False,False
I-95 HOV NB,HOV,110+04666,2025-10-14,14.0,3,45.96194077712559,5400.0,96,1.05,48.260037815981875,False,0.0,0.0,0.0,,,,,False,False
I-95 HOV NB,HOV,110+04666,2025-10-15,14.0,3,45.96194077712559,5400.0,96,1.05,48.260037815981875,False,0.0,0.0,0.0,,,,,False,False
I-95 HOV NB,HOV,110+04666,2025-10-16,14.0,3,45.96194077712559,5400.0,96,1.05,48.260037815981875,False,0.0,0.0,0.0,,,,,False,False
I-95 HOV NB,HOV,110+04666,2025-10-17,14.0,3,45.96194077712559,5400.0,96,1.05,48.260037815981875,False,0.0,0.0,0.0,,,,,False,False
I-95 HOV NB,HOV,110+04666,2025-10-20,14.0,3,45.96194077712559,5400.0,96,1.05,48.260037815981875,False,0.0,0.0,0.0,,,,,False,False
I-95 HOV NB,HOV,110+04666,2025-10-21,14.0,3,45.96194077712559,5400.0,96,1.05,48.260037815981875,False,0.0,0.0,0.0,,,,,False,False
I-95 HOV NB,HOV,110+04666,2025-10-22,14.0,3,45.96194077712559,5400.0,96,1.05,48.260037815981875,False,0.0,0.0,0.0,,,,,False,False
I-95 HOV NB,HOV,110+04666,2025-10-23,14.0,3,45.96194077712559,5400.0,96,1.05,48.260037815981875,False,0.0,0.0,0.0,,,,,False,False
I-95 HOV NB,HOV,110+04666,2025-10-24,14.0,3,45.96194077712559,5400.0,96,1.05,48.260037815981875,False,0.0,0.0,0.0,,,,,False,False
I-95 HOV NB,HOV,110+04666,2025-10-27,14.0,3,45.96194077712559,5400.0,96,1.05,48.260037815981875,False,0.0,0.0,0.0,,,,,False,False
I-95 HOV NB,HOV,110+04666,2025-10-28,14.0,3,45.96194077712559,5400.0,96,1.05,48.260037815981875,False,0.0,0.0,0.0,,,,,False,False
I-95 HOV NB,HOV,110+04666,2025-10-29,14.0,3,45.96194077712559,5400.0,96,1.05,48.260037815981875,False,0.0,0.0,0.0,,,,,False,False
I-95 HOV NB,HOV,110+04666,2025-10-30,14.0,3,45.96194077712559,5400.0,96,1.05,48.260037815981875,False,0.0,0.0,0.0,,,,,False,False
I-95 HOV NB,HOV,110+04666,2025-10-31,14.0,3,45.96194077712559,5400.0,96,1.05,48.260037815981875,False,0.0,0.0,0.0,,,,,False,False
I-95 HOV NB,HOV,110P04666,2025-10-01,15.0,3,45.96194077712559,5400.0,96,1.05,48.260037815981875,False,0.0,0.0,0.0,,,,,False,False
I-95 HOV NB,HOV,110P04666,2025-10-02,15.0,3,45.96194077712559,5400.0,96,1.05,48.260037815981875,False,0.0,0.0,0.0,,,,,False,False
I-95 HOV NB,HOV,110P04666,2025-10-03,15.0,3,45.96194077712559,5400.0,96,1.05,48.260037815981875,False,0.0,0.0,0.0,,,,,False,False
I-95 HOV NB,HOV,110P04666,2025-10-06,15.0,3,45.96194077712559,5400.0,96,1.05,48.260037815981875,False,0.0,0.0,0.0,,,,,False,False
I-95 HOV NB,HOV,110P04666,2025-10-07,15.0,3,45.96194077712559,5400.0,96,1.05,48.260037815981875,False,0.0,0.0,0.0,,,,,False,False
I-95 HOV NB,HOV,110P04666,2025-10-08,15.0,3,45.96194077712559,5400.0,96,1.05,48.260037815981875,False,0.0,0.0,0.0,,,,,False,False
I-95 HOV NB,HOV,110P04666,2025-10-09,15.0,3,45.96194077712559,5400.0,96,1.05,48.260037815981875,False,0.0,0.0,0.0,,,,,False,False
I-95 HOV NB,HOV,110P04666,2025-10-10,15.0,3,45.96194077712559,5400.0,96,1.05,48.260037815981875,False,0.0,0.0,0.0,,,,,False,False
I-95 HOV NB,HOV,110P04666,2025-10-13,15.0,3,45.96194077712559,5400.0,96,1.05,48.260037815981875,False,0.0,0.0,0.0,,,,,False,False
I-95 HOV NB,HOV,110P04666,2025-10-14,15.0,3,45.96194077712559,5400.0,96,1.05,48.260037815981875,False,0.0,0.0,0.0,,,,,False,False
I-95 HOV NB,HOV,110P04666,2025-10-15,15.0,3,45.96194077712559,5400.0,96,1.05,48.260037815981875,False,0.0,0.0,0.0,,,,,False,False
I-95 HOV NB,HOV,110P04666,2025-10-16,15.0,3,45.96194077712559,5400.0,96,1.05,48.260037815981875,False,0.0,0.0,0.0,,,,,False,False
I-95 HOV NB,HOV,110P04666,2025-10-17,15.0,3,45.96194077712559,5400.0,96,1.05,48.260037815981875,False,0.0,0.0,0.0,,,,,False,False
I-95 HOV NB,HOV,110P04666,2025-10-20,15.0,3,45.96194077712559,5400.0,96,1.05,48.260037815981875,False,0.0,0.0,0.0,,,,,False,False
I-95 HOV NB,HOV,110P04666,2025-10-21,15.0,3,45.96194077712559,5400.0,96,1.05,48.260037815981875,False,0.0,0.0,0.0,,,,,False,False
I-95 HOV NB,HOV,110P04666,2025-10-22,15.0,3,45.96194077712559,5400.0,96,1.05,48.260037815981875,False,0.0,0.0,0.0,,,,,False,False
I-95 HOV NB,HOV,110P04666,2025-10-23,15.0,3,45.96194077712559,5400.0,96,1.05,48.260037815981875,False,0.0,0.0,0.0,,,,,False,False
I-95 HOV NB,HOV,110P04666,2025-10-24,15.0,3,45.96194077712559,5400.0,96,1.05,48.260037815981875,False,0.0,0.0,0.0,,,,,False,False
I-95 HOV NB,HOV,110P04666,2025-10-27,15.0,3,45.96194077712559,5400.0,96,1.05,48.260037815981875,False,0.0,0.0,0.0,,,,,False,False
I-95 HOV NB,HOV,110P04666,2025-10-28,15.0,3,45.96194077712559,5400.0,96,1.05,48.260037815981875,False,0.0,0.0,0.0,,,,,False,False
I-95 HOV NB,HOV,110P04666,2025-10-29,15.0,3,45.96194077712559,5400.0,96,1.05,48.260037815981875,False,0.0,0.0,0.0,,,,,False,False
I-95 HOV NB,HOV,110P04666,2025-10-30,15.0,3,45.96194077712559,5400.0,96,1.05,48.260037815981875,False,0.0,0.0,0.0,,,,,False,False
I-95 HOV NB,HOV,110P04666,2025-10-31,15.0,3,45.96194077712559,5400.0,96,1.05,48.260037815981875,False,0.0,0.0,0.0,,,,,False,False
I-95 HOV NB,HOV,110+04667,2025-10-01,16.0,3,45.96194077712559,5400.0,96,1.05,48.260037815981875,False,0.0,0.0,0.0,,,,,False,False
I-95 HOV NB,HOV,110+04667,2025-10-02,16.0,3,45.96194077712559,5400.0,96,1.05,48.260037815981875,False,0.0,0.0,0.0,,,,,False,False
I-95 HOV NB,HOV,110+04667,2025-10-03,16.0,3,45.96194077712559,5400.0,96,1.05,48.260037815981875,False,0.0,0.0,0.0,,,,,False,False
I-95 HOV NB,HOV,110+04667,2025-10-06,16.0,3,45.96194077712559,5400.0,96,1.05,48.260037815981875,False,0.0,0.0,0.0,,,,,False,False
I-95 HOV NB,HOV,110+04667,2025-10-07,16.0,3,45.96194077712559,5400.0,96,1.05,48.260037815981875,False,0.0,0.0,0.0,,,,,False,False
I-95 HOV NB,HOV,110+04667,2025-10-08,16.0,3,45.96194077712559,5400.0,96,1.05,48.260037815981875,False,0.0,0.0,0.0,,,,,False,False
I-95 HOV NB,HOV,110+04667,2025-10-09,16.0,3,45.96194077712559,5400.0,96,1.05,48.260037815981875,False,0.0,0.0,0.0,,,,,False,False
I-95 HOV NB,HOV,110+04667,2025-10-10,16.0,3,45.96194077712559,5400.0,96,1.05,48.260037815981875,False,0.0,0.0,0.0,,,,,False,False
I-95 HOV NB,HOV,110+04667,2025-10-13,16.0,3,45.96194077712559,5400.0,96,1.05,48.260037815981875,False,0.0,0.0,0.0,,,,,False,False
I-95 HOV NB,HOV,110+04667,2025-10-14,16.0,3,45.96194077712559,5400.0,96,1.05,48.260037815981875,False,0.0,0.0,0.0,,,,,False,False
I-95 HOV NB,HOV,110+04667,2025-10-15,16.0,3,45.96194077712559,5400.0,96,1.05,48.260037815981875,False,0.0,0.0,0.0,,,,,False,False
I-95 HOV NB,HOV,110+04667,2025-10-16,16.0,3,45.96194077712559,5400.0,96,1.05,48.260037815981875,False,0.0,0.0,0.0,,,,,False,False
I-95 HOV NB,HOV,110+04667,2025-10-17,16.0,3,45.96194077712559,5400.0,96,1.05,48.260037815981875,False,0.0,0.0,0.0,,,,,False,False
I-95 HOV NB,HOV,110+04667,2025-10-20,16.0,3,45.96194077712559,5400.0,96,1.05,48.260037815981875,False,0.0,0.0,0.0,,,,,False,False
I-95 HOV NB,HOV,110+04667,2025-10-21,16.0,3,45.96194077712559,5400.0,96,1.05,48.260037815981875,False,0.0,0.0,0.0,,,,,False,False
I-95 HOV NB,HOV,110+04667,2025-10-22,16.0,3,45.96194077712559,5400.0,96,1.05,48.260037815981875,False,0.0,0.0,0.0,,,,,False,False
I-95 HOV NB,HOV,110+04667,2025-10-23,16.0,3,45.96194077712559,5400.0,96,1.05,48.260037815981875,False,0.0,0.0,0.0,,,,,False,False
I-95 HOV NB,HOV,110+04667,2025-10-24,16.0,3,45.96194077712559,5400.0,96,1.05,48.260037815981875,False,0.0,0.0,0.0,,,,,False,False
I-95 HOV NB,HOV,110+04667,2025-10-27,16.0,3,45.96194077712559,5400.0,96,1.05,48.260037815981875,False,0.0,0.0,0.0,,,,,False,False
I-95 HOV NB,HOV,110+04667,2025-10-28,16.0,3,45.96194077712559,5400.0,96,1.05,48.260037815981875,False,0.0,0.0,0.0,,,,,False,False
I-95 HOV NB,HOV,110+04667,2025-10-29,16.0,3,45.96194077712559,5400.0,96,1.05,48.260037815981875,False,0.0,0.0,0.0,,,,,False,False
I-95 HOV NB,HOV,110+04667,2025-10-30,16.0,3,45.96194077712559,5400.0,96,1.05,48.260037815981875,False,0.0,0.0,0.0,,,,,False,False
I-95 HOV NB,HOV,110+04667,2025-10-31,16.0,3,45.96194077712559,5400.0,96,1.05,48.260037815981875,False,0.0,0.0,0.0,,,,,False,False
I-95 HOV NB,HOV,110P04667,2025-10-01,17.0,3,45.96194077712559,5400.0,96,1.05,48.260037815981875,False,0.0,0.0,0.0,,,,,False,False
I-95 HOV NB,HOV,110P04667,2025-10-02,17.0,3,45.96194077712559,5400.0,96,1.05,48.260037815981875,False,0.0,0.0,0.0,,,,,False,False
I-95 HOV NB,HOV,110P04667,2025-10-03,17.0,3,45.96194077712559,5400.0,96,1.05,48.260037815981875,False,0.0,0.0,0.0,,,,,False,False
I-95 HOV NB,HOV,110P04667,2025-10-06,17.0,3,45.96194077712559,5400.0,96,1.05,48.260037815981875,False,0.0,0.0,0.0,,,,,False,False
I-95 HOV NB,HOV,110P04667,2025-10-07,17.0,3,45.96194077712559,5400.0,96,1.05,48.260037815981875,False,0.0,0.0,0.0,,,,,False,False
I-95 HOV NB,HOV,110P04667,2025-10-08,17.0,3,45.96194077712559,5400.0,96,1.05,48.260037815981875,False,0.0,0.0,0.0,,,,,False,False
I-95 HOV NB,HOV,110P04667,2025-10-09,17.0,3,45.96194077712559,5400.0,96,1.05,48.260037815981875,False,0.0,0.0,0.0,,,,,False,False
I-95 HOV NB,HOV,110P04667,2025-10-10,17.0,3,45.96194077712559,5400.0,96,1.05,48.260037815981875,False,0.0,0.0,0.0,,,,,False,False
I-95 HOV NB,HOV,110P04667,2025-10-13,17.0,3,45.96194077712559,5400.0,96,1.05,48.260037815981875,False,0.0,0.0,0.0,,,,,False,False
I-95 HOV NB,HOV,110P04667,2025-10-14,17.0,3,45.96194077712559,5400.0,96,1.05,48.260037815981875,False,0.0,0.0,0.0,,,,,False,False
I-95 HOV NB,HOV,110P04667,2025-10-15,17.0,3,45.96194077712559,5400.0,96,1.05,48.260037815981875,False,0.0,0.0,0.0,,,,,False,False
I-95 HOV NB,HOV,110P04667,2025-10-16,17.0,3,45.96194077712559,5400.0,96,1.05,48.260037815981875,False,0.0,0.0,0.0,,,,,False,False
I-95 HOV NB,HOV,110P04667,2025-10-17,17.0,3,45.96194077712559,5400.0,96,1.05,48.260037815981875,False,0.0,0.0,0.0,,,,,False,False
I-95 HOV NB,HOV,110P04667,2025-10-20,17.0,3,45.96194077712559,5400.0,96,1.05,48.260037815981875,False,0.0,0.0,0.0,,,,,False,False
I-95 HOV NB,HOV,110P04667,2025-10-21,17.0,3,45.96194077712559,5400.0,96,1.05,48.260037815981875,False,0.0,0.0,0.0,,,,,False,False
I-95 HOV NB,HOV,110P04667,2025-10-22,17.0,3,45.96194077712559,5400.0,96,1.05,48.260037815981875,False,0.0,0.0,0.0,,,,,False,False
I-95 HOV NB,HOV,110P04667,2025-10-23,17.0,3,45.96194077712559,5400.0,96,1.05,48.260037815981875,False,0.0,0.0,0.0,,,,,False,False
I-95 HOV NB,HOV,110P04667,2025-10-24,17.0,3,45.96194077712559,5400.0,96,1.05,48.260037815981875,False,0.0,0.0,0.0,,,,,False,False
I-95 HOV NB,HOV,110P04667,2025-10-27,17.0,3,45.96194077712559,5400.0,96,1.05,48.260037815981875,False,0.0,0.0,0.0,,,,,False,False
I-95 HOV NB,HOV,110P04667,2025-10-28,17.0,3,45.96194077712559,5400.0,96,1.05,48.260037815981875,False,0.0,0.0,0.0,,,,,False,False
I-95 HOV NB,HOV,110P04667,2025-10-29,17.0,3,45.96194077712559,5400.0,96,1.05,48.260037815981875,False,0.0,0.0,0.0,,,,,False,False
I-95 HOV NB,HOV,110P04667,2025-10-30,17.0,3,45.96194077712559,5400.0,96,1.05,48.260037815981875,False,0.0,0.0,0.0,,,,,False,False
I-95 HOV NB,HOV,110P04667,2025-10-31,17.0,3,45.96194077712559,5400.0,96,1.05,48.260037815981875,False,0.0,0.0,0.0,,,,,False,False
I-95 HOV NB,HOV,110+04668,2025-10-01,18.0,3,45.96194077712559,5400.0,96,1.05,48.260037815981875,False,0.0,0.0,0.0,,,,,False,False
I-95 HOV NB,HOV,110+04668,2025-10-02,18.0,3,45.96194077712559,5400.0,96,1.05,48.260037815981875,False,0.0,0.0,0.0,,,,,False,False
I-95 HOV NB,HOV,110+04668,2025-10-03,18.0,3,45.96194077712559,5400.0,96,1.05,48.260037815981875,False,0.0,0.0,0.0,,,,,False,False
I-95 HOV NB,HOV,110+04668,2025-10-06,18.0,3,45.96194077712559,5400.0,96,1.05,48.260037815981875,False,0.0,0.0,0.0,,,,,False,False
I-95 HOV NB,HOV,110+04668,2025-10-07,18.0,3,45.96194077712559,5400.0,96,1.05,48.260037815981875,False,0.0,0.0,0.0,,,,,False,False
I-95 HOV NB,HOV,110+04668,2025-10-08,18.0,3,45.96194077712559,5400.0,96,1.05,48.260037815981875,False,0.0,0.0,0.0,,,,,False,False
I-95 HOV NB,HOV,110+04668,2025-10-09,18.0,3,45.96194077712559,5400.0,96,1.05,48.260037815981875,False,0.0,0.0,0.0,,,,,False,False
I-95 HOV NB,HOV,110+04668,2025-10-10,18.0,3,45.96194077712559,5400.0,96,1.05,48.260037815981875,False,0.0,0.0,0.0,,,,,False,False
I-95 HOV NB,HOV,110+04668,2025-10-13,18.0,3,45.96194077712559,5400.0,96,1.05,48.260037815981875,False,0.0,0.0,0.0,,,,,False,False
I-95 HOV NB,HOV,110+04668,2025-10-14,18.0,3,45.96194077712559,5400.0,96,1.05,48.260037815981875,False,0.0,0.0,0.0,,,,,False,False
I-95 HOV NB,HOV,110+04668,2025-10-15,18.0,3,45.96194077712559,5400.0,96,1.05,48.260037815981875,False,0.0,0.0,0.0,,,,,False,False
I-95 HOV NB,HOV,110+04668,2025-10-16,18.0,3,45.96194077712559,5400.0,96,1.05,48.260037815981875,False,0.0,0.0,0.0,,,,,False,False
I-95 HOV NB,HOV,110+04668,2025-10-17,18.0,3,45.96194077712559,5400.0,96,1.05,48.260037815981875,False,0.0,0.0,0.0,,,,,False,False
I-95 HOV NB,HOV,110+04668,2025-10-20,18.0,3,45.96194077712559,5400.0,96,1.05,48.260037815981875,False,0.0,0.0,0.0,,,,,False,False
I-95 HOV NB,HOV,110+04668,2025-10-21,18.0,3,45.96194077712559,5400.0,96,1.05,48.260037815981875,False,0.0,0.0,0.0,,,,,False,False
I-95 HOV NB,HOV,110+04668,2025-10-22,18.0,3,45.96194077712559,5400.0,96,1.05,48.260037815981875,False,0.0,0.0,0.0,,,,,False,False
I-95 HOV NB,HOV,110+04668,2025-10-23,18.0,3,45.96194077712559,5400.0,96,1.05,48.260037815981875,False,0.0,0.0,0.0,,,,,False,False
I-95 HOV NB,HOV,110+04668,2025-10-24,18.0,3,45.96194077712559,5400.0,96,1.05,48.260037815981875,False,0.0,0.0,0.0,,,,,False,False
I-95 HOV NB,HOV,110+04668,2025-10-27,18.0,3,45.96194077712559,5400.0,96,1.05,48.260037815981875,False,0.0,0.0,0.0,,,,,False,False
I-95 HOV NB,HOV,110+04668,2025-10-28,18.0,3,45.96194077712559,5400.0,96,1.05,48.260037815981875,False,0.0,0.0,0.0,,,,,False,False
I-95 HOV NB,HOV,110+04668,2025-10-29,18.0,3,45.96194077712559,5400.0,96,1.05,48.260037815981875,False,0.0,0.0,0.0,,,,,False,False
I-95 HOV NB,HOV,110+04668,2025-10-30,18.0,3,45.96194077712559,5400.0,96,1.05,48.260037815981875,False,0.0,0.0,0.0,,,,,False,False
I-95 HOV NB,HOV,110+04668,2025-10-31,18.0,3,45.96194077712559,5400.0,96,1.05,48.260037815981875,False,0.0,0.0,0.0,,,,,False,False
I-95 HOV NB,HOV,110P04668,2025-10-01,19.0,3,45.96194077712559,5400.0,96,1.05,48.260037815981875,False,0.0,0.0,0.0,,,,,False,False
I-95 HOV NB,HOV,110P04668,2025-10-02,19.0,3,45.96194077712559,5400.0,96,1.05,48.260037815981875,False,0.0,0.0,0.0,,,,,False,False
I-95 HOV NB,HOV,110P04668,2025-10-03,19.0,3,45.96194077712559,5400.0,96,1.05,48.260037815981875,False,0.0,0.0,0.0,,,,,False,False
I-95 HOV NB,HOV,110P04668,2025-10-06,19.0,3,45.96194077712559,5400.0,96,1.05,48.260037815981875,False,0.0,0.0,0.0,,,,,False,False
I-95 HOV NB,HOV,110P04668,2025-10-07,19.0,3,45.96194077712559,5400.0,96,1.05,48.260037815981875,False,0.0,0.0,0.0,,,,,False,False
I-95 HOV NB,HOV,110P04668,2025-10-08,19.0,3,45.96194077712559,5400.0,96,1.05,48.260037815981875,False,0.0,0.0,0.0,,,,,False,False
I-95 HOV NB,HOV,110P04668,2025-10-09,19.0,3,45.96194077712559,5400.0,96,1.05,48.260037815981875,False,0.0,0.0,0.0,,,,,False,False
I-95 HOV NB,HOV,110P04668,2025-10-10,19.0,3,45.96194077712559,5400.0,95,1.05,48.260037815981875,False,0.0,0.0,0.0,,,,,False,False
I-95 HOV NB,HOV,110P04668,2025-10-13,19.0,3,45.96194077712559,5400.0,96,1.05,48.260037815981875,False,0.0,0.0,0.0,,,,,False,False
I-95 HOV NB,HOV,110P04668,2025-10-14,19.0,3,45.96194077712559,5400.0,96,1.05,48.260037815981875,True,1.1392995758733255,3822.4538271443616,0.7078618198415485,453.86440970587233,522.2223842582719,14.50111111111111,495.0,False,False
I-95 HOV NB,HOV,110P04668,2025-10-15,19.0,3,45.96194077712559,5400.0,96,1.05,48.260037815981875,False,0.0,0.0,0.0,,,,,False,False
I-95 HOV NB,HOV,110P04668,2025-10-16,19.0,3,45.96194077712559,5400.0,96,1.05,48.260037815981875,False,0.0,0.0,0.0,,,,,False,False
I-95 HOV NB,HOV,110P04668,2025-10-17,19.0,3,45.96194077712559,5400.0,96,1.05,48.260037815981875,False,0.0,0.0,0.0,,,,,False,False
I-95 HOV NB,HOV,110P04668,2025-10-20,19.0,3,45.96194077712559,5400.0,96,1.05,48.260037815981875,False,0.0,0.0,0.0,,,,,False,False
I-95 HOV NB,HOV,110P04668,2025-10-21,19.0,3,45.96194077712559,5400.0,96,1.05,48.260037815981875,False,0.0,0.0,0.0,,,,,False,False
I-95 HOV NB,HOV,110P04668,2025-10-22,19.0,3,45.96194077712559,5400.0,96,1.05,48.260037815981875,False,0.0,0.0,0.0,,,,,False,False
I-95 HOV NB,HOV,110P04668,2025-10-23,19.0,3,45.96194077712559,5400.0,96,1.05,48.260037815981875,False,0.0,0.0,0.0,,,,,False,False
I-95 HOV NB,HOV,110P04668,2025-10-24,19.0,3,45.96194077712559,5400.0,96,1.05,48.260037815981875,False,0.0,0.0,0.0,,,,,False,False
I-95 HOV NB,HOV,110P04668,2025-10-27,19.0,3,45.96194077712559,5400.0,96,1.05,48.260037815981875,False,0.0,0.0,0.0,,,,,False,False
I-95 HOV NB,HOV,110P04668,2025-10-28,19.0,3,45.96194077712559,5400.0,96,1.05,48.260037815981875,False,0.0,0.0,0.0,,,,,False,False
I-95 HOV NB,HOV,110P04668,2025-10-29,19.0,3,45.96194077712559,5400.0,96,1.05,48.260037815981875,False,0.0,0.0,0.0,,,,,False,False
I-95 HOV NB,HOV,110P04668,2025-10-30,19.0,3,45.96194077712559,5400.0,96,1.05,48.260037815981875,False,0.0,0.0,0.0,,,,,False,False
I-95 HOV NB,HOV,110P04668,2025-10-31,19.0,3,45.96194077712559,5400.0,96,1.05,48.260037815981875,False,0.0,0.0,0.0,,,,,False,False
I-95 HOV NB,HOV,110+04669,2025-10-01,20.0,3,45.96194077712559,5400.0,96,1.05,48.260037815981875,False,0.0,0.0,0.0,,,,,False,False
I-95 HOV NB,HOV,110+04669,2025-10-02,20.0,3,45.96194077712559,5400.0,96,1.05,48.260037815981875,False,0.0,0.0,0.0,,,,,False,False
I-95 HOV NB,HOV,110+04669,2025-10-03,20.0,3,45.96194077712559,5400.0,96,1.05,48.260037815981875,False,0.0,0.0,0.0,,,,,False,False
I-95 HOV NB,HOV,110+04669,2025-10-06,20.0,3,45.96194077712559,5400.0,96,1.05,48.260037815981875,False,0.0,0.0,0.0,,,,,False,False
I-95 HOV NB,HOV,110+04669,2025-10-07,20.0,3,45.96194077712559,5400.0,96,1.05,48.260037815981875,False,0.0,0.0,0.0,,,,,False,False
I-95 HOV NB,HOV,110+04669,2025-10-08,20.0,3,45.96194077712559,5400.0,96,1.05,48.260037815981875,False,0.0,0.0,0.0,,,,,False,False
I-95 HOV NB,HOV,110+04669,2025-10-09,20.0,3,45.96194077712559,5400.0,96,1.05,48.260037815981875,False,0.0,0.0,0.0,,,,,False,False
I-95 HOV NB,HOV,110+04669,2025-10-10,20.0,3,45.96194077712559,5400.0,95,1.05,48.260037815981875,False,0.0,0.0,0.0,,,,,False,False
I-95 HOV NB,HOV,110+04669,2025-10-13,20.0,3,45.96194077712559,5400.0,96,1.05,48.260037815981875,False,0.0,0.0,0.0,,,,,False,False
I-95 HOV NB,HOV,110+04669,2025-10-14,20.0,3,45.96194077712559,5400.0,96,1.05,48.260037815981875,True,1.3639935899718012,5850.093669216583,1.0833506794845524,446.53438903346046,528.3740044317685,11.040000000000001,495.0,False,False
I-95 HOV NB,HOV,110+04669,2025-10-15,20.0,3,45.96194077712559,5400.0,96,1.05,48.260037815981875,False,0.0,0.0,0.0,,,,,False,False
I-95 HOV NB,HOV,110+04669,2025-10-16,20.0,3,45.96194077712559,5400.0,96,1.05,48.260037815981875,False,0.0,0.0,0.0,,,,,False,False
I-95 HOV NB,HOV,110+04669,2025-10-17,20.0,3,45.96194077712559,5400.0,96,1.05,48.260037815981875,False,0.0,0.0,0.0,,,,,False,False
I-95 HOV NB,HOV,110+04669,2025-10-20,20.0,3,45.96194077712559,5400.0,96,1.05,48.260037815981875,False,0.0,0.0,0.0,,,,,False,False
I-95 HOV NB,HOV,110+04669,2025-10-21,20.0,3,45.96194077712559,5400.0,96,1.05,48.260037815981875,False,0.0,0.0,0.0,,,,,False,False
I-95 HOV NB,HOV,110+04669,2025-10-22,20.0,3,45.96194077712559,5400.0,96,1.05,48.260037815981875,False,0.0,0.0,0.0,,,,,False,False
I-95 HOV NB,HOV,110+04669,2025-10-23,20.0,3,45.96194077712559,5400.0,96,1.05,48.260037815981875,False,0.0,0.0,0.0,,,,,False,False
I-95 HOV NB,HOV,110+04669,2025-10-24,20.0,3,45.96194077712559,5400.0,96,1.05,48.260037815981875,False,0.0,0.0,0.0,,,,,False,False
I-95 HOV NB,HOV,110+04669,2025-10-27,20.0,3,45.96194077712559,5400.0,96,1.05,48.260037815981875,False,0.0,0.0,0.0,,,,,False,False
I-95 HOV NB,HOV,110+04669,2025-10-28,20.0,3,45.96194077712559,5400.0,96,1.05,48.260037815981875,False,0.0,0.0,0.0,,,,,False,False
I-95 HOV NB,HOV,110+04669,2025-10-29,20.0,3,45.96194077712559,5400.0,96,1.05,48.260037815981875,False,0.0,0.0,0.0,,,,,False,False
I-95 HOV NB,HOV,110+04669,2025-10-30,20.0,3,45.96194077712559,5400.0,96,1.05,48.260037815981875,False,0.0,0.0,0.0,,,,,False,False
I-95 HOV NB,HOV,110+04669,2025-10-31,20.0,3,45.96194077712559,5400.0,96,1.05,48.260037815981875,False,0.0,0.0,0.0,,,,,False,False
I-95 HOV NB,HOV,110+04658,2025-10-01,1.0,2,45.96194077712559,3600.0,96,1.1,50.55813485483815,False,0.0,0.0,0.0,,,,,False,False
I-95 HOV NB,HOV,110+04658,2025-10-02,1.0,2,45.96194077712559,3600.0,96,1.1,50.55813485483815,False,0.0,0.0,0.0,,,,,False,False
I-95 HOV NB,HOV,110+04658,2025-10-03,1.0,2,45.96194077712559,3600.0,96,1.1,50.55813485483815,False,0.0,0.0,0.0,,,,,False,False
I-95 HOV NB,HOV,110+04658,2025-10-06,1.0,2,45.96194077712559,3600.0,96,1.1,50.55813485483815,False,0.0,0.0,0.0,,,,,False,False
I-95 HOV NB,HOV,110+04658,2025-10-07,1.0,2,45.96194077712559,3600.0,96,1.1,50.55813485483815,False,0.0,0.0,0.0,,,,,False,False
I-95 HOV NB,HOV,110+04658,2025-10-08,1.0,2,45.96194077712559,3600.0,96,1.1,50.55813485483815,False,0.0,0.0,0.0,,,,,False,False
I-95 HOV NB,HOV,110+04658,2025-10-09,1.0,2,45.96194077712559,3600.0,96,1.1,50.55813485483815,False,0.0,0.0,0.0,,,,,False,False
I-95 HOV NB,HOV,110+04658,2025-10-10,1.0,2,45.96194077712559,3600.0,96,1.1,50.55813485483815,False,0.0,0.0,0.0,,,,,False,False
I-95 HOV NB,HOV,110+04658,2025-10-13,1.0,2,45.96194077712559,3600.0,96,1.1,50.55813485483815,False,0.0,0.0,0.0,,,,,False,False
I-95 HOV NB,HOV,110+04658,2025-10-14,1.0,2,45.96194077712559,3600.0,96,1.1,50.55813485483815,False,0.0,0.0,0.0,,,,,False,False
I-95 HOV NB,HOV,110+04658,2025-10-15,1.0,2,45.96194077712559,3600.0,96,1.1,50.55813485483815,False,0.0,0.0,0.0,,,,,False,False
I-95 HOV NB,HOV,110+04658,2025-10-16,1.0,2,45.96194077712559,3600.0,96,1.1,50.55813485483815,False,0.0,0.0,0.0,,,,,False,False
I-95 HOV NB,HOV,110+04658,2025-10-17,1.0,2,45.96194077712559,3600.0,96,1.1,50.55813485483815,False,0.0,0.0,0.0,,,,,False,False
I-95 HOV NB,HOV,110+04658,2025-10-20,1.0,2,45.96194077712559,3600.0,96,1.1,50.55813485483815,False,0.0,0.0,0.0,,,,,False,False
I-95 HOV NB,HOV,110+04658,2025-10-21,1.0,2,45.96194077712559,3600.0,96,1.1,50.55813485483815,False,0.0,0.0,0.0,,,,,False,False
I-95 HOV NB,HOV,110+04658,2025-10-22,1.0,2,45.96194077712559,3600.0,96,1.1,50.55813485483815,False,0.0,0.0,0.0,,,,,False,False
I-95 HOV NB,HOV,110+04658,2025-10-23,1.0,2,45.96194077712559,3600.0,96,1.1,50.55813485483815,False,0.0,0.0,0.0,,,,,False,False
I-95 HOV NB,HOV,110+04658,2025-10-24,1.0,2,45.96194077712559,3600.0,96,1.1,50.55813485483815,False,0.0,0.0,0.0,,,,,False,False
I-95 HOV NB,HOV,110+04658,2025-10-27,1.0,2,45.96194077712559,3600.0,96,1.1,50.55813485483815,True,0.7513050346685711,2443.103016094896,0.6786397266930266,381.12873796486133,426.2070400449756,32.10333333333333,405.0,False,False
I-95 HOV NB,HOV,110+04658,2025-10-28,1.0,2,45.96194077712559,3600.0,96,1.1,50.55813485483815,False,0.0,0.0,0.0,,,,,False,False
I-95 HOV NB,HOV,110+04658,2025-10-29,1.0,2,45.96194077712559,3600.0,96,1.1,50.55813485483815,False,0.0,0.0,0.0,,,,,False,False
I-95 HOV NB,HOV,110+04658,2025-10-30,1.0,2,45.96194077712559,3600.0,96,1.1,50.55813485483815,False,0.0,0.0,0.0,,,,,False,False
I-95 HOV NB,HOV,110+04658,2025-10-31,1.0,2,45.96194077712559,3600.0,96,1.1,50.55813485483815,False,0.0,0.0,0.0,,,,,False,False
I-95 HOV NB,HOV,110P04660,2025-10-01,4.0,2,45.96194077712559,3600.0,96,1.1,50.55813485483815,False,0.0,0.0,0.0,,,,,False,False
I-95 HOV NB,HOV,110P04660,2025-10-02,4.0,2,45.96194077712559,3600.0,96,1.1,50.55813485483815,False,0.0,0.0,0.0,,,,,False,False
I-95 HOV NB,HOV,110P04660,2025-10-03,4.0,2,45.96194077712559,3600.0,96,1.1,50.55813485483815,False,0.0,0.0,0.0,,,,,False,False
I-95 HOV NB,HOV,110P04660,2025-10-06,4.0,2,45.96194077712559,3600.0,96,1.1,50.55813485483815,False,0.0,0.0,0.0,,,,,False,False
I-95 HOV NB,HOV,110P04660,2025-10-07,4.0,2,45.96194077712559,3600.0,96,1.1,50.55813485483815,False,0.0,0.0,0.0,,,,,False,False
I-95 HOV NB,HOV,110P04660,2025-10-08,4.0,2,45.96194077712559,3600.0,96,1.1,50.55813485483815,False,0.0,0.0,0.0,,,,,False,False
I-95 HOV NB,HOV,110P04660,2025-10-09,4.0,2,45.96194077712559,3600.0,96,1.1,50.55813485483815,False,0.0,0.0,0.0,,,,,False,False
I-95 HOV NB,HOV,110P04660,2025-10-10,4.0,2,45.96194077712559,3600.0,96,1.1,50.55813485483815,False,0.0,0.0,0.0,,,,,False,False
I-95 HOV NB,HOV,110P04660,2025-10-13,4.0,2,45.96194077712559,3600.0,96,1.1,50.55813485483815,False,0.0,0.0,0.0,,,,,False,False
I-95 HOV NB,HOV,110P04660,2025-10-14,4.0,2,45.96194077712559,3600.0,96,1.1,50.55813485483815,False,0.0,0.0,0.0,,,,,False,False
I-95 HOV NB,HOV,110P04660,2025-10-15,4.0,2,45.96194077712559,3600.0,96,1.1,50.55813485483815,False,0.0,0.0,0.0,,,,,False,False
I-95 HOV NB,HOV,110P04660,2025-10-16,4.0,2,45.96194077712559,3600.0,96,1.1,50.55813485483815,False,0.0,0.0,0.0,,,,,False,False
I-95 HOV NB,HOV,110P04660,2025-10-17,4.0,2,45.96194077712559,3600.0,96,1.1,50.55813485483815,False,0.0,0.0,0.0,,,,,False,False
I-95 HOV NB,HOV,110P04660,2025-10-20,4.0,2,45.96194077712559,3600.0,96,1.1,50.55813485483815,False,0.0,0.0,0.0,,,,,False,False
I-95 HOV NB,HOV,110P04660,2025-10-21,4.0,2,45.96194077712559,3600.0,96,1.1,50.55813485483815,False,0.0,0.0,0.0,,,,,False,False
I-95 HOV NB,HOV,110P04660,2025-10-22,4.0,2,45.96194077712559,3600.0,96,1.1,50.55813485483815,False,0.0,0.0,0.0,,,,,False,False
I-95 HOV NB,HOV,110P04660,2025-10-23,4.0,2,45.96194077712559,3600.0,96,1.1,50.55813485483815,False,0.0,0.0,0.0,,,,,False,False
I-95 HOV NB,HOV,110P04660,2025-10-24,4.0,2,45.96194077712559,3600.0,96,1.1,50.55813485483815,False,0.0,0.0,0.0,,,,,False,False
I-95 HOV NB,HOV,110P04660,2025-10-27,4.0,2,45.96194077712559,3600.0,96,1.1,50.55813485483815,False,0.0,0.0,0.0,,,,,False,False
I-95 HOV NB,HOV,110P04660,2025-10-28,4.0,2,45.96194077712559,3600.0,96,1.1,50.55813485483815,False,0.0,0.0,0.0,,,,,False,False
I-95 HOV NB,HOV,110P04660,2025-10-29,4.0,2,45.96194077712559,3600.0,96,1.1,50.55813485483815,False,0.0,0.0,0.0,,,,,False,False
I-95 HOV NB,HOV,110P04660,2025-10-30,4.0,2,45.96194077712559,3600.0,96,1.1,50.55813485483815,False,0.0,0.0,0.0,,,,,False,False
I-95 HOV NB,HOV,110P04660,2025-10-31,4.0,2,45.96194077712559,3600.0,96,1.1,50.55813485483815,False,0.0,0.0,0.0,,,,,False,False
I-95 HOV NB,HOV,110+04661,2025-10-01,5.0,2,45.96194077712559,3600.0,96,1.1,50.55813485483815,False,0.0,0.0,0.0,,,,,False,False
I-95 HOV NB,HOV,110+04661,2025-10-02,5.0,2,45.96194077712559,3600.0,96,1.1,50.55813485483815,False,0.0,0.0,0.0,,,,,False,False
I-95 HOV NB,HOV,110+04661,2025-10-03,5.0,2,45.96194077712559,3600.0,96,1.1,50.55813485483815,False,0.0,0.0,0.0,,,,,False,False
I-95 HOV NB,HOV,110+04661,2025-10-06,5.0,2,45.96194077712559,3600.0,96,1.1,50.55813485483815,False,0.0,0.0,0.0,,,,,False,False
I-95 HOV NB,HOV,110+04661,2025-10-07,5.0,2,45.96194077712559,3600.0,96,1.1,50.55813485483815,False,0.0,0.0,0.0,,,,,False,False
I-95 HOV NB,HOV,110+04661,2025-10-08,5.0,2,45.96194077712559,3600.0,96,1.1,50.55813485483815,False,0.0,0.0,0.0,,,,,False,False
I-95 HOV NB,HOV,110+04661,2025-10-09,5.0,2,45.96194077712559,3600.0,96,1.1,50.55813485483815,False,0.0,0.0,0.0,,,,,False,False
I-95 HOV NB,HOV,110+04661,2025-10-10,5.0,2,45.96194077712559,3600.0,96,1.1,50.55813485483815,False,0.0,0.0,0.0,,,,,False,False
I-95 HOV NB,HOV,110+04661,2025-10-13,5.0,2,45.96194077712559,3600.0,96,1.1,50.55813485483815,False,0.0,0.0,0.0,,,,,False,False
I-95 HOV NB,HOV,110+04661,2025-10-14,5.0,2,45.96194077712559,3600.0,96,1.1,50.55813485483815,False,0.0,0.0,0.0,,,,,False,False
I-95 HOV NB,HOV,110+04661,2025-10-15,5.0,2,45.96194077712559,3600.0,96,1.1,50.55813485483815,False,0.0,0.0,0.0,,,,,False,False
I-95 HOV NB,HOV,110+04661,2025-10-16,5.0,2,45.96194077712559,3600.0,96,1.1,50.55813485483815,False,0.0,0.0,0.0,,,,,False,False
I-95 HOV NB,HOV,110+04661,2025-10-17,5.0,2,45.96194077712559,3600.0,96,1.1,50.55813485483815,False,0.0,0.0,0.0,,,,,False,False
I-95 HOV NB,HOV,110+04661,2025-10-20,5.0,2,45.96194077712559,3600.0,96,1.1,50.55813485483815,False,0.0,0.0,0.0,,,,,False,False
I-95 HOV NB,HOV,110+04661,2025-10-21,5.0,2,45.96194077712559,3600.0,96,1.1,50.55813485483815,False,0.0,0.0,0.0,,,,,False,False
I-95 HOV NB,HOV,110+04661,2025-10-22,5.0,2,45.96194077712559,3600.0,96,1.1,50.55813485483815,False,0.0,0.0,0.0,,,,,False,False
I-95 HOV NB,HOV,110+04661,2025-10-23,5.0,2,45.96194077712559,3600.0,96,1.1,50.55813485483815,False,0.0,0.0,0.0,,,,,False,False
I-95 HOV NB,HOV,110+04661,2025-10-24,5.0,2,45.96194077712559,3600.0,96,1.1,50.55813485483815,False,0.0,0.0,0.0,,,,,False,False
I-95 HOV NB,HOV,110+04661,2025-10-27,5.0,2,45.96194077712559,3600.0,96,1.1,50.55813485483815,False,0.0,0.0,0.0,,,,,False,False
I-95 HOV NB,HOV,110+04661,2025-10-28,5.0,2,45.96194077712559,3600.0,96,1.1,50.55813485483815,False,0.0,0.0,0.0,,,,,False,False
I-95 HOV NB,HOV,110+04661,2025-10-29,5.0,2,45.96194077712559,3600.0,96,1.1,50.55813485483815,False,0.0,0.0,0.0,,,,,False,False
I-95 HOV NB,HOV,110+04661,2025-10-30,5.0,2,45.96194077712559,3600.0,96,1.1,50.55813485483815,False,0.0,0.0,0.0,,,,,False,False
I-95 HOV NB,HOV,110+04661,2025-10-31,5.0,2,45.96194077712559,3600.0,96,1.1,50.55813485483815,False,0.0,0.0,0.0,,,,,False,False
I-95 HOV NB,HOV,110P04661,2025-10-01,6.0,2,45.96194077712559,3600.0,96,1.1,50.55813485483815,False,0.0,0.0,0.0,,,,,False,False
I-95 HOV NB,HOV,110P04661,2025-10-02,6.0,2,45.96194077712559,3600.0,96,1.1,50.55813485483815,False,0.0,0.0,0.0,,,,,False,False
I-95 HOV NB,HOV,110P04661,2025-10-03,6.0,2,45.96194077712559,3600.0,96,1.1,50.55813485483815,False,0.0,0.0,0.0,,,,,False,False
I-95 HOV NB,HOV,110P04661,2025-10-06,6.0,2,45.96194077712559,3600.0,96,1.1,50.55813485483815,False,0.0,0.0,0.0,,,,,False,False
I-95 HOV NB,HOV,110P04661,2025-10-07,6.0,2,45.96194077712559,3600.0,96,1.1,50.55813485483815,False,0.0,0.0,0.0,,,,,False,False
I-95 HOV NB,HOV,110P04661,2025-10-08,6.0,2,45.96194077712559,3600.0,96,1.1,50.55813485483815,False,0.0,0.0,0.0,,,,,False,False
I-95 HOV NB,HOV,110P04661,2025-10-09,6.0,2,45.96194077712559,3600.0,96,1.1,50.55813485483815,False,0.0,0.0,0.0,,,,,False,False
I-95 HOV NB,HOV,110P04661,2025-10-10,6.0,2,45.96194077712559,3600.0,96,1.1,50.55813485483815,False,0.0,0.0,0.0,,,,,False,False
I-95 HOV NB,HOV,110P04661,2025-10-13,6.0,2,45.96194077712559,3600.0,96,1.1,50.55813485483815,False,0.0,0.0,0.0,,,,,False,False
I-95 HOV NB,HOV,110P04661,2025-10-14,6.0,2,45.96194077712559,3600.0,96,1.1,50.55813485483815,False,0.0,0.0,0.0,,,,,False,False
I-95 HOV NB,HOV,110P04661,2025-10-15,6.0,2,45.96194077712559,3600.0,96,1.1,50.55813485483815,False,0.0,0.0,0.0,,,,,False,False
I-95 HOV NB,HOV,110P04661,2025-10-16,6.0,2,45.96194077712559,3600.0,96,1.1,50.55813485483815,False,0.0,0.0,0.0,,,,,False,False
I-95 HOV NB,HOV,110P04661,2025-10-17,6.0,2,45.96194077712559,3600.0,96,1.1,50.55813485483815,False,0.0,0.0,0.0,,,,,False,False
I-95 HOV NB,HOV,110P04661,2025-10-20,6.0,2,45.96194077712559,3600.0,96,1.1,50.55813485483815,False,0.0,0.0,0.0,,,,,False,False
I-95 HOV NB,HOV,110P04661,2025-10-21,6.0,2,45.96194077712559,3600.0,96,1.1,50.55813485483815,False,0.0,0.0,0.0,,,,,False,False
I-95 HOV NB,HOV,110P04661,2025-10-22,6.0,2,45.96194077712559,3600.0,96,1.1,50.55813485483815,False,0.0,0.0,0.0,,,,,False,False
I-95 HOV NB,HOV,110P04661,2025-10-23,6.0,2,45.96194077712559,3600.0,96,1.1,50.55813485483815,False,0.0,0.0,0.0,,,,,False,False
I-95 HOV NB,HOV,110P04661,2025-10-24,6.0,2,45.96194077712559,3600.0,96,1.1,50.55813485483815,False,0.0,0.0,0.0,,,,,False,False
I-95 HOV NB,HOV,110P04661,2025-10-27,6.0,2,45.96194077712559,3600.0,96,1.1,50.55813485483815,False,0.0,0.0,0.0,,,,,False,False
I-95 HOV NB,HOV,110P04661,2025-10-28,6.0,2,45.96194077712559,3600.0,96,1.1,50.55813485483815,False,0.0,0.0,0.0,,,,,False,False
I-95 HOV NB,HOV,110P04661,2025-10-29,6.0,2,45.96194077712559,3600.0,96,1.1,50.55813485483815,False,0.0,0.0,0.0,,,,,False,False
I-95 HOV NB,HOV,110P04661,2025-10-30,6.0,2,45.96194077712559,3600.0,96,1.1,50.55813485483815,False,0.0,0.0,0.0,,,,,False,False
I-95 HOV NB,HOV,110P04661,2025-10-31,6.0,2,45.96194077712559,3600.0,96,1.1,50.55813485483815,False,0.0,0.0,0.0,,,,,False,False
I-95 HOV NB,HOV,110+04662,2025-10-01,7.0,2,45.96194077712559,3600.0,96,1.1,50.55813485483815,False,0.0,0.0,0.0,,,,,False,False
I-95 HOV NB,HOV,110+04662,2025-10-02,7.0,2,45.96194077712559,3600.0,96,1.1,50.55813485483815,False,0.0,0.0,0.0,,,,,False,False
I-95 HOV NB,HOV,110+04662,2025-10-03,7.0,2,45.96194077712559,3600.0,96,1.1,50.55813485483815,False,0.0,0.0,0.0,,,,,False,False
I-95 HOV NB,HOV,110+04662,2025-10-06,7.0,2,45.96194077712559,3600.0,96,1.1,50.55813485483815,False,0.0,0.0,0.0,,,,,False,False
I-95 HOV NB,HOV,110+04662,2025-10-07,7.0,2,45.96194077712559,3600.0,96,1.1,50.55813485483815,False,0.0,0.0,0.0,,,,,False,False
I-95 HOV NB,HOV,110+04662,2025-10-08,7.0,2,45.96194077712559,3600.0,96,1.1,50.55813485483815,False,0.0,0.0,0.0,,,,,False,False
I-95 HOV NB,HOV,110+04662,2025-10-09,7.0,2,45.96194077712559,3600.0,96,1.1,50.55813485483815,False,0.0,0.0,0.0,,,,,False,False
I-95 HOV NB,HOV,110+04662,2025-10-10,7.0,2,45.96194077712559,3600.0,96,1.1,50.55813485483815,False,0.0,0.0,0.0,,,,,False,False
I-95 HOV NB,HOV,110+04662,2025-10-13,7.0,2,45.96194077712559,3600.0,96,1.1,50.55813485483815,False,0.0,0.0,0.0,,,,,False,False
I-95 HOV NB,HOV,110+04662,2025-10-14,7.0,2,45.96194077712559,3600.0,96,1.1,50.55813485483815,False,0.0,0.0,0.0,,,,,False,False
I-95 HOV NB,HOV,110+04662,2025-10-15,7.0,2,45.96194077712559,3600.0,96,1.1,50.55813485483815,False,0.0,0.0,0.0,,,,,False,False
I-95 HOV NB,HOV,110+04662,2025-10-16,7.0,2,45.96194077712559,3600.0,96,1.1,50.55813485483815,False,0.0,0.0,0.0,,,,,False,False
I-95 HOV NB,HOV,110+04662,2025-10-17,7.0,2,45.96194077712559,3600.0,96,1.1,50.55813485483815,False,0.0,0.0,0.0,,,,,False,False
I-95 HOV NB,HOV,110+04662,2025-10-20,7.0,2,45.96194077712559,3600.0,96,1.1,50.55813485483815,False,0.0,0.0,0.0,,,,,False,False
I-95 HOV NB,HOV,110+04662,2025-10-21,7.0,2,45.96194077712559,3600.0,96,1.1,50.55813485483815,False,0.0,0.0,0.0,,,,,False,False
I-95 HOV NB,HOV,110+04662,2025-10-22,7.0,2,45.96194077712559,3600.0,96,1.1,50.55813485483815,False,0.0,0.0,0.0,,,,,False,False
I-95 HOV NB,HOV,110+04662,2025-10-23,7.0,2,45.96194077712559,3600.0,96,1.1,50.55813485483815,False,0.0,0.0,0.0,,,,,False,False
I-95 HOV NB,HOV,110+04662,2025-10-24,7.0,2,45.96194077712559,3600.0,96,1.1,50.55813485483815,False,0.0,0.0,0.0,,,,,False,False
I-95 HOV NB,HOV,110+04662,2025-10-27,7.0,2,45.96194077712559,3600.0,96,1.1,50.55813485483815,False,0.0,0.0,0.0,,,,,False,False
I-95 HOV NB,HOV,110+04662,2025-10-28,7.0,2,45.96194077712559,3600.0,96,1.1,50.55813485483815,False,0.0,0.0,0.0,,,,,False,False
I-95 HOV NB,HOV,110+04662,2025-10-29,7.0,2,45.96194077712559,3600.0,96,1.1,50.55813485483815,False,0.0,0.0,0.0,,,,,False,False
I-95 HOV NB,HOV,110+04662,2025-10-30,7.0,2,45.96194077712559,3600.0,96,1.1,50.55813485483815,False,0.0,0.0,0.0,,,,,False,False
I-95 HOV NB,HOV,110+04662,2025-10-31,7.0,2,45.96194077712559,3600.0,96,1.1,50.55813485483815,False,0.0,0.0,0.0,,,,,False,False
I-95 HOV NB,HOV,110P04662,2025-10-01,8.0,2,45.96194077712559,3600.0,96,1.1,50.55813485483815,False,0.0,0.0,0.0,,,,,False,False
I-95 HOV NB,HOV,110P04662,2025-10-02,8.0,2,45.96194077712559,3600.0,96,1.1,50.55813485483815,False,0.0,0.0,0.0,,,,,False,False
I-95 HOV NB,HOV,110P04662,2025-10-03,8.0,2,45.96194077712559,3600.0,96,1.1,50.55813485483815,False,0.0,0.0,0.0,,,,,False,False
I-95 HOV NB,HOV,110P04662,2025-10-06,8.0,2,45.96194077712559,3600.0,96,1.1,50.55813485483815,False,0.0,0.0,0.0,,,,,False,False
I-95 HOV NB,HOV,110P04662,2025-10-07,8.0,2,45.96194077712559,3600.0,96,1.1,50.55813485483815,False,0.0,0.0,0.0,,,,,False,False
I-95 HOV NB,HOV,110P04662,2025-10-08,8.0,2,45.96194077712559,3600.0,96,1.1,50.55813485483815,False,0.0,0.0,0.0,,,,,False,False
I-95 HOV NB,HOV,110P04662,2025-10-09,8.0,2,45.96194077712559,3600.0,96,1.1,50.55813485483815,False,0.0,0.0,0.0,,,,,False,False
I-95 HOV NB,HOV,110P04662,2025-10-10,8.0,2,45.96194077712559,3600.0,96,1.1,50.55813485483815,False,0.0,0.0,0.0,,,,,False,False
I-95 HOV NB,HOV,110P04662,2025-10-13,8.0,2,45.96194077712559,3600.0,96,1.1,50.55813485483815,False,0.0,0.0,0.0,,,,,False,False
I-95 HOV NB,HOV,110P04662,2025-10-14,8.0,2,45.96194077712559,3600.0,96,1.1,50.55813485483815,False,0.0,0.0,0.0,,,,,False,False
I-95 HOV NB,HOV,110P04662,2025-10-15,8.0,2,45.96194077712559,3600.0,96,1.1,50.55813485483815,False,0.0,0.0,0.0,,,,,False,False
I-95 HOV NB,HOV,110P04662,2025-10-16,8.0,2,45.96194077712559,3600.0,96,1.1,50.55813485483815,False,0.0,0.0,0.0,,,,,False,False
I-95 HOV NB,HOV,110P04662,2025-10-17,8.0,2,45.96194077712559,3600.0,96,1.1,50.55813485483815,False,0.0,0.0,0.0,,,,,False,False
I-95 HOV NB,HOV,110P04662,2025-10-20,8.0,2,45.96194077712559,3600.0,96,1.1,50.55813485483815,False,0.0,0.0,0.0,,,,,False,False
I-95 HOV NB,HOV,110P04662,2025-10-21,8.0,2,45.96194077712559,3600.0,96,1.1,50.55813485483815,False,0.0,0.0,0.0,,,,,False,False
I-95 HOV NB,HOV,110P04662,2025-10-22,8.0,2,45.96194077712559,3600.0,96,1.1,50.55813485483815,False,0.0,0.0,0.0,,,,,False,False
I-95 HOV NB,HOV,110P04662,2025-10-23,8.0,2,45.96194077712559,3600.0,96,1.1,50.55813485483815,False,0.0,0.0,0.0,,,,,False,False
I-95 HOV NB,HOV,110P04662,2025-10-24,8.0,2,45.96194077712559,3600.0,96,1.1,50.55813485483815,False,0.0,0.0,0.0,,,,,False,False
I-95 HOV NB,HOV,110P04662,2025-10-27,8.0,2,45.96194077712559,3600.0,96,1.1,50.55813485483815,False,0.0,0.0,0.0,,,,,False,False
I-95 HOV NB,HOV,110P04662,2025-10-28,8.0,2,45.96194077712559,3600.0,96,1.1,50.55813485483815,False,0.0,0.0,0.0,,,,,False,False
I-95 HOV NB,HOV,110P04662,2025-10-29,8.0,2,45.96194077712559,3600.0,96,1.1,50.55813485483815,False,0.0,0.0,0.0,,,,,False,False
I-95 HOV NB,HOV,110P04662,2025-10-30,8.0,2,45.96194077712559,3600.0,96,1.1,50.55813485483815,False,0.0,0.0,0.0,,,,,False,False
I-95 HOV NB,HOV,110P04662,2025-10-31,8.0,2,45.96194077712559,3600.0,96,1.1,50.55813485483815,False,0.0,0.0,0.0,,,,,False,False
I-95 HOV NB,HOV,110P04665,2025-10-01,13.1,3,45.96194077712559,5400.0,96,1.1,50.55813485483815,False,0.0,0.0,0.0,,,,,False,False
I-95 HOV NB,HOV,110P04665,2025-10-02,13.1,3,45.96194077712559,5400.0,96,1.1,50.55813485483815,False,0.0,0.0,0.0,,,,,False,False
I-95 HOV NB,HOV,110P04665,2025-10-03,13.1,3,45.96194077712559,5400.0,96,1.1,50.55813485483815,False,0.0,0.0,0.0,,,,,False,False
I-95 HOV NB,HOV,110P04665,2025-10-06,13.1,3,45.96194077712559,5400.0,96,1.1,50.55813485483815,False,0.0,0.0,0.0,,,,,False,False
I-95 HOV NB,HOV,110P04665,2025-10-07,13.1,3,45.96194077712559,5400.0,96,1.1,50.55813485483815,False,0.0,0.0,0.0,,,,,False,False
I-95 HOV NB,HOV,110P04665,2025-10-08,13.1,3,45.96194077712559,5400.0,96,1.1,50.55813485483815,False,0.0,0.0,0.0,,,,,False,False
I-95 HOV NB,HOV,110P04665,2025-10-09,13.1,3,45.96194077712559,5400.0,96,1.1,50.55813485483815,False,0.0,0.0,0.0,,,,,False,False
I-95 HOV NB,HOV,110P04665,2025-10-10,13.1,3,45.96194077712559,5400.0,96,1.1,50.55813485483815,False,0.0,0.0,0.0,,,,,False,False
I-95 HOV NB,HOV,110P04665,2025-10-13,13.1,3,45.96194077712559,5400.0,96,1.1,50.55813485483815,False,0.0,0.0,0.0,,,,,False,False
I-95 HOV NB,HOV,110P04665,2025-10-14,13.1,3,45.96194077712559,5400.0,96,1.1,50.55813485483815,False,0.0,0.0,0.0,,,,,False,False
I-95 HOV NB,HOV,110P04665,2025-10-15,13.1,3,45.96194077712559,5400.0,96,1.1,50.55813485483815,False,0.0,0.0,0.0,,,,,False,False
I-95 HOV NB,HOV,110P04665,2025-10-16,13.1,3,45.96194077712559,5400.0,96,1.1,50.55813485483815,False,0.0,0.0,0.0,,,,,False,False
I-95 HOV NB,HOV,110P04665,2025-10-17,13.1,3,45.96194077712559,5400.0,96,1.1,50.55813485483815,False,0.0,0.0,0.0,,,,,False,False
I-95 HOV NB,HOV,110P04665,2025-10-20,13.1,3,45.96194077712559,5400.0,96,1.1,50.55813485483815,False,0.0,0.0,0.0,,,,,False,False
I-95 HOV NB,HOV,110P04665,2025-10-21,13.1,3,45.96194077712559,5400.0,96,1.1,50.55813485483815,False,0.0,0.0,0.0,,,,,False,False
I-95 HOV NB,HOV,110P04665,2025-10-22,13.1,3,45.96194077712559,5400.0,96,1.1,50.55813485483815,False,0.0,0.0,0.0,,,,,False,False
I-95 HOV NB,HOV,110P04665,2025-10-23,13.1,3,45.96194077712559,5400.0,96,1.1,50.55813485483815,False,0.0,0.0,0.0,,,,,False,False
I-95 HOV NB,HOV,110P04665,2025-10-24,13.1,3,45.96194077712559,5400.0,96,1.1,50.55813485483815,False,0.0,0.0,0.0,,,,,False,False
I-95 HOV NB,HOV,110P04665,2025-10-27,13.1,3,45.96194077712559,5400.0,96,1.1,50.55813485483815,False,0.0,0.0,0.0,,,,,False,False
I-95 HOV NB,HOV,110P04665,2025-10-28,13.1,3,45.96194077712559,5400.0,96,1.1,50.55813485483815,False,0.0,0.0,0.0,,,,,False,False
I-95 HOV NB,HOV,110P04665,2025-10-29,13.1,3,45.96194077712559,5400.0,96,1.1,50.55813485483815,False,0.0,0.0,0.0,,,,,False,False
I-95 HOV NB,HOV,110P04665,2025-10-30,13.1,3,45.96194077712559,5400.0,96,1.1,50.55813485483815,False,0.0,0.0,0.0,,,,,False,False
I-95 HOV NB,HOV,110P04665,2025-10-31,13.1,3,45.96194077712559,5400.0,96,1.1,50.55813485483815,False,0.0,0.0,0.0,,,,,False,False
I-95 HOV NB,HOV,110+04666,2025-10-01,14.0,3,45.96194077712559,5400.0,96,1.1,50.55813485483815,False,0.0,0.0,0.0,,,,,False,False
I-95 HOV NB,HOV,110+04666,2025-10-02,14.0,3,45.96194077712559,5400.0,96,1.1,50.55813485483815,False,0.0,0.0,0.0,,,,,False,False
I-95 HOV NB,HOV,110+04666,2025-10-03,14.0,3,45.96194077712559,5400.0,96,1.1,50.55813485483815,False,0.0,0.0,0.0,,,,,False,False
I-95 HOV NB,HOV,110+04666,2025-10-06,14.0,3,45.96194077712559,5400.0,96,1.1,50.55813485483815,False,0.0,0.0,0.0,,,,,False,False
I-95 HOV NB,HOV,110+04666,2025-10-07,14.0,3,45.96194077712559,5400.0,96,1.1,50.55813485483815,False,0.0,0.0,0.0,,,,,False,False
I-95 HOV NB,HOV,110+04666,2025-10-08,14.0,3,45.96194077712559,5400.0,96,1.1,50.55813485483815,False,0.0,0.0,0.0,,,,,False,False
I-95 HOV NB,HOV,110+04666,2025-10-09,14.0,3,45.96194077712559,5400.0,96,1.1,50.55813485483815,False,0.0,0.0,0.0,,,,,False,False
I-95 HOV NB,HOV,110+04666,2025-10-10,14.0,3,45.96194077712559,5400.0,96,1.1,50.55813485483815,False,0.0,0.0,0.0,,,,,False,False
I-95 HOV NB,HOV,110+04666,2025-10-13,14.0,3,45.96194077712559,5400.0,96,1.1,50.55813485483815,False,0.0,0.0,0.0,,,,,False,False
I-95 HOV NB,HOV,110+04666,2025-10-14,14.0,3,45.96194077712559,5400.0,96,1.1,50.55813485483815,False,0.0,0.0,0.0,,,,,False,False
I-95 HOV NB,HOV,110+04666,2025-10-15,14.0,3,45.96194077712559,5400.0,96,1.1,50.55813485483815,False,0.0,0.0,0.0,,,,,False,False
I-95 HOV NB,HOV,110+04666,2025-10-16,14.0,3,45.96194077712559,5400.0,96,1.1,50.55813485483815,False,0.0,0.0,0.0,,,,,False,False
I-95 HOV NB,HOV,110+04666,2025-10-17,14.0,3,45.96194077712559,5400.0,96,1.1,50.55813485483815,False,0.0,0.0,0.0,,,,,False,False
I-95 HOV NB,HOV,110+04666,2025-10-20,14.0,3,45.96194077712559,5400.0,96,1.1,50.55813485483815,False,0.0,0.0,0.0,,,,,False,False
I-95 HOV NB,HOV,110+04666,2025-10-21,14.0,3,45.96194077712559,5400.0,96,1.1,50.55813485483815,False,0.0,0.0,0.0,,,,,False,False
I-95 HOV NB,HOV,110+04666,2025-10-22,14.0,3,45.96194077712559,5400.0,96,1.1,50.55813485483815,False,0.0,0.0,0.0,,,,,False,False
I-95 HOV NB,HOV,110+04666,2025-10-23,14.0,3,45.96194077712559,5400.0,96,1.1,50.55813485483815,False,0.0,0.0,0.0,,,,,False,False
I-95 HOV NB,HOV,110+04666,2025-10-24,14.0,3,45.96194077712559,5400.0,96,1.1,50.55813485483815,False,0.0,0.0,0.0,,,,,False,False
I-95 HOV NB,HOV,110+04666,2025-10-27,14.0,3,45.96194077712559,5400.0,96,1.1,50.55813485483815,False,0.0,0.0,0.0,,,,,False,False
I-95 HOV NB,HOV,110+04666,2025-10-28,14.0,3,45.96194077712559,5400.0,96,1.1,50.55813485483815,False,0.0,0.0,0.0,,,,,False,False
I-95 HOV NB,HOV,110+04666,2025-10-29,14.0,3,45.96194077712559,5400.0,96,1.1,50.55813485483815,False,0.0,0.0,0.0,,,,,False,False
I-95 HOV NB,HOV,110+04666,2025-10-30,14.0,3,45.96194077712559,5400.0,96,1.1,50.55813485483815,False,0.0,0.0,0.0,,,,,False,False
I-95 HOV NB,HOV,110+04666,2025-10-31,14.0,3,45.96194077712559,5400.0,96,1.1,50.55813485483815,False,0.0,0.0,0.0,,,,,False,False
I-95 HOV NB,HOV,110P04666,2025-10-01,15.0,3,45.96194077712559,5400.0,96,1.1,50.55813485483815,False,0.0,0.0,0.0,,,,,False,False
I-95 HOV NB,HOV,110P04666,2025-10-02,15.0,3,45.96194077712559,5400.0,96,1.1,50.55813485483815,False,0.0,0.0,0.0,,,,,False,False
I-95 HOV NB,HOV,110P04666,2025-10-03,15.0,3,45.96194077712559,5400.0,96,1.1,50.55813485483815,False,0.0,0.0,0.0,,,,,False,False
I-95 HOV NB,HOV,110P04666,2025-10-06,15.0,3,45.96194077712559,5400.0,96,1.1,50.55813485483815,False,0.0,0.0,0.0,,,,,False,False
I-95 HOV NB,HOV,110P04666,2025-10-07,15.0,3,45.96194077712559,5400.0,96,1.1,50.55813485483815,False,0.0,0.0,0.0,,,,,False,False
I-95 HOV NB,HOV,110P04666,2025-10-08,15.0,3,45.96194077712559,5400.0,96,1.1,50.55813485483815,False,0.0,0.0,0.0,,,,,False,False
I-95 HOV NB,HOV,110P04666,2025-10-09,15.0,3,45.96194077712559,5400.0,96,1.1,50.55813485483815,False,0.0,0.0,0.0,,,,,False,False
I-95 HOV NB,HOV,110P04666,2025-10-10,15.0,3,45.96194077712559,5400.0,96,1.1,50.55813485483815,False,0.0,0.0,0.0,,,,,False,False
I-95 HOV NB,HOV,110P04666,2025-10-13,15.0,3,45.96194077712559,5400.0,96,1.1,50.55813485483815,False,0.0,0.0,0.0,,,,,False,False
I-95 HOV NB,HOV,110P04666,2025-10-14,15.0,3,45.96194077712559,5400.0,96,1.1,50.55813485483815,False,0.0,0.0,0.0,,,,,False,False
I-95 HOV NB,HOV,110P04666,2025-10-15,15.0,3,45.96194077712559,5400.0,96,1.1,50.55813485483815,False,0.0,0.0,0.0,,,,,False,False
I-95 HOV NB,HOV,110P04666,2025-10-16,15.0,3,45.96194077712559,5400.0,96,1.1,50.55813485483815,False,0.0,0.0,0.0,,,,,False,False
I-95 HOV NB,HOV,110P04666,2025-10-17,15.0,3,45.96194077712559,5400.0,96,1.1,50.55813485483815,False,0.0,0.0,0.0,,,,,False,False
I-95 HOV NB,HOV,110P04666,2025-10-20,15.0,3,45.96194077712559,5400.0,96,1.1,50.55813485483815,False,0.0,0.0,0.0,,,,,False,False
I-95 HOV NB,HOV,110P04666,2025-10-21,15.0,3,45.96194077712559,5400.0,96,1.1,50.55813485483815,False,0.0,0.0,0.0,,,,,False,False
I-95 HOV NB,HOV,110P04666,2025-10-22,15.0,3,45.96194077712559,5400.0,96,1.1,50.55813485483815,False,0.0,0.0,0.0,,,,,False,False
I-95 HOV NB,HOV,110P04666,2025-10-23,15.0,3,45.96194077712559,5400.0,96,1.1,50.55813485483815,False,0.0,0.0,0.0,,,,,False,False
I-95 HOV NB,HOV,110P04666,2025-10-24,15.0,3,45.96194077712559,5400.0,96,1.1,50.55813485483815,False,0.0,0.0,0.0,,,,,False,False
I-95 HOV NB,HOV,110P04666,2025-10-27,15.0,3,45.96194077712559,5400.0,96,1.1,50.55813485483815,False,0.0,0.0,0.0,,,,,False,False
I-95 HOV NB,HOV,110P04666,2025-10-28,15.0,3,45.96194077712559,5400.0,96,1.1,50.55813485483815,False,0.0,0.0,0.0,,,,,False,False
I-95 HOV NB,HOV,110P04666,2025-10-29,15.0,3,45.96194077712559,5400.0,96,1.1,50.55813485483815,False,0.0,0.0,0.0,,,,,False,False
I-95 HOV NB,HOV,110P04666,2025-10-30,15.0,3,45.96194077712559,5400.0,96,1.1,50.55813485483815,False,0.0,0.0,0.0,,,,,False,False
I-95 HOV NB,HOV,110P04666,2025-10-31,15.0,3,45.96194077712559,5400.0,96,1.1,50.55813485483815,False,0.0,0.0,0.0,,,,,False,False
I-95 HOV NB,HOV,110+04667,2025-10-01,16.0,3,45.96194077712559,5400.0,96,1.1,50.55813485483815,False,0.0,0.0,0.0,,,,,False,False
I-95 HOV NB,HOV,110+04667,2025-10-02,16.0,3,45.96194077712559,5400.0,96,1.1,50.55813485483815,False,0.0,0.0,0.0,,,,,False,False
I-95 HOV NB,HOV,110+04667,2025-10-03,16.0,3,45.96194077712559,5400.0,96,1.1,50.55813485483815,False,0.0,0.0,0.0,,,,,False,False
I-95 HOV NB,HOV,110+04667,2025-10-06,16.0,3,45.96194077712559,5400.0,96,1.1,50.55813485483815,False,0.0,0.0,0.0,,,,,False,False
I-95 HOV NB,HOV,110+04667,2025-10-07,16.0,3,45.96194077712559,5400.0,96,1.1,50.55813485483815,False,0.0,0.0,0.0,,,,,False,False
I-95 HOV NB,HOV,110+04667,2025-10-08,16.0,3,45.96194077712559,5400.0,96,1.1,50.55813485483815,False,0.0,0.0,0.0,,,,,False,False
I-95 HOV NB,HOV,110+04667,2025-10-09,16.0,3,45.96194077712559,5400.0,96,1.1,50.55813485483815,False,0.0,0.0,0.0,,,,,False,False
I-95 HOV NB,HOV,110+04667,2025-10-10,16.0,3,45.96194077712559,5400.0,96,1.1,50.55813485483815,False,0.0,0.0,0.0,,,,,False,False
I-95 HOV NB,HOV,110+04667,2025-10-13,16.0,3,45.96194077712559,5400.0,96,1.1,50.55813485483815,False,0.0,0.0,0.0,,,,,False,False
I-95 HOV NB,HOV,110+04667,2025-10-14,16.0,3,45.96194077712559,5400.0,96,1.1,50.55813485483815,False,0.0,0.0,0.0,,,,,False,False
I-95 HOV NB,HOV,110+04667,2025-10-15,16.0,3,45.96194077712559,5400.0,96,1.1,50.55813485483815,False,0.0,0.0,0.0,,,,,False,False
I-95 HOV NB,HOV,110+04667,2025-10-16,16.0,3,45.96194077712559,5400.0,96,1.1,50.55813485483815,False,0.0,0.0,0.0,,,,,False,False
I-95 HOV NB,HOV,110+04667,2025-10-17,16.0,3,45.96194077712559,5400.0,96,1.1,50.55813485483815,False,0.0,0.0,0.0,,,,,False,False
I-95 HOV NB,HOV,110+04667,2025-10-20,16.0,3,45.96194077712559,5400.0,96,1.1,50.55813485483815,False,0.0,0.0,0.0,,,,,False,False
I-95 HOV NB,HOV,110+04667,2025-10-21,16.0,3,45.96194077712559,5400.0,96,1.1,50.55813485483815,False,0.0,0.0,0.0,,,,,False,False
I-95 HOV NB,HOV,110+04667,2025-10-22,16.0,3,45.96194077712559,5400.0,96,1.1,50.55813485483815,False,0.0,0.0,0.0,,,,,False,False
I-95 HOV NB,HOV,110+04667,2025-10-23,16.0,3,45.96194077712559,5400.0,96,1.1,50.55813485483815,False,0.0,0.0,0.0,,,,,False,False
I-95 HOV NB,HOV,110+04667,2025-10-24,16.0,3,45.96194077712559,5400.0,96,1.1,50.55813485483815,False,0.0,0.0,0.0,,,,,False,False
I-95 HOV NB,HOV,110+04667,2025-10-27,16.0,3,45.96194077712559,5400.0,96,1.1,50.55813485483815,False,0.0,0.0,0.0,,,,,False,False
I-95 HOV NB,HOV,110+04667,2025-10-28,16.0,3,45.96194077712559,5400.0,96,1.1,50.55813485483815,False,0.0,0.0,0.0,,,,,False,False
I-95 HOV NB,HOV,110+04667,2025-10-29,16.0,3,45.96194077712559,5400.0,96,1.1,50.55813485483815,False,0.0,0.0,0.0,,,,,False,False
I-95 HOV NB,HOV,110+04667,2025-10-30,16.0,3,45.96194077712559,5400.0,96,1.1,50.55813485483815,False,0.0,0.0,0.0,,,,,False,False
I-95 HOV NB,HOV,110+04667,2025-10-31,16.0,3,45.96194077712559,5400.0,96,1.1,50.55813485483815,False,0.0,0.0,0.0,,,,,False,False
I-95 HOV NB,HOV,110P04667,2025-10-01,17.0,3,45.96194077712559,5400.0,96,1.1,50.55813485483815,False,0.0,0.0,0.0,,,,,False,False
I-95 HOV NB,HOV,110P04667,2025-10-02,17.0,3,45.96194077712559,5400.0,96,1.1,50.55813485483815,False,0.0,0.0,0.0,,,,,False,False
I-95 HOV NB,HOV,110P04667,2025-10-03,17.0,3,45.96194077712559,5400.0,96,1.1,50.55813485483815,False,0.0,0.0,0.0,,,,,False,False
I-95 HOV NB,HOV,110P04667,2025-10-06,17.0,3,45.96194077712559,5400.0,96,1.1,50.55813485483815,False,0.0,0.0,0.0,,,,,False,False
I-95 HOV NB,HOV,110P04667,2025-10-07,17.0,3,45.96194077712559,5400.0,96,1.1,50.55813485483815,False,0.0,0.0,0.0,,,,,False,False
I-95 HOV NB,HOV,110P04667,2025-10-08,17.0,3,45.96194077712559,5400.0,96,1.1,50.55813485483815,False,0.0,0.0,0.0,,,,,False,False
I-95 HOV NB,HOV,110P04667,2025-10-09,17.0,3,45.96194077712559,5400.0,96,1.1,50.55813485483815,False,0.0,0.0,0.0,,,,,False,False
I-95 HOV NB,HOV,110P04667,2025-10-10,17.0,3,45.96194077712559,5400.0,96,1.1,50.55813485483815,False,0.0,0.0,0.0,,,,,False,False
I-95 HOV NB,HOV,110P04667,2025-10-13,17.0,3,45.96194077712559,5400.0,96,1.1,50.55813485483815,False,0.0,0.0,0.0,,,,,False,False
I-95 HOV NB,HOV,110P04667,2025-10-14,17.0,3,45.96194077712559,5400.0,96,1.1,50.55813485483815,False,0.0,0.0,0.0,,,,,False,False
I-95 HOV NB,HOV,110P04667,2025-10-15,17.0,3,45.96194077712559,5400.0,96,1.1,50.55813485483815,False,0.0,0.0,0.0,,,,,False,False
I-95 HOV NB,HOV,110P04667,2025-10-16,17.0,3,45.96194077712559,5400.0,96,1.1,50.55813485483815,False,0.0,0.0,0.0,,,,,False,False
I-95 HOV NB,HOV,110P04667,2025-10-17,17.0,3,45.96194077712559,5400.0,96,1.1,50.55813485483815,False,0.0,0.0,0.0,,,,,False,False
I-95 HOV NB,HOV,110P04667,2025-10-20,17.0,3,45.96194077712559,5400.0,96,1.1,50.55813485483815,False,0.0,0.0,0.0,,,,,False,False
I-95 HOV NB,HOV,110P04667,2025-10-21,17.0,3,45.96194077712559,5400.0,96,1.1,50.55813485483815,False,0.0,0.0,0.0,,,,,False,False
I-95 HOV NB,HOV,110P04667,2025-10-22,17.0,3,45.96194077712559,5400.0,96,1.1,50.55813485483815,False,0.0,0.0,0.0,,,,,False,False
I-95 HOV NB,HOV,110P04667,2025-10-23,17.0,3,45.96194077712559,5400.0,96,1.1,50.55813485483815,False,0.0,0.0,0.0,,,,,False,False
I-95 HOV NB,HOV,110P04667,2025-10-24,17.0,3,45.96194077712559,5400.0,96,1.1,50.55813485483815,False,0.0,0.0,0.0,,,,,False,False
I-95 HOV NB,HOV,110P04667,2025-10-27,17.0,3,45.96194077712559,5400.0,96,1.1,50.55813485483815,False,0.0,0.0,0.0,,,,,False,False
I-95 HOV NB,HOV,110P04667,2025-10-28,17.0,3,45.96194077712559,5400.0,96,1.1,50.55813485483815,False,0.0,0.0,0.0,,,,,False,False
I-95 HOV NB,HOV,110P04667,2025-10-29,17.0,3,45.96194077712559,5400.0,96,1.1,50.55813485483815,False,0.0,0.0,0.0,,,,,False,False
I-95 HOV NB,HOV,110P04667,2025-10-30,17.0,3,45.96194077712559,5400.0,96,1.1,50.55813485483815,False,0.0,0.0,0.0,,,,,False,False
I-95 HOV NB,HOV,110P04667,2025-10-31,17.0,3,45.96194077712559,5400.0,96,1.1,50.55813485483815,False,0.0,0.0,0.0,,,,,False,False
I-95 HOV NB,HOV,110+04668,2025-10-01,18.0,3,45.96194077712559,5400.0,96,1.1,50.55813485483815,False,0.0,0.0,0.0,,,,,False,False
I-95 HOV NB,HOV,110+04668,2025-10-02,18.0,3,45.96194077712559,5400.0,96,1.1,50.55813485483815,False,0.0,0.0,0.0,,,,,False,False
I-95 HOV NB,HOV,110+04668,2025-10-03,18.0,3,45.96194077712559,5400.0,96,1.1,50.55813485483815,False,0.0,0.0,0.0,,,,,False,False
I-95 HOV NB,HOV,110+04668,2025-10-06,18.0,3,45.96194077712559,5400.0,96,1.1,50.55813485483815,False,0.0,0.0,0.0,,,,,False,False
I-95 HOV NB,HOV,110+04668,2025-10-07,18.0,3,45.96194077712559,5400.0,96,1.1,50.55813485483815,False,0.0,0.0,0.0,,,,,False,False
I-95 HOV NB,HOV,110+04668,2025-10-08,18.0,3,45.96194077712559,5400.0,96,1.1,50.55813485483815,False,0.0,0.0,0.0,,,,,False,False
I-95 HOV NB,HOV,110+04668,2025-10-09,18.0,3,45.96194077712559,5400.0,96,1.1,50.55813485483815,False,0.0,0.0,0.0,,,,,False,False
I-95 HOV NB,HOV,110+04668,2025-10-10,18.0,3,45.96194077712559,5400.0,96,1.1,50.55813485483815,False,0.0,0.0,0.0,,,,,False,False
I-95 HOV NB,HOV,110+04668,2025-10-13,18.0,3,45.96194077712559,5400.0,96,1.1,50.55813485483815,False,0.0,0.0,0.0,,,,,False,False
I-95 HOV NB,HOV,110+04668,2025-10-14,18.0,3,45.96194077712559,5400.0,96,1.1,50.55813485483815,True,0.5603404567278745,3100.9552177279293,0.5742509662459129,464.2520421443336,497.87246954800605,46.047777777777775,480.0,False,False
I-95 HOV NB,HOV,110+04668,2025-10-15,18.0,3,45.96194077712559,5400.0,96,1.1,50.55813485483815,False,0.0,0.0,0.0,,,,,False,False
I-95 HOV NB,HOV,110+04668,2025-10-16,18.0,3,45.96194077712559,5400.0,96,1.1,50.55813485483815,False,0.0,0.0,0.0,,,,,False,False
I-95 HOV NB,HOV,110+04668,2025-10-17,18.0,3,45.96194077712559,5400.0,96,1.1,50.55813485483815,False,0.0,0.0,0.0,,,,,False,False
I-95 HOV NB,HOV,110+04668,2025-10-20,18.0,3,45.96194077712559,5400.0,96,1.1,50.55813485483815,False,0.0,0.0,0.0,,,,,False,False
I-95 HOV NB,HOV,110+04668,2025-10-21,18.0,3,45.96194077712559,5400.0,96,1.1,50.55813485483815,False,0.0,0.0,0.0,,,,,False,False
I-95 HOV NB,HOV,110+04668,2025-10-22,18.0,3,45.96194077712559,5400.0,96,1.1,50.55813485483815,False,0.0,0.0,0.0,,,,,False,False
I-95 HOV NB,HOV,110+04668,2025-10-23,18.0,3,45.96194077712559,5400.0,96,1.1,50.55813485483815,False,0.0,0.0,0.0,,,,,False,False
I-95 HOV NB,HOV,110+04668,2025-10-24,18.0,3,45.96194077712559,5400.0,96,1.1,50.55813485483815,False,0.0,0.0,0.0,,,,,False,False
I-95 HOV NB,HOV,110+04668,2025-10-27,18.0,3,45.96194077712559,5400.0,96,1.1,50.55813485483815,False,0.0,0.0,0.0,,,,,False,False
I-95 HOV NB,HOV,110+04668,2025-10-28,18.0,3,45.96194077712559,5400.0,96,1.1,50.55813485483815,False,0.0,0.0,0.0,,,,,False,False
I-95 HOV NB,HOV,110+04668,2025-10-29,18.0,3,45.96194077712559,5400.0,96,1.1,50.55813485483815,False,0.0,0.0,0.0,,,,,False,False
I-95 HOV NB,HOV,110+04668,2025-10-30,18.0,3,45.96194077712559,5400.0,96,1.1,50.55813485483815,False,0.0,0.0,0.0,,,,,False,False
I-95 HOV NB,HOV,110+04668,2025-10-31,18.0,3,45.96194077712559,5400.0,96,1.1,50.55813485483815,False,0.0,0.0,0.0,,,,,False,False
I-95 HOV NB,HOV,110P04668,2025-10-01,19.0,3,45.96194077712559,5400.0,96,1.1,50.55813485483815,False,0.0,0.0,0.0,,,,,False,False
I-95 HOV NB,HOV,110P04668,2025-10-02,19.0,3,45.96194077712559,5400.0,96,1.1,50.55813485483815,False,0.0,0.0,0.0,,,,,False,False
I-95 HOV NB,HOV,110P04668,2025-10-03,19.0,3,45.96194077712559,5400.0,96,1.1,50.55813485483815,False,0.0,0.0,0.0,,,,,False,False
I-95 HOV NB,HOV,110P04668,2025-10-06,19.0,3,45.96194077712559,5400.0,96,1.1,50.55813485483815,False,0.0,0.0,0.0,,,,,False,False
I-95 HOV NB,HOV,110P04668,2025-10-07,19.0,3,45.96194077712559,5400.0,96,1.1,50.55813485483815,False,0.0,0.0,0.0,,,,,False,False
I-95 HOV NB,HOV,110P04668,2025-10-08,19.0,3,45.96194077712559,5400.0,96,1.1,50.55813485483815,False,0.0,0.0,0.0,,,,,False,False
I-95 HOV NB,HOV,110P04668,2025-10-09,19.0,3,45.96194077712559,5400.0,96,1.1,50.55813485483815,False,0.0,0.0,0.0,,,,,False,False
I-95 HOV NB,HOV,110P04668,2025-10-10,19.0,3,45.96194077712559,5400.0,95,1.1,50.55813485483815,False,0.0,0.0,0.0,,,,,False,False
I-95 HOV NB,HOV,110P04668,2025-10-13,19.0,3,45.96194077712559,5400.0,96,1.1,50.55813485483815,False,0.0,0.0,0.0,,,,,False,False
I-95 HOV NB,HOV,110P04668,2025-10-14,19.0,3,45.96194077712559,5400.0,96,1.1,50.55813485483815,True,1.200960407306559,3822.4538271443616,0.7078618198415485,452.00432756518285,524.0619520035764,14.50111111111111,495.0,False,False
I-95 HOV NB,HOV,110P04668,2025-10-15,19.0,3,45.96194077712559,5400.0,96,1.1,50.55813485483815,False,0.0,0.0,0.0,,,,,False,False
I-95 HOV NB,HOV,110P04668,2025-10-16,19.0,3,45.96194077712559,5400.0,96,1.1,50.55813485483815,False,0.0,0.0,0.0,,,,,False,False
I-95 HOV NB,HOV,110P04668,2025-10-17,19.0,3,45.96194077712559,5400.0,96,1.1,50.55813485483815,False,0.0,0.0,0.0,,,,,False,False
I-95 HOV NB,HOV,110P04668,2025-10-20,19.0,3,45.96194077712559,5400.0,96,1.1,50.55813485483815,False,0.0,0.0,0.0,,,,,False,False
I-95 HOV NB,HOV,110P04668,2025-10-21,19.0,3,45.96194077712559,5400.0,96,1.1,50.55813485483815,False,0.0,0.0,0.0,,,,,False,False
I-95 HOV NB,HOV,110P04668,2025-10-22,19.0,3,45.96194077712559,5400.0,96,1.1,50.55813485483815,False,0.0,0.0,0.0,,,,,False,False
I-95 HOV NB,HOV,110P04668,2025-10-23,19.0,3,45.96194077712559,5400.0,96,1.1,50.55813485483815,False,0.0,0.0,0.0,,,,,False,False
I-95 HOV NB,HOV,110P04668,2025-10-24,19.0,3,45.96194077712559,5400.0,96,1.1,50.55813485483815,False,0.0,0.0,0.0,,,,,False,False
I-95 HOV NB,HOV,110P04668,2025-10-27,19.0,3,45.96194077712559,5400.0,96,1.1,50.55813485483815,False,0.0,0.0,0.0,,,,,False,False
I-95 HOV NB,HOV,110P04668,2025-10-28,19.0,3,45.96194077712559,5400.0,96,1.1,50.55813485483815,False,0.0,0.0,0.0,,,,,False,False
I-95 HOV NB,HOV,110P04668,2025-10-29,19.0,3,45.96194077712559,5400.0,96,1.1,50.55813485483815,False,0.0,0.0,0.0,,,,,False,False
I-95 HOV NB,HOV,110P04668,2025-10-30,19.0,3,45.96194077712559,5400.0,96,1.1,50.55813485483815,False,0.0,0.0,0.0,,,,,False,False
I-95 HOV NB,HOV,110P04668,2025-10-31,19.0,3,45.96194077712559,5400.0,96,1.1,50.55813485483815,False,0.0,0.0,0.0,,,,,False,False
I-95 HOV NB,HOV,110+04669,2025-10-01,20.0,3,45.96194077712559,5400.0,96,1.1,50.55813485483815,False,0.0,0.0,0.0,,,,,False,False
I-95 HOV NB,HOV,110+04669,2025-10-02,20.0,3,45.96194077712559,5400.0,96,1.1,50.55813485483815,False,0.0,0.0,0.0,,,,,False,False
I-95 HOV NB,HOV,110+04669,2025-10-03,20.0,3,45.96194077712559,5400.0,96,1.1,50.55813485483815,False,0.0,0.0,0.0,,,,,False,False
I-95 HOV NB,HOV,110+04669,2025-10-06,20.0,3,45.96194077712559,5400.0,96,1.1,50.55813485483815,False,0.0,0.0,0.0,,,,,False,False
I-95 HOV NB,HOV,110+04669,2025-10-07,20.0,3,45.96194077712559,5400.0,96,1.1,50.55813485483815,False,0.0,0.0,0.0,,,,,False,False
I-95 HOV NB,HOV,110+04669,2025-10-08,20.0,3,45.96194077712559,5400.0,96,1.1,50.55813485483815,False,0.0,0.0,0.0,,,,,False,False
I-95 HOV NB,HOV,110+04669,2025-10-09,20.0,3,45.96194077712559,5400.0,96,1.1,50.55813485483815,False,0.0,0.0,0.0,,,,,False,False
I-95 HOV NB,HOV,110+04669,2025-10-10,20.0,3,45.96194077712559,5400.0,95,1.1,50.55813485483815,False,0.0,0.0,0.0,,,,,False,False
I-95 HOV NB,HOV,110+04669,2025-10-13,20.0,3,45.96194077712559,5400.0,96,1.1,50.55813485483815,False,0.0,0.0,0.0,,,,,False,False
I-95 HOV NB,HOV,110+04669,2025-10-14,20.0,3,45.96194077712559,5400.0,96,1.1,50.55813485483815,True,1.4324197702135109,5850.093669216583,1.0833506794845524,444.27396571655265,530.2191519293633,11.040000000000001,495.0,False,False
I-95 HOV NB,HOV,110+04669,2025-10-15,20.0,3,45.96194077712559,5400.0,96,1.1,50.55813485483815,False,0.0,0.0,0.0,,,,,False,False
I-95 HOV NB,HOV,110+04669,2025-10-16,20.0,3,45.96194077712559,5400.0,96,1.1,50.55813485483815,False,0.0,0.0,0.0,,,,,False,False
I-95 HOV NB,HOV,110+04669,2025-10-17,20.0,3,45.96194077712559,5400.0,96,1.1,50.55813485483815,False,0.0,0.0,0.0,,,,,False,False
I-95 HOV NB,HOV,110+04669,2025-10-20,20.0,3,45.96194077712559,5400.0,96,1.1,50.55813485483815,False,0.0,0.0,0.0,,,,,False,False
I-95 HOV NB,HOV,110+04669,2025-10-21,20.0,3,45.96194077712559,5400.0,96,1.1,50.55813485483815,False,0.0,0.0,0.0,,,,,False,False
I-95 HOV NB,HOV,110+04669,2025-10-22,20.0,3,45.96194077712559,5400.0,96,1.1,50.55813485483815,False,0.0,0.0,0.0,,,,,False,False
I-95 HOV NB,HOV,110+04669,2025-10-23,20.0,3,45.96194077712559,5400.0,96,1.1,50.55813485483815,False,0.0,0.0,0.0,,,,,False,False
I-95 HOV NB,HOV,110+04669,2025-10-24,20.0,3,45.96194077712559,5400.0,96,1.1,50.55813485483815,False,0.0,0.0,0.0,,,,,False,False
I-95 HOV NB,HOV,110+04669,2025-10-27,20.0,3,45.96194077712559,5400.0,96,1.1,50.55813485483815,False,0.0,0.0,0.0,,,,,False,False
I-95 HOV NB,HOV,110+04669,2025-10-28,20.0,3,45.96194077712559,5400.0,96,1.1,50.55813485483815,False,0.0,0.0,0.0,,,,,False,False
I-95 HOV NB,HOV,110+04669,2025-10-29,20.0,3,45.96194077712559,5400.0,96,1.1,50.55813485483815,False,0.0,0.0,0.0,,,,,False,False
I-95 HOV NB,HOV,110+04669,2025-10-30,20.0,3,45.96194077712559,5400.0,96,1.1,50.55813485483815,False,0.0,0.0,0.0,,,,,False,False
I-95 HOV NB,HOV,110+04669,2025-10-31,20.0,3,45.96194077712559,5400.0,96,1.1,50.55813485483815,False,0.0,0.0,0.0,,,,,False,False
I-95 NB,GP,110P04146,2025-10-01,652.0,3,49.49747468305833,6600.0,96,0.9,44.5477272147525,False,0.0,0.0,0.0,,,,,False,False
I-95 NB,GP,110P04146,2025-10-02,652.0,3,49.49747468305833,6600.0,96,0.9,44.5477272147525,False,0.0,0.0,0.0,,,,,False,False
I-95 NB,GP,110P04146,2025-10-03,652.0,3,49.49747468305833,6600.0,96,0.9,44.5477272147525,False,0.0,0.0,0.0,,,,,False,False
I-95 NB,GP,110P04146,2025-10-06,652.0,3,49.49747468305833,6600.0,96,0.9,44.5477272147525,False,0.0,0.0,0.0,,,,,False,False
I-95 NB,GP,110P04146,2025-10-07,652.0,3,49.49747468305833,6600.0,96,0.9,44.5477272147525,False,0.0,0.0,0.0,,,,,False,False
I-95 NB,GP,110P04146,2025-10-08,652.0,3,49.49747468305833,6600.0,96,0.9,44.5477272147525,False,0.0,0.0,0.0,,,,,False,False
I-95 NB,GP,110P04146,2025-10-09,652.0,3,49.49747468305833,6600.0,96,0.9,44.5477272147525,False,0.0,0.0,0.0,,,,,False,False
I-95 NB,GP,110P04146,2025-10-10,652.0,3,49.49747468305833,6600.0,96,0.9,44.5477272147525,False,0.0,0.0,0.0,,,,,False,False
I-95 NB,GP,110P04146,2025-10-13,652.0,3,49.49747468305833,6600.0,96,0.9,44.5477272147525,False,0.0,0.0,0.0,,,,,False,False
I-95 NB,GP,110P04146,2025-10-14,652.0,3,49.49747468305833,6600.0,96,0.9,44.5477272147525,False,0.0,0.0,0.0,,,,,False,False
I-95 NB,GP,110P04146,2025-10-15,652.0,3,49.49747468305833,6600.0,96,0.9,44.5477272147525,False,0.0,0.0,0.0,,,,,False,False
I-95 NB,GP,110P04146,2025-10-16,652.0,3,49.49747468305833,6600.0,96,0.9,44.5477272147525,False,0.0,0.0,0.0,,,,,False,False
I-95 NB,GP,110P04146,2025-10-17,652.0,3,49.49747468305833,6600.0,96,0.9,44.5477272147525,False,0.0,0.0,0.0,,,,,False,False
I-95 NB,GP,110P04146,2025-10-20,652.0,3,49.49747468305833,6600.0,96,0.9,44.5477272147525,False,0.0,0.0,0.0,,,,,False,False
I-95 NB,GP,110P04146,2025-10-21,652.0,3,49.49747468305833,6600.0,96,0.9,44.5477272147525,False,0.0,0.0,0.0,,,,,False,False
I-95 NB,GP,110P04146,2025-10-22,652.0,3,49.49747468305833,6600.0,96,0.9,44.5477272147525,False,0.0,0.0,0.0,,,,,False,False
I-95 NB,GP,110P04146,2025-10-23,652.0,3,49.49747468305833,6600.0,96,0.9,44.5477272147525,False,0.0,0.0,0.0,,,,,False,False
I-95 NB,GP,110P04146,2025-10-24,652.0,3,49.49747468305833,6600.0,96,0.9,44.5477272147525,False,0.0,0.0,0.0,,,,,False,False
I-95 NB,GP,110P04146,2025-10-27,652.0,3,49.49747468305833,6600.0,96,0.9,44.5477272147525,False,0.0,0.0,0.0,,,,,False,False
I-95 NB,GP,110P04146,2025-10-28,652.0,3,49.49747468305833,6600.0,96,0.9,44.5477272147525,False,0.0,0.0,0.0,,,,,False,False
I-95 NB,GP,110P04146,2025-10-29,652.0,3,49.49747468305833,6600.0,96,0.9,44.5477272147525,False,0.0,0.0,0.0,,,,,False,False
I-95 NB,GP,110P04146,2025-10-30,652.0,3,49.49747468305833,6600.0,96,0.9,44.5477272147525,True,2.1482486790162882,10581.991132587125,1.6033319897859282,385.07173081905904,513.9666515600363,9.64111111111111,420.0,False,False
I-95 NB,GP,110P04146,2025-10-31,652.0,3,49.49747468305833,6600.0,96,0.9,44.5477272147525,False,0.0,0.0,0.0,,,,,False,False
I-95 NB,GP,110+04147,2025-10-01,653.0,3,49.49747468305833,6600.0,96,0.9,44.5477272147525,False,0.0,0.0,0.0,,,,,False,False
I-95 NB,GP,110+04147,2025-10-02,653.0,3,49.49747468305833,6600.0,96,0.9,44.5477272147525,False,0.0,0.0,0.0,,,,,False,False
I-95 NB,GP,110+04147,2025-10-03,653.0,3,49.49747468305833,6600.0,96,0.9,44.5477272147525,False,0.0,0.0,0.0,,,,,False,False
I-95 NB,GP,110+04147,2025-10-06,653.0,3,49.49747468305833,6600.0,96,0.9,44.5477272147525,False,0.0,0.0,0.0,,,,,False,False
I-95 NB,GP,110+04147,2025-10-07,653.0,3,49.49747468305833,6600.0,96,0.9,44.5477272147525,False,0.0,0.0,0.0,,,,,False,False
I-95 NB,GP,110+04147,2025-10-08,653.0,3,49.49747468305833,6600.0,96,0.9,44.5477272147525,False,0.0,0.0,0.0,,,,,False,False
I-95 NB,GP,110+04147,2025-10-09,653.0,3,49.49747468305833,6600.0,96,0.9,44.5477272147525,False,0.0,0.0,0.0,,,,,False,False
I-95 NB,GP,110+04147,2025-10-10,653.0,3,49.49747468305833,6600.0,96,0.9,44.5477272147525,False,0.0,0.0,0.0,,,,,False,False
I-95 NB,GP,110+04147,2025-10-13,653.0,3,49.49747468305833,6600.0,96,0.9,44.5477272147525,False,0.0,0.0,0.0,,,,,False,False
I-95 NB,GP,110+04147,2025-10-14,653.0,3,49.49747468305833,6600.0,96,0.9,44.5477272147525,False,0.0,0.0,0.0,,,,,False,False
I-95 NB,GP,110+04147,2025-10-15,653.0,3,49.49747468305833,6600.0,96,0.9,44.5477272147525,False,0.0,0.0,0.0,,,,,False,False
I-95 NB,GP,110+04147,2025-10-16,653.0,3,49.49747468305833,6600.0,96,0.9,44.5477272147525,False,0.0,0.0,0.0,,,,,False,False
I-95 NB,GP,110+04147,2025-10-17,653.0,3,49.49747468305833,6600.0,96,0.9,44.5477272147525,False,0.0,0.0,0.0,,,,,False,False
I-95 NB,GP,110+04147,2025-10-20,653.0,3,49.49747468305833,6600.0,96,0.9,44.5477272147525,False,0.0,0.0,0.0,,,,,False,False
I-95 NB,GP,110+04147,2025-10-21,653.0,3,49.49747468305833,6600.0,96,0.9,44.5477272147525,False,0.0,0.0,0.0,,,,,False,False
I-95 NB,GP,110+04147,2025-10-22,653.0,3,49.49747468305833,6600.0,96,0.9,44.5477272147525,False,0.0,0.0,0.0,,,,,False,False
I-95 NB,GP,110+04147,2025-10-23,653.0,3,49.49747468305833,6600.0,96,0.9,44.5477272147525,False,0.0,0.0,0.0,,,,,False,False
I-95 NB,GP,110+04147,2025-10-24,653.0,3,49.49747468305833,6600.0,96,0.9,44.5477272147525,False,0.0,0.0,0.0,,,,,False,False
I-95 NB,GP,110+04147,2025-10-27,653.0,3,49.49747468305833,6600.0,96,0.9,44.5477272147525,False,0.0,0.0,0.0,,,,,False,False
I-95 NB,GP,110+04147,2025-10-28,653.0,3,49.49747468305833,6600.0,96,0.9,44.5477272147525,False,0.0,0.0,0.0,,,,,False,False
I-95 NB,GP,110+04147,2025-10-29,653.0,3,49.49747468305833,6600.0,96,0.9,44.5477272147525,False,0.0,0.0,0.0,,,,,False,False
I-95 NB,GP,110+04147,2025-10-30,653.0,3,49.49747468305833,6600.0,96,0.9,44.5477272147525,True,2.3366979058820703,9956.636479074703,1.5085812847082882,376.6169452641713,516.8188196170955,8.363333333333328,420.0,False,False
I-95 NB,GP,110+04147,2025-10-31,653.0,3,49.49747468305833,6600.0,96,0.9,44.5477272147525,False,0.0,0.0,0.0,,,,,False,False
I-95 NB,GP,110P04147,2025-10-01,654.0,3,49.49747468305833,6600.0,96,0.9,44.5477272147525,False,0.0,0.0,0.0,,,,,False,False
I-95 NB,GP,110P04147,2025-10-02,654.0,3,49.49747468305833,6600.0,96,0.9,44.5477272147525,False,0.0,0.0,0.0,,,,,False,False
I-95 NB,GP,110P04147,2025-10-03,654.0,3,49.49747468305833,6600.0,96,0.9,44.5477272147525,False,0.0,0.0,0.0,,,,,False,False
I-95 NB,GP,110P04147,2025-10-06,654.0,3,49.49747468305833,6600.0,96,0.9,44.5477272147525,False,0.0,0.0,0.0,,,,,False,False
I-95 NB,GP,110P04147,2025-10-07,654.0,3,49.49747468305833,6600.0,96,0.9,44.5477272147525,False,0.0,0.0,0.0,,,,,False,False
I-95 NB,GP,110P04147,2025-10-08,654.0,3,49.49747468305833,6600.0,96,0.9,44.5477272147525,False,0.0,0.0,0.0,,,,,False,False
I-95 NB,GP,110P04147,2025-10-09,654.0,3,49.49747468305833,6600.0,96,0.9,44.5477272147525,False,0.0,0.0,0.0,,,,,False,False
I-95 NB,GP,110P04147,2025-10-10,654.0,3,49.49747468305833,6600.0,96,0.9,44.5477272147525,False,0.0,0.0,0.0,,,,,False,False
I-95 NB,GP,110P04147,2025-10-13,654.0,3,49.49747468305833,6600.0,96,0.9,44.5477272147525,False,0.0,0.0,0.0,,,,,False,False
I-95 NB,GP,110P04147,2025-10-14,654.0,3,49.49747468305833,6600.0,96,0.9,44.5477272147525,False,0.0,0.0,0.0,,,,,False,False
I-95 NB,GP,110P04147,2025-10-15,654.0,3,49.49747468305833,6600.0,96,0.9,44.5477272147525,False,0.0,0.0,0.0,,,,,False,False
I-95 NB,GP,110P04147,2025-10-16,654.0,3,49.49747468305833,6600.0,96,0.9,44.5477272147525,False,0.0,0.0,0.0,,,,,False,False
I-95 NB,GP,110P04147,2025-10-17,654.0,3,49.49747468305833,6600.0,96,0.9,44.5477272147525,False,0.0,0.0,0.0,,,,,False,False
I-95 NB,GP,110P04147,2025-10-20,654.0,3,49.49747468305833,6600.0,96,0.9,44.5477272147525,False,0.0,0.0,0.0,,,,,False,False
I-95 NB,GP,110P04147,2025-10-21,654.0,3,49.49747468305833,6600.0,96,0.9,44.5477272147525,False,0.0,0.0,0.0,,,,,False,False
I-95 NB,GP,110P04147,2025-10-22,654.0,3,49.49747468305833,6600.0,96,0.9,44.5477272147525,False,0.0,0.0,0.0,,,,,False,False
I-95 NB,GP,110P04147,2025-10-23,654.0,3,49.49747468305833,6600.0,96,0.9,44.5477272147525,False,0.0,0.0,0.0,,,,,False,False
I-95 NB,GP,110P04147,2025-10-24,654.0,3,49.49747468305833,6600.0,96,0.9,44.5477272147525,False,0.0,0.0,0.0,,,,,False,False
I-95 NB,GP,110P04147,2025-10-27,654.0,3,49.49747468305833,6600.0,96,0.9,44.5477272147525,False,0.0,0.0,0.0,,,,,False,False
I-95 NB,GP,110P04147,2025-10-28,654.0,3,49.49747468305833,6600.0,96,0.9,44.5477272147525,False,0.0,0.0,0.0,,,,,False,False
I-95 NB,GP,110P04147,2025-10-29,654.0,3,49.49747468305833,6600.0,96,0.9,44.5477272147525,False,0.0,0.0,0.0,,,,,False,False
I-95 NB,GP,110P04147,2025-10-30,654.0,3,49.49747468305833,6600.0,96,0.9,44.5477272147525,True,2.501119668260725,10762.576870391817,1.6306934652108813,370.70536727344984,520.7725473690933,7.834444444444446,405.0,False,False
I-95 NB,GP,110P04147,2025-10-31,654.0,3,49.49747468305833,6600.0,96,0.9,44.5477272147525,False,0.0,0.0,0.0,,,,,False,False
I-95 NB,GP,110+04148,2025-10-01,655.0,3,49.49747468305833,6600.0,96,0.9,44.5477272147525,False,0.0,0.0,0.0,,,,,False,False
I-95 NB,GP,110+04148,2025-10-02,655.0,3,49.49747468305833,6600.0,96,0.9,44.5477272147525,False,0.0,0.0,0.0,,,,,False,False
I-95 NB,GP,110+04148,2025-10-03,655.0,3,49.49747468305833,6600.0,96,0.9,44.5477272147525,False,0.0,0.0,0.0,,,,,False,False
I-95 NB,GP,110+04148,2025-10-06,655.0,3,49.49747468305833,6600.0,96,0.9,44.5477272147525,False,0.0,0.0,0.0,,,,,False,False
I-95 NB,GP,110+04148,2025-10-07,655.0,3,49.49747468305833,6600.0,96,0.9,44.5477272147525,True,0.6102531571821004,4558.130931313977,0.690625898683936,504.3910128699926,541.0062023009186,34.44555555555556,525.0,False,False
I-95 NB,GP,110+04148,2025-10-08,655.0,3,49.49747468305833,6600.0,96,0.9,44.5477272147525,False,0.0,0.0,0.0,,,,,False,False
I-95 NB,GP,110+04148,2025-10-09,655.0,3,49.49747468305833,6600.0,96,0.9,44.5477272147525,False,0.0,0.0,0.0,,,,,False,False
I-95 NB,GP,110+04148,2025-10-10,655.0,3,49.49747468305833,6600.0,96,0.9,44.5477272147525,False,0.0,0.0,0.0,,,,,False,False
I-95 NB,GP,110+04148,2025-10-13,655.0,3,49.49747468305833,6600.0,96,0.9,44.5477272147525,False,0.0,0.0,0.0,,,,,False,False
I-95 NB,GP,110+04148,2025-10-14,655.0,3,49.49747468305833,6600.0,96,0.9,44.5477272147525,False,0.0,0.0,0.0,,,,,False,False
I-95 NB,GP,110+04148,2025-10-15,655.0,3,49.49747468305833,6600.0,96,0.9,44.5477272147525,False,0.0,0.0,0.0,,,,,False,False
I-95 NB,GP,110+04148,2025-10-16,655.0,3,49.49747468305833,6600.0,96,0.9,44.5477272147525,False,0.0,0.0,0.0,,,,,False,False
I-95 NB,GP,110+04148,2025-10-17,655.0,3,49.49747468305833,6600.0,96,0.9,44.5477272147525,False,0.0,0.0,0.0,,,,,False,False
I-95 NB,GP,110+04148,2025-10-20,655.0,3,49.49747468305833,6600.0,96,0.9,44.5477272147525,False,0.0,0.0,0.0,,,,,False,False
I-95 NB,GP,110+04148,2025-10-21,655.0,3,49.49747468305833,6600.0,96,0.9,44.5477272147525,False,0.0,0.0,0.0,,,,,False,False
I-95 NB,GP,110+04148,2025-10-22,655.0,3,49.49747468305833,6600.0,96,0.9,44.5477272147525,False,0.0,0.0,0.0,,,,,False,False
I-95 NB,GP,110+04148,2025-10-23,655.0,3,49.49747468305833,6600.0,96,0.9,44.5477272147525,False,0.0,0.0,0.0,,,,,False,False
I-95 NB,GP,110+04148,2025-10-24,655.0,3,49.49747468305833,6600.0,96,0.9,44.5477272147525,False,0.0,0.0,0.0,,,,,False,False
I-95 NB,GP,110+04148,2025-10-27,655.0,3,49.49747468305833,6600.0,96,0.9,44.5477272147525,False,0.0,0.0,0.0,,,,,False,False
I-95 NB,GP,110+04148,2025-10-28,655.0,3,49.49747468305833,6600.0,96,0.9,44.5477272147525,False,0.0,0.0,0.0,,,,,False,False
I-95 NB,GP,110+04148,2025-10-29,655.0,3,49.49747468305833,6600.0,96,0.9,44.5477272147525,False,0.0,0.0,0.0,,,,,False,False
I-95 NB,GP,110+04148,2025-10-30,655.0,3,49.49747468305833,6600.0,96,0.9,44.5477272147525,True,2.383937731204182,12773.263060743404,1.9353428879914247,369.13861445850176,512.1748783307527,10.311111111111112,420.0,False,False
I-95 NB,GP,110+04148,2025-10-31,655.0,3,49.49747468305833,6600.0,96,0.9,44.5477272147525,False,0.0,0.0,0.0,,,,,False,False
I-95 NB,GP,110+04150,2025-10-01,659.0,2,49.49747468305833,4400.0,96,0.9,44.5477272147525,True,1.4851716774071424,5636.701895406555,1.281068612592399,341.1139251059221,430.2242257503506,23.51222222222222,390.0,False,False
I-95 NB,GP,110+04150,2025-10-02,659.0,2,49.49747468305833,4400.0,96,0.9,44.5477272147525,False,0.0,0.0,0.0,,,,,False,False
I-95 NB,GP,110+04150,2025-10-03,659.0,2,49.49747468305833,4400.0,96,0.9,44.5477272147525,True,0.5320885534807398,1691.361571437696,0.3844003571449309,444.4608983183751,476.3862115272195,36.98222222222222,465.0,False,False
I-95 NB,GP,110+04150,2025-10-06,659.0,2,49.49747468305833,4400.0,96,0.9,44.5477272147525,False,0.0,0.0,0.0,,,,,False,False
I-95 NB,GP,110+04150,2025-10-07,659.0,2,49.49747468305833,4400.0,96,0.9,44.5477272147525,True,2.0051717599920504,5634.198600916152,1.280499682026398,406.7588086001551,527.0691141996781,11.072222222222221,450.0,False,False
I-95 NB,GP,110+04150,2025-10-08,659.0,2,49.49747468305833,4400.0,96,0.9,44.5477272147525,False,0.0,0.0,0.0,,,,,False,False
I-95 NB,GP,110+04150,2025-10-09,659.0,2,49.49747468305833,4400.0,96,0.9,44.5477272147525,False,0.0,0.0,0.0,,,,,False,False
I-95 NB,GP,110+04150,2025-10-10,659.0,2,49.49747468305833,4400.0,96,0.9,44.5477272147525,False,0.0,0.0,0.0,,,,,False,False
I-95 NB,GP,110+04150,2025-10-13,659.0,2,49.49747468305833,4400.0,96,0.9,44.5477272147525,False,0.0,0.0,0.0,,,,,False,False
I-95 NB,GP,110+04150,2025-10-14,659.0,2,49.49747468305833,4400.0,96,0.9,44.5477272147525,False,0.0,0.0,0.0,,,,,False,False
I-95 NB,GP,110+04150,2025-10-15,659.0,2,49.49747468305833,4400.0,96,0.9,44.5477272147525,False,0.0,0.0,0.0,,,,,False,False
I-95 NB,GP,110+04150,2025-10-16,659.0,2,49.49747468305833,4400.0,96,0.9,44.5477272147525,False,0.0,0.0,0.0,,,,,False,False
I-95 NB,GP,110+04150,2025-10-17,659.0,2,49.49747468305833,4400.0,96,0.9,44.5477272147525,False,0.0,0.0,0.0,,,,,False,False
I-95 NB,GP,110+04150,2025-10-20,659.0,2,49.49747468305833,4400.0,96,0.9,44.5477272147525,False,0.0,0.0,0.0,,,,,False,False
I-95 NB,GP,110+04150,2025-10-21,659.0,2,49.49747468305833,4400.0,96,0.9,44.5477272147525,True,1.4810938693438336,4617.861343446576,1.0495139416924038,340.7013711060903,429.5670032667203,11.5,390.0,False,False
I-95 NB,GP,110+04150,2025-10-22,659.0,2,49.49747468305833,4400.0,96,0.9,44.5477272147525,False,0.0,0.0,0.0,,,,,False,False
I-95 NB,GP,110+04150,2025-10-23,659.0,2,49.49747468305833,4400.0,96,0.9,44.5477272147525,False,0.0,0.0,0.0,,,,,False,False
I-95 NB,GP,110+04150,2025-10-24,659.0,2,49.49747468305833,4400.0,96,0.9,44.5477272147525,True,1.2922608155101007,3577.5801120696424,0.8130863891067369,537.3586417868778,614.8942907174838,11.662222222222221,570.0,False,False
I-95 NB,GP,110+04150,2025-10-27,659.0,2,49.49747468305833,4400.0,96,0.9,44.5477272147525,False,0.0,0.0,0.0,,,,,False,False
I-95 NB,GP,110+04150,2025-10-28,659.0,2,49.49747468305833,4400.0,96,0.9,44.5477272147525,True,0.6481376437879447,2957.5056058653217,0.6721603649693914,430.5865709580582,469.4748295853349,35.26111111111111,450.0,False,False
I-95 NB,GP,110+04150,2025-10-29,659.0,2,49.49747468305833,4400.0,96,0.9,44.5477272147525,True,0.621020153983154,2837.2082843954377,0.6448200646353267,432.8892553080688,470.15046454705805,32.07222222222222,450.0,False,False
I-95 NB,GP,110+04150,2025-10-30,659.0,2,49.49747468305833,4400.0,96,0.9,44.5477272147525,True,1.6221248145590323,5987.668058308715,1.360833649615617,474.112731960577,571.4402208341189,16.2,525.0,False,False
I-95 NB,GP,110+04150,2025-10-31,659.0,2,49.49747468305833,4400.0,96,0.9,44.5477272147525,False,0.0,0.0,0.0,,,,,False,False
I-95 NB,GP,110P04150,2025-10-01,660.0,3,49.49747468305833,6600.0,96,0.9,44.5477272147525,True,2.195328303856035,10643.086244194557,1.6125888248779632,321.2547686809932,452.9744669123553,14.229999999999999,405.0,False,False
I-95 NB,GP,110P04150,2025-10-02,660.0,3,49.49747468305833,6600.0,96,0.9,44.5477272147525,False,0.0,0.0,0.0,,,,,False,False
I-95 NB,GP,110P04150,2025-10-03,660.0,3,49.49747468305833,6600.0,96,0.9,44.5477272147525,True,2.2355239497873707,10240.381575396572,1.5515729659691775,345.3670121140962,479.49844910133845,18.506666666666668,450.0,False,False
I-95 NB,GP,110P04150,2025-10-06,660.0,3,49.49747468305833,6600.0,96,0.9,44.5477272147525,True,1.0209886894713378,5192.714983188641,0.7867749974528244,395.7742835661587,457.033604934439,20.884444444444444,420.0,False,False
I-95 NB,GP,110P04150,2025-10-07,660.0,3,49.49747468305833,6600.0,96,0.9,44.5477272147525,False,0.0,0.0,0.0,,,,,False,False
I-95 NB,GP,110P04150,2025-10-08,660.0,3,49.49747468305833,6600.0,96,0.9,44.5477272147525,True,2.0297858910785833,11352.385570700839,1.7200584198031574,317.57424660318867,439.3614000679037,20.52333333333333,345.0,False,False
I-95 NB,GP,110P04150,2025-10-09,660.0,3,49.49747468305833,6600.0,96,0.9,44.5477272147525,True,0.6677646231308718,4509.159471755776,0.683205980569057,328.53715238808894,368.60302977594125,34.633333333333326,345.0,False,False
I-95 NB,GP,110P04150,2025-10-10,660.0,3,49.49747468305833,6600.0,96,0.9,44.5477272147525,False,0.0,0.0,0.0,,,,,False,False
I-95 NB,GP,110P04150,2025-10-13,660.0,3,49.49747468305833,6600.0,96,0.9,44.5477272147525,False,0.0,0.0,0.0,,,,,False,False
I-95 NB,GP,110P04150,2025-10-14,660.0,3,49.49747468305833,6600.0,96,0.9,44.5477272147525,True,2.0466775184077646,10943.300308508475,1.6580758043194659,325.80407573766183,448.6047268421277,19.806666666666665,375.0,False,False
I-95 NB,GP,110P04150,2025-10-15,660.0,3,49.49747468305833,6600.0,96,0.9,44.5477272147525,True,0.6663574772537241,2948.4321974869526,0.44673215113438675,376.1784997072444,416.1599483424678,34.408888888888896,390.0,False,False
I-95 NB,GP,110P04150,2025-10-16,660.0,3,49.49747468305833,6600.0,96,0.9,44.5477272147525,True,0.7390364965235582,4203.808192712851,0.6369406352595229,488.64619262894007,532.9883824203536,27.627777777777776,510.0,False,False
I-95 NB,GP,110P04150,2025-10-17,660.0,3,49.49747468305833,6600.0,96,0.9,44.5477272147525,False,0.0,0.0,0.0,,,,,False,False
I-95 NB,GP,110P04150,2025-10-20,660.0,3,49.49747468305833,6600.0,96,0.9,44.5477272147525,False,0.0,0.0,0.0,,,,,False,False
I-95 NB,GP,110P04150,2025-10-21,660.0,3,49.49747468305833,6600.0,96,0.9,44.5477272147525,True,1.7684237197234363,7406.176529055736,1.1221479589478387,328.66190641480597,434.76732959821214,9.96111111111111,390.0,False,False
I-95 NB,GP,110P04150,2025-10-22,660.0,3,49.49747468305833,6600.0,96,0.9,44.5477272147525,True,2.0225305211430813,12023.174920550568,1.821693169780389,319.4746303894952,440.82646165808006,31.70888888888889,390.0,False,False
I-95 NB,GP,110P04150,2025-10-23,660.0,3,49.49747468305833,6600.0,96,0.9,44.5477272147525,False,0.0,0.0,0.0,,,,,False,False
I-95 NB,GP,110P04150,2025-10-24,660.0,3,49.49747468305833,6600.0,96,0.9,44.5477272147525,True,1.657069126068823,7852.8989090254545,1.1898331680341598,519.3928041131985,618.8169516773279,10.202222222222224,570.0,False,False
I-95 NB,GP,110P04150,2025-10-27,660.0,3,49.49747468305833,6600.0,96,0.9,44.5477272147525,False,0.0,0.0,0.0,,,,,False,False
I-95 NB,GP,110P04150,2025-10-28,660.0,3,49.49747468305833,6600.0,96,0.9,44.5477272147525,True,1.9187019078967562,9175.494742998164,1.390226476211843,393.97089581523176,509.0930102890371,14.658888888888889,450.0,False,False
I-95 NB,GP,110P04150,2025-10-29,660.0,3,49.49747468305833,6600.0,96,0.9,44.5477272147525,True,1.3288427614322254,6261.887658841395,0.9487708574002114,413.36536566817057,493.0959313541041,13.604444444444445,450.0,False,False
I-95 NB,GP,110P04150,2025-10-30,660.0,3,49.49747468305833,6600.0,96,0.9,44.5477272147525,True,1.92568079478674,8024.815156952602,1.2158810843867578,465.7081211054809,581.2489687926853,13.933333333333337,510.0,False,False
I-95 NB,GP,110P04150,2025-10-31,660.0,3,49.49747468305833,6600.0,96,0.9,44.5477272147525,False,0.0,0.0,0.0,,,,,False,False
I-95 NB,GP,110+04151,2025-10-01,661.0,3,49.49747468305833,6600.0,96,0.9,44.5477272147525,True,2.4519901983480206,12355.317371681944,1.8720177835881733,314.3553982119709,461.47481011285214,16.517777777777784,375.0,False,False
I-95 NB,GP,110+04151,2025-10-02,661.0,3,49.49747468305833,6600.0,96,0.9,44.5477272147525,True,2.048367484818244,11288.769804515307,1.710419667350804,338.28421884406833,461.186267933163,22.89,405.0,False,False
I-95 NB,GP,110+04151,2025-10-03,661.0,3,49.49747468305833,6600.0,96,0.9,44.5477272147525,True,2.755564959010281,12677.038299978292,1.9207633787845897,328.9617647221317,494.2956622627486,13.418888888888889,375.0,False,False
I-95 NB,GP,110+04151,2025-10-06,661.0,3,49.49747468305833,6600.0,96,0.9,44.5477272147525,True,1.5588146354097423,7541.760999349509,1.1426910605075014,376.11443580395064,469.6433139285352,16.75111111111111,435.0,False,False
I-95 NB,GP,110+04151,2025-10-07,661.0,3,49.49747468305833,6600.0,96,0.9,44.5477272147525,True,1.6156627461052095,8287.322596590166,1.2556549388772977,318.72115306686266,415.66091783317523,26.517777777777777,390.0,False,False
I-95 NB,GP,110+04151,2025-10-08,661.0,3,49.49747468305833,6600.0,96,0.9,44.5477272147525,True,2.3237801306207198,13137.059920074906,1.9904636242537737,312.71617181033724,452.14297964758043,18.605555555555558,345.0,False,False
I-95 NB,GP,110+04151,2025-10-09,661.0,3,49.49747468305833,6600.0,96,0.9,44.5477272147525,True,2.28101499874529,11852.197911318817,1.7957875623210329,316.99939253584876,453.86029246056614,21.47111111111111,345.0,False,False
I-95 NB,GP,110+04151,2025-10-10,661.0,3,49.49747468305833,6600.0,96,0.9,44.5477272147525,False,0.0,0.0,0.0,,,,,False,False
I-95 NB,GP,110+04151,2025-10-13,661.0,3,49.49747468305833,6600.0,96,0.9,44.5477272147525,False,0.0,0.0,0.0,,,,,False,False
I-95 NB,GP,110+04151,2025-10-14,661.0,3,49.49747468305833,6600.0,96,0.9,44.5477272147525,True,2.49657133938459,12389.724419533255,1.8772309726565537,313.34535489630247,463.1396352593779,16.883333333333336,375.0,False,False
I-95 NB,GP,110+04151,2025-10-15,661.0,3,49.49747468305833,6600.0,96,0.9,44.5477272147525,True,1.9403334797682874,10992.867117422004,1.6655859268821218,325.5565692030568,441.97657798915407,21.265555555555554,390.0,False,False
I-95 NB,GP,110+04151,2025-10-16,661.0,3,49.49747468305833,6600.0,96,0.9,44.5477272147525,True,2.32667287023217,12532.585092925354,1.8988765292311143,310.0830692265699,449.6834414405001,23.885555555555555,330.0,False,False
I-95 NB,GP,110+04151,2025-10-17,661.0,3,49.49747468305833,6600.0,96,0.9,44.5477272147525,True,0.5222264026087657,2999.632421685342,0.4544897608614154,502.5177370077662,533.8513211642921,40.776666666666664,510.0,False,False
I-95 NB,GP,110+04151,2025-10-20,661.0,3,49.49747468305833,6600.0,96,0.9,44.5477272147525,True,0.5994457479414479,4434.522424452169,0.6718973370382074,493.31458134473274,529.2813262212196,32.80111111111111,510.0,False,False
I-95 NB,GP,110+04151,2025-10-21,661.0,3,49.49747468305833,6600.0,96,0.9,44.5477272147525,True,1.9764753195019154,8839.892983609694,1.3393777247893477,317.9671984698209,436.55571763993584,11.64,375.0,False,False
I-95 NB,GP,110+04151,2025-10-22,661.0,3,49.49747468305833,6600.0,96,0.9,44.5477272147525,True,2.603964697006691,14266.879139157634,2.1616483544178235,314.154801643591,470.39268346399246,19.456666666666667,420.0,False,False
I-95 NB,GP,110+04151,2025-10-23,661.0,3,49.49747468305833,6600.0,96,0.9,44.5477272147525,True,2.3318800969548503,14171.539328404559,2.1472029285461454,326.71889046305193,466.63169628034296,22.487777777777776,375.0,False,False
I-95 NB,GP,110+04151,2025-10-24,661.0,3,49.49747468305833,6600.0,96,0.9,44.5477272147525,True,1.9357875773568927,8877.031874294029,1.3450048294384893,509.2370732153241,625.3843278567376,10.392222222222221,555.0,False,False
I-95 NB,GP,110+04151,2025-10-27,661.0,3,49.49747468305833,6600.0,96,0.9,44.5477272147525,True,1.5559691761917729,9136.968868539732,1.3843892225060201,322.96288520545465,416.321035776961,35.148888888888884,345.0,False,False
I-95 NB,GP,110+04151,2025-10-28,661.0,3,49.49747468305833,6600.0,96,0.9,44.5477272147525,True,3.640637732220758,19938.4180448959,3.0209724310448336,323.3787794446414,541.8170433778869,14.544444444444444,450.0,False,False
I-95 NB,GP,110+04151,2025-10-29,661.0,3,49.49747468305833,6600.0,96,0.9,44.5477272147525,True,2.9347909574387017,15562.297781304856,2.3579239062583115,334.86121710547116,510.94867455179326,13.163333333333332,435.0,False,False
I-95 NB,GP,110+04151,2025-10-30,661.0,3,49.49747468305833,6600.0,96,0.9,44.5477272147525,True,2.1299676598975075,11379.442285131347,1.724157921989598,459.55215484454163,587.3502144383921,16.173333333333336,510.0,False,False
I-95 NB,GP,110+04151,2025-10-31,661.0,3,49.49747468305833,6600.0,96,0.9,44.5477272147525,False,0.0,0.0,0.0,,,,,False,False
I-95 NB,GP,110P04151,2025-10-01,662.0,3,49.49747468305833,6600.0,96,0.9,44.5477272147525,True,3.7909021766986046,19839.885302412764,3.0060432276382976,308.28484878017514,535.7389793820914,19.68,405.0,False,False
I-95 NB,GP,110P04151,2025-10-02,662.0,3,49.49747468305833,6600.0,96,0.9,44.5477272147525,True,4.695459845558028,26067.269383752235,3.94958627026549,314.4830606830095,596.2106514164911,21.63888888888889,390.0,False,False
I-95 NB,GP,110P04151,2025-10-03,662.0,3,49.49747468305833,6600.0,96,0.9,44.5477272147525,True,4.510092052069229,24665.519309010793,3.7371998953046655,328.1100059169657,598.7155290411195,20.334444444444443,360.0,False,False
I-95 NB,GP,110P04151,2025-10-06,662.0,3,49.49747468305833,6600.0,96,0.9,44.5477272147525,True,4.4932634308107176,24773.057068317426,3.75349349519961,316.2765729699073,585.8723788185504,18.10777777777778,405.0,False,False
I-95 NB,GP,110P04151,2025-10-07,662.0,3,49.49747468305833,6600.0,96,0.9,44.5477272147525,True,1.7429228509506904,9277.133161141592,1.4056262365366048,314.63880062899534,419.21417168603676,20.189999999999998,390.0,False,False
I-95 NB,GP,110P04151,2025-10-08,662.0,3,49.49747468305833,6600.0,96,0.9,44.5477272147525,True,2.772129562505782,14326.465684845723,2.1706766189160187,309.71305267038696,476.0408264207339,20.48,375.0,False,False
I-95 NB,GP,110P04151,2025-10-09,662.0,3,49.49747468305833,6600.0,96,0.9,44.5477272147525,True,3.7338810747536284,20160.641179961236,3.05464260302443,312.8630093924952,536.8958738777129,20.258888888888887,435.0,False,False
I-95 NB,GP,110P04151,2025-10-10,662.0,3,49.49747468305833,6600.0,96,0.9,44.5477272147525,False,0.0,0.0,0.0,,,,,False,False
I-95 NB,GP,110P04151,2025-10-13,662.0,3,49.49747468305833,6600.0,96,0.9,44.5477272147525,False,0.0,0.0,0.0,,,,,False,False
I-95 NB,GP,110P04151,2025-10-14,662.0,3,49.49747468305833,6600.0,96,0.9,44.5477272147525,True,3.661886763043187,20270.886938961903,3.0713465059033185,313.7253431117731,533.4385488943643,18.506666666666668,405.0,False,False
I-95 NB,GP,110P04151,2025-10-15,662.0,3,49.49747468305833,6600.0,96,0.9,44.5477272147525,True,2.30308725986958,11702.315394968886,1.7730780901468008,315.546001304995,453.7312368971698,20.19333333333333,420.0,False,False
I-95 NB,GP,110P04151,2025-10-16,662.0,3,49.49747468305833,6600.0,96,0.9,44.5477272147525,True,4.379149671412228,22416.96563383567,3.396509944520556,307.0265922068606,569.7755724915943,20.307777777777776,405.0,False,False
I-95 NB,GP,110P04151,2025-10-17,662.0,3,49.49747468305833,6600.0,96,0.9,44.5477272147525,True,4.440492712945637,25377.274980131875,3.8450416636563447,324.60641893913123,591.0359817158694,23.112222222222226,405.0,False,False
I-95 NB,GP,110P04151,2025-10-20,662.0,3,49.49747468305833,6600.0,96,0.9,44.5477272147525,True,1.9624100045624138,11445.66963498937,1.7341923689377834,320.48570074482865,438.23030101857347,21.393333333333334,405.0,False,False
I-95 NB,GP,110P04151,2025-10-21,662.0,3,49.49747468305833,6600.0,96,0.9,44.5477272147525,True,2.2071051900424523,10676.991396217833,1.617725969123914,314.5280904651738,446.95440186772095,13.514444444444445,405.0,False,False
I-95 NB,GP,110P04151,2025-10-22,662.0,3,49.49747468305833,6600.0,96,0.9,44.5477272147525,True,4.49108691943186,24075.55639486172,3.6478115749790483,314.2314093525265,583.696624518438,19.655555555555555,420.0,False,False
I-95 NB,GP,110P04151,2025-10-23,662.0,3,49.49747468305833,6600.0,96,0.9,44.5477272147525,True,3.5086489606739937,19094.383908986943,2.8930884710586278,316.41568629275923,526.9346239331988,21.403333333333332,390.0,False,False
I-95 NB,GP,110P04151,2025-10-24,662.0,3,49.49747468305833,6600.0,96,0.9,44.5477272147525,True,2.521332335364544,11564.581882124156,1.7522093760794175,495.19496835694565,646.4749084788183,11.126666666666665,555.0,False,False
I-95 NB,GP,110P04151,2025-10-27,662.0,3,49.49747468305833,6600.0,96,0.9,44.5477272147525,True,2.639725121559089,14837.48357067308,2.248103571314103,313.61083327923495,471.9943405727803,20.645555555555557,405.0,False,False
I-95 NB,GP,110P04151,2025-10-28,662.0,3,49.49747468305833,6600.0,96,0.9,44.5477272147525,True,4.002499629971094,20805.76406212353,3.1523884942611407,313.80738514972865,553.9573629479943,15.394444444444446,450.0,False,False
I-95 NB,GP,110P04151,2025-10-29,662.0,3,49.49747468305833,6600.0,96,0.9,44.5477272147525,True,3.2830372908540615,16063.176156722371,2.433814569200359,325.0221150797988,522.0043525310425,12.403333333333334,435.0,False,False
I-95 NB,GP,110P04151,2025-10-30,662.0,3,49.49747468305833,6600.0,96,0.9,44.5477272147525,True,2.285417687781266,11360.014486332275,1.7212143161109508,453.13512204711583,590.2601833139918,18.441111111111113,540.0,False,False
I-95 NB,GP,110P04151,2025-10-31,662.0,3,49.49747468305833,6600.0,96,0.9,44.5477272147525,True,0.6861954937944726,4315.886460684524,0.6539221910128066,372.49620245080047,413.6679320784688,30.58666666666667,390.0,False,False
I-95 NB,GP,110+04152,2025-10-01,663.0,3,49.49747468305833,6600.0,96,0.9,44.5477272147525,True,3.598565125773237,21523.419430350288,3.26112415611368,315.7910890020417,531.7049965484359,32.21888888888889,405.0,False,False
I-95 NB,GP,110+04152,2025-10-02,663.0,3,49.49747468305833,6600.0,96,0.9,44.5477272147525,True,4.347114667535862,28239.01883195147,4.278639216962344,325.7628818168094,586.5897618689611,33.23888888888889,390.0,False,False
I-95 NB,GP,110+04152,2025-10-03,663.0,3,49.49747468305833,6600.0,96,0.9,44.5477272147525,True,1.6993848539860816,11141.330051869641,1.6880803108893396,473.1972955321693,575.1603867713342,35.22,495.0,False,False
I-95 NB,GP,110+04152,2025-10-06,663.0,3,49.49747468305833,6600.0,96,0.9,44.5477272147525,True,4.048518905006019,24949.169685719356,3.7801772251089933,331.679574157071,574.5907084574321,30.14333333333333,405.0,False,False
I-95 NB,GP,110+04152,2025-10-07,663.0,3,49.49747468305833,6600.0,96,0.9,44.5477272147525,True,1.4339415213529605,9379.696860496872,1.4211661909843745,326.3896682884083,412.42615956958593,34.07888888888889,390.0,False,False
I-95 NB,GP,110+04152,2025-10-08,663.0,3,49.49747468305833,6600.0,96,0.9,44.5477272147525,True,2.7054624988441685,17075.784384361745,2.587240058236628,319.8293591710172,482.1571091016673,33.682222222222215,375.0,False,False
I-95 NB,GP,110+04152,2025-10-09,663.0,3,49.49747468305833,6600.0,96,0.9,44.5477272147525,True,3.331770945457951,20186.871717973547,3.058616926965689,324.1626500001222,524.0689067275993,33.76222222222223,405.0,False,False
I-95 NB,GP,110+04152,2025-10-10,663.0,3,49.49747468305833,6600.0,96,0.9,44.5477272147525,True,1.6669236657343844,11231.348118607468,1.7017194119102224,517.2382256780693,617.2536456221324,38.52111111111111,540.0,False,False
I-95 NB,GP,110+04152,2025-10-13,663.0,3,49.49747468305833,6600.0,96,0.9,44.5477272147525,False,0.0,0.0,0.0,,,,,False,False
I-95 NB,GP,110+04152,2025-10-14,663.0,3,49.49747468305833,6600.0,96,0.9,44.5477272147525,True,3.288101054753318,20810.8870259401,3.153164700900015,326.4636733657109,523.74973665091,36.59111111111111,375.0,False,False
I-95 NB,GP,110+04152,2025-10-15,663.0,3,49.49747468305833,6600.0,96,0.9,44.5477272147525,True,2.042960291983952,12460.458213708866,1.887948214198313,325.7206233771239,448.298240896161,34.809999999999995,420.0,False,False
I-95 NB,GP,110+04152,2025-10-16,663.0,3,49.49747468305833,6600.0,96,0.9,44.5477272147525,True,4.193711566832737,26200.60129273495,3.969788074656811,307.7850609307326,559.4077549406968,31.362222222222226,420.0,False,False
I-95 NB,GP,110+04152,2025-10-17,663.0,3,49.49747468305833,6600.0,96,0.9,44.5477272147525,True,4.238434864153413,26865.14886046453,4.070477100070383,333.38084925905406,587.6869411082588,35.675555555555555,405.0,False,False
I-95 NB,GP,110+04152,2025-10-20,663.0,3,49.49747468305833,6600.0,96,0.9,44.5477272147525,True,3.359069627746361,20452.897178093324,3.098923814862625,327.7005902856109,529.2447679503925,25.373333333333335,420.0,False,False
I-95 NB,GP,110+04152,2025-10-21,663.0,3,49.49747468305833,6600.0,96,0.9,44.5477272147525,True,2.2275462575868556,13917.34134852332,2.1086880831095938,321.8406879526683,455.49346340787963,33.91777777777778,420.0,False,False
I-95 NB,GP,110+04152,2025-10-22,663.0,3,49.49747468305833,6600.0,96,0.9,44.5477272147525,True,3.97271764138315,24986.547926700074,3.7858405949545566,327.0327236710865,565.3957821540755,31.842222222222222,405.0,False,False
I-95 NB,GP,110+04152,2025-10-23,663.0,3,49.49747468305833,6600.0,96,0.9,44.5477272147525,True,3.3889678934126057,21869.9829106249,3.3136337743371063,326.0171804969319,529.3552541016883,34.87111111111111,390.0,False,False
I-95 NB,GP,110+04152,2025-10-24,663.0,3,49.49747468305833,6600.0,96,0.9,44.5477272147525,True,2.5701139074997004,16427.29732197569,2.488984442723589,478.9965108929405,633.2033453429225,25.7,555.0,False,False
I-95 NB,GP,110+04152,2025-10-27,663.0,3,49.49747468305833,6600.0,96,0.9,44.5477272147525,True,3.4413273813547276,21922.991922834928,3.321665442853777,326.32606588209126,532.8057087633749,31.802222222222223,390.0,False,False
I-95 NB,GP,110+04152,2025-10-28,663.0,3,49.49747468305833,6600.0,96,0.9,44.5477272147525,True,3.701083978573692,23105.25280524594,3.500795879582718,323.8482003484067,545.9132390628282,32.02888888888889,405.0,False,False
I-95 NB,GP,110+04152,2025-10-29,663.0,3,49.49747468305833,6600.0,96,0.9,44.5477272147525,True,2.9710186528458555,17020.557248973735,2.5788723104505658,337.9586847427692,516.2198039135205,13.476666666666665,420.0,False,False
I-95 NB,GP,110+04152,2025-10-30,663.0,3,49.49747468305833,6600.0,96,0.9,44.5477272147525,True,2.089247586268372,12319.364102704916,1.866570318591654,454.69517552132197,580.0500306974243,33.40111111111111,495.0,False,False
I-95 NB,GP,110+04152,2025-10-31,663.0,3,49.49747468305833,6600.0,96,0.9,44.5477272147525,True,0.8420367743544157,4596.320699322625,0.6964122271700947,368.1959631667101,418.71816962797504,34.838888888888896,390.0,False,False
I-95 NB,GP,110P04153,2025-10-01,666.0,4,49.49747468305833,8800.0,96,0.9,44.5477272147525,True,2.239222695808626,15778.584668084186,1.7930209850095666,364.9132345290413,499.26659627755885,18.497777777777785,450.0,False,False
I-95 NB,GP,110P04153,2025-10-02,666.0,4,49.49747468305833,8800.0,96,0.9,44.5477272147525,False,0.0,0.0,0.0,,,,,False,False
I-95 NB,GP,110P04153,2025-10-03,666.0,4,49.49747468305833,8800.0,96,0.9,44.5477272147525,False,0.0,0.0,0.0,,,,,False,False
I-95 NB,GP,110P04153,2025-10-06,666.0,4,49.49747468305833,8800.0,96,0.9,44.5477272147525,False,0.0,0.0,0.0,,,,,False,False
I-95 NB,GP,110P04153,2025-10-07,666.0,4,49.49747468305833,8800.0,96,0.9,44.5477272147525,True,0.5931000595831042,3786.1963693630596,0.43024958742762043,391.5958504064212,427.18185398140747,35.14,405.0,False,False
I-95 NB,GP,110P04153,2025-10-08,666.0,4,49.49747468305833,8800.0,96,0.9,44.5477272147525,True,1.6006814174306612,11722.886566717796,1.332146200763386,417.5562074924468,513.5970925382865,14.191111111111107,465.0,False,False
I-95 NB,GP,110P04153,2025-10-09,666.0,4,49.49747468305833,8800.0,96,0.9,44.5477272147525,True,1.296744911648028,8901.543196505216,1.0115389996028654,406.6025553467598,484.4072500456415,19.591111111111115,450.0,False,False
I-95 NB,GP,110P04153,2025-10-10,666.0,4,49.49747468305833,8800.0,96,0.9,44.5477272147525,True,0.6274063821638094,3327.3316507949307,0.37810586940851487,440.92945855444447,478.57384148427303,34.23888888888889,450.0,False,False
I-95 NB,GP,110P04153,2025-10-13,666.0,4,49.49747468305833,8800.0,96,0.9,44.5477272147525,False,0.0,0.0,0.0,,,,,False,False
I-95 NB,GP,110P04153,2025-10-14,666.0,4,49.49747468305833,8800.0,96,0.9,44.5477272147525,True,2.3027016686170714,15518.147896959112,1.7634258973817172,380.64777587079624,518.8098759878205,14.778888888888888,465.0,False,False
I-95 NB,GP,110P04153,2025-10-15,666.0,4,49.49747468305833,8800.0,96,0.9,44.5477272147525,False,0.0,0.0,0.0,,,,,False,False
I-95 NB,GP,110P04153,2025-10-16,666.0,4,49.49747468305833,8800.0,96,0.9,44.5477272147525,False,0.0,0.0,0.0,,,,,False,False
I-95 NB,GP,110P04153,2025-10-17,666.0,4,49.49747468305833,8800.0,96,0.9,44.5477272147525,False,0.0,0.0,0.0,,,,,False,False
I-95 NB,GP,110P04153,2025-10-20,666.0,4,49.49747468305833,8800.0,96,0.9,44.5477272147525,True,1.276437434723735,8015.985735310149,0.9109074699216079,384.74824893622315,461.33449501964725,15.186666666666667,420.0,False,False
I-95 NB,GP,110P04153,2025-10-21,666.0,4,49.49747468305833,8800.0,96,0.9,44.5477272147525,True,2.02631969741808,10967.374084422008,1.24629250959341,429.27387407776325,550.8530559228481,9.735555555555555,510.0,False,False
I-95 NB,GP,110P04153,2025-10-22,666.0,4,49.49747468305833,8800.0,96,0.9,44.5477272147525,True,1.0632283729284107,10251.51176674412,1.1649445189481955,419.4046162578138,483.19831863351845,36.67444444444445,450.0,False,False
I-95 NB,GP,110P04153,2025-10-23,666.0,4,49.49747468305833,8800.0,96,0.9,44.5477272147525,False,0.0,0.0,0.0,,,,,False,False
I-95 NB,GP,110P04153,2025-10-24,666.0,4,49.49747468305833,8800.0,96,0.9,44.5477272147525,False,0.0,0.0,0.0,,,,,False,False
I-95 NB,GP,110P04153,2025-10-27,666.0,4,49.49747468305833,8800.0,96,0.9,44.5477272147525,False,0.0,0.0,0.0,,,,,False,False
I-95 NB,GP,110P04153,2025-10-28,666.0,4,49.49747468305833,8800.0,96,0.9,44.5477272147525,False,0.0,0.0,0.0,,,,,False,False
I-95 NB,GP,110P04153,2025-10-29,666.0,4,49.49747468305833,8800.0,96,0.9,44.5477272147525,True,2.306426420022087,13711.957291766426,1.5581769649734576,376.21702702115334,514.6026122224786,9.893333333333329,420.0,False,False
I-95 NB,GP,110P04153,2025-10-30,666.0,4,49.49747468305833,8800.0,96,0.9,44.5477272147525,False,0.0,0.0,0.0,,,,,False,False
I-95 NB,GP,110P04153,2025-10-31,666.0,4,49.49747468305833,8800.0,96,0.9,44.5477272147525,False,0.0,0.0,0.0,,,,,False,False
I-95 NB,GP,110+04154,2025-10-01,667.0,4,49.49747468305833,8800.0,96,0.9,44.5477272147525,True,2.7386834802692155,18934.644517329965,2.151664149696587,350.6090068524999,514.9300156686528,18.39888888888889,450.0,False,False
I-95 NB,GP,110+04154,2025-10-02,667.0,4,49.49747468305833,8800.0,96,0.9,44.5477272147525,True,0.5916097338898955,6167.673311692364,0.7008719672377687,432.6613951767805,468.15797921017423,36.39222222222222,450.0,False,False
I-95 NB,GP,110+04154,2025-10-03,667.0,4,49.49747468305833,8800.0,96,0.9,44.5477272147525,False,0.0,0.0,0.0,,,,,False,False
I-95 NB,GP,110+04154,2025-10-06,667.0,4,49.49747468305833,8800.0,96,0.9,44.5477272147525,True,1.2105334339720477,9800.160083165558,1.113654554905177,418.03642745615133,490.6684334944742,25.709999999999997,465.0,False,False
I-95 NB,GP,110+04154,2025-10-07,667.0,4,49.49747468305833,8800.0,96,0.9,44.5477272147525,True,1.5025010283216915,11239.800552448083,1.2772500627781913,361.9582905522523,452.1083522515538,23.365555555555556,420.0,False,False
I-95 NB,GP,110+04154,2025-10-08,667.0,4,49.49747468305833,8800.0,96,0.9,44.5477272147525,True,2.5430150790942596,16955.312966822847,1.9267401098662327,377.63693376236,530.2178385080156,16.39,465.0,False,False
I-95 NB,GP,110+04154,2025-10-09,667.0,4,49.49747468305833,8800.0,96,0.9,44.5477272147525,True,2.215845150563764,15956.602697752971,1.8132503065628376,364.8134452336166,497.76415426744245,18.43444444444444,465.0,False,False
I-95 NB,GP,110+04154,2025-10-10,667.0,4,49.49747468305833,8800.0,96,0.9,44.5477272147525,True,1.804531670674652,10913.232450047513,1.2401400511417628,397.43052934828415,505.70242958876327,10.564444444444444,435.0,False,False
I-95 NB,GP,110+04154,2025-10-13,667.0,4,49.49747468305833,8800.0,96,0.9,44.5477272147525,False,0.0,0.0,0.0,,,,,False,False
I-95 NB,GP,110+04154,2025-10-14,667.0,4,49.49747468305833,8800.0,96,0.9,44.5477272147525,True,3.4624167025960455,23963.502225270764,2.723125252871678,348.2789735601879,556.0239757159507,15.341111111111111,465.0,False,False
I-95 NB,GP,110+04154,2025-10-15,667.0,4,49.49747468305833,8800.0,96,0.9,44.5477272147525,True,1.9573026175808697,15162.518948433477,1.7230135168674405,373.8929345352428,491.33109159009496,22.235555555555553,450.0,False,False
I-95 NB,GP,110+04154,2025-10-16,667.0,4,49.49747468305833,8800.0,96,0.9,44.5477272147525,True,1.8251852207634471,13235.198295041608,1.5039998062547282,375.77385602392746,485.2849692697343,23.03,450.0,False,False
I-95 NB,GP,110+04154,2025-10-17,667.0,4,49.49747468305833,8800.0,96,0.9,44.5477272147525,False,0.0,0.0,0.0,,,,,False,False
I-95 NB,GP,110+04154,2025-10-20,667.0,4,49.49747468305833,8800.0,96,0.9,44.5477272147525,True,1.779631532276022,10473.580547559044,1.190179607677164,368.3604965557073,475.13838849226863,12.964444444444444,405.0,False,False
I-95 NB,GP,110+04154,2025-10-21,667.0,4,49.49747468305833,8800.0,96,0.9,44.5477272147525,True,2.628059515552126,17966.745752385563,2.0416756536801777,412.99258469480645,570.676155627934,12.64,480.0,False,False
I-95 NB,GP,110+04154,2025-10-22,667.0,4,49.49747468305833,8800.0,96,0.9,44.5477272147525,True,1.892668616608977,12271.864891321018,1.3945301012864793,394.83686929322675,508.3969862897654,20.17222222222222,450.0,False,False
I-95 NB,GP,110+04154,2025-10-23,667.0,4,49.49747468305833,8800.0,96,0.9,44.5477272147525,True,1.821446170497896,12346.270418604061,1.4029852748413705,394.1000198371365,503.3867900670102,19.641111111111112,450.0,False,False
I-95 NB,GP,110+04154,2025-10-24,667.0,4,49.49747468305833,8800.0,96,0.9,44.5477272147525,True,0.7421237918898707,6038.595998089748,0.6862040906920168,414.5967123703806,459.12413988377284,34.01444444444444,435.0,False,False
I-95 NB,GP,110+04154,2025-10-27,667.0,4,49.49747468305833,8800.0,96,0.9,44.5477272147525,True,1.450043144936899,12348.921462919907,1.403286529877262,384.1987920296187,471.2013807258326,34.81,450.0,False,False
I-95 NB,GP,110+04154,2025-10-28,667.0,4,49.49747468305833,8800.0,96,0.9,44.5477272147525,True,1.6559066914125775,11713.9254545043,1.331127892557307,391.3507594249837,490.70516090973837,25.85666666666667,435.0,False,False
I-95 NB,GP,110+04154,2025-10-29,667.0,4,49.49747468305833,8800.0,96,0.9,44.5477272147525,True,1.495474980927141,10845.229781024713,1.2324124751164447,443.92665953276503,533.6551583883935,20.04222222222222,480.0,False,False
I-95 NB,GP,110+04154,2025-10-30,667.0,4,49.49747468305833,8800.0,96,0.9,44.5477272147525,False,0.0,0.0,0.0,,,,,False,False
I-95 NB,GP,110+04154,2025-10-31,667.0,4,49.49747468305833,8800.0,96,0.9,44.5477272147525,False,0.0,0.0,0.0,,,,,False,False
I-95 NB,GP,110P04154,2025-10-01,668.0,4,49.49747468305833,8800.0,96,0.9,44.5477272147525,True,2.6436928977983003,19815.24059705384,2.2517318860288453,367.09942022129,525.720994089188,18.197777777777777,450.0,False,False
I-95 NB,GP,110P04154,2025-10-02,668.0,4,49.49747468305833,8800.0,96,0.9,44.5477272147525,True,1.0488971432604957,7932.678252202177,0.9014407104775201,412.87399838642114,475.80782698205087,29.594444444444445,450.0,False,False
I-95 NB,GP,110P04154,2025-10-03,668.0,4,49.49747468305833,8800.0,96,0.9,44.5477272147525,True,1.0039632172498973,7642.383333120073,0.8684526514909174,398.39665128731156,458.6344443223054,27.686666666666667,435.0,False,False
I-95 NB,GP,110P04154,2025-10-06,668.0,4,49.49747468305833,8800.0,96,0.9,44.5477272147525,True,1.7025621395000978,14085.710591851755,1.600648930892245,397.07914279875484,499.2328711687607,29.32111111111111,465.0,False,False
I-95 NB,GP,110P04154,2025-10-07,668.0,4,49.49747468305833,8800.0,96,0.9,44.5477272147525,True,1.4898268706133242,11313.933018046244,1.2856742065961642,369.73989695960114,459.1295091964006,26.142222222222227,420.0,False,False
I-95 NB,GP,110P04154,2025-10-08,668.0,4,49.49747468305833,8800.0,96,0.9,44.5477272147525,True,2.802251452251786,18917.58806463543,2.149725916435844,366.5971533370299,534.732240472137,16.595555555555556,450.0,False,False
I-95 NB,GP,110P04154,2025-10-09,668.0,4,49.49747468305833,8800.0,96,0.9,44.5477272147525,True,2.343299669497398,16024.443984593867,1.8209595437038486,364.7215335510574,505.3195137209013,18.75,465.0,False,False
I-95 NB,GP,110P04154,2025-10-10,668.0,4,49.49747468305833,8800.0,96,0.9,44.5477272147525,True,2.412358953291865,15182.105297706217,1.7252392383757065,369.9405519357732,514.6820891332851,7.37,435.0,False,False
I-95 NB,GP,110P04154,2025-10-13,668.0,4,49.49747468305833,8800.0,96,0.9,44.5477272147525,False,0.0,0.0,0.0,,,,,False,False
I-95 NB,GP,110P04154,2025-10-14,668.0,4,49.49747468305833,8800.0,96,0.9,44.5477272147525,True,3.650958056355327,24101.399117468653,2.7387953542578014,350.93609781850597,569.9935811998256,15.348888888888888,450.0,False,False
I-95 NB,GP,110P04154,2025-10-15,668.0,4,49.49747468305833,8800.0,96,0.9,44.5477272147525,True,2.1710386610800585,17141.896774477387,1.9479428152815212,370.76752877735055,501.02984844215405,23.265555555555554,465.0,False,False
I-95 NB,GP,110P04154,2025-10-16,668.0,4,49.49747468305833,8800.0,96,0.9,44.5477272147525,True,1.975434162568279,12835.498710337719,1.4585793989020135,375.2216276316919,493.7476773857886,22.947777777777777,450.0,False,False
I-95 NB,GP,110P04154,2025-10-17,668.0,4,49.49747468305833,8800.0,96,0.9,44.5477272147525,False,0.0,0.0,0.0,,,,,False,False
I-95 NB,GP,110P04154,2025-10-20,668.0,4,49.49747468305833,8800.0,96,0.9,44.5477272147525,True,1.950097799826446,12551.072603425673,1.4262582503892811,363.63117500634223,480.637042995929,14.06444444444445,405.0,False,False
I-95 NB,GP,110P04154,2025-10-21,668.0,4,49.49747468305833,8800.0,96,0.9,44.5477272147525,True,0.697383146430271,5992.554711770628,0.6809721263375714,549.9788513198263,591.8218401056425,33.48444444444445,570.0,False,False
I-95 NB,GP,110P04154,2025-10-22,668.0,4,49.49747468305833,8800.0,96,0.9,44.5477272147525,True,2.384970352492568,16398.557931578813,1.863472492224865,377.4580931385615,520.5563142881156,20.581111111111113,450.0,False,False
I-95 NB,GP,110P04154,2025-10-23,668.0,4,49.49747468305833,8800.0,96,0.9,44.5477272147525,True,2.021704718471972,14281.246690220247,1.6228689420704825,384.3866597122469,505.6889428205652,19.521111111111107,450.0,False,False
I-95 NB,GP,110P04154,2025-10-24,668.0,4,49.49747468305833,8800.0,96,0.9,44.5477272147525,False,0.0,0.0,0.0,,,,,False,False
I-95 NB,GP,110P04154,2025-10-27,668.0,4,49.49747468305833,8800.0,96,0.9,44.5477272147525,True,1.7836779441404758,13209.140707773679,1.5010387167924635,371.69428217402526,478.7149588224538,23.77,450.0,False,False
I-95 NB,GP,110P04154,2025-10-28,668.0,4,49.49747468305833,8800.0,96,0.9,44.5477272147525,True,2.1931998676768956,14697.128690844533,1.6701282603232424,375.60347857411074,507.1954706347245,24.165555555555553,450.0,False,False
I-95 NB,GP,110P04154,2025-10-29,668.0,4,49.49747468305833,8800.0,96,0.9,44.5477272147525,True,1.6112395932020518,13051.145193418908,1.4830846810703304,445.5614328507059,542.235808442829,21.51888888888888,480.0,False,False
I-95 NB,GP,110P04154,2025-10-30,668.0,4,49.49747468305833,8800.0,96,0.9,44.5477272147525,False,0.0,0.0,0.0,,,,,False,False
I-95 NB,GP,110P04154,2025-10-31,668.0,4,49.49747468305833,8800.0,96,0.9,44.5477272147525,False,0.0,0.0,0.0,,,,,False,False
I-95 NB,GP,110+04155,2025-10-01,669.0,4,49.49747468305833,8800.0,96,0.9,44.5477272147525,True,4.519601400988508,33179.981335638484,3.770452424504373,348.2541277672294,619.4302118265399,20.982222222222223,420.0,False,False
I-95 NB,GP,110+04155,2025-10-02,669.0,4,49.49747468305833,8800.0,96,0.9,44.5477272147525,True,1.9603603495127733,13977.890119946445,1.5883966045393687,375.4756286660524,493.0972496368188,30.19333333333334,450.0,False,False
I-95 NB,GP,110+04155,2025-10-03,669.0,4,49.49747468305833,8800.0,96,0.9,44.5477272147525,True,1.8179219906300783,13652.923239403523,1.5514685499322185,385.47683077623276,494.55215021403745,27.883333333333336,420.0,False,False
I-95 NB,GP,110+04155,2025-10-06,669.0,4,49.49747468305833,8800.0,96,0.9,44.5477272147525,True,2.127961409679645,15775.368730782699,1.792655537588943,379.37902024609537,507.05670482687407,28.937777777777786,465.0,False,False
I-95 NB,GP,110+04155,2025-10-07,669.0,4,49.49747468305833,8800.0,96,0.9,44.5477272147525,True,1.9301939917994295,15699.33201145369,1.7840150013015557,354.72496982457875,470.5366093325445,27.37111111111111,435.0,False,False
I-95 NB,GP,110+04155,2025-10-08,669.0,4,49.49747468305833,8800.0,96,0.9,44.5477272147525,True,3.0387910134271494,22018.54415406579,2.5021072902347488,363.0976598005447,545.4251206061737,21.75111111111111,450.0,False,False
I-95 NB,GP,110+04155,2025-10-09,669.0,4,49.49747468305833,8800.0,96,0.9,44.5477272147525,True,2.8136898665998853,22939.07068334775,2.6067125776531532,358.75091466586645,527.5723066618596,23.69111111111111,465.0,False,False
I-95 NB,GP,110+04155,2025-10-10,669.0,4,49.49747468305833,8800.0,96,0.9,44.5477272147525,True,2.7526565131331884,16198.309318757243,1.8407169680405957,353.8130162166613,518.9724070046526,7.628888888888889,435.0,False,False
I-95 NB,GP,110+04155,2025-10-13,669.0,4,49.49747468305833,8800.0,96,0.9,44.5477272147525,False,0.0,0.0,0.0,,,,,False,False
I-95 NB,GP,110+04155,2025-10-14,669.0,4,49.49747468305833,8800.0,96,0.9,44.5477272147525,True,4.06845857033536,30597.01495968994,3.476933518146584,342.0986231874503,586.2061374075719,18.60777777777778,450.0,False,False
I-95 NB,GP,110+04155,2025-10-15,669.0,4,49.49747468305833,8800.0,96,0.9,44.5477272147525,True,2.616385890725429,21377.52364705032,2.4292640508011725,357.74690401461686,514.7300574581426,25.442222222222224,450.0,False,False
I-95 NB,GP,110+04155,2025-10-16,669.0,4,49.49747468305833,8800.0,96,0.9,44.5477272147525,True,2.397208461321743,17287.086900522416,1.9644416932411837,361.03737286597027,504.86988054527484,25.90111111111111,450.0,False,False
I-95 NB,GP,110+04155,2025-10-17,669.0,4,49.49747468305833,8800.0,96,0.9,44.5477272147525,True,1.6510372460695388,14327.733995833212,1.6281515904355923,399.50814635221576,498.5703811163881,30.298888888888886,450.0,False,False
I-95 NB,GP,110+04155,2025-10-20,669.0,4,49.49747468305833,8800.0,96,0.9,44.5477272147525,True,2.077787080855383,16050.73626022107,1.823947302297849,359.134292495964,483.801517347287,18.7188888888889,390.0,False,False
I-95 NB,GP,110+04155,2025-10-21,669.0,4,49.49747468305833,8800.0,96,0.9,44.5477272147525,True,1.0917458371940123,7960.248775592654,0.9045737244991653,377.17565522850373,442.68040546014447,31.885555555555555,405.0,False,False
I-95 NB,GP,110+04155,2025-10-22,669.0,4,49.49747468305833,8800.0,96,0.9,44.5477272147525,True,2.7827916439566973,20712.67010982927,2.3537125124805987,362.69494447919476,529.6624431165966,23.155555555555555,450.0,False,False
I-95 NB,GP,110+04155,2025-10-23,669.0,4,49.49747468305833,8800.0,96,0.9,44.5477272147525,True,2.4913974316088843,18603.842647823843,2.1140730281618003,370.88286495338315,520.3667108499162,21.939999999999998,450.0,False,False
I-95 NB,GP,110+04155,2025-10-24,669.0,4,49.49747468305833,8800.0,96,0.9,44.5477272147525,True,1.7235487240802514,11947.39804781581,1.3576588690699785,376.57314413763226,479.98606758244733,31.344444444444445,405.0,False,False
I-95 NB,GP,110+04155,2025-10-27,669.0,4,49.49747468305833,8800.0,96,0.9,44.5477272147525,True,2.0170084056579327,15716.321555007595,1.785945631250863,365.1263281105904,486.14683245006637,28.24888888888889,450.0,False,False
I-95 NB,GP,110+04155,2025-10-28,669.0,4,49.49747468305833,8800.0,96,0.9,44.5477272147525,True,2.323586265847738,17181.838712167562,1.952481671837223,366.0828794879216,505.4980554387859,24.66111111111111,450.0,False,False
I-95 NB,GP,110+04155,2025-10-29,669.0,4,49.49747468305833,8800.0,96,0.9,44.5477272147525,True,1.7958870582217494,13280.71325072147,1.509171960309258,441.8135260265227,549.5667495198277,25.496666666666666,480.0,False,False
I-95 NB,GP,110+04155,2025-10-30,669.0,4,49.49747468305833,8800.0,96,0.9,44.5477272147525,True,1.1723086799505344,7936.614046704648,0.9018879598528009,362.741209620666,433.07973041769804,29.763333333333335,390.0,False,False
I-95 NB,GP,110+04155,2025-10-31,669.0,4,49.49747468305833,8800.0,96,0.9,44.5477272147525,False,0.0,0.0,0.0,,,,,False,False
I-95 NB,GP,110P04155,2025-10-01,670.0,4,49.49747468305833,8800.0,96,0.9,44.5477272147525,True,4.897935394925228,35402.6402434595,4.023027300393125,344.64881259302217,638.5249362885359,18.313333333333336,585.0,False,False
I-95 NB,GP,110P04155,2025-10-02,670.0,4,49.49747468305833,8800.0,96,0.9,44.5477272147525,True,2.272236538339625,18427.781941710076,2.0940661297397813,360.532838731488,496.8670310318655,30.24222222222222,465.0,False,False
I-95 NB,GP,110P04155,2025-10-03,670.0,4,49.49747468305833,8800.0,96,0.9,44.5477272147525,True,1.9377641988623349,15748.452420019441,1.7895968659113002,382.04082338896217,498.30667532070225,28.63888888888889,450.0,False,False
I-95 NB,GP,110P04155,2025-10-06,670.0,4,49.49747468305833,8800.0,96,0.9,44.5477272147525,True,2.2768241670665845,18256.209391809803,2.0745692490692957,376.3782677795011,512.9877178034961,28.607777777777773,450.0,False,False
I-95 NB,GP,110P04155,2025-10-07,670.0,4,49.49747468305833,8800.0,96,0.9,44.5477272147525,True,2.0618681089367357,15435.675601573519,1.7540540456333544,355.55076916744366,479.2628557036478,26.22333333333334,435.0,False,False
I-95 NB,GP,110P04155,2025-10-08,670.0,4,49.49747468305833,8800.0,96,0.9,44.5477272147525,True,3.3392583645617937,24153.111543437353,2.744671766299699,350.93602757795105,551.2915294516587,21.75777777777778,450.0,False,False
I-95 NB,GP,110P04155,2025-10-09,670.0,4,49.49747468305833,8800.0,96,0.9,44.5477272147525,True,3.119930716620277,24776.401224649162,2.8155001391646777,359.4531783067492,546.6490213039658,21.805555555555554,450.0,False,False
I-95 NB,GP,110P04155,2025-10-10,670.0,4,49.49747468305833,8800.0,96,0.9,44.5477272147525,True,3.0697583462215685,17511.446523547624,1.9899371049485937,346.00200938330005,530.1875101565942,6.157777777777778,420.0,False,False
I-95 NB,GP,110P04155,2025-10-13,670.0,4,49.49747468305833,8800.0,96,0.9,44.5477272147525,False,0.0,0.0,0.0,,,,,False,False
I-95 NB,GP,110P04155,2025-10-14,670.0,4,49.49747468305833,8800.0,96,0.9,44.5477272147525,True,4.027623951718271,28236.245022187017,3.2086642070667066,353.42217050347386,595.0796076065701,18.73888888888889,435.0,False,False
I-95 NB,GP,110P04155,2025-10-15,670.0,4,49.49747468305833,8800.0,96,0.9,44.5477272147525,True,2.828415322358586,21352.598329149856,2.426431628312484,353.8607414566188,523.565660798134,25.603333333333335,435.0,False,False
I-95 NB,GP,110P04155,2025-10-16,670.0,4,49.49747468305833,8800.0,96,0.9,44.5477272147525,True,4.105480181815207,30997.92327445927,3.5224912811885534,347.66234220533426,593.9911531142467,24.89222222222222,435.0,False,False
I-95 NB,GP,110P04155,2025-10-17,670.0,4,49.49747468305833,8800.0,96,0.9,44.5477272147525,True,2.2486911023517857,17472.77095108266,1.9855421535321205,381.34867759910543,516.2701437402126,25.78,480.0,False,False
I-95 NB,GP,110P04155,2025-10-20,670.0,4,49.49747468305833,8800.0,96,0.9,44.5477272147525,True,0.9866046197890285,7865.564880749108,0.8938141909942168,429.9396438550636,489.1359210424053,30.819999999999993,450.0,False,False
I-95 NB,GP,110P04155,2025-10-21,670.0,4,49.49747468305833,8800.0,96,0.9,44.5477272147525,True,1.4400419542486929,11740.084721566023,1.3341005365415937,372.7166162917462,459.1191335466678,28.606666666666673,435.0,False,False
I-95 NB,GP,110P04155,2025-10-22,670.0,4,49.49747468305833,8800.0,96,0.9,44.5477272147525,True,2.969184237516179,22623.396204440014,2.570840477777274,357.97301468786173,536.1240689388325,20.413333333333334,450.0,False,False
I-95 NB,GP,110P04155,2025-10-23,670.0,4,49.49747468305833,8800.0,96,0.9,44.5477272147525,True,2.7466727830235347,20364.529056013915,2.3141510290924905,361.9583459275363,526.7587129089484,20.12555555555556,450.0,False,False
I-95 NB,GP,110P04155,2025-10-24,670.0,4,49.49747468305833,8800.0,96,0.9,44.5477272147525,True,2.103562022832378,15334.880360236853,1.742600040936006,361.93949582974284,488.1532171996855,26.56555555555555,450.0,False,False
I-95 NB,GP,110P04155,2025-10-27,670.0,4,49.49747468305833,8800.0,96,0.9,44.5477272147525,True,2.5225888390183,19591.241080780575,2.226277395543247,354.89507837298044,506.25040871407845,27.74444444444444,450.0,False,False
I-95 NB,GP,110P04155,2025-10-28,670.0,4,49.49747468305833,8800.0,96,0.9,44.5477272147525,True,2.590069876253359,19231.1950107811,2.185363069406943,362.2925534296191,517.6967460048206,22.57444444444445,450.0,False,False
I-95 NB,GP,110P04155,2025-10-29,670.0,4,49.49747468305833,8800.0,96,0.9,44.5477272147525,True,3.8768689807682564,29781.121836414517,3.38421839050165,345.4453131132059,578.0574519593013,23.592222222222215,465.0,False,False
I-95 NB,GP,110P04155,2025-10-30,670.0,4,49.49747468305833,8800.0,96,0.9,44.5477272147525,True,4.425409555626502,35504.80029804207,4.034636397504781,358.10412296505626,623.6286963026464,26.59777777777778,435.0,False,False
I-95 NB,GP,110P04155,2025-10-31,670.0,4,49.49747468305833,8800.0,96,0.9,44.5477272147525,True,1.7931400475884989,14803.340494090491,1.682197783419374,381.805829703532,489.39423255884196,37.1,465.0,False,False
I-95 NB,GP,110+04156,2025-10-01,671.0,4,49.49747468305833,8800.0,96,0.9,44.5477272147525,True,5.08160865410498,35804.4371664692,4.068686041644227,339.52282129488174,644.4193405411805,18.712222222222223,585.0,False,False
I-95 NB,GP,110+04156,2025-10-02,671.0,4,49.49747468305833,8800.0,96,0.9,44.5477272147525,True,2.2539292452218924,18640.75234570181,2.1182673120115694,358.5057460648369,493.74150077815045,32.191111111111105,450.0,False,False
I-95 NB,GP,110+04156,2025-10-03,671.0,4,49.49747468305833,8800.0,96,0.9,44.5477272147525,True,1.9620477056504475,15944.635514761841,1.8118903994047546,378.650977062249,496.37383940127586,29.768888888888895,405.0,False,False
I-95 NB,GP,110+04156,2025-10-06,671.0,4,49.49747468305833,8800.0,96,0.9,44.5477272147525,True,2.429376836367528,20360.478146926962,2.3136906985144274,367.803322133858,513.5659323159097,30.00000000000001,450.0,False,False
I-95 NB,GP,110+04156,2025-10-07,671.0,4,49.49747468305833,8800.0,96,0.9,44.5477272147525,True,2.1202714446638877,18001.27030801573,2.045598898638151,357.87493591204424,485.0912225918775,29.671111111111117,450.0,False,False
I-95 NB,GP,110+04156,2025-10-08,671.0,4,49.49747468305833,8800.0,96,0.9,44.5477272147525,True,3.9630670302903943,28739.77056179351,3.265883018385626,346.29869777737736,584.082719594801,23.80222222222223,480.0,False,False
I-95 NB,GP,110+04156,2025-10-09,671.0,4,49.49747468305833,8800.0,96,0.9,44.5477272147525,True,3.1628677511322754,25618.875141741555,2.91123581156154,357.7031219750687,547.4751870430052,26.903333333333332,450.0,False,False
I-95 NB,GP,110+04156,2025-10-10,671.0,4,49.49747468305833,8800.0,96,0.9,44.5477272147525,True,3.2335106922558983,19476.26855029239,2.213212335260499,342.03936153544714,536.050003070801,5.579999999999999,420.0,False,False
I-95 NB,GP,110+04156,2025-10-13,671.0,4,49.49747468305833,8800.0,96,0.9,44.5477272147525,False,0.0,0.0,0.0,,,,,False,False
I-95 NB,GP,110+04156,2025-10-14,671.0,4,49.49747468305833,8800.0,96,0.9,44.5477272147525,True,3.9778086943288753,28962.117912888512,3.29114976282824,355.32066147737237,593.9891831371049,19.271111111111114,495.0,False,False
I-95 NB,GP,110+04156,2025-10-15,671.0,4,49.49747468305833,8800.0,96,0.9,44.5477272147525,True,2.930920243853724,23582.55059623228,2.6798352950263955,352.70787045265655,528.56308508388,28.233333333333334,450.0,False,False
I-95 NB,GP,110+04156,2025-10-16,671.0,4,49.49747468305833,8800.0,96,0.9,44.5477272147525,True,4.259874606004119,33205.36076336779,3.773336450382703,343.0333353326024,598.6258116928495,22.135555555555555,510.0,False,False
I-95 NB,GP,110+04156,2025-10-17,671.0,4,49.49747468305833,8800.0,96,0.9,44.5477272147525,True,2.2875109743679074,17916.584423626027,2.0359755026847757,377.7846856546194,515.0353441166939,29.27,465.0,False,False
I-95 NB,GP,110+04156,2025-10-20,671.0,4,49.49747468305833,8800.0,96,0.9,44.5477272147525,True,1.2154880635307375,10285.831888751127,1.168844532812628,419.4710542478434,492.40033805968767,31.198888888888877,450.0,False,False
I-95 NB,GP,110+04156,2025-10-21,671.0,4,49.49747468305833,8800.0,96,0.9,44.5477272147525,True,1.482488839255377,11986.174122892407,1.3620652412377736,372.58106377879096,461.5303941341136,30.74666666666667,435.0,False,False
I-95 NB,GP,110+04156,2025-10-22,671.0,4,49.49747468305833,8800.0,96,0.9,44.5477272147525,True,2.990566355062784,23384.38816955484,2.6573168374494136,354.68455989525194,534.118541199019,26.13,450.0,False,False
I-95 NB,GP,110+04156,2025-10-23,671.0,4,49.49747468305833,8800.0,96,0.9,44.5477272147525,True,2.931002769058895,23051.23647205822,2.6194586900066157,355.10514243782376,530.9653085813575,24.75555555555556,450.0,False,False
I-95 NB,GP,110+04156,2025-10-24,671.0,4,49.49747468305833,8800.0,96,0.9,44.5477272147525,True,2.160040217929286,17922.83913506953,2.0366862653488105,359.84495924169204,489.4473723174492,28.721111111111117,405.0,False,False
I-95 NB,GP,110+04156,2025-10-27,671.0,4,49.49747468305833,8800.0,96,0.9,44.5477272147525,True,2.5669590805028064,19995.531349636414,2.2722194715495925,352.509862641973,506.52740747214136,30.515555555555554,435.0,False,False
I-95 NB,GP,110+04156,2025-10-28,671.0,4,49.49747468305833,8800.0,96,0.9,44.5477272147525,True,2.735361904547018,21686.177675175302,2.4643383721790117,358.2331938683939,522.354908141215,28.21333333333334,435.0,False,False
I-95 NB,GP,110+04156,2025-10-29,671.0,4,49.49747468305833,8800.0,96,0.9,44.5477272147525,True,3.937295641544223,32559.998961270518,3.699999881962559,339.9834611332448,576.2211996258982,26.86222222222223,465.0,False,False
I-95 NB,GP,110+04156,2025-10-30,671.0,4,49.49747468305833,8800.0,96,0.9,44.5477272147525,True,4.395699860779225,34330.877151659006,3.9012360399612507,351.1957779294107,614.9377695761642,28.223333333333333,435.0,False,False
I-95 NB,GP,110+04156,2025-10-31,671.0,4,49.49747468305833,8800.0,96,0.9,44.5477272147525,True,2.1280427156532626,16456.823918358983,1.870093627086248,376.0781209478463,503.76068388704203,31.572222222222223,465.0,False,False
I-95 NB,GP,110P04156,2025-10-01,672.0,4,49.49747468305833,8800.0,96,0.9,44.5477272147525,True,4.599970214604128,35230.93456951597,4.0035152919904515,358.625477587724,634.6236904639717,19.052222222222223,570.0,False,False
I-95 NB,GP,110P04156,2025-10-02,672.0,4,49.49747468305833,8800.0,96,0.9,44.5477272147525,True,0.7672216026402414,6386.930428421674,0.7257875486842812,370.0172693923034,416.05056555071786,39.94777777777778,390.0,False,False
I-95 NB,GP,110P04156,2025-10-03,672.0,4,49.49747468305833,8800.0,96,0.9,44.5477272147525,True,1.3764786695940785,12685.97820984089,1.4415884329364648,384.56648885425665,467.15520902990136,36.40888888888889,405.0,False,False
I-95 NB,GP,110P04156,2025-10-06,672.0,4,49.49747468305833,8800.0,96,0.9,44.5477272147525,True,2.0897398888698473,17029.720400339564,1.9351955000385868,376.52289694511455,501.9072902773054,38.07333333333333,450.0,False,False
I-95 NB,GP,110P04156,2025-10-07,672.0,4,49.49747468305833,8800.0,96,0.9,44.5477272147525,True,2.0586667629144264,19284.60434396276,2.19143231181395,373.3396438888302,496.8596496636958,39.565555555555555,450.0,False,False
I-95 NB,GP,110P04156,2025-10-08,672.0,4,49.49747468305833,8800.0,96,0.9,44.5477272147525,True,3.38587871335078,25863.37334686351,2.939019698507217,349.0384015530602,552.191124354107,28.176666666666673,510.0,False,False
I-95 NB,GP,110P04156,2025-10-09,672.0,4,49.49747468305833,8800.0,96,0.9,44.5477272147525,True,2.767591533618122,22908.698788103582,2.6032612259208614,367.81666093842966,533.872152955517,35.276666666666664,510.0,False,False
I-95 NB,GP,110P04156,2025-10-10,672.0,4,49.49747468305833,8800.0,96,0.9,44.5477272147525,True,2.54307957994165,13968.892464183034,1.5873741436571631,341.2217153939466,493.80649019044563,6.067777777777773,420.0,False,False
I-95 NB,GP,110P04156,2025-10-13,672.0,4,49.49747468305833,8800.0,96,0.9,44.5477272147525,False,0.0,0.0,0.0,,,,,False,False
I-95 NB,GP,110P04156,2025-10-14,672.0,4,49.49747468305833,8800.0,96,0.9,44.5477272147525,True,3.6321673599246007,26269.557606739203,2.9851770007658187,360.63236665709906,578.5624082525751,22.377777777777776,495.0,False,False
I-95 NB,GP,110P04156,2025-10-15,672.0,4,49.49747468305833,8800.0,96,0.9,44.5477272147525,True,2.8911566065448926,24083.911340524344,2.7368081068777665,353.2233236594754,526.692720052169,29.74555555555556,465.0,False,False
I-95 NB,GP,110P04156,2025-10-16,672.0,4,49.49747468305833,8800.0,96,0.9,44.5477272147525,True,3.397982087174975,28662.047899385878,3.257050897657486,351.2520670667263,555.1309922972248,23.04444444444444,510.0,False,False
I-95 NB,GP,110P04156,2025-10-17,672.0,4,49.49747468305833,8800.0,96,0.9,44.5477272147525,True,1.5243932844835266,12676.876798991698,1.440554181703602,384.0806479664132,475.5442450354248,39.065555555555555,420.0,False,False
I-95 NB,GP,110P04156,2025-10-20,672.0,4,49.49747468305833,8800.0,96,0.9,44.5477272147525,False,0.0,0.0,0.0,,,,,False,False
I-95 NB,GP,110P04156,2025-10-21,672.0,4,49.49747468305833,8800.0,96,0.9,44.5477272147525,True,1.1477009206701563,10479.912263315075,1.1908991208312585,383.77445973738145,452.6365149775908,36.436666666666675,405.0,False,False
I-95 NB,GP,110P04156,2025-10-22,672.0,4,49.49747468305833,8800.0,96,0.9,44.5477272147525,True,2.7112978467128084,20402.935852744802,2.3185154378119095,361.58698718500017,524.2648579877687,33.11555555555555,450.0,False,False
I-95 NB,GP,110P04156,2025-10-23,672.0,4,49.49747468305833,8800.0,96,0.9,44.5477272147525,True,2.6912767405949607,22291.873188612477,2.5331674077968724,359.6023436374891,521.0789480731868,30.707777777777782,390.0,False,False
I-95 NB,GP,110P04156,2025-10-24,672.0,4,49.49747468305833,8800.0,96,0.9,44.5477272147525,True,1.8849826104340508,14660.4402016543,1.6659591138243524,365.638648366281,478.73760499232407,33.91444444444445,405.0,False,False
I-95 NB,GP,110P04156,2025-10-27,672.0,4,49.49747468305833,8800.0,96,0.9,44.5477272147525,True,2.0406902255702373,16633.295566061344,1.890147223416062,350.99615530163743,473.43756883585166,36.48555555555555,390.0,False,False
I-95 NB,GP,110P04156,2025-10-28,672.0,4,49.49747468305833,8800.0,96,0.9,44.5477272147525,True,2.3841866420399733,18666.103665596736,2.121148143817811,363.89855520247846,506.94975372487687,33.25888888888889,390.0,False,False
I-95 NB,GP,110P04156,2025-10-29,672.0,4,49.49747468305833,8800.0,96,0.9,44.5477272147525,True,1.5791689585440953,12166.28538692002,1.3825324303318205,436.35588408187124,531.106021594517,32.312222222222225,495.0,False,False
I-95 NB,GP,110P04156,2025-10-30,672.0,4,49.49747468305833,8800.0,96,0.9,44.5477272147525,True,2.932074905699801,25201.674884536682,2.863826691424623,351.34334430942727,527.2678386514153,33.86000000000001,450.0,False,False
I-95 NB,GP,110P04156,2025-10-31,672.0,4,49.49747468305833,8800.0,96,0.9,44.5477272147525,True,1.5154638952083086,12245.140839252388,1.3914932771877713,420.5502366722075,511.47807038470603,32.955555555555556,480.0,False,False
I-95 NB,GP,110+04157,2025-10-01,673.0,4,49.49747468305833,8800.0,96,0.9,44.5477272147525,True,4.657499944597854,36185.68155139707,4.112009267204213,351.37673827483974,630.8267349507109,20.87888888888888,570.0,False,False
I-95 NB,GP,110+04157,2025-10-02,673.0,4,49.49747468305833,8800.0,96,0.9,44.5477272147525,True,0.729207236752173,6307.072478551887,0.7167127816536235,369.2669524287859,413.01938663391627,38.25555555555555,390.0,False,False
I-95 NB,GP,110+04157,2025-10-03,673.0,4,49.49747468305833,8800.0,96,0.9,44.5477272147525,True,0.550504203459109,6389.271672748058,0.7260535991759157,387.5486958016727,420.57894800921923,41.00555555555555,405.0,False,False
I-95 NB,GP,110+04157,2025-10-06,673.0,4,49.49747468305833,8800.0,96,0.9,44.5477272147525,True,2.099791580400568,17264.24570547531,1.9618461028949217,375.24757062378524,501.2350654478193,41.04666666666666,480.0,False,False
I-95 NB,GP,110+04157,2025-10-07,673.0,4,49.49747468305833,8800.0,96,0.9,44.5477272147525,True,0.7781411183808785,6475.668280160815,0.7358713954728199,382.7542919074157,429.4427590102684,42.27777777777778,405.0,False,False
I-95 NB,GP,110+04157,2025-10-08,673.0,4,49.49747468305833,8800.0,96,0.9,44.5477272147525,True,3.3526744537637048,26660.738125420245,3.029629332434119,347.6293091132754,548.7897763390977,29.78222222222222,510.0,False,False
I-95 NB,GP,110+04157,2025-10-09,673.0,4,49.49747468305833,8800.0,96,0.9,44.5477272147525,True,2.641143325590827,23400.72852680252,2.659173696227559,374.6512721496859,533.1198716851355,38.577777777777776,510.0,False,False
I-95 NB,GP,110+04157,2025-10-10,673.0,4,49.49747468305833,8800.0,96,0.9,44.5477272147525,True,2.3978322038383624,14669.08110645742,1.666941034824707,339.2724979818638,483.14243021216555,7.375555555555555,405.0,False,False
I-95 NB,GP,110+04157,2025-10-13,673.0,4,49.49747468305833,8800.0,96,0.9,44.5477272147525,False,0.0,0.0,0.0,,,,,False,False
I-95 NB,GP,110+04157,2025-10-14,673.0,4,49.49747468305833,8800.0,96,0.9,44.5477272147525,True,3.5884350784420915,28056.193852242795,3.1882038468457723,360.340000577708,575.6461052842335,27.631111111111114,525.0,False,False
I-95 NB,GP,110+04157,2025-10-15,673.0,4,49.49747468305833,8800.0,96,0.9,44.5477272147525,True,2.843652625896017,22796.687639876254,2.5905326863495746,354.0889961589616,524.7081537127226,34.52555555555556,480.0,False,False
I-95 NB,GP,110+04157,2025-10-16,673.0,4,49.49747468305833,8800.0,96,0.9,44.5477272147525,True,1.5087261941311028,11914.097160647838,1.3538746773463453,461.7208134309429,552.244385078809,25.582222222222224,510.0,False,False
I-95 NB,GP,110+04157,2025-10-17,673.0,4,49.49747468305833,8800.0,96,0.9,44.5477272147525,True,1.3675020248404242,12855.046276705834,1.4608007132620267,383.01958937446204,465.0697108648875,41.15111111111111,390.0,False,False
I-95 NB,GP,110+04157,2025-10-20,673.0,4,49.49747468305833,8800.0,96,0.9,44.5477272147525,False,0.0,0.0,0.0,,,,,False,False
I-95 NB,GP,110+04157,2025-10-21,673.0,4,49.49747468305833,8800.0,96,0.9,44.5477272147525,True,0.8849077064238098,8557.231195703986,0.9724126358754529,387.12202486793194,440.2164872533605,39.607777777777784,405.0,False,False
I-95 NB,GP,110+04157,2025-10-22,673.0,4,49.49747468305833,8800.0,96,0.9,44.5477272147525,True,2.731319346427416,23022.883357842296,2.616236745209352,357.5395102592509,521.4186710448959,35.31444444444443,390.0,False,False
I-95 NB,GP,110+04157,2025-10-23,673.0,4,49.49747468305833,8800.0,96,0.9,44.5477272147525,True,2.7122219787130017,22776.347277140998,2.5882212814932952,364.05157905057087,526.784897773351,32.083333333333336,390.0,False,False
I-95 NB,GP,110+04157,2025-10-24,673.0,4,49.49747468305833,8800.0,96,0.9,44.5477272147525,True,2.0626728847889515,17019.53083577053,1.9340375949739237,360.0030386748385,483.76341176217556,36.410000000000004,405.0,False,False
I-95 NB,GP,110+04157,2025-10-27,673.0,4,49.49747468305833,8800.0,96,0.9,44.5477272147525,True,1.7226027198897234,14698.906495386858,1.6703302835666884,351.26243232111733,454.6185955145007,36.94111111111111,375.0,False,False
I-95 NB,GP,110+04157,2025-10-28,673.0,4,49.49747468305833,8800.0,96,0.9,44.5477272147525,True,2.2201385137363387,19135.377491429404,2.1744747149351595,368.0399563082125,501.2482671323928,36.65333333333333,390.0,False,False
I-95 NB,GP,110+04157,2025-10-29,673.0,4,49.49747468305833,8800.0,96,0.9,44.5477272147525,True,1.0856507142459473,8427.929103491233,0.9577192163058219,453.6002504957216,518.7392933504784,38.47777777777778,495.0,False,False
I-95 NB,GP,110+04157,2025-10-30,673.0,4,49.49747468305833,8800.0,96,0.9,44.5477272147525,True,3.0487452463658675,27332.74198914953,3.105993407857901,342.41640093381216,525.3411157157642,34.668888888888894,420.0,False,False
I-95 NB,GP,110+04157,2025-10-31,673.0,4,49.49747468305833,8800.0,96,0.9,44.5477272147525,True,1.5131700524592777,12172.983723831709,1.383293604980876,425.8499106736789,516.6401138212356,31.087777777777774,495.0,False,False
I-95 NB,GP,110P04157,2025-10-01,674.0,4,49.49747468305833,8800.0,96,0.9,44.5477272147525,True,4.45926901325528,33658.18459924213,3.8247937044593328,363.0404633392421,630.5966041345589,19.492222222222235,525.0,False,False
I-95 NB,GP,110P04157,2025-10-02,674.0,4,49.49747468305833,8800.0,96,0.9,44.5477272147525,True,0.7300670430795255,6423.158276316382,0.729904349581407,363.35759472011966,407.1616173048912,40.79111111111111,375.0,False,False
I-95 NB,GP,110P04157,2025-10-03,674.0,4,49.49747468305833,8800.0,96,0.9,44.5477272147525,False,0.0,0.0,0.0,,,,,False,False
I-95 NB,GP,110P04157,2025-10-06,674.0,4,49.49747468305833,8800.0,96,0.9,44.5477272147525,False,0.0,0.0,0.0,,,,,False,False
I-95 NB,GP,110P04157,2025-10-07,674.0,4,49.49747468305833,8800.0,96,0.9,44.5477272147525,True,0.8062558212071347,6161.669891853743,0.7001897604379254,465.83784036527055,514.2131896376986,35.55111111111111,495.0,False,False
I-95 NB,GP,110P04157,2025-10-08,674.0,4,49.49747468305833,8800.0,96,0.9,44.5477272147525,True,1.883818604821215,14218.264582697222,1.6157118843974116,439.0752837343998,552.1044000236727,30.054444444444442,510.0,False,False
I-95 NB,GP,110P04157,2025-10-09,674.0,4,49.49747468305833,8800.0,96,0.9,44.5477272147525,True,0.7700390109812361,6263.285232308734,0.7117369582169015,486.4860637109564,532.6884043698306,38.39222222222222,510.0,False,False
I-95 NB,GP,110P04157,2025-10-10,674.0,4,49.49747468305833,8800.0,96,0.9,44.5477272147525,True,2.473572692945253,15553.0582076574,1.7673929781428863,337.7607598629305,486.1751214396457,10.657777777777776,405.0,False,False
I-95 NB,GP,110P04157,2025-10-13,674.0,4,49.49747468305833,8800.0,96,0.9,44.5477272147525,False,0.0,0.0,0.0,,,,,False,False
I-95 NB,GP,110P04157,2025-10-14,674.0,4,49.49747468305833,8800.0,96,0.9,44.5477272147525,True,3.497369258214586,28522.610451024488,3.2412057330709647,365.13007514867996,574.9722306415551,26.055555555555554,495.0,False,False
I-95 NB,GP,110P04157,2025-10-15,674.0,4,49.49747468305833,8800.0,96,0.9,44.5477272147525,True,2.843982786288216,25215.64691594745,2.8654144222667557,359.05096609378955,529.6899332710825,32.54555555555555,480.0,False,False
I-95 NB,GP,110P04157,2025-10-16,674.0,4,49.49747468305833,8800.0,96,0.9,44.5477272147525,True,1.4948387270256964,11680.985175047377,1.3273846789826564,467.4090320934338,557.0993557149756,23.474444444444455,510.0,False,False
I-95 NB,GP,110P04157,2025-10-17,674.0,4,49.49747468305833,8800.0,96,0.9,44.5477272147525,False,0.0,0.0,0.0,,,,,False,False
I-95 NB,GP,110P04157,2025-10-20,674.0,4,49.49747468305833,8800.0,96,0.9,44.5477272147525,False,0.0,0.0,0.0,,,,,False,False
I-95 NB,GP,110P04157,2025-10-21,674.0,4,49.49747468305833,8800.0,96,0.9,44.5477272147525,False,0.0,0.0,0.0,,,,,False,False
I-95 NB,GP,110P04157,2025-10-22,674.0,4,49.49747468305833,8800.0,96,0.9,44.5477272147525,True,1.1058222865353693,10766.095374151715,1.2234199288808767,357.9981891140521,424.34752630617425,41.218888888888884,390.0,False,False
I-95 NB,GP,110P04157,2025-10-23,674.0,4,49.49747468305833,8800.0,96,0.9,44.5477272147525,True,0.9446082570213586,6347.482079323676,0.7213047817413268,378.2377466428157,434.9142420640972,39.70777777777778,390.0,False,False
I-95 NB,GP,110P04157,2025-10-24,674.0,4,49.49747468305833,8800.0,96,0.9,44.5477272147525,True,0.7981398642640698,6487.264514339779,0.7371891493567931,384.3548912933164,432.2432831491606,42.66777777777778,405.0,False,False
I-95 NB,GP,110P04157,2025-10-27,674.0,4,49.49747468305833,8800.0,96,0.9,44.5477272147525,True,1.2343585045599232,10696.200918644834,1.215477377118731,355.4410783342277,429.5025886078231,39.51888888888889,375.0,False,False
I-95 NB,GP,110P04157,2025-10-28,674.0,4,49.49747468305833,8800.0,96,0.9,44.5477272147525,True,0.7252675612760963,6457.635788459381,0.733822248688566,376.8752337674114,420.39128744397715,41.70888888888888,390.0,False,False
I-95 NB,GP,110P04157,2025-10-29,674.0,4,49.49747468305833,8800.0,96,0.9,44.5477272147525,True,0.9512464071183037,8452.383647703802,0.960498141784523,464.8304173122138,521.905201739312,37.55888888888889,495.0,False,False
I-95 NB,GP,110P04157,2025-10-30,674.0,4,49.49747468305833,8800.0,96,0.9,44.5477272147525,True,2.2899560967805095,19056.55113208497,2.1655171741005645,341.73278632532623,479.1301521321568,37.33777777777778,405.0,False,False
I-95 NB,GP,110P04157,2025-10-31,674.0,4,49.49747468305833,8800.0,96,0.9,44.5477272147525,True,1.5586930002593438,12050.521204496465,1.369377409601871,423.4781304743119,516.9997104898725,29.54444444444444,495.0,False,False
I-95 NB,GP,110+04158,2025-10-01,675.0,4,49.49747468305833,8800.0,96,0.9,44.5477272147525,True,4.275721833100861,32393.292895247007,3.6810560108235233,372.65811178514355,629.2014217711952,18.433333333333334,555.0,False,False
I-95 NB,GP,110+04158,2025-10-02,675.0,4,49.49747468305833,8800.0,96,0.9,44.5477272147525,False,0.0,0.0,0.0,,,,,False,False
I-95 NB,GP,110+04158,2025-10-03,675.0,4,49.49747468305833,8800.0,96,0.9,44.5477272147525,False,0.0,0.0,0.0,,,,,False,False
I-95 NB,GP,110+04158,2025-10-06,675.0,4,49.49747468305833,8800.0,96,0.9,44.5477272147525,False,0.0,0.0,0.0,,,,,False,False
I-95 NB,GP,110+04158,2025-10-07,675.0,4,49.49747468305833,8800.0,96,0.9,44.5477272147525,True,1.0130679079342617,8057.742197344004,0.915652522425455,462.8895139308438,523.6735884068995,30.733333333333338,495.0,False,False
I-95 NB,GP,110+04158,2025-10-08,675.0,4,49.49747468305833,8800.0,96,0.9,44.5477272147525,True,1.7327836091396174,14155.236160958622,1.608549563745298,451.2404482870811,555.2074648354582,29.585555555555555,510.0,False,False
I-95 NB,GP,110+04158,2025-10-09,675.0,4,49.49747468305833,8800.0,96,0.9,44.5477272147525,True,0.7433043092990924,6273.931353217942,0.7129467446838571,488.1813122001587,532.7795707581042,38.835555555555565,510.0,False,False
I-95 NB,GP,110+04158,2025-10-10,675.0,4,49.49747468305833,8800.0,96,0.9,44.5477272147525,True,2.415196989972381,17727.023881741414,2.01443453201607,336.2908725824926,481.2026919808355,18.052222222222227,405.0,False,False
I-95 NB,GP,110+04158,2025-10-13,675.0,4,49.49747468305833,8800.0,96,0.9,44.5477272147525,False,0.0,0.0,0.0,,,,,False,False
I-95 NB,GP,110+04158,2025-10-14,675.0,4,49.49747468305833,8800.0,96,0.9,44.5477272147525,True,2.007502590998121,15727.503581595749,1.787216316090426,454.24855299249157,574.6987084523788,25.257777777777786,510.0,False,False
I-95 NB,GP,110+04158,2025-10-15,675.0,4,49.49747468305833,8800.0,96,0.9,44.5477272147525,True,1.6341911155012383,12123.988561520107,1.3777259729000122,435.27069096214916,533.3221578922235,32.71,480.0,False,False
I-95 NB,GP,110+04158,2025-10-16,675.0,4,49.49747468305833,8800.0,96,0.9,44.5477272147525,True,1.4064594486096533,9338.327360620815,1.0611735637069108,469.02820838736204,553.4157753039412,22.461111111111112,510.0,False,False
I-95 NB,GP,110+04158,2025-10-17,675.0,4,49.49747468305833,8800.0,96,0.9,44.5477272147525,False,0.0,0.0,0.0,,,,,False,False
I-95 NB,GP,110+04158,2025-10-20,675.0,4,49.49747468305833,8800.0,96,0.9,44.5477272147525,False,0.0,0.0,0.0,,,,,False,False
I-95 NB,GP,110+04158,2025-10-21,675.0,4,49.49747468305833,8800.0,96,0.9,44.5477272147525,False,0.0,0.0,0.0,,,,,False,False
I-95 NB,GP,110+04158,2025-10-22,675.0,4,49.49747468305833,8800.0,96,0.9,44.5477272147525,True,0.7509720824521158,6329.889808698345,0.7193056600793575,477.4200280324044,522.4783529795313,39.18111111111111,510.0,False,False
I-95 NB,GP,110+04158,2025-10-23,675.0,4,49.49747468305833,8800.0,96,0.9,44.5477272147525,True,0.6920418843203568,4062.524604533121,0.46165052324240013,497.5371601839373,539.0596732431587,38.32,510.0,False,False
I-95 NB,GP,110+04158,2025-10-24,675.0,4,49.49747468305833,8800.0,96,0.9,44.5477272147525,False,0.0,0.0,0.0,,,,,False,False
I-95 NB,GP,110+04158,2025-10-27,675.0,4,49.49747468305833,8800.0,96,0.9,44.5477272147525,False,0.0,0.0,0.0,,,,,False,False
I-95 NB,GP,110+04158,2025-10-28,675.0,4,49.49747468305833,8800.0,96,0.9,44.5477272147525,True,0.638874690940032,6460.808252877605,0.7341827560088188,463.33646052186407,501.668941978266,41.801111111111105,495.0,False,False
I-95 NB,GP,110+04158,2025-10-29,675.0,4,49.49747468305833,8800.0,96,0.9,44.5477272147525,True,0.8383117164395751,6220.071592984463,0.706826317384598,472.6264211814059,522.9251241677804,37.33111111111111,495.0,False,False
I-95 NB,GP,110+04158,2025-10-30,675.0,4,49.49747468305833,8800.0,96,0.9,44.5477272147525,True,2.111352010768463,17146.461417937666,1.9484615247656438,346.7115570822046,473.3926777283124,39.623333333333335,405.0,False,False
I-95 NB,GP,110+04158,2025-10-31,675.0,4,49.49747468305833,8800.0,96,0.9,44.5477272147525,True,1.4142625284628394,12428.451177736219,1.4123239974700248,430.97244795001365,515.828199657784,33.72222222222222,495.0,False,False
I-95 NB,GP,110P04159,2025-10-01,676.001,4,49.49747468305833,8800.0,96,0.9,44.5477272147525,True,1.912633051753276,12157.763350346879,1.3815640170848726,472.6744011583811,587.4323842635777,8.831111111111111,525.0,False,False
I-95 NB,GP,110P04159,2025-10-02,676.001,4,49.49747468305833,8800.0,96,0.9,44.5477272147525,True,1.5893990367400506,8201.148684836262,0.9319487141859388,485.4518389693091,580.8157811737121,8.32111111111111,525.0,False,False
I-95 NB,GP,110P04159,2025-10-03,676.001,4,49.49747468305833,8800.0,96,0.9,44.5477272147525,False,0.0,0.0,0.0,,,,,False,False
I-95 NB,GP,110P04159,2025-10-06,676.001,4,49.49747468305833,8800.0,96,0.9,44.5477272147525,False,0.0,0.0,0.0,,,,,False,False
I-95 NB,GP,110P04159,2025-10-07,676.001,4,49.49747468305833,8800.0,96,0.9,44.5477272147525,False,0.0,0.0,0.0,,,,,False,False
I-95 NB,GP,110P04159,2025-10-08,676.001,4,49.49747468305833,8800.0,96,0.9,44.5477272147525,True,1.036505399956541,6965.996373058115,0.7915904969384221,491.8397306814715,554.030054678864,19.063333333333333,525.0,False,False
I-95 NB,GP,110P04159,2025-10-09,676.001,4,49.49747468305833,8800.0,96,0.9,44.5477272147525,True,1.4243590268794435,9086.185802088852,1.0325211138737331,466.7288939650459,552.1904355778125,20.412222222222226,510.0,False,False
I-95 NB,GP,110P04159,2025-10-10,676.001,4,49.49747468305833,8800.0,96,0.9,44.5477272147525,False,0.0,0.0,0.0,,,,,False,False
I-95 NB,GP,110P04159,2025-10-13,676.001,4,49.49747468305833,8800.0,96,0.9,44.5477272147525,False,0.0,0.0,0.0,,,,,False,False
I-95 NB,GP,110P04159,2025-10-14,676.001,4,49.49747468305833,8800.0,96,0.9,44.5477272147525,True,0.7913373235715009,7718.761364629902,0.877131973253398,509.5637011612987,557.0439405755887,30.38,540.0,False,False
I-95 NB,GP,110P04159,2025-10-15,676.001,4,49.49747468305833,8800.0,96,0.9,44.5477272147525,True,1.223307348682236,8539.64230503877,0.9704138982998601,478.98946995139966,552.3879108723338,17.748888888888885,510.0,False,False
I-95 NB,GP,110P04159,2025-10-16,676.001,4,49.49747468305833,8800.0,96,0.9,44.5477272147525,True,1.6152922652156017,10912.46734785679,1.2400531077109989,473.4911190379094,570.4086549508455,11.124444444444444,510.0,False,False
I-95 NB,GP,110P04159,2025-10-17,676.001,4,49.49747468305833,8800.0,96,0.9,44.5477272147525,False,0.0,0.0,0.0,,,,,False,False
I-95 NB,GP,110P04159,2025-10-20,676.001,4,49.49747468305833,8800.0,87,0.9,44.5477272147525,False,0.0,0.0,0.0,,,,,False,False
I-95 NB,GP,110P04159,2025-10-21,676.001,4,49.49747468305833,8800.0,96,0.9,44.5477272147525,False,0.0,0.0,0.0,,,,,False,False
I-95 NB,GP,110P04159,2025-10-22,676.001,4,49.49747468305833,8800.0,96,0.9,44.5477272147525,False,0.0,0.0,0.0,,,,,False,False
I-95 NB,GP,110P04159,2025-10-23,676.001,4,49.49747468305833,8800.0,96,0.9,44.5477272147525,False,0.0,0.0,0.0,,,,,False,False
I-95 NB,GP,110P04159,2025-10-24,676.001,4,49.49747468305833,8800.0,96,0.9,44.5477272147525,False,0.0,0.0,0.0,,,,,False,False
I-95 NB,GP,110P04159,2025-10-27,676.001,4,49.49747468305833,8800.0,96,0.9,44.5477272147525,False,0.0,0.0,0.0,,,,,False,False
I-95 NB,GP,110P04159,2025-10-28,676.001,4,49.49747468305833,8800.0,96,0.9,44.5477272147525,True,1.5644228244170628,14038.321942804001,1.5952638571368183,449.7731690553356,543.6385385203594,33.87777777777777,525.0,False,False
I-95 NB,GP,110P04159,2025-10-29,676.001,4,49.49747468305833,8800.0,96,0.9,44.5477272147525,False,0.0,0.0,0.0,,,,,False,False
I-95 NB,GP,110P04159,2025-10-30,676.001,4,49.49747468305833,8800.0,96,0.9,44.5477272147525,False,0.0,0.0,0.0,,,,,False,False
I-95 NB,GP,110P04159,2025-10-31,676.001,4,49.49747468305833,8800.0,96,0.9,44.5477272147525,False,0.0,0.0,0.0,,,,,False,False
I-95 NB,GP,110P04146,2025-10-01,652.0,3,49.49747468305833,6600.0,96,0.95,47.022600948905406,False,0.0,0.0,0.0,,,,,False,False
I-95 NB,GP,110P04146,2025-10-02,652.0,3,49.49747468305833,6600.0,96,0.95,47.022600948905406,False,0.0,0.0,0.0,,,,,False,False
I-95 NB,GP,110P04146,2025-10-03,652.0,3,49.49747468305833,6600.0,96,0.95,47.022600948905406,False,0.0,0.0,0.0,,,,,False,False
I-95 NB,GP,110P04146,2025-10-06,652.0,3,49.49747468305833,6600.0,96,0.95,47.022600948905406,False,0.0,0.0,0.0,,,,,False,False
I-95 NB,GP,110P04146,2025-10-07,652.0,3,49.49747468305833,6600.0,96,0.95,47.022600948905406,False,0.0,0.0,0.0,,,,,False,False
I-95 NB,GP,110P04146,2025-10-08,652.0,3,49.49747468305833,6600.0,96,0.95,47.022600948905406,False,0.0,0.0,0.0,,,,,False,False
I-95 NB,GP,110P04146,2025-10-09,652.0,3,49.49747468305833,6600.0,96,0.95,47.022600948905406,False,0.0,0.0,0.0,,,,,False,False
I-95 NB,GP,110P04146,2025-10-10,652.0,3,49.49747468305833,6600.0,96,0.95,47.022600948905406,False,0.0,0.0,0.0,,,,,False,False
I-95 NB,GP,110P04146,2025-10-13,652.0,3,49.49747468305833,6600.0,96,0.95,47.022600948905406,False,0.0,0.0,0.0,,,,,False,False
I-95 NB,GP,110P04146,2025-10-14,652.0,3,49.49747468305833,6600.0,96,0.95,47.022600948905406,False,0.0,0.0,0.0,,,,,False,False
I-95 NB,GP,110P04146,2025-10-15,652.0,3,49.49747468305833,6600.0,96,0.95,47.022600948905406,False,0.0,0.0,0.0,,,,,False,False
I-95 NB,GP,110P04146,2025-10-16,652.0,3,49.49747468305833,6600.0,96,0.95,47.022600948905406,False,0.0,0.0,0.0,,,,,False,False
I-95 NB,GP,110P04146,2025-10-17,652.0,3,49.49747468305833,6600.0,96,0.95,47.022600948905406,False,0.0,0.0,0.0,,,,,False,False
I-95 NB,GP,110P04146,2025-10-20,652.0,3,49.49747468305833,6600.0,96,0.95,47.022600948905406,False,0.0,0.0,0.0,,,,,False,False
I-95 NB,GP,110P04146,2025-10-21,652.0,3,49.49747468305833,6600.0,96,0.95,47.022600948905406,False,0.0,0.0,0.0,,,,,False,False
I-95 NB,GP,110P04146,2025-10-22,652.0,3,49.49747468305833,6600.0,96,0.95,47.022600948905406,False,0.0,0.0,0.0,,,,,False,False
I-95 NB,GP,110P04146,2025-10-23,652.0,3,49.49747468305833,6600.0,96,0.95,47.022600948905406,False,0.0,0.0,0.0,,,,,False,False
I-95 NB,GP,110P04146,2025-10-24,652.0,3,49.49747468305833,6600.0,96,0.95,47.022600948905406,False,0.0,0.0,0.0,,,,,False,False
I-95 NB,GP,110P04146,2025-10-27,652.0,3,49.49747468305833,6600.0,96,0.95,47.022600948905406,False,0.0,0.0,0.0,,,,,False,False
I-95 NB,GP,110P04146,2025-10-28,652.0,3,49.49747468305833,6600.0,96,0.95,47.022600948905406,False,0.0,0.0,0.0,,,,,False,False
I-95 NB,GP,110P04146,2025-10-29,652.0,3,49.49747468305833,6600.0,96,0.95,47.022600948905406,False,0.0,0.0,0.0,,,,,False,False
I-95 NB,GP,110P04146,2025-10-30,652.0,3,49.49747468305833,6600.0,96,0.95,47.022600948905406,True,2.2281439273024146,10581.991132587125,1.6033319897859282,382.6154159086735,516.3040515468184,9.64111111111111,420.0,False,False
I-95 NB,GP,110P04146,2025-10-31,652.0,3,49.49747468305833,6600.0,96,0.95,47.022600948905406,False,0.0,0.0,0.0,,,,,False,False
I-95 NB,GP,110+04147,2025-10-01,653.0,3,49.49747468305833,6600.0,96,0.95,47.022600948905406,False,0.0,0.0,0.0,,,,,False,False
I-95 NB,GP,110+04147,2025-10-02,653.0,3,49.49747468305833,6600.0,96,0.95,47.022600948905406,False,0.0,0.0,0.0,,,,,False,False
I-95 NB,GP,110+04147,2025-10-03,653.0,3,49.49747468305833,6600.0,96,0.95,47.022600948905406,False,0.0,0.0,0.0,,,,,False,False
I-95 NB,GP,110+04147,2025-10-06,653.0,3,49.49747468305833,6600.0,96,0.95,47.022600948905406,False,0.0,0.0,0.0,,,,,False,False
I-95 NB,GP,110+04147,2025-10-07,653.0,3,49.49747468305833,6600.0,96,0.95,47.022600948905406,False,0.0,0.0,0.0,,,,,False,False
I-95 NB,GP,110+04147,2025-10-08,653.0,3,49.49747468305833,6600.0,96,0.95,47.022600948905406,False,0.0,0.0,0.0,,,,,False,False
I-95 NB,GP,110+04147,2025-10-09,653.0,3,49.49747468305833,6600.0,96,0.95,47.022600948905406,False,0.0,0.0,0.0,,,,,False,False
I-95 NB,GP,110+04147,2025-10-10,653.0,3,49.49747468305833,6600.0,96,0.95,47.022600948905406,False,0.0,0.0,0.0,,,,,False,False
I-95 NB,GP,110+04147,2025-10-13,653.0,3,49.49747468305833,6600.0,96,0.95,47.022600948905406,False,0.0,0.0,0.0,,,,,False,False
I-95 NB,GP,110+04147,2025-10-14,653.0,3,49.49747468305833,6600.0,96,0.95,47.022600948905406,False,0.0,0.0,0.0,,,,,False,False
I-95 NB,GP,110+04147,2025-10-15,653.0,3,49.49747468305833,6600.0,96,0.95,47.022600948905406,False,0.0,0.0,0.0,,,,,False,False
I-95 NB,GP,110+04147,2025-10-16,653.0,3,49.49747468305833,6600.0,96,0.95,47.022600948905406,False,0.0,0.0,0.0,,,,,False,False
I-95 NB,GP,110+04147,2025-10-17,653.0,3,49.49747468305833,6600.0,96,0.95,47.022600948905406,False,0.0,0.0,0.0,,,,,False,False
I-95 NB,GP,110+04147,2025-10-20,653.0,3,49.49747468305833,6600.0,96,0.95,47.022600948905406,False,0.0,0.0,0.0,,,,,False,False
I-95 NB,GP,110+04147,2025-10-21,653.0,3,49.49747468305833,6600.0,96,0.95,47.022600948905406,False,0.0,0.0,0.0,,,,,False,False
I-95 NB,GP,110+04147,2025-10-22,653.0,3,49.49747468305833,6600.0,96,0.95,47.022600948905406,False,0.0,0.0,0.0,,,,,False,False
I-95 NB,GP,110+04147,2025-10-23,653.0,3,49.49747468305833,6600.0,96,0.95,47.022600948905406,False,0.0,0.0,0.0,,,,,False,False
I-95 NB,GP,110+04147,2025-10-24,653.0,3,49.49747468305833,6600.0,96,0.95,47.022600948905406,False,0.0,0.0,0.0,,,,,False,False
I-95 NB,GP,110+04147,2025-10-27,653.0,3,49.49747468305833,6600.0,96,0.95,47.022600948905406,False,0.0,0.0,0.0,,,,,False,False
I-95 NB,GP,110+04147,2025-10-28,653.0,3,49.49747468305833,6600.0,96,0.95,47.022600948905406,False,0.0,0.0,0.0,,,,,False,False
I-95 NB,GP,110+04147,2025-10-29,653.0,3,49.49747468305833,6600.0,96,0.95,47.022600948905406,False,0.0,0.0,0.0,,,,,False,False
I-95 NB,GP,110+04147,2025-10-30,653.0,3,49.49747468305833,6600.0,96,0.95,47.022600948905406,True,2.4147957313035278,11562.291769877247,1.7518623893753404,374.3354219832034,519.223165861415,8.363333333333328,420.0,False,False
I-95 NB,GP,110+04147,2025-10-31,653.0,3,49.49747468305833,6600.0,96,0.95,47.022600948905406,False,0.0,0.0,0.0,,,,,False,False
I-95 NB,GP,110P04147,2025-10-01,654.0,3,49.49747468305833,6600.0,96,0.95,47.022600948905406,False,0.0,0.0,0.0,,,,,False,False
I-95 NB,GP,110P04147,2025-10-02,654.0,3,49.49747468305833,6600.0,96,0.95,47.022600948905406,False,0.0,0.0,0.0,,,,,False,False
I-95 NB,GP,110P04147,2025-10-03,654.0,3,49.49747468305833,6600.0,96,0.95,47.022600948905406,False,0.0,0.0,0.0,,,,,False,False
I-95 NB,GP,110P04147,2025-10-06,654.0,3,49.49747468305833,6600.0,96,0.95,47.022600948905406,False,0.0,0.0,0.0,,,,,False,False
I-95 NB,GP,110P04147,2025-10-07,654.0,3,49.49747468305833,6600.0,96,0.95,47.022600948905406,False,0.0,0.0,0.0,,,,,False,False
I-95 NB,GP,110P04147,2025-10-08,654.0,3,49.49747468305833,6600.0,96,0.95,47.022600948905406,False,0.0,0.0,0.0,,,,,False,False
I-95 NB,GP,110P04147,2025-10-09,654.0,3,49.49747468305833,6600.0,96,0.95,47.022600948905406,False,0.0,0.0,0.0,,,,,False,False
I-95 NB,GP,110P04147,2025-10-10,654.0,3,49.49747468305833,6600.0,96,0.95,47.022600948905406,False,0.0,0.0,0.0,,,,,False,False
I-95 NB,GP,110P04147,2025-10-13,654.0,3,49.49747468305833,6600.0,96,0.95,47.022600948905406,False,0.0,0.0,0.0,,,,,False,False
I-95 NB,GP,110P04147,2025-10-14,654.0,3,49.49747468305833,6600.0,96,0.95,47.022600948905406,False,0.0,0.0,0.0,,,,,False,False
I-95 NB,GP,110P04147,2025-10-15,654.0,3,49.49747468305833,6600.0,96,0.95,47.022600948905406,False,0.0,0.0,0.0,,,,,False,False
I-95 NB,GP,110P04147,2025-10-16,654.0,3,49.49747468305833,6600.0,96,0.95,47.022600948905406,False,0.0,0.0,0.0,,,,,False,False
I-95 NB,GP,110P04147,2025-10-17,654.0,3,49.49747468305833,6600.0,96,0.95,47.022600948905406,False,0.0,0.0,0.0,,,,,False,False
I-95 NB,GP,110P04147,2025-10-20,654.0,3,49.49747468305833,6600.0,96,0.95,47.022600948905406,False,0.0,0.0,0.0,,,,,False,False
I-95 NB,GP,110P04147,2025-10-21,654.0,3,49.49747468305833,6600.0,96,0.95,47.022600948905406,False,0.0,0.0,0.0,,,,,False,False
I-95 NB,GP,110P04147,2025-10-22,654.0,3,49.49747468305833,6600.0,96,0.95,47.022600948905406,False,0.0,0.0,0.0,,,,,False,False
I-95 NB,GP,110P04147,2025-10-23,654.0,3,49.49747468305833,6600.0,96,0.95,47.022600948905406,False,0.0,0.0,0.0,,,,,False,False
I-95 NB,GP,110P04147,2025-10-24,654.0,3,49.49747468305833,6600.0,96,0.95,47.022600948905406,False,0.0,0.0,0.0,,,,,False,False
I-95 NB,GP,110P04147,2025-10-27,654.0,3,49.49747468305833,6600.0,96,0.95,47.022600948905406,False,0.0,0.0,0.0,,,,,False,False
I-95 NB,GP,110P04147,2025-10-28,654.0,3,49.49747468305833,6600.0,96,0.95,47.022600948905406,False,0.0,0.0,0.0,,,,,False,False
I-95 NB,GP,110P04147,2025-10-29,654.0,3,49.49747468305833,6600.0,96,0.95,47.022600948905406,False,0.0,0.0,0.0,,,,,False,False
I-95 NB,GP,110P04147,2025-10-30,654.0,3,49.49747468305833,6600.0,96,0.95,47.022600948905406,True,2.5740156605365874,10762.576870391817,1.6306934652108813,368.6508355177578,523.091775149953,7.834444444444446,405.0,False,False
I-95 NB,GP,110P04147,2025-10-31,654.0,3,49.49747468305833,6600.0,96,0.95,47.022600948905406,False,0.0,0.0,0.0,,,,,False,False
I-95 NB,GP,110+04148,2025-10-01,655.0,3,49.49747468305833,6600.0,96,0.95,47.022600948905406,False,0.0,0.0,0.0,,,,,False,False
I-95 NB,GP,110+04148,2025-10-02,655.0,3,49.49747468305833,6600.0,96,0.95,47.022600948905406,False,0.0,0.0,0.0,,,,,False,False
I-95 NB,GP,110+04148,2025-10-03,655.0,3,49.49747468305833,6600.0,96,0.95,47.022600948905406,False,0.0,0.0,0.0,,,,,False,False
I-95 NB,GP,110+04148,2025-10-06,655.0,3,49.49747468305833,6600.0,96,0.95,47.022600948905406,False,0.0,0.0,0.0,,,,,False,False
I-95 NB,GP,110+04148,2025-10-07,655.0,3,49.49747468305833,6600.0,96,0.95,47.022600948905406,True,0.7172807918075202,4558.130931313977,0.690625898683936,500.7957481103817,543.8325956188329,34.44555555555556,525.0,False,False
I-95 NB,GP,110+04148,2025-10-08,655.0,3,49.49747468305833,6600.0,96,0.95,47.022600948905406,False,0.0,0.0,0.0,,,,,False,False
I-95 NB,GP,110+04148,2025-10-09,655.0,3,49.49747468305833,6600.0,96,0.95,47.022600948905406,False,0.0,0.0,0.0,,,,,False,False
I-95 NB,GP,110+04148,2025-10-10,655.0,3,49.49747468305833,6600.0,96,0.95,47.022600948905406,False,0.0,0.0,0.0,,,,,False,False
I-95 NB,GP,110+04148,2025-10-13,655.0,3,49.49747468305833,6600.0,96,0.95,47.022600948905406,False,0.0,0.0,0.0,,,,,False,False
I-95 NB,GP,110+04148,2025-10-14,655.0,3,49.49747468305833,6600.0,96,0.95,47.022600948905406,False,0.0,0.0,0.0,,,,,False,False
I-95 NB,GP,110+04148,2025-10-15,655.0,3,49.49747468305833,6600.0,96,0.95,47.022600948905406,False,0.0,0.0,0.0,,,,,False,False
I-95 NB,GP,110+04148,2025-10-16,655.0,3,49.49747468305833,6600.0,96,0.95,47.022600948905406,False,0.0,0.0,0.0,,,,,False,False
I-95 NB,GP,110+04148,2025-10-17,655.0,3,49.49747468305833,6600.0,96,0.95,47.022600948905406,False,0.0,0.0,0.0,,,,,False,False
I-95 NB,GP,110+04148,2025-10-20,655.0,3,49.49747468305833,6600.0,96,0.95,47.022600948905406,False,0.0,0.0,0.0,,,,,False,False
I-95 NB,GP,110+04148,2025-10-21,655.0,3,49.49747468305833,6600.0,96,0.95,47.022600948905406,False,0.0,0.0,0.0,,,,,False,False
I-95 NB,GP,110+04148,2025-10-22,655.0,3,49.49747468305833,6600.0,96,0.95,47.022600948905406,False,0.0,0.0,0.0,,,,,False,False
I-95 NB,GP,110+04148,2025-10-23,655.0,3,49.49747468305833,6600.0,96,0.95,47.022600948905406,False,0.0,0.0,0.0,,,,,False,False
I-95 NB,GP,110+04148,2025-10-24,655.0,3,49.49747468305833,6600.0,96,0.95,47.022600948905406,False,0.0,0.0,0.0,,,,,False,False
I-95 NB,GP,110+04148,2025-10-27,655.0,3,49.49747468305833,6600.0,96,0.95,47.022600948905406,False,0.0,0.0,0.0,,,,,False,False
I-95 NB,GP,110+04148,2025-10-28,655.0,3,49.49747468305833,6600.0,96,0.95,47.022600948905406,False,0.0,0.0,0.0,,,,,False,False
I-95 NB,GP,110+04148,2025-10-29,655.0,3,49.49747468305833,6600.0,96,0.95,47.022600948905406,False,0.0,0.0,0.0,,,,,False,False
I-95 NB,GP,110+04148,2025-10-30,655.0,3,49.49747468305833,6600.0,96,0.95,47.022600948905406,True,2.4885130244233467,12773.263060743404,1.9353428879914247,367.0011443407189,516.3119258061197,10.311111111111112,420.0,False,False
I-95 NB,GP,110+04148,2025-10-31,655.0,3,49.49747468305833,6600.0,96,0.95,47.022600948905406,False,0.0,0.0,0.0,,,,,False,False
I-95 NB,GP,110+04150,2025-10-01,659.0,2,49.49747468305833,4400.0,96,0.95,47.022600948905406,True,1.5822851695847011,5636.701895406555,1.281068612592399,338.10421468244095,433.041324857523,23.51222222222222,390.0,False,False
I-95 NB,GP,110+04150,2025-10-02,659.0,2,49.49747468305833,4400.0,96,0.95,47.022600948905406,False,0.0,0.0,0.0,,,,,False,False
I-95 NB,GP,110+04150,2025-10-03,659.0,2,49.49747468305833,4400.0,96,0.95,47.022600948905406,True,0.6283570597994981,2731.141714676264,0.6207140260627874,442.3565463998096,480.0579699877795,36.98222222222222,465.0,False,False
I-95 NB,GP,110+04150,2025-10-06,659.0,2,49.49747468305833,4400.0,96,0.95,47.022600948905406,False,0.0,0.0,0.0,,,,,False,False
I-95 NB,GP,110+04150,2025-10-07,659.0,2,49.49747468305833,4400.0,96,0.95,47.022600948905406,True,2.0751982290471687,6677.960352194283,1.517718261862337,404.6092285277891,529.1211222706193,11.072222222222221,450.0,False,False
I-95 NB,GP,110+04150,2025-10-08,659.0,2,49.49747468305833,4400.0,96,0.95,47.022600948905406,False,0.0,0.0,0.0,,,,,False,False
I-95 NB,GP,110+04150,2025-10-09,659.0,2,49.49747468305833,4400.0,96,0.95,47.022600948905406,False,0.0,0.0,0.0,,,,,False,False
I-95 NB,GP,110+04150,2025-10-10,659.0,2,49.49747468305833,4400.0,96,0.95,47.022600948905406,False,0.0,0.0,0.0,,,,,False,False
I-95 NB,GP,110+04150,2025-10-13,659.0,2,49.49747468305833,4400.0,96,0.95,47.022600948905406,False,0.0,0.0,0.0,,,,,False,False
I-95 NB,GP,110+04150,2025-10-14,659.0,2,49.49747468305833,4400.0,96,0.95,47.022600948905406,False,0.0,0.0,0.0,,,,,False,False
I-95 NB,GP,110+04150,2025-10-15,659.0,2,49.49747468305833,4400.0,96,0.95,47.022600948905406,False,0.0,0.0,0.0,,,,,False,False
I-95 NB,GP,110+04150,2025-10-16,659.0,2,49.49747468305833,4400.0,96,0.95,47.022600948905406,False,0.0,0.0,0.0,,,,,False,False
I-95 NB,GP,110+04150,2025-10-17,659.0,2,49.49747468305833,4400.0,96,0.95,47.022600948905406,False,0.0,0.0,0.0,,,,,False,False
I-95 NB,GP,110+04150,2025-10-20,659.0,2,49.49747468305833,4400.0,96,0.95,47.022600948905406,False,0.0,0.0,0.0,,,,,False,False
I-95 NB,GP,110+04150,2025-10-21,659.0,2,49.49747468305833,4400.0,96,0.95,47.022600948905406,True,1.553329233610046,4617.861343446576,1.0495139416924038,338.2361755470949,431.43592956369764,11.5,390.0,False,False
I-95 NB,GP,110+04150,2025-10-22,659.0,2,49.49747468305833,4400.0,96,0.95,47.022600948905406,False,0.0,0.0,0.0,,,,,False,False
I-95 NB,GP,110+04150,2025-10-23,659.0,2,49.49747468305833,4400.0,96,0.95,47.022600948905406,False,0.0,0.0,0.0,,,,,False,False
I-95 NB,GP,110+04150,2025-10-24,659.0,2,49.49747468305833,4400.0,96,0.95,47.022600948905406,True,1.3568084565927867,4655.924984078769,1.0581647691088112,535.3922598546158,616.800767250183,11.662222222222221,570.0,False,False
I-95 NB,GP,110+04150,2025-10-27,659.0,2,49.49747468305833,4400.0,96,0.95,47.022600948905406,False,0.0,0.0,0.0,,,,,False,False
I-95 NB,GP,110+04150,2025-10-28,659.0,2,49.49747468305833,4400.0,96,0.95,47.022600948905406,True,0.7264109804984135,2957.5056058653217,0.6721603649693914,428.18360811203803,471.76826694194284,35.26111111111111,450.0,False,False
I-95 NB,GP,110+04150,2025-10-29,659.0,2,49.49747468305833,4400.0,96,0.95,47.022600948905406,True,0.6960554295680065,2837.2082843954377,0.6448200646353267,430.64722098978507,472.41054676386545,32.07222222222222,450.0,False,False
I-95 NB,GP,110+04150,2025-10-30,659.0,2,49.49747468305833,4400.0,96,0.95,47.022600948905406,True,1.7025923164997674,5987.668058308715,1.360833649615617,471.53593145070005,573.6914704406861,16.2,525.0,False,False
I-95 NB,GP,110+04150,2025-10-31,659.0,2,49.49747468305833,4400.0,96,0.95,47.022600948905406,False,0.0,0.0,0.0,,,,,False,False
I-95 NB,GP,110P04150,2025-10-01,660.0,3,49.49747468305833,6600.0,96,0.95,47.022600948905406,True,2.2690639374953965,10643.086244194557,1.6125888248779632,318.9180226038451,455.0618588535689,14.229999999999999,405.0,False,False
I-95 NB,GP,110P04150,2025-10-02,660.0,3,49.49747468305833,6600.0,96,0.95,47.022600948905406,False,0.0,0.0,0.0,,,,,False,False
I-95 NB,GP,110P04150,2025-10-03,660.0,3,49.49747468305833,6600.0,96,0.95,47.022600948905406,True,2.305028636387821,13523.053779391335,2.0489475423320207,343.2032706797556,481.50498886302483,18.506666666666668,450.0,False,False
I-95 NB,GP,110P04150,2025-10-06,660.0,3,49.49747468305833,6600.0,96,0.95,47.022600948905406,True,1.095772761672102,5192.714983188641,0.7867749974528244,393.5091448942222,459.2555105945483,20.884444444444444,420.0,False,False
I-95 NB,GP,110P04150,2025-10-07,660.0,3,49.49747468305833,6600.0,96,0.95,47.022600948905406,True,0.6094603583981495,4536.786690795618,0.6873919228478209,385.62308040660247,422.19070191049144,40.06777777777778,405.0,False,False
I-95 NB,GP,110P04150,2025-10-08,660.0,3,49.49747468305833,6600.0,96,0.95,47.022600948905406,True,2.11500708854257,11352.385570700839,1.7200584198031574,315.2998561735723,442.2002814861265,20.52333333333333,345.0,False,False
I-95 NB,GP,110P04150,2025-10-09,660.0,3,49.49747468305833,6600.0,96,0.95,47.022600948905406,True,0.7861021841539724,4509.159471755776,0.683205980569057,326.05547702516355,373.2216080744019,34.633333333333326,345.0,False,False
I-95 NB,GP,110P04150,2025-10-10,660.0,3,49.49747468305833,6600.0,96,0.95,47.022600948905406,False,0.0,0.0,0.0,,,,,False,False
I-95 NB,GP,110P04150,2025-10-13,660.0,3,49.49747468305833,6600.0,96,0.95,47.022600948905406,False,0.0,0.0,0.0,,,,,False,False
I-95 NB,GP,110P04150,2025-10-14,660.0,3,49.49747468305833,6600.0,96,0.95,47.022600948905406,True,2.1456905289906643,12587.84282746234,1.9072489132518697,322.74279706704937,451.4842288064892,19.806666666666665,375.0,False,False
I-95 NB,GP,110P04150,2025-10-15,660.0,3,49.49747468305833,6600.0,96,0.95,47.022600948905406,True,0.8362848404482813,6074.6727490410785,0.920404961975921,371.41843281544925,421.59552324234613,34.408888888888896,390.0,False,False
I-95 NB,GP,110P04150,2025-10-16,660.0,3,49.49747468305833,6600.0,96,0.95,47.022600948905406,True,0.8332923413976687,4203.808192712851,0.6369406352595229,485.87282204613405,535.8703625299942,27.627777777777776,510.0,False,False
I-95 NB,GP,110P04150,2025-10-17,660.0,3,49.49747468305833,6600.0,96,0.95,47.022600948905406,False,0.0,0.0,0.0,,,,,False,False
I-95 NB,GP,110P04150,2025-10-20,660.0,3,49.49747468305833,6600.0,96,0.95,47.022600948905406,False,0.0,0.0,0.0,,,,,False,False
I-95 NB,GP,110P04150,2025-10-21,660.0,3,49.49747468305833,6600.0,96,0.95,47.022600948905406,True,1.8403117368622683,9055.452537663072,1.3720382632822836,326.4926559660938,436.9113601778299,9.96111111111111,390.0,False,False
I-95 NB,GP,110P04150,2025-10-22,660.0,3,49.49747468305833,6600.0,96,0.95,47.022600948905406,True,2.214318619637541,12023.174920550568,1.821693169780389,316.36201669366284,449.2211338719153,31.70888888888889,390.0,False,False
I-95 NB,GP,110P04150,2025-10-23,660.0,3,49.49747468305833,6600.0,96,0.95,47.022600948905406,False,0.0,0.0,0.0,,,,,False,False
I-95 NB,GP,110P04150,2025-10-24,660.0,3,49.49747468305833,6600.0,96,0.95,47.022600948905406,True,1.7260261536699129,7852.8989090254545,1.1898331680341598,517.2252424542479,620.7868116744427,10.202222222222224,570.0,False,False
I-95 NB,GP,110P04150,2025-10-27,660.0,3,49.49747468305833,6600.0,96,0.95,47.022600948905406,False,0.0,0.0,0.0,,,,,False,False
I-95 NB,GP,110P04150,2025-10-28,660.0,3,49.49747468305833,6600.0,96,0.95,47.022600948905406,True,2.2643204805780175,11957.521901830549,1.8117457427015984,390.4131495250534,526.2723783597345,14.658888888888889,450.0,False,False
I-95 NB,GP,110P04150,2025-10-29,660.0,3,49.49747468305833,6600.0,96,0.95,47.022600948905406,True,1.4334653316713608,7806.291483513023,1.1827714368959126,409.9020303918085,495.9099502920902,13.604444444444445,450.0,False,False
I-95 NB,GP,110P04150,2025-10-30,660.0,3,49.49747468305833,6600.0,96,0.95,47.022600948905406,True,2.010962355819666,9666.734044008812,1.4646566733346684,462.78814981403826,583.4458911632182,13.933333333333337,510.0,False,False
I-95 NB,GP,110P04150,2025-10-31,660.0,3,49.49747468305833,6600.0,96,0.95,47.022600948905406,False,0.0,0.0,0.0,,,,,False,False
I-95 NB,GP,110+04151,2025-10-01,661.0,3,49.49747468305833,6600.0,96,0.95,47.022600948905406,True,2.534713304646804,12355.317371681944,1.8720177835881733,311.7351491796547,463.8179474584629,16.517777777777784,375.0,False,False
I-95 NB,GP,110+04151,2025-10-02,661.0,3,49.49747468305833,6600.0,96,0.95,47.022600948905406,True,2.3433049925353564,14515.099321481492,2.199257472951741,327.14566990804946,467.74396946017083,22.89,405.0,False,False
I-95 NB,GP,110+04151,2025-10-03,661.0,3,49.49747468305833,6600.0,96,0.95,47.022600948905406,True,2.935875679719757,14247.660995373055,2.158736514450463,326.7717545352502,502.9242953184356,13.418888888888889,375.0,False,False
I-95 NB,GP,110+04151,2025-10-06,661.0,3,49.49747468305833,6600.0,96,0.95,47.022600948905406,True,2.402984508862093,13947.679056414034,2.1132847055172777,327.9648642643393,472.1439347960649,16.75111111111111,435.0,False,False
I-95 NB,GP,110+04151,2025-10-07,661.0,3,49.49747468305833,6600.0,96,0.95,47.022600948905406,True,1.7042105712532523,8287.322596590166,1.2556549388772977,316.0388477191536,418.2914819943487,26.517777777777777,390.0,False,False
I-95 NB,GP,110+04151,2025-10-08,661.0,3,49.49747468305833,6600.0,96,0.95,47.022600948905406,True,2.409856909689401,13137.059920074906,1.9904636242537737,310.3544841443258,454.94589872568986,18.605555555555558,345.0,False,False
I-95 NB,GP,110+04151,2025-10-09,661.0,3,49.49747468305833,6600.0,96,0.95,47.022600948905406,True,2.365950242179602,13498.940971260228,2.04529408655458,314.5604113329286,456.5174258637047,21.47111111111111,345.0,False,False
I-95 NB,GP,110+04151,2025-10-10,661.0,3,49.49747468305833,6600.0,96,0.95,47.022600948905406,True,0.5948232766682053,3085.2255588958196,0.46745841801451815,558.5078930293613,594.1972896294536,40.71666666666667,585.0,False,False
I-95 NB,GP,110+04151,2025-10-13,661.0,3,49.49747468305833,6600.0,96,0.95,47.022600948905406,False,0.0,0.0,0.0,,,,,False,False
I-95 NB,GP,110+04151,2025-10-14,661.0,3,49.49747468305833,6600.0,96,0.95,47.022600948905406,True,2.5858942147576625,14036.780002496556,2.1267848488631147,310.708978709838,465.8626315952977,16.883333333333336,375.0,False,False
I-95 NB,GP,110+04151,2025-10-15,661.0,3,49.49747468305833,6600.0,96,0.95,47.022600948905406,True,2.0395626886177043,10992.867117422004,1.6655859268821218,322.8141580226362,445.18791933969845,21.265555555555554,390.0,False,False
I-95 NB,GP,110+04151,2025-10-16,661.0,3,49.49747468305833,6600.0,96,0.95,47.022600948905406,True,3.918587254047871,22932.651933637764,3.474644232369358,307.77154332294015,542.8867785658124,22.939999999999998,510.0,False,False
I-95 NB,GP,110+04151,2025-10-17,661.0,3,49.49747468305833,6600.0,96,0.95,47.022600948905406,True,0.715900169722291,4648.845247366127,0.7043704920251708,497.6072732495263,540.5612834328638,40.776666666666664,510.0,False,False
I-95 NB,GP,110+04151,2025-10-20,661.0,3,49.49747468305833,6600.0,96,0.95,47.022600948905406,True,0.6875164525274423,4434.522424452169,0.6718973370382074,490.7326033376953,531.9835904893419,32.80111111111111,510.0,False,False
I-95 NB,GP,110+04151,2025-10-21,661.0,3,49.49747468305833,6600.0,96,0.95,47.022600948905406,True,2.048278925687861,8839.892983609694,1.3393777247893477,315.88889569481074,438.7856312360824,11.64,375.0,False,False
I-95 NB,GP,110+04151,2025-10-22,661.0,3,49.49747468305833,6600.0,96,0.95,47.022600948905406,True,2.699896269336118,14266.879139157634,2.1616483544178235,311.8475856080227,473.8413617681898,19.456666666666667,420.0,False,False
I-95 NB,GP,110+04151,2025-10-23,661.0,3,49.49747468305833,6600.0,96,0.95,47.022600948905406,True,2.426084294510962,14171.539328404559,2.1472029285461454,323.82216812812356,469.3872257987813,22.487777777777776,375.0,False,False
I-95 NB,GP,110+04151,2025-10-24,661.0,3,49.49747468305833,6600.0,96,0.95,47.022600948905406,True,2.012646556556057,8877.031874294029,1.3450048294384893,506.94363585871616,627.7024292520796,10.392222222222221,555.0,False,False
I-95 NB,GP,110+04151,2025-10-27,661.0,3,49.49747468305833,6600.0,96,0.95,47.022600948905406,True,2.0958161638334984,12407.59899838825,1.8799392421800378,319.7109097907122,445.4598796207221,35.148888888888884,345.0,False,False
I-95 NB,GP,110+04151,2025-10-28,661.0,3,49.49747468305833,6600.0,96,0.95,47.022600948905406,True,3.7840069663917015,19938.4180448959,3.0209724310448336,318.66838956573764,545.7088075492397,14.544444444444444,450.0,False,False
I-95 NB,GP,110+04151,2025-10-29,661.0,3,49.49747468305833,6600.0,96,0.95,47.022600948905406,True,3.0320723929062097,15562.297781304856,2.3579239062583115,331.6396574283846,513.5640010027572,13.163333333333332,435.0,False,False
I-95 NB,GP,110+04151,2025-10-30,661.0,3,49.49747468305833,6600.0,96,0.95,47.022600948905406,True,2.2199581285815944,11379.442285131347,1.724157921989598,456.83869789570184,590.0361856105975,16.173333333333336,510.0,False,False
I-95 NB,GP,110+04151,2025-10-31,661.0,3,49.49747468305833,6600.0,96,0.95,47.022600948905406,False,0.0,0.0,0.0,,,,,False,False
I-95 NB,GP,110P04151,2025-10-01,662.0,3,49.49747468305833,6600.0,96,0.95,47.022600948905406,True,3.882762578961738,19839.885302412764,3.0060432276382976,305.6970712717665,538.6628260094708,19.68,405.0,False,False
I-95 NB,GP,110P04151,2025-10-02,662.0,3,49.49747468305833,6600.0,96,0.95,47.022600948905406,True,4.813526385168391,27663.929407689215,4.191504455710487,311.8174475179334,600.6290306280368,21.63888888888889,390.0,False,False
I-95 NB,GP,110P04151,2025-10-03,662.0,3,49.49747468305833,6600.0,96,0.95,47.022600948905406,True,4.601375270153352,26280.306882005465,3.981864679091737,325.7166824634511,601.7991986726522,20.334444444444443,360.0,False,False
I-95 NB,GP,110P04151,2025-10-06,662.0,3,49.49747468305833,6600.0,96,0.95,47.022600948905406,True,4.5875879706331855,26420.670739590936,4.003131930241051,313.6439890939733,588.8992673319644,18.10777777777778,405.0,False,False
I-95 NB,GP,110P04151,2025-10-07,662.0,3,49.49747468305833,6600.0,96,0.95,47.022600948905406,True,1.8250324158327496,10921.682817906287,1.654800426955498,312.07623003449737,421.57817498446235,20.189999999999998,390.0,False,False
I-95 NB,GP,110P04151,2025-10-08,662.0,3,49.49747468305833,6600.0,96,0.95,47.022600948905406,True,2.8653386985997193,14326.465684845723,2.1706766189160187,307.09670220750013,479.0170241234833,20.48,375.0,False,False
I-95 NB,GP,110P04151,2025-10-09,662.0,3,49.49747468305833,6600.0,96,0.95,47.022600948905406,True,3.8205724039869313,20160.641179961236,3.05464260302443,310.3444811691374,539.5788254083533,20.258888888888887,435.0,False,False
I-95 NB,GP,110P04151,2025-10-10,662.0,3,49.49747468305833,6600.0,96,0.95,47.022600948905406,False,0.0,0.0,0.0,,,,,False,False
I-95 NB,GP,110P04151,2025-10-13,662.0,3,49.49747468305833,6600.0,96,0.95,47.022600948905406,False,0.0,0.0,0.0,,,,,False,False
I-95 NB,GP,110P04151,2025-10-14,662.0,3,49.49747468305833,6600.0,96,0.95,47.022600948905406,True,3.7642314428346215,20270.886938961903,3.0713465059033185,311.2237861028584,537.0776726729357,18.506666666666668,405.0,False,False
I-95 NB,GP,110P04151,2025-10-15,662.0,3,49.49747468305833,6600.0,96,0.95,47.022600948905406,True,2.3917324404418925,13341.037056074878,2.021369250920436,313.00504200134003,456.5089884278536,20.19333333333333,420.0,False,False
I-95 NB,GP,110P04151,2025-10-16,662.0,3,49.49747468305833,6600.0,96,0.95,47.022600948905406,True,4.523220569628573,23931.069376452753,3.6259196024928415,304.46382505099155,575.8570592287059,20.307777777777776,405.0,False,False
I-95 NB,GP,110P04151,2025-10-17,662.0,3,49.49747468305833,6600.0,96,0.95,47.022600948905406,True,4.554768686988959,25377.274980131875,3.8450416636563447,320.59648189987723,593.8826031192148,23.112222222222226,405.0,False,False
I-95 NB,GP,110P04151,2025-10-20,662.0,3,49.49747468305833,6600.0,96,0.95,47.022600948905406,True,3.7100072789929377,21669.257741063553,3.283220869858114,317.8937073071976,540.4941440467738,20.2,510.0,False,False
I-95 NB,GP,110P04151,2025-10-21,662.0,3,49.49747468305833,6600.0,96,0.95,47.022600948905406,True,2.282605620902024,10676.991396217833,1.617725969123914,312.242810341298,449.19914759541945,13.514444444444445,405.0,False,False
I-95 NB,GP,110P04151,2025-10-22,662.0,3,49.49747468305833,6600.0,96,0.95,47.022600948905406,True,4.578556363197339,25692.77882697162,3.8928452768138815,311.8925367301209,586.6059185219613,19.655555555555555,420.0,False,False
I-95 NB,GP,110P04151,2025-10-23,662.0,3,49.49747468305833,6600.0,96,0.95,47.022600948905406,True,3.6109166466458342,20729.18267422652,3.1407852536706846,313.89786158788877,530.5528603866388,21.403333333333332,390.0,False,False
I-95 NB,GP,110P04151,2025-10-24,662.0,3,49.49747468305833,6600.0,96,0.95,47.022600948905406,True,2.6299147162319714,13214.581712694471,2.002209350408253,491.95880817526944,649.7536911491877,11.126666666666665,555.0,False,False
I-95 NB,GP,110P04151,2025-10-27,662.0,3,49.49747468305833,6600.0,96,0.95,47.022600948905406,True,2.734554179859637,14837.48357067308,2.248103571314103,311.14327084119475,475.216521632773,20.645555555555557,405.0,False,False
I-95 NB,GP,110P04151,2025-10-28,662.0,3,49.49747468305833,6600.0,96,0.95,47.022600948905406,True,4.093554683314262,22439.989678912752,3.399998436198902,311.22321039444483,556.8364913933005,15.394444444444446,450.0,False,False
I-95 NB,GP,110P04151,2025-10-29,662.0,3,49.49747468305833,6600.0,96,0.95,47.022600948905406,True,3.36917983755044,16063.176156722371,2.433814569200359,322.4357398350965,524.5865300881229,12.403333333333334,435.0,False,False
I-95 NB,GP,110P04151,2025-10-30,662.0,3,49.49747468305833,6600.0,96,0.95,47.022600948905406,True,2.375302121780865,11360.014486332275,1.7212143161109508,450.3182604493531,592.836387756205,18.441111111111113,540.0,False,False
I-95 NB,GP,110P04151,2025-10-31,662.0,3,49.49747468305833,6600.0,96,0.95,47.022600948905406,True,0.7843003648660944,4315.886460684524,0.6539221910128066,369.63323797684467,416.69125986881033,30.58666666666667,390.0,False,False
I-95 NB,GP,110+04152,2025-10-01,663.0,3,49.49747468305833,6600.0,96,0.95,47.022600948905406,True,3.755150187404434,23135.901108163365,3.505439561842934,311.49842809755177,536.8074393418178,32.21888888888889,405.0,False,False
I-95 NB,GP,110+04152,2025-10-02,663.0,3,49.49747468305833,6600.0,96,0.95,47.022600948905406,True,4.530414691802429,28239.01883195147,4.278639216962344,320.2046060871364,592.0294875952821,33.23888888888889,390.0,False,False
I-95 NB,GP,110+04152,2025-10-03,663.0,3,49.49747468305833,6600.0,96,0.95,47.022600948905406,True,1.9857233808942643,12776.922343888964,1.935897324831661,469.18446879531314,588.327871648969,35.22,495.0,False,False
I-95 NB,GP,110+04152,2025-10-06,663.0,3,49.49747468305833,6600.0,96,0.95,47.022600948905406,True,4.245232772836507,26583.375363849813,4.027784146037851,324.95900485132205,579.6729712215125,30.14333333333333,405.0,False,False
I-95 NB,GP,110+04152,2025-10-07,663.0,3,49.49747468305833,6600.0,96,0.95,47.022600948905406,True,1.59207490713758,9379.696860496872,1.4211661909843745,320.32490237607135,415.84939680432615,34.07888888888889,390.0,False,False
I-95 NB,GP,110+04152,2025-10-08,663.0,3,49.49747468305833,6600.0,96,0.95,47.022600948905406,True,2.854988081497453,18701.994709315182,2.833635562017452,314.84860245012214,486.1478873399693,33.682222222222215,375.0,False,False
I-95 NB,GP,110+04152,2025-10-09,663.0,3,49.49747468305833,6600.0,96,0.95,47.022600948905406,True,3.505291167135823,21789.90389426167,3.3015005900396472,319.3092514802116,529.626721508361,33.76222222222223,405.0,False,False
I-95 NB,GP,110+04152,2025-10-10,663.0,3,49.49747468305833,6600.0,96,0.95,47.022600948905406,True,1.868374551733811,11231.348118607468,1.7017194119102224,510.37487411458034,622.477347218609,38.52111111111111,540.0,False,False
I-95 NB,GP,110+04152,2025-10-13,663.0,3,49.49747468305833,6600.0,96,0.95,47.022600948905406,False,0.0,0.0,0.0,,,,,False,False
I-95 NB,GP,110+04152,2025-10-14,663.0,3,49.49747468305833,6600.0,96,0.95,47.022600948905406,True,3.5264304237480415,22435.682264946376,3.399345797719148,321.25056751283773,532.8363929377202,36.59111111111111,375.0,False,False
I-95 NB,GP,110+04152,2025-10-15,663.0,3,49.49747468305833,6600.0,96,0.95,47.022600948905406,True,2.2094723675131918,14086.403029998757,2.134303489393751,320.8573343798802,453.4256764306717,34.809999999999995,420.0,False,False
I-95 NB,GP,110+04152,2025-10-16,663.0,3,49.49747468305833,6600.0,96,0.95,47.022600948905406,True,4.430798251789306,26200.60129273495,3.969788074656811,303.185557157183,569.0334522645413,31.362222222222226,420.0,False,False
I-95 NB,GP,110+04152,2025-10-17,663.0,3,49.49747468305833,6600.0,96,0.95,47.022600948905406,True,4.445363577257697,28458.1842745938,4.311846102211182,327.19964698241887,593.9214616178807,35.675555555555555,405.0,False,False
I-95 NB,GP,110+04152,2025-10-20,663.0,3,49.49747468305833,6600.0,96,0.95,47.022600948905406,True,3.495356687038554,20452.897178093324,3.098923814862625,323.74243421274457,533.4638354350578,25.373333333333335,420.0,False,False
I-95 NB,GP,110+04152,2025-10-21,663.0,3,49.49747468305833,6600.0,96,0.95,47.022600948905406,True,2.370785966556617,13917.34134852332,2.1086880831095938,316.7584251885879,459.00558318198495,33.91777777777778,420.0,False,False
I-95 NB,GP,110+04152,2025-10-22,663.0,3,49.49747468305833,6600.0,96,0.95,47.022600948905406,True,4.162942452453038,26620.028069144835,4.033337586234066,322.4901274221315,572.2666745693137,31.842222222222222,405.0,False,False
I-95 NB,GP,110+04152,2025-10-23,663.0,3,49.49747468305833,6600.0,96,0.95,47.022600948905406,True,3.582824806801351,21869.9829106249,3.3136337743371063,322.37686720307005,537.3463556111511,34.87111111111111,390.0,False,False
I-95 NB,GP,110+04152,2025-10-24,663.0,3,49.49747468305833,6600.0,96,0.95,47.022600948905406,True,5.203256164594209,32224.27553932218,4.882465990806391,327.6148165610141,639.8101864366666,25.7,555.0,False,False
I-95 NB,GP,110+04152,2025-10-27,663.0,3,49.49747468305833,6600.0,96,0.95,47.022600948905406,True,3.6581593271149395,23545.646201554162,3.5675221517506306,320.542649677995,540.0322093048914,31.802222222222223,390.0,False,False
I-95 NB,GP,110+04152,2025-10-28,663.0,3,49.49747468305833,6600.0,96,0.95,47.022600948905406,True,3.850381811186191,23105.25280524594,3.500795879582718,319.69211185343664,550.7150205246081,32.02888888888889,405.0,False,False
I-95 NB,GP,110+04152,2025-10-29,663.0,3,49.49747468305833,6600.0,96,0.95,47.022600948905406,True,3.1609827920535327,17020.557248973735,2.5788723104505658,331.7496538170929,521.4086213403049,13.476666666666665,420.0,False,False
I-95 NB,GP,110+04152,2025-10-30,663.0,3,49.49747468305833,6600.0,96,0.95,47.022600948905406,True,2.247049849202733,13954.975502603033,2.1143902276671263,449.9447459597568,584.7677369119208,33.40111111111111,495.0,False,False
I-95 NB,GP,110+04152,2025-10-31,663.0,3,49.49747468305833,6600.0,96,0.95,47.022600948905406,True,1.034488562345022,6236.416350869551,0.9449115683135684,363.9436027987498,426.0129165394511,34.838888888888896,390.0,False,False
I-95 NB,GP,110P04153,2025-10-01,666.0,4,49.49747468305833,8800.0,96,0.95,47.022600948905406,True,2.3229204321837122,15778.584668084186,1.7930209850095666,362.36881328076896,501.7440392117917,18.497777777777785,450.0,False,False
I-95 NB,GP,110P04153,2025-10-02,666.0,4,49.49747468305833,8800.0,96,0.95,47.022600948905406,False,0.0,0.0,0.0,,,,,False,False
I-95 NB,GP,110P04153,2025-10-03,666.0,4,49.49747468305833,8800.0,96,0.95,47.022600948905406,False,0.0,0.0,0.0,,,,,False,False
I-95 NB,GP,110P04153,2025-10-06,666.0,4,49.49747468305833,8800.0,96,0.95,47.022600948905406,True,0.5742336813150615,6094.260491747804,0.6925296013349778,447.2062036470207,481.6602245259244,40.906666666666666,465.0,False,False
I-95 NB,GP,110P04153,2025-10-07,666.0,4,49.49747468305833,8800.0,96,0.95,47.022600948905406,True,0.7275385456710713,5975.557300200499,0.6790406022955113,387.2979594016512,430.9502721419155,35.14,405.0,False,False
I-95 NB,GP,110P04153,2025-10-08,666.0,4,49.49747468305833,8800.0,96,0.95,47.022600948905406,True,1.6838228426908595,11722.886566717796,1.332146200763386,414.8760538416314,515.905424403083,14.191111111111107,465.0,False,False
I-95 NB,GP,110P04153,2025-10-09,666.0,4,49.49747468305833,8800.0,96,0.95,47.022600948905406,True,1.4059512597781199,11101.54267342535,1.2615389401619717,402.3992425466337,486.75631813332086,19.591111111111115,450.0,False,False
I-95 NB,GP,110P04153,2025-10-10,666.0,4,49.49747468305833,8800.0,96,0.95,47.022600948905406,True,0.7079136232892022,5411.660135449644,0.6149613790283687,438.7518664661264,481.2266838634785,34.23888888888889,450.0,False,False
I-95 NB,GP,110P04153,2025-10-13,666.0,4,49.49747468305833,8800.0,96,0.95,47.022600948905406,False,0.0,0.0,0.0,,,,,False,False
I-95 NB,GP,110P04153,2025-10-14,666.0,4,49.49747468305833,8800.0,96,0.95,47.022600948905406,True,2.451416641170702,17715.273733798524,2.0130992879316505,374.7881208852382,521.8731193554803,14.778888888888888,465.0,False,False
I-95 NB,GP,110P04153,2025-10-15,666.0,4,49.49747468305833,8800.0,96,0.95,47.022600948905406,False,0.0,0.0,0.0,,,,,False,False
I-95 NB,GP,110P04153,2025-10-16,666.0,4,49.49747468305833,8800.0,96,0.95,47.022600948905406,False,0.0,0.0,0.0,,,,,False,False
I-95 NB,GP,110P04153,2025-10-17,666.0,4,49.49747468305833,8800.0,96,0.95,47.022600948905406,False,0.0,0.0,0.0,,,,,False,False
I-95 NB,GP,110P04153,2025-10-20,666.0,4,49.49747468305833,8800.0,96,0.95,47.022600948905406,True,1.3474597751550164,8015.985735310149,0.9109074699216079,382.6450892099822,463.49267571928317,15.186666666666667,420.0,False,False
I-95 NB,GP,110P04153,2025-10-21,666.0,4,49.49747468305833,8800.0,96,0.95,47.022600948905406,True,2.0930270238669295,10967.374084422008,1.24629250959341,427.2229996433477,552.8046210753635,9.735555555555555,510.0,False,False
I-95 NB,GP,110P04153,2025-10-22,666.0,4,49.49747468305833,8800.0,96,0.95,47.022600948905406,True,1.1742259114389337,10251.51176674412,1.1649445189481955,416.0722009963871,486.5257556827231,36.67444444444445,450.0,False,False
I-95 NB,GP,110P04153,2025-10-23,666.0,4,49.49747468305833,8800.0,96,0.95,47.022600948905406,True,0.5664121506430064,4358.208240231847,0.4952509363899827,441.7454734627418,475.7302025013222,42.38,465.0,False,False
I-95 NB,GP,110P04153,2025-10-24,666.0,4,49.49747468305833,8800.0,96,0.95,47.022600948905406,False,0.0,0.0,0.0,,,,,False,False
I-95 NB,GP,110P04153,2025-10-27,666.0,4,49.49747468305833,8800.0,96,0.95,47.022600948905406,False,0.0,0.0,0.0,,,,,False,False
I-95 NB,GP,110P04153,2025-10-28,666.0,4,49.49747468305833,8800.0,96,0.95,47.022600948905406,False,0.0,0.0,0.0,,,,,False,False
I-95 NB,GP,110P04153,2025-10-29,666.0,4,49.49747468305833,8800.0,96,0.95,47.022600948905406,True,2.381823337473937,15848.272231776791,1.8009400263382718,374.07018945064056,516.9795896990768,9.893333333333329,420.0,False,False
I-95 NB,GP,110P04153,2025-10-30,666.0,4,49.49747468305833,8800.0,96,0.95,47.022600948905406,False,0.0,0.0,0.0,,,,,False,False
I-95 NB,GP,110P04153,2025-10-31,666.0,4,49.49747468305833,8800.0,96,0.95,47.022600948905406,False,0.0,0.0,0.0,,,,,False,False
I-95 NB,GP,110+04154,2025-10-01,667.0,4,49.49747468305833,8800.0,96,0.95,47.022600948905406,True,2.8318762171802283,18934.644517329965,2.151664149696587,347.3195714472558,517.2321444780695,18.39888888888889,450.0,False,False
I-95 NB,GP,110+04154,2025-10-02,667.0,4,49.49747468305833,8800.0,96,0.95,47.022600948905406,True,0.729625083154978,6167.673311692364,0.7008719672377687,427.52916853913626,471.30667352843494,36.39222222222222,450.0,False,False
I-95 NB,GP,110+04154,2025-10-03,667.0,4,49.49747468305833,8800.0,96,0.95,47.022600948905406,False,0.0,0.0,0.0,,,,,False,False
I-95 NB,GP,110+04154,2025-10-06,667.0,4,49.49747468305833,8800.0,96,0.95,47.022600948905406,True,1.3721204021664222,9800.160083165558,1.113654554905177,410.94735565240336,493.2745797823887,25.709999999999997,465.0,False,False
I-95 NB,GP,110+04154,2025-10-07,667.0,4,49.49747468305833,8800.0,96,0.95,47.022600948905406,True,1.6034047689988626,13408.497047530933,1.5236928463103332,358.51163618975085,454.7159223296826,23.365555555555556,420.0,False,False
I-95 NB,GP,110+04154,2025-10-08,667.0,4,49.49747468305833,8800.0,96,0.95,47.022600948905406,True,2.6484198961048575,19150.355743938064,2.176176789083871,373.87148639072956,532.776680157021,16.39,465.0,False,False
I-95 NB,GP,110+04154,2025-10-09,667.0,4,49.49747468305833,8800.0,96,0.95,47.022600948905406,True,2.314264674480857,15956.602697752971,1.8132503065628376,361.4430431947722,500.2989236636236,18.43444444444444,465.0,False,False
I-95 NB,GP,110+04154,2025-10-10,667.0,4,49.49747468305833,8800.0,96,0.95,47.022600948905406,True,1.888374331186108,10913.232450047513,1.2401400511417628,394.99196315522784,508.2944230263943,10.564444444444444,435.0,False,False
I-95 NB,GP,110+04154,2025-10-13,667.0,4,49.49747468305833,8800.0,96,0.95,47.022600948905406,False,0.0,0.0,0.0,,,,,False,False
I-95 NB,GP,110+04154,2025-10-14,667.0,4,49.49747468305833,8800.0,96,0.95,47.022600948905406,True,3.573692301351676,26117.31669545417,2.9678768972107012,344.73989612025383,559.1614342013544,15.341111111111111,465.0,False,False
I-95 NB,GP,110+04154,2025-10-15,667.0,4,49.49747468305833,8800.0,96,0.95,47.022600948905406,True,2.0660803147452524,15162.518948433477,1.7230135168674405,370.104862493172,494.06968137788715,22.235555555555553,450.0,False,False
I-95 NB,GP,110+04154,2025-10-16,667.0,4,49.49747468305833,8800.0,96,0.95,47.022600948905406,True,2.065704750365549,15381.930485446392,1.7479466460734536,363.991601667215,487.9338866891479,23.03,450.0,False,False
I-95 NB,GP,110+04154,2025-10-17,667.0,4,49.49747468305833,8800.0,96,0.95,47.022600948905406,False,0.0,0.0,0.0,,,,,False,False
I-95 NB,GP,110+04154,2025-10-20,667.0,4,49.49747468305833,8800.0,96,0.95,47.022600948905406,True,1.8514220717471488,10473.580547559044,1.190179607677164,366.2450859307191,477.330410235548,12.964444444444444,405.0,False,False
I-95 NB,GP,110+04154,2025-10-21,667.0,4,49.49747468305833,8800.0,96,0.95,47.022600948905406,True,2.753511574931299,17966.745752385563,2.0416756536801777,410.42034700052176,575.6310414963997,12.64,480.0,False,False
I-95 NB,GP,110+04154,2025-10-22,667.0,4,49.49747468305833,8800.0,96,0.95,47.022600948905406,True,1.9963890147031955,14468.40763749849,1.6441372315339193,391.36381363719096,511.1471545193827,20.17222222222222,450.0,False,False
I-95 NB,GP,110+04154,2025-10-23,667.0,4,49.49747468305833,8800.0,96,0.95,47.022600948905406,True,1.9239060767629335,12346.270418604061,1.4029852748413705,390.4703842683082,505.9047488740842,19.641111111111112,450.0,False,False
I-95 NB,GP,110+04154,2025-10-24,667.0,4,49.49747468305833,8800.0,96,0.95,47.022600948905406,True,0.850930190230044,6038.595998089748,0.6862040906920168,411.197852206488,462.25366362029064,34.01444444444444,435.0,False,False
I-95 NB,GP,110+04154,2025-10-27,667.0,4,49.49747468305833,8800.0,96,0.95,47.022600948905406,True,1.599441783560234,12348.921462919907,1.403286529877262,379.46034423341047,475.4268512470245,34.81,450.0,False,False
I-95 NB,GP,110+04154,2025-10-28,667.0,4,49.49747468305833,8800.0,96,0.95,47.022600948905406,True,1.8038089501396826,13894.176539017479,1.5788836976156226,386.3939407510543,494.62247775943524,25.85666666666667,435.0,False,False
I-95 NB,GP,110+04154,2025-10-29,667.0,4,49.49747468305833,8800.0,96,0.95,47.022600948905406,True,1.5834910538116787,10845.229781024713,1.2324124751164447,441.4795200461274,536.4889832748281,20.04222222222222,480.0,False,False
I-95 NB,GP,110+04154,2025-10-30,667.0,4,49.49747468305833,8800.0,96,0.95,47.022600948905406,False,0.0,0.0,0.0,,,,,False,False
I-95 NB,GP,110+04154,2025-10-31,667.0,4,49.49747468305833,8800.0,96,0.95,47.022600948905406,False,0.0,0.0,0.0,,,,,False,False
I-95 NB,GP,110P04154,2025-10-01,668.0,4,49.49747468305833,8800.0,96,0.95,47.022600948905406,True,2.8412002713074314,22006.004903871646,2.50068237543996,359.48677530073,529.9587915791759,18.197777777777777,450.0,False,False
I-95 NB,GP,110P04154,2025-10-02,668.0,4,49.49747468305833,8800.0,96,0.95,47.022600948905406,True,1.160016067520116,7932.678252202177,0.9014407104775201,408.8505403648575,478.4515044160645,29.594444444444445,450.0,False,False
I-95 NB,GP,110P04154,2025-10-03,668.0,4,49.49747468305833,8800.0,96,0.95,47.022600948905406,True,1.1119465289850239,7642.383333120073,0.8684526514909174,394.6569159603511,461.37370769945255,27.686666666666667,435.0,False,False
I-95 NB,GP,110P04154,2025-10-06,668.0,4,49.49747468305833,8800.0,96,0.95,47.022600948905406,True,1.8092043738850785,14085.710591851755,1.600648930892245,393.48000508346195,502.03226751656666,29.32111111111111,465.0,False,False
I-95 NB,GP,110P04154,2025-10-07,668.0,4,49.49747468305833,8800.0,96,0.95,47.022600948905406,True,1.596170271419509,11313.933018046244,1.2856742065961642,365.7246589580311,461.49487524320165,26.142222222222227,420.0,False,False
I-95 NB,GP,110P04154,2025-10-08,668.0,4,49.49747468305833,8800.0,96,0.95,47.022600948905406,True,2.904893892148496,18917.58806463543,2.149725916435844,362.98322197834256,537.2768555072523,16.595555555555556,450.0,False,False
I-95 NB,GP,110P04154,2025-10-09,668.0,4,49.49747468305833,8800.0,96,0.95,47.022600948905406,True,2.4447675548247476,16024.443984593867,1.8209595437038486,361.2031262836749,507.88917957315977,18.75,465.0,False,False
I-95 NB,GP,110P04154,2025-10-10,668.0,4,49.49747468305833,8800.0,96,0.95,47.022600948905406,True,2.502150988960037,15182.105297706217,1.7252392383757065,367.35877344793886,517.4878327855411,7.37,435.0,False,False
I-95 NB,GP,110P04154,2025-10-13,668.0,4,49.49747468305833,8800.0,96,0.95,47.022600948905406,False,0.0,0.0,0.0,,,,,False,False
I-95 NB,GP,110P04154,2025-10-14,668.0,4,49.49747468305833,8800.0,96,0.95,47.022600948905406,True,3.770383034531333,26204.60532500896,2.977796059660109,346.86409350271504,573.087075574595,15.348888888888888,450.0,False,False
I-95 NB,GP,110P04154,2025-10-15,668.0,4,49.49747468305833,8800.0,96,0.95,47.022600948905406,True,2.27632472230585,17141.896774477387,1.9479428152815212,367.4244433850087,504.0039267233597,23.265555555555554,465.0,False,False
I-95 NB,GP,110P04154,2025-10-16,668.0,4,49.49747468305833,8800.0,96,0.95,47.022600948905406,True,2.1126367838493345,17216.09879886653,1.9563748635075602,369.7959834818576,496.5541905128177,22.947777777777777,450.0,False,False
I-95 NB,GP,110P04154,2025-10-17,668.0,4,49.49747468305833,8800.0,96,0.95,47.022600948905406,True,0.5694726723558944,4163.917216170394,0.4731724109284538,443.9724456984219,478.14080603977555,40.70333333333333,465.0,False,False
I-95 NB,GP,110P04154,2025-10-20,668.0,4,49.49747468305833,8800.0,96,0.95,47.022600948905406,True,2.03060245265879,12551.072603425673,1.4262582503892811,361.52986711885393,483.36601427838133,14.06444444444445,405.0,False,False
I-95 NB,GP,110P04154,2025-10-21,668.0,4,49.49747468305833,8800.0,96,0.95,47.022600948905406,True,0.7996158593379732,5992.554711770628,0.6809721263375714,546.5205348504065,594.4974864106849,33.48444444444445,570.0,False,False
I-95 NB,GP,110P04154,2025-10-22,668.0,4,49.49747468305833,8800.0,96,0.95,47.022600948905406,True,2.4978759369839696,18557.491283986863,2.1088058277257797,373.5769686173164,523.4495248363546,20.581111111111113,450.0,False,False
I-95 NB,GP,110P04154,2025-10-23,668.0,4,49.49747468305833,8800.0,96,0.95,47.022600948905406,True,2.1398992255776674,14281.246690220247,1.6228689420704825,379.8067014653567,508.20065500001675,19.521111111111107,450.0,False,False
I-95 NB,GP,110P04154,2025-10-24,668.0,4,49.49747468305833,8800.0,96,0.95,47.022600948905406,True,1.2498266382895367,10623.258396574432,1.2071884541561855,391.14009066364775,466.12968896101995,41.73222222222223,405.0,False,False
I-95 NB,GP,110P04154,2025-10-27,668.0,4,49.49747468305833,8800.0,96,0.95,47.022600948905406,True,1.876148028852783,15396.99769697177,1.7496588292013375,368.7560361612679,481.3249178924349,23.77,450.0,False,False
I-95 NB,GP,110P04154,2025-10-28,668.0,4,49.49747468305833,8800.0,96,0.95,47.022600948905406,True,2.2975101940080624,16881.56362173119,1.9183595024694535,372.0431949182485,509.89380655873225,24.165555555555553,450.0,False,False
I-95 NB,GP,110P04154,2025-10-29,668.0,4,49.49747468305833,8800.0,96,0.95,47.022600948905406,True,1.6942967017416293,13051.145193418908,1.4830846810703304,443.22419637564025,544.881998480138,21.51888888888888,480.0,False,False
I-95 NB,GP,110P04154,2025-10-30,668.0,4,49.49747468305833,8800.0,96,0.95,47.022600948905406,True,0.5901961014370831,6411.703210332706,0.7286026375378074,374.1408840470354,409.5526501332604,42.61666666666667,390.0,False,False
I-95 NB,GP,110P04154,2025-10-31,668.0,4,49.49747468305833,8800.0,96,0.95,47.022600948905406,False,0.0,0.0,0.0,,,,,False,False
I-95 NB,GP,110+04155,2025-10-01,669.0,4,49.49747468305833,8800.0,96,0.95,47.022600948905406,True,4.645118262523777,35326.997437921236,4.014431527036504,343.3468631625221,622.0539589139487,20.982222222222223,420.0,False,False
I-95 NB,GP,110+04155,2025-10-02,669.0,4,49.49747468305833,8800.0,96,0.95,47.022600948905406,True,2.1116007234551004,18357.356959395995,2.0860632908404537,370.21182730628993,496.90787071359597,30.19333333333334,450.0,False,False
I-95 NB,GP,110+04155,2025-10-03,669.0,4,49.49747468305833,8800.0,96,0.95,47.022600948905406,True,1.9363383707757076,15793.919446286229,1.794763573441617,382.46847534573897,498.6487775922814,27.883333333333336,420.0,False,False
I-95 NB,GP,110+04155,2025-10-06,669.0,4,49.49747468305833,8800.0,96,0.95,47.022600948905406,True,2.280990849358063,20154.089797292785,2.290237476965089,373.92167445593765,510.78112541742144,28.937777777777786,465.0,False,False
I-95 NB,GP,110+04155,2025-10-07,669.0,4,49.49747468305833,8800.0,96,0.95,47.022600948905406,True,2.049196828795719,15699.33201145369,1.7840150013015557,350.5657770683153,473.5175867960584,27.37111111111111,435.0,False,False
I-95 NB,GP,110+04155,2025-10-08,669.0,4,49.49747468305833,8800.0,96,0.95,47.022600948905406,True,3.1627220393311934,24217.09811962295,2.7519429681389718,359.5274462170372,549.2907685769088,21.75111111111111,450.0,False,False
I-95 NB,GP,110+04155,2025-10-09,669.0,4,49.49747468305833,8800.0,96,0.95,47.022600948905406,True,2.9414773887877894,22939.07068334775,2.6067125776531532,355.01619575114876,531.5048390784161,23.69111111111111,465.0,False,False
I-95 NB,GP,110+04155,2025-10-10,669.0,4,49.49747468305833,8800.0,96,0.95,47.022600948905406,True,2.8472695895535596,16198.309318757243,1.8407169680405957,351.43248216528514,522.2686575384987,7.628888888888889,435.0,False,False
I-95 NB,GP,110+04155,2025-10-13,669.0,4,49.49747468305833,8800.0,96,0.95,47.022600948905406,False,0.0,0.0,0.0,,,,,False,False
I-95 NB,GP,110+04155,2025-10-14,669.0,4,49.49747468305833,8800.0,96,0.95,47.022600948905406,True,4.202540110001391,30597.01495968994,3.476933518146584,338.03404953646924,590.1864561365527,18.60777777777778,450.0,False,False
I-95 NB,GP,110+04155,2025-10-15,669.0,4,49.49747468305833,8800.0,96,0.95,47.022600948905406,True,2.7643921661610014,21377.52364705032,2.4292640508011725,352.249899175679,518.1134291453391,25.442222222222224,450.0,False,False
I-95 NB,GP,110+04155,2025-10-16,669.0,4,49.49747468305833,8800.0,96,0.95,47.022600948905406,True,2.545621996833766,19442.112559350255,2.2093309726534383,355.96056204265767,508.6978818526836,25.90111111111111,450.0,False,False
I-95 NB,GP,110+04155,2025-10-17,669.0,4,49.49747468305833,8800.0,96,0.95,47.022600948905406,True,1.8262396199511783,14327.733995833212,1.6281515904355923,393.91731713349685,503.49169433056755,30.298888888888886,450.0,False,False
I-95 NB,GP,110+04155,2025-10-20,669.0,4,49.49747468305833,8800.0,96,0.95,47.022600948905406,True,2.1833554271104134,16050.73626022107,1.823947302297849,356.3912058448093,487.3925314714341,18.7188888888889,390.0,False,False
I-95 NB,GP,110+04155,2025-10-21,669.0,4,49.49747468305833,8800.0,96,0.95,47.022600948905406,True,1.2151418613399159,10153.798024504316,1.1538406846027631,373.37724561001437,446.2857572904093,31.885555555555555,405.0,False,False
I-95 NB,GP,110+04155,2025-10-22,669.0,4,49.49747468305833,8800.0,96,0.95,47.022600948905406,True,2.902752409379999,22904.022134183793,2.602729787975431,358.2815315047187,532.4466760675186,23.155555555555555,450.0,False,False
I-95 NB,GP,110+04155,2025-10-23,669.0,4,49.49747468305833,8800.0,96,0.95,47.022600948905406,True,2.5980455205521773,18603.842647823843,2.1140730281618003,368.02063627086244,523.9033675039931,21.939999999999998,450.0,False,False
I-95 NB,GP,110+04155,2025-10-24,669.0,4,49.49747468305833,8800.0,96,0.95,47.022600948905406,True,1.8529622314682646,16308.01083821641,1.8531830497973194,372.2720187347252,483.44975262282105,31.344444444444445,405.0,False,False
I-95 NB,GP,110+04155,2025-10-27,669.0,4,49.49747468305833,8800.0,96,0.95,47.022600948905406,True,2.1292319151765837,15716.321555007595,1.785945631250863,361.52097628032556,489.2748911909206,28.24888888888889,450.0,False,False
I-95 NB,GP,110+04155,2025-10-28,669.0,4,49.49747468305833,8800.0,96,0.95,47.022600948905406,True,2.4464626273194106,17181.838712167562,1.952481671837223,361.9293743398529,508.71713197901755,24.66111111111111,450.0,False,False
I-95 NB,GP,110+04155,2025-10-29,669.0,4,49.49747468305833,8800.0,96,0.95,47.022600948905406,True,1.90547501786574,13280.71325072147,1.509171960309258,438.9255672218668,553.2540682938112,25.496666666666666,480.0,False,False
I-95 NB,GP,110+04155,2025-10-30,669.0,4,49.49747468305833,8800.0,96,0.95,47.022600948905406,True,1.4613496387076907,12332.574939137594,1.4014289703565448,358.47330383780695,446.1542821602684,29.763333333333335,390.0,False,False
I-95 NB,GP,110+04155,2025-10-31,669.0,4,49.49747468305833,8800.0,96,0.95,47.022600948905406,False,0.0,0.0,0.0,,,,,False,False
I-95 NB,GP,110P04155,2025-10-01,670.0,4,49.49747468305833,8800.0,96,0.95,47.022600948905406,True,5.058033350974686,35402.6402434595,4.023027300393125,339.96352365583743,643.4455247143186,18.313333333333336,585.0,False,False
I-95 NB,GP,110P04155,2025-10-02,670.0,4,49.49747468305833,8800.0,96,0.95,47.022600948905406,True,2.4501274382762905,20583.89265239198,2.3390787104990887,354.69522138474014,501.70286768131757,30.24222222222222,465.0,False,False
I-95 NB,GP,110P04155,2025-10-03,670.0,4,49.49747468305833,8800.0,96,0.95,47.022600948905406,True,2.0688803117453785,15748.452420019441,1.7895968659113002,378.68699931637997,502.81981802110266,28.63888888888889,450.0,False,False
I-95 NB,GP,110P04155,2025-10-06,670.0,4,49.49747468305833,8800.0,96,0.95,47.022600948905406,True,2.468299717903339,20421.6410353753,2.3206410267471935,369.5697733076771,517.6677563818774,28.607777777777773,450.0,False,False
I-95 NB,GP,110P04155,2025-10-07,670.0,4,49.49747468305833,8800.0,96,0.95,47.022600948905406,True,2.2050234922956746,17634.001109533627,2.003863762447003,351.1066623024444,483.4080718401849,26.22333333333334,435.0,False,False
I-95 NB,GP,110P04155,2025-10-08,670.0,4,49.49747468305833,8800.0,96,0.95,47.022600948905406,True,4.274572767571865,32775.22312578212,3.7244571733843315,347.25925907227656,603.7336251265884,21.75777777777778,450.0,False,False
I-95 NB,GP,110P04155,2025-10-09,670.0,4,49.49747468305833,8800.0,96,0.95,47.022600948905406,True,3.300677583650589,24776.401224649162,2.8155001391646777,356.0694639649359,554.1101189839712,21.805555555555554,450.0,False,False
I-95 NB,GP,110P04155,2025-10-10,670.0,4,49.49747468305833,8800.0,96,0.95,47.022600948905406,True,3.1973705412021873,19661.517344790424,2.2342633346352754,343.3800569808861,535.2222894530173,6.157777777777778,420.0,False,False
I-95 NB,GP,110P04155,2025-10-13,670.0,4,49.49747468305833,8800.0,96,0.95,47.022600948905406,False,0.0,0.0,0.0,,,,,False,False
I-95 NB,GP,110P04155,2025-10-14,670.0,4,49.49747468305833,8800.0,96,0.95,47.022600948905406,True,4.234617624424369,30432.473989398313,3.458235680613445,346.53050478336985,600.607562248832,18.73888888888889,435.0,False,False
I-95 NB,GP,110P04155,2025-10-15,670.0,4,49.49747468305833,8800.0,96,0.95,47.022600948905406,True,2.9918720878670797,23525.226683926194,2.673321214082522,349.5618743167495,529.0741995887743,25.603333333333335,435.0,False,False
I-95 NB,GP,110P04155,2025-10-16,670.0,4,49.49747468305833,8800.0,96,0.95,47.022600948905406,True,4.2712969929993285,33178.20016486759,3.770250018734953,343.11873644822714,599.3965560281869,24.89222222222222,435.0,False,False
I-95 NB,GP,110P04155,2025-10-17,670.0,4,49.49747468305833,8800.0,96,0.95,47.022600948905406,True,2.3999963370453496,17472.77095108266,1.9855421535321205,375.9719805583806,519.9717607811016,25.78,480.0,False,False
I-95 NB,GP,110P04155,2025-10-20,670.0,4,49.49747468305833,8800.0,96,0.95,47.022600948905406,True,1.100104786780104,7865.564880749108,0.8938141909942168,426.5178090116527,492.5240962184589,30.819999999999993,450.0,False,False
I-95 NB,GP,110P04155,2025-10-21,670.0,4,49.49747468305833,8800.0,96,0.95,47.022600948905406,True,1.5624703543635405,11740.084721566023,1.3341005365415937,368.51664201002853,462.26486327184097,28.606666666666673,435.0,False,False
I-95 NB,GP,110P04155,2025-10-22,670.0,4,49.49747468305833,8800.0,96,0.95,47.022600948905406,True,3.111024702736784,22623.396204440014,2.570840477777274,352.9450545056098,539.6065366698168,20.413333333333334,450.0,False,False
I-95 NB,GP,110P04155,2025-10-23,670.0,4,49.49747468305833,8800.0,96,0.95,47.022600948905406,True,2.9095445362043373,22563.40603467178,2.5640234130308843,356.83870685715385,531.4113790294141,20.12555555555556,450.0,False,False
I-95 NB,GP,110P04155,2025-10-24,670.0,4,49.49747468305833,8800.0,96,0.95,47.022600948905406,True,2.236018505526625,17534.811608182285,1.9925922282025323,357.69003663134913,491.85114696294664,26.56555555555555,450.0,False,False
I-95 NB,GP,110P04155,2025-10-27,670.0,4,49.49747468305833,8800.0,96,0.95,47.022600948905406,True,2.6517196377063166,21769.81385901612,2.4738424839791047,351.505872102838,510.609050365217,27.74444444444444,450.0,False,False
I-95 NB,GP,110P04155,2025-10-28,670.0,4,49.49747468305833,8800.0,96,0.95,47.022600948905406,True,2.772977226004258,21429.2600347079,2.435143185762261,357.71987435509664,524.0985079153521,22.57444444444445,450.0,False,False
I-95 NB,GP,110P04155,2025-10-29,670.0,4,49.49747468305833,8800.0,96,0.95,47.022600948905406,True,4.014675718028186,31973.49542745085,3.6333517531194146,340.8239774739494,581.7045205556406,23.592222222222215,465.0,False,False
I-95 NB,GP,110P04155,2025-10-30,670.0,4,49.49747468305833,8800.0,96,0.95,47.022600948905406,True,5.23569913702707,41618.450987306605,4.72936943037575,351.86611037897256,666.0080586005968,26.59777777777778,435.0,False,False
I-95 NB,GP,110P04155,2025-10-31,670.0,4,49.49747468305833,8800.0,96,0.95,47.022600948905406,True,2.0058296101715514,16990.02748994642,1.930684942039366,375.1542678060476,495.50404441634066,37.1,465.0,False,False
I-95 NB,GP,110+04156,2025-10-01,671.0,4,49.49747468305833,8800.0,96,0.95,47.022600948905406,True,5.2261942239877435,38000.8313311932,4.318276287635591,334.92078335947343,648.492436798738,18.712222222222223,585.0,False,False
I-95 NB,GP,110+04156,2025-10-02,671.0,4,49.49747468305833,8800.0,96,0.95,47.022600948905406,True,2.4321862456652754,20829.62474400003,2.3670028118181854,353.47778588258495,499.40896062250147,32.191111111111105,450.0,False,False
I-95 NB,GP,110+04156,2025-10-03,671.0,4,49.49747468305833,8800.0,96,0.95,47.022600948905406,True,2.113194154755727,15944.635514761841,1.8118903994047546,375.07648306299103,501.86813234833465,29.768888888888895,405.0,False,False
I-95 NB,GP,110+04156,2025-10-06,671.0,4,49.49747468305833,8800.0,96,0.95,47.022600948905406,True,2.6505023125104845,22551.164274712653,2.5626323039446195,359.3005961053639,518.330734855993,30.00000000000001,450.0,False,False
I-95 NB,GP,110+04156,2025-10-07,671.0,4,49.49747468305833,8800.0,96,0.95,47.022600948905406,True,2.276269754394923,18001.27030801573,2.045598898638151,353.0348960147439,489.61108127843926,29.671111111111117,450.0,False,False
I-95 NB,GP,110+04156,2025-10-08,671.0,4,49.49747468305833,8800.0,96,0.95,47.022600948905406,True,4.419552738249178,35184.275817368834,3.99821316106464,341.59641033836397,606.7695746333146,23.80222222222223,480.0,False,False
I-95 NB,GP,110+04156,2025-10-09,671.0,4,49.49747468305833,8800.0,96,0.95,47.022600948905406,True,3.3322864776039163,25618.875141741555,2.91123581156154,352.7789074708588,552.7160961270938,26.903333333333332,450.0,False,False
I-95 NB,GP,110+04156,2025-10-10,671.0,4,49.49747468305833,8800.0,96,0.95,47.022600948905406,True,3.390361985380132,21640.692009851653,2.4591695465740515,339.816716816776,543.238435939584,5.579999999999999,420.0,False,False
I-95 NB,GP,110+04156,2025-10-13,671.0,4,49.49747468305833,8800.0,96,0.95,47.022600948905406,False,0.0,0.0,0.0,,,,,False,False
I-95 NB,GP,110+04156,2025-10-14,671.0,4,49.49747468305833,8800.0,96,0.95,47.022600948905406,True,4.187927701031049,28962.117912888512,3.29114976282824,348.6690995798879,599.9447616417509,19.271111111111114,495.0,False,False
I-95 NB,GP,110+04156,2025-10-15,671.0,4,49.49747468305833,8800.0,96,0.95,47.022600948905406,True,3.0820776145690605,23582.55059623228,2.6798352950263955,348.5194794020029,533.4441362761465,28.233333333333334,450.0,False,False
I-95 NB,GP,110+04156,2025-10-16,671.0,4,49.49747468305833,8800.0,96,0.95,47.022600948905406,True,4.437548368675312,35352.25527278017,4.0173017355432,338.8412656448905,605.0941677654092,22.135555555555555,510.0,False,False
I-95 NB,GP,110+04156,2025-10-17,671.0,4,49.49747468305833,8800.0,96,0.95,47.022600948905406,True,2.469598308994618,20104.53102405541,2.2846057981881147,371.59587815584644,519.7717766955235,29.27,465.0,False,False
I-95 NB,GP,110+04156,2025-10-20,671.0,4,49.49747468305833,8800.0,96,0.95,47.022600948905406,True,1.6327949399339123,14486.436530157453,1.646185969336074,414.79494572285193,512.7626421188867,31.198888888888877,450.0,False,False
I-95 NB,GP,110+04156,2025-10-21,671.0,4,49.49747468305833,8800.0,96,0.95,47.022600948905406,True,1.6288157545148332,14165.905721872896,1.6097620138491926,368.0721845060428,465.8011297769328,30.74666666666667,435.0,False,False
I-95 NB,GP,110+04156,2025-10-22,671.0,4,49.49747468305833,8800.0,96,0.95,47.022600948905406,True,4.8069899199179895,38065.65264639801,4.325642346181592,348.8435117464645,637.2629069415439,26.13,450.0,False,False
I-95 NB,GP,110+04156,2025-10-23,671.0,4,49.49747468305833,8800.0,96,0.95,47.022600948905406,True,4.280027118204909,33825.87083047361,3.8438489580083646,350.60537201209115,607.4069991043857,24.75555555555556,450.0,False,False
I-95 NB,GP,110+04156,2025-10-24,671.0,4,49.49747468305833,8800.0,96,0.95,47.022600948905406,True,2.3115688770100338,17922.83913506953,2.0366862653488105,355.41499432375724,494.1091269443593,28.721111111111117,405.0,False,False
I-95 NB,GP,110+04156,2025-10-27,671.0,4,49.49747468305833,8800.0,96,0.95,47.022600948905406,True,2.712402503336372,22193.06468620039,2.5219391688864077,349.15368028023875,511.8978304804211,30.515555555555554,435.0,False,False
I-95 NB,GP,110+04156,2025-10-28,671.0,4,49.49747468305833,8800.0,96,0.95,47.022600948905406,True,2.913820228718963,23885.25622439203,2.7142336618627305,353.3320943508548,528.1613080739926,28.21333333333334,435.0,False,False
I-95 NB,GP,110+04156,2025-10-29,671.0,4,49.49747468305833,8800.0,96,0.95,47.022600948905406,True,4.10316626089697,32559.998961270518,3.699999881962559,335.7104344788051,581.9004101326233,26.86222222222223,465.0,False,False
I-95 NB,GP,110+04156,2025-10-30,671.0,4,49.49747468305833,8800.0,96,0.95,47.022600948905406,True,4.606686368772886,36476.17954837626,4.145020403224575,345.0405097991483,621.4416919255215,28.223333333333333,435.0,False,False
I-95 NB,GP,110+04156,2025-10-31,671.0,4,49.49747468305833,8800.0,96,0.95,47.022600948905406,True,2.317722019399328,18534.68359115839,2.106214044449817,368.3372794254534,507.4006005894131,31.572222222222223,465.0,False,False
I-95 NB,GP,110P04156,2025-10-01,672.0,4,49.49747468305833,8800.0,96,0.95,47.022600948905406,True,4.924123532862369,37422.668231611795,4.252575935410431,343.2245997585648,638.672011730307,19.052222222222223,570.0,False,False
I-95 NB,GP,110P04156,2025-10-02,672.0,4,49.49747468305833,8800.0,96,0.95,47.022600948905406,True,1.9659983738017446,17287.1921864482,1.9644536575509317,362.8659861279489,480.82588855605354,39.94777777777778,390.0,False,False
I-95 NB,GP,110P04156,2025-10-03,672.0,4,49.49747468305833,8800.0,96,0.95,47.022600948905406,True,1.6728819714322924,14882.473760003402,1.6911902000003867,379.8165890232836,480.18950730922114,36.40888888888889,405.0,False,False
I-95 NB,GP,110P04156,2025-10-06,672.0,4,49.49747468305833,8800.0,96,0.95,47.022600948905406,True,2.345010784503365,19086.5344890511,2.168924373755807,368.2837021800042,508.9843492502061,38.07333333333333,450.0,False,False
I-95 NB,GP,110P04156,2025-10-07,672.0,4,49.49747468305833,8800.0,96,0.95,47.022600948905406,True,2.3668854538699873,19284.60434396276,2.19143231181395,366.0732682013434,508.08639543354263,39.565555555555555,450.0,False,False
I-95 NB,GP,110P04156,2025-10-08,672.0,4,49.49747468305833,8800.0,96,0.95,47.022600948905406,True,3.5556227448825166,30201.810218346363,3.4320238884484504,344.7293426260483,558.0667073189993,28.176666666666673,510.0,False,False
I-95 NB,GP,110P04156,2025-10-09,672.0,4,49.49747468305833,8800.0,96,0.95,47.022600948905406,True,2.9591937870927456,22908.698788103582,2.6032612259208614,362.19856855385524,539.75019577942,35.276666666666664,510.0,False,False
I-95 NB,GP,110P04156,2025-10-10,672.0,4,49.49747468305833,8800.0,96,0.95,47.022600948905406,True,2.813618953654953,16160.470987853021,1.8364171577105706,339.10079903445546,507.91793625375266,6.067777777777773,420.0,False,False
I-95 NB,GP,110P04156,2025-10-13,672.0,4,49.49747468305833,8800.0,96,0.95,47.022600948905406,False,0.0,0.0,0.0,,,,,False,False
I-95 NB,GP,110P04156,2025-10-14,672.0,4,49.49747468305833,8800.0,96,0.95,47.022600948905406,True,3.7985984984824115,28460.501939184338,3.234147947634584,355.1371966515691,583.0531065605138,22.377777777777776,495.0,False,False
I-95 NB,GP,110P04156,2025-10-15,672.0,4,49.49747468305833,8800.0,96,0.95,47.022600948905406,True,3.0213851275545154,24083.911340524344,2.7368081068777665,349.3785831058432,530.6616907591141,29.74555555555556,465.0,False,False
I-95 NB,GP,110P04156,2025-10-16,672.0,4,49.49747468305833,8800.0,96,0.95,47.022600948905406,True,4.049890400137771,35171.296444492604,3.996738232328705,344.8378132374727,587.831237245739,23.04444444444444,510.0,False,False
I-95 NB,GP,110P04156,2025-10-17,672.0,4,49.49747468305833,8800.0,96,0.95,47.022600948905406,True,1.7984285422786683,14861.311729878356,1.6887854238498132,379.68275466497,487.5884672016901,39.065555555555555,420.0,False,False
I-95 NB,GP,110P04156,2025-10-20,672.0,4,49.49747468305833,8800.0,96,0.95,47.022600948905406,True,0.8036767106476721,6434.02301995444,0.7311389795402773,424.5217891794557,472.74239181831604,42.06111111111111,450.0,False,False
I-95 NB,GP,110P04156,2025-10-21,672.0,4,49.49747468305833,8800.0,96,0.95,47.022600948905406,True,1.3518324506265968,10479.912263315075,1.1908991208312585,378.95118914245376,460.0611361800496,36.436666666666675,405.0,False,False
I-95 NB,GP,110P04156,2025-10-22,672.0,4,49.49747468305833,8800.0,96,0.95,47.022600948905406,True,2.894944626799125,24739.714513927604,2.8113311947645006,355.816978785451,529.5136563933985,33.11555555555555,450.0,False,False
I-95 NB,GP,110P04156,2025-10-23,672.0,4,49.49747468305833,8800.0,96,0.95,47.022600948905406,True,2.8909078601101394,24491.141546911294,2.7830842666944653,355.8164178118728,529.2708894184811,30.707777777777782,390.0,False,False
I-95 NB,GP,110P04156,2025-10-24,672.0,4,49.49747468305833,8800.0,96,0.95,47.022600948905406,True,2.1878975464794386,16858.37129522294,1.9157240108207887,361.4716746308028,492.7455274195691,33.91444444444445,405.0,False,False
I-95 NB,GP,110P04156,2025-10-27,672.0,4,49.49747468305833,8800.0,96,0.95,47.022600948905406,True,2.263772363457686,18833.193987283077,2.140135680373077,347.35901232198745,483.1853541294486,36.48555555555555,390.0,False,False
I-95 NB,GP,110P04156,2025-10-28,672.0,4,49.49747468305833,8800.0,96,0.95,47.022600948905406,True,2.5835956281028567,22985.246378149546,2.611959815698812,359.07891483958167,514.0946525257531,33.25888888888889,390.0,False,False
I-95 NB,GP,110P04156,2025-10-29,672.0,4,49.49747468305833,8800.0,96,0.95,47.022600948905406,True,3.3154099507456682,27262.775332669487,3.0980426514397146,336.9469067079661,535.8715037527062,32.312222222222225,495.0,False,False
I-95 NB,GP,110P04156,2025-10-30,672.0,4,49.49747468305833,8800.0,96,0.95,47.022600948905406,True,3.221198684727992,27340.181917363465,3.1068388542458485,344.72169458573404,537.9936156694135,33.86000000000001,450.0,False,False
I-95 NB,GP,110P04156,2025-10-31,672.0,4,49.49747468305833,8800.0,96,0.95,47.022600948905406,True,1.7202301319178939,14441.904506469378,1.641125512098793,412.60783961615664,515.8216475312303,32.955555555555556,480.0,False,False
I-95 NB,GP,110+04157,2025-10-01,673.0,4,49.49747468305833,8800.0,96,0.95,47.022600948905406,True,4.870790805931574,38368.36271136378,4.360041217200429,342.31484064345966,634.5622889993541,20.87888888888888,570.0,False,False
I-95 NB,GP,110+04157,2025-10-02,673.0,4,49.49747468305833,8800.0,96,0.95,47.022600948905406,True,0.9448060858004861,8506.605488284607,0.9666597145777963,364.1954898588004,420.88385500682955,38.25555555555555,390.0,False,False
I-95 NB,GP,110+04157,2025-10-03,673.0,4,49.49747468305833,8800.0,96,0.95,47.022600948905406,True,0.8687864680454538,6389.271672748058,0.7260535991759157,381.75223580669274,433.87942388941997,41.00555555555555,405.0,False,False
I-95 NB,GP,110+04157,2025-10-06,673.0,4,49.49747468305833,8800.0,96,0.95,47.022600948905406,True,2.335497434935446,19366.6015218214,2.2007501729342502,366.6076560135938,506.73750210972054,41.04666666666666,480.0,False,False
I-95 NB,GP,110+04157,2025-10-07,673.0,4,49.49747468305833,8800.0,96,0.95,47.022600948905406,True,2.2263973077839267,19561.328338245992,2.222878220255226,372.3934874594412,505.9773259264768,42.27777777777778,405.0,False,False
I-95 NB,GP,110+04157,2025-10-08,673.0,4,49.49747468305833,8800.0,96,0.95,47.022600948905406,True,3.499966202391367,28844.021520356764,3.2777297182223597,342.41474882921625,552.4127209726983,29.78222222222222,510.0,False,False
I-95 NB,GP,110+04157,2025-10-09,673.0,4,49.49747468305833,8800.0,96,0.95,47.022600948905406,True,2.93478774856952,23400.72852680252,2.659173696227559,363.70409147764644,539.7913563918177,38.577777777777776,510.0,False,False
I-95 NB,GP,110+04157,2025-10-10,673.0,4,49.49747468305833,8800.0,96,0.95,47.022600948905406,True,2.545126057094774,14669.08110645742,1.666941034824707,337.19134715272065,489.8989105784071,7.375555555555555,405.0,False,False
I-95 NB,GP,110+04157,2025-10-13,673.0,4,49.49747468305833,8800.0,96,0.95,47.022600948905406,False,0.0,0.0,0.0,,,,,False,False
I-95 NB,GP,110+04157,2025-10-14,673.0,4,49.49747468305833,8800.0,96,0.95,47.022600948905406,True,3.7791372617056935,30239.3815561609,3.436293358654648,354.0754296951825,580.8236653975241,27.631111111111114,525.0,False,False
I-95 NB,GP,110+04157,2025-10-15,673.0,4,49.49747468305833,8800.0,96,0.95,47.022600948905406,True,2.993656274247786,24942.195335928496,2.8343403790827835,350.1280245631034,529.7474010179706,34.52555555555556,480.0,False,False
I-95 NB,GP,110+04157,2025-10-16,673.0,4,49.49747468305833,8800.0,96,0.95,47.022600948905406,True,3.6886223407425063,31303.783656730724,3.5572481428103098,342.47673230519547,563.7940727497459,25.582222222222224,510.0,False,False
I-95 NB,GP,110+04157,2025-10-17,673.0,4,49.49747468305833,8800.0,96,0.95,47.022600948905406,True,1.6144749522596404,12855.046276705834,1.4608007132620267,377.93345824170757,474.801955377286,41.15111111111111,390.0,False,False
I-95 NB,GP,110+04157,2025-10-20,673.0,4,49.49747468305833,8800.0,96,0.95,47.022600948905406,False,0.0,0.0,0.0,,,,,False,False
I-95 NB,GP,110+04157,2025-10-21,673.0,4,49.49747468305833,8800.0,96,0.95,47.022600948905406,True,1.096694762652148,8557.231195703986,0.9724126358754529,382.07431442661687,447.87600018574574,39.607777777777784,405.0,False,False
I-95 NB,GP,110+04157,2025-10-22,673.0,4,49.49747468305833,8800.0,96,0.95,47.022600948905406,True,2.900705598180198,25220.101583388445,2.86592063447596,351.69028137075924,525.7326172615711,35.31444444444443,390.0,False,False
I-95 NB,GP,110+04157,2025-10-23,673.0,4,49.49747468305833,8800.0,96,0.95,47.022600948905406,True,2.9113638534304065,24961.206174339517,2.8365007016294905,358.51588718385375,533.1977183896781,32.083333333333336,390.0,False,False
I-95 NB,GP,110+04157,2025-10-24,673.0,4,49.49747468305833,8800.0,96,0.95,47.022600948905406,True,2.263963994762503,19150.02068542893,2.1761387142532875,354.63187384500515,490.4697135307553,36.410000000000004,405.0,False,False
I-95 NB,GP,110+04157,2025-10-27,673.0,4,49.49747468305833,8800.0,96,0.95,47.022600948905406,True,1.915400619024562,14698.906495386858,1.6703302835666884,347.1874481265736,462.1114852680473,36.94111111111111,375.0,False,False
I-95 NB,GP,110+04157,2025-10-28,673.0,4,49.49747468305833,8800.0,96,0.95,47.022600948905406,True,2.4257707059925004,19135.377491429404,2.1744747149351595,362.7775850039025,508.32382736345255,36.65333333333333,390.0,False,False
I-95 NB,GP,110+04157,2025-10-29,673.0,4,49.49747468305833,8800.0,96,0.95,47.022600948905406,True,1.3496810717475778,12815.902312522061,1.4563525355138707,444.77642478746725,525.7572890923219,38.47777777777778,495.0,False,False
I-95 NB,GP,110+04157,2025-10-30,673.0,4,49.49747468305833,8800.0,96,0.95,47.022600948905406,True,3.307331889050151,27332.74198914953,3.105993407857901,337.0379728251412,535.4778861681502,34.668888888888894,420.0,False,False
I-95 NB,GP,110+04157,2025-10-31,673.0,4,49.49747468305833,8800.0,96,0.95,47.022600948905406,True,1.7211907456515443,14371.944262505069,1.633175484375576,417.5139290587017,520.7853737977944,31.087777777777774,495.0,False,False
I-95 NB,GP,110P04157,2025-10-01,674.0,4,49.49747468305833,8800.0,96,0.95,47.022600948905406,True,4.681201143534852,35839.0252606014,4.072616506886522,354.9572364482413,635.8293050603324,19.492222222222235,525.0,False,False
I-95 NB,GP,110P04157,2025-10-02,674.0,4,49.49747468305833,8800.0,96,0.95,47.022600948905406,True,0.9948991217150033,8605.37511585699,0.9778835358928398,356.4177893191794,416.1117366220796,40.79111111111111,375.0,False,False
I-95 NB,GP,110P04157,2025-10-03,674.0,4,49.49747468305833,8800.0,96,0.95,47.022600948905406,True,0.5131591072157988,4314.830235860062,0.4903216177113707,386.19543435297356,416.9849807859215,44.84222222222221,405.0,False,False
I-95 NB,GP,110P04157,2025-10-06,674.0,4,49.49747468305833,8800.0,96,0.95,47.022600948905406,True,2.3864631006438715,19531.641210342466,2.219504682993462,362.9372945511947,506.125080589827,42.03444444444444,495.0,False,False
I-95 NB,GP,110P04157,2025-10-07,674.0,4,49.49747468305833,8800.0,96,0.95,47.022600948905406,True,1.026977208855023,8360.223857410907,0.9500254383421485,458.383986219387,520.0026187506884,35.55111111111111,495.0,False,False
I-95 NB,GP,110P04157,2025-10-08,674.0,4,49.49747468305833,8800.0,96,0.95,47.022600948905406,True,3.571640958143281,31571.084920938945,3.587623286470335,343.3058915215392,557.604349010136,30.054444444444442,510.0,False,False
I-95 NB,GP,110P04157,2025-10-09,674.0,4,49.49747468305833,8800.0,96,0.95,47.022600948905406,True,2.8286106348205284,23717.57466102197,2.6951789387524965,368.4606434632938,538.1772815525255,38.39222222222222,510.0,False,False
I-95 NB,GP,110P04157,2025-10-10,674.0,4,49.49747468305833,8800.0,96,0.95,47.022600948905406,True,2.6212813227919005,15553.0582076574,1.7673929781428863,335.46999569350544,492.74687506101947,10.657777777777776,405.0,False,False
I-95 NB,GP,110P04157,2025-10-13,674.0,4,49.49747468305833,8800.0,96,0.95,47.022600948905406,False,0.0,0.0,0.0,,,,,False,False
I-95 NB,GP,110P04157,2025-10-14,674.0,4,49.49747468305833,8800.0,96,0.95,47.022600948905406,True,3.785369548239823,30717.799540451862,3.4906590386877117,354.94967428160356,582.071847175993,26.055555555555554,495.0,False,False
I-95 NB,GP,110P04157,2025-10-15,674.0,4,49.49747468305833,8800.0,96,0.95,47.022600948905406,True,3.0107131007463397,25215.64691594745,2.8654144222667557,352.9407255284888,533.5835115732692,32.54555555555555,480.0,False,False
I-95 NB,GP,110P04157,2025-10-16,674.0,4,49.49747468305833,8800.0,96,0.95,47.022600948905406,True,1.7918912222628782,13878.790963547815,1.5771353367667973,461.0201039435643,568.533577279337,23.474444444444455,510.0,False,False
I-95 NB,GP,110P04157,2025-10-17,674.0,4,49.49747468305833,8800.0,96,0.95,47.022600948905406,True,0.7363774772728675,6564.966536570591,0.7460189246102945,384.08449179488383,428.2671404312559,45.80444444444444,390.0,False,False
I-95 NB,GP,110P04157,2025-10-20,674.0,4,49.49747468305833,8800.0,96,0.95,47.022600948905406,False,0.0,0.0,0.0,,,,,False,False
I-95 NB,GP,110P04157,2025-10-21,674.0,4,49.49747468305833,8800.0,96,0.95,47.022600948905406,True,0.8905853541367492,8734.054756299938,0.9925062223068112,385.1447320078863,438.57985325609127,44.72777777777778,405.0,False,False
I-95 NB,GP,110P04157,2025-10-22,674.0,4,49.49747468305833,8800.0,96,0.95,47.022600948905406,True,3.0048481159345584,25620.635634369108,2.911435867541944,350.72390315475224,531.0147901108257,35.422222222222224,510.0,False,False
I-95 NB,GP,110P04157,2025-10-23,674.0,4,49.49747468305833,8800.0,96,0.95,47.022600948905406,True,2.9667687476158533,25711.001477669488,2.9217047133715326,366.53861063619144,544.5447354931426,39.25222222222222,510.0,False,False
I-95 NB,GP,110P04157,2025-10-24,674.0,4,49.49747468305833,8800.0,96,0.95,47.022600948905406,True,1.4923615612898355,13056.317714559278,1.4836724675635544,363.0633142301549,452.60500790754503,42.66777777777778,405.0,False,False
I-95 NB,GP,110P04157,2025-10-27,674.0,4,49.49747468305833,8800.0,96,0.95,47.022600948905406,True,1.575712049003936,12870.339910676894,1.4625386262132833,350.3253540330389,444.86807697327504,39.51888888888889,375.0,False,False
I-95 NB,GP,110P04157,2025-10-28,674.0,4,49.49747468305833,8800.0,96,0.95,47.022600948905406,True,2.2893224115244046,19508.486924679666,2.2168735141681437,368.7153851945505,506.0747298860148,41.70888888888888,390.0,False,False
I-95 NB,GP,110P04157,2025-10-29,674.0,4,49.49747468305833,8800.0,96,0.95,47.022600948905406,True,1.2521100074912492,10652.089313229517,1.2104646946851723,452.62778933154755,527.7543897810225,37.55888888888889,495.0,False,False
I-95 NB,GP,110P04157,2025-10-30,674.0,4,49.49747468305833,8800.0,96,0.95,47.022600948905406,True,3.222116811166215,27782.51530599541,3.157104012044933,334.6602216743812,527.9872303443541,37.33777777777778,405.0,False,False
I-95 NB,GP,110P04157,2025-10-31,674.0,4,49.49747468305833,8800.0,96,0.95,47.022600948905406,True,1.8359323709867719,14233.92385561708,1.6174913472292136,410.4495091556678,520.6054514148741,29.54444444444444,495.0,False,False
I-95 NB,GP,110+04158,2025-10-01,675.0,4,49.49747468305833,8800.0,96,0.95,47.022600948905406,True,4.467290688078014,34581.94707219678,3.9297667127496343,367.64222897309367,635.6796702577745,18.433333333333334,555.0,False,False
I-95 NB,GP,110+04158,2025-10-02,675.0,4,49.49747468305833,8800.0,96,0.95,47.022600948905406,True,0.7076676685407051,6552.324794160384,0.7445823629727709,363.0517695592726,405.5118296717149,44.85333333333333,375.0,False,False
I-95 NB,GP,110+04158,2025-10-03,675.0,4,49.49747468305833,8800.0,96,0.95,47.022600948905406,False,0.0,0.0,0.0,,,,,False,False
I-95 NB,GP,110+04158,2025-10-06,675.0,4,49.49747468305833,8800.0,96,0.95,47.022600948905406,True,0.7479464030668613,6408.841637313235,0.7282774587855949,467.8181356860908,512.6949198701025,41.78333333333334,495.0,False,False
I-95 NB,GP,110+04158,2025-10-07,675.0,4,49.49747468305833,8800.0,96,0.95,47.022600948905406,True,1.190519242506638,10252.36166817849,1.1650410986566466,457.04233237482975,528.473486925228,30.733333333333338,495.0,False,False
I-95 NB,GP,110+04158,2025-10-08,675.0,4,49.49747468305833,8800.0,96,0.95,47.022600948905406,True,2.086336448132536,16342.115835585624,1.8570586176801847,437.252795986231,562.4329828741832,29.585555555555555,510.0,False,False
I-95 NB,GP,110+04158,2025-10-09,675.0,4,49.49747468305833,8800.0,96,0.95,47.022600948905406,True,0.9788378439118646,8450.862025296476,0.9603252301473267,479.24053620342096,537.9708068381328,38.835555555555565,510.0,False,False
I-95 NB,GP,110+04158,2025-10-10,675.0,4,49.49747468305833,8800.0,96,0.95,47.022600948905406,True,2.584903449725354,17727.023881741414,2.01443453201607,333.65553614054085,488.7497431240621,18.052222222222227,405.0,False,False
I-95 NB,GP,110+04158,2025-10-13,675.0,4,49.49747468305833,8800.0,96,0.95,47.022600948905406,False,0.0,0.0,0.0,,,,,False,False
I-95 NB,GP,110+04158,2025-10-14,675.0,4,49.49747468305833,8800.0,96,0.95,47.022600948905406,True,3.661780309663686,28840.135100614723,3.2772880796153094,364.0145189330665,583.7213375128877,25.257777777777786,510.0,False,False
I-95 NB,GP,110+04158,2025-10-15,675.0,4,49.49747468305833,8800.0,96,0.95,47.022600948905406,True,2.781384369081105,23060.385819189512,2.620498388544263,370.2745676117889,537.1576297566552,32.71,480.0,False,False
I-95 NB,GP,110+04158,2025-10-16,675.0,4,49.49747468305833,8800.0,96,0.95,47.022600948905406,True,1.5914099753360376,13738.099795174781,1.5611477039971342,464.7847003083786,560.2692988285409,22.461111111111112,510.0,False,False
I-95 NB,GP,110+04158,2025-10-17,675.0,4,49.49747468305833,8800.0,96,0.95,47.022600948905406,False,0.0,0.0,0.0,,,,,False,False
I-95 NB,GP,110+04158,2025-10-20,675.0,4,49.49747468305833,8800.0,96,0.95,47.022600948905406,False,0.0,0.0,0.0,,,,,False,False
I-95 NB,GP,110+04158,2025-10-21,675.0,4,49.49747468305833,8800.0,96,0.95,47.022600948905406,False,0.0,0.0,0.0,,,,,False,False
I-95 NB,GP,110+04158,2025-10-22,675.0,4,49.49747468305833,8800.0,96,0.95,47.022600948905406,True,0.9687147408600699,8513.173203634862,0.9674060458675979,470.8521500274773,528.9750344790815,39.18111111111111,510.0,False,False
I-95 NB,GP,110+04158,2025-10-23,675.0,4,49.49747468305833,8800.0,96,0.95,47.022600948905406,True,0.8994272847010422,8433.091612760312,0.9583058650863991,489.6990524364922,543.6646895185547,38.32,510.0,False,False
I-95 NB,GP,110+04158,2025-10-24,675.0,4,49.49747468305833,8800.0,96,0.95,47.022600948905406,False,0.0,0.0,0.0,,,,,False,False
I-95 NB,GP,110+04158,2025-10-27,675.0,4,49.49747468305833,8800.0,96,0.95,47.022600948905406,True,0.9356971940695274,8750.41994919948,0.9943659033181228,364.84105389397325,420.9828855381449,45.24666666666666,375.0,False,False
I-95 NB,GP,110+04158,2025-10-28,675.0,4,49.49747468305833,8800.0,96,0.95,47.022600948905406,True,0.8800364742739201,6460.808252877605,0.7341827560088188,454.87588938713014,507.67807784356535,41.801111111111105,495.0,False,False
I-95 NB,GP,110+04158,2025-10-29,675.0,4,49.49747468305833,8800.0,96,0.95,47.022600948905406,True,1.130280850584334,10619.869727416724,1.206803378115537,460.5947313606234,528.4115823956835,37.33111111111111,495.0,False,False
I-95 NB,GP,110+04158,2025-10-30,675.0,4,49.49747468305833,8800.0,96,0.95,47.022600948905406,True,3.175011568816159,28039.435108589598,3.1862994441579087,336.8812674103519,527.3819615393214,39.623333333333335,405.0,False,False
I-95 NB,GP,110+04158,2025-10-31,675.0,4,49.49747468305833,8800.0,96,0.95,47.022600948905406,True,1.6720276039036681,14622.272209626326,1.6616218420029916,419.90270071449345,520.2243569487135,33.72222222222222,495.0,False,False
I-95 NB,GP,110P04159,2025-10-01,676.001,4,49.49747468305833,8800.0,96,0.95,47.022600948905406,True,2.354455745212088,16382.516027417889,1.8616495485702147,448.52272746356596,589.7900721762912,8.831111111111111,525.0,False,False
I-95 NB,GP,110P04159,2025-10-02,676.001,4,49.49747468305833,8800.0,96,0.95,47.022600948905406,True,1.6624251271928832,8201.148684836262,0.9319487141859388,483.2039216302077,582.9494292617807,8.32111111111111,525.0,False,False
I-95 NB,GP,110P04159,2025-10-03,676.001,4,49.49747468305833,8800.0,96,0.95,47.022600948905406,False,0.0,0.0,0.0,,,,,False,False
I-95 NB,GP,110P04159,2025-10-06,676.001,4,49.49747468305833,8800.0,96,0.95,47.022600948905406,False,0.0,0.0,0.0,,,,,False,False
I-95 NB,GP,110P04159,2025-10-07,676.001,4,49.49747468305833,8800.0,96,0.95,47.022600948905406,False,0.0,0.0,0.0,,,,,False,False
I-95 NB,GP,110P04159,2025-10-08,676.001,4,49.49747468305833,8800.0,96,0.95,47.022600948905406,True,1.1326372466101902,9123.029193954497,1.0367078629493747,488.7125502798369,556.6707850764483,19.063333333333333,525.0,False,False
I-95 NB,GP,110P04159,2025-10-09,676.001,4,49.49747468305833,8800.0,96,0.95,47.022600948905406,True,1.546216520058895,13370.014608035937,1.5193198418222655,462.5536434735566,555.3266346770903,20.412222222222226,510.0,False,False
I-95 NB,GP,110P04159,2025-10-10,676.001,4,49.49747468305833,8800.0,96,0.95,47.022600948905406,False,0.0,0.0,0.0,,,,,False,False
I-95 NB,GP,110P04159,2025-10-13,676.001,4,49.49747468305833,8800.0,96,0.95,47.022600948905406,False,0.0,0.0,0.0,,,,,False,False
I-95 NB,GP,110P04159,2025-10-14,676.001,4,49.49747468305833,8800.0,96,0.95,47.022600948905406,True,0.9066582339025312,7718.761364629902,0.877131973253398,505.3920448482678,559.7915388824197,30.38,540.0,False,False
I-95 NB,GP,110P04159,2025-10-15,676.001,4,49.49747468305833,8800.0,96,0.95,47.022600948905406,True,1.308957402644296,8539.64230503877,0.9704138982998601,476.13652866448444,554.6739728231422,17.748888888888885,510.0,False,False
I-95 NB,GP,110P04159,2025-10-16,676.001,4,49.49747468305833,8800.0,96,0.95,47.022600948905406,True,1.691242707707596,10912.46734785679,1.2400531077109989,471.4769645038448,572.9515269663005,11.124444444444444,510.0,False,False
I-95 NB,GP,110P04159,2025-10-17,676.001,4,49.49747468305833,8800.0,96,0.95,47.022600948905406,False,0.0,0.0,0.0,,,,,False,False
I-95 NB,GP,110P04159,2025-10-20,676.001,4,49.49747468305833,8800.0,87,0.95,47.022600948905406,False,0.0,0.0,0.0,,,,,False,False
I-95 NB,GP,110P04159,2025-10-21,676.001,4,49.49747468305833,8800.0,96,0.95,47.022600948905406,False,0.0,0.0,0.0,,,,,False,False
I-95 NB,GP,110P04159,2025-10-22,676.001,4,49.49747468305833,8800.0,96,0.95,47.022600948905406,False,0.0,0.0,0.0,,,,,False,False
I-95 NB,GP,110P04159,2025-10-23,676.001,4,49.49747468305833,8800.0,96,0.95,47.022600948905406,False,0.0,0.0,0.0,,,,,False,False
I-95 NB,GP,110P04159,2025-10-24,676.001,4,49.49747468305833,8800.0,96,0.95,47.022600948905406,False,0.0,0.0,0.0,,,,,False,False
I-95 NB,GP,110P04159,2025-10-27,676.001,4,49.49747468305833,8800.0,96,0.95,47.022600948905406,False,0.0,0.0,0.0,,,,,False,False
I-95 NB,GP,110P04159,2025-10-28,676.001,4,49.49747468305833,8800.0,96,0.95,47.022600948905406,True,1.657815868447515,14038.321942804001,1.5952638571368183,446.94988061431275,546.4188327211637,33.87777777777777,525.0,False,False
I-95 NB,GP,110P04159,2025-10-29,676.001,4,49.49747468305833,8800.0,96,0.95,47.022600948905406,False,0.0,0.0,0.0,,,,,False,False
I-95 NB,GP,110P04159,2025-10-30,676.001,4,49.49747468305833,8800.0,96,0.95,47.022600948905406,False,0.0,0.0,0.0,,,,,False,False
I-95 NB,GP,110P04159,2025-10-31,676.001,4,49.49747468305833,8800.0,96,0.95,47.022600948905406,False,0.0,0.0,0.0,,,,,False,False
I-95 NB,GP,110P04146,2025-10-01,652.0,3,49.49747468305833,6600.0,96,1.0,49.49747468305833,False,0.0,0.0,0.0,,,,,False,False
I-95 NB,GP,110P04146,2025-10-02,652.0,3,49.49747468305833,6600.0,96,1.0,49.49747468305833,False,0.0,0.0,0.0,,,,,False,False
I-95 NB,GP,110P04146,2025-10-03,652.0,3,49.49747468305833,6600.0,96,1.0,49.49747468305833,False,0.0,0.0,0.0,,,,,False,False
I-95 NB,GP,110P04146,2025-10-06,652.0,3,49.49747468305833,6600.0,96,1.0,49.49747468305833,False,0.0,0.0,0.0,,,,,False,False
I-95 NB,GP,110P04146,2025-10-07,652.0,3,49.49747468305833,6600.0,96,1.0,49.49747468305833,False,0.0,0.0,0.0,,,,,False,False
I-95 NB,GP,110P04146,2025-10-08,652.0,3,49.49747468305833,6600.0,96,1.0,49.49747468305833,False,0.0,0.0,0.0,,,,,False,False
I-95 NB,GP,110P04146,2025-10-09,652.0,3,49.49747468305833,6600.0,96,1.0,49.49747468305833,False,0.0,0.0,0.0,,,,,False,False
I-95 NB,GP,110P04146,2025-10-10,652.0,3,49.49747468305833,6600.0,96,1.0,49.49747468305833,False,0.0,0.0,0.0,,,,,False,False
I-95 NB,GP,110P04146,2025-10-13,652.0,3,49.49747468305833,6600.0,96,1.0,49.49747468305833,False,0.0,0.0,0.0,,,,,False,False
I-95 NB,GP,110P04146,2025-10-14,652.0,3,49.49747468305833,6600.0,96,1.0,49.49747468305833,False,0.0,0.0,0.0,,,,,False,False
I-95 NB,GP,110P04146,2025-10-15,652.0,3,49.49747468305833,6600.0,96,1.0,49.49747468305833,False,0.0,0.0,0.0,,,,,False,False
I-95 NB,GP,110P04146,2025-10-16,652.0,3,49.49747468305833,6600.0,96,1.0,49.49747468305833,False,0.0,0.0,0.0,,,,,False,False
I-95 NB,GP,110P04146,2025-10-17,652.0,3,49.49747468305833,6600.0,96,1.0,49.49747468305833,False,0.0,0.0,0.0,,,,,False,False
I-95 NB,GP,110P04146,2025-10-20,652.0,3,49.49747468305833,6600.0,96,1.0,49.49747468305833,False,0.0,0.0,0.0,,,,,False,False
I-95 NB,GP,110P04146,2025-10-21,652.0,3,49.49747468305833,6600.0,96,1.0,49.49747468305833,False,0.0,0.0,0.0,,,,,False,False
I-95 NB,GP,110P04146,2025-10-22,652.0,3,49.49747468305833,6600.0,96,1.0,49.49747468305833,False,0.0,0.0,0.0,,,,,False,False
I-95 NB,GP,110P04146,2025-10-23,652.0,3,49.49747468305833,6600.0,96,1.0,49.49747468305833,False,0.0,0.0,0.0,,,,,False,False
I-95 NB,GP,110P04146,2025-10-24,652.0,3,49.49747468305833,6600.0,96,1.0,49.49747468305833,False,0.0,0.0,0.0,,,,,False,False
I-95 NB,GP,110P04146,2025-10-27,652.0,3,49.49747468305833,6600.0,96,1.0,49.49747468305833,False,0.0,0.0,0.0,,,,,False,False
I-95 NB,GP,110P04146,2025-10-28,652.0,3,49.49747468305833,6600.0,96,1.0,49.49747468305833,False,0.0,0.0,0.0,,,,,False,False
I-95 NB,GP,110P04146,2025-10-29,652.0,3,49.49747468305833,6600.0,96,1.0,49.49747468305833,False,0.0,0.0,0.0,,,,,False,False
I-95 NB,GP,110P04146,2025-10-30,652.0,3,49.49747468305833,6600.0,96,1.0,49.49747468305833,True,2.3080391755885445,10581.991132587125,1.6033319897859282,380.15910099828795,518.6414515336006,9.64111111111111,420.0,False,False
I-95 NB,GP,110P04146,2025-10-31,652.0,3,49.49747468305833,6600.0,96,1.0,49.49747468305833,False,0.0,0.0,0.0,,,,,False,False
I-95 NB,GP,110+04147,2025-10-01,653.0,3,49.49747468305833,6600.0,96,1.0,49.49747468305833,False,0.0,0.0,0.0,,,,,False,False
I-95 NB,GP,110+04147,2025-10-02,653.0,3,49.49747468305833,6600.0,96,1.0,49.49747468305833,False,0.0,0.0,0.0,,,,,False,False
I-95 NB,GP,110+04147,2025-10-03,653.0,3,49.49747468305833,6600.0,96,1.0,49.49747468305833,False,0.0,0.0,0.0,,,,,False,False
I-95 NB,GP,110+04147,2025-10-06,653.0,3,49.49747468305833,6600.0,96,1.0,49.49747468305833,False,0.0,0.0,0.0,,,,,False,False
I-95 NB,GP,110+04147,2025-10-07,653.0,3,49.49747468305833,6600.0,96,1.0,49.49747468305833,False,0.0,0.0,0.0,,,,,False,False
I-95 NB,GP,110+04147,2025-10-08,653.0,3,49.49747468305833,6600.0,96,1.0,49.49747468305833,False,0.0,0.0,0.0,,,,,False,False
I-95 NB,GP,110+04147,2025-10-09,653.0,3,49.49747468305833,6600.0,96,1.0,49.49747468305833,False,0.0,0.0,0.0,,,,,False,False
I-95 NB,GP,110+04147,2025-10-10,653.0,3,49.49747468305833,6600.0,96,1.0,49.49747468305833,False,0.0,0.0,0.0,,,,,False,False
I-95 NB,GP,110+04147,2025-10-13,653.0,3,49.49747468305833,6600.0,96,1.0,49.49747468305833,False,0.0,0.0,0.0,,,,,False,False
I-95 NB,GP,110+04147,2025-10-14,653.0,3,49.49747468305833,6600.0,96,1.0,49.49747468305833,False,0.0,0.0,0.0,,,,,False,False
I-95 NB,GP,110+04147,2025-10-15,653.0,3,49.49747468305833,6600.0,96,1.0,49.49747468305833,False,0.0,0.0,0.0,,,,,False,False
I-95 NB,GP,110+04147,2025-10-16,653.0,3,49.49747468305833,6600.0,96,1.0,49.49747468305833,False,0.0,0.0,0.0,,,,,False,False
I-95 NB,GP,110+04147,2025-10-17,653.0,3,49.49747468305833,6600.0,96,1.0,49.49747468305833,False,0.0,0.0,0.0,,,,,False,False
I-95 NB,GP,110+04147,2025-10-20,653.0,3,49.49747468305833,6600.0,96,1.0,49.49747468305833,False,0.0,0.0,0.0,,,,,False,False
I-95 NB,GP,110+04147,2025-10-21,653.0,3,49.49747468305833,6600.0,96,1.0,49.49747468305833,False,0.0,0.0,0.0,,,,,False,False
I-95 NB,GP,110+04147,2025-10-22,653.0,3,49.49747468305833,6600.0,96,1.0,49.49747468305833,False,0.0,0.0,0.0,,,,,False,False
I-95 NB,GP,110+04147,2025-10-23,653.0,3,49.49747468305833,6600.0,96,1.0,49.49747468305833,False,0.0,0.0,0.0,,,,,False,False
I-95 NB,GP,110+04147,2025-10-24,653.0,3,49.49747468305833,6600.0,96,1.0,49.49747468305833,False,0.0,0.0,0.0,,,,,False,False
I-95 NB,GP,110+04147,2025-10-27,653.0,3,49.49747468305833,6600.0,96,1.0,49.49747468305833,False,0.0,0.0,0.0,,,,,False,False
I-95 NB,GP,110+04147,2025-10-28,653.0,3,49.49747468305833,6600.0,96,1.0,49.49747468305833,False,0.0,0.0,0.0,,,,,False,False
I-95 NB,GP,110+04147,2025-10-29,653.0,3,49.49747468305833,6600.0,96,1.0,49.49747468305833,False,0.0,0.0,0.0,,,,,False,False
I-95 NB,GP,110+04147,2025-10-30,653.0,3,49.49747468305833,6600.0,96,1.0,49.49747468305833,True,2.4981251088303793,11562.291769877247,1.7518623893753404,371.7400055759118,521.6275121057346,8.363333333333328,420.0,False,False
I-95 NB,GP,110+04147,2025-10-31,653.0,3,49.49747468305833,6600.0,96,1.0,49.49747468305833,False,0.0,0.0,0.0,,,,,False,False
I-95 NB,GP,110P04147,2025-10-01,654.0,3,49.49747468305833,6600.0,96,1.0,49.49747468305833,False,0.0,0.0,0.0,,,,,False,False
I-95 NB,GP,110P04147,2025-10-02,654.0,3,49.49747468305833,6600.0,96,1.0,49.49747468305833,False,0.0,0.0,0.0,,,,,False,False
I-95 NB,GP,110P04147,2025-10-03,654.0,3,49.49747468305833,6600.0,96,1.0,49.49747468305833,False,0.0,0.0,0.0,,,,,False,False
I-95 NB,GP,110P04147,2025-10-06,654.0,3,49.49747468305833,6600.0,96,1.0,49.49747468305833,False,0.0,0.0,0.0,,,,,False,False
I-95 NB,GP,110P04147,2025-10-07,654.0,3,49.49747468305833,6600.0,96,1.0,49.49747468305833,False,0.0,0.0,0.0,,,,,False,False
I-95 NB,GP,110P04147,2025-10-08,654.0,3,49.49747468305833,6600.0,96,1.0,49.49747468305833,False,0.0,0.0,0.0,,,,,False,False
I-95 NB,GP,110P04147,2025-10-09,654.0,3,49.49747468305833,6600.0,96,1.0,49.49747468305833,False,0.0,0.0,0.0,,,,,False,False
I-95 NB,GP,110P04147,2025-10-10,654.0,3,49.49747468305833,6600.0,96,1.0,49.49747468305833,False,0.0,0.0,0.0,,,,,False,False
I-95 NB,GP,110P04147,2025-10-13,654.0,3,49.49747468305833,6600.0,96,1.0,49.49747468305833,False,0.0,0.0,0.0,,,,,False,False
I-95 NB,GP,110P04147,2025-10-14,654.0,3,49.49747468305833,6600.0,96,1.0,49.49747468305833,False,0.0,0.0,0.0,,,,,False,False
I-95 NB,GP,110P04147,2025-10-15,654.0,3,49.49747468305833,6600.0,96,1.0,49.49747468305833,False,0.0,0.0,0.0,,,,,False,False
I-95 NB,GP,110P04147,2025-10-16,654.0,3,49.49747468305833,6600.0,96,1.0,49.49747468305833,False,0.0,0.0,0.0,,,,,False,False
I-95 NB,GP,110P04147,2025-10-17,654.0,3,49.49747468305833,6600.0,96,1.0,49.49747468305833,False,0.0,0.0,0.0,,,,,False,False
I-95 NB,GP,110P04147,2025-10-20,654.0,3,49.49747468305833,6600.0,96,1.0,49.49747468305833,False,0.0,0.0,0.0,,,,,False,False
I-95 NB,GP,110P04147,2025-10-21,654.0,3,49.49747468305833,6600.0,96,1.0,49.49747468305833,False,0.0,0.0,0.0,,,,,False,False
I-95 NB,GP,110P04147,2025-10-22,654.0,3,49.49747468305833,6600.0,96,1.0,49.49747468305833,False,0.0,0.0,0.0,,,,,False,False
I-95 NB,GP,110P04147,2025-10-23,654.0,3,49.49747468305833,6600.0,96,1.0,49.49747468305833,False,0.0,0.0,0.0,,,,,False,False
I-95 NB,GP,110P04147,2025-10-24,654.0,3,49.49747468305833,6600.0,96,1.0,49.49747468305833,False,0.0,0.0,0.0,,,,,False,False
I-95 NB,GP,110P04147,2025-10-27,654.0,3,49.49747468305833,6600.0,96,1.0,49.49747468305833,False,0.0,0.0,0.0,,,,,False,False
I-95 NB,GP,110P04147,2025-10-28,654.0,3,49.49747468305833,6600.0,96,1.0,49.49747468305833,False,0.0,0.0,0.0,,,,,False,False
I-95 NB,GP,110P04147,2025-10-29,654.0,3,49.49747468305833,6600.0,96,1.0,49.49747468305833,False,0.0,0.0,0.0,,,,,False,False
I-95 NB,GP,110P04147,2025-10-30,654.0,3,49.49747468305833,6600.0,96,1.0,49.49747468305833,True,2.6480468607780105,12410.243154796473,1.8803398719388595,366.5963037620657,525.4791154087463,7.834444444444446,405.0,False,False
I-95 NB,GP,110P04147,2025-10-31,654.0,3,49.49747468305833,6600.0,96,1.0,49.49747468305833,False,0.0,0.0,0.0,,,,,False,False
I-95 NB,GP,110+04148,2025-10-01,655.0,3,49.49747468305833,6600.0,96,1.0,49.49747468305833,False,0.0,0.0,0.0,,,,,False,False
I-95 NB,GP,110+04148,2025-10-02,655.0,3,49.49747468305833,6600.0,96,1.0,49.49747468305833,False,0.0,0.0,0.0,,,,,False,False
I-95 NB,GP,110+04148,2025-10-03,655.0,3,49.49747468305833,6600.0,96,1.0,49.49747468305833,False,0.0,0.0,0.0,,,,,False,False
I-95 NB,GP,110+04148,2025-10-06,655.0,3,49.49747468305833,6600.0,96,1.0,49.49747468305833,False,0.0,0.0,0.0,,,,,False,False
I-95 NB,GP,110+04148,2025-10-07,655.0,3,49.49747468305833,6600.0,96,1.0,49.49747468305833,True,0.8243084264329383,4558.130931313977,0.690625898683936,497.20048335077075,546.658988936747,34.44555555555556,525.0,False,False
I-95 NB,GP,110+04148,2025-10-08,655.0,3,49.49747468305833,6600.0,96,1.0,49.49747468305833,False,0.0,0.0,0.0,,,,,False,False
I-95 NB,GP,110+04148,2025-10-09,655.0,3,49.49747468305833,6600.0,96,1.0,49.49747468305833,False,0.0,0.0,0.0,,,,,False,False
I-95 NB,GP,110+04148,2025-10-10,655.0,3,49.49747468305833,6600.0,96,1.0,49.49747468305833,False,0.0,0.0,0.0,,,,,False,False
I-95 NB,GP,110+04148,2025-10-13,655.0,3,49.49747468305833,6600.0,96,1.0,49.49747468305833,False,0.0,0.0,0.0,,,,,False,False
I-95 NB,GP,110+04148,2025-10-14,655.0,3,49.49747468305833,6600.0,96,1.0,49.49747468305833,False,0.0,0.0,0.0,,,,,False,False
I-95 NB,GP,110+04148,2025-10-15,655.0,3,49.49747468305833,6600.0,96,1.0,49.49747468305833,False,0.0,0.0,0.0,,,,,False,False
I-95 NB,GP,110+04148,2025-10-16,655.0,3,49.49747468305833,6600.0,96,1.0,49.49747468305833,False,0.0,0.0,0.0,,,,,False,False
I-95 NB,GP,110+04148,2025-10-17,655.0,3,49.49747468305833,6600.0,96,1.0,49.49747468305833,False,0.0,0.0,0.0,,,,,False,False
I-95 NB,GP,110+04148,2025-10-20,655.0,3,49.49747468305833,6600.0,96,1.0,49.49747468305833,False,0.0,0.0,0.0,,,,,False,False
I-95 NB,GP,110+04148,2025-10-21,655.0,3,49.49747468305833,6600.0,96,1.0,49.49747468305833,False,0.0,0.0,0.0,,,,,False,False
I-95 NB,GP,110+04148,2025-10-22,655.0,3,49.49747468305833,6600.0,96,1.0,49.49747468305833,False,0.0,0.0,0.0,,,,,False,False
I-95 NB,GP,110+04148,2025-10-23,655.0,3,49.49747468305833,6600.0,96,1.0,49.49747468305833,False,0.0,0.0,0.0,,,,,False,False
I-95 NB,GP,110+04148,2025-10-24,655.0,3,49.49747468305833,6600.0,96,1.0,49.49747468305833,False,0.0,0.0,0.0,,,,,False,False
I-95 NB,GP,110+04148,2025-10-27,655.0,3,49.49747468305833,6600.0,96,1.0,49.49747468305833,False,0.0,0.0,0.0,,,,,False,False
I-95 NB,GP,110+04148,2025-10-28,655.0,3,49.49747468305833,6600.0,96,1.0,49.49747468305833,False,0.0,0.0,0.0,,,,,False,False
I-95 NB,GP,110+04148,2025-10-29,655.0,3,49.49747468305833,6600.0,96,1.0,49.49747468305833,False,0.0,0.0,0.0,,,,,False,False
I-95 NB,GP,110+04148,2025-10-30,655.0,3,49.49747468305833,6600.0,96,1.0,49.49747468305833,True,2.593088317642514,12773.263060743404,1.9353428879914247,364.86367422293597,520.4489732814868,10.311111111111112,420.0,False,False
I-95 NB,GP,110+04148,2025-10-31,655.0,3,49.49747468305833,6600.0,96,1.0,49.49747468305833,False,0.0,0.0,0.0,,,,,False,False
I-95 NB,GP,110+04150,2025-10-01,659.0,2,49.49747468305833,4400.0,96,1.0,49.49747468305833,True,1.6842343984466528,6733.97287198154,1.5304483799958046,335.0945042589598,436.14856816575895,23.51222222222222,390.0,False,False
I-95 NB,GP,110+04150,2025-10-02,659.0,2,49.49747468305833,4400.0,96,1.0,49.49747468305833,False,0.0,0.0,0.0,,,,,False,False
I-95 NB,GP,110+04150,2025-10-03,659.0,2,49.49747468305833,4400.0,96,1.0,49.49747468305833,True,0.6958685169873111,2731.141714676264,0.6207140260627874,440.2521944812441,482.00430550048276,36.98222222222222,465.0,False,False
I-95 NB,GP,110+04150,2025-10-06,659.0,2,49.49747468305833,4400.0,96,1.0,49.49747468305833,False,0.0,0.0,0.0,,,,,False,False
I-95 NB,GP,110+04150,2025-10-07,659.0,2,49.49747468305833,4400.0,96,1.0,49.49747468305833,True,2.147439529718368,6677.960352194283,1.517718261862337,402.3267585584583,531.1731303415604,11.072222222222221,450.0,False,False
I-95 NB,GP,110+04150,2025-10-08,659.0,2,49.49747468305833,4400.0,96,1.0,49.49747468305833,False,0.0,0.0,0.0,,,,,False,False
I-95 NB,GP,110+04150,2025-10-09,659.0,2,49.49747468305833,4400.0,96,1.0,49.49747468305833,False,0.0,0.0,0.0,,,,,False,False
I-95 NB,GP,110+04150,2025-10-10,659.0,2,49.49747468305833,4400.0,96,1.0,49.49747468305833,False,0.0,0.0,0.0,,,,,False,False
I-95 NB,GP,110+04150,2025-10-13,659.0,2,49.49747468305833,4400.0,96,1.0,49.49747468305833,False,0.0,0.0,0.0,,,,,False,False
I-95 NB,GP,110+04150,2025-10-14,659.0,2,49.49747468305833,4400.0,96,1.0,49.49747468305833,False,0.0,0.0,0.0,,,,,False,False
I-95 NB,GP,110+04150,2025-10-15,659.0,2,49.49747468305833,4400.0,96,1.0,49.49747468305833,False,0.0,0.0,0.0,,,,,False,False
I-95 NB,GP,110+04150,2025-10-16,659.0,2,49.49747468305833,4400.0,96,1.0,49.49747468305833,False,0.0,0.0,0.0,,,,,False,False
I-95 NB,GP,110+04150,2025-10-17,659.0,2,49.49747468305833,4400.0,96,1.0,49.49747468305833,False,0.0,0.0,0.0,,,,,False,False
I-95 NB,GP,110+04150,2025-10-20,659.0,2,49.49747468305833,4400.0,96,1.0,49.49747468305833,False,0.0,0.0,0.0,,,,,False,False
I-95 NB,GP,110+04150,2025-10-21,659.0,2,49.49747468305833,4400.0,96,1.0,49.49747468305833,True,1.6255645978762592,4617.861343446576,1.0495139416924038,335.7709799880995,433.30485586067505,11.5,390.0,False,False
I-95 NB,GP,110+04150,2025-10-22,659.0,2,49.49747468305833,4400.0,96,1.0,49.49747468305833,False,0.0,0.0,0.0,,,,,False,False
I-95 NB,GP,110+04150,2025-10-23,659.0,2,49.49747468305833,4400.0,96,1.0,49.49747468305833,False,0.0,0.0,0.0,,,,,False,False
I-95 NB,GP,110+04150,2025-10-24,659.0,2,49.49747468305833,4400.0,96,1.0,49.49747468305833,True,1.4211989422484617,4655.924984078769,1.0581647691088112,533.4258779223537,618.6978144572614,11.662222222222221,570.0,False,False
I-95 NB,GP,110+04150,2025-10-27,659.0,2,49.49747468305833,4400.0,96,1.0,49.49747468305833,False,0.0,0.0,0.0,,,,,False,False
I-95 NB,GP,110+04150,2025-10-28,659.0,2,49.49747468305833,4400.0,96,1.0,49.49747468305833,True,0.8046843172088813,2957.5056058653217,0.6721603649693914,425.78064526601787,474.06170429855075,35.26111111111111,450.0,False,False
I-95 NB,GP,110+04150,2025-10-29,659.0,2,49.49747468305833,4400.0,96,1.0,49.49747468305833,True,0.7710907051528598,2837.2082843954377,0.6448200646353267,428.4051866715013,474.6706289806729,32.07222222222222,450.0,False,False
I-95 NB,GP,110+04150,2025-10-30,659.0,2,49.49747468305833,4400.0,96,1.0,49.49747468305833,True,1.7830598184405042,5987.668058308715,1.360833649615617,468.9591309408231,575.9427200472534,16.2,525.0,False,False
I-95 NB,GP,110+04150,2025-10-31,659.0,2,49.49747468305833,4400.0,96,1.0,49.49747468305833,False,0.0,0.0,0.0,,,,,False,False
I-95 NB,GP,110P04150,2025-10-01,660.0,3,49.49747468305833,6600.0,96,1.0,49.49747468305833,True,2.342799571134758,10643.086244194557,1.6125888248779632,316.5812765266969,457.1492507947824,14.229999999999999,405.0,False,False
I-95 NB,GP,110P04150,2025-10-02,660.0,3,49.49747468305833,6600.0,96,1.0,49.49747468305833,True,0.5592493081978736,4903.295025229372,0.742923488671117,389.70605528250695,423.26101377437936,48.70444444444445,420.0,False,False
I-95 NB,GP,110P04150,2025-10-03,660.0,3,49.49747468305833,6600.0,96,1.0,49.49747468305833,True,2.3754297242795377,13523.053779391335,2.0489475423320207,341.02155490261936,483.54733835939163,18.506666666666668,450.0,False,False
I-95 NB,GP,110P04150,2025-10-06,660.0,3,49.49747468305833,6600.0,96,1.0,49.49747468305833,True,1.1705568338728682,5192.714983188641,0.7867749974528244,391.2440062222856,461.47741625465767,20.884444444444444,420.0,False,False
I-95 NB,GP,110P04150,2025-10-07,660.0,3,49.49747468305833,6600.0,96,1.0,49.49747468305833,True,0.7061887752591417,4536.786690795618,0.6873919228478209,382.78684989632535,425.15817641187385,40.06777777777778,405.0,False,False
I-95 NB,GP,110P04150,2025-10-08,660.0,3,49.49747468305833,6600.0,96,1.0,49.49747468305833,True,2.1998868705351753,12953.161854755035,1.9626002810234902,313.0459506722388,445.0391629043493,20.52333333333333,345.0,False,False
I-95 NB,GP,110P04150,2025-10-09,660.0,3,49.49747468305833,6600.0,96,1.0,49.49747468305833,True,0.9542470797252861,6138.808189640909,0.9301224529758954,323.57380166223817,380.82862644575533,34.633333333333326,345.0,False,False
I-95 NB,GP,110P04150,2025-10-10,660.0,3,49.49747468305833,6600.0,96,1.0,49.49747468305833,False,0.0,0.0,0.0,,,,,False,False
I-95 NB,GP,110P04150,2025-10-13,660.0,3,49.49747468305833,6600.0,96,1.0,49.49747468305833,False,0.0,0.0,0.0,,,,,False,False
I-95 NB,GP,110P04150,2025-10-14,660.0,3,49.49747468305833,6600.0,96,1.0,49.49747468305833,True,2.23748555256297,12587.84282746234,1.9072489132518697,319.6815183964369,453.9306515502151,19.806666666666665,375.0,False,False
I-95 NB,GP,110P04150,2025-10-15,660.0,3,49.49747468305833,6600.0,96,1.0,49.49747468305833,True,0.9764395671432056,6074.6727490410785,0.920404961975921,365.9141831595902,424.50055718818254,34.408888888888896,390.0,False,False
I-95 NB,GP,110P04150,2025-10-16,660.0,3,49.49747468305833,6600.0,96,1.0,49.49747468305833,True,0.9275481862717811,4203.808192712851,0.6369406352595229,483.099451463328,538.7523426396349,27.627777777777776,510.0,False,False
I-95 NB,GP,110P04150,2025-10-17,660.0,3,49.49747468305833,6600.0,96,1.0,49.49747468305833,False,0.0,0.0,0.0,,,,,False,False
I-95 NB,GP,110P04150,2025-10-20,660.0,3,49.49747468305833,6600.0,96,1.0,49.49747468305833,False,0.0,0.0,0.0,,,,,False,False
I-95 NB,GP,110P04150,2025-10-21,660.0,3,49.49747468305833,6600.0,96,1.0,49.49747468305833,True,1.9127354733200093,9055.452537663072,1.3720382632822836,324.3234055173817,439.08753391658223,9.96111111111111,390.0,False,False
I-95 NB,GP,110P04150,2025-10-22,660.0,3,49.49747468305833,6600.0,96,1.0,49.49747468305833,True,2.320062841243962,15304.528018948338,2.3188678816588393,313.7124223501927,452.91619282483043,31.70888888888889,390.0,False,False
I-95 NB,GP,110P04150,2025-10-23,660.0,3,49.49747468305833,6600.0,96,1.0,49.49747468305833,True,0.7209515605031025,4894.833752130722,0.741641477595564,356.92174273769285,400.178836367879,46.07555555555555,375.0,False,False
I-95 NB,GP,110P04150,2025-10-24,660.0,3,49.49747468305833,6600.0,96,1.0,49.49747468305833,True,1.7949831812710044,7852.8989090254545,1.1898331680341598,515.0576807952973,622.7566716715576,10.202222222222224,570.0,False,False
I-95 NB,GP,110P04150,2025-10-27,660.0,3,49.49747468305833,6600.0,96,1.0,49.49747468305833,False,0.0,0.0,0.0,,,,,False,False
I-95 NB,GP,110P04150,2025-10-28,660.0,3,49.49747468305833,6600.0,96,1.0,49.49747468305833,True,2.440679070239084,13597.50490162224,2.060228015397309,382.1313860321643,528.5721302465093,14.658888888888889,450.0,False,False
I-95 NB,GP,110P04150,2025-10-29,660.0,3,49.49747468305833,6600.0,96,1.0,49.49747468305833,True,1.55598239546804,7806.291483513023,1.1827714368959126,406.43869511544654,499.79763884352894,13.604444444444445,450.0,False,False
I-95 NB,GP,110P04150,2025-10-30,660.0,3,49.49747468305833,6600.0,96,1.0,49.49747468305833,True,2.1015465238531306,11277.164111489024,1.7086612290134886,459.6185458475204,585.7113372787082,13.933333333333337,510.0,False,False
I-95 NB,GP,110P04150,2025-10-31,660.0,3,49.49747468305833,6600.0,96,1.0,49.49747468305833,False,0.0,0.0,0.0,,,,,False,False
I-95 NB,GP,110+04151,2025-10-01,661.0,3,49.49747468305833,6600.0,96,1.0,49.49747468305833,True,2.6279639151066894,13993.512079056774,2.12022910288739,309.11490014733846,466.7927350537398,16.517777777777784,375.0,False,False
I-95 NB,GP,110+04151,2025-10-02,661.0,3,49.49747468305833,6600.0,96,1.0,49.49747468305833,True,3.100160045326636,17801.355098072763,2.6971750148595097,323.25798135661074,509.2675840762089,22.89,405.0,False,False
I-95 NB,GP,110+04151,2025-10-03,661.0,3,49.49747468305833,6600.0,96,1.0,49.49747468305833,True,3.3905075310010933,17507.711317057412,2.6526835328874867,324.58174434836866,528.0121962084343,13.418888888888889,375.0,False,False
I-95 NB,GP,110+04151,2025-10-06,661.0,3,49.49747468305833,6600.0,96,1.0,49.49747468305833,True,2.515778584647154,13947.679056414034,2.1132847055172777,323.69784058476534,474.6445556635946,16.75111111111111,435.0,False,False
I-95 NB,GP,110+04151,2025-10-07,661.0,3,49.49747468305833,6600.0,96,1.0,49.49747468305833,True,1.7918931645150697,11532.598777523128,1.747363451139868,313.3249400031677,420.83852987407187,26.517777777777777,390.0,False,False
I-95 NB,GP,110+04151,2025-10-08,661.0,3,49.49747468305833,6600.0,96,1.0,49.49747468305833,True,2.4959336887580834,13137.059920074906,1.9904636242537737,307.9927964783143,457.7488178037993,18.605555555555558,345.0,False,False
I-95 NB,GP,110+04151,2025-10-09,661.0,3,49.49747468305833,6600.0,96,1.0,49.49747468305833,True,2.450795678728457,13498.940971260228,2.04529408655458,312.12681854313587,459.1745592668433,21.47111111111111,345.0,False,False
I-95 NB,GP,110+04151,2025-10-10,661.0,3,49.49747468305833,6600.0,96,1.0,49.49747468305833,True,0.7442308011205834,4715.069982228193,0.7144045427618474,553.1530780586604,597.8069261258954,40.71666666666667,585.0,False,False
I-95 NB,GP,110+04151,2025-10-13,661.0,3,49.49747468305833,6600.0,96,1.0,49.49747468305833,False,0.0,0.0,0.0,,,,,False,False
I-95 NB,GP,110+04151,2025-10-14,661.0,3,49.49747468305833,6600.0,96,1.0,49.49747468305833,True,2.680799092456691,14036.780002496556,2.1267848488631147,308.0726025233735,468.920548070775,16.883333333333336,375.0,False,False
I-95 NB,GP,110+04151,2025-10-15,661.0,3,49.49747468305833,6600.0,96,1.0,49.49747468305833,True,2.1387918974671227,10992.867117422004,1.6655859268821218,320.0717468422156,448.39926069024295,21.265555555555554,390.0,False,False
I-95 NB,GP,110+04151,2025-10-16,661.0,3,49.49747468305833,6600.0,96,1.0,49.49747468305833,True,4.008208904364169,22932.651933637764,3.474644232369358,305.4600174193104,545.9525516811606,22.939999999999998,510.0,False,False
I-95 NB,GP,110+04151,2025-10-17,661.0,3,49.49747468305833,6600.0,96,1.0,49.49747468305833,True,0.9297668457083991,6298.201202076834,0.954272909405581,488.9657650283837,544.7517757708877,40.776666666666664,510.0,False,False
I-95 NB,GP,110+04151,2025-10-20,661.0,3,49.49747468305833,6600.0,96,1.0,49.49747468305833,True,0.7755871571134387,4434.522424452169,0.6718973370382074,488.1506253306579,534.6858547574642,32.80111111111111,510.0,False,False
I-95 NB,GP,110+04151,2025-10-21,661.0,3,49.49747468305833,6600.0,96,1.0,49.49747468305833,True,2.1246008009532913,10480.184160185072,1.5879066909371322,313.5394967750315,441.015544832229,11.64,375.0,False,False
I-95 NB,GP,110+04151,2025-10-22,661.0,3,49.49747468305833,6600.0,96,1.0,49.49747468305833,True,2.7958278416655467,14266.879139157634,2.1616483544178235,309.54036957245444,477.2900400723872,19.456666666666667,420.0,False,False
I-95 NB,GP,110+04151,2025-10-23,661.0,3,49.49747468305833,6600.0,96,1.0,49.49747468305833,True,2.5202884920670736,14171.539328404559,2.1472029285461454,320.92544579319514,472.14275531721955,22.487777777777776,375.0,False,False
I-95 NB,GP,110+04151,2025-10-24,661.0,3,49.49747468305833,6600.0,96,1.0,49.49747468305833,True,2.0895942716829174,10464.490442619517,1.5855288549423512,504.6501985021082,630.0258548030832,10.392222222222221,555.0,False,False
I-95 NB,GP,110+04151,2025-10-27,661.0,3,49.49747468305833,6600.0,96,1.0,49.49747468305833,True,2.387386122092254,13887.361543543257,2.104145688415645,316.4589343759697,459.70210170150494,35.148888888888884,345.0,False,False
I-95 NB,GP,110+04151,2025-10-28,661.0,3,49.49747468305833,6600.0,96,1.0,49.49747468305833,True,3.9205550131117906,21586.482277162697,3.270679132903439,314.36727093388515,549.6005717205926,14.544444444444444,450.0,False,False
I-95 NB,GP,110+04151,2025-10-29,661.0,3,49.49747468305833,6600.0,96,1.0,49.49747468305833,True,3.1272055833573242,17191.26727029382,2.6047374651960338,328.5469924522817,516.1793274537212,13.163333333333332,435.0,False,False
I-95 NB,GP,110+04151,2025-10-30,661.0,3,49.49747468305833,6600.0,96,1.0,49.49747468305833,True,2.309948597265683,11379.442285131347,1.724157921989598,454.12524094686205,592.722156782803,16.173333333333336,510.0,False,False
I-95 NB,GP,110+04151,2025-10-31,661.0,3,49.49747468305833,6600.0,96,1.0,49.49747468305833,False,0.0,0.0,0.0,,,,,False,False
I-95 NB,GP,110P04151,2025-10-01,662.0,3,49.49747468305833,6600.0,96,1.0,49.49747468305833,True,4.95587661832276,27797.161491105522,4.211691135015988,303.1092937633578,600.4618908627234,19.68,405.0,False,False
I-95 NB,GP,110P04151,2025-10-02,662.0,3,49.49747468305833,6600.0,96,1.0,49.49747468305833,True,4.9139065057972475,27663.929407689215,4.191504455710487,309.15183435285724,603.9862247006921,21.63888888888889,390.0,False,False
I-95 NB,GP,110P04151,2025-10-03,662.0,3,49.49747468305833,6600.0,96,1.0,49.49747468305833,True,4.69262886756229,26280.306882005465,3.981864679091737,323.32335900993644,604.8810910636738,20.334444444444443,360.0,False,False
I-95 NB,GP,110P04151,2025-10-06,662.0,3,49.49747468305833,6600.0,96,1.0,49.49747468305833,True,4.6799736475576434,26420.670739590936,4.003131930241051,311.1277369919199,591.9261558453785,18.10777777777778,405.0,False,False
I-95 NB,GP,110P04151,2025-10-07,662.0,3,49.49747468305833,6600.0,96,1.0,49.49747468305833,True,1.908025987824851,10921.682817906287,1.654800426955498,309.51365943999946,423.99521870949053,20.189999999999998,390.0,False,False
I-95 NB,GP,110P04151,2025-10-08,662.0,3,49.49747468305833,6600.0,96,1.0,49.49747468305833,True,2.961220811027838,15938.0885618171,2.414861903305621,304.48035174461336,482.15360040628366,20.48,375.0,False,False
I-95 NB,GP,110P04151,2025-10-09,662.0,3,49.49747468305833,6600.0,96,1.0,49.49747468305833,True,4.9327641303730285,27900.40258621499,4.2273337251840895,307.82595294577965,603.7918007681614,20.258888888888887,435.0,False,False
I-95 NB,GP,110P04151,2025-10-10,662.0,3,49.49747468305833,6600.0,96,1.0,49.49747468305833,False,0.0,0.0,0.0,,,,,False,False
I-95 NB,GP,110P04151,2025-10-13,662.0,3,49.49747468305833,6600.0,96,1.0,49.49747468305833,False,0.0,0.0,0.0,,,,,False,False
I-95 NB,GP,110P04151,2025-10-14,662.0,3,49.49747468305833,6600.0,96,1.0,49.49747468305833,True,3.867028543327043,21920.535632736442,3.3212932776873396,308.7222290939437,540.7439416935663,18.506666666666668,405.0,False,False
I-95 NB,GP,110P04151,2025-10-15,662.0,3,49.49747468305833,6600.0,96,1.0,49.49747468305833,True,2.4800037696759185,13341.037056074878,2.021369250920436,310.4865137779823,459.2867399585374,20.19333333333333,420.0,False,False
I-95 NB,GP,110P04151,2025-10-16,662.0,3,49.49747468305833,6600.0,96,1.0,49.49747468305833,True,4.667473579882189,23931.069376452753,3.6259196024928415,301.90105789512256,581.9494726880539,20.307777777777776,405.0,False,False
I-95 NB,GP,110P04151,2025-10-17,662.0,3,49.49747468305833,6600.0,96,1.0,49.49747468305833,True,4.669044661032282,25377.274980131875,3.8450416636563447,316.58654486062323,596.7292245225601,23.112222222222226,405.0,False,False
I-95 NB,GP,110P04151,2025-10-20,662.0,3,49.49747468305833,6600.0,96,1.0,49.49747468305833,True,3.8002024088963813,21669.257741063553,3.283220869858114,315.3017138695665,543.3138584033494,20.2,510.0,False,False
I-95 NB,GP,110P04151,2025-10-21,662.0,3,49.49747468305833,6600.0,96,1.0,49.49747468305833,True,2.361268970240843,12301.708098053277,1.8638951663717087,309.95753021742223,451.6336684318728,13.514444444444445,405.0,False,False
I-95 NB,GP,110P04151,2025-10-22,662.0,3,49.49747468305833,6600.0,96,1.0,49.49747468305833,True,4.665641114533483,25692.77882697162,3.8928452768138815,309.5536641077153,589.4921309797243,19.655555555555555,420.0,False,False
I-95 NB,GP,110P04151,2025-10-23,662.0,3,49.49747468305833,6600.0,96,1.0,49.49747468305833,True,3.7145010624459056,20729.18267422652,3.1407852536706846,311.30103309332446,534.1710968400788,21.403333333333332,390.0,False,False
I-95 NB,GP,110P04151,2025-10-24,662.0,3,49.49747468305833,6600.0,96,1.0,49.49747468305833,True,2.7400847345325654,13214.581712694471,2.002209350408253,488.6273897476032,653.0324738195571,11.126666666666665,555.0,False,False
I-95 NB,GP,110P04151,2025-10-27,662.0,3,49.49747468305833,6600.0,96,1.0,49.49747468305833,True,2.8293832381601853,14837.48357067308,2.248103571314103,308.67570840315454,478.4387026927657,20.645555555555557,405.0,False,False
I-95 NB,GP,110P04151,2025-10-28,662.0,3,49.49747468305833,6600.0,96,1.0,49.49747468305833,True,4.1842220564132875,22439.989678912752,3.399998436198902,308.639035639161,559.6923590239583,15.394444444444446,450.0,False,False
I-95 NB,GP,110P04151,2025-10-29,662.0,3,49.49747468305833,6600.0,96,1.0,49.49747468305833,True,3.4597113011748415,17712.923078453252,2.6837762240080685,319.8493645903942,527.4320426608847,12.403333333333334,435.0,False,False
I-95 NB,GP,110P04151,2025-10-30,662.0,3,49.49747468305833,6600.0,96,1.0,49.49747468305833,True,2.4839629958070484,13009.95383185186,1.9712051260381607,446.37481244999543,595.4125921984183,18.441111111111113,540.0,False,False
I-95 NB,GP,110P04151,2025-10-31,662.0,3,49.49747468305833,6600.0,96,1.0,49.49747468305833,True,0.8824052359377181,4315.886460684524,0.6539221910128066,366.7702735028888,419.7145876591519,30.58666666666667,390.0,False,False
I-95 NB,GP,110+04152,2025-10-01,663.0,3,49.49747468305833,6600.0,96,1.0,49.49747468305833,True,4.735322375463463,29576.11463393914,4.481229489990779,307.4932979835426,591.6126405113504,32.21888888888889,405.0,False,False
I-95 NB,GP,110+04152,2025-10-02,663.0,3,49.49747468305833,6600.0,96,1.0,49.49747468305833,True,4.7121401200623385,29880.628642784504,4.5273679761794705,314.74080611786303,597.4692133216033,33.23888888888889,390.0,False,False
I-95 NB,GP,110+04152,2025-10-03,663.0,3,49.49747468305833,6600.0,96,1.0,49.49747468305833,True,2.1603736330083234,12776.922343888964,1.935897324831661,465.17164205845694,594.7940600389563,35.22,495.0,False,False
I-95 NB,GP,110+04152,2025-10-06,663.0,3,49.49747468305833,6600.0,96,1.0,49.49747468305833,True,4.419419168979677,26583.375363849813,4.027784146037851,319.59008384681226,584.7552339855929,30.14333333333333,405.0,False,False
I-95 NB,GP,110+04152,2025-10-07,663.0,3,49.49747468305833,6600.0,96,1.0,49.49747468305833,True,1.7470758533057829,11005.131062787243,1.6674441004223095,314.4480828407194,419.27263403906636,34.07888888888889,390.0,False,False
I-95 NB,GP,110+04152,2025-10-08,663.0,3,49.49747468305833,6600.0,96,1.0,49.49747468305833,True,3.003740985703152,18701.994709315182,2.833635562017452,309.9142064360822,490.13866557827134,33.682222222222215,375.0,False,False
I-95 NB,GP,110+04152,2025-10-09,663.0,3,49.49747468305833,6600.0,96,1.0,49.49747468305833,True,3.6790346725004883,23427.89861638745,3.549681608543553,314.50273354290624,535.2448138929356,33.76222222222223,405.0,False,False
I-95 NB,GP,110+04152,2025-10-10,663.0,3,49.49747468305833,6600.0,96,1.0,49.49747468305833,True,2.039836136776782,12881.34335868245,1.9517186907094621,505.3108806084787,627.7010488150856,38.52111111111111,540.0,False,False
I-95 NB,GP,110+04152,2025-10-13,663.0,3,49.49747468305833,6600.0,96,1.0,49.49747468305833,False,0.0,0.0,0.0,,,,,False,False
I-95 NB,GP,110+04152,2025-10-14,663.0,3,49.49747468305833,6600.0,96,1.0,49.49747468305833,True,3.7497703844982717,24080.659506580898,3.6485847737243784,316.03746165996455,541.0236847298609,36.59111111111111,375.0,False,False
I-95 NB,GP,110+04152,2025-10-15,663.0,3,49.49747468305833,6600.0,96,1.0,49.49747468305833,True,2.3799373623908897,14086.403029998757,2.134303489393751,315.99404538263644,458.7902871260898,34.809999999999995,420.0,False,False
I-95 NB,GP,110+04152,2025-10-16,663.0,3,49.49747468305833,6600.0,96,1.0,49.49747468305833,True,4.611775060883206,29457.29414235498,4.463226385205299,298.88529322538665,575.591796878379,31.362222222222226,420.0,False,False
I-95 NB,GP,110+04152,2025-10-17,663.0,3,49.49747468305833,6600.0,96,1.0,49.49747468305833,True,4.642204297441785,30095.030722453877,4.559853139765739,321.61722502568296,600.1494828721901,35.675555555555555,405.0,False,False
I-95 NB,GP,110+04152,2025-10-20,663.0,3,49.49747468305833,6600.0,96,1.0,49.49747468305833,True,3.6316437463307474,20452.897178093324,3.098923814862625,319.78427813987827,537.6829029197231,25.373333333333335,420.0,False,False
I-95 NB,GP,110+04152,2025-10-21,663.0,3,49.49747468305833,6600.0,96,1.0,49.49747468305833,True,2.496489054572409,15552.315989909974,2.3564115136227235,312.72835968174576,462.5177029560903,33.91777777777778,420.0,False,False
I-95 NB,GP,110+04152,2025-10-22,663.0,3,49.49747468305833,6600.0,96,1.0,49.49747468305833,True,4.33401916338731,26620.028069144835,4.033337586234066,317.9475311731764,577.988680976415,31.842222222222222,405.0,False,False
I-95 NB,GP,110+04152,2025-10-23,663.0,3,49.49747468305833,6600.0,96,1.0,49.49747468305833,True,4.492738742040795,28415.95192721938,4.305447261699906,318.73655390920817,588.3008784316559,34.87111111111111,390.0,False,False
I-95 NB,GP,110+04152,2025-10-24,663.0,3,49.49747468305833,6600.0,96,1.0,49.49747468305833,True,5.3840580122010975,33863.702900847056,5.130864075885918,323.16656793751997,646.2100486695858,25.7,555.0,False,False
I-95 NB,GP,110+04152,2025-10-27,663.0,3,49.49747468305833,6600.0,96,1.0,49.49747468305833,True,3.8266276148912852,25178.07280437497,3.814859515814389,314.82493288592985,544.422589779407,31.802222222222223,390.0,False,False
I-95 NB,GP,110+04152,2025-10-28,663.0,3,49.49747468305833,6600.0,96,1.0,49.49747468305833,True,4.001283086715885,24739.198221639057,3.7483633669150085,315.53602335846654,555.6130085614196,32.02888888888889,405.0,False,False
I-95 NB,GP,110+04152,2025-10-29,663.0,3,49.49747468305833,6600.0,96,1.0,49.49747468305833,True,3.343447887682684,20252.33892313783,3.068536200475429,326.1508007344743,526.7576739954353,13.476666666666665,420.0,False,False
I-95 NB,GP,110+04152,2025-10-30,663.0,3,49.49747468305833,6600.0,96,1.0,49.49747468305833,True,2.4175629912600614,15583.168806662357,2.3610861828276297,443.8942578375068,588.9480373131105,33.40111111111111,495.0,False,False
I-95 NB,GP,110+04152,2025-10-31,663.0,3,49.49747468305833,6600.0,96,1.0,49.49747468305833,True,2.5780705970972604,17611.415960307615,2.668396357622366,359.66562257459856,514.3498584004342,34.838888888888896,390.0,False,False
I-95 NB,GP,110P04153,2025-10-01,666.0,4,49.49747468305833,8800.0,96,1.0,49.49747468305833,True,2.4069964777767194,17933.735389749625,2.037924476107912,359.80169347942143,504.2214821460246,18.497777777777785,450.0,False,False
I-95 NB,GP,110P04153,2025-10-02,666.0,4,49.49747468305833,8800.0,96,1.0,49.49747468305833,False,0.0,0.0,0.0,,,,,False,False
I-95 NB,GP,110P04153,2025-10-03,666.0,4,49.49747468305833,8800.0,96,1.0,49.49747468305833,False,0.0,0.0,0.0,,,,,False,False
I-95 NB,GP,110P04153,2025-10-06,666.0,4,49.49747468305833,8800.0,96,1.0,49.49747468305833,True,0.6605192464489344,6094.260491747804,0.6925296013349778,444.42359388512637,484.05474867206243,40.906666666666666,465.0,False,False
I-95 NB,GP,110P04153,2025-10-07,666.0,4,49.49747468305833,8800.0,96,1.0,49.49747468305833,True,0.8726097475707699,5975.557300200499,0.6790406022955113,382.3621054481774,434.71869030242357,35.14,405.0,False,False
I-95 NB,GP,110P04153,2025-10-08,666.0,4,49.49747468305833,8800.0,96,1.0,49.49747468305833,True,1.7669642679510578,11722.886566717796,1.332146200763386,412.195900190816,518.2137562678795,14.191111111111107,465.0,False,False
I-95 NB,GP,110P04153,2025-10-09,666.0,4,49.49747468305833,8800.0,96,1.0,49.49747468305833,True,1.5275981857112082,11101.54267342535,1.2615389401619717,397.4494950783278,489.1053862210003,19.591111111111115,450.0,False,False
I-95 NB,GP,110P04153,2025-10-10,666.0,4,49.49747468305833,8800.0,96,1.0,49.49747468305833,True,0.7793080974656836,5411.660135449644,0.6149613790283687,436.5742743778083,483.3327602257493,34.23888888888889,450.0,False,False
I-95 NB,GP,110P04153,2025-10-13,666.0,4,49.49747468305833,8800.0,96,1.0,49.49747468305833,False,0.0,0.0,0.0,,,,,False,False
I-95 NB,GP,110P04153,2025-10-14,666.0,4,49.49747468305833,8800.0,96,1.0,49.49747468305833,True,2.5750712957578683,17715.273733798524,2.0130992879316505,370.43208497766784,524.93636272314,14.778888888888888,465.0,False,False
I-95 NB,GP,110P04153,2025-10-15,666.0,4,49.49747468305833,8800.0,96,1.0,49.49747468305833,False,0.0,0.0,0.0,,,,,False,False
I-95 NB,GP,110P04153,2025-10-16,666.0,4,49.49747468305833,8800.0,96,1.0,49.49747468305833,False,0.0,0.0,0.0,,,,,False,False
I-95 NB,GP,110P04153,2025-10-17,666.0,4,49.49747468305833,8800.0,96,1.0,49.49747468305833,False,0.0,0.0,0.0,,,,,False,False
I-95 NB,GP,110P04153,2025-10-20,666.0,4,49.49747468305833,8800.0,96,1.0,49.49747468305833,True,1.4194498750778328,10102.96592974589,1.1480643101983965,380.54192948374117,465.70892198841113,15.186666666666667,420.0,False,False
I-95 NB,GP,110P04153,2025-10-21,666.0,4,49.49747468305833,8800.0,96,1.0,49.49747468305833,True,2.1597343503157815,10967.374084422008,1.24629250959341,425.1721252089321,554.756186227879,9.735555555555555,510.0,False,False
I-95 NB,GP,110P04153,2025-10-22,666.0,4,49.49747468305833,8800.0,96,1.0,49.49747468305833,True,1.2852234499494577,10251.51176674412,1.1649445189481955,412.7397857349604,489.85319273192783,36.67444444444445,450.0,False,False
I-95 NB,GP,110P04153,2025-10-23,666.0,4,49.49747468305833,8800.0,96,1.0,49.49747468305833,True,0.7794656545781123,8635.243859988406,0.9812777113623189,434.43925870469013,481.2071979793769,42.38,465.0,False,False
I-95 NB,GP,110P04153,2025-10-24,666.0,4,49.49747468305833,8800.0,96,1.0,49.49747468305833,False,0.0,0.0,0.0,,,,,False,False
I-95 NB,GP,110P04153,2025-10-27,666.0,4,49.49747468305833,8800.0,96,1.0,49.49747468305833,False,0.0,0.0,0.0,,,,,False,False
I-95 NB,GP,110P04153,2025-10-28,666.0,4,49.49747468305833,8800.0,96,1.0,49.49747468305833,False,0.0,0.0,0.0,,,,,False,False
I-95 NB,GP,110P04153,2025-10-29,666.0,4,49.49747468305833,8800.0,96,1.0,49.49747468305833,True,2.463516596423568,15848.272231776791,1.8009400263382718,371.5455713902609,519.356567175675,9.893333333333329,420.0,False,False
I-95 NB,GP,110P04153,2025-10-30,666.0,4,49.49747468305833,8800.0,96,1.0,49.49747468305833,False,0.0,0.0,0.0,,,,,False,False
I-95 NB,GP,110P04153,2025-10-31,666.0,4,49.49747468305833,8800.0,96,1.0,49.49747468305833,False,0.0,0.0,0.0,,,,,False,False
I-95 NB,GP,110+04154,2025-10-01,667.0,4,49.49747468305833,8800.0,96,1.0,49.49747468305833,True,2.9255964827792496,21122.501506528057,2.400284262105461,343.9984843207313,519.5342732874863,18.39888888888889,450.0,False,False
I-95 NB,GP,110+04154,2025-10-02,667.0,4,49.49747468305833,8800.0,96,1.0,49.49747468305833,True,0.8676404324200623,6167.673311692364,0.7008719672377687,422.3969419014919,474.45536784669565,36.39222222222222,450.0,False,False
I-95 NB,GP,110+04154,2025-10-03,667.0,4,49.49747468305833,8800.0,96,1.0,49.49747468305833,True,0.6378675634474206,6459.285030127552,0.7340096625144945,412.1585377418778,450.43059154872304,42.28888888888889,435.0,False,False
I-95 NB,GP,110+04154,2025-10-06,667.0,4,49.49747468305833,8800.0,96,1.0,49.49747468305833,True,1.5357856005154455,14150.848560482198,1.608050972782068,403.7880837339443,495.935219764871,25.709999999999997,465.0,False,False
I-95 NB,GP,110+04154,2025-10-07,667.0,4,49.49747468305833,8800.0,96,1.0,49.49747468305833,True,1.7098417177319534,13408.497047530933,1.5236928463103332,354.7329893438942,457.3234924078114,23.365555555555556,420.0,False,False
I-95 NB,GP,110+04154,2025-10-08,667.0,4,49.49747468305833,8800.0,96,1.0,49.49747468305833,True,2.7591497352422416,19150.355743938064,2.176176789083871,369.78653769149196,535.3355218060265,16.39,465.0,False,False
I-95 NB,GP,110+04154,2025-10-09,667.0,4,49.49747468305833,8800.0,96,1.0,49.49747468305833,True,2.4134812040194,18151.835807479398,2.0627086144862954,358.0248208186408,502.83369305980483,18.43444444444444,465.0,False,False
I-95 NB,GP,110+04154,2025-10-10,667.0,4,49.49747468305833,8800.0,96,1.0,49.49747468305833,True,1.9728305691357633,13062.171542678616,1.4843376753043882,392.5533969621716,510.9232311103174,10.564444444444444,435.0,False,False
I-95 NB,GP,110+04154,2025-10-13,667.0,4,49.49747468305833,8800.0,96,1.0,49.49747468305833,False,0.0,0.0,0.0,,,,,False,False
I-95 NB,GP,110+04154,2025-10-14,667.0,4,49.49747468305833,8800.0,96,1.0,49.49747468305833,True,3.698945355535083,26117.31669545417,2.9678768972107012,340.3621713546531,562.2988926867581,15.341111111111111,465.0,False,False
I-95 NB,GP,110+04154,2025-10-15,667.0,4,49.49747468305833,8800.0,96,1.0,49.49747468305833,True,2.1925207056496294,17336.452931548432,1.97005146949414,366.3167904511012,497.868032790079,22.235555555555553,450.0,False,False
I-95 NB,GP,110+04154,2025-10-16,667.0,4,49.49747468305833,8800.0,96,1.0,49.49747468305833,True,2.2444281703993862,17581.669796110615,1.997917022285297,355.91711388459845,490.5828041085616,23.03,450.0,False,False
I-95 NB,GP,110+04154,2025-10-17,667.0,4,49.49747468305833,8800.0,96,1.0,49.49747468305833,False,0.0,0.0,0.0,,,,,False,False
I-95 NB,GP,110+04154,2025-10-20,667.0,4,49.49747468305833,8800.0,96,1.0,49.49747468305833,True,1.9232126112182764,10473.580547559044,1.190179607677164,364.1296753057308,479.5224319788274,12.964444444444444,405.0,False,False
I-95 NB,GP,110+04154,2025-10-21,667.0,4,49.49747468305833,8800.0,96,1.0,49.49747468305833,True,2.8789636343104728,17966.745752385563,2.0416756536801777,407.848109306237,580.5859273648654,12.64,480.0,False,False
I-95 NB,GP,110+04154,2025-10-22,667.0,4,49.49747468305833,8800.0,96,1.0,49.49747468305833,True,2.113861140034686,16667.70081009077,1.8940569102375875,386.9139303085494,513.7455987106306,20.17222222222222,450.0,False,False
I-95 NB,GP,110+04154,2025-10-23,667.0,4,49.49747468305833,8800.0,96,1.0,49.49747468305833,True,2.02507152804277,14541.788705244904,1.6524759892323755,386.91841599859197,508.42270768115816,19.641111111111112,450.0,False,False
I-95 NB,GP,110+04154,2025-10-24,667.0,4,49.49747468305833,8800.0,96,1.0,49.49747468305833,True,0.9614218508296517,8236.579697694247,0.9359749656470736,407.7989920425954,465.4843030923745,34.01444444444444,435.0,False,False
I-95 NB,GP,110+04154,2025-10-27,667.0,4,49.49747468305833,8800.0,96,1.0,49.49747468305833,True,1.7494503962955226,14545.099539565097,1.6528522204051246,374.6852979904851,479.65232176821644,34.81,450.0,False,False
I-95 NB,GP,110+04154,2025-10-28,667.0,4,49.49747468305833,8800.0,96,1.0,49.49747468305833,True,1.968552230833828,16001.896720841336,1.818397354641061,380.99726890303873,499.1104027530684,25.85666666666667,435.0,False,False
I-95 NB,GP,110+04154,2025-10-29,667.0,4,49.49747468305833,8800.0,96,1.0,49.49747468305833,True,1.6715071266962174,10845.229781024713,1.2324124751164447,439.0323805594897,539.3228081612627,20.04222222222222,480.0,False,False
I-95 NB,GP,110+04154,2025-10-30,667.0,4,49.49747468305833,8800.0,96,1.0,49.49747468305833,True,0.5997069739550492,4328.78550777448,0.4919074440652818,360.85757934573627,396.8399977830392,44.81999999999999,375.0,False,False
I-95 NB,GP,110+04154,2025-10-31,667.0,4,49.49747468305833,8800.0,96,1.0,49.49747468305833,False,0.0,0.0,0.0,,,,,False,False
I-95 NB,GP,110P04154,2025-10-01,668.0,4,49.49747468305833,8800.0,96,1.0,49.49747468305833,True,3.0223814683431454,22006.004903871646,2.50068237543996,352.8537009685751,534.1965890691638,18.197777777777777,450.0,False,False
I-95 NB,GP,110P04154,2025-10-02,668.0,4,49.49747468305833,8800.0,96,1.0,49.49747468305833,True,1.2859959684151667,12214.084222732981,1.387964116219657,404.34403461795915,481.50379272286915,29.594444444444445,450.0,False,False
I-95 NB,GP,110P04154,2025-10-03,668.0,4,49.49747468305833,8800.0,96,1.0,49.49747468305833,True,1.2199298407201506,7642.383333120073,0.8684526514909174,390.9171806333907,464.11297107659976,27.686666666666667,435.0,False,False
I-95 NB,GP,110P04154,2025-10-06,668.0,4,49.49747468305833,8800.0,96,1.0,49.49747468305833,True,1.9169474347491644,16278.017974364115,1.849774769814104,389.81481777942275,504.8316638643726,29.32111111111111,465.0,False,False
I-95 NB,GP,110P04154,2025-10-07,668.0,4,49.49747468305833,8800.0,96,1.0,49.49747468305833,True,1.7025136722256926,11313.933018046244,1.2856742065961642,361.7094209564611,463.86024129000265,26.142222222222227,420.0,False,False
I-95 NB,GP,110P04154,2025-10-08,668.0,4,49.49747468305833,8800.0,96,1.0,49.49747468305833,True,3.0099993826960874,21072.839051164407,2.3946408012686824,359.22150758060246,539.8214705423677,16.595555555555556,450.0,False,False
I-95 NB,GP,110P04154,2025-10-09,668.0,4,49.49747468305833,8800.0,96,1.0,49.49747468305833,True,2.568690313048064,20387.54103240526,2.3167660264096885,356.4538857707601,510.57530455364395,18.75,465.0,False,False
I-95 NB,GP,110P04154,2025-10-10,668.0,4,49.49747468305833,8800.0,96,1.0,49.49747468305833,True,2.5919430246282085,15182.105297706217,1.7252392383757065,364.7769949601045,520.293576437797,7.37,435.0,False,False
I-95 NB,GP,110P04154,2025-10-13,668.0,4,49.49747468305833,8800.0,96,1.0,49.49747468305833,False,0.0,0.0,0.0,,,,,False,False
I-95 NB,GP,110P04154,2025-10-14,668.0,4,49.49747468305833,8800.0,96,1.0,49.49747468305833,True,3.8946589794037627,28390.83762646482,3.2262315484619117,342.49883912449434,576.1783778887201,15.348888888888888,450.0,False,False
I-95 NB,GP,110P04154,2025-10-15,668.0,4,49.49747468305833,8800.0,96,1.0,49.49747468305833,True,2.3816107835316416,17141.896774477387,1.9479428152815212,364.0813579926669,506.9780050045654,23.265555555555554,465.0,False,False
I-95 NB,GP,110P04154,2025-10-16,668.0,4,49.49747468305833,8800.0,96,1.0,49.49747468305833,True,2.2513907449580484,17216.09879886653,1.9563748635075602,364.3214962770297,499.4049409745126,22.947777777777777,450.0,False,False
I-95 NB,GP,110P04154,2025-10-17,668.0,4,49.49747468305833,8800.0,96,1.0,49.49747468305833,True,0.6990455237311674,6355.906402298502,0.7222620911702843,440.0734148417216,482.01614626559166,40.70333333333333,465.0,False,False
I-95 NB,GP,110P04154,2025-10-20,668.0,4,49.49747468305833,8800.0,96,1.0,49.49747468305833,True,2.112808578498807,14522.863208298193,1.65032536457934,359.3264708509053,486.0949855608337,14.06444444444445,405.0,False,False
I-95 NB,GP,110P04154,2025-10-21,668.0,4,49.49747468305833,8800.0,96,1.0,49.49747468305833,True,0.9018485722456774,5992.554711770628,0.6809721263375714,543.0622183809867,597.1731327157273,33.48444444444445,570.0,False,False
I-95 NB,GP,110P04154,2025-10-22,668.0,4,49.49747468305833,8800.0,96,1.0,49.49747468305833,True,2.6291312362592207,20750.19183787918,2.3579763452135434,368.6729916011614,526.4208657767147,20.581111111111113,450.0,False,False
I-95 NB,GP,110P04154,2025-10-23,668.0,4,49.49747468305833,8800.0,96,1.0,49.49747468305833,True,2.2615511544435494,16481.076330879492,1.8728495830544878,375.2267432184664,510.9198124850794,19.521111111111107,450.0,False,False
I-95 NB,GP,110P04154,2025-10-24,668.0,4,49.49747468305833,8800.0,96,1.0,49.49747468305833,True,1.4038998451727385,12786.728993285114,1.4530373856005812,385.7062360484504,469.94022675881473,41.73222222222223,405.0,False,False
I-95 NB,GP,110P04154,2025-10-27,668.0,4,49.49747468305833,8800.0,96,1.0,49.49747468305833,True,1.9653243257092867,15396.99769697177,1.7496588292013375,365.8177901485105,483.7372496910677,23.77,450.0,False,False
I-95 NB,GP,110P04154,2025-10-28,668.0,4,49.49747468305833,8800.0,96,1.0,49.49747468305833,True,2.4007946909140636,19077.741698376383,2.1679251929973162,368.5647154376588,512.6123968925026,24.165555555555553,450.0,False,False
I-95 NB,GP,110P04154,2025-10-29,668.0,4,49.49747468305833,8800.0,96,1.0,49.49747468305833,True,1.7773538102812105,13051.145193418908,1.4830846810703304,440.8869599005745,547.5281885174471,21.51888888888888,480.0,False,False
I-95 NB,GP,110P04154,2025-10-30,668.0,4,49.49747468305833,8800.0,96,1.0,49.49747468305833,True,0.7674382400733976,6411.703210332706,0.7286026375378074,369.00155234251844,415.0478467469223,42.61666666666667,390.0,False,False
I-95 NB,GP,110P04154,2025-10-31,668.0,4,49.49747468305833,8800.0,96,1.0,49.49747468305833,False,0.0,0.0,0.0,,,,,False,False
I-95 NB,GP,110+04155,2025-10-01,669.0,4,49.49747468305833,8800.0,96,1.0,49.49747468305833,True,4.769666914781425,35326.997437921236,4.014431527036504,338.4976911144721,624.6777060013576,20.982222222222223,420.0,False,False
I-95 NB,GP,110+04155,2025-10-02,669.0,4,49.49747468305833,8800.0,96,1.0,49.49747468305833,True,2.259599056638506,18357.356959395995,2.0860632908404537,365.04547576599856,500.6214191643089,30.19333333333334,450.0,False,False
I-95 NB,GP,110+04155,2025-10-03,669.0,4,49.49747468305833,8800.0,96,1.0,49.49747468305833,True,2.0542947744838425,15793.919446286229,1.794763573441617,379.4601199152451,502.71780638427566,27.883333333333336,420.0,False,False
I-95 NB,GP,110+04155,2025-10-06,669.0,4,49.49747468305833,8800.0,96,1.0,49.49747468305833,True,2.4099197647806574,20154.089797292785,2.290237476965089,369.84619319086516,514.4413790777046,28.937777777777786,465.0,False,False
I-95 NB,GP,110+04155,2025-10-07,669.0,4,49.49747468305833,8800.0,96,1.0,49.49747468305833,True,2.168199665792009,15699.33201145369,1.7840150013015557,346.40658431205185,476.4985642595724,27.37111111111111,435.0,False,False
I-95 NB,GP,110+04155,2025-10-08,669.0,4,49.49747468305833,8800.0,96,1.0,49.49747468305833,True,3.300140276277503,24217.09811962295,2.7519429681389718,355.1479999709939,553.1564165476441,21.75111111111111,450.0,False,False
I-95 NB,GP,110+04155,2025-10-09,669.0,4,49.49747468305833,8800.0,96,1.0,49.49747468305833,True,3.0692649109756918,22939.07068334775,2.6067125776531532,351.28147683643107,535.4373714949726,23.69111111111111,465.0,False,False
I-95 NB,GP,110+04155,2025-10-10,669.0,4,49.49747468305833,8800.0,96,1.0,49.49747468305833,True,2.9422493891314607,18380.339985981293,2.0886749984069652,349.05194811390896,525.5869114617966,7.628888888888889,435.0,False,False
I-95 NB,GP,110+04155,2025-10-13,669.0,4,49.49747468305833,8800.0,96,1.0,49.49747468305833,False,0.0,0.0,0.0,,,,,False,False
I-95 NB,GP,110+04155,2025-10-14,669.0,4,49.49747468305833,8800.0,96,1.0,49.49747468305833,True,4.33662164966742,30597.01495968994,3.476933518146584,333.9694758854882,594.1667748655334,18.60777777777778,450.0,False,False
I-95 NB,GP,110+04155,2025-10-15,669.0,4,49.49747468305833,8800.0,96,1.0,49.49747468305833,True,2.912398441596572,21377.52364705032,2.4292640508011725,346.7528943367411,521.4968008325354,25.442222222222224,450.0,False,False
I-95 NB,GP,110+04155,2025-10-16,669.0,4,49.49747468305833,8800.0,96,1.0,49.49747468305833,True,2.7112661539321996,21639.047125386227,2.4589826278847986,350.7547665594753,513.4307357954073,25.90111111111111,450.0,False,False
I-95 NB,GP,110+04155,2025-10-17,669.0,4,49.49747468305833,8800.0,96,1.0,49.49747468305833,True,2.0200703053963904,16463.926170041414,1.8709007011410697,387.2087892209636,508.413007544747,30.298888888888886,450.0,False,False
I-95 NB,GP,110+04155,2025-10-20,669.0,4,49.49747468305833,8800.0,96,1.0,49.49747468305833,True,2.2889237733654437,16050.73626022107,1.823947302297849,353.64811919365457,490.9835455955812,18.7188888888889,390.0,False,False
I-95 NB,GP,110+04155,2025-10-21,669.0,4,49.49747468305833,8800.0,96,1.0,49.49747468305833,True,1.3336987811259073,10153.798024504316,1.1538406846027631,369.86918225311973,449.8911091206742,31.885555555555555,405.0,False,False
I-95 NB,GP,110+04155,2025-10-22,669.0,4,49.49747468305833,8800.0,96,1.0,49.49747468305833,True,3.024712138596098,22904.022134183793,2.602729787975431,353.7481807026747,535.2309090184406,23.155555555555555,450.0,False,False
I-95 NB,GP,110+04155,2025-10-23,669.0,4,49.49747468305833,8800.0,96,1.0,49.49747468305833,True,2.715353434474616,20783.31229667672,2.3617400337132635,365.1584075883417,528.0796136568187,21.939999999999998,450.0,False,False
I-95 NB,GP,110+04155,2025-10-24,669.0,4,49.49747468305833,8800.0,96,1.0,49.49747468305833,True,1.9878348603707925,16308.01083821641,1.8531830497973194,367.64191959239366,486.9120112146412,31.344444444444445,405.0,False,False
I-95 NB,GP,110+04155,2025-10-27,669.0,4,49.49747468305833,8800.0,96,1.0,49.49747468305833,True,2.246937196974874,17916.10152199989,2.0359206274999875,357.5867181132824,492.40294993177486,28.24888888888889,450.0,False,False
I-95 NB,GP,110+04155,2025-10-28,669.0,4,49.49747468305833,8800.0,96,1.0,49.49747468305833,True,2.5823704824244413,21577.555668663976,2.451994962348179,357.47053467817227,512.4127636236387,24.66111111111111,450.0,False,False
I-95 NB,GP,110+04155,2025-10-29,669.0,4,49.49747468305833,8800.0,96,1.0,49.49747468305833,True,2.0269603835402905,15469.684181193577,1.7579186569538157,436.0376084172109,557.6552314296283,25.496666666666666,480.0,False,False
I-95 NB,GP,110+04155,2025-10-30,669.0,4,49.49747468305833,8800.0,96,1.0,49.49747468305833,True,4.415738782566729,38248.93883481137,4.346470322137656,353.8425629630925,618.7868899170962,29.763333333333335,390.0,False,False
I-95 NB,GP,110+04155,2025-10-31,669.0,4,49.49747468305833,8800.0,96,1.0,49.49747468305833,True,0.6670121337686254,6484.841849537728,0.7369138465383782,429.03409113184233,469.05481915795986,45.717777777777776,450.0,False,False
I-95 NB,GP,110P04155,2025-10-01,670.0,4,49.49747468305833,8800.0,96,1.0,49.49747468305833,True,5.201888352368462,37480.19765023322,4.259113369344684,335.2782347186527,647.3915358607604,18.313333333333336,585.0,False,False
I-95 NB,GP,110P04155,2025-10-02,670.0,4,49.49747468305833,8800.0,96,1.0,49.49747468305833,True,2.6299666673238162,20583.89265239198,2.3390787104990887,348.74070429134065,506.53870433076963,30.24222222222222,465.0,False,False
I-95 NB,GP,110P04155,2025-10-03,670.0,4,49.49747468305833,8800.0,96,1.0,49.49747468305833,True,2.1999964246284227,15748.452420019441,1.7895968659113002,375.3331752437977,507.33296072150307,28.63888888888889,450.0,False,False
I-95 NB,GP,110P04155,2025-10-06,670.0,4,49.49747468305833,8800.0,96,1.0,49.49747468305833,True,2.6685230540687237,20421.6410353753,2.3206410267471935,362.2364117161353,522.3477949602587,28.607777777777773,450.0,False,False
I-95 NB,GP,110P04155,2025-10-07,670.0,4,49.49747468305833,8800.0,96,1.0,49.49747468305833,True,2.351456669114461,17634.001109533627,2.003863762447003,346.6625554374452,487.74995558431283,26.22333333333334,435.0,False,False
I-95 NB,GP,110P04155,2025-10-08,670.0,4,49.49747468305833,8800.0,96,1.0,49.49747468305833,True,4.453738802842549,34974.54361923042,3.974379956730729,342.68162199040904,609.905950160962,21.75777777777778,450.0,False,False
I-95 NB,GP,110P04155,2025-10-09,670.0,4,49.49747468305833,8800.0,96,1.0,49.49747468305833,True,3.477943481853497,26973.26637557193,3.065143906314992,352.6857496231226,561.3623585343324,21.805555555555554,450.0,False,False
I-95 NB,GP,110P04155,2025-10-10,670.0,4,49.49747468305833,8800.0,96,1.0,49.49747468305833,True,3.3273848273022946,21861.257531314168,2.48423381037661,340.6880260880439,540.3311157261816,6.157777777777778,420.0,False,False
I-95 NB,GP,110P04155,2025-10-13,670.0,4,49.49747468305833,8800.0,96,1.0,49.49747468305833,False,0.0,0.0,0.0,,,,,False,False
I-95 NB,GP,110P04155,2025-10-14,670.0,4,49.49747468305833,8800.0,96,1.0,49.49747468305833,True,4.447313293549036,32630.158948778186,3.707972607815703,339.13165314488884,605.970450757831,18.73888888888889,435.0,False,False
I-95 NB,GP,110P04155,2025-10-15,670.0,4,49.49747468305833,8800.0,96,1.0,49.49747468305833,True,3.1680920031436632,23525.226683926194,2.673321214082522,345.2630071768802,535.3485273655,25.603333333333335,435.0,False,False
I-95 NB,GP,110P04155,2025-10-16,670.0,4,49.49747468305833,8800.0,96,1.0,49.49747468305833,True,4.444386546577045,35377.99171368586,4.020226331100665,338.604984028467,605.2681768230897,24.89222222222222,435.0,False,False
I-95 NB,GP,110P04155,2025-10-17,670.0,4,49.49747468305833,8800.0,96,1.0,49.49747468305833,True,2.5812150672154615,19668.31163554727,2.2350354131303716,368.8004737890629,523.6733778219906,25.78,480.0,False,False
I-95 NB,GP,110P04155,2025-10-20,670.0,4,49.49747468305833,8800.0,96,1.0,49.49747468305833,True,1.2801516866297002,10035.306241805643,1.1403757092960958,423.09597416824175,499.90507536602377,30.819999999999993,450.0,False,False
I-95 NB,GP,110P04155,2025-10-21,670.0,4,49.49747468305833,8800.0,96,1.0,49.49747468305833,True,1.6869191724575985,13781.654615841822,1.5660971154365708,364.31666772831085,465.53181807576675,28.606666666666673,435.0,False,False
I-95 NB,GP,110P04155,2025-10-22,670.0,4,49.49747468305833,8800.0,96,1.0,49.49747468305833,True,4.783909285285158,37521.007873352195,4.263750894699113,347.9170943233578,634.9516514404672,20.413333333333334,450.0,False,False
I-95 NB,GP,110P04155,2025-10-23,670.0,4,49.49747468305833,8800.0,96,1.0,49.49747468305833,True,4.23352687532204,33433.60152751976,3.799272900854518,350.9627315826086,604.974344101931,20.12555555555556,450.0,False,False
I-95 NB,GP,110P04155,2025-10-24,670.0,4,49.49747468305833,8800.0,96,1.0,49.49747468305833,True,2.370384921207782,19719.75123411841,2.24088082205891,353.42845558401945,495.6515508564864,26.56555555555555,450.0,False,False
I-95 NB,GP,110P04155,2025-10-27,670.0,4,49.49747468305833,8800.0,96,1.0,49.49747468305833,True,2.7725594182575843,21769.81385901612,2.4738424839791047,348.11666583269556,514.4702309281506,27.74444444444444,450.0,False,False
I-95 NB,GP,110P04155,2025-10-28,670.0,4,49.49747468305833,8800.0,96,1.0,49.49747468305833,True,2.9712049059806818,23623.52161992818,2.6844910931736568,353.1210036859893,531.3932980448302,22.57444444444445,450.0,False,False
I-95 NB,GP,110P04155,2025-10-29,670.0,4,49.49747468305833,8800.0,96,1.0,49.49747468305833,True,4.152671839248557,34151.970001041846,3.8809056819365733,336.36563808095974,585.5259484358731,23.592222222222215,465.0,False,False
I-95 NB,GP,110P04155,2025-10-30,670.0,4,49.49747468305833,8800.0,96,1.0,49.49747468305833,True,5.5261501081039635,43721.45362016786,4.968347002291802,345.6280977928888,677.1971042791266,26.59777777777778,435.0,False,False
I-95 NB,GP,110P04155,2025-10-31,670.0,4,49.49747468305833,8800.0,96,1.0,49.49747468305833,True,2.2145320142033853,19175.35150400948,2.1790172163647137,368.2360811976606,501.1080020498637,37.1,465.0,False,False
I-95 NB,GP,110+04156,2025-10-01,671.0,4,49.49747468305833,8800.0,96,1.0,49.49747468305833,True,5.369336401428227,38000.8313311932,4.318276287635591,330.31874542406507,652.4789295097587,18.712222222222223,585.0,False,False
I-95 NB,GP,110+04156,2025-10-02,671.0,4,49.49747468305833,8800.0,96,1.0,49.49747468305833,True,2.618838664818633,20829.62474400003,2.3670028118181854,348.44982570033295,505.5801455894509,32.191111111111105,450.0,False,False
I-95 NB,GP,110+04156,2025-10-03,671.0,4,49.49747468305833,8800.0,96,1.0,49.49747468305833,True,2.2741739304281148,18142.825267307308,2.0616846894667393,370.9119894697065,507.3624252953934,29.768888888888895,405.0,False,False
I-95 NB,GP,110+04156,2025-10-06,671.0,4,49.49747468305833,8800.0,96,1.0,49.49747468305833,True,2.8073415210740365,22551.164274712653,2.5626323039446195,354.65504613163415,523.0955373960763,30.00000000000001,450.0,False,False
I-95 NB,GP,110+04156,2025-10-07,671.0,4,49.49747468305833,8800.0,96,1.0,49.49747468305833,True,2.432268064125958,18001.27030801573,2.045598898638151,348.1948561174435,494.130939965001,29.671111111111117,450.0,False,False
I-95 NB,GP,110+04156,2025-10-08,671.0,4,49.49747468305833,8800.0,96,1.0,49.49747468305833,True,4.641588790925216,35184.275817368834,3.99821316106464,336.3620698384322,614.8573972939452,23.80222222222223,480.0,False,False
I-95 NB,GP,110+04156,2025-10-09,671.0,4,49.49747468305833,8800.0,96,1.0,49.49747468305833,True,3.523778087247832,27816.648686992987,3.160982805340112,347.8546929666489,559.2813782015188,26.903333333333332,450.0,False,False
I-95 NB,GP,110+04156,2025-10-10,671.0,4,49.49747468305833,8800.0,96,1.0,49.49747468305833,True,14.065139836392119,105483.14798622961,11.986721362071547,337.5940720981049,1181.502462281632,5.579999999999999,420.0,False,False
I-95 NB,GP,110+04156,2025-10-13,671.0,4,49.49747468305833,8800.0,96,1.0,49.49747468305833,False,0.0,0.0,0.0,,,,,False,False
I-95 NB,GP,110+04156,2025-10-14,671.0,4,49.49747468305833,8800.0,96,1.0,49.49747468305833,True,4.436795587275588,33355.65634367468,3.7904154935993954,341.29643801698705,607.5041732535224,19.271111111111114,495.0,False,False
I-95 NB,GP,110+04156,2025-10-15,671.0,4,49.49747468305833,8800.0,96,1.0,49.49747468305833,True,5.39994822270401,44985.0375990075,5.1119360907963065,343.97994490130236,667.976838263543,28.233333333333334,450.0,False,False
I-95 NB,GP,110+04156,2025-10-16,671.0,4,49.49747468305833,8800.0,96,1.0,49.49747468305833,True,4.622633782192716,35352.25527278017,4.0173017355432,334.6491959571785,612.0072228887415,22.135555555555555,510.0,False,False
I-95 NB,GP,110+04156,2025-10-17,671.0,4,49.49747468305833,8800.0,96,1.0,49.49747468305833,True,2.6661659305945498,20104.53102405541,2.2846057981881147,364.5382534386803,524.5082092743532,29.27,465.0,False,False
I-95 NB,GP,110+04156,2025-10-20,671.0,4,49.49747468305833,8800.0,96,1.0,49.49747468305833,True,1.801141932996875,14486.436530157453,1.646185969336074,410.1188371978604,518.1873531776729,31.198888888888877,450.0,False,False
I-95 NB,GP,110+04156,2025-10-21,671.0,4,49.49747468305833,8800.0,96,1.0,49.49747468305833,True,1.774548935724483,14165.905721872896,1.6097620138491926,363.56330523329456,470.03624137676354,30.74666666666667,435.0,False,False
I-95 NB,GP,110+04156,2025-10-22,671.0,4,49.49747468305833,8800.0,96,1.0,49.49747468305833,True,4.9943335166113725,40265.64834136668,4.575641856973486,343.1235164688311,642.7835274655134,26.13,450.0,False,False
I-95 NB,GP,110+04156,2025-10-23,671.0,4,49.49747468305833,8800.0,96,1.0,49.49747468305833,True,5.127965736328431,40325.563507227635,4.582450398548595,346.1056015863586,653.7835457660644,24.75555555555556,450.0,False,False
I-95 NB,GP,110+04156,2025-10-24,671.0,4,49.49747468305833,8800.0,96,1.0,49.49747468305833,True,2.4746764437575743,20113.366906265106,2.285609875711944,350.9850294058224,499.46561603127685,28.721111111111117,405.0,False,False
I-95 NB,GP,110+04156,2025-10-27,671.0,4,49.49747468305833,8800.0,96,1.0,49.49747468305833,True,2.8439049759348336,22193.06468620039,2.5219391688864077,345.7974979185045,516.4317964745945,30.515555555555554,435.0,False,False
I-95 NB,GP,110+04156,2025-10-28,671.0,4,49.49747468305833,8800.0,96,1.0,49.49747468305833,True,3.083128602296266,23885.25622439203,2.7142336618627305,348.43099483331565,533.4187109710916,28.21333333333334,435.0,False,False
I-95 NB,GP,110+04156,2025-10-29,671.0,4,49.49747468305833,8800.0,96,1.0,49.49747468305833,True,4.285029164608244,34753.632523849,3.9492764231646595,331.4374078243653,588.53915770086,26.86222222222223,465.0,False,False
I-95 NB,GP,110+04156,2025-10-30,671.0,4,49.49747468305833,8800.0,96,1.0,49.49747468305833,True,5.7014648171335915,47137.34323336717,5.356516276518997,336.4522512950586,678.5401403230741,28.223333333333333,435.0,False,False
I-95 NB,GP,110+04156,2025-10-31,671.0,4,49.49747468305833,8800.0,96,1.0,49.49747468305833,True,2.516889198520004,20731.371659291726,2.355837688555878,360.37284666953815,511.3861985807384,31.572222222222223,465.0,False,False
I-95 NB,GP,110P04156,2025-10-01,672.0,4,49.49747468305833,8800.0,96,1.0,49.49747468305833,True,5.086929673157204,37422.668231611795,4.252575935410431,337.50455260720986,642.7203329966421,19.052222222222223,570.0,False,False
I-95 NB,GP,110P04156,2025-10-02,672.0,4,49.49747468305833,8800.0,96,1.0,49.49747468305833,True,2.178511182205279,19486.72080413011,2.2144000913784216,356.9198602736481,487.63053120596487,39.94777777777778,390.0,False,False
I-95 NB,GP,110P04156,2025-10-03,672.0,4,49.49747468305833,8800.0,96,1.0,49.49747468305833,True,1.9038590161027467,14882.473760003402,1.6911902000003867,375.06668919231055,489.29823015847535,36.40888888888889,405.0,False,False
I-95 NB,GP,110P04156,2025-10-06,672.0,4,49.49747468305833,8800.0,96,1.0,49.49747468305833,True,2.5693760094966773,23436.302988083997,2.6632162486459086,359.9985428504826,514.1611034202832,38.07333333333333,450.0,False,False
I-95 NB,GP,110P04156,2025-10-07,672.0,4,49.49747468305833,8800.0,96,1.0,49.49747468305833,True,2.76470454478138,23561.612783702574,2.67745599814802,359.10740185140133,524.9896745382841,39.565555555555555,450.0,False,False
I-95 NB,GP,110P04156,2025-10-08,672.0,4,49.49747468305833,8800.0,96,1.0,49.49747468305833,True,3.845337923498055,32359.86251216832,3.6772571036554913,339.363008637763,570.0832840476463,28.176666666666673,510.0,False,False
I-95 NB,GP,110P04156,2025-10-09,672.0,4,49.49747468305833,8800.0,96,1.0,49.49747468305833,True,3.1942157902004054,27252.757979738595,3.0969043158793856,352.2322734066893,543.8852208187136,35.276666666666664,510.0,False,False
I-95 NB,GP,110P04156,2025-10-10,672.0,4,49.49747468305833,8800.0,96,1.0,49.49747468305833,True,3.1380538294141522,20555.55409606535,2.335858420007426,336.9798826749643,525.2631124398134,6.067777777777773,420.0,False,False
I-95 NB,GP,110P04156,2025-10-13,672.0,4,49.49747468305833,8800.0,96,1.0,49.49747468305833,False,0.0,0.0,0.0,,,,,False,False
I-95 NB,GP,110P04156,2025-10-14,672.0,4,49.49747468305833,8800.0,96,1.0,49.49747468305833,True,3.9713628645164722,30652.689465410323,3.4832601665239005,349.54636743285016,587.8281393038385,22.377777777777776,495.0,False,False
I-95 NB,GP,110P04156,2025-10-15,672.0,4,49.49747468305833,8800.0,96,1.0,49.49747468305833,True,3.151613648564141,24083.911340524344,2.7368081068777665,345.5338425522109,534.6306614660593,29.74555555555556,465.0,False,False
I-95 NB,GP,110P04156,2025-10-16,672.0,4,49.49747468305833,8800.0,96,1.0,49.49747468305833,True,4.2461863563023705,35171.296444492604,3.996738232328705,339.9121468050586,594.6833281832008,23.04444444444444,510.0,False,False
I-95 NB,GP,110P04156,2025-10-17,672.0,4,49.49747468305833,8800.0,96,1.0,49.49747468305833,True,2.0636526566848423,17052.27397271479,1.937758405990317,375.2848613635267,499.10402076461725,39.065555555555555,420.0,False,False
I-95 NB,GP,110P04156,2025-10-20,672.0,4,49.49747468305833,8800.0,96,1.0,49.49747468305833,True,1.1393325720614618,10819.677491985585,1.2295088059074528,417.8608170777942,486.2207714014819,42.06111111111111,450.0,False,False
I-95 NB,GP,110P04156,2025-10-21,672.0,4,49.49747468305833,8800.0,96,1.0,49.49747468305833,True,1.5401737330222014,14872.943280950229,1.6901071910170715,374.18255639766073,466.5929803789928,36.436666666666675,405.0,False,False
I-95 NB,GP,110P04156,2025-10-22,672.0,4,49.49747468305833,8800.0,96,1.0,49.49747468305833,True,3.0884461818646476,24739.714513927604,2.8113311947645006,349.6966645500481,535.003435461927,33.11555555555555,450.0,False,False
I-95 NB,GP,110P04156,2025-10-23,672.0,4,49.49747468305833,8800.0,96,1.0,49.49747468305833,True,3.0512554171265096,24491.141546911294,2.7830842666944653,352.0304919862564,535.105817013847,30.707777777777782,390.0,False,False
I-95 NB,GP,110P04156,2025-10-24,672.0,4,49.49747468305833,8800.0,96,1.0,49.49747468305833,True,2.432198394509359,21168.375777671088,2.4054972474626237,356.0031610465531,501.93506471711464,33.91444444444445,405.0,False,False
I-95 NB,GP,110P04156,2025-10-27,672.0,4,49.49747468305833,8800.0,96,1.0,49.49747468305833,True,2.52472199977989,21029.411150549295,2.3897058125624198,343.3841304402302,494.8674504270236,36.48555555555555,390.0,False,False
I-95 NB,GP,110P04156,2025-10-28,672.0,4,49.49747468305833,8800.0,96,1.0,49.49747468305833,True,2.7878177128769335,22985.246378149546,2.611959815698812,354.6318503631988,521.9009131358148,33.25888888888889,390.0,False,False
I-95 NB,GP,110P04156,2025-10-29,672.0,4,49.49747468305833,8800.0,96,1.0,49.49747468305833,True,3.540668493666529,29462.346932418317,3.3479939695929906,330.153333017225,542.5934426372168,32.312222222222225,495.0,False,False
I-95 NB,GP,110P04156,2025-10-30,672.0,4,49.49747468305833,8800.0,96,1.0,49.49747468305833,True,4.410214983922999,38327.507359674455,4.35539856359937,336.1526267706367,600.7655258060166,33.86000000000001,450.0,False,False
I-95 NB,GP,110P04156,2025-10-31,672.0,4,49.49747468305833,8800.0,96,1.0,49.49747468305833,True,1.9418209536931452,16641.751764746306,1.8911081550848075,403.6559674561658,520.1652246777545,32.955555555555556,480.0,False,False
I-95 NB,GP,110+04157,2025-10-01,673.0,4,49.49747468305833,8800.0,96,1.0,49.49747468305833,True,5.020234413049544,38368.36271136378,4.360041217200429,337.08377826502465,638.2978430479973,20.87888888888888,570.0,False,False
I-95 NB,GP,110+04157,2025-10-02,673.0,4,49.49747468305833,8800.0,96,1.0,49.49747468305833,True,1.906468260991187,17281.763161052026,1.9638367228468212,359.13141056272013,473.51950622219135,38.25555555555555,390.0,False,False
I-95 NB,GP,110+04157,2025-10-03,673.0,4,49.49747468305833,8800.0,96,1.0,49.49747468305833,True,1.3762590378234412,10773.626501503402,1.2242757388072047,375.9557758117128,458.53131808111925,41.00555555555555,405.0,False,False
I-95 NB,GP,110+04157,2025-10-06,673.0,4,49.49747468305833,8800.0,96,1.0,49.49747468305833,True,2.5547345949599314,23761.07816344548,2.70012251857335,358.8632100967343,512.1472857943302,41.04666666666666,480.0,False,False
I-95 NB,GP,110+04157,2025-10-07,673.0,4,49.49747468305833,8800.0,96,1.0,49.49747468305833,True,2.574753699250719,21628.760106287897,2.4578136484418063,362.3722530829972,516.8574750380403,42.27777777777778,405.0,False,False
I-95 NB,GP,110+04157,2025-10-08,673.0,4,49.49747468305833,8800.0,96,1.0,49.49747468305833,True,3.679005070772689,31038.99622895372,3.5271586623811046,337.7076770609626,558.447981307324,29.78222222222222,510.0,False,False
I-95 NB,GP,110+04157,2025-10-09,673.0,4,49.49747468305833,8800.0,96,1.0,49.49747468305833,True,3.327376063005972,29932.724613986393,3.40144597886209,343.9074974482572,543.5500612286155,38.577777777777776,510.0,False,False
I-95 NB,GP,110+04157,2025-10-10,673.0,4,49.49747468305833,8800.0,96,1.0,49.49747468305833,True,2.7081554990914687,16862.389587559992,1.916180634949999,335.11019632357744,497.59952626906556,7.375555555555555,405.0,False,False
I-95 NB,GP,110+04157,2025-10-13,673.0,4,49.49747468305833,8800.0,96,1.0,49.49747468305833,False,0.0,0.0,0.0,,,,,False,False
I-95 NB,GP,110+04157,2025-10-14,673.0,4,49.49747468305833,8800.0,96,1.0,49.49747468305833,True,3.968231711504285,32410.573114121988,3.683019672059317,347.8663987695062,585.9603014597633,27.631111111111114,525.0,False,False
I-95 NB,GP,110+04157,2025-10-15,673.0,4,49.49747468305833,8800.0,96,1.0,49.49747468305833,True,3.1429081312167853,24942.195335928496,2.8343403790827835,346.1670529672451,534.7415408402522,34.52555555555556,480.0,False,False
I-95 NB,GP,110+04157,2025-10-16,673.0,4,49.49747468305833,8800.0,96,1.0,49.49747468305833,True,4.17535830198854,35671.421791761335,4.0535706581546975,337.3828467416851,587.9043448609975,25.582222222222224,510.0,False,False
I-95 NB,GP,110+04157,2025-10-17,673.0,4,49.49747468305833,8800.0,96,1.0,49.49747468305833,True,1.901859006378286,17238.297187997923,1.9588974077270367,371.9951321246733,486.1066725073705,41.15111111111111,390.0,False,False
I-95 NB,GP,110+04157,2025-10-20,673.0,4,49.49747468305833,8800.0,96,1.0,49.49747468305833,True,0.5639176350905956,4331.788362388346,0.49224867754413026,426.56718923087084,460.4022473363066,47.608888888888885,450.0,False,False
I-95 NB,GP,110+04157,2025-10-21,673.0,4,49.49747468305833,8800.0,96,1.0,49.49747468305833,True,1.3041672799553699,10722.82958551723,1.2185033619905943,377.0266039853018,455.276640782624,39.607777777777784,405.0,False,False
I-95 NB,GP,110+04157,2025-10-22,673.0,4,49.49747468305833,8800.0,96,1.0,49.49747468305833,True,3.0797819903047894,25220.101583388445,2.86592063447596,345.84105248226757,530.6279719005549,35.31444444444443,390.0,False,False
I-95 NB,GP,110+04157,2025-10-23,673.0,4,49.49747468305833,8800.0,96,1.0,49.49747468305833,True,3.0774642959600755,24961.206174339517,2.8365007016294905,354.96268124840077,539.6105390060053,32.083333333333336,390.0,False,False
I-95 NB,GP,110+04157,2025-10-24,673.0,4,49.49747468305833,8800.0,96,1.0,49.49747468305833,True,2.4701558991359756,21290.334836339283,2.4193562314021912,349.26122677683855,497.4705807249971,36.410000000000004,405.0,False,False
I-95 NB,GP,110+04157,2025-10-27,673.0,4,49.49747468305833,8800.0,96,1.0,49.49747468305833,True,2.1338323639252574,19098.05297824648,2.1702332929825547,343.1078483651684,471.13779020068387,36.94111111111111,375.0,False,False
I-95 NB,GP,110+04157,2025-10-28,673.0,4,49.49747468305833,8800.0,96,1.0,49.49747468305833,True,2.6403384907473764,23475.850255197012,2.667710256272388,357.4665315205898,515.8868409654324,36.65333333333333,390.0,False,False
I-95 NB,GP,110+04157,2025-10-29,673.0,4,49.49747468305833,8800.0,96,1.0,49.49747468305833,True,1.5665351495980397,12815.902312522061,1.4563525355138707,437.3813837491617,531.3734927250441,38.47777777777778,495.0,False,False
I-95 NB,GP,110+04157,2025-10-30,673.0,4,49.49747468305833,8800.0,96,1.0,49.49747468305833,True,3.681305558037236,29531.051540541474,3.3558013114251675,331.6595447164702,552.5378781987043,34.668888888888894,420.0,False,False
I-95 NB,GP,110+04157,2025-10-31,673.0,4,49.49747468305833,8800.0,96,1.0,49.49747468305833,True,1.9383365321573611,14371.944262505069,1.633175484375576,408.6304418449116,524.9306337743533,31.087777777777774,495.0,False,False
I-95 NB,GP,110P04157,2025-10-01,674.0,4,49.49747468305833,8800.0,96,1.0,49.49747468305833,True,4.962100808090245,38037.70871520376,4.322466899454972,343.3359575006914,641.0620059861061,19.492222222222235,525.0,False,False
I-95 NB,GP,110P04157,2025-10-02,674.0,4,49.49747468305833,8800.0,96,1.0,49.49747468305833,True,2.1753362930683284,19533.77882129216,2.2197475933286546,350.0465468685569,480.5667244526566,40.79111111111111,375.0,False,False
I-95 NB,GP,110P04157,2025-10-03,674.0,4,49.49747468305833,8800.0,96,1.0,49.49747468305833,True,1.2258592566065858,10912.91151936962,1.2401035817465478,377.86564242800114,451.4171978243963,44.84222222222221,405.0,False,False
I-95 NB,GP,110P04157,2025-10-06,674.0,4,49.49747468305833,8800.0,96,1.0,49.49747468305833,True,2.616958124637288,23913.046274379467,2.717391622088576,354.7079732186929,511.7254606969302,42.03444444444444,495.0,False,False
I-95 NB,GP,110P04157,2025-10-07,674.0,4,49.49747468305833,8800.0,96,1.0,49.49747468305833,True,2.775485100998234,25823.8286127099,2.9345259787170344,359.1825408685331,525.7116469284272,35.55111111111111,495.0,False,False
I-95 NB,GP,110P04157,2025-10-08,674.0,4,49.49747468305833,8800.0,96,1.0,49.49747468305833,True,3.8591056436315503,31571.084920938945,3.587623286470335,335.6726277767221,567.2189663946151,30.054444444444442,510.0,False,False
I-95 NB,GP,110P04157,2025-10-09,674.0,4,49.49747468305833,8800.0,96,1.0,49.49747468305833,True,3.3137236480574086,30292.109973555052,3.4422852242676196,343.98573371238723,542.8091525958317,38.39222222222222,510.0,False,False
I-95 NB,GP,110P04157,2025-10-10,674.0,4,49.49747468305833,8800.0,96,1.0,49.49747468305833,True,2.859649165126714,17750.069144194924,2.0170533118403324,333.1792315240804,504.7581814316833,10.657777777777776,405.0,False,False
I-95 NB,GP,110P04157,2025-10-13,674.0,4,49.49747468305833,8800.0,96,1.0,49.49747468305833,False,0.0,0.0,0.0,,,,,False,False
I-95 NB,GP,110P04157,2025-10-14,674.0,4,49.49747468305833,8800.0,96,1.0,49.49747468305833,True,4.031235195931653,32905.343894379985,3.739243624361362,346.3319813718629,588.2060931277621,26.055555555555554,495.0,False,False
I-95 NB,GP,110P04157,2025-10-15,674.0,4,49.49747468305833,8800.0,96,1.0,49.49747468305833,True,3.177443415204464,25215.64691594745,2.8654144222667557,346.8304849631881,537.4770898754559,32.54555555555555,480.0,False,False
I-95 NB,GP,110P04157,2025-10-16,674.0,4,49.49747468305833,8800.0,96,1.0,49.49747468305833,True,4.114846190546115,35671.714335176846,4.0536039017246415,339.3780323663775,586.2688037991444,23.474444444444455,510.0,False,False
I-95 NB,GP,110P04157,2025-10-17,674.0,4,49.49747468305833,8800.0,96,1.0,49.49747468305833,True,1.521411685122097,13138.698566177407,1.4930339279747054,372.4440901844916,463.7287912918174,45.80444444444444,390.0,False,False
I-95 NB,GP,110P04157,2025-10-20,674.0,4,49.49747468305833,8800.0,96,1.0,49.49747468305833,True,0.5237176691680825,4359.492266594552,0.49539684847665366,424.64741523333936,456.0704753834243,47.90777777777777,435.0,False,False
I-95 NB,GP,110P04157,2025-10-21,674.0,4,49.49747468305833,8800.0,96,1.0,49.49747468305833,True,1.1883234434427503,8734.054756299938,0.9925062223068112,377.34393924322035,448.64334584978536,44.72777777777778,405.0,False,False
I-95 NB,GP,110P04157,2025-10-22,674.0,4,49.49747468305833,8800.0,96,1.0,49.49747468305833,True,3.212515270953089,27816.348053822145,3.1609486424797892,343.62848454905867,536.379400806244,35.422222222222224,510.0,False,False
I-95 NB,GP,110P04157,2025-10-23,674.0,4,49.49747468305833,8800.0,96,1.0,49.49747468305833,True,3.2137058033148254,27907.854980714976,3.171347156899429,355.8671330343678,548.6894812332573,39.25222222222222,510.0,False,False
I-95 NB,GP,110P04157,2025-10-24,674.0,4,49.49747468305833,8800.0,96,1.0,49.49747468305833,True,2.277400195774872,19643.25812245248,2.232188423005964,353.58174366023036,490.22575540672267,42.66777777777778,405.0,False,False
I-95 NB,GP,110P04157,2025-10-27,674.0,4,49.49747468305833,8800.0,96,1.0,49.49747468305833,True,1.889508101102937,15069.05433206008,1.7123925377340998,345.20962973185004,458.58011579802627,39.51888888888889,375.0,False,False
I-95 NB,GP,110P04157,2025-10-28,674.0,4,49.49747468305833,8800.0,96,1.0,49.49747468305833,True,2.5667111152881223,21621.030804538037,2.456935318697504,361.19889578823677,515.2015627055241,41.70888888888888,390.0,False,False
I-95 NB,GP,110P04157,2025-10-29,674.0,4,49.49747468305833,8800.0,96,1.0,49.49747468305833,True,1.5489076245773712,12825.758620908158,1.4574725705577452,439.90142210273984,532.8358795773821,37.55888888888889,495.0,False,False
I-95 NB,GP,110P04157,2025-10-30,674.0,4,49.49747468305833,8800.0,96,1.0,49.49747468305833,True,3.679022379430173,32182.145883230118,3.6570620321852405,328.2494764637039,548.9908192295143,37.33777777777778,405.0,False,False
I-95 NB,GP,110P04157,2025-10-31,674.0,4,49.49747468305833,8800.0,96,1.0,49.49747468305833,True,2.1307192282701197,16432.807031918644,1.8673644354453005,396.36803864366846,524.2111923398757,29.54444444444444,495.0,False,False
I-95 NB,GP,110+04158,2025-10-01,675.0,4,49.49747468305833,8800.0,96,1.0,49.49747468305833,True,4.657197744144522,34581.94707219678,3.9297667127496343,362.6263461610438,642.0582108097151,18.433333333333334,555.0,False,False
I-95 NB,GP,110+04158,2025-10-02,675.0,4,49.49747468305833,8800.0,96,1.0,49.49747468305833,True,1.4810079308502604,13122.205209628617,1.4911596829123428,352.1206599145283,440.9811357655439,44.85333333333333,375.0,False,False
I-95 NB,GP,110+04158,2025-10-03,675.0,4,49.49747468305833,8800.0,96,1.0,49.49747468305833,True,0.7988391037809275,8792.205365041915,0.9991142460274903,388.8478345974728,436.77818082432844,47.87555555555556,405.0,False,False
I-95 NB,GP,110+04158,2025-10-06,675.0,4,49.49747468305833,8800.0,96,1.0,49.49747468305833,True,1.0064579330500816,8601.122999243713,0.9774003408231492,457.80264050075954,518.1901164837644,41.78333333333334,495.0,False,False
I-95 NB,GP,110+04158,2025-10-07,675.0,4,49.49747468305833,8800.0,96,1.0,49.49747468305833,True,1.3686980715982817,10252.36166817849,1.1650410986566466,451.19515081881565,533.3170351147126,30.733333333333338,495.0,False,False
I-95 NB,GP,110+04158,2025-10-08,675.0,4,49.49747468305833,8800.0,96,1.0,49.49747468305833,True,3.9804428988429397,31650.58455259098,3.596657335521702,330.83192698233177,569.6585009129082,29.585555555555555,510.0,False,False
I-95 NB,GP,110+04158,2025-10-09,675.0,4,49.49747468305833,8800.0,96,1.0,49.49747468305833,True,2.893102667256191,26008.006490106334,2.955455282966629,369.43102428209147,543.0171843174629,38.835555555555565,510.0,False,False
I-95 NB,GP,110+04158,2025-10-10,675.0,4,49.49747468305833,8800.0,96,1.0,49.49747468305833,True,2.7793316855827346,19925.820924451426,2.2642978323240257,331.0201996985891,497.7801008335532,18.052222222222227,405.0,False,False
I-95 NB,GP,110+04158,2025-10-13,675.0,4,49.49747468305833,8800.0,96,1.0,49.49747468305833,False,0.0,0.0,0.0,,,,,False,False
I-95 NB,GP,110+04158,2025-10-14,675.0,4,49.49747468305833,8800.0,96,1.0,49.49747468305833,True,3.9985699872213085,33234.4328490607,3.7766400964841704,350.01208632268913,589.9262855559676,25.257777777777786,510.0,False,False
I-95 NB,GP,110+04158,2025-10-15,675.0,4,49.49747468305833,8800.0,96,1.0,49.49747468305833,True,3.0745977846640073,27457.682409782057,3.120191182929779,357.5712006488126,542.047067728653,32.71,480.0,False,False
I-95 NB,GP,110+04158,2025-10-16,675.0,4,49.49747468305833,8800.0,96,1.0,49.49747468305833,True,1.8488004744365365,13738.099795174781,1.5611477039971342,457.8687832288786,568.7968116950708,22.461111111111112,510.0,False,False
I-95 NB,GP,110+04158,2025-10-17,675.0,4,49.49747468305833,8800.0,96,1.0,49.49747468305833,True,0.7299343370254491,6598.978478003817,0.7498839179549792,386.68315210852643,430.4792123300534,48.22444444444444,420.0,False,False
I-95 NB,GP,110+04158,2025-10-20,675.0,4,49.49747468305833,8800.0,96,1.0,49.49747468305833,False,0.0,0.0,0.0,,,,,False,False
I-95 NB,GP,110+04158,2025-10-21,675.0,4,49.49747468305833,8800.0,96,1.0,49.49747468305833,True,0.6807797236855947,6597.930384534454,0.7497648164243698,401.2766813542825,442.1234647754182,48.21999999999999,435.0,False,False
I-95 NB,GP,110+04158,2025-10-22,675.0,4,49.49747468305833,8800.0,96,1.0,49.49747468305833,True,3.1064024703783124,26062.05707348806,2.9615973947145524,349.6664464874426,536.0505947101414,39.18111111111111,510.0,False,False
I-95 NB,GP,110+04158,2025-10-23,675.0,4,49.49747468305833,8800.0,96,1.0,49.49747468305833,True,1.1567379650401013,10630.48950753536,1.2080101713108364,478.33291227571283,547.7371901781189,38.32,510.0,False,False
I-95 NB,GP,110+04158,2025-10-24,675.0,4,49.49747468305833,8800.0,96,1.0,49.49747468305833,False,0.0,0.0,0.0,,,,,False,False
I-95 NB,GP,110+04158,2025-10-27,675.0,4,49.49747468305833,8800.0,96,1.0,49.49747468305833,True,1.483142074019626,13136.518901266878,1.492786238780327,354.9780931426936,443.96661758387114,45.24666666666666,375.0,False,False
I-95 NB,GP,110+04158,2025-10-28,675.0,4,49.49747468305833,8800.0,96,1.0,49.49747468305833,True,2.566574835044524,23913.307236720506,2.7174212769000574,371.1395267656436,525.134016868315,41.801111111111105,495.0,False,False
I-95 NB,GP,110+04158,2025-10-29,675.0,4,49.49747468305833,8800.0,96,1.0,49.49747468305833,True,1.4555562005919778,12796.52226970047,1.454150257920508,446.50468354695454,533.8380555824732,37.33111111111111,495.0,False,False
I-95 NB,GP,110+04158,2025-10-30,675.0,4,49.49747468305833,8800.0,96,1.0,49.49747468305833,True,3.5113002508498474,30239.419784263824,3.4362977027572525,328.0565782963716,538.7345933473624,39.623333333333335,405.0,False,False
I-95 NB,GP,110+04158,2025-10-31,675.0,4,49.49747468305833,8800.0,96,1.0,49.49747468305833,True,1.9807499957578802,14622.272209626326,1.6616218420029916,405.77551449417024,524.6205142396431,33.72222222222222,495.0,False,False
I-95 NB,GP,110P04159,2025-10-01,676.001,4,49.49747468305833,8800.0,96,1.0,49.49747468305833,True,2.5223822347216034,16382.516027417889,1.8616495485702147,440.8048260057086,592.1477600890048,8.831111111111111,525.0,False,False
I-95 NB,GP,110P04159,2025-10-02,676.001,4,49.49747468305833,8800.0,96,1.0,49.49747468305833,True,1.7359752046278174,10273.744032883504,1.1674709128276708,480.9560042911063,585.1145165687753,8.32111111111111,525.0,False,False
I-95 NB,GP,110P04159,2025-10-03,676.001,4,49.49747468305833,8800.0,96,1.0,49.49747468305833,False,0.0,0.0,0.0,,,,,False,False
I-95 NB,GP,110P04159,2025-10-06,676.001,4,49.49747468305833,8800.0,96,1.0,49.49747468305833,False,0.0,0.0,0.0,,,,,False,False
I-95 NB,GP,110P04159,2025-10-07,676.001,4,49.49747468305833,8800.0,96,1.0,49.49747468305833,False,0.0,0.0,0.0,,,,,False,False
I-95 NB,GP,110P04159,2025-10-08,676.001,4,49.49747468305833,8800.0,96,1.0,49.49747468305833,True,1.2305201177176788,9123.029193954497,1.0367078629493747,485.58536987820224,559.416576941263,19.063333333333333,525.0,False,False
I-95 NB,GP,110P04159,2025-10-09,676.001,4,49.49747468305833,8800.0,96,1.0,49.49747468305833,True,1.7094547254379715,13370.014608035937,1.5193198418222655,456.8618554989289,559.4291390252072,20.412222222222226,510.0,False,False
I-95 NB,GP,110P04159,2025-10-10,676.001,4,49.49747468305833,8800.0,96,1.0,49.49747468305833,False,0.0,0.0,0.0,,,,,False,False
I-95 NB,GP,110P04159,2025-10-13,676.001,4,49.49747468305833,8800.0,96,1.0,49.49747468305833,False,0.0,0.0,0.0,,,,,False,False
I-95 NB,GP,110P04159,2025-10-14,676.001,4,49.49747468305833,8800.0,96,1.0,49.49747468305833,True,1.0219791442335615,7718.761364629902,0.877131973253398,501.2203885352369,562.5391371892506,30.38,540.0,False,False
I-95 NB,GP,110P04159,2025-10-15,676.001,4,49.49747468305833,8800.0,96,1.0,49.49747468305833,True,1.4014954550870309,10697.549853421902,1.2156306651615798,473.2835873775692,557.373314682791,17.748888888888885,510.0,False,False
I-95 NB,GP,110P04159,2025-10-16,676.001,4,49.49747468305833,8800.0,96,1.0,49.49747468305833,True,1.7671931501995932,10912.46734785679,1.2400531077109989,469.4628099697801,575.4943989817557,11.124444444444444,510.0,False,False
I-95 NB,GP,110P04159,2025-10-17,676.001,4,49.49747468305833,8800.0,96,1.0,49.49747468305833,False,0.0,0.0,0.0,,,,,False,False
I-95 NB,GP,110P04159,2025-10-20,676.001,4,49.49747468305833,8800.0,87,1.0,49.49747468305833,False,0.0,0.0,0.0,,,,,False,False
I-95 NB,GP,110P04159,2025-10-21,676.001,4,49.49747468305833,8800.0,96,1.0,49.49747468305833,False,0.0,0.0,0.0,,,,,False,False
I-95 NB,GP,110P04159,2025-10-22,676.001,4,49.49747468305833,8800.0,96,1.0,49.49747468305833,False,0.0,0.0,0.0,,,,,False,False
I-95 NB,GP,110P04159,2025-10-23,676.001,4,49.49747468305833,8800.0,96,1.0,49.49747468305833,True,0.6457806944731497,4073.6774960669036,0.46291789728032995,497.8638044062454,536.6106460746344,42.19777777777778,510.0,False,False
I-95 NB,GP,110P04159,2025-10-24,676.001,4,49.49747468305833,8800.0,96,1.0,49.49747468305833,False,0.0,0.0,0.0,,,,,False,False
I-95 NB,GP,110P04159,2025-10-27,676.001,4,49.49747468305833,8800.0,96,1.0,49.49747468305833,False,0.0,0.0,0.0,,,,,False,False
I-95 NB,GP,110P04159,2025-10-28,676.001,4,49.49747468305833,8800.0,96,1.0,49.49747468305833,True,1.7512089124779655,14038.321942804001,1.5952638571368183,444.1265921732899,549.1991269219678,33.87777777777777,525.0,False,False
I-95 NB,GP,110P04159,2025-10-29,676.001,4,49.49747468305833,8800.0,96,1.0,49.49747468305833,False,0.0,0.0,0.0,,,,,False,False
I-95 NB,GP,110P04159,2025-10-30,676.001,4,49.49747468305833,8800.0,96,1.0,49.49747468305833,False,0.0,0.0,0.0,,,,,False,False
I-95 NB,GP,110P04159,2025-10-31,676.001,4,49.49747468305833,8800.0,96,1.0,49.49747468305833,True,0.5102828790924263,4293.512229970212,0.4878991170420695,522.3280839694861,552.9450567150317,45.63888888888889,540.0,False,False
I-95 NB,GP,110P04146,2025-10-01,652.0,3,49.49747468305833,6600.0,96,1.05,51.97234841721125,False,0.0,0.0,0.0,,,,,False,False
I-95 NB,GP,110P04146,2025-10-02,652.0,3,49.49747468305833,6600.0,96,1.05,51.97234841721125,False,0.0,0.0,0.0,,,,,False,False
I-95 NB,GP,110P04146,2025-10-03,652.0,3,49.49747468305833,6600.0,96,1.05,51.97234841721125,False,0.0,0.0,0.0,,,,,False,False
I-95 NB,GP,110P04146,2025-10-06,652.0,3,49.49747468305833,6600.0,96,1.05,51.97234841721125,False,0.0,0.0,0.0,,,,,False,False
I-95 NB,GP,110P04146,2025-10-07,652.0,3,49.49747468305833,6600.0,96,1.05,51.97234841721125,False,0.0,0.0,0.0,,,,,False,False
I-95 NB,GP,110P04146,2025-10-08,652.0,3,49.49747468305833,6600.0,96,1.05,51.97234841721125,False,0.0,0.0,0.0,,,,,False,False
I-95 NB,GP,110P04146,2025-10-09,652.0,3,49.49747468305833,6600.0,96,1.05,51.97234841721125,False,0.0,0.0,0.0,,,,,False,False
I-95 NB,GP,110P04146,2025-10-10,652.0,3,49.49747468305833,6600.0,96,1.05,51.97234841721125,False,0.0,0.0,0.0,,,,,False,False
I-95 NB,GP,110P04146,2025-10-13,652.0,3,49.49747468305833,6600.0,96,1.05,51.97234841721125,False,0.0,0.0,0.0,,,,,False,False
I-95 NB,GP,110P04146,2025-10-14,652.0,3,49.49747468305833,6600.0,96,1.05,51.97234841721125,False,0.0,0.0,0.0,,,,,False,False
I-95 NB,GP,110P04146,2025-10-15,652.0,3,49.49747468305833,6600.0,96,1.05,51.97234841721125,False,0.0,0.0,0.0,,,,,False,False
I-95 NB,GP,110P04146,2025-10-16,652.0,3,49.49747468305833,6600.0,96,1.05,51.97234841721125,False,0.0,0.0,0.0,,,,,False,False
I-95 NB,GP,110P04146,2025-10-17,652.0,3,49.49747468305833,6600.0,96,1.05,51.97234841721125,False,0.0,0.0,0.0,,,,,False,False
I-95 NB,GP,110P04146,2025-10-20,652.0,3,49.49747468305833,6600.0,96,1.05,51.97234841721125,False,0.0,0.0,0.0,,,,,False,False
I-95 NB,GP,110P04146,2025-10-21,652.0,3,49.49747468305833,6600.0,96,1.05,51.97234841721125,False,0.0,0.0,0.0,,,,,False,False
I-95 NB,GP,110P04146,2025-10-22,652.0,3,49.49747468305833,6600.0,96,1.05,51.97234841721125,False,0.0,0.0,0.0,,,,,False,False
I-95 NB,GP,110P04146,2025-10-23,652.0,3,49.49747468305833,6600.0,96,1.05,51.97234841721125,False,0.0,0.0,0.0,,,,,False,False
I-95 NB,GP,110P04146,2025-10-24,652.0,3,49.49747468305833,6600.0,96,1.05,51.97234841721125,False,0.0,0.0,0.0,,,,,False,False
I-95 NB,GP,110P04146,2025-10-27,652.0,3,49.49747468305833,6600.0,96,1.05,51.97234841721125,False,0.0,0.0,0.0,,,,,False,False
I-95 NB,GP,110P04146,2025-10-28,652.0,3,49.49747468305833,6600.0,96,1.05,51.97234841721125,False,0.0,0.0,0.0,,,,,False,False
I-95 NB,GP,110P04146,2025-10-29,652.0,3,49.49747468305833,6600.0,96,1.05,51.97234841721125,False,0.0,0.0,0.0,,,,,False,False
I-95 NB,GP,110P04146,2025-10-30,652.0,3,49.49747468305833,6600.0,96,1.05,51.97234841721125,True,2.387934423874674,10581.991132587125,1.6033319897859282,377.7027860879024,520.9788515203828,9.64111111111111,420.0,False,False
I-95 NB,GP,110P04146,2025-10-31,652.0,3,49.49747468305833,6600.0,96,1.05,51.97234841721125,False,0.0,0.0,0.0,,,,,False,False
I-95 NB,GP,110+04147,2025-10-01,653.0,3,49.49747468305833,6600.0,96,1.05,51.97234841721125,False,0.0,0.0,0.0,,,,,False,False
I-95 NB,GP,110+04147,2025-10-02,653.0,3,49.49747468305833,6600.0,96,1.05,51.97234841721125,False,0.0,0.0,0.0,,,,,False,False
I-95 NB,GP,110+04147,2025-10-03,653.0,3,49.49747468305833,6600.0,96,1.05,51.97234841721125,False,0.0,0.0,0.0,,,,,False,False
I-95 NB,GP,110+04147,2025-10-06,653.0,3,49.49747468305833,6600.0,96,1.05,51.97234841721125,False,0.0,0.0,0.0,,,,,False,False
I-95 NB,GP,110+04147,2025-10-07,653.0,3,49.49747468305833,6600.0,96,1.05,51.97234841721125,False,0.0,0.0,0.0,,,,,False,False
I-95 NB,GP,110+04147,2025-10-08,653.0,3,49.49747468305833,6600.0,96,1.05,51.97234841721125,False,0.0,0.0,0.0,,,,,False,False
I-95 NB,GP,110+04147,2025-10-09,653.0,3,49.49747468305833,6600.0,96,1.05,51.97234841721125,False,0.0,0.0,0.0,,,,,False,False
I-95 NB,GP,110+04147,2025-10-10,653.0,3,49.49747468305833,6600.0,96,1.05,51.97234841721125,False,0.0,0.0,0.0,,,,,False,False
I-95 NB,GP,110+04147,2025-10-13,653.0,3,49.49747468305833,6600.0,96,1.05,51.97234841721125,False,0.0,0.0,0.0,,,,,False,False
I-95 NB,GP,110+04147,2025-10-14,653.0,3,49.49747468305833,6600.0,96,1.05,51.97234841721125,False,0.0,0.0,0.0,,,,,False,False
I-95 NB,GP,110+04147,2025-10-15,653.0,3,49.49747468305833,6600.0,96,1.05,51.97234841721125,False,0.0,0.0,0.0,,,,,False,False
I-95 NB,GP,110+04147,2025-10-16,653.0,3,49.49747468305833,6600.0,96,1.05,51.97234841721125,False,0.0,0.0,0.0,,,,,False,False
I-95 NB,GP,110+04147,2025-10-17,653.0,3,49.49747468305833,6600.0,96,1.05,51.97234841721125,False,0.0,0.0,0.0,,,,,False,False
I-95 NB,GP,110+04147,2025-10-20,653.0,3,49.49747468305833,6600.0,96,1.05,51.97234841721125,False,0.0,0.0,0.0,,,,,False,False
I-95 NB,GP,110+04147,2025-10-21,653.0,3,49.49747468305833,6600.0,96,1.05,51.97234841721125,False,0.0,0.0,0.0,,,,,False,False
I-95 NB,GP,110+04147,2025-10-22,653.0,3,49.49747468305833,6600.0,96,1.05,51.97234841721125,False,0.0,0.0,0.0,,,,,False,False
I-95 NB,GP,110+04147,2025-10-23,653.0,3,49.49747468305833,6600.0,96,1.05,51.97234841721125,False,0.0,0.0,0.0,,,,,False,False
I-95 NB,GP,110+04147,2025-10-24,653.0,3,49.49747468305833,6600.0,96,1.05,51.97234841721125,False,0.0,0.0,0.0,,,,,False,False
I-95 NB,GP,110+04147,2025-10-27,653.0,3,49.49747468305833,6600.0,96,1.05,51.97234841721125,False,0.0,0.0,0.0,,,,,False,False
I-95 NB,GP,110+04147,2025-10-28,653.0,3,49.49747468305833,6600.0,96,1.05,51.97234841721125,False,0.0,0.0,0.0,,,,,False,False
I-95 NB,GP,110+04147,2025-10-29,653.0,3,49.49747468305833,6600.0,96,1.05,51.97234841721125,False,0.0,0.0,0.0,,,,,False,False
I-95 NB,GP,110+04147,2025-10-30,653.0,3,49.49747468305833,6600.0,96,1.05,51.97234841721125,True,2.5814544863572317,11562.291769877247,1.7518623893753404,369.1445891686202,524.0318583500541,8.363333333333328,420.0,False,False
I-95 NB,GP,110+04147,2025-10-31,653.0,3,49.49747468305833,6600.0,96,1.05,51.97234841721125,False,0.0,0.0,0.0,,,,,False,False
I-95 NB,GP,110P04147,2025-10-01,654.0,3,49.49747468305833,6600.0,96,1.05,51.97234841721125,False,0.0,0.0,0.0,,,,,False,False
I-95 NB,GP,110P04147,2025-10-02,654.0,3,49.49747468305833,6600.0,96,1.05,51.97234841721125,False,0.0,0.0,0.0,,,,,False,False
I-95 NB,GP,110P04147,2025-10-03,654.0,3,49.49747468305833,6600.0,96,1.05,51.97234841721125,False,0.0,0.0,0.0,,,,,False,False
I-95 NB,GP,110P04147,2025-10-06,654.0,3,49.49747468305833,6600.0,96,1.05,51.97234841721125,False,0.0,0.0,0.0,,,,,False,False
I-95 NB,GP,110P04147,2025-10-07,654.0,3,49.49747468305833,6600.0,96,1.05,51.97234841721125,False,0.0,0.0,0.0,,,,,False,False
I-95 NB,GP,110P04147,2025-10-08,654.0,3,49.49747468305833,6600.0,96,1.05,51.97234841721125,False,0.0,0.0,0.0,,,,,False,False
I-95 NB,GP,110P04147,2025-10-09,654.0,3,49.49747468305833,6600.0,96,1.05,51.97234841721125,False,0.0,0.0,0.0,,,,,False,False
I-95 NB,GP,110P04147,2025-10-10,654.0,3,49.49747468305833,6600.0,96,1.05,51.97234841721125,False,0.0,0.0,0.0,,,,,False,False
I-95 NB,GP,110P04147,2025-10-13,654.0,3,49.49747468305833,6600.0,96,1.05,51.97234841721125,False,0.0,0.0,0.0,,,,,False,False
I-95 NB,GP,110P04147,2025-10-14,654.0,3,49.49747468305833,6600.0,96,1.05,51.97234841721125,False,0.0,0.0,0.0,,,,,False,False
I-95 NB,GP,110P04147,2025-10-15,654.0,3,49.49747468305833,6600.0,96,1.05,51.97234841721125,False,0.0,0.0,0.0,,,,,False,False
I-95 NB,GP,110P04147,2025-10-16,654.0,3,49.49747468305833,6600.0,96,1.05,51.97234841721125,False,0.0,0.0,0.0,,,,,False,False
I-95 NB,GP,110P04147,2025-10-17,654.0,3,49.49747468305833,6600.0,96,1.05,51.97234841721125,False,0.0,0.0,0.0,,,,,False,False
I-95 NB,GP,110P04147,2025-10-20,654.0,3,49.49747468305833,6600.0,96,1.05,51.97234841721125,False,0.0,0.0,0.0,,,,,False,False
I-95 NB,GP,110P04147,2025-10-21,654.0,3,49.49747468305833,6600.0,96,1.05,51.97234841721125,False,0.0,0.0,0.0,,,,,False,False
I-95 NB,GP,110P04147,2025-10-22,654.0,3,49.49747468305833,6600.0,96,1.05,51.97234841721125,False,0.0,0.0,0.0,,,,,False,False
I-95 NB,GP,110P04147,2025-10-23,654.0,3,49.49747468305833,6600.0,96,1.05,51.97234841721125,False,0.0,0.0,0.0,,,,,False,False
I-95 NB,GP,110P04147,2025-10-24,654.0,3,49.49747468305833,6600.0,96,1.05,51.97234841721125,False,0.0,0.0,0.0,,,,,False,False
I-95 NB,GP,110P04147,2025-10-27,654.0,3,49.49747468305833,6600.0,96,1.05,51.97234841721125,False,0.0,0.0,0.0,,,,,False,False
I-95 NB,GP,110P04147,2025-10-28,654.0,3,49.49747468305833,6600.0,96,1.05,51.97234841721125,False,0.0,0.0,0.0,,,,,False,False
I-95 NB,GP,110P04147,2025-10-29,654.0,3,49.49747468305833,6600.0,96,1.05,51.97234841721125,False,0.0,0.0,0.0,,,,,False,False
I-95 NB,GP,110P04147,2025-10-30,654.0,3,49.49747468305833,6600.0,96,1.05,51.97234841721125,True,2.7273486610260362,12410.243154796473,1.8803398719388595,364.54177200637366,528.1826916679358,7.834444444444446,405.0,False,False
I-95 NB,GP,110P04147,2025-10-31,654.0,3,49.49747468305833,6600.0,96,1.05,51.97234841721125,False,0.0,0.0,0.0,,,,,False,False
I-95 NB,GP,110+04148,2025-10-01,655.0,3,49.49747468305833,6600.0,96,1.05,51.97234841721125,False,0.0,0.0,0.0,,,,,False,False
I-95 NB,GP,110+04148,2025-10-02,655.0,3,49.49747468305833,6600.0,96,1.05,51.97234841721125,False,0.0,0.0,0.0,,,,,False,False
I-95 NB,GP,110+04148,2025-10-03,655.0,3,49.49747468305833,6600.0,96,1.05,51.97234841721125,False,0.0,0.0,0.0,,,,,False,False
I-95 NB,GP,110+04148,2025-10-06,655.0,3,49.49747468305833,6600.0,96,1.05,51.97234841721125,False,0.0,0.0,0.0,,,,,False,False
I-95 NB,GP,110+04148,2025-10-07,655.0,3,49.49747468305833,6600.0,96,1.05,51.97234841721125,True,0.9338749028445619,6201.587729471677,0.9396345044654056,493.4528880839876,549.4853822546613,34.44555555555556,525.0,False,False
I-95 NB,GP,110+04148,2025-10-08,655.0,3,49.49747468305833,6600.0,96,1.05,51.97234841721125,False,0.0,0.0,0.0,,,,,False,False
I-95 NB,GP,110+04148,2025-10-09,655.0,3,49.49747468305833,6600.0,96,1.05,51.97234841721125,False,0.0,0.0,0.0,,,,,False,False
I-95 NB,GP,110+04148,2025-10-10,655.0,3,49.49747468305833,6600.0,96,1.05,51.97234841721125,False,0.0,0.0,0.0,,,,,False,False
I-95 NB,GP,110+04148,2025-10-13,655.0,3,49.49747468305833,6600.0,96,1.05,51.97234841721125,False,0.0,0.0,0.0,,,,,False,False
I-95 NB,GP,110+04148,2025-10-14,655.0,3,49.49747468305833,6600.0,96,1.05,51.97234841721125,False,0.0,0.0,0.0,,,,,False,False
I-95 NB,GP,110+04148,2025-10-15,655.0,3,49.49747468305833,6600.0,96,1.05,51.97234841721125,False,0.0,0.0,0.0,,,,,False,False
I-95 NB,GP,110+04148,2025-10-16,655.0,3,49.49747468305833,6600.0,96,1.05,51.97234841721125,False,0.0,0.0,0.0,,,,,False,False
I-95 NB,GP,110+04148,2025-10-17,655.0,3,49.49747468305833,6600.0,96,1.05,51.97234841721125,False,0.0,0.0,0.0,,,,,False,False
I-95 NB,GP,110+04148,2025-10-20,655.0,3,49.49747468305833,6600.0,96,1.05,51.97234841721125,False,0.0,0.0,0.0,,,,,False,False
I-95 NB,GP,110+04148,2025-10-21,655.0,3,49.49747468305833,6600.0,96,1.05,51.97234841721125,False,0.0,0.0,0.0,,,,,False,False
I-95 NB,GP,110+04148,2025-10-22,655.0,3,49.49747468305833,6600.0,96,1.05,51.97234841721125,False,0.0,0.0,0.0,,,,,False,False
I-95 NB,GP,110+04148,2025-10-23,655.0,3,49.49747468305833,6600.0,96,1.05,51.97234841721125,False,0.0,0.0,0.0,,,,,False,False
I-95 NB,GP,110+04148,2025-10-24,655.0,3,49.49747468305833,6600.0,96,1.05,51.97234841721125,False,0.0,0.0,0.0,,,,,False,False
I-95 NB,GP,110+04148,2025-10-27,655.0,3,49.49747468305833,6600.0,96,1.05,51.97234841721125,False,0.0,0.0,0.0,,,,,False,False
I-95 NB,GP,110+04148,2025-10-28,655.0,3,49.49747468305833,6600.0,96,1.05,51.97234841721125,False,0.0,0.0,0.0,,,,,False,False
I-95 NB,GP,110+04148,2025-10-29,655.0,3,49.49747468305833,6600.0,96,1.05,51.97234841721125,False,0.0,0.0,0.0,,,,,False,False
I-95 NB,GP,110+04148,2025-10-30,655.0,3,49.49747468305833,6600.0,96,1.05,51.97234841721125,True,2.697663610861679,12773.263060743404,1.9353428879914247,362.7262041051531,524.5860207568538,10.311111111111112,420.0,False,False
I-95 NB,GP,110+04148,2025-10-31,655.0,3,49.49747468305833,6600.0,96,1.05,51.97234841721125,False,0.0,0.0,0.0,,,,,False,False
I-95 NB,GP,110+04150,2025-10-01,659.0,2,49.49747468305833,4400.0,96,1.05,51.97234841721125,True,1.7972173794274018,6733.97287198154,1.5304483799958046,332.0847938354786,439.9178366011227,23.51222222222222,390.0,False,False
I-95 NB,GP,110+04150,2025-10-02,659.0,2,49.49747468305833,4400.0,96,1.05,51.97234841721125,False,0.0,0.0,0.0,,,,,False,False
I-95 NB,GP,110+04150,2025-10-03,659.0,2,49.49747468305833,4400.0,96,1.05,51.97234841721125,True,0.7633799741751243,2731.141714676264,0.6207140260627874,438.1478425626786,483.95064101318604,36.98222222222222,465.0,False,False
I-95 NB,GP,110+04150,2025-10-06,659.0,2,49.49747468305833,4400.0,96,1.05,51.97234841721125,False,0.0,0.0,0.0,,,,,False,False
I-95 NB,GP,110+04150,2025-10-07,659.0,2,49.49747468305833,4400.0,96,1.05,51.97234841721125,True,2.2196808303895703,6677.960352194283,1.517718261862337,400.04428858912746,533.2251384125017,11.072222222222221,450.0,False,False
I-95 NB,GP,110+04150,2025-10-08,659.0,2,49.49747468305833,4400.0,96,1.05,51.97234841721125,True,0.5687567320019373,3255.5359482087733,0.7398945336838121,327.44094361382326,361.5663475339395,45.67333333333334,345.0,False,False
I-95 NB,GP,110+04150,2025-10-09,659.0,2,49.49747468305833,4400.0,96,1.05,51.97234841721125,False,0.0,0.0,0.0,,,,,False,False
I-95 NB,GP,110+04150,2025-10-10,659.0,2,49.49747468305833,4400.0,96,1.05,51.97234841721125,False,0.0,0.0,0.0,,,,,False,False
I-95 NB,GP,110+04150,2025-10-13,659.0,2,49.49747468305833,4400.0,96,1.05,51.97234841721125,False,0.0,0.0,0.0,,,,,False,False
I-95 NB,GP,110+04150,2025-10-14,659.0,2,49.49747468305833,4400.0,96,1.05,51.97234841721125,False,0.0,0.0,0.0,,,,,False,False
I-95 NB,GP,110+04150,2025-10-15,659.0,2,49.49747468305833,4400.0,96,1.05,51.97234841721125,False,0.0,0.0,0.0,,,,,False,False
I-95 NB,GP,110+04150,2025-10-16,659.0,2,49.49747468305833,4400.0,96,1.05,51.97234841721125,True,0.5492047846122347,3095.007144199625,0.7034107145908239,314.664405514826,347.6166925915601,47.06111111111111,330.0,False,False
I-95 NB,GP,110+04150,2025-10-17,659.0,2,49.49747468305833,4400.0,96,1.05,51.97234841721125,False,0.0,0.0,0.0,,,,,False,False
I-95 NB,GP,110+04150,2025-10-20,659.0,2,49.49747468305833,4400.0,96,1.05,51.97234841721125,False,0.0,0.0,0.0,,,,,False,False
I-95 NB,GP,110+04150,2025-10-21,659.0,2,49.49747468305833,4400.0,96,1.05,51.97234841721125,True,1.6987302423104278,5605.601645111659,1.2740003738890135,333.3057844291041,435.22959896772977,11.5,390.0,False,False
I-95 NB,GP,110+04150,2025-10-22,659.0,2,49.49747468305833,4400.0,96,1.05,51.97234841721125,False,0.0,0.0,0.0,,,,,False,False
I-95 NB,GP,110+04150,2025-10-23,659.0,2,49.49747468305833,4400.0,96,1.05,51.97234841721125,False,0.0,0.0,0.0,,,,,False,False
I-95 NB,GP,110+04150,2025-10-24,659.0,2,49.49747468305833,4400.0,96,1.05,51.97234841721125,True,1.4855894279041346,4655.924984078769,1.0581647691088112,531.4594959900917,620.5948616643398,11.662222222222221,570.0,False,False
I-95 NB,GP,110+04150,2025-10-27,659.0,2,49.49747468305833,4400.0,96,1.05,51.97234841721125,False,0.0,0.0,0.0,,,,,False,False
I-95 NB,GP,110+04150,2025-10-28,659.0,2,49.49747468305833,4400.0,96,1.05,51.97234841721125,True,0.8829576539193501,2957.5056058653217,0.6721603649693914,423.3776824199977,476.3551416551587,35.26111111111111,450.0,False,False
I-95 NB,GP,110+04150,2025-10-29,659.0,2,49.49747468305833,4400.0,96,1.05,51.97234841721125,True,0.8461259807377123,2837.2082843954377,0.6448200646353267,426.1631523532176,476.9307111974803,32.07222222222222,450.0,False,False
I-95 NB,GP,110+04150,2025-10-30,659.0,2,49.49747468305833,4400.0,96,1.05,51.97234841721125,True,1.8635273203812412,5987.668058308715,1.360833649615617,466.3823304309462,578.1939696538207,16.2,525.0,False,False
I-95 NB,GP,110+04150,2025-10-31,659.0,2,49.49747468305833,4400.0,96,1.05,51.97234841721125,False,0.0,0.0,0.0,,,,,False,False
I-95 NB,GP,110P04150,2025-10-01,660.0,3,49.49747468305833,6600.0,96,1.05,51.97234841721125,True,2.419055973231305,12260.492902784157,1.8576504398157814,314.09328434211767,459.236642735996,14.229999999999999,405.0,False,False
I-95 NB,GP,110P04150,2025-10-02,660.0,3,49.49747468305833,6600.0,96,1.05,51.97234841721125,True,0.9000965130628382,4903.295025229372,0.742923488671117,379.43213295438136,433.43792373815165,48.70444444444445,420.0,False,False
I-95 NB,GP,110P04150,2025-10-03,660.0,3,49.49747468305833,6600.0,96,1.05,51.97234841721125,True,2.445830812171256,13523.053779391335,2.0489475423320207,338.8398391254831,485.5896878557584,18.506666666666668,450.0,False,False
I-95 NB,GP,110P04150,2025-10-06,660.0,3,49.49747468305833,6600.0,96,1.05,51.97234841721125,True,1.2507072997808535,6783.066928156455,1.0277374133570387,388.6568839279158,463.69932191476704,20.884444444444444,420.0,False,False
I-95 NB,GP,110P04150,2025-10-07,660.0,3,49.49747468305833,6600.0,96,1.05,51.97234841721125,True,0.8029171921201329,4536.786690795618,0.6873919228478209,379.95061938604823,428.1256509132562,40.06777777777778,405.0,False,False
I-95 NB,GP,110P04150,2025-10-08,660.0,3,49.49747468305833,6600.0,96,1.05,51.97234841721125,True,2.2847148045861547,12953.161854755035,1.9626002810234902,310.7951560474029,447.8780443225722,20.52333333333333,345.0,False,False
I-95 NB,GP,110P04150,2025-10-09,660.0,3,49.49747468305833,6600.0,96,1.05,51.97234841721125,True,2.0091823533959468,12581.214554975359,1.906244629541721,321.0921262993128,441.6430675030696,34.633333333333326,345.0,False,False
I-95 NB,GP,110P04150,2025-10-10,660.0,3,49.49747468305833,6600.0,96,1.05,51.97234841721125,False,0.0,0.0,0.0,,,,,False,False
I-95 NB,GP,110P04150,2025-10-13,660.0,3,49.49747468305833,6600.0,96,1.05,51.97234841721125,False,0.0,0.0,0.0,,,,,False,False
I-95 NB,GP,110P04150,2025-10-14,660.0,3,49.49747468305833,6600.0,96,1.05,51.97234841721125,True,2.3292805761352753,12587.84282746234,1.9072489132518697,316.62023972582443,456.37707429394095,19.806666666666665,375.0,False,False
I-95 NB,GP,110P04150,2025-10-15,660.0,3,49.49747468305833,6600.0,96,1.05,51.97234841721125,True,1.1165942938381297,6074.6727490410785,0.920404961975921,360.40993350373117,427.40559113401895,34.408888888888896,390.0,False,False
I-95 NB,GP,110P04150,2025-10-16,660.0,3,49.49747468305833,6600.0,96,1.05,51.97234841721125,True,1.0244346332505245,5821.399142032957,0.8820301730352965,480.326080880522,541.7921588755535,27.627777777777776,510.0,False,False
I-95 NB,GP,110P04150,2025-10-17,660.0,3,49.49747468305833,6600.0,96,1.05,51.97234841721125,False,0.0,0.0,0.0,,,,,False,False
I-95 NB,GP,110P04150,2025-10-20,660.0,3,49.49747468305833,6600.0,96,1.05,51.97234841721125,False,0.0,0.0,0.0,,,,,False,False
I-95 NB,GP,110P04150,2025-10-21,660.0,3,49.49747468305833,6600.0,96,1.05,51.97234841721125,True,1.9851592097777513,9055.452537663072,1.3720382632822836,322.1541550686695,441.2637076553346,9.96111111111111,390.0,False,False
I-95 NB,GP,110P04150,2025-10-22,660.0,3,49.49747468305833,6600.0,96,1.05,51.97234841721125,True,2.411792548497297,15304.528018948338,2.3188678816588393,311.4230708762264,456.13062378606423,31.70888888888889,390.0,False,False
I-95 NB,GP,110P04150,2025-10-23,660.0,3,49.49747468305833,6600.0,96,1.05,51.97234841721125,True,1.02327556287478,6543.243295630371,0.991400499337935,351.4961507579812,412.892684530468,46.07555555555555,375.0,False,False
I-95 NB,GP,110P04150,2025-10-24,660.0,3,49.49747468305833,6600.0,96,1.05,51.97234841721125,True,1.8639402088720942,7852.8989090254545,1.1898331680341598,512.8901191363467,624.7265316686724,10.202222222222224,570.0,False,False
I-95 NB,GP,110P04150,2025-10-27,660.0,3,49.49747468305833,6600.0,96,1.05,51.97234841721125,False,0.0,0.0,0.0,,,,,False,False
I-95 NB,GP,110P04150,2025-10-28,660.0,3,49.49747468305833,6600.0,96,1.05,51.97234841721125,True,2.617576160205838,15195.818728714801,2.302396777078,373.8173125209338,530.8718821332841,14.658888888888889,450.0,False,False
I-95 NB,GP,110P04150,2025-10-29,660.0,3,49.49747468305833,6600.0,96,1.05,51.97234841721125,True,2.1464882953087634,12568.507238570177,1.9043192785712388,374.89602967644186,503.68532739496766,13.604444444444445,450.0,False,False
I-95 NB,GP,110P04150,2025-10-30,660.0,3,49.49747468305833,6600.0,96,1.05,51.97234841721125,True,2.1948918180913126,11277.164111489024,1.7086612290134886,456.44894188100255,588.1424509664813,13.933333333333337,510.0,False,False
I-95 NB,GP,110P04150,2025-10-31,660.0,3,49.49747468305833,6600.0,96,1.05,51.97234841721125,False,0.0,0.0,0.0,,,,,False,False
I-95 NB,GP,110+04151,2025-10-01,661.0,3,49.49747468305833,6600.0,96,1.05,51.97234841721125,True,2.7319321432685837,13993.512079056774,2.12022910288739,306.4946511150222,470.4105797111372,16.517777777777784,375.0,False,False
I-95 NB,GP,110+04151,2025-10-02,661.0,3,49.49747468305833,6600.0,96,1.05,51.97234841721125,True,3.8915445022154938,22739.882546526955,3.445436749473781,319.370292805172,552.8629629381016,22.89,405.0,False,False
I-95 NB,GP,110+04151,2025-10-03,661.0,3,49.49747468305833,6600.0,96,1.05,51.97234841721125,True,3.531638777480012,17507.711317057412,2.6526835328874867,322.39173416148714,534.2900608102879,13.418888888888889,375.0,False,False
I-95 NB,GP,110+04151,2025-10-06,661.0,3,49.49747468305833,6600.0,96,1.05,51.97234841721125,True,2.628572660432217,13947.679056414034,2.1132847055172777,319.4308169051913,477.1451765311243,16.75111111111111,435.0,False,False
I-95 NB,GP,110+04151,2025-10-07,661.0,3,49.49747468305833,6600.0,96,1.05,51.97234841721125,True,1.8773294839886272,11532.598777523128,1.747363451139868,310.59105608114294,423.23082512046057,26.517777777777777,390.0,False,False
I-95 NB,GP,110+04151,2025-10-08,661.0,3,49.49747468305833,6600.0,96,1.05,51.97234841721125,True,2.5820104678267644,13137.059920074906,1.9904636242537737,305.63110881230284,460.5517368819087,18.605555555555558,345.0,False,False
I-95 NB,GP,110+04151,2025-10-09,661.0,3,49.49747468305833,6600.0,96,1.05,51.97234841721125,True,2.535641115277312,13498.940971260228,2.04529408655458,309.69322575334314,461.83169266998186,21.47111111111111,345.0,False,False
I-95 NB,GP,110+04151,2025-10-10,661.0,3,49.49747468305833,6600.0,96,1.05,51.97234841721125,True,0.876006571168684,6361.126504599027,0.9638070461513677,549.7068897748992,602.2672840450202,40.71666666666667,585.0,False,False
I-95 NB,GP,110+04151,2025-10-13,661.0,3,49.49747468305833,6600.0,96,1.05,51.97234841721125,False,0.0,0.0,0.0,,,,,False,False
I-95 NB,GP,110+04151,2025-10-14,661.0,3,49.49747468305833,6600.0,96,1.05,51.97234841721125,True,2.7757039701557193,14036.780002496556,2.1267848488631147,305.43622633690904,471.9784645462522,16.883333333333336,375.0,False,False
I-95 NB,GP,110+04151,2025-10-15,661.0,3,49.49747468305833,6600.0,96,1.05,51.97234841721125,True,2.2376420992347033,12544.773753147234,1.900723295931399,317.32933566179497,451.58786161587716,21.265555555555554,390.0,False,False
I-95 NB,GP,110+04151,2025-10-16,661.0,3,49.49747468305833,6600.0,96,1.05,51.97234841721125,True,4.097830554680469,22932.651933637764,3.474644232369358,303.14849151568063,549.0183247965088,22.939999999999998,510.0,False,False
I-95 NB,GP,110+04151,2025-10-17,661.0,3,49.49747468305833,6600.0,96,1.05,51.97234841721125,True,1.1923921285227521,7946.279633971516,1.203981762722957,477.3987403975464,548.9422681089115,40.776666666666664,510.0,False,False
I-95 NB,GP,110+04151,2025-10-20,661.0,3,49.49747468305833,6600.0,96,1.05,51.97234841721125,True,0.8636578616994351,4434.522424452169,0.6718973370382074,485.56864732362044,537.3881190255865,32.80111111111111,510.0,False,False
I-95 NB,GP,110+04151,2025-10-21,661.0,3,49.49747468305833,6600.0,96,1.05,51.97234841721125,True,2.2042993754158338,10480.184160185072,1.5879066909371322,310.9874959034256,443.2454584283756,11.64,375.0,False,False
I-95 NB,GP,110+04151,2025-10-22,661.0,3,49.49747468305833,6600.0,96,1.05,51.97234841721125,True,2.8965703801665303,15684.651204428088,2.3764623037012256,307.23315353688616,481.027376346878,19.456666666666667,420.0,False,False
I-95 NB,GP,110+04151,2025-10-23,661.0,3,49.49747468305833,6600.0,96,1.05,51.97234841721125,True,2.614492689623186,14171.539328404559,2.1472029285461454,318.0287234582667,474.8982848356579,22.487777777777776,375.0,False,False
I-95 NB,GP,110+04151,2025-10-24,661.0,3,49.49747468305833,6600.0,96,1.05,51.97234841721125,True,2.1764723639465577,10464.490442619517,1.5855288549423512,502.3567611455003,632.9451029822937,10.392222222222221,555.0,False,False
I-95 NB,GP,110+04151,2025-10-27,661.0,3,49.49747468305833,6600.0,96,1.05,51.97234841721125,True,2.5602047078664527,17138.833460057896,2.5967929484936207,313.3182669680161,466.93054944000323,35.148888888888884,345.0,False,False
I-95 NB,GP,110+04151,2025-10-28,661.0,3,49.49747468305833,6600.0,96,1.05,51.97234841721125,True,4.033088889630122,21586.482277162697,3.270679132903439,311.50700251413815,553.4923358919455,14.544444444444444,450.0,False,False
I-95 NB,GP,110+04151,2025-10-29,661.0,3,49.49747468305833,6600.0,96,1.05,51.97234841721125,True,3.2201120964634837,17191.26727029382,2.6047374651960338,325.58792811687607,518.7946539046851,13.163333333333332,435.0,False,False
I-95 NB,GP,110+04151,2025-10-30,661.0,3,49.49747468305833,6600.0,96,1.05,51.97234841721125,True,2.399939065949772,11379.442285131347,1.724157921989598,451.41178399802226,595.4081279550086,16.173333333333336,510.0,False,False
I-95 NB,GP,110+04151,2025-10-31,661.0,3,49.49747468305833,6600.0,96,1.05,51.97234841721125,False,0.0,0.0,0.0,,,,,False,False
I-95 NB,GP,110P04151,2025-10-01,662.0,3,49.49747468305833,6600.0,96,1.05,51.97234841721125,True,5.05860027066586,27797.161491105522,4.211691135015988,300.5215162549491,604.0375324949007,19.68,405.0,False,False
I-95 NB,GP,110P04151,2025-10-02,662.0,3,49.49747468305833,6600.0,96,1.05,51.97234841721125,True,5.014286626426102,27663.929407689215,4.191504455710487,306.4862211877811,607.3434187733473,21.63888888888889,390.0,False,False
I-95 NB,GP,110P04151,2025-10-03,662.0,3,49.49747468305833,6600.0,96,1.05,51.97234841721125,True,4.783882464971225,26280.306882005465,3.981864679091737,320.9300355564218,607.9629834546953,20.334444444444443,360.0,False,False
I-95 NB,GP,110P04151,2025-10-06,662.0,3,49.49747468305833,6600.0,96,1.05,51.97234841721125,True,4.7723593244821,26420.670739590936,4.003131930241051,308.6114848898666,594.9530443587926,18.10777777777778,405.0,False,False
I-95 NB,GP,110P04151,2025-10-07,662.0,3,49.49747468305833,6600.0,96,1.05,51.97234841721125,True,1.9910195598169538,10921.682817906287,1.654800426955498,306.9510888455015,426.4122624345187,20.189999999999998,390.0,False,False
I-95 NB,GP,110P04151,2025-10-08,662.0,3,49.49747468305833,6600.0,96,1.05,51.97234841721125,True,3.058421126588408,15938.0885618171,2.414861903305621,301.86400128172653,485.369268877031,20.48,375.0,False,False
I-95 NB,GP,110P04151,2025-10-09,662.0,3,49.49747468305833,6600.0,96,1.05,51.97234841721125,True,5.022155012051869,27900.40258621499,4.2273337251840895,305.30742472242184,606.636725445534,20.258888888888887,435.0,False,False
I-95 NB,GP,110P04151,2025-10-10,662.0,3,49.49747468305833,6600.0,96,1.05,51.97234841721125,True,0.5697392160029011,4936.8440194040995,0.7480066696066817,416.39078735031154,450.5751403104856,46.98111111111112,435.0,False,False
I-95 NB,GP,110P04151,2025-10-13,662.0,3,49.49747468305833,6600.0,96,1.05,51.97234841721125,False,0.0,0.0,0.0,,,,,False,False
I-95 NB,GP,110P04151,2025-10-14,662.0,3,49.49747468305833,6600.0,96,1.05,51.97234841721125,True,3.9716701303191373,21920.535632736442,3.3212932776873396,306.22067208502904,544.5208799041773,18.506666666666668,405.0,False,False
I-95 NB,GP,110P04151,2025-10-15,662.0,3,49.49747468305833,6600.0,96,1.05,51.97234841721125,True,2.5682750989099445,13341.037056074878,2.021369250920436,307.9679855546245,462.06449148922115,20.19333333333333,420.0,False,False
I-95 NB,GP,110P04151,2025-10-16,662.0,3,49.49747468305833,6600.0,96,1.05,51.97234841721125,True,4.790619062805754,27074.78969403805,4.102240862733038,299.3772681994982,586.8144119678434,20.307777777777776,405.0,False,False
I-95 NB,GP,110P04151,2025-10-17,662.0,3,49.49747468305833,6600.0,96,1.05,51.97234841721125,True,4.769493903317348,26964.955042278885,4.0855992488301345,313.4062117268646,599.5758459259055,23.112222222222226,405.0,False,False
I-95 NB,GP,110P04151,2025-10-20,662.0,3,49.49747468305833,6600.0,96,1.05,51.97234841721125,True,3.893814277399805,23314.457552141856,3.5324935685063417,312.5047161159368,546.1335727599251,20.2,510.0,False,False
I-95 NB,GP,110P04151,2025-10-21,662.0,3,49.49747468305833,6600.0,96,1.05,51.97234841721125,True,2.441686625683199,12301.708098053277,1.8638951663717087,307.6722500935464,454.1734476345383,13.514444444444445,405.0,False,False
I-95 NB,GP,110P04151,2025-10-22,662.0,3,49.49747468305833,6600.0,96,1.05,51.97234841721125,True,4.752725865869625,25692.77882697162,3.8928452768138815,307.21479148530966,592.3783434374872,19.655555555555555,420.0,False,False
I-95 NB,GP,110P04151,2025-10-23,662.0,3,49.49747468305833,6600.0,96,1.05,51.97234841721125,True,4.868167710348953,28231.131911033033,4.277444228944399,308.70420459876016,600.7942672196973,21.403333333333332,390.0,False,False
I-95 NB,GP,110P04151,2025-10-24,662.0,3,49.49747468305833,6600.0,96,1.05,51.97234841721125,True,2.8502547528331594,13214.581712694471,2.002209350408253,485.295971319937,656.3112564899266,11.126666666666665,555.0,False,False
I-95 NB,GP,110P04151,2025-10-27,662.0,3,49.49747468305833,6600.0,96,1.05,51.97234841721125,True,4.03989993064363,22783.395492056035,3.4520296200084903,306.20814596511434,548.6021418037321,20.645555555555557,405.0,False,False
I-95 NB,GP,110P04151,2025-10-28,662.0,3,49.49747468305833,6600.0,96,1.05,51.97234841721125,True,4.274889429512313,22439.989678912752,3.399998436198902,306.0548608838772,562.548226654616,15.394444444444446,450.0,False,False
I-95 NB,GP,110P04151,2025-10-29,662.0,3,49.49747468305833,6600.0,96,1.05,51.97234841721125,True,3.5510795235479264,17712.923078453252,2.6837762240080685,317.2629893456919,530.3277607585675,12.403333333333334,435.0,False,False
I-95 NB,GP,110P04151,2025-10-30,662.0,3,49.49747468305833,6600.0,96,1.05,51.97234841721125,True,2.5950155273588495,13009.95383185186,1.9712051260381607,442.2878649991007,597.9887966406317,18.441111111111113,540.0,False,False
I-95 NB,GP,110P04151,2025-10-31,662.0,3,49.49747468305833,6600.0,96,1.05,51.97234841721125,True,1.091306549563195,6302.596439902586,0.9549388545306948,455.2948228534755,520.7732158272672,39.85444444444445,495.0,False,False
I-95 NB,GP,110+04152,2025-10-01,663.0,3,49.49747468305833,6600.0,96,1.05,51.97234841721125,True,4.898883756510186,29576.11463393914,4.481229489990779,303.48816786953347,597.4211932601446,32.21888888888889,405.0,False,False
I-95 NB,GP,110+04152,2025-10-02,663.0,3,49.49747468305833,6600.0,96,1.05,51.97234841721125,True,4.872690929930358,31522.634833697517,4.776156792984472,310.6673124076625,603.028768203484,33.23888888888889,390.0,False,False
I-95 NB,GP,110+04152,2025-10-03,663.0,3,49.49747468305833,6600.0,96,1.05,51.97234841721125,True,2.340578048363069,16069.142007208808,2.4347184859407283,460.6833980790455,601.1180809808296,35.22,495.0,False,False
I-95 NB,GP,110+04152,2025-10-06,663.0,3,49.49747468305833,6600.0,96,1.05,51.97234841721125,True,4.597423128070536,29865.911514790696,4.52513810830162,314.27401083997125,590.1193985242035,30.14333333333333,405.0,False,False
I-95 NB,GP,110+04152,2025-10-07,663.0,3,49.49747468305833,6600.0,96,1.05,51.97234841721125,True,1.8913317119223232,12652.645960106947,1.9170675697131738,309.92393992791443,423.4038426432538,34.07888888888889,390.0,False,False
I-95 NB,GP,110+04152,2025-10-08,663.0,3,49.49747468305833,6600.0,96,1.05,51.97234841721125,True,3.1524938899088513,18701.994709315182,2.833635562017452,304.97981042204225,494.1294438165733,33.682222222222215,375.0,False,False
I-95 NB,GP,110+04152,2025-10-09,663.0,3,49.49747468305833,6600.0,96,1.05,51.97234841721125,True,4.802282738480197,29882.183044902133,4.527603491651838,310.0674759548185,598.2044402636303,33.76222222222223,405.0,False,False
I-95 NB,GP,110+04152,2025-10-10,663.0,3,49.49747468305833,6600.0,96,1.05,51.97234841721125,True,2.220707520569,14519.565347690796,2.1999341435895143,500.3508456602803,633.5932968944203,38.52111111111111,540.0,False,False
I-95 NB,GP,110+04152,2025-10-13,663.0,3,49.49747468305833,6600.0,96,1.05,51.97234841721125,False,0.0,0.0,0.0,,,,,False,False
I-95 NB,GP,110+04152,2025-10-14,663.0,3,49.49747468305833,6600.0,96,1.05,51.97234841721125,True,3.916452032959746,25730.28876275328,3.8985286004171638,311.9022220589939,546.8893440365787,36.59111111111111,375.0,False,False
I-95 NB,GP,110+04152,2025-10-15,663.0,3,49.49747468305833,6600.0,96,1.05,51.97234841721125,True,4.723669331681618,30113.244461828424,4.562612797246731,311.95338640316885,595.3735463040659,34.809999999999995,420.0,False,False
I-95 NB,GP,110+04152,2025-10-16,663.0,3,49.49747468305833,6600.0,96,1.05,51.97234841721125,True,4.775809263723177,29457.29414235498,4.463226385205299,295.2592029919306,581.8077588153212,31.362222222222226,420.0,False,False
I-95 NB,GP,110+04152,2025-10-17,663.0,3,49.49747468305833,6600.0,96,1.05,51.97234841721125,True,4.83482381041607,30095.030722453877,4.559853139765739,316.03480306894704,606.1242316939113,35.675555555555555,405.0,False,False
I-95 NB,GP,110+04152,2025-10-20,663.0,3,49.49747468305833,6600.0,96,1.05,51.97234841721125,True,3.770590509651343,22072.36793642587,3.344298172185738,315.82612206701197,542.0615526460925,25.373333333333335,420.0,False,False
I-95 NB,GP,110+04152,2025-10-21,663.0,3,49.49747468305833,6600.0,96,1.05,51.97234841721125,True,4.261526054089775,26476.819641314898,4.011639339593167,309.25494296368106,564.9465062090676,33.91777777777778,420.0,False,False
I-95 NB,GP,110+04152,2025-10-22,663.0,3,49.49747468305833,6600.0,96,1.05,51.97234841721125,True,4.503701921977165,28265.927477391997,4.282716284453333,313.4885720648864,583.7106873835163,31.842222222222222,405.0,False,False
I-95 NB,GP,110+04152,2025-10-23,663.0,3,49.49747468305833,6600.0,96,1.05,51.97234841721125,True,4.647329771810772,28415.95192721938,4.305447261699906,315.0962406153463,593.9360269239926,34.87111111111111,390.0,False,False
I-95 NB,GP,110+04152,2025-10-24,663.0,3,49.49747468305833,6600.0,96,1.05,51.97234841721125,True,5.552225646332013,33863.702900847056,5.130864075885918,318.71831931402585,651.8518580939466,25.7,555.0,False,False
I-95 NB,GP,110+04152,2025-10-27,663.0,3,49.49747468305833,6600.0,96,1.05,51.97234841721125,True,3.9698882993492086,25178.07280437497,3.814859515814389,310.61967229297017,548.8129702539227,31.802222222222223,390.0,False,False
I-95 NB,GP,110+04152,2025-10-28,663.0,3,49.49747468305833,6600.0,96,1.05,51.97234841721125,True,4.169962000919653,26357.11362925363,3.9935020650384287,311.11095768644236,561.3086777416215,32.02888888888889,405.0,False,False
I-95 NB,GP,110+04152,2025-10-29,663.0,3,49.49747468305833,6600.0,96,1.05,51.97234841721125,True,3.527926931587198,20252.33892313783,3.068536200475429,320.7913532832288,532.4669691784607,13.476666666666665,420.0,False,False
I-95 NB,GP,110+04152,2025-10-30,663.0,3,49.49747468305833,6600.0,96,1.05,51.97234841721125,True,2.587612338436067,15583.168806662357,2.3610861828276297,437.8437697152568,593.1005100214209,33.40111111111111,495.0,False,False
I-95 NB,GP,110+04152,2025-10-31,663.0,3,49.49747468305833,6600.0,96,1.05,51.97234841721125,True,2.7385478292013414,17611.415960307615,2.668396357622366,355.0604130072568,519.3732827593373,34.838888888888896,390.0,False,False
I-95 NB,GP,110P04153,2025-10-01,666.0,4,49.49747468305833,8800.0,96,1.05,51.97234841721125,True,2.496175616995736,17933.735389749625,2.037924476107912,356.92838806051327,506.6989250802574,18.497777777777785,450.0,False,False
I-95 NB,GP,110P04153,2025-10-02,666.0,4,49.49747468305833,8800.0,96,1.05,51.97234841721125,False,0.0,0.0,0.0,,,,,False,False
I-95 NB,GP,110P04153,2025-10-03,666.0,4,49.49747468305833,8800.0,96,1.05,51.97234841721125,False,0.0,0.0,0.0,,,,,False,False
I-95 NB,GP,110P04153,2025-10-06,666.0,4,49.49747468305833,8800.0,96,1.05,51.97234841721125,True,0.7468048115828073,6094.260491747804,0.6925296013349778,441.6409841232321,486.44927281820054,40.906666666666666,465.0,False,False
I-95 NB,GP,110P04153,2025-10-07,666.0,4,49.49747468305833,8800.0,96,1.05,51.97234841721125,True,0.9982848312821971,8042.439024870281,0.9139135255534411,377.42625149470354,437.32334137163537,35.14,405.0,False,False
I-95 NB,GP,110P04153,2025-10-08,666.0,4,49.49747468305833,8800.0,96,1.05,51.97234841721125,True,1.850105693211256,11722.886566717796,1.332146200763386,409.51574654000063,520.522088132676,14.191111111111107,465.0,False,False
I-95 NB,GP,110P04153,2025-10-09,666.0,4,49.49747468305833,8800.0,96,1.05,51.97234841721125,True,1.6492451116442965,11101.54267342535,1.2615389401619717,392.4997476100219,491.4544543086797,19.591111111111115,450.0,False,False
I-95 NB,GP,110P04153,2025-10-10,666.0,4,49.49747468305833,8800.0,96,1.05,51.97234841721125,True,0.8568037738879393,7530.904931365438,0.855784651291527,434.0306101547438,485.43883658802014,34.23888888888889,450.0,False,False
I-95 NB,GP,110P04153,2025-10-13,666.0,4,49.49747468305833,8800.0,96,1.05,51.97234841721125,False,0.0,0.0,0.0,,,,,False,False
I-95 NB,GP,110P04153,2025-10-14,666.0,4,49.49747468305833,8800.0,96,1.05,51.97234841721125,True,2.724782500696774,19914.47703272365,2.2630087537185966,366.07604907009755,529.562999111904,14.778888888888888,465.0,False,False
I-95 NB,GP,110P04153,2025-10-15,666.0,4,49.49747468305833,8800.0,96,1.05,51.97234841721125,True,0.611824563285478,4225.347611721692,0.4801531376956469,436.17619900647986,472.88567280360854,45.54888888888889,450.0,False,False
I-95 NB,GP,110P04153,2025-10-16,666.0,4,49.49747468305833,8800.0,96,1.05,51.97234841721125,False,0.0,0.0,0.0,,,,,False,False
I-95 NB,GP,110P04153,2025-10-17,666.0,4,49.49747468305833,8800.0,96,1.05,51.97234841721125,False,0.0,0.0,0.0,,,,,False,False
I-95 NB,GP,110P04153,2025-10-20,666.0,4,49.49747468305833,8800.0,96,1.05,51.97234841721125,True,1.4936812179800198,10102.96592974589,1.1480643101983965,378.4387697575002,468.0596428363014,15.186666666666667,420.0,False,False
I-95 NB,GP,110P04153,2025-10-21,666.0,4,49.49747468305833,8800.0,96,1.05,51.97234841721125,True,2.234240382651683,13071.678194913722,1.485417976694741,423.1212507745165,557.1756737336175,9.735555555555555,510.0,False,False
I-95 NB,GP,110P04153,2025-10-22,666.0,4,49.49747468305833,8800.0,96,1.05,51.97234841721125,True,1.3962209884599814,10251.51176674412,1.1649445189481955,409.40737047353366,493.18062978113255,36.67444444444445,450.0,False,False
I-95 NB,GP,110P04153,2025-10-23,666.0,4,49.49747468305833,8800.0,96,1.05,51.97234841721125,True,0.9933589478615801,8635.243859988406,0.9812777113623189,426.36706846282874,485.96860533452355,42.38,465.0,False,False
I-95 NB,GP,110P04153,2025-10-24,666.0,4,49.49747468305833,8800.0,96,1.05,51.97234841721125,False,0.0,0.0,0.0,,,,,False,False
I-95 NB,GP,110P04153,2025-10-27,666.0,4,49.49747468305833,8800.0,96,1.05,51.97234841721125,False,0.0,0.0,0.0,,,,,False,False
I-95 NB,GP,110P04153,2025-10-28,666.0,4,49.49747468305833,8800.0,96,1.05,51.97234841721125,False,0.0,0.0,0.0,,,,,False,False
I-95 NB,GP,110P04153,2025-10-29,666.0,4,49.49747468305833,8800.0,96,1.05,51.97234841721125,True,2.5452098553731997,15848.272231776791,1.8009400263382718,369.0209533298812,521.7335446522732,9.893333333333329,420.0,False,False
I-95 NB,GP,110P04153,2025-10-30,666.0,4,49.49747468305833,8800.0,96,1.05,51.97234841721125,False,0.0,0.0,0.0,,,,,False,False
I-95 NB,GP,110P04153,2025-10-31,666.0,4,49.49747468305833,8800.0,96,1.05,51.97234841721125,False,0.0,0.0,0.0,,,,,False,False
I-95 NB,GP,110+04154,2025-10-01,667.0,4,49.49747468305833,8800.0,96,1.05,51.97234841721125,True,3.020578410359037,21122.501506528057,2.400284262105461,340.6016974753607,521.8364020969029,18.39888888888889,450.0,False,False
I-95 NB,GP,110+04154,2025-10-02,667.0,4,49.49747468305833,8800.0,96,1.05,51.97234841721125,True,1.0119429682400143,8285.24204077996,0.9415047773613591,416.8874840705555,477.60406216495636,36.39222222222222,450.0,False,False
I-95 NB,GP,110+04154,2025-10-03,667.0,4,49.49747468305833,8800.0,96,1.05,51.97234841721125,True,0.8167530040147407,6459.285030127552,0.7340096625144945,406.13314632419264,455.1383265650771,42.28888888888889,435.0,False,False
I-95 NB,GP,110+04154,2025-10-06,667.0,4,49.49747468305833,8800.0,96,1.05,51.97234841721125,True,1.7073247983180608,14150.848560482198,1.608050972782068,396.26312981253335,498.702617711617,25.709999999999997,465.0,False,False
I-95 NB,GP,110+04154,2025-10-07,667.0,4,49.49747468305833,8800.0,96,1.05,51.97234841721125,True,1.816278666465044,13408.497047530933,1.5236928463103332,350.9543424980376,459.93106248594023,23.365555555555556,420.0,False,False
I-95 NB,GP,110+04154,2025-10-08,667.0,4,49.49747468305833,8800.0,96,1.05,51.97234841721125,True,2.8698795743796257,19150.355743938064,2.176176789083871,365.70158899225436,537.8943634550319,16.39,465.0,False,False
I-95 NB,GP,110+04154,2025-10-09,667.0,4,49.49747468305833,8800.0,96,1.05,51.97234841721125,True,2.513294463918648,18151.835807479398,2.0627086144862954,354.57079462086716,505.36846245598605,18.43444444444444,465.0,False,False
I-95 NB,GP,110+04154,2025-10-10,667.0,4,49.49747468305833,8800.0,96,1.05,51.97234841721125,True,2.058467407393047,13062.171542678616,1.4843376753043882,390.11483076911526,513.6228752126981,10.564444444444444,435.0,False,False
I-95 NB,GP,110+04154,2025-10-13,667.0,4,49.49747468305833,8800.0,96,1.05,51.97234841721125,False,0.0,0.0,0.0,,,,,False,False
I-95 NB,GP,110+04154,2025-10-14,667.0,4,49.49747468305833,8800.0,96,1.05,51.97234841721125,True,3.8241984097184902,26117.31669545417,2.9678768972107012,335.9844465890524,565.4363511721618,15.341111111111111,465.0,False,False
I-95 NB,GP,110+04154,2025-10-15,667.0,4,49.49747468305833,8800.0,96,1.05,51.97234841721125,True,2.328048192126214,17336.452931548432,1.97005146949414,362.5287184090304,502.2116099366032,22.235555555555553,450.0,False,False
I-95 NB,GP,110+04154,2025-10-16,667.0,4,49.49747468305833,8800.0,96,1.05,51.97234841721125,True,2.3878541322956113,17581.669796110615,1.997917022285297,349.96047359023856,493.23172152797525,23.03,450.0,False,False
I-95 NB,GP,110+04154,2025-10-17,667.0,4,49.49747468305833,8800.0,96,1.05,51.97234841721125,False,0.0,0.0,0.0,,,,,False,False
I-95 NB,GP,110+04154,2025-10-20,667.0,4,49.49747468305833,8800.0,96,1.05,51.97234841721125,True,2.001834855966369,12501.902052722195,1.4206706878093402,362.01426468074254,482.12435603872467,12.964444444444444,405.0,False,False
I-95 NB,GP,110+04154,2025-10-21,667.0,4,49.49747468305833,8800.0,96,1.05,51.97234841721125,True,3.001285817813625,20088.28535745151,2.282759699710399,405.27587161195225,585.3530206807698,12.64,480.0,False,False
I-95 NB,GP,110+04154,2025-10-22,667.0,4,49.49747468305833,8800.0,96,1.05,51.97234841721125,True,2.2418600398281416,16667.70081009077,1.8940569102375875,381.8324405121898,516.3440429018783,20.17222222222222,450.0,False,False
I-95 NB,GP,110+04154,2025-10-23,667.0,4,49.49747468305833,8800.0,96,1.05,51.97234841721125,True,2.129333320203235,16686.558578691503,1.8961998384876708,383.37801169520486,511.13801090739895,19.641111111111112,450.0,False,False
I-95 NB,GP,110+04154,2025-10-24,667.0,4,49.49747468305833,8800.0,96,1.05,51.97234841721125,True,1.0873471700131365,10374.192440756819,1.1788855046314566,404.19881744125655,469.43964764204475,34.01444444444444,435.0,False,False
I-95 NB,GP,110+04154,2025-10-27,667.0,4,49.49747468305833,8800.0,96,1.05,51.97234841721125,True,1.8943230972542418,16740.05314662663,1.902278766662117,369.32327016011044,482.98265599536495,34.81,450.0,False,False
I-95 NB,GP,110+04154,2025-10-28,667.0,4,49.49747468305833,8800.0,96,1.05,51.97234841721125,True,2.134309775954634,16001.896720841336,1.818397354641061,375.6005970550231,503.65918361230115,25.85666666666667,435.0,False,False
I-95 NB,GP,110+04154,2025-10-29,667.0,4,49.49747468305833,8800.0,96,1.05,51.97234841721125,True,1.7621186382855456,13040.887194279925,1.4819189993499915,436.585241072852,542.3123593699847,20.04222222222222,480.0,False,False
I-95 NB,GP,110+04154,2025-10-30,667.0,4,49.49747468305833,8800.0,96,1.05,51.97234841721125,True,0.8128797159997722,6528.190278640924,0.741839804391014,354.35571386522577,403.1284968252121,44.81999999999999,375.0,False,False
I-95 NB,GP,110+04154,2025-10-31,667.0,4,49.49747468305833,8800.0,96,1.05,51.97234841721125,False,0.0,0.0,0.0,,,,,False,False
I-95 NB,GP,110P04154,2025-10-01,668.0,4,49.49747468305833,8800.0,96,1.05,51.97234841721125,True,3.20356266537886,22006.004903871646,2.50068237543996,346.2206266364201,538.4343865591517,18.197777777777777,450.0,False,False
I-95 NB,GP,110P04154,2025-10-02,668.0,4,49.49747468305833,8800.0,96,1.05,51.97234841721125,True,1.5905889496538417,14295.811576943368,1.6245240428344736,389.6984856666139,485.1338226458444,29.594444444444445,450.0,False,False
I-95 NB,GP,110P04154,2025-10-03,668.0,4,49.49747468305833,8800.0,96,1.05,51.97234841721125,True,1.3513771629051226,11957.666143383556,1.3588256981117677,387.21976806699536,468.3023978413027,27.686666666666667,435.0,False,False
I-95 NB,GP,110P04154,2025-10-06,668.0,4,49.49747468305833,8800.0,96,1.05,51.97234841721125,True,2.0568469391032664,16278.017974364115,1.849774769814104,384.22024386598264,507.6310602121786,29.32111111111111,465.0,False,False
I-95 NB,GP,110P04154,2025-10-07,668.0,4,49.49747468305833,8800.0,96,1.05,51.97234841721125,True,1.8215071900282425,15590.697854899685,1.7716702107840552,357.2333520357099,466.52378343740446,26.142222222222227,420.0,False,False
I-95 NB,GP,110P04154,2025-10-08,668.0,4,49.49747468305833,8800.0,96,1.05,51.97234841721125,True,3.138122645479872,23272.835536224782,2.6446404018437253,354.7607872319957,543.048145960788,16.595555555555556,450.0,False,False
I-95 NB,GP,110P04154,2025-10-09,668.0,4,49.49747468305833,8800.0,96,1.05,51.97234841721125,True,2.712202118183157,20387.54103240526,2.3167660264096885,351.06504780123356,513.797174892223,18.75,465.0,False,False
I-95 NB,GP,110P04154,2025-10-10,668.0,4,49.49747468305833,8800.0,96,1.05,51.97234841721125,True,2.6817350602963823,15182.105297706217,1.7252392383757065,362.19521647227015,523.0993200900531,7.37,435.0,False,False
I-95 NB,GP,110P04154,2025-10-13,668.0,4,49.49747468305833,8800.0,96,1.05,51.97234841721125,False,0.0,0.0,0.0,,,,,False,False
I-95 NB,GP,110P04154,2025-10-14,668.0,4,49.49747468305833,8800.0,96,1.05,51.97234841721125,True,4.023061340470248,28390.83762646482,3.2262315484619117,337.8859997746304,579.2696802028453,15.348888888888888,450.0,False,False
I-95 NB,GP,110P04154,2025-10-15,668.0,4,49.49747468305833,8800.0,96,1.05,51.97234841721125,True,2.486896844757434,17141.896774477387,1.9479428152815212,360.738272600325,509.95208328577104,23.265555555555554,465.0,False,False
I-95 NB,GP,110P04154,2025-10-16,668.0,4,49.49747468305833,8800.0,96,1.05,51.97234841721125,True,2.4008843576207073,19415.893475418896,2.2063515312976016,358.20262997896504,502.2556914362075,22.947777777777777,450.0,False,False
I-95 NB,GP,110P04154,2025-10-17,668.0,4,49.49747468305833,8800.0,96,1.05,51.97234841721125,True,0.8166365125978596,6355.906402298502,0.7222620911702843,436.1743839850214,485.17257474089297,40.70333333333333,465.0,False,False
I-95 NB,GP,110P04154,2025-10-20,668.0,4,49.49747468305833,8800.0,96,1.05,51.97234841721125,True,2.1995699054216478,14522.863208298193,1.65032536457934,356.84976251798724,488.8239568432861,14.06444444444445,405.0,False,False
I-95 NB,GP,110P04154,2025-10-21,668.0,4,49.49747468305833,8800.0,96,1.05,51.97234841721125,True,1.0081324637539675,8136.4665415489,0.9245984706305568,539.3608311955317,599.8487790207697,33.48444444444445,570.0,False,False
I-95 NB,GP,110P04154,2025-10-22,668.0,4,49.49747468305833,8800.0,96,1.05,51.97234841721125,True,2.761890172983564,20750.19183787918,2.3579763452135434,363.76901458500635,529.4824249640202,20.581111111111113,450.0,False,False
I-95 NB,GP,110P04154,2025-10-23,668.0,4,49.49747468305833,8800.0,96,1.05,51.97234841721125,True,2.377943939212963,18576.9640577824,2.111018642929818,371.4863129417623,514.1629492945401,19.521111111111107,450.0,False,False
I-95 NB,GP,110P04154,2025-10-24,668.0,4,49.49747468305833,8800.0,96,1.05,51.97234841721125,True,1.5542397129109835,12786.728993285114,1.4530373856005812,380.49638178195045,473.75076455660945,41.73222222222223,405.0,False,False
I-95 NB,GP,110P04154,2025-10-27,668.0,4,49.49747468305833,8800.0,96,1.05,51.97234841721125,True,2.0545006225657905,15396.99769697177,1.7496588292013375,362.87954413575306,486.1495814897005,23.77,450.0,False,False
I-95 NB,GP,110P04154,2025-10-28,668.0,4,49.49747468305833,8800.0,96,1.05,51.97234841721125,True,2.504093017341964,19077.741698376383,2.1679251929973162,365.08623595706905,515.3318169975869,24.165555555555553,450.0,False,False
I-95 NB,GP,110P04154,2025-10-29,668.0,4,49.49747468305833,8800.0,96,1.05,51.97234841721125,True,1.860410918820791,13051.145193418908,1.4830846810703304,438.5497234255088,550.1743785547562,21.51888888888888,480.0,False,False
I-95 NB,GP,110P04154,2025-10-30,668.0,4,49.49747468305833,8800.0,96,1.05,51.97234841721125,True,0.9460497268290908,8528.462382982969,0.969143452611701,363.86222063800153,420.625204247747,42.61666666666667,390.0,False,False
I-95 NB,GP,110P04154,2025-10-31,668.0,4,49.49747468305833,8800.0,96,1.05,51.97234841721125,False,0.0,0.0,0.0,,,,,False,False
I-95 NB,GP,110+04155,2025-10-01,669.0,4,49.49747468305833,8800.0,96,1.05,51.97234841721125,True,4.8942155670390735,35326.997437921236,4.014431527036504,333.64851906642207,627.3014530887665,20.982222222222223,420.0,False,False
I-95 NB,GP,110+04155,2025-10-02,669.0,4,49.49747468305833,8800.0,96,1.05,51.97234841721125,True,2.4086635204393447,20554.807391395785,2.3357735672040665,359.8151563886612,504.33496761502187,30.19333333333334,450.0,False,False
I-95 NB,GP,110+04155,2025-10-03,669.0,4,49.49747468305833,8800.0,96,1.05,51.97234841721125,True,2.1722511781919756,15793.919446286229,1.794763573441617,376.4517644847513,506.78683517626985,27.883333333333336,420.0,False,False
I-95 NB,GP,110+04155,2025-10-06,669.0,4,49.49747468305833,8800.0,96,1.05,51.97234841721125,True,2.538848680203252,20154.089797292785,2.290237476965089,365.7707119257926,518.1016327379878,28.937777777777786,465.0,False,False
I-95 NB,GP,110+04155,2025-10-07,669.0,4,49.49747468305833,8800.0,96,1.05,51.97234841721125,True,2.2992704114024662,17877.89909790446,2.0315794429436886,341.5233170389384,479.47954172308636,27.37111111111111,435.0,False,False
I-95 NB,GP,110+04155,2025-10-08,669.0,4,49.49747468305833,8800.0,96,1.05,51.97234841721125,True,3.439782252159292,26301.886851246116,2.988850778550695,350.7685537249506,557.1554888545081,21.75111111111111,450.0,False,False
I-95 NB,GP,110+04155,2025-10-09,669.0,4,49.49747468305833,8800.0,96,1.05,51.97234841721125,True,3.1970524331635963,22939.07068334775,2.6067125776531532,347.5467579217134,539.3699039115291,23.69111111111111,465.0,False,False
I-95 NB,GP,110+04155,2025-10-10,669.0,4,49.49747468305833,8800.0,96,1.05,51.97234841721125,True,3.0390023029217605,18380.339985981293,2.0886749984069652,346.67141406253285,529.0115522378385,7.628888888888889,435.0,False,False
I-95 NB,GP,110+04155,2025-10-13,669.0,4,49.49747468305833,8800.0,96,1.05,51.97234841721125,False,0.0,0.0,0.0,,,,,False,False
I-95 NB,GP,110+04155,2025-10-14,669.0,4,49.49747468305833,8800.0,96,1.05,51.97234841721125,True,4.47091030276128,32785.507475524864,3.725625849491462,329.89247542883743,598.1470935945142,18.60777777777778,450.0,False,False
I-95 NB,GP,110+04155,2025-10-15,669.0,4,49.49747468305833,8800.0,96,1.05,51.97234841721125,True,3.048667902562704,23574.35378684374,2.6789038394140614,341.96009836596954,524.8801725197318,25.442222222222224,450.0,False,False
I-95 NB,GP,110+04155,2025-10-16,669.0,4,49.49747468305833,8800.0,96,1.05,51.97234841721125,True,2.884684654777708,21639.047125386227,2.4589826278847986,345.54897107629296,518.6300503629554,25.90111111111111,450.0,False,False
I-95 NB,GP,110+04155,2025-10-17,669.0,4,49.49747468305833,8800.0,96,1.05,51.97234841721125,True,2.2576534302149676,18660.37022465329,2.120496616437874,377.8839788913335,513.3431847042316,30.298888888888886,450.0,False,False
I-95 NB,GP,110+04155,2025-10-20,669.0,4,49.49747468305833,8800.0,96,1.05,51.97234841721125,True,2.3944921196204736,16050.73626022107,1.823947302297849,350.90503254249984,494.57455971972826,18.7188888888889,390.0,False,False
I-95 NB,GP,110+04155,2025-10-21,669.0,4,49.49747468305833,8800.0,96,1.05,51.97234841721125,True,1.4534362007742279,12347.698685383608,1.4031475778845008,366.36111889622515,453.5672909426788,31.885555555555555,405.0,False,False
I-95 NB,GP,110+04155,2025-10-22,669.0,4,49.49747468305833,8800.0,96,1.05,51.97234841721125,True,3.1466718678121994,22904.022134183793,2.602729787975431,349.21482990063066,538.0151419693626,23.155555555555555,450.0,False,False
I-95 NB,GP,110+04155,2025-10-23,669.0,4,49.49747468305833,8800.0,96,1.05,51.97234841721125,True,2.837452247878607,20783.31229667672,2.3617400337132635,362.29617890582097,532.5433137785374,21.939999999999998,450.0,False,False
I-95 NB,GP,110+04155,2025-10-24,669.0,4,49.49747468305833,8800.0,96,1.05,51.97234841721125,True,2.1227074892733215,16308.01083821641,1.8531830497973194,363.0118204500621,490.37426980646137,31.344444444444445,405.0,False,False
I-95 NB,GP,110+04155,2025-10-27,669.0,4,49.49747468305833,8800.0,96,1.05,51.97234841721125,True,2.373329334705547,20102.09491162416,2.284328967230018,353.41245581804696,495.8122159003798,28.24888888888889,450.0,False,False
I-95 NB,GP,110+04155,2025-10-28,669.0,4,49.49747468305833,8800.0,96,1.05,51.97234841721125,True,2.7279553257826925,21577.555668663976,2.451994962348179,352.74682544431613,516.4241449912777,24.66111111111111,450.0,False,False
I-95 NB,GP,110+04155,2025-10-29,669.0,4,49.49747468305833,8800.0,96,1.05,51.97234841721125,True,2.168816947483728,17586.664654956545,1.9984846198814255,432.5693535105766,562.6983703596003,25.496666666666666,480.0,False,False
I-95 NB,GP,110+04155,2025-10-30,669.0,4,49.49747468305833,8800.0,96,1.05,51.97234841721125,True,4.55898882113491,38248.93883481137,4.346470322137656,349.21182208837814,622.7511513564727,29.763333333333335,390.0,False,False
I-95 NB,GP,110+04155,2025-10-31,669.0,4,49.49747468305833,8800.0,96,1.05,51.97234841721125,True,1.1922058720269642,10876.566319683392,1.2359734454185674,402.40780027852134,473.9401526001392,45.717777777777776,450.0,False,False
I-95 NB,GP,110P04155,2025-10-01,670.0,4,49.49747468305833,8800.0,96,1.05,51.97234841721125,True,5.338242336854072,37480.19765023322,4.259113369344684,330.59294578146796,650.8874859927123,18.313333333333336,585.0,False,False
I-95 NB,GP,110P04155,2025-10-02,670.0,4,49.49747468305833,8800.0,96,1.05,51.97234841721125,True,2.82555482288363,24944.17053263405,2.8345648332538693,342.948860034288,512.4821494073058,30.24222222222222,465.0,False,False
I-95 NB,GP,110P04155,2025-10-03,670.0,4,49.49747468305833,8800.0,96,1.05,51.97234841721125,False,0.0,0.0,0.0,,,,,False,False
I-95 NB,GP,110P04155,2025-10-06,670.0,4,49.49747468305833,8800.0,96,1.05,51.97234841721125,True,2.870691500507282,24729.390666015785,2.8101580302290663,355.55054538563866,527.7920354160756,28.607777777777773,450.0,False,False
I-95 NB,GP,110P04155,2025-10-07,670.0,4,49.49747468305833,8800.0,96,1.05,51.97234841721125,True,2.508685196942122,19833.989027694144,2.253862389510698,341.57072751191345,492.09183932844076,26.22333333333334,435.0,False,False
I-95 NB,GP,110P04155,2025-10-08,670.0,4,49.49747468305833,8800.0,96,1.05,51.97234841721125,True,4.658504299348595,37096.79157640707,4.2155444973189855,336.66815989338517,616.1784178543008,21.75777777777778,450.0,False,False
I-95 NB,GP,110P04155,2025-10-09,670.0,4,49.49747468305833,8800.0,96,1.05,51.97234841721125,True,3.654737983626293,26973.26637557193,3.065143906314992,349.3020352813093,568.5863142988869,21.805555555555554,450.0,False,False
I-95 NB,GP,110P04155,2025-10-10,670.0,4,49.49747468305833,8800.0,96,1.05,51.97234841721125,True,14.250387633625037,100815.05768921204,11.456256555592278,337.99599519520166,1193.019253212704,6.157777777777778,420.0,False,False
I-95 NB,GP,110P04155,2025-10-13,670.0,4,49.49747468305833,8800.0,96,1.05,51.97234841721125,False,0.0,0.0,0.0,,,,,False,False
I-95 NB,GP,110P04155,2025-10-14,670.0,4,49.49747468305833,8800.0,96,1.05,51.97234841721125,True,4.6624221541549735,32630.158948778186,3.707972607815703,331.58801001753176,611.3333392668302,18.73888888888889,435.0,False,False
I-95 NB,GP,110P04155,2025-10-15,670.0,4,49.49747468305833,8800.0,96,1.05,51.97234841721125,True,5.374477217238967,45109.75343423741,5.1261083447997065,339.27405921278717,661.7426922471252,25.603333333333335,435.0,False,False
I-95 NB,GP,110P04155,2025-10-16,670.0,4,49.49747468305833,8800.0,96,1.05,51.97234841721125,True,4.618452564042413,35377.99171368586,4.020226331100665,334.09123160870683,611.1983854512516,24.89222222222222,435.0,False,False
I-95 NB,GP,110P04155,2025-10-17,670.0,4,49.49747468305833,8800.0,96,1.05,51.97234841721125,True,4.193504331751852,32703.357551244888,3.716290630823283,361.23290970954656,612.8431696146577,25.78,480.0,False,False
I-95 NB,GP,110P04155,2025-10-20,670.0,4,49.49747468305833,8800.0,96,1.05,51.97234841721125,True,1.5895048607143971,14374.150082707081,1.6334261457621684,419.2331396403104,514.6034312831742,30.819999999999993,450.0,False,False
I-95 NB,GP,110P04155,2025-10-21,670.0,4,49.49747468305833,8800.0,96,1.05,51.97234841721125,True,1.8248268645737569,13781.654615841822,1.5660971154365708,360.1166934465931,469.6063053210185,28.606666666666673,435.0,False,False
I-95 NB,GP,110P04155,2025-10-22,670.0,4,49.49747468305833,8800.0,96,1.05,51.97234841721125,True,4.977973798094324,39704.287528969166,4.511850855564678,342.7582381920486,641.4366660777081,20.413333333333334,450.0,False,False
I-95 NB,GP,110P04155,2025-10-23,670.0,4,49.49747468305833,8800.0,96,1.05,51.97234841721125,True,4.456678278728709,33433.60152751976,3.799272900854518,345.08675630806334,612.4874530317859,20.12555555555556,450.0,False,False
I-95 NB,GP,110P04155,2025-10-24,670.0,4,49.49747468305833,8800.0,96,1.05,51.97234841721125,True,2.514545838608693,19719.75123411841,2.24088082205891,349.1668745366898,500.0396248532114,26.56555555555555,450.0,False,False
I-95 NB,GP,110P04155,2025-10-27,670.0,4,49.49747468305833,8800.0,96,1.05,51.97234841721125,True,2.8952886872385344,23945.329621218374,2.7210601842293607,344.6140902567722,518.3314114910843,27.74444444444444,450.0,False,False
I-95 NB,GP,110P04155,2025-10-28,670.0,4,49.49747468305833,8800.0,96,1.05,51.97234841721125,True,4.466846872750096,36451.85053952733,4.142255743128106,348.52213301688204,616.5329453818878,22.57444444444445,450.0,False,False
I-95 NB,GP,110P04155,2025-10-29,670.0,4,49.49747468305833,8800.0,96,1.05,51.97234841721125,True,4.3179060702896335,34151.970001041846,3.8809056819365733,331.9072986879701,590.9816629053481,23.592222222222215,465.0,False,False
I-95 NB,GP,110P04155,2025-10-30,670.0,4,49.49747468305833,8800.0,96,1.05,51.97234841721125,True,5.718710753601173,45918.65777216204,5.218029292291141,337.56821577235917,680.6908609884296,26.59777777777778,435.0,False,False
I-95 NB,GP,110P04155,2025-10-31,670.0,4,49.49747468305833,8800.0,96,1.05,51.97234841721125,True,2.423339927822773,19175.35150400948,2.1790172163647137,361.31156401402035,506.71195968338674,37.1,465.0,False,False
I-95 NB,GP,110+04156,2025-10-01,671.0,4,49.49747468305833,8800.0,96,1.05,51.97234841721125,True,5.5115373451828775,40200.69658020753,4.568260975023583,325.7731815098067,656.4654222207794,18.712222222222223,585.0,False,False
I-95 NB,GP,110+04156,2025-10-02,671.0,4,49.49747468305833,8800.0,96,1.05,51.97234841721125,True,2.8349341981055534,25171.754925560308,2.8604266960863987,343.32694581487686,513.4229977012101,32.191111111111105,450.0,False,False
I-95 NB,GP,110+04156,2025-10-03,671.0,4,49.49747468305833,8800.0,96,1.05,51.97234841721125,False,0.0,0.0,0.0,,,,,False,False
I-95 NB,GP,110+04156,2025-10-06,671.0,4,49.49747468305833,8800.0,96,1.05,51.97234841721125,True,4.37052766392662,35601.75189533804,4.045653624470232,350.0094961579044,612.2411559935016,30.00000000000001,450.0,False,False
I-95 NB,GP,110+04156,2025-10-07,671.0,4,49.49747468305833,8800.0,96,1.05,51.97234841721125,True,2.755975716297009,22391.458975752063,2.54448397451728,342.5723164531099,507.93085943093047,29.671111111111117,450.0,False,False
I-95 NB,GP,110+04156,2025-10-08,671.0,4,49.49747468305833,8800.0,96,1.05,51.97234841721125,True,5.100098574289338,39581.14162019101,4.497857002294433,331.12772933850044,637.1336437958607,23.80222222222223,480.0,False,False
I-95 NB,GP,110+04156,2025-10-09,671.0,4,49.49747468305833,8800.0,96,1.05,51.97234841721125,True,3.766922188575897,30009.83523094695,3.410208548971244,340.8542357152785,566.8695670298323,26.903333333333332,450.0,False,False
I-95 NB,GP,110+04156,2025-10-10,671.0,4,49.49747468305833,8800.0,96,1.05,51.97234841721125,True,14.241593349500215,107672.48137410296,12.235509247057156,335.3714273794337,1189.8670283494466,5.579999999999999,420.0,False,False
I-95 NB,GP,110+04156,2025-10-13,671.0,4,49.49747468305833,8800.0,96,1.05,51.97234841721125,False,0.0,0.0,0.0,,,,,False,False
I-95 NB,GP,110+04156,2025-10-14,671.0,4,49.49747468305833,8800.0,96,1.05,51.97234841721125,True,4.701597838686425,35539.30380305938,4.038557250347657,333.0366616483679,615.1325319695534,19.271111111111114,495.0,False,False
I-95 NB,GP,110+04156,2025-10-15,671.0,4,49.49747468305833,8800.0,96,1.05,51.97234841721125,True,5.627118231384694,47166.37961978632,5.359815865884809,337.59286873784134,675.219962620923,28.233333333333334,450.0,False,False
I-95 NB,GP,110+04156,2025-10-16,671.0,4,49.49747468305833,8800.0,96,1.05,51.97234841721125,True,4.813088437501547,37519.26006158503,4.263552279725571,330.4571262694665,619.2424325195593,22.135555555555555,510.0,False,False
I-95 NB,GP,110+04156,2025-10-17,671.0,4,49.49747468305833,8800.0,96,1.05,51.97234841721125,False,0.0,0.0,0.0,,,,,False,False
I-95 NB,GP,110+04156,2025-10-20,671.0,4,49.49747468305833,8800.0,96,1.05,51.97234841721125,True,3.149489783459067,25431.306025361057,2.889921139245575,405.44272867286884,594.4121156804129,31.198888888888877,450.0,False,False
I-95 NB,GP,110+04156,2025-10-21,671.0,4,49.49747468305833,8800.0,96,1.05,51.97234841721125,True,1.9266606337563559,16299.446794731633,1.8522098630376855,358.6717149512129,474.27135297659424,30.74666666666667,435.0,False,False
I-95 NB,GP,110+04156,2025-10-22,671.0,4,49.49747468305833,8800.0,96,1.05,51.97234841721125,True,5.180526587135285,42416.14624574609,4.820016618834782,337.6364421690997,648.4680373972168,26.13,450.0,False,False
I-95 NB,GP,110+04156,2025-10-23,671.0,4,49.49747468305833,8800.0,96,1.05,51.97234841721125,False,0.0,0.0,0.0,,,,,False,False
I-95 NB,GP,110+04156,2025-10-24,671.0,4,49.49747468305833,8800.0,96,1.05,51.97234841721125,True,2.6405195344559815,20113.366906265106,2.285609875711944,346.5550644878876,504.9862365552465,28.721111111111117,405.0,False,False
I-95 NB,GP,110+04156,2025-10-27,671.0,4,49.49747468305833,8800.0,96,1.05,51.97234841721125,True,3.0018141707068366,24387.575468282623,2.7713153941230253,340.85691222635785,520.965762468768,30.515555555555554,435.0,False,False
I-95 NB,GP,110+04156,2025-10-28,671.0,4,49.49747468305833,8800.0,96,1.05,51.97234841721125,True,4.643139017059494,38982.37681049252,4.429815546646877,342.35784243808286,620.9461834616525,28.21333333333334,435.0,False,False
I-95 NB,GP,110+04156,2025-10-29,671.0,4,49.49747468305833,8800.0,96,1.05,51.97234841721125,True,4.48992973989301,36949.37551287378,4.1987926719174755,326.93506999829253,596.3308543918731,26.86222222222223,465.0,False,False
I-95 NB,GP,110+04156,2025-10-30,671.0,4,49.49747468305833,8800.0,96,1.05,51.97234841721125,True,5.9250315136642,49335.73685983385,5.606333734072028,327.688325412904,683.190216232756,28.223333333333333,435.0,False,False
I-95 NB,GP,110+04156,2025-10-31,671.0,4,49.49747468305833,8800.0,96,1.05,51.97234841721125,True,2.683931646024857,22874.47527684133,2.5993721905501515,355.19947186729695,516.2353706287884,31.572222222222223,465.0,False,False
I-95 NB,GP,110P04156,2025-10-01,672.0,4,49.49747468305833,8800.0,96,1.05,51.97234841721125,True,5.257275648652044,39555.63271808338,4.4949582634185665,331.78450545585486,647.2210443749775,19.052222222222223,570.0,False,False
I-95 NB,GP,110P04156,2025-10-02,672.0,4,49.49747468305833,8800.0,96,1.05,51.97234841721125,True,2.3775905992193507,19486.72080413011,2.2144000913784216,351.7797379027151,494.43517385587614,39.94777777777778,390.0,False,False
I-95 NB,GP,110P04156,2025-10-03,672.0,4,49.49747468305833,8800.0,96,1.05,51.97234841721125,True,2.1242935404977885,19238.53257128741,2.186196883100842,371.27609047791634,498.73370290778365,36.40888888888889,405.0,False,False
I-95 NB,GP,110P04156,2025-10-06,672.0,4,49.49747468305833,8800.0,96,1.05,51.97234841721125,True,2.72473338572249,23436.302988083997,2.6632162486459086,355.53543900182314,519.0194421451725,38.07333333333333,450.0,False,False
I-95 NB,GP,110P04156,2025-10-07,672.0,4,49.49747468305833,8800.0,96,1.05,51.97234841721125,True,4.003668226999706,34455.22675710905,3.91536667694421,353.67121646073025,593.8913100807126,39.565555555555555,450.0,False,False
I-95 NB,GP,110P04156,2025-10-08,672.0,4,49.49747468305833,8800.0,96,1.05,51.97234841721125,True,4.091502573425075,32359.86251216832,3.6772571036554913,333.9966746494777,579.4868290549822,28.176666666666673,510.0,False,False
I-95 NB,GP,110P04156,2025-10-09,672.0,4,49.49747468305833,8800.0,96,1.05,51.97234841721125,True,3.4259413129319634,29427.919775214636,3.344081792638027,342.38640483257774,547.9428836084955,35.276666666666664,510.0,False,False
I-95 NB,GP,110P04156,2025-10-10,672.0,4,49.49747468305833,8800.0,96,1.05,51.97234841721125,True,3.3486767791842076,20555.55409606535,2.335858420007426,334.85896631547314,535.7795730665256,6.067777777777773,420.0,False,False
I-95 NB,GP,110P04156,2025-10-13,672.0,4,49.49747468305833,8800.0,96,1.05,51.97234841721125,False,0.0,0.0,0.0,,,,,False,False
I-95 NB,GP,110P04156,2025-10-14,672.0,4,49.49747468305833,8800.0,96,1.05,51.97234841721125,True,4.15551663226088,32836.44918521552,3.731414680138127,343.48978862028747,592.8207865559402,22.377777777777776,495.0,False,False
I-95 NB,GP,110P04156,2025-10-15,672.0,4,49.49747468305833,8800.0,96,1.05,51.97234841721125,True,3.2899145124563574,26278.089155611535,2.986146494955856,341.204761425623,538.5996321730045,29.74555555555556,465.0,False,False
I-95 NB,GP,110P04156,2025-10-16,672.0,4,49.49747468305833,8800.0,96,1.05,51.97234841721125,True,4.466426886156281,37367.677245764324,4.246326959745946,334.98648037264456,602.9720935420214,23.04444444444444,510.0,False,False
I-95 NB,GP,110P04156,2025-10-17,672.0,4,49.49747468305833,8800.0,96,1.05,51.97234841721125,True,2.3200964406077844,19251.984705260595,2.187725534688704,368.135609922594,507.3413963590611,39.065555555555555,420.0,False,False
I-95 NB,GP,110P04156,2025-10-20,672.0,4,49.49747468305833,8800.0,96,1.05,51.97234841721125,True,1.6207122652792805,15116.898596252602,1.7178293859377958,413.4232031302495,510.6659390470063,42.06111111111111,450.0,False,False
I-95 NB,GP,110P04156,2025-10-21,672.0,4,49.49747468305833,8800.0,96,1.05,51.97234841721125,True,1.694825381827053,14872.943280950229,1.6901071910170715,369.66147447464795,471.3509973842711,36.436666666666675,405.0,False,False
I-95 NB,GP,110P04156,2025-10-22,672.0,4,49.49747468305833,8800.0,96,1.05,51.97234841721125,True,4.83087876175684,42203.48863423931,4.795850981163557,343.6156566383413,633.4683823437517,33.11555555555555,450.0,False,False
I-95 NB,GP,110P04156,2025-10-23,672.0,4,49.49747468305833,8800.0,96,1.05,51.97234841721125,True,4.23897330825506,35392.66469900889,4.021893715796465,348.24456616064003,602.5829646559437,30.707777777777782,390.0,False,False
I-95 NB,GP,110P04156,2025-10-24,672.0,4,49.49747468305833,8800.0,96,1.05,51.97234841721125,True,2.6731580013684444,23348.85990897724,2.65327953511105,349.8239867519231,510.21346683402976,33.91444444444445,405.0,False,False
I-95 NB,GP,110P04156,2025-10-27,672.0,4,49.49747468305833,8800.0,96,1.05,51.97234841721125,True,2.8478135276813155,23213.0274607185,2.637844029627102,338.7858927013003,509.65470436217925,36.48555555555555,390.0,False,False
I-95 NB,GP,110P04156,2025-10-28,672.0,4,49.49747468305833,8800.0,96,1.05,51.97234841721125,True,2.9747933171019554,25157.660646381944,2.858825073452494,350.1847858868159,528.6723849129332,33.25888888888889,390.0,False,False
I-95 NB,GP,110P04156,2025-10-29,672.0,4,49.49747468305833,8800.0,96,1.05,51.97234841721125,True,3.9054527983118694,33857.90506859156,3.8474892123399496,326.2890109508691,560.6161788495813,32.312222222222225,495.0,False,False
I-95 NB,GP,110P04156,2025-10-30,672.0,4,49.49747468305833,8800.0,96,1.05,51.97234841721125,True,4.72363784158397,40517.838199052356,4.604299795346859,328.5853297849321,612.0036002799703,33.86000000000001,450.0,False,False
I-95 NB,GP,110P04156,2025-10-31,672.0,4,49.49747468305833,8800.0,96,1.05,51.97234841721125,True,2.3531182386453975,18837.942734526612,2.1406753107416603,383.3217075055549,524.5088018242787,32.955555555555556,480.0,False,False
I-95 NB,GP,110+04157,2025-10-01,673.0,4,49.49747468305833,8800.0,96,1.05,51.97234841721125,True,5.169678020167513,38368.36271136378,4.360041217200429,331.85271588658964,642.0333970966404,20.87888888888888,570.0,False,False
I-95 NB,GP,110+04157,2025-10-02,673.0,4,49.49747468305833,8800.0,96,1.05,51.97234841721125,True,2.1989425224429198,19465.15646939675,2.2119495987950852,354.1026936134329,486.0392449600081,38.25555555555555,390.0,False,False
I-95 NB,GP,110+04157,2025-10-03,673.0,4,49.49747468305833,8800.0,96,1.05,51.97234841721125,True,1.864207002570354,17350.70283510643,1.9716707767166397,371.29016039990006,483.1425805541213,41.00555555555555,405.0,False,False
I-95 NB,GP,110+04157,2025-10-06,673.0,4,49.49747468305833,8800.0,96,1.05,51.97234841721125,True,2.729710179959267,23761.07816344548,2.70012251857335,353.63950850025765,517.4221192978137,41.04666666666666,480.0,False,False
I-95 NB,GP,110+04157,2025-10-07,673.0,4,49.49747468305833,8800.0,96,1.05,51.97234841721125,True,2.954915403118924,25933.719955740955,2.9470136313341992,352.1388089912602,529.4337331783956,42.27777777777778,405.0,False,False
I-95 NB,GP,110+04157,2025-10-08,673.0,4,49.49747468305833,8800.0,96,1.05,51.97234841721125,True,4.5097925018071985,37561.824457647854,4.268389142914529,333.00060529270894,603.5881554011409,29.78222222222222,510.0,False,False
I-95 NB,GP,110+04157,2025-10-09,673.0,4,49.49747468305833,8800.0,96,1.05,51.97234841721125,True,3.478836395796993,29932.724613986393,3.40144597886209,338.4845473734212,547.2147311212408,38.577777777777776,510.0,False,False
I-95 NB,GP,110+04157,2025-10-10,673.0,4,49.49747468305833,8800.0,96,1.05,51.97234841721125,True,2.919674178947699,16862.389587559992,1.916180634949999,333.0290454944343,508.2094962312962,7.375555555555555,405.0,False,False
I-95 NB,GP,110+04157,2025-10-13,673.0,4,49.49747468305833,8800.0,96,1.05,51.97234841721125,False,0.0,0.0,0.0,,,,,False,False
I-95 NB,GP,110+04157,2025-10-14,673.0,4,49.49747468305833,8800.0,96,1.05,51.97234841721125,True,4.164511445687606,34609.45629042356,3.9328927602754042,341.05554744904566,590.926234190302,27.631111111111114,525.0,False,False
I-95 NB,GP,110+04157,2025-10-15,673.0,4,49.49747468305833,8800.0,96,1.05,51.97234841721125,True,3.296704423170516,27140.710028756184,3.0841715941768393,341.93341527230297,539.7356806625339,34.52555555555556,480.0,False,False
I-95 NB,GP,110+04157,2025-10-16,673.0,4,49.49747468305833,8800.0,96,1.05,51.97234841721125,True,4.382398660601935,35671.421791761335,4.0535706581546975,332.28896117817476,595.2328808142909,25.582222222222224,510.0,False,False
I-95 NB,GP,110+04157,2025-10-17,673.0,4,49.49747468305833,8800.0,96,1.05,51.97234841721125,True,2.2094132026469064,19437.338197272988,2.208788431508294,364.8955155902355,497.4603077490499,41.15111111111111,390.0,False,False
I-95 NB,GP,110+04157,2025-10-20,673.0,4,49.49747468305833,8800.0,96,1.05,51.97234841721125,True,0.9952784833810426,8698.044379534187,0.9884141340379758,417.4624459104223,477.17915491328483,47.608888888888885,450.0,False,False
I-95 NB,GP,110+04157,2025-10-21,673.0,4,49.49747468305833,8800.0,96,1.05,51.97234841721125,True,1.5137625135241004,12920.534385211038,1.4682425437739817,371.7522001571623,462.5779509686083,39.607777777777784,405.0,False,False
I-95 NB,GP,110+04157,2025-10-22,673.0,4,49.49747468305833,8800.0,96,1.05,51.97234841721125,True,3.2525748520508415,27417.104755956934,3.115580085904197,340.36883541648825,535.5233265395387,35.31444444444443,390.0,False,False
I-95 NB,GP,110+04157,2025-10-23,673.0,4,49.49747468305833,8800.0,96,1.05,51.97234841721125,True,3.257025736629914,27160.208877364013,3.086387372427729,351.4094753129478,546.8310195107426,32.083333333333336,390.0,False,False
I-95 NB,GP,110+04157,2025-10-24,673.0,4,49.49747468305833,8800.0,96,1.05,51.97234841721125,True,2.6846651319426797,23489.544492057743,2.669266419552016,344.0048012065823,505.08470912314306,36.410000000000004,405.0,False,False
I-95 NB,GP,110+04157,2025-10-27,673.0,4,49.49747468305833,8800.0,96,1.05,51.97234841721125,True,2.380482839330127,21292.019466126323,2.419547666605264,339.0228996659308,481.85187002573844,36.94111111111111,375.0,False,False
I-95 NB,GP,110+04157,2025-10-28,673.0,4,49.49747468305833,8800.0,96,1.05,51.97234841721125,True,2.8583353179787023,23475.850255197012,2.667710256272388,352.10105931711064,523.6011783958328,36.65333333333333,390.0,False,False
I-95 NB,GP,110+04157,2025-10-29,673.0,4,49.49747468305833,8800.0,96,1.05,51.97234841721125,True,3.5185786495588625,30049.03481731153,3.4146630474217647,325.87497738423457,536.9896963577663,38.47777777777778,495.0,False,False
I-95 NB,GP,110+04157,2025-10-30,673.0,4,49.49747468305833,8800.0,96,1.05,51.97234841721125,True,4.435379732868037,38320.942367954645,4.354652541813028,327.15636341305367,593.2791473851358,34.668888888888894,420.0,False,False
I-95 NB,GP,110+04157,2025-10-31,673.0,4,49.49747468305833,8800.0,96,1.05,51.97234841721125,True,2.2058654638952553,18676.204674942437,2.1222959857889134,396.7335968065473,529.0855246402626,31.087777777777774,495.0,False,False
I-95 NB,GP,110P04157,2025-10-01,674.0,4,49.49747468305833,8800.0,96,1.05,51.97234841721125,True,5.160838277015804,40199.557844607436,4.568131573250845,337.1142078896924,646.7645045106407,19.492222222222235,525.0,False,False
I-95 NB,GP,110P04157,2025-10-02,674.0,4,49.49747468305833,8800.0,96,1.05,51.97234841721125,True,2.398919713934721,21712.61224451411,2.4673423005129673,343.6550428591768,487.59022569526,40.79111111111111,375.0,False,False
I-95 NB,GP,110P04157,2025-10-03,674.0,4,49.49747468305833,8800.0,96,1.05,51.97234841721125,True,1.9137973184619455,17488.524498070816,1.987332329326229,370.0969343104358,484.92477341815254,44.84222222222221,405.0,False,False
I-95 NB,GP,110P04157,2025-10-06,674.0,4,49.49747468305833,8800.0,96,1.05,51.97234841721125,True,2.83751224513526,23913.046274379467,2.717391622088576,347.2651584690684,517.515893177184,42.03444444444444,495.0,False,False
I-95 NB,GP,110P04157,2025-10-07,674.0,4,49.49747468305833,8800.0,96,1.05,51.97234841721125,True,3.0096898484940633,25823.8286127099,2.9345259787170344,350.33199903778757,530.9133899474314,35.55111111111111,495.0,False,False
I-95 NB,GP,110P04157,2025-10-08,674.0,4,49.49747468305833,8800.0,96,1.05,51.97234841721125,True,4.63054842736965,40311.19067014579,4.580817121607477,328.35378790862234,606.1866935508014,30.054444444444442,510.0,False,False
I-95 NB,GP,110P04157,2025-10-09,674.0,4,49.49747468305833,8800.0,96,1.05,51.97234841721125,True,3.5234156825934244,30292.109973555052,3.4422852242676196,335.61000159630186,547.0149425519073,38.39222222222222,510.0,False,False
I-95 NB,GP,110P04157,2025-10-10,674.0,4,49.49747468305833,8800.0,96,1.05,51.97234841721125,True,3.1030457906944195,19950.054589952822,2.2670516579491844,330.88846735465535,517.0712147963205,10.657777777777776,405.0,False,False
I-95 NB,GP,110P04157,2025-10-13,674.0,4,49.49747468305833,8800.0,96,1.05,51.97234841721125,False,0.0,0.0,0.0,,,,,False,False
I-95 NB,GP,110P04157,2025-10-14,674.0,4,49.49747468305833,8800.0,96,1.05,51.97234841721125,True,4.361326878889441,35104.78988193271,3.989180668401444,331.98308588370884,593.6626986170753,26.055555555555554,495.0,False,False
I-95 NB,GP,110P04157,2025-10-15,674.0,4,49.49747468305833,8800.0,96,1.05,51.97234841721125,True,3.390869847284006,29598.08477543617,3.363418724481383,340.6274843736263,544.0796752106667,32.54555555555555,480.0,False,False
I-95 NB,GP,110P04157,2025-10-16,674.0,4,49.49747468305833,8800.0,96,1.05,51.97234841721125,True,4.356354626964985,35671.714335176846,4.0536039017246415,334.0713621930826,595.4526398109817,23.474444444444455,510.0,False,False
I-95 NB,GP,110P04157,2025-10-17,674.0,4,49.49747468305833,8800.0,96,1.05,51.97234841721125,True,2.310410139751352,19733.634217565646,2.242458433814278,361.97376883975187,500.598377224833,45.80444444444444,390.0,False,False
I-95 NB,GP,110P04157,2025-10-20,674.0,4,49.49747468305833,8800.0,96,1.05,51.97234841721125,True,0.9069335383250358,8741.611402563103,0.9933649321094435,416.04315133427326,470.4591636337754,47.90777777777777,435.0,False,False
I-95 NB,GP,110P04157,2025-10-21,674.0,4,49.49747468305833,8800.0,96,1.05,51.97234841721125,True,1.4758471278418037,13124.893284029658,1.4914651459124613,368.85924760053814,457.41007527104637,44.72777777777778,405.0,False,False
I-95 NB,GP,110P04157,2025-10-22,674.0,4,49.49747468305833,8800.0,96,1.05,51.97234841721125,True,3.433970942914473,30003.575435257324,3.4094972085519686,337.1934315037843,543.2316880786527,35.422222222222224,510.0,False,False
I-95 NB,GP,110P04157,2025-10-23,674.0,4,49.49747468305833,8800.0,96,1.05,51.97234841721125,True,3.3898707817111737,27907.854980714976,3.171347156899429,349.44198007070156,552.834226973372,39.25222222222222,510.0,False,False
I-95 NB,GP,110P04157,2025-10-24,674.0,4,49.49747468305833,8800.0,96,1.05,51.97234841721125,True,2.6174500378339074,21833.153927341908,2.481040219016126,345.5036983480774,502.5507006181119,42.66777777777778,405.0,False,False
I-95 NB,GP,110P04157,2025-10-27,674.0,4,49.49747468305833,8800.0,96,1.05,51.97234841721125,True,2.3715356258395257,21657.5873903408,2.4610894761750908,339.6774578683801,481.9695954187516,39.51888888888889,375.0,False,False
I-95 NB,GP,110P04157,2025-10-28,674.0,4,49.49747468305833,8800.0,96,1.05,51.97234841721125,True,2.9181745817386275,25943.523610370565,2.948127682996655,352.2767591770209,527.3672340813386,41.70888888888888,390.0,False,False
I-95 NB,GP,110P04157,2025-10-29,674.0,4,49.49747468305833,8800.0,96,1.05,51.97234841721125,True,3.530571421750577,30244.25897352111,3.436847610627399,326.08308406870714,537.9173693737417,37.55888888888889,495.0,False,False
I-95 NB,GP,110P04157,2025-10-30,674.0,4,49.49747468305833,8800.0,96,1.05,51.97234841721125,True,4.916549492841773,43158.45377819928,4.904369747522645,323.1172498260596,618.110219396566,37.33777777777778,405.0,False,False
I-95 NB,GP,110P04157,2025-10-31,674.0,4,49.49747468305833,8800.0,96,1.05,51.97234841721125,True,2.5186970452844273,20749.9567975291,2.3579496360828522,377.54311741665407,528.6649401337197,29.54444444444444,495.0,False,False
I-95 NB,GP,110+04158,2025-10-01,675.0,4,49.49747468305833,8800.0,96,1.05,51.97234841721125,True,4.960074820111785,38961.36142375047,4.427427434517099,352.35875965801637,649.9632488647235,18.433333333333334,555.0,False,False
I-95 NB,GP,110+04158,2025-10-02,675.0,4,49.49747468305833,8800.0,96,1.05,51.97234841721125,True,3.8831262536194098,34927.920207225514,3.969081841730172,342.5213158677386,575.5088910849032,43.194444444444436,540.0,False,False
I-95 NB,GP,110+04158,2025-10-03,675.0,4,49.49747468305833,8800.0,96,1.05,51.97234841721125,True,1.981114339698999,17572.443006398033,1.996868523454322,378.1426774648024,497.0095378467423,47.87555555555556,405.0,False,False
I-95 NB,GP,110+04158,2025-10-06,675.0,4,49.49747468305833,8800.0,96,1.05,51.97234841721125,True,2.880543930415868,23975.723855490873,2.7245140744875993,350.8526772724742,523.6853130974263,41.78333333333334,495.0,False,False
I-95 NB,GP,110+04158,2025-10-07,675.0,4,49.49747468305833,8800.0,96,1.05,51.97234841721125,True,2.9870358752345982,25611.975205349103,2.91045172788058,358.9384307901213,538.1605833041972,30.733333333333338,495.0,False,False
I-95 NB,GP,110+04158,2025-10-08,675.0,4,49.49747468305833,8800.0,96,1.05,51.97234841721125,True,4.917822948491387,42621.61065185849,4.8433648468021016,322.74437576136376,617.813752670847,29.585555555555555,510.0,False,False
I-95 NB,GP,110+04158,2025-10-09,675.0,4,49.49747468305833,8800.0,96,1.05,51.97234841721125,True,3.4307366161590314,30403.848170738867,3.4549827466748715,342.12640401375717,547.970600983299,38.835555555555565,510.0,False,False
I-95 NB,GP,110+04158,2025-10-10,675.0,4,49.49747468305833,8800.0,96,1.05,51.97234841721125,True,3.0937994120516463,24277.840547960514,2.7588455168136945,327.5861483399326,513.2141130630314,18.052222222222227,405.0,False,False
I-95 NB,GP,110+04158,2025-10-13,675.0,4,49.49747468305833,8800.0,96,1.05,51.97234841721125,False,0.0,0.0,0.0,,,,,False,False
I-95 NB,GP,110+04158,2025-10-14,675.0,4,49.49747468305833,8800.0,96,1.05,51.97234841721125,True,4.481739104183777,37627.74485511755,4.275880097172449,326.7616395988877,595.6659858499144,25.257777777777786,510.0,False,False
I-95 NB,GP,110+04158,2025-10-15,675.0,4,49.49747468305833,8800.0,96,1.05,51.97234841721125,True,3.3721914650654696,27457.682409782057,3.120191182929779,347.6215891505801,549.9530770545083,32.71,480.0,False,False
I-95 NB,GP,110+04158,2025-10-16,675.0,4,49.49747468305833,8800.0,96,1.05,51.97234841721125,True,4.321337545071819,35644.717080708404,4.050536031898682,333.8993180760094,593.1795707803186,22.461111111111112,510.0,False,False
I-95 NB,GP,110+04158,2025-10-17,675.0,4,49.49747468305833,8800.0,96,1.05,51.97234841721125,True,2.2864806840952165,19765.232537146803,2.2460491519485,366.1244401043607,503.3132811500737,48.22444444444444,420.0,False,False
I-95 NB,GP,110+04158,2025-10-20,675.0,4,49.49747468305833,8800.0,96,1.05,51.97234841721125,True,0.6991378070661948,6583.861109685624,0.7481660351915481,419.4243050276819,461.3725734516536,49.86666666666667,435.0,False,False
I-95 NB,GP,110+04158,2025-10-21,675.0,4,49.49747468305833,8800.0,96,1.05,51.97234841721125,True,1.2720954340476303,10990.790106054474,1.248953421142554,379.2765019385297,455.6022279813875,48.21999999999999,435.0,False,False
I-95 NB,GP,110+04158,2025-10-22,675.0,4,49.49747468305833,8800.0,96,1.05,51.97234841721125,True,3.4458116931855813,30441.299258619467,3.4592385521158486,340.1492907604315,546.8979923515664,39.18111111111111,510.0,False,False
I-95 NB,GP,110+04158,2025-10-23,675.0,4,49.49747468305833,8800.0,96,1.05,51.97234841721125,True,3.3194697249315133,28045.49160367561,3.186987682235865,352.6415073417923,551.8096908376831,38.32,510.0,False,False
I-95 NB,GP,110+04158,2025-10-24,675.0,4,49.49747468305833,8800.0,96,1.05,51.97234841721125,True,1.6515713719533456,15370.425310097917,1.7466392397838542,369.8757546008584,468.9700369180591,49.77666666666667,420.0,False,False
I-95 NB,GP,110+04158,2025-10-27,675.0,4,49.49747468305833,8800.0,96,1.05,51.97234841721125,True,2.9601318490427446,24110.40583445568,2.739818844824509,347.3465729482979,524.9544838908625,45.24666666666666,375.0,False,False
I-95 NB,GP,110+04158,2025-10-28,675.0,4,49.49747468305833,8800.0,96,1.05,51.97234841721125,True,2.8575549375930924,23913.307236720506,2.7174212769000574,360.0690180144626,531.5223142700481,41.801111111111105,495.0,False,False
I-95 NB,GP,110+04158,2025-10-29,675.0,4,49.49747468305833,8800.0,96,1.05,51.97234841721125,True,3.496257634432347,30281.97232512864,3.441133218764618,329.4890707033221,539.2645287692629,37.33111111111111,495.0,False,False
I-95 NB,GP,110+04158,2025-10-30,675.0,4,49.49747468305833,8800.0,96,1.05,51.97234841721125,True,5.070462919581934,43424.51962538927,4.934604502885144,320.70385043302116,624.9316256079372,39.623333333333335,405.0,False,False
I-95 NB,GP,110+04158,2025-10-31,675.0,4,49.49747468305833,8800.0,96,1.05,51.97234841721125,True,2.381929293679899,21151.743209349945,2.4036071828806755,386.55833055630586,529.4740881770998,33.72222222222222,495.0,False,False
I-95 NB,GP,110P04159,2025-10-01,676.001,4,49.49747468305833,8800.0,96,1.05,51.97234841721125,True,2.675585440569798,18443.081177555418,2.095804679267661,433.9703215675305,594.5054480017184,8.831111111111111,525.0,False,False
I-95 NB,GP,110P04159,2025-10-02,676.001,4,49.49747468305833,8800.0,96,1.05,51.97234841721125,True,1.8402519849467998,12298.71838279441,1.3975816344084557,477.6404886173075,588.0556077141155,8.32111111111111,525.0,False,False
I-95 NB,GP,110P04159,2025-10-03,676.001,4,49.49747468305833,8800.0,96,1.05,51.97234841721125,False,0.0,0.0,0.0,,,,,False,False
I-95 NB,GP,110P04159,2025-10-06,676.001,4,49.49747468305833,8800.0,96,1.05,51.97234841721125,False,0.0,0.0,0.0,,,,,False,False
I-95 NB,GP,110P04159,2025-10-07,676.001,4,49.49747468305833,8800.0,96,1.05,51.97234841721125,False,0.0,0.0,0.0,,,,,False,False
I-95 NB,GP,110P04159,2025-10-08,676.001,4,49.49747468305833,8800.0,96,1.05,51.97234841721125,True,1.3284029888251656,9123.029193954497,1.0367078629493747,482.4581894765676,562.1623688060776,19.063333333333333,525.0,False,False
I-95 NB,GP,110P04159,2025-10-09,676.001,4,49.49747468305833,8800.0,96,1.05,51.97234841721125,True,1.8726929308170497,13370.014608035937,1.5193198418222655,451.1700675243012,563.5316433733242,20.412222222222226,510.0,False,False
I-95 NB,GP,110P04159,2025-10-10,676.001,4,49.49747468305833,8800.0,96,1.05,51.97234841721125,False,0.0,0.0,0.0,,,,,False,False
I-95 NB,GP,110P04159,2025-10-13,676.001,4,49.49747468305833,8800.0,96,1.05,51.97234841721125,False,0.0,0.0,0.0,,,,,False,False
I-95 NB,GP,110P04159,2025-10-14,676.001,4,49.49747468305833,8800.0,96,1.05,51.97234841721125,True,1.1373000545645917,7718.761364629902,0.877131973253398,497.048732222206,565.2867354960815,30.38,540.0,False,False
I-95 NB,GP,110P04159,2025-10-15,676.001,4,49.49747468305833,8800.0,96,1.05,51.97234841721125,True,1.4951792395997776,10697.549853421902,1.2156306651615798,470.4306460906539,560.1414004666406,17.748888888888885,510.0,False,False
I-95 NB,GP,110P04159,2025-10-16,676.001,4,49.49747468305833,8800.0,96,1.05,51.97234841721125,True,1.8431435926915876,10912.46734785679,1.2400531077109989,467.44865543571547,578.0372709972107,11.124444444444444,510.0,False,False
I-95 NB,GP,110P04159,2025-10-17,676.001,4,49.49747468305833,8800.0,96,1.05,51.97234841721125,False,0.0,0.0,0.0,,,,,False,False
I-95 NB,GP,110P04159,2025-10-20,676.001,4,49.49747468305833,8800.0,87,1.05,51.97234841721125,False,0.0,0.0,0.0,,,,,False,False
I-95 NB,GP,110P04159,2025-10-21,676.001,4,49.49747468305833,8800.0,96,1.05,51.97234841721125,False,0.0,0.0,0.0,,,,,False,False
I-95 NB,GP,110P04159,2025-10-22,676.001,4,49.49747468305833,8800.0,96,1.05,51.97234841721125,False,0.0,0.0,0.0,,,,,False,False
I-95 NB,GP,110P04159,2025-10-23,676.001,4,49.49747468305833,8800.0,96,1.05,51.97234841721125,True,0.7955791799555414,8235.978997291642,0.9359067042376866,493.3647232921668,541.0994740894993,42.19777777777778,510.0,False,False
I-95 NB,GP,110P04159,2025-10-24,676.001,4,49.49747468305833,8800.0,96,1.05,51.97234841721125,False,0.0,0.0,0.0,,,,,False,False
I-95 NB,GP,110P04159,2025-10-27,676.001,4,49.49747468305833,8800.0,96,1.05,51.97234841721125,False,0.0,0.0,0.0,,,,,False,False
I-95 NB,GP,110P04159,2025-10-28,676.001,4,49.49747468305833,8800.0,96,1.05,51.97234841721125,True,1.8446019565084186,14038.321942804001,1.5952638571368183,441.303303732267,551.9794211227721,33.87777777777777,525.0,False,False
I-95 NB,GP,110P04159,2025-10-29,676.001,4,49.49747468305833,8800.0,96,1.05,51.97234841721125,False,0.0,0.0,0.0,,,,,False,False
I-95 NB,GP,110P04159,2025-10-30,676.001,4,49.49747468305833,8800.0,96,1.05,51.97234841721125,False,0.0,0.0,0.0,,,,,False,False
I-95 NB,GP,110P04159,2025-10-31,676.001,4,49.49747468305833,8800.0,96,1.05,51.97234841721125,True,0.7810026409063103,6492.143120530174,0.7377435364238835,514.4426000395677,561.3027584939463,45.63888888888889,540.0,False,False
I-95 NB,GP,110P04146,2025-10-01,652.0,3,49.49747468305833,6600.0,96,1.1,54.447222151364166,False,0.0,0.0,0.0,,,,,False,False
I-95 NB,GP,110P04146,2025-10-02,652.0,3,49.49747468305833,6600.0,96,1.1,54.447222151364166,False,0.0,0.0,0.0,,,,,False,False
I-95 NB,GP,110P04146,2025-10-03,652.0,3,49.49747468305833,6600.0,96,1.1,54.447222151364166,False,0.0,0.0,0.0,,,,,False,False
I-95 NB,GP,110P04146,2025-10-06,652.0,3,49.49747468305833,6600.0,96,1.1,54.447222151364166,False,0.0,0.0,0.0,,,,,False,False
I-95 NB,GP,110P04146,2025-10-07,652.0,3,49.49747468305833,6600.0,96,1.1,54.447222151364166,False,0.0,0.0,0.0,,,,,False,False
I-95 NB,GP,110P04146,2025-10-08,652.0,3,49.49747468305833,6600.0,96,1.1,54.447222151364166,False,0.0,0.0,0.0,,,,,False,False
I-95 NB,GP,110P04146,2025-10-09,652.0,3,49.49747468305833,6600.0,96,1.1,54.447222151364166,False,0.0,0.0,0.0,,,,,False,False
I-95 NB,GP,110P04146,2025-10-10,652.0,3,49.49747468305833,6600.0,96,1.1,54.447222151364166,False,0.0,0.0,0.0,,,,,False,False
I-95 NB,GP,110P04146,2025-10-13,652.0,3,49.49747468305833,6600.0,96,1.1,54.447222151364166,False,0.0,0.0,0.0,,,,,False,False
I-95 NB,GP,110P04146,2025-10-14,652.0,3,49.49747468305833,6600.0,96,1.1,54.447222151364166,False,0.0,0.0,0.0,,,,,False,False
I-95 NB,GP,110P04146,2025-10-15,652.0,3,49.49747468305833,6600.0,96,1.1,54.447222151364166,False,0.0,0.0,0.0,,,,,False,False
I-95 NB,GP,110P04146,2025-10-16,652.0,3,49.49747468305833,6600.0,96,1.1,54.447222151364166,False,0.0,0.0,0.0,,,,,False,False
I-95 NB,GP,110P04146,2025-10-17,652.0,3,49.49747468305833,6600.0,96,1.1,54.447222151364166,False,0.0,0.0,0.0,,,,,False,False
I-95 NB,GP,110P04146,2025-10-20,652.0,3,49.49747468305833,6600.0,96,1.1,54.447222151364166,False,0.0,0.0,0.0,,,,,False,False
I-95 NB,GP,110P04146,2025-10-21,652.0,3,49.49747468305833,6600.0,96,1.1,54.447222151364166,False,0.0,0.0,0.0,,,,,False,False
I-95 NB,GP,110P04146,2025-10-22,652.0,3,49.49747468305833,6600.0,96,1.1,54.447222151364166,False,0.0,0.0,0.0,,,,,False,False
I-95 NB,GP,110P04146,2025-10-23,652.0,3,49.49747468305833,6600.0,96,1.1,54.447222151364166,False,0.0,0.0,0.0,,,,,False,False
I-95 NB,GP,110P04146,2025-10-24,652.0,3,49.49747468305833,6600.0,96,1.1,54.447222151364166,False,0.0,0.0,0.0,,,,,False,False
I-95 NB,GP,110P04146,2025-10-27,652.0,3,49.49747468305833,6600.0,96,1.1,54.447222151364166,False,0.0,0.0,0.0,,,,,False,False
I-95 NB,GP,110P04146,2025-10-28,652.0,3,49.49747468305833,6600.0,96,1.1,54.447222151364166,False,0.0,0.0,0.0,,,,,False,False
I-95 NB,GP,110P04146,2025-10-29,652.0,3,49.49747468305833,6600.0,96,1.1,54.447222151364166,False,0.0,0.0,0.0,,,,,False,False
I-95 NB,GP,110P04146,2025-10-30,652.0,3,49.49747468305833,6600.0,96,1.1,54.447222151364166,True,2.4678296721608035,10581.991132587125,1.6033319897859282,375.2464711775168,523.316251507165,9.64111111111111,420.0,False,False
I-95 NB,GP,110P04146,2025-10-31,652.0,3,49.49747468305833,6600.0,96,1.1,54.447222151364166,False,0.0,0.0,0.0,,,,,False,False
I-95 NB,GP,110+04147,2025-10-01,653.0,3,49.49747468305833,6600.0,96,1.1,54.447222151364166,False,0.0,0.0,0.0,,,,,False,False
I-95 NB,GP,110+04147,2025-10-02,653.0,3,49.49747468305833,6600.0,96,1.1,54.447222151364166,False,0.0,0.0,0.0,,,,,False,False
I-95 NB,GP,110+04147,2025-10-03,653.0,3,49.49747468305833,6600.0,96,1.1,54.447222151364166,False,0.0,0.0,0.0,,,,,False,False
I-95 NB,GP,110+04147,2025-10-06,653.0,3,49.49747468305833,6600.0,96,1.1,54.447222151364166,False,0.0,0.0,0.0,,,,,False,False
I-95 NB,GP,110+04147,2025-10-07,653.0,3,49.49747468305833,6600.0,96,1.1,54.447222151364166,False,0.0,0.0,0.0,,,,,False,False
I-95 NB,GP,110+04147,2025-10-08,653.0,3,49.49747468305833,6600.0,96,1.1,54.447222151364166,False,0.0,0.0,0.0,,,,,False,False
I-95 NB,GP,110+04147,2025-10-09,653.0,3,49.49747468305833,6600.0,96,1.1,54.447222151364166,False,0.0,0.0,0.0,,,,,False,False
I-95 NB,GP,110+04147,2025-10-10,653.0,3,49.49747468305833,6600.0,96,1.1,54.447222151364166,False,0.0,0.0,0.0,,,,,False,False
I-95 NB,GP,110+04147,2025-10-13,653.0,3,49.49747468305833,6600.0,96,1.1,54.447222151364166,False,0.0,0.0,0.0,,,,,False,False
I-95 NB,GP,110+04147,2025-10-14,653.0,3,49.49747468305833,6600.0,96,1.1,54.447222151364166,False,0.0,0.0,0.0,,,,,False,False
I-95 NB,GP,110+04147,2025-10-15,653.0,3,49.49747468305833,6600.0,96,1.1,54.447222151364166,False,0.0,0.0,0.0,,,,,False,False
I-95 NB,GP,110+04147,2025-10-16,653.0,3,49.49747468305833,6600.0,96,1.1,54.447222151364166,False,0.0,0.0,0.0,,,,,False,False
I-95 NB,GP,110+04147,2025-10-17,653.0,3,49.49747468305833,6600.0,96,1.1,54.447222151364166,False,0.0,0.0,0.0,,,,,False,False
I-95 NB,GP,110+04147,2025-10-20,653.0,3,49.49747468305833,6600.0,96,1.1,54.447222151364166,False,0.0,0.0,0.0,,,,,False,False
I-95 NB,GP,110+04147,2025-10-21,653.0,3,49.49747468305833,6600.0,96,1.1,54.447222151364166,False,0.0,0.0,0.0,,,,,False,False
I-95 NB,GP,110+04147,2025-10-22,653.0,3,49.49747468305833,6600.0,96,1.1,54.447222151364166,False,0.0,0.0,0.0,,,,,False,False
I-95 NB,GP,110+04147,2025-10-23,653.0,3,49.49747468305833,6600.0,96,1.1,54.447222151364166,False,0.0,0.0,0.0,,,,,False,False
I-95 NB,GP,110+04147,2025-10-24,653.0,3,49.49747468305833,6600.0,96,1.1,54.447222151364166,False,0.0,0.0,0.0,,,,,False,False
I-95 NB,GP,110+04147,2025-10-27,653.0,3,49.49747468305833,6600.0,96,1.1,54.447222151364166,False,0.0,0.0,0.0,,,,,False,False
I-95 NB,GP,110+04147,2025-10-28,653.0,3,49.49747468305833,6600.0,96,1.1,54.447222151364166,False,0.0,0.0,0.0,,,,,False,False
I-95 NB,GP,110+04147,2025-10-29,653.0,3,49.49747468305833,6600.0,96,1.1,54.447222151364166,False,0.0,0.0,0.0,,,,,False,False
I-95 NB,GP,110+04147,2025-10-30,653.0,3,49.49747468305833,6600.0,96,1.1,54.447222151364166,True,2.671625781147616,13167.991583105715,1.9951502398645022,366.54917276132863,526.8467196301856,8.363333333333328,420.0,False,False
I-95 NB,GP,110+04147,2025-10-31,653.0,3,49.49747468305833,6600.0,96,1.1,54.447222151364166,False,0.0,0.0,0.0,,,,,False,False
I-95 NB,GP,110P04147,2025-10-01,654.0,3,49.49747468305833,6600.0,96,1.1,54.447222151364166,False,0.0,0.0,0.0,,,,,False,False
I-95 NB,GP,110P04147,2025-10-02,654.0,3,49.49747468305833,6600.0,96,1.1,54.447222151364166,False,0.0,0.0,0.0,,,,,False,False
I-95 NB,GP,110P04147,2025-10-03,654.0,3,49.49747468305833,6600.0,96,1.1,54.447222151364166,False,0.0,0.0,0.0,,,,,False,False
I-95 NB,GP,110P04147,2025-10-06,654.0,3,49.49747468305833,6600.0,96,1.1,54.447222151364166,False,0.0,0.0,0.0,,,,,False,False
I-95 NB,GP,110P04147,2025-10-07,654.0,3,49.49747468305833,6600.0,96,1.1,54.447222151364166,False,0.0,0.0,0.0,,,,,False,False
I-95 NB,GP,110P04147,2025-10-08,654.0,3,49.49747468305833,6600.0,96,1.1,54.447222151364166,False,0.0,0.0,0.0,,,,,False,False
I-95 NB,GP,110P04147,2025-10-09,654.0,3,49.49747468305833,6600.0,96,1.1,54.447222151364166,False,0.0,0.0,0.0,,,,,False,False
I-95 NB,GP,110P04147,2025-10-10,654.0,3,49.49747468305833,6600.0,96,1.1,54.447222151364166,False,0.0,0.0,0.0,,,,,False,False
I-95 NB,GP,110P04147,2025-10-13,654.0,3,49.49747468305833,6600.0,96,1.1,54.447222151364166,False,0.0,0.0,0.0,,,,,False,False
I-95 NB,GP,110P04147,2025-10-14,654.0,3,49.49747468305833,6600.0,96,1.1,54.447222151364166,False,0.0,0.0,0.0,,,,,False,False
I-95 NB,GP,110P04147,2025-10-15,654.0,3,49.49747468305833,6600.0,96,1.1,54.447222151364166,False,0.0,0.0,0.0,,,,,False,False
I-95 NB,GP,110P04147,2025-10-16,654.0,3,49.49747468305833,6600.0,96,1.1,54.447222151364166,False,0.0,0.0,0.0,,,,,False,False
I-95 NB,GP,110P04147,2025-10-17,654.0,3,49.49747468305833,6600.0,96,1.1,54.447222151364166,False,0.0,0.0,0.0,,,,,False,False
I-95 NB,GP,110P04147,2025-10-20,654.0,3,49.49747468305833,6600.0,96,1.1,54.447222151364166,False,0.0,0.0,0.0,,,,,False,False
I-95 NB,GP,110P04147,2025-10-21,654.0,3,49.49747468305833,6600.0,96,1.1,54.447222151364166,False,0.0,0.0,0.0,,,,,False,False
I-95 NB,GP,110P04147,2025-10-22,654.0,3,49.49747468305833,6600.0,96,1.1,54.447222151364166,False,0.0,0.0,0.0,,,,,False,False
I-95 NB,GP,110P04147,2025-10-23,654.0,3,49.49747468305833,6600.0,96,1.1,54.447222151364166,False,0.0,0.0,0.0,,,,,False,False
I-95 NB,GP,110P04147,2025-10-24,654.0,3,49.49747468305833,6600.0,96,1.1,54.447222151364166,False,0.0,0.0,0.0,,,,,False,False
I-95 NB,GP,110P04147,2025-10-27,654.0,3,49.49747468305833,6600.0,96,1.1,54.447222151364166,False,0.0,0.0,0.0,,,,,False,False
I-95 NB,GP,110P04147,2025-10-28,654.0,3,49.49747468305833,6600.0,96,1.1,54.447222151364166,False,0.0,0.0,0.0,,,,,False,False
I-95 NB,GP,110P04147,2025-10-29,654.0,3,49.49747468305833,6600.0,96,1.1,54.447222151364166,False,0.0,0.0,0.0,,,,,False,False
I-95 NB,GP,110P04147,2025-10-30,654.0,3,49.49747468305833,6600.0,96,1.1,54.447222151364166,True,2.806650461274065,12410.243154796473,1.8803398719388595,362.48724025068157,530.8862679271255,7.834444444444446,405.0,False,False
I-95 NB,GP,110P04147,2025-10-31,654.0,3,49.49747468305833,6600.0,96,1.1,54.447222151364166,False,0.0,0.0,0.0,,,,,False,False
I-95 NB,GP,110+04148,2025-10-01,655.0,3,49.49747468305833,6600.0,96,1.1,54.447222151364166,False,0.0,0.0,0.0,,,,,False,False
I-95 NB,GP,110+04148,2025-10-02,655.0,3,49.49747468305833,6600.0,96,1.1,54.447222151364166,False,0.0,0.0,0.0,,,,,False,False
I-95 NB,GP,110+04148,2025-10-03,655.0,3,49.49747468305833,6600.0,96,1.1,54.447222151364166,False,0.0,0.0,0.0,,,,,False,False
I-95 NB,GP,110+04148,2025-10-06,655.0,3,49.49747468305833,6600.0,96,1.1,54.447222151364166,False,0.0,0.0,0.0,,,,,False,False
I-95 NB,GP,110+04148,2025-10-07,655.0,3,49.49747468305833,6600.0,96,1.1,54.447222151364166,True,1.0474467947609905,6201.587729471677,0.9396345044654056,489.46496788691616,552.3117755725756,34.44555555555556,525.0,False,False
I-95 NB,GP,110+04148,2025-10-08,655.0,3,49.49747468305833,6600.0,96,1.1,54.447222151364166,False,0.0,0.0,0.0,,,,,False,False
I-95 NB,GP,110+04148,2025-10-09,655.0,3,49.49747468305833,6600.0,96,1.1,54.447222151364166,False,0.0,0.0,0.0,,,,,False,False
I-95 NB,GP,110+04148,2025-10-10,655.0,3,49.49747468305833,6600.0,96,1.1,54.447222151364166,False,0.0,0.0,0.0,,,,,False,False
I-95 NB,GP,110+04148,2025-10-13,655.0,3,49.49747468305833,6600.0,96,1.1,54.447222151364166,False,0.0,0.0,0.0,,,,,False,False
I-95 NB,GP,110+04148,2025-10-14,655.0,3,49.49747468305833,6600.0,96,1.1,54.447222151364166,False,0.0,0.0,0.0,,,,,False,False
I-95 NB,GP,110+04148,2025-10-15,655.0,3,49.49747468305833,6600.0,96,1.1,54.447222151364166,False,0.0,0.0,0.0,,,,,False,False
I-95 NB,GP,110+04148,2025-10-16,655.0,3,49.49747468305833,6600.0,96,1.1,54.447222151364166,False,0.0,0.0,0.0,,,,,False,False
I-95 NB,GP,110+04148,2025-10-17,655.0,3,49.49747468305833,6600.0,96,1.1,54.447222151364166,False,0.0,0.0,0.0,,,,,False,False
I-95 NB,GP,110+04148,2025-10-20,655.0,3,49.49747468305833,6600.0,96,1.1,54.447222151364166,False,0.0,0.0,0.0,,,,,False,False
I-95 NB,GP,110+04148,2025-10-21,655.0,3,49.49747468305833,6600.0,96,1.1,54.447222151364166,False,0.0,0.0,0.0,,,,,False,False
I-95 NB,GP,110+04148,2025-10-22,655.0,3,49.49747468305833,6600.0,96,1.1,54.447222151364166,False,0.0,0.0,0.0,,,,,False,False
I-95 NB,GP,110+04148,2025-10-23,655.0,3,49.49747468305833,6600.0,96,1.1,54.447222151364166,False,0.0,0.0,0.0,,,,,False,False
I-95 NB,GP,110+04148,2025-10-24,655.0,3,49.49747468305833,6600.0,96,1.1,54.447222151364166,False,0.0,0.0,0.0,,,,,False,False
I-95 NB,GP,110+04148,2025-10-27,655.0,3,49.49747468305833,6600.0,96,1.1,54.447222151364166,False,0.0,0.0,0.0,,,,,False,False
I-95 NB,GP,110+04148,2025-10-28,655.0,3,49.49747468305833,6600.0,96,1.1,54.447222151364166,False,0.0,0.0,0.0,,,,,False,False
I-95 NB,GP,110+04148,2025-10-29,655.0,3,49.49747468305833,6600.0,96,1.1,54.447222151364166,False,0.0,0.0,0.0,,,,,False,False
I-95 NB,GP,110+04148,2025-10-30,655.0,3,49.49747468305833,6600.0,96,1.1,54.447222151364166,True,2.8010039057190244,14422.039681381459,2.185157527482039,360.58873398737023,528.6489683305117,10.311111111111112,420.0,False,False
I-95 NB,GP,110+04148,2025-10-31,655.0,3,49.49747468305833,6600.0,96,1.1,54.447222151364166,False,0.0,0.0,0.0,,,,,False,False
I-95 NB,GP,110+04150,2025-10-01,659.0,2,49.49747468305833,4400.0,96,1.1,54.447222151364166,True,1.912916571974598,7798.425977322679,1.7723695403006088,328.9121107180106,443.68710503648646,23.51222222222222,390.0,False,False
I-95 NB,GP,110+04150,2025-10-02,659.0,2,49.49747468305833,4400.0,96,1.1,54.447222151364166,False,0.0,0.0,0.0,,,,,False,False
I-95 NB,GP,110+04150,2025-10-03,659.0,2,49.49747468305833,4400.0,96,1.1,54.447222151364166,True,0.8308914313629373,2731.141714676264,0.6207140260627874,436.0434906441131,485.89697652588933,36.98222222222222,465.0,False,False
I-95 NB,GP,110+04150,2025-10-06,659.0,2,49.49747468305833,4400.0,96,1.1,54.447222151364166,True,0.5778540284340152,3241.310678207872,0.7366615177745164,404.3521629441945,439.0234046502354,48.44333333333333,420.0,False,False
I-95 NB,GP,110+04150,2025-10-07,659.0,2,49.49747468305833,4400.0,96,1.1,54.447222151364166,True,2.29192213106077,6677.960352194283,1.517718261862337,397.76181861979666,535.2771464834428,11.072222222222221,450.0,False,False
I-95 NB,GP,110+04150,2025-10-08,659.0,2,49.49747468305833,4400.0,96,1.1,54.447222151364166,True,0.7087895723210437,3255.5359482087733,0.7398945336838121,323.4884065960705,366.0157809353331,45.67333333333334,345.0,False,False
I-95 NB,GP,110+04150,2025-10-09,659.0,2,49.49747468305833,4400.0,96,1.1,54.447222151364166,False,0.0,0.0,0.0,,,,,False,False
I-95 NB,GP,110+04150,2025-10-10,659.0,2,49.49747468305833,4400.0,96,1.1,54.447222151364166,False,0.0,0.0,0.0,,,,,False,False
I-95 NB,GP,110+04150,2025-10-13,659.0,2,49.49747468305833,4400.0,96,1.1,54.447222151364166,False,0.0,0.0,0.0,,,,,False,False
I-95 NB,GP,110+04150,2025-10-14,659.0,2,49.49747468305833,4400.0,96,1.1,54.447222151364166,True,0.6601758232784296,3246.156750890029,0.7377628979295521,354.909433791207,394.51998318791277,50.31111111111111,375.0,False,False
I-95 NB,GP,110+04150,2025-10-15,659.0,2,49.49747468305833,4400.0,96,1.1,54.447222151364166,False,0.0,0.0,0.0,,,,,False,False
I-95 NB,GP,110+04150,2025-10-16,659.0,2,49.49747468305833,4400.0,96,1.1,54.447222151364166,True,0.6421991903932792,3095.007144199625,0.7034107145908239,311.93743886358016,350.4693902871769,47.06111111111111,330.0,False,False
I-95 NB,GP,110+04150,2025-10-17,659.0,2,49.49747468305833,4400.0,96,1.1,54.447222151364166,False,0.0,0.0,0.0,,,,,False,False
I-95 NB,GP,110+04150,2025-10-20,659.0,2,49.49747468305833,4400.0,96,1.1,54.447222151364166,False,0.0,0.0,0.0,,,,,False,False
I-95 NB,GP,110+04150,2025-10-21,659.0,2,49.49747468305833,4400.0,96,1.1,54.447222151364166,True,1.7809702301406343,5605.601645111659,1.2740003738890135,330.8405888701087,437.69880267854677,11.5,390.0,False,False
I-95 NB,GP,110+04150,2025-10-22,659.0,2,49.49747468305833,4400.0,96,1.1,54.447222151364166,False,0.0,0.0,0.0,,,,,False,False
I-95 NB,GP,110+04150,2025-10-23,659.0,2,49.49747468305833,4400.0,96,1.1,54.447222151364166,False,0.0,0.0,0.0,,,,,False,False
I-95 NB,GP,110+04150,2025-10-24,659.0,2,49.49747468305833,4400.0,96,1.1,54.447222151364166,True,1.5499799135598076,4655.924984078769,1.0581647691088112,529.4931140578296,622.4919088714181,11.662222222222221,570.0,False,False
I-95 NB,GP,110+04150,2025-10-27,659.0,2,49.49747468305833,4400.0,96,1.1,54.447222151364166,False,0.0,0.0,0.0,,,,,False,False
I-95 NB,GP,110+04150,2025-10-28,659.0,2,49.49747468305833,4400.0,96,1.1,54.447222151364166,True,1.7797545680057387,6958.557067810687,1.581490242684247,420.97471957397755,527.7599936543219,35.26111111111111,450.0,False,False
I-95 NB,GP,110+04150,2025-10-29,659.0,2,49.49747468305833,4400.0,96,1.1,54.447222151364166,True,0.9211612563225657,2837.2082843954377,0.6448200646353267,423.92111803493384,479.1907934142878,32.07222222222222,450.0,False,False
I-95 NB,GP,110+04150,2025-10-30,659.0,2,49.49747468305833,4400.0,96,1.1,54.447222151364166,True,1.9736787233228776,7086.312595035284,1.6105255897807464,462.02449586101517,580.4452192603878,16.2,525.0,False,False
I-95 NB,GP,110+04150,2025-10-31,659.0,2,49.49747468305833,4400.0,96,1.1,54.447222151364166,False,0.0,0.0,0.0,,,,,False,False
I-95 NB,GP,110P04150,2025-10-01,660.0,3,49.49747468305833,6600.0,96,1.1,54.447222151364166,True,2.500588606498523,12260.492902784157,1.8576504398157814,311.2887182872982,461.32403467720957,14.229999999999999,405.0,False,False
I-95 NB,GP,110P04150,2025-10-02,660.0,3,49.49747468305833,6600.0,96,1.1,54.447222151364166,True,1.125125903417278,8186.556442452204,1.2403873397654854,371.70867999940816,439.21623420444485,48.70444444444445,420.0,False,False
I-95 NB,GP,110P04150,2025-10-03,660.0,3,49.49747468305833,6600.0,96,1.1,54.447222151364166,True,2.5162319000629725,13523.053779391335,2.0489475423320207,336.65812334834686,487.6320373521252,18.506666666666668,450.0,False,False
I-95 NB,GP,110P04150,2025-10-06,660.0,3,49.49747468305833,6600.0,96,1.1,54.447222151364166,True,1.3445880281132048,8364.40674701078,1.267334355607694,385.67750142291635,466.35278310970864,20.884444444444444,420.0,False,False
I-95 NB,GP,110P04150,2025-10-07,660.0,3,49.49747468305833,6600.0,96,1.1,54.447222151364166,True,0.8996456089811251,4536.786690795618,0.6873919228478209,377.1143888757711,431.0931254146386,40.06777777777778,405.0,False,False
I-95 NB,GP,110P04150,2025-10-08,660.0,3,49.49747468305833,6600.0,96,1.1,54.447222151364166,True,2.3703029671678157,14262.90149441717,2.1610456809722987,308.54436142256696,450.7625394526359,20.52333333333333,345.0,False,False
I-95 NB,GP,110P04150,2025-10-09,660.0,3,49.49747468305833,6600.0,96,1.1,54.447222151364166,True,2.1889249688344656,12581.214554975359,1.906244629541721,318.6104509363874,449.94594906645534,34.633333333333326,345.0,False,False
I-95 NB,GP,110P04150,2025-10-10,660.0,3,49.49747468305833,6600.0,96,1.1,54.447222151364166,False,0.0,0.0,0.0,,,,,False,False
I-95 NB,GP,110P04150,2025-10-13,660.0,3,49.49747468305833,6600.0,96,1.1,54.447222151364166,False,0.0,0.0,0.0,,,,,False,False
I-95 NB,GP,110P04150,2025-10-14,660.0,3,49.49747468305833,6600.0,96,1.1,54.447222151364166,True,2.429636581755911,14235.729461611689,2.1569287063048015,313.0453021323122,458.82349703766687,19.806666666666665,375.0,False,False
I-95 NB,GP,110P04150,2025-10-15,660.0,3,49.49747468305833,6600.0,96,1.1,54.447222151364166,True,1.2413387599685894,7591.424918952279,1.1502158968109513,355.83029948174,430.31062507985536,34.408888888888896,390.0,False,False
I-95 NB,GP,110P04150,2025-10-16,660.0,3,49.49747468305833,6600.0,96,1.1,54.447222151364166,True,1.122393130646961,7150.252513764903,1.0833715929946823,477.60888085617063,544.9524686949883,27.627777777777776,510.0,False,False
I-95 NB,GP,110P04150,2025-10-17,660.0,3,49.49747468305833,6600.0,96,1.1,54.447222151364166,False,0.0,0.0,0.0,,,,,False,False
I-95 NB,GP,110P04150,2025-10-20,660.0,3,49.49747468305833,6600.0,96,1.1,54.447222151364166,False,0.0,0.0,0.0,,,,,False,False
I-95 NB,GP,110P04150,2025-10-21,660.0,3,49.49747468305833,6600.0,96,1.1,54.447222151364166,True,2.057582946235492,9055.452537663072,1.3720382632822836,319.9849046199574,443.4398813940869,9.96111111111111,390.0,False,False
I-95 NB,GP,110P04150,2025-10-22,660.0,3,49.49747468305833,6600.0,96,1.1,54.447222151364166,True,2.503522255750633,15304.528018948338,2.3188678816588393,309.1337194022601,459.3450547472981,31.70888888888889,390.0,False,False
I-95 NB,GP,110P04150,2025-10-23,660.0,3,49.49747468305833,6600.0,96,1.1,54.447222151364166,True,1.4677551451236326,8186.207606292778,1.240334485801936,346.0705587782695,434.13586748568747,46.07555555555555,375.0,False,False
I-95 NB,GP,110P04150,2025-10-24,660.0,3,49.49747468305833,6600.0,96,1.1,54.447222151364166,True,1.932897236473184,7852.8989090254545,1.1898331680341598,510.7225574773961,626.6963916657871,10.202222222222224,570.0,False,False
I-95 NB,GP,110P04150,2025-10-27,660.0,3,49.49747468305833,6600.0,96,1.1,54.447222151364166,False,0.0,0.0,0.0,,,,,False,False
I-95 NB,GP,110P04150,2025-10-28,660.0,3,49.49747468305833,6600.0,96,1.1,54.447222151364166,True,2.7549883814832365,15195.818728714801,2.302396777078,367.87233113106475,533.171634020059,14.658888888888889,450.0,False,False
I-95 NB,GP,110P04150,2025-10-29,660.0,3,49.49747468305833,6600.0,96,1.1,54.447222151364166,True,2.3485726977401393,12568.507238570177,1.9043192785712388,366.658654081998,507.5730159464064,13.604444444444445,450.0,False,False
I-95 NB,GP,110P04150,2025-10-30,660.0,3,49.49747468305833,6600.0,96,1.1,54.447222151364166,True,2.2882371123294916,11277.164111489024,1.7086612290134886,453.27933791448476,590.5735646542543,13.933333333333337,510.0,False,False
I-95 NB,GP,110P04150,2025-10-31,660.0,3,49.49747468305833,6600.0,96,1.1,54.447222151364166,False,0.0,0.0,0.0,,,,,False,False
I-95 NB,GP,110+04151,2025-10-01,661.0,3,49.49747468305833,6600.0,96,1.1,54.447222151364166,True,3.778311533640014,20206.0007065917,3.0615152585745005,303.87440208270596,530.5730941011068,16.517777777777784,375.0,False,False
I-95 NB,GP,110+04151,2025-10-02,661.0,3,49.49747468305833,6600.0,96,1.1,54.447222151364166,True,4.135870804082899,24374.28708694948,3.6930738010529516,315.4826042537333,563.6348524987072,22.89,405.0,False,False
I-95 NB,GP,110+04151,2025-10-03,661.0,3,49.49747468305833,6600.0,96,1.1,54.447222151364166,True,4.498948131952885,23824.8274082355,3.609822334581136,320.20172397460567,590.1386118917787,13.418888888888889,375.0,False,False
I-95 NB,GP,110+04151,2025-10-06,661.0,3,49.49747468305833,6600.0,96,1.1,54.447222151364166,True,2.741366736217278,13947.679056414034,2.1132847055172777,315.1637932256173,479.645797398654,16.75111111111111,435.0,False,False
I-95 NB,GP,110+04151,2025-10-07,661.0,3,49.49747468305833,6600.0,96,1.1,54.447222151364166,True,1.9627658034621835,11532.598777523128,1.747363451139868,307.8571721591182,425.6231203668492,26.517777777777777,390.0,False,False
I-95 NB,GP,110+04151,2025-10-08,661.0,3,49.49747468305833,6600.0,96,1.1,54.447222151364166,True,2.6680872468954466,13137.059920074906,1.9904636242537737,303.26942114629134,463.35465596001814,18.605555555555558,345.0,False,False
I-95 NB,GP,110+04151,2025-10-09,661.0,3,49.49747468305833,6600.0,96,1.1,54.447222151364166,True,2.620486551826167,13498.940971260228,2.04529408655458,307.2596329635504,464.48882607312044,21.47111111111111,345.0,False,False
I-95 NB,GP,110+04151,2025-10-10,661.0,3,49.49747468305833,6600.0,96,1.1,54.447222151364166,True,1.0297333054359457,6361.126504599027,0.9638070461513677,546.2607014911381,608.0446998172948,40.71666666666667,585.0,False,False
I-95 NB,GP,110+04151,2025-10-13,661.0,3,49.49747468305833,6600.0,96,1.1,54.447222151364166,False,0.0,0.0,0.0,,,,,False,False
I-95 NB,GP,110+04151,2025-10-14,661.0,3,49.49747468305833,6600.0,96,1.1,54.447222151364166,True,2.8706088478547485,14036.780002496556,2.1267848488631147,302.79985015044457,475.0363810217295,16.883333333333336,375.0,False,False
I-95 NB,GP,110+04151,2025-10-15,661.0,3,49.49747468305833,6600.0,96,1.1,54.447222151364166,True,2.3387752859350077,14131.899115873814,2.1411968357384565,314.4273442144497,454.75386137055017,21.265555555555554,390.0,False,False
I-95 NB,GP,110+04151,2025-10-16,661.0,3,49.49747468305833,6600.0,96,1.1,54.447222151364166,True,4.187452204996765,22932.651933637764,3.474644232369358,300.8369656120509,552.0840979118568,22.939999999999998,510.0,False,False
I-95 NB,GP,110+04151,2025-10-17,661.0,3,49.49747468305833,6600.0,96,1.1,54.447222151364166,True,1.4052715791734556,7946.279633971516,1.203981762722957,468.8164656965281,553.1327604469354,40.776666666666664,510.0,False,False
I-95 NB,GP,110+04151,2025-10-20,661.0,3,49.49747468305833,6600.0,96,1.1,54.447222151364166,True,0.9523064421635913,5848.2870738387555,0.8861041020967811,482.986669316583,540.1250558463985,32.80111111111111,510.0,False,False
I-95 NB,GP,110+04151,2025-10-21,661.0,3,49.49747468305833,6600.0,96,1.1,54.447222151364166,True,2.283997949878375,10480.184160185072,1.5879066909371322,308.4354950318197,445.4753720245222,11.64,375.0,False,False
I-95 NB,GP,110+04151,2025-10-22,661.0,3,49.49747468305833,6600.0,96,1.1,54.447222151364166,True,3.014961762870217,15684.651204428088,2.3764623037012256,304.92593750131783,485.8236432735309,19.456666666666667,420.0,False,False
I-95 NB,GP,110+04151,2025-10-23,661.0,3,49.49747468305833,6600.0,96,1.1,54.447222151364166,True,2.7086968871792987,14171.539328404559,2.1472029285461454,315.1320011233383,477.6538143540962,22.487777777777776,375.0,False,False
I-95 NB,GP,110+04151,2025-10-24,661.0,3,49.49747468305833,6600.0,96,1.1,54.447222151364166,True,2.263350456210199,10464.490442619517,1.5855288549423512,500.0633237888923,635.8643511615043,10.392222222222221,555.0,False,False
I-95 NB,GP,110+04151,2025-10-27,661.0,3,49.49747468305833,6600.0,96,1.1,54.447222151364166,True,2.6675551438098486,17138.833460057896,2.5967929484936207,310.268166967006,470.3214755955969,35.148888888888884,345.0,False,False
I-95 NB,GP,110+04151,2025-10-28,661.0,3,49.49747468305833,6600.0,96,1.1,54.447222151364166,True,4.150879190054827,23223.85645725607,3.5187661298872834,308.6467340943912,557.6994854976808,14.544444444444444,450.0,False,False
I-95 NB,GP,110+04151,2025-10-29,661.0,3,49.49747468305833,6600.0,96,1.1,54.447222151364166,True,3.313018609569643,17191.26727029382,2.6047374651960338,322.6288637814705,521.409980355649,13.163333333333332,435.0,False,False
I-95 NB,GP,110+04151,2025-10-30,661.0,3,49.49747468305833,6600.0,96,1.1,54.447222151364166,True,2.5094261934808526,12975.267414326667,1.965949608231313,447.528527518363,598.0940991272141,16.173333333333336,510.0,False,False
I-95 NB,GP,110+04151,2025-10-31,661.0,3,49.49747468305833,6600.0,96,1.1,54.447222151364166,False,0.0,0.0,0.0,,,,,False,False
I-95 NB,GP,110P04151,2025-10-01,662.0,3,49.49747468305833,6600.0,96,1.1,54.447222151364166,True,5.164855918120551,29323.04349839266,4.442885378544343,297.7218190398449,607.613174127078,19.68,405.0,False,False
I-95 NB,GP,110P04151,2025-10-02,662.0,3,49.49747468305833,6600.0,96,1.1,54.447222151364166,True,5.114666747054957,27663.929407689215,4.191504455710487,303.82060802270496,610.7006128460024,21.63888888888889,390.0,False,False
I-95 NB,GP,110P04151,2025-10-03,662.0,3,49.49747468305833,6600.0,96,1.1,54.447222151364166,True,4.875136062380163,26280.306882005465,3.981864679091737,318.53671210290713,611.0448758457169,20.334444444444443,360.0,False,False
I-95 NB,GP,110P04151,2025-10-06,662.0,3,49.49747468305833,6600.0,96,1.1,54.447222151364166,True,4.864745001406558,26420.670739590936,4.003131930241051,306.0952327878132,597.9799328722066,18.10777777777778,405.0,False,False
I-95 NB,GP,110P04151,2025-10-07,662.0,3,49.49747468305833,6600.0,96,1.1,54.447222151364166,True,2.074013131809056,10921.682817906287,1.654800426955498,304.3885182510035,428.8293061595469,20.189999999999998,390.0,False,False
I-95 NB,GP,110P04151,2025-10-08,662.0,3,49.49747468305833,6600.0,96,1.1,54.447222151364166,True,3.162809403095012,17480.479859753927,2.6485575545081708,298.8163731620776,488.5849373477783,20.48,375.0,False,False
I-95 NB,GP,110P04151,2025-10-09,662.0,3,49.49747468305833,6600.0,96,1.1,54.447222151364166,True,5.11154589373071,27900.40258621499,4.2273337251840895,302.78889649906404,609.4816501229067,20.258888888888887,435.0,False,False
I-95 NB,GP,110P04151,2025-10-10,662.0,3,49.49747468305833,6600.0,96,1.1,54.447222151364166,True,0.7927620422911815,4936.8440194040995,0.7480066696066817,409.44323163996336,457.00895417743425,46.98111111111112,435.0,False,False
I-95 NB,GP,110P04151,2025-10-13,662.0,3,49.49747468305833,6600.0,96,1.1,54.447222151364166,False,0.0,0.0,0.0,,,,,False,False
I-95 NB,GP,110P04151,2025-10-14,662.0,3,49.49747468305833,6600.0,96,1.1,54.447222151364166,True,4.07631171731123,21920.535632736442,3.3212932776873396,303.7191150761144,548.2978181147882,18.506666666666668,405.0,False,False
I-95 NB,GP,110P04151,2025-10-15,662.0,3,49.49747468305833,6600.0,96,1.1,54.447222151364166,True,2.6565464281439706,13341.037056074878,2.021369250920436,305.4494573312667,464.8422430199049,20.19333333333333,420.0,False,False
I-95 NB,GP,110P04151,2025-10-16,662.0,3,49.49747468305833,6600.0,96,1.1,54.447222151364166,True,4.8913821889336475,27074.78969403805,4.102240862733038,296.9654588144506,590.4483901504694,20.307777777777776,405.0,False,False
I-95 NB,GP,110P04151,2025-10-17,662.0,3,49.49747468305833,6600.0,96,1.1,54.447222151364166,True,4.877472741993357,28573.104104789905,4.32925819769544,310.76900315388616,603.4173676734875,23.112222222222226,405.0,False,False
I-95 NB,GP,110P04151,2025-10-20,662.0,3,49.49747468305833,6600.0,96,1.1,54.447222151364166,True,3.9878762557669614,23314.457552141856,3.5324935685063417,309.68071177048296,548.9532871165006,20.2,510.0,False,False
I-95 NB,GP,110P04151,2025-10-21,662.0,3,49.49747468305833,6600.0,96,1.1,54.447222151364166,True,2.522104281125554,12301.708098053277,1.8638951663717087,305.3869699696706,456.7132268372038,13.514444444444445,405.0,False,False
I-95 NB,GP,110P04151,2025-10-22,662.0,3,49.49747468305833,6600.0,96,1.1,54.447222151364166,True,4.839810617205769,25692.77882697162,3.8928452768138815,304.87591886290403,595.2645558952502,19.655555555555555,420.0,False,False
I-95 NB,GP,110P04151,2025-10-23,662.0,3,49.49747468305833,6600.0,96,1.1,54.447222151364166,True,4.960337262535302,28231.131911033033,4.277444228944399,306.10737610419585,603.727611856314,21.403333333333332,390.0,False,False
I-95 NB,GP,110P04151,2025-10-24,662.0,3,49.49747468305833,6600.0,96,1.1,54.447222151364166,True,5.714928442678923,30091.31795006473,4.559290598494656,316.6943325995606,659.590039160296,11.126666666666665,555.0,False,False
I-95 NB,GP,110P04151,2025-10-27,662.0,3,49.49747468305833,6600.0,96,1.1,54.447222151364166,True,4.149951158823666,22783.395492056035,3.4520296200084903,303.74058352707414,552.7376530564941,20.645555555555557,405.0,False,False
I-95 NB,GP,110P04151,2025-10-28,662.0,3,49.49747468305833,6600.0,96,1.1,54.447222151364166,True,4.365556802611336,22439.989678912752,3.399998436198902,303.4706861285934,565.4040942852736,15.394444444444446,450.0,False,False
I-95 NB,GP,110P04151,2025-10-29,662.0,3,49.49747468305833,6600.0,96,1.1,54.447222151364166,True,3.6448234264044856,19328.03069989848,2.9284894999846185,314.53407327198124,533.2234788562504,12.403333333333334,435.0,False,False
I-95 NB,GP,110P04151,2025-10-30,662.0,3,49.49747468305833,6600.0,96,1.1,54.447222151364166,True,2.7080383190969814,14416.94274870521,2.184385264955335,438.20091754820595,600.6832166940248,18.441111111111113,540.0,False,False
I-95 NB,GP,110P04151,2025-10-31,662.0,3,49.49747468305833,6600.0,96,1.1,54.447222151364166,True,2.7153582310488624,15286.01142420044,2.3160623370000666,361.04434455497716,523.9658384179089,30.58666666666667,390.0,False,False
I-95 NB,GP,110+04152,2025-10-01,663.0,3,49.49747468305833,6600.0,96,1.1,54.447222151364166,True,5.0627203588238485,32836.43740998291,4.975217789391349,299.4293371650898,603.1925586945207,32.21888888888889,405.0,False,False
I-95 NB,GP,110+04152,2025-10-02,663.0,3,49.49747468305833,6600.0,96,1.1,54.447222151364166,True,5.034979269218194,31522.634833697517,4.776156792984472,306.59381869746204,608.6925748505537,33.23888888888889,390.0,False,False
I-95 NB,GP,110+04152,2025-10-03,663.0,3,49.49747468305833,6600.0,96,1.1,54.447222151364166,True,2.5113485743325215,16069.142007208808,2.4347184859407283,456.17391023843754,606.8548246983888,35.22,495.0,False,False
I-95 NB,GP,110+04152,2025-10-06,663.0,3,49.49747468305833,6600.0,96,1.1,54.447222151364166,True,4.770473810776128,29865.911514790696,4.52513810830162,309.2693979863067,595.4978266328744,30.14333333333333,405.0,False,False
I-95 NB,GP,110+04152,2025-10-07,663.0,3,49.49747468305833,6600.0,96,1.1,54.447222151364166,True,2.0387711688586023,12652.645960106947,1.9170675697131738,305.3997970151095,427.72606714662567,34.07888888888889,390.0,False,False
I-95 NB,GP,110+04152,2025-10-08,663.0,3,49.49747468305833,6600.0,96,1.1,54.447222151364166,True,3.393216302213499,20348.792567186174,3.083150388967602,300.04541440800233,503.6383925408123,33.682222222222215,375.0,False,False
I-95 NB,GP,110+04152,2025-10-09,663.0,3,49.49747468305833,6600.0,96,1.1,54.447222151364166,True,4.997725243866919,31532.142132073524,4.777597292738413,305.6322183667309,605.495732998746,33.76222222222223,405.0,False,False
I-95 NB,GP,110+04152,2025-10-10,663.0,3,49.49747468305833,6600.0,96,1.1,54.447222151364166,True,5.2802301394164655,33466.94351400873,5.07074901727405,323.1972363994024,640.0110447643904,31.544444444444448,435.0,False,False
I-95 NB,GP,110+04152,2025-10-13,663.0,3,49.49747468305833,6600.0,96,1.1,54.447222151364166,False,0.0,0.0,0.0,,,,,False,False
I-95 NB,GP,110+04152,2025-10-14,663.0,3,49.49747468305833,6600.0,96,1.1,54.447222151364166,True,4.07867031856726,25730.28876275328,3.8985286004171638,308.03478422926077,552.7550033432964,36.59111111111111,375.0,False,False
I-95 NB,GP,110+04152,2025-10-15,663.0,3,49.49747468305833,6600.0,96,1.1,54.447222151364166,True,4.878301146444519,31737.385353350703,4.808694750507682,308.1240688775454,600.8221376642166,34.809999999999995,420.0,False,False
I-95 NB,GP,110+04152,2025-10-16,663.0,3,49.49747468305833,6600.0,96,1.1,54.447222151364166,True,4.934466399578071,31096.847191817713,4.711643513911775,291.63311275847445,587.7010967331587,31.362222222222226,420.0,False,False
I-95 NB,GP,110+04152,2025-10-17,663.0,3,49.49747468305833,6600.0,96,1.1,54.447222151364166,True,5.00776360203651,31734.794960132414,4.80830226668673,311.6331643934418,612.0989805156324,35.675555555555555,405.0,False,False
I-95 NB,GP,110+04152,2025-10-20,663.0,3,49.49747468305833,6600.0,96,1.1,54.447222151364166,True,3.916380490304176,23721.570801640515,3.5941773941879567,311.6517858354336,546.6346152536842,25.373333333333335,420.0,False,False
I-95 NB,GP,110+04152,2025-10-21,663.0,3,49.49747468305833,6600.0,96,1.1,54.447222151364166,True,4.389787442314028,26476.819641314898,4.011639339593167,305.78152624561636,569.168772784458,33.91777777777778,420.0,False,False
I-95 NB,GP,110+04152,2025-10-22,663.0,3,49.49747468305833,6600.0,96,1.1,54.447222151364166,True,4.67376970636008,29915.497505664753,4.532651137221932,309.1841665751847,589.6103489567895,31.842222222222222,405.0,False,False
I-95 NB,GP,110+04152,2025-10-23,663.0,3,49.49747468305833,6600.0,96,1.1,54.447222151364166,True,4.813322829241383,30065.941791655572,4.55544572600842,310.7718056618463,599.5711754163293,34.87111111111111,390.0,False,False
I-95 NB,GP,110+04152,2025-10-24,663.0,3,49.49747468305833,6600.0,96,1.1,54.447222151364166,True,5.721337545781966,35506.29177210214,5.3797411775912325,314.21341477138935,657.4936675183073,25.7,555.0,False,False
I-95 NB,GP,110+04152,2025-10-27,663.0,3,49.49747468305833,6600.0,96,1.1,54.447222151364166,True,4.113148983807132,25178.07280437497,3.814859515814389,306.41441170001053,553.2033507284384,31.802222222222223,390.0,False,False
I-95 NB,GP,110+04152,2025-10-28,663.0,3,49.49747468305833,6600.0,96,1.1,54.447222151364166,True,4.339304706355341,26357.11362925363,3.9935020650384287,306.64606454050295,567.0043469218234,32.02888888888889,405.0,False,False
I-95 NB,GP,110+04152,2025-10-29,663.0,3,49.49747468305833,6600.0,96,1.1,54.447222151364166,True,3.7124059754917123,20252.33892313783,3.068536200475429,315.4319058319833,538.176264361486,13.476666666666665,420.0,False,False
I-95 NB,GP,110+04152,2025-10-30,663.0,3,49.49747468305833,6600.0,96,1.1,54.447222151364166,True,4.851702392566068,29900.001767345486,4.530303298082649,306.15083917576703,597.2529827297311,33.40111111111111,495.0,False,False
I-95 NB,GP,110+04152,2025-10-31,663.0,3,49.49747468305833,6600.0,96,1.1,54.447222151364166,True,2.899025061305421,17611.415960307615,2.668396357622366,350.45520343991507,524.3967071182403,34.838888888888896,390.0,False,False
I-95 NB,GP,110P04153,2025-10-01,666.0,4,49.49747468305833,8800.0,96,1.1,54.447222151364166,True,2.5853547562147545,17933.735389749625,2.037924476107912,354.05508264160505,509.1763680144903,18.497777777777785,450.0,False,False
I-95 NB,GP,110P04153,2025-10-02,666.0,4,49.49747468305833,8800.0,96,1.1,54.447222151364166,False,0.0,0.0,0.0,,,,,False,False
I-95 NB,GP,110P04153,2025-10-03,666.0,4,49.49747468305833,8800.0,96,1.1,54.447222151364166,False,0.0,0.0,0.0,,,,,False,False
I-95 NB,GP,110P04153,2025-10-06,666.0,4,49.49747468305833,8800.0,96,1.1,54.447222151364166,True,0.8330903767166783,6094.260491747804,0.6925296013349778,438.8583743613379,488.8437969643386,40.906666666666666,465.0,False,False
I-95 NB,GP,110P04153,2025-10-07,666.0,4,49.49747468305833,8800.0,96,1.1,54.447222151364166,True,1.1289411232819229,10228.458221583995,1.1623247979072722,372.09764239818617,439.83410979510154,35.14,405.0,False,False
I-95 NB,GP,110P04153,2025-10-08,666.0,4,49.49747468305833,8800.0,96,1.1,54.447222151364166,True,1.9332471184714517,11722.886566717796,1.332146200763386,406.8355928891853,522.8304199974724,14.191111111111107,465.0,False,False
I-95 NB,GP,110P04153,2025-10-09,666.0,4,49.49747468305833,8800.0,96,1.1,54.447222151364166,True,1.79524910018615,13256.240534502569,1.5063909698298374,386.08857638519015,493.80352239635914,19.591111111111115,450.0,False,False
I-95 NB,GP,110P04153,2025-10-10,666.0,4,49.49747468305833,8800.0,96,1.1,54.447222151364166,True,0.9502196963133049,7530.904931365438,0.855784651291527,430.5317311714927,487.544912950291,34.23888888888889,450.0,False,False
I-95 NB,GP,110P04153,2025-10-13,666.0,4,49.49747468305833,8800.0,96,1.1,54.447222151364166,False,0.0,0.0,0.0,,,,,False,False
I-95 NB,GP,110P04153,2025-10-14,666.0,4,49.49747468305833,8800.0,96,1.1,54.447222151364166,True,2.8750465008556403,19914.47703272365,2.2630087537185966,361.7200131625272,534.2228032138656,14.778888888888888,465.0,False,False
I-95 NB,GP,110P04153,2025-10-15,666.0,4,49.49747468305833,8800.0,96,1.1,54.447222151364166,True,0.7986426240526839,6323.447955252405,0.7185736312786825,428.88764990762706,476.8062073507881,45.54888888888889,450.0,False,False
I-95 NB,GP,110P04153,2025-10-16,666.0,4,49.49747468305833,8800.0,96,1.1,54.447222151364166,False,0.0,0.0,0.0,,,,,False,False
I-95 NB,GP,110P04153,2025-10-17,666.0,4,49.49747468305833,8800.0,96,1.1,54.447222151364166,False,0.0,0.0,0.0,,,,,False,False
I-95 NB,GP,110P04153,2025-10-20,666.0,4,49.49747468305833,8800.0,96,1.1,54.447222151364166,True,1.5679125608822082,10102.96592974589,1.1480643101983965,376.3356100312592,470.4103636841917,15.186666666666667,420.0,False,False
I-95 NB,GP,110P04153,2025-10-21,666.0,4,49.49747468305833,8800.0,96,1.1,54.447222151364166,True,2.309859827584883,13071.678194913722,1.485417976694741,421.0703763401009,559.6619659951939,9.735555555555555,510.0,False,False
I-95 NB,GP,110P04153,2025-10-22,666.0,4,49.49747468305833,8800.0,96,1.1,54.447222151364166,True,1.5052122858151666,12296.75301594665,1.3973582972666647,406.0749552121069,496.3876923610169,36.67444444444445,450.0,False,False
I-95 NB,GP,110P04153,2025-10-23,666.0,4,49.49747468305833,8800.0,96,1.1,54.447222151364166,True,1.199187409520161,10698.83842032564,1.2157770932188225,418.7787681184606,490.7300126896703,42.38,465.0,False,False
I-95 NB,GP,110P04153,2025-10-24,666.0,4,49.49747468305833,8800.0,96,1.1,54.447222151364166,False,0.0,0.0,0.0,,,,,False,False
I-95 NB,GP,110P04153,2025-10-27,666.0,4,49.49747468305833,8800.0,96,1.1,54.447222151364166,False,0.0,0.0,0.0,,,,,False,False
I-95 NB,GP,110P04153,2025-10-28,666.0,4,49.49747468305833,8800.0,96,1.1,54.447222151364166,False,0.0,0.0,0.0,,,,,False,False
I-95 NB,GP,110P04153,2025-10-29,666.0,4,49.49747468305833,8800.0,96,1.1,54.447222151364166,True,2.62690311432283,15848.272231776791,1.8009400263382718,366.49633526950157,524.1105221288714,9.893333333333329,420.0,False,False
I-95 NB,GP,110P04153,2025-10-30,666.0,4,49.49747468305833,8800.0,96,1.1,54.447222151364166,False,0.0,0.0,0.0,,,,,False,False
I-95 NB,GP,110P04153,2025-10-31,666.0,4,49.49747468305833,8800.0,96,1.1,54.447222151364166,False,0.0,0.0,0.0,,,,,False,False
I-95 NB,GP,110+04154,2025-10-01,667.0,4,49.49747468305833,8800.0,96,1.1,54.447222151364166,True,3.1155603379388235,21122.501506528057,2.400284262105461,337.2049106299902,524.1385309063196,18.39888888888889,450.0,False,False
I-95 NB,GP,110+04154,2025-10-02,667.0,4,49.49747468305833,8800.0,96,1.1,54.447222151364166,True,1.1651216721883904,10356.251649998763,1.1768467784089505,411.0474569055381,480.95475723684154,36.39222222222222,450.0,False,False
I-95 NB,GP,110+04154,2025-10-03,667.0,4,49.49747468305833,8800.0,96,1.1,54.447222151364166,True,0.9997632059814615,8573.358378072606,0.9742452702355234,399.86026922254337,459.84606158143106,42.28888888888889,435.0,False,False
I-95 NB,GP,110+04154,2025-10-06,667.0,4,49.49747468305833,8800.0,96,1.1,54.447222151364166,True,1.8747708306668216,16271.532642183127,1.8490378002480825,388.9837658183537,501.47001565836297,25.709999999999997,465.0,False,False
I-95 NB,GP,110+04154,2025-10-07,667.0,4,49.49747468305833,8800.0,96,1.1,54.447222151364166,True,1.9227156151981348,13408.497047530933,1.5236928463103332,347.17569565218093,462.538632564069,23.365555555555556,420.0,False,False
I-95 NB,GP,110+04154,2025-10-08,667.0,4,49.49747468305833,8800.0,96,1.1,54.447222151364166,True,2.982772742314117,21124.611985695396,2.4005240892835675,361.6166402930167,540.5830048318637,16.39,465.0,False,False
I-95 NB,GP,110+04154,2025-10-09,667.0,4,49.49747468305833,8800.0,96,1.1,54.447222151364166,True,2.6131077238178944,18151.835807479398,2.0627086144862954,351.11676842309356,507.9032318521672,18.43444444444444,465.0,False,False
I-95 NB,GP,110+04154,2025-10-10,667.0,4,49.49747468305833,8800.0,96,1.1,54.447222151364166,True,2.1835118237670383,15223.929483608052,1.7299919867736422,385.31180988905663,516.3225193150789,10.564444444444444,435.0,False,False
I-95 NB,GP,110+04154,2025-10-13,667.0,4,49.49747468305833,8800.0,96,1.1,54.447222151364166,False,0.0,0.0,0.0,,,,,False,False
I-95 NB,GP,110+04154,2025-10-14,667.0,4,49.49747468305833,8800.0,96,1.1,54.447222151364166,True,3.9494514639018994,26117.31669545417,2.9678768972107012,331.6067218234517,568.5738096575657,15.341111111111111,465.0,False,False
I-95 NB,GP,110+04154,2025-10-15,667.0,4,49.49747468305833,8800.0,96,1.1,54.447222151364166,True,2.4702956242722913,19459.825629593266,2.2113438215446894,358.33744962679,506.55518708312746,22.235555555555553,450.0,False,False
I-95 NB,GP,110+04154,2025-10-16,667.0,4,49.49747468305833,8800.0,96,1.1,54.447222151364166,True,2.538122971819257,21777.823921238705,2.47475271832258,343.83618016175456,496.12355847091,23.03,450.0,False,False
I-95 NB,GP,110+04154,2025-10-17,667.0,4,49.49747468305833,8800.0,96,1.1,54.447222151364166,False,0.0,0.0,0.0,,,,,False,False
I-95 NB,GP,110+04154,2025-10-20,667.0,4,49.49747468305833,8800.0,96,1.1,54.447222151364166,True,2.0837666667668873,14480.268149284619,1.6454850169641613,359.8144600414151,484.84046004742834,12.964444444444444,405.0,False,False
I-95 NB,GP,110+04154,2025-10-21,667.0,4,49.49747468305833,8800.0,96,1.1,54.447222151364166,True,3.1527795297291257,22278.18901770653,2.5316123883757418,399.420595016196,588.5873667999435,12.64,480.0,False,False
I-95 NB,GP,110+04154,2025-10-22,667.0,4,49.49747468305833,8800.0,96,1.1,54.447222151364166,True,2.3698589396215985,16667.70081009077,1.8940569102375875,376.75095071583024,518.9424870931261,20.17222222222222,450.0,False,False
I-95 NB,GP,110+04154,2025-10-23,667.0,4,49.49747468305833,8800.0,96,1.1,54.447222151364166,True,2.239110170754254,16686.558578691503,1.8961998384876708,379.8376073918177,514.184217637073,19.641111111111112,450.0,False,False
I-95 NB,GP,110+04154,2025-10-24,667.0,4,49.49747468305833,8800.0,96,1.1,54.447222151364166,True,1.2289280832754486,10374.192440756819,1.1788855046314566,399.65930719518803,473.39499219171495,34.01444444444444,435.0,False,False
I-95 NB,GP,110+04154,2025-10-27,667.0,4,49.49747468305833,8800.0,96,1.1,54.447222151364166,True,2.0378581840041052,16740.05314662663,1.902278766662117,363.9612423297358,486.2327333699821,34.81,450.0,False,False
I-95 NB,GP,110+04154,2025-10-28,667.0,4,49.49747468305833,8800.0,96,1.1,54.447222151364166,True,2.3126673305820855,18180.37129443233,2.065951283458219,369.4479246366088,508.2079644715339,25.85666666666667,435.0,False,False
I-95 NB,GP,110+04154,2025-10-29,667.0,4,49.49747468305833,8800.0,96,1.1,54.447222151364166,True,1.8766586537393835,15102.711757961979,1.716217245222952,432.7512900738742,545.3508092982372,20.04222222222222,480.0,False,False
I-95 NB,GP,110+04154,2025-10-30,667.0,4,49.49747468305833,8800.0,96,1.1,54.447222151364166,True,1.0296713847165544,8701.501679951642,0.9888070090854139,347.98082445269677,409.76110753569003,44.81999999999999,375.0,False,False
I-95 NB,GP,110+04154,2025-10-31,667.0,4,49.49747468305833,8800.0,96,1.1,54.447222151364166,False,0.0,0.0,0.0,,,,,False,False
I-95 NB,GP,110P04154,2025-10-01,668.0,4,49.49747468305833,8800.0,96,1.1,54.447222151364166,True,3.3761211351202842,26126.238744488106,2.968890766419103,340.11512290926066,542.6823910164777,18.197777777777777,450.0,False,False
I-95 NB,GP,110P04154,2025-10-02,668.0,4,49.49747468305833,8800.0,96,1.1,54.447222151364166,True,1.7345496687214763,14295.811576943368,1.6245240428344736,384.6908724455311,488.7638525688197,29.594444444444445,450.0,False,False
I-95 NB,GP,110P04154,2025-10-03,668.0,4,49.49747468305833,8800.0,96,1.1,54.447222151364166,True,1.4941699146373584,11957.666143383556,1.3588256981117677,383.5361081539784,473.1863030322199,27.686666666666667,435.0,False,False
I-95 NB,GP,110P04154,2025-10-06,668.0,4,49.49747468305833,8800.0,96,1.1,54.447222151364166,True,2.2002273421784984,18442.543413871128,2.0957435697580826,378.6256699525425,510.6393104832524,29.32111111111111,465.0,False,False
I-95 NB,GP,110P04154,2025-10-07,668.0,4,49.49747468305833,8800.0,96,1.1,54.447222151364166,True,1.9508161715191903,15590.697854899685,1.7716702107840552,352.41564541551315,469.4646157066646,26.142222222222227,420.0,False,False
I-95 NB,GP,110P04154,2025-10-08,668.0,4,49.49747468305833,8800.0,96,1.1,54.447222151364166,True,3.2671036390762613,23272.835536224782,2.6446404018437253,350.30006688338904,546.3262852279647,16.595555555555556,450.0,False,False
I-95 NB,GP,110P04154,2025-10-09,668.0,4,49.49747468305833,8800.0,96,1.1,54.447222151364166,True,2.8557139233182474,20387.54103240526,2.3167660264096885,345.67620983170707,517.0190452308019,18.75,465.0,False,False
I-95 NB,GP,110P04154,2025-10-10,668.0,4,49.49747468305833,8800.0,96,1.1,54.447222151364166,True,2.7814115406542084,19322.810992165734,2.19577397638247,359.2925330160633,526.1772254553158,7.37,435.0,False,False
I-95 NB,GP,110P04154,2025-10-13,668.0,4,49.49747468305833,8800.0,96,1.1,54.447222151364166,False,0.0,0.0,0.0,,,,,False,False
I-95 NB,GP,110P04154,2025-10-14,668.0,4,49.49747468305833,8800.0,96,1.1,54.447222151364166,True,4.151463701536731,28390.83762646482,3.2262315484619117,333.2731604247665,582.3609825169704,15.348888888888888,450.0,False,False
I-95 NB,GP,110P04154,2025-10-15,668.0,4,49.49747468305833,8800.0,96,1.1,54.447222151364166,True,2.629721062183782,21477.960308214464,2.4406773077516437,355.64309639440734,513.4263601254343,23.265555555555554,465.0,False,False
I-95 NB,GP,110P04154,2025-10-16,668.0,4,49.49747468305833,8800.0,96,1.1,54.447222151364166,True,2.590630987968089,19415.893475418896,2.2063515312976016,349.6685826198171,505.1064418979024,22.947777777777777,450.0,False,False
I-95 NB,GP,110P04154,2025-10-17,668.0,4,49.49747468305833,8800.0,96,1.1,54.447222151364166,True,0.964817693718525,8536.637842998583,0.9700724821589299,430.4399415930828,488.3290032161943,40.70333333333333,465.0,False,False
I-95 NB,GP,110P04154,2025-10-20,668.0,4,49.49747468305833,8800.0,96,1.1,54.447222151364166,True,2.286331232344487,14522.863208298193,1.65032536457934,354.37305418506924,491.55292812573845,14.06444444444445,405.0,False,False
I-95 NB,GP,110P04154,2025-10-21,668.0,4,49.49747468305833,8800.0,96,1.1,54.447222151364166,True,1.156215362941371,10311.841063466709,1.1718001208484896,533.7802740866183,603.1531958631006,33.48444444444445,570.0,False,False
I-95 NB,GP,110P04154,2025-10-22,668.0,4,49.49747468305833,8800.0,96,1.1,54.447222151364166,True,2.8953726583470862,22830.603398148927,2.594386749789651,358.82162465050044,532.5439841513256,20.581111111111113,450.0,False,False
I-95 NB,GP,110P04154,2025-10-23,668.0,4,49.49747468305833,8800.0,96,1.1,54.447222151364166,True,2.4936079244142793,18576.9640577824,2.111018642929818,367.78961063914403,517.4060861040008,19.521111111111107,450.0,False,False
I-95 NB,GP,110P04154,2025-10-24,668.0,4,49.49747468305833,8800.0,96,1.1,54.447222151364166,True,1.7045795806492294,12786.728993285114,1.4530373856005812,375.2865275154505,477.56130235440423,41.73222222222223,405.0,False,False
I-95 NB,GP,110P04154,2025-10-27,668.0,4,49.49747468305833,8800.0,96,1.1,54.447222151364166,True,2.1444703312121383,17422.47108011499,1.979826259103976,359.893693415605,488.5619132883333,23.77,450.0,False,False
I-95 NB,GP,110P04154,2025-10-28,668.0,4,49.49747468305833,8800.0,96,1.1,54.447222151364166,True,2.607391343769862,19077.741698376383,2.1679251929973162,361.6077564764793,518.051237102671,24.165555555555553,450.0,False,False
I-95 NB,GP,110P04154,2025-10-29,668.0,4,49.49747468305833,8800.0,96,1.1,54.447222151364166,True,1.9434680273603713,13051.145193418908,1.4830846810703304,436.21248695044306,552.8205685920653,21.51888888888888,480.0,False,False
I-95 NB,GP,110P04154,2025-10-30,668.0,4,49.49747468305833,8800.0,96,1.1,54.447222151364166,True,1.188311105440072,10726.389005835981,1.2189078415722705,355.65314186208576,426.9518081884901,42.61666666666667,390.0,False,False
I-95 NB,GP,110P04154,2025-10-31,668.0,4,49.49747468305833,8800.0,96,1.1,54.447222151364166,False,0.0,0.0,0.0,,,,,False,False
I-95 NB,GP,110+04155,2025-10-01,669.0,4,49.49747468305833,8800.0,96,1.1,54.447222151364166,True,5.017604168106741,37454.49450593218,4.256192557492294,328.8689500897708,629.9252001761753,20.982222222222223,420.0,False,False
I-95 NB,GP,110+04155,2025-10-02,669.0,4,49.49747468305833,8800.0,96,1.1,54.447222151364166,True,2.602229342970792,20554.807391395785,2.3357735672040665,351.9147554874873,508.0485160657348,30.19333333333334,450.0,False,False
I-95 NB,GP,110+04155,2025-10-03,669.0,4,49.49747468305833,8800.0,96,1.1,54.447222151364166,True,2.308830709047057,20019.731457498565,2.274969483806655,372.7032683614433,511.2331109042667,27.883333333333336,420.0,False,False
I-95 NB,GP,110+04155,2025-10-06,669.0,4,49.49747468305833,8800.0,96,1.1,54.447222151364166,True,2.6677775956258443,20154.089797292785,2.290237476965089,361.69523066072014,521.7618863982708,28.937777777777786,465.0,False,False
I-95 NB,GP,110+04155,2025-10-07,669.0,4,49.49747468305833,8800.0,96,1.1,54.447222151364166,True,2.456905354824288,20027.217149369557,2.275820130610177,336.27004732021754,483.68436860967483,27.37111111111111,435.0,False,False
I-95 NB,GP,110+04155,2025-10-08,669.0,4,49.49747468305833,8800.0,96,1.1,54.447222151364166,True,3.5814516847649154,26301.886851246116,2.988850778550695,346.3891074789073,561.2762085648022,21.75111111111111,450.0,False,False
I-95 NB,GP,110+04155,2025-10-09,669.0,4,49.49747468305833,8800.0,96,1.1,54.447222151364166,True,3.3674209947640765,27308.228556394042,3.103207790499323,343.26262889595944,545.307888581804,23.69111111111111,465.0,False,False
I-95 NB,GP,110+04155,2025-10-10,669.0,4,49.49747468305833,8800.0,96,1.1,54.447222151364166,True,3.1458747838058563,20418.173298264857,2.320246965711916,343.6837059855289,532.4361930138803,7.628888888888889,435.0,False,False
I-95 NB,GP,110+04155,2025-10-13,669.0,4,49.49747468305833,8800.0,96,1.1,54.447222151364166,False,0.0,0.0,0.0,,,,,False,False
I-95 NB,GP,110+04155,2025-10-14,669.0,4,49.49747468305833,8800.0,96,1.1,54.447222151364166,True,4.611674867299061,34791.62341816135,3.9535935702456078,325.2967676694063,601.9972597073499,18.60777777777778,450.0,False,False
I-95 NB,GP,110+04155,2025-10-15,669.0,4,49.49747468305833,8800.0,96,1.1,54.447222151364166,True,3.2035197749511277,25737.37670911267,2.924701898762803,337.49699451731016,529.7081810143778,25.442222222222224,450.0,False,False
I-95 NB,GP,110+04155,2025-10-16,669.0,4,49.49747468305833,8800.0,96,1.1,54.447222151364166,True,3.05371078608857,23811.536803892002,2.7058564549877278,340.60671776518944,523.8293649305036,25.90111111111111,450.0,False,False
I-95 NB,GP,110+04155,2025-10-17,669.0,4,49.49747468305833,8800.0,96,1.1,54.447222151364166,True,2.4591469790370684,20786.029455692496,2.362048801783238,370.72876197604734,518.2775807182715,30.298888888888886,450.0,False,False
I-95 NB,GP,110+04155,2025-10-20,669.0,4,49.49747468305833,8800.0,96,1.1,54.447222151364166,True,2.5099604606642374,18021.90690846938,2.0479439668715202,348.16194589134517,498.7595735311994,18.7188888888889,390.0,False,False
I-95 NB,GP,110+04155,2025-10-21,669.0,4,49.49747468305833,8800.0,96,1.1,54.447222151364166,True,1.5732103849309642,12347.698685383608,1.4031475778845008,362.8530555393305,457.24567863518837,31.885555555555555,405.0,False,False
I-95 NB,GP,110+04155,2025-10-22,669.0,4,49.49747468305833,8800.0,96,1.1,54.447222151364166,True,3.2881303252335217,27133.453000572998,3.083346931883295,344.551233216705,541.8390527307163,23.155555555555555,450.0,False,False
I-95 NB,GP,110+04155,2025-10-23,669.0,4,49.49747468305833,8800.0,96,1.1,54.447222151364166,True,2.974480832863471,22915.0491823825,2.6039828616343748,358.5381639284477,537.007013900256,21.939999999999998,450.0,False,False
I-95 NB,GP,110+04155,2025-10-24,669.0,4,49.49747468305833,8800.0,96,1.1,54.447222151364166,True,2.277214406268518,18465.57949039511,2.098361305726717,357.2036640221704,493.8365283982815,31.344444444444445,405.0,False,False
I-95 NB,GP,110+04155,2025-10-27,669.0,4,49.49747468305833,8800.0,96,1.1,54.447222151364166,True,2.5226435478390927,20102.09491162416,2.284328967230018,349.23819352281157,500.5968063931571,28.24888888888889,450.0,False,False
I-95 NB,GP,110+04155,2025-10-28,669.0,4,49.49747468305833,8800.0,96,1.1,54.447222151364166,True,2.873540169140943,21577.555668663976,2.451994962348179,348.02311621046005,520.4355263589166,24.66111111111111,450.0,False,False
I-95 NB,GP,110+04155,2025-10-29,669.0,4,49.49747468305833,8800.0,96,1.1,54.447222151364166,True,3.8784659720375156,29941.14627757341,3.4024029860878877,335.03355096732133,567.7415092895723,25.496666666666666,480.0,False,False
I-95 NB,GP,110+04155,2025-10-30,669.0,4,49.49747468305833,8800.0,96,1.1,54.447222151364166,True,4.71155418955778,40399.7555907339,4.590881317128852,344.02216142238234,626.7154127958491,29.763333333333335,390.0,False,False
I-95 NB,GP,110+04155,2025-10-31,669.0,4,49.49747468305833,8800.0,96,1.1,54.447222151364166,True,1.5799950879812135,13070.04696799939,1.4852326099999307,384.0257807634457,478.8254860423185,45.717777777777776,450.0,False,False
I-95 NB,GP,110P04155,2025-10-01,670.0,4,49.49747468305833,8800.0,96,1.1,54.447222151364166,True,5.475536889262403,39638.346275977055,4.504357531361029,325.8512227689201,654.3834361246643,18.313333333333336,585.0,False,False
I-95 NB,GP,110P04155,2025-10-02,670.0,4,49.49747468305833,8800.0,96,1.1,54.447222151364166,True,3.063047149433767,24944.17053263405,2.8345648332538693,337.43188589111355,521.2147148571396,30.24222222222222,465.0,False,False
I-95 NB,GP,110P04155,2025-10-03,670.0,4,49.49747468305833,8800.0,96,1.1,54.447222151364166,False,0.0,0.0,0.0,,,,,False,False
I-95 NB,GP,110P04155,2025-10-06,670.0,4,49.49747468305833,8800.0,96,1.1,54.447222151364166,True,4.104653927600163,33400.54684365908,3.795516686779441,349.14878347510705,595.4280191311168,28.607777777777773,450.0,False,False
I-95 NB,GP,110P04155,2025-10-07,670.0,4,49.49747468305833,8800.0,96,1.1,54.447222151364166,True,2.745145352206934,21961.9577731548,2.495677019676682,336.0917515507681,500.8004726831841,26.22333333333334,435.0,False,False
I-95 NB,GP,110P04155,2025-10-08,670.0,4,49.49747468305833,8800.0,96,1.1,54.447222151364166,True,4.871154791231034,37096.79157640707,4.2155444973189855,330.65469779636135,622.9239852702234,21.75777777777778,450.0,False,False
I-95 NB,GP,110P04155,2025-10-09,670.0,4,49.49747468305833,8800.0,96,1.1,54.447222151364166,True,4.698948768966499,35733.56875486587,4.06063281305294,345.918320939496,627.855247077486,21.805555555555554,450.0,False,False
I-95 NB,GP,110P04155,2025-10-10,670.0,4,49.49747468305833,8800.0,96,1.1,54.447222151364166,True,14.450724604431912,102973.9246055046,11.701582341534612,335.3039643023595,1202.3474405682741,6.157777777777778,420.0,False,False
I-95 NB,GP,110P04155,2025-10-13,670.0,4,49.49747468305833,8800.0,96,1.1,54.447222151364166,False,0.0,0.0,0.0,,,,,False,False
I-95 NB,GP,110P04155,2025-10-14,670.0,4,49.49747468305833,8800.0,96,1.1,54.447222151364166,True,4.971725501647383,36980.41831597963,4.202320263179503,320.3555762181294,618.6591063169724,18.73888888888889,435.0,False,False
I-95 NB,GP,110P04155,2025-10-15,670.0,4,49.49747468305833,8800.0,96,1.1,54.447222151364166,True,5.633875566979992,45109.75343423741,5.1261083447997065,333.17497279236653,671.207506811166,25.603333333333335,435.0,False,False
I-95 NB,GP,110P04155,2025-10-16,670.0,4,49.49747468305833,8800.0,96,1.1,54.447222151364166,True,4.830883325554465,39710.032497900065,4.51250369294319,329.4842514770092,619.3372510102771,24.89222222222222,435.0,False,False
I-95 NB,GP,110P04155,2025-10-17,670.0,4,49.49747468305833,8800.0,96,1.1,54.447222151364166,True,4.5631681024186985,37038.66607206098,4.208939326370566,352.4858949372874,626.2759810824093,25.78,480.0,False,False
I-95 NB,GP,110P04155,2025-10-20,670.0,4,49.49747468305833,8800.0,96,1.1,54.447222151364166,True,2.9792617601569304,25267.182020505017,2.8712706841482976,411.18040514740505,589.9361107568209,30.819999999999993,450.0,False,False
I-95 NB,GP,110P04155,2025-10-21,670.0,4,49.49747468305833,8800.0,96,1.1,54.447222151364166,True,1.9867035007954674,15898.929558923963,1.8066965407868139,354.4785825185422,473.68079256627027,28.606666666666673,435.0,False,False
I-95 NB,GP,110P04155,2025-10-22,670.0,4,49.49747468305833,8800.0,96,1.1,54.447222151364166,True,5.184566128869481,41804.65156871839,4.750528587354363,337.4184914426377,648.4924591748065,20.413333333333334,450.0,False,False
I-95 NB,GP,110P04155,2025-10-23,670.0,4,49.49747468305833,8800.0,96,1.1,54.447222151364166,False,0.0,0.0,0.0,,,,,False,False
I-95 NB,GP,110P04155,2025-10-24,670.0,4,49.49747468305833,8800.0,96,1.1,54.447222151364166,True,2.659979036132191,21876.637221753113,2.4859815024719447,344.828956682005,504.42769884993646,26.56555555555555,450.0,False,False
I-95 NB,GP,110P04155,2025-10-27,670.0,4,49.49747468305833,8800.0,96,1.1,54.447222151364166,True,3.0396254067880117,23945.329621218374,2.7210601842293607,339.81506764673713,522.1925920540178,27.74444444444444,450.0,False,False
I-95 NB,GP,110P04155,2025-10-28,670.0,4,49.49747468305833,8800.0,96,1.1,54.447222151364166,True,4.682783846843841,38630.81361310758,4.38986518330768,342.1688385655388,623.1358693761692,22.57444444444445,450.0,False,False
I-95 NB,GP,110P04155,2025-10-29,670.0,4,49.49747468305833,8800.0,96,1.1,54.447222151364166,True,4.502097967641404,36349.75327883198,4.130653781685452,326.3114993163387,596.437377374823,23.592222222222215,465.0,False,False
I-95 NB,GP,110P04155,2025-10-30,670.0,4,49.49747468305833,8800.0,96,1.1,54.447222151364166,True,5.923891785810464,48106.82307459216,5.466684440294563,328.7511105491047,684.1846176977325,26.59777777777778,435.0,False,False
I-95 NB,GP,110P04155,2025-10-31,670.0,4,49.49747468305833,8800.0,96,1.1,54.447222151364166,True,2.6689188956299574,23475.50870222428,2.6676714434345774,352.9655846640477,513.1007184018451,37.1,465.0,False,False
I-95 NB,GP,110+04156,2025-10-01,671.0,4,49.49747468305833,8800.0,96,1.1,54.447222151364166,True,5.696315173229839,42366.002711905385,4.814318489989248,321.2318201653641,663.0107305591545,18.712222222222223,585.0,False,False
I-95 NB,GP,110+04156,2025-10-02,671.0,4,49.49747468305833,8800.0,96,1.1,54.447222151364166,False,0.0,0.0,0.0,,,,,False,False
I-95 NB,GP,110+04156,2025-10-03,671.0,4,49.49747468305833,8800.0,96,1.1,54.447222151364166,False,0.0,0.0,0.0,,,,,False,False
I-95 NB,GP,110+04156,2025-10-06,671.0,4,49.49747468305833,8800.0,96,1.1,54.447222151364166,True,4.640589386101013,37782.298019265356,4.293442956734699,345.3639461841746,623.7993093502354,30.00000000000001,450.0,False,False
I-95 NB,GP,110+04156,2025-10-07,671.0,4,49.49747468305833,8800.0,96,1.1,54.447222151364166,True,5.141629198514441,41956.441728438775,4.7677774691407695,335.4302054203899,643.9279573312564,29.671111111111117,450.0,False,False
I-95 NB,GP,110+04156,2025-10-08,671.0,4,49.49747468305833,8800.0,96,1.1,54.447222151364166,True,13.750290393503102,110765.23265693826,12.586958256470256,325.12869372915515,1150.1461173393413,23.80222222222223,480.0,False,False
I-95 NB,GP,110+04156,2025-10-09,671.0,4,49.49747468305833,8800.0,96,1.1,54.447222151364166,True,5.11170934417165,40922.724471406065,4.650309599023417,330.9898142771136,637.6923749274126,26.903333333333332,450.0,False,False
I-95 NB,GP,110+04156,2025-10-10,671.0,4,49.49747468305833,8800.0,96,1.1,54.447222151364166,True,14.418795140247532,107672.48137410296,12.235509247057156,333.1487826607626,1198.2764910756146,5.579999999999999,420.0,False,False
I-95 NB,GP,110+04156,2025-10-13,671.0,4,49.49747468305833,8800.0,96,1.1,54.447222151364166,True,0.6666506200035996,6405.102089265703,0.7278525101438299,549.7505802930094,589.7496174932254,52.93888888888889,555.0,False,False
I-95 NB,GP,110+04156,2025-10-14,671.0,4,49.49747468305833,8800.0,96,1.1,54.447222151364166,True,5.081978077784736,37737.38690782323,4.288339421343549,322.98555808651525,627.9042427535994,19.271111111111114,495.0,False,False
I-95 NB,GP,110+04156,2025-10-15,671.0,4,49.49747468305833,8800.0,96,1.1,54.447222151364166,True,10.393196960680298,85343.76799248352,9.69815545369131,331.2057925743804,954.7976102151983,28.233333333333334,450.0,False,False
I-95 NB,GP,110+04156,2025-10-16,671.0,4,49.49747468305833,8800.0,96,1.1,54.447222151364166,True,5.027478502270054,39712.65492433589,4.51280169594726,325.0748677955962,626.7235779317995,22.135555555555555,510.0,False,False
I-95 NB,GP,110+04156,2025-10-17,671.0,4,49.49747468305833,8800.0,96,1.1,54.447222151364166,False,0.0,0.0,0.0,,,,,False,False
I-95 NB,GP,110+04156,2025-10-20,671.0,4,49.49747468305833,8800.0,96,1.1,54.447222151364166,True,4.512221849188745,38433.891726584916,4.367487696202831,336.47318032096643,607.2064912722911,31.198888888888877,450.0,False,False
I-95 NB,GP,110+04156,2025-10-21,671.0,4,49.49747468305833,8800.0,96,1.1,54.447222151364166,True,2.102809161718982,16299.446794731633,1.8522098630376855,352.337914873286,478.50646457642495,30.74666666666667,435.0,False,False
I-95 NB,GP,110+04156,2025-10-22,671.0,4,49.49747468305833,8800.0,96,1.1,54.447222151364166,True,5.368551982624113,42416.14624574609,4.820016618834782,332.14936786936835,654.2624868268151,26.13,450.0,False,False
I-95 NB,GP,110+04156,2025-10-23,671.0,4,49.49747468305833,8800.0,96,1.1,54.447222151364166,False,0.0,0.0,0.0,,,,,False,False
I-95 NB,GP,110+04156,2025-10-24,671.0,4,49.49747468305833,8800.0,96,1.1,54.447222151364166,True,2.8576193782245887,24452.711939162247,2.7787172658138917,339.66605189583856,511.1232145893139,28.721111111111117,405.0,False,False
I-95 NB,GP,110+04156,2025-10-27,671.0,4,49.49747468305833,8800.0,96,1.1,54.447222151364166,True,4.821575784726668,39487.1237579956,4.487173154317682,335.42249527595703,624.7170423595571,30.515555555555554,435.0,False,False
I-95 NB,GP,110+04156,2025-10-28,671.0,4,49.49747468305833,8800.0,96,1.1,54.447222151364166,True,4.938084926581195,38982.37681049252,4.429815546646877,333.5493015967793,629.834397191651,28.21333333333334,435.0,False,False
I-95 NB,GP,110+04156,2025-10-29,671.0,4,49.49747468305833,8800.0,96,1.1,54.447222151364166,True,5.099701965584493,41315.13205394429,4.694901369766397,322.3164916998319,628.2986096349015,26.86222222222223,465.0,False,False
I-95 NB,GP,110+04156,2025-10-30,671.0,4,49.49747468305833,8800.0,96,1.1,54.447222151364166,True,6.15657056310894,49335.73685983385,5.606333734072028,318.44605835590147,687.8402921424379,28.223333333333333,435.0,False,False
I-95 NB,GP,110+04156,2025-10-31,671.0,4,49.49747468305833,8800.0,96,1.1,54.447222151364166,True,2.84868946628872,22874.47527684133,2.5993721905501515,350.1631746995152,521.0845426768384,31.572222222222223,465.0,False,False
I-95 NB,GP,110P04156,2025-10-01,672.0,4,49.49747468305833,8800.0,96,1.1,54.447222151364166,True,5.436794249600288,41755.16133576529,4.744904697246056,326.09719880417384,652.3048537801911,19.052222222222223,570.0,False,False
I-95 NB,GP,110P04156,2025-10-02,672.0,4,49.49747468305833,8800.0,96,1.1,54.447222151364166,True,2.706368719347615,21684.60968574356,2.464160191561768,346.6396155317821,509.021738692639,39.94777777777778,390.0,False,False
I-95 NB,GP,110P04156,2025-10-03,672.0,4,49.49747468305833,8800.0,96,1.1,54.447222151364166,True,2.391292378090672,19665.787971152007,2.2347486330854553,530.9756860240857,674.453228709526,45.64333333333334,570.0,False,False
I-95 NB,GP,110P04156,2025-10-06,672.0,4,49.49747468305833,8800.0,96,1.1,54.447222151364166,True,2.880090761948304,23436.302988083997,2.6632162486459086,351.07233515316375,523.877780870062,38.07333333333333,450.0,False,False
I-95 NB,GP,110P04156,2025-10-07,672.0,4,49.49747468305833,8800.0,96,1.1,54.447222151364166,True,4.446581036959127,38834.86249405558,4.41305255614268,348.23503107005916,615.0298932876068,39.565555555555555,450.0,False,False
I-95 NB,GP,110P04156,2025-10-08,672.0,4,49.49747468305833,8800.0,96,1.1,54.447222151364166,True,4.6684055204239945,38881.3163996659,4.418331409052943,328.47940459282876,608.5837358182685,28.176666666666673,510.0,False,False
I-95 NB,GP,110P04156,2025-10-09,672.0,4,49.49747468305833,8800.0,96,1.1,54.447222151364166,True,3.5941009976032823,29427.919775214636,3.344081792638027,336.35448654208045,552.0005463982774,35.276666666666664,510.0,False,False
I-95 NB,GP,110P04156,2025-10-10,672.0,4,49.49747468305833,8800.0,96,1.1,54.447222151364166,True,14.305166662319955,114687.0853048201,13.032623330093193,332.738049955982,1191.0480496951793,6.067777777777773,420.0,False,False
I-95 NB,GP,110P04156,2025-10-13,672.0,4,49.49747468305833,8800.0,96,1.1,54.447222151364166,False,0.0,0.0,0.0,,,,,False,False
I-95 NB,GP,110P04156,2025-10-14,672.0,4,49.49747468305833,8800.0,96,1.1,54.447222151364166,True,4.373459234502997,32836.44918521552,3.731414680138127,335.40587973786205,597.8134338080419,22.377777777777776,495.0,False,False
I-95 NB,GP,110P04156,2025-10-15,672.0,4,49.49747468305833,8800.0,96,1.1,54.447222151364166,True,5.358685828886383,43657.991478498974,4.961135395283974,336.797586196621,658.318735929804,29.74555555555556,465.0,False,False
I-95 NB,GP,110P04156,2025-10-16,672.0,4,49.49747468305833,8800.0,96,1.1,54.447222151364166,True,4.76419903962478,39483.77020005283,4.486792068187822,330.06081394023056,615.9127563177174,23.04444444444444,510.0,False,False
I-95 NB,GP,110P04156,2025-10-17,672.0,4,49.49747468305833,8800.0,96,1.1,54.447222151364166,True,2.6001917654868008,21437.05835135609,2.4360293581086463,360.79580425232507,516.8073101815331,39.065555555555555,420.0,False,False
I-95 NB,GP,110P04156,2025-10-20,672.0,4,49.49747468305833,8800.0,96,1.1,54.447222151364166,True,1.8711131156675123,15116.898596252602,1.7178293859377958,408.9855891827047,521.2523761227554,42.06111111111111,450.0,False,False
I-95 NB,GP,110P04156,2025-10-21,672.0,4,49.49747468305833,8800.0,96,1.1,54.447222151364166,True,1.8494770306319046,14872.943280950229,1.6901071910170715,365.14039255163516,476.10901438954943,36.436666666666675,405.0,False,False
I-95 NB,GP,110P04156,2025-10-22,672.0,4,49.49747468305833,8800.0,96,1.1,54.447222151364166,True,5.046053223197883,42203.48863423931,4.795850981163557,337.6643215099009,640.4275149017739,33.11555555555555,450.0,False,False
I-95 NB,GP,110P04156,2025-10-23,672.0,4,49.49747468305833,8800.0,96,1.1,54.447222151364166,True,5.097344146181119,44065.90572207936,5.007489286599927,343.8457359160628,649.68638468693,30.707777777777782,390.0,False,False
I-95 NB,GP,110P04156,2025-10-24,672.0,4,49.49747468305833,8800.0,96,1.1,54.447222151364166,True,2.8710775460484985,25512.726983177272,2.899173520815599,343.73924655137364,516.0038993142836,33.91444444444445,405.0,False,False
I-95 NB,GP,110P04156,2025-10-27,672.0,4,49.49747468305833,8800.0,96,1.1,54.447222151364166,True,3.048311067469057,25389.207825227204,2.885137252866728,334.18765496237046,517.0863190105139,36.48555555555555,390.0,False,False
I-95 NB,GP,110P04156,2025-10-28,672.0,4,49.49747468305833,8800.0,96,1.1,54.447222151364166,True,3.1504142647520363,25157.660646381944,2.858825073452494,345.7377214104331,534.7625772955553,33.25888888888889,390.0,False,False
I-95 NB,GP,110P04156,2025-10-29,672.0,4,49.49747468305833,8800.0,96,1.1,54.447222151364166,True,4.254360170712636,36039.69784164028,4.095420209277305,322.49232965415723,577.7539398969154,32.312222222222225,495.0,False,False
I-95 NB,GP,110P04156,2025-10-30,672.0,4,49.49747468305833,8800.0,96,1.1,54.447222151364166,True,5.019177719684783,42717.16872149798,4.854223718352044,323.5686938373249,624.7193570184119,33.86000000000001,450.0,False,False
I-95 NB,GP,110P04156,2025-10-31,672.0,4,49.49747468305833,8800.0,96,1.1,54.447222151364166,True,2.668241085667352,23135.283274720718,2.629009463036445,370.1744713897271,530.2689365297682,32.955555555555556,480.0,False,False
I-95 NB,GP,110+04157,2025-10-01,673.0,4,49.49747468305833,8800.0,96,1.1,54.447222151364166,True,5.329405004674882,42676.722278809844,4.849627531682937,326.5847579861639,646.3490582666568,20.87888888888888,570.0,False,False
I-95 NB,GP,110+04157,2025-10-02,673.0,4,49.49747468305833,8800.0,96,1.1,54.447222151364166,True,2.424014387930636,19465.15646939675,2.2119495987950852,349.0739766641457,494.51483993998386,38.25555555555555,390.0,False,False
I-95 NB,GP,110+04157,2025-10-03,673.0,4,49.49747468305833,8800.0,96,1.1,54.447222151364166,True,2.152597181022257,19538.98557190507,2.2203392695346666,366.8478262141449,496.0036570754803,41.00555555555555,405.0,False,False
I-95 NB,GP,110+04157,2025-10-06,673.0,4,49.49747468305833,8800.0,96,1.1,54.447222151364166,True,2.904685764958601,23761.07816344548,2.70012251857335,348.41580690378106,522.6969528012971,41.04666666666666,480.0,False,False
I-95 NB,GP,110+04157,2025-10-07,673.0,4,49.49747468305833,8800.0,96,1.1,54.447222151364166,True,4.148212680396255,36813.246966652325,4.183323518937764,341.77797013091885,590.6707309546941,42.27777777777778,405.0,False,False
I-95 NB,GP,110+04157,2025-10-08,673.0,4,49.49747468305833,8800.0,96,1.1,54.447222151364166,True,4.823438853079917,41877.43300593097,4.758799205219429,328.05233975825433,617.4586709430494,29.78222222222222,510.0,False,False
I-95 NB,GP,110+04157,2025-10-09,673.0,4,49.49747468305833,8800.0,96,1.1,54.447222151364166,True,3.6302967285880112,29932.724613986393,3.40144597886209,333.0615972985853,550.879401013866,38.577777777777776,510.0,False,False
I-95 NB,GP,110+04157,2025-10-10,673.0,4,49.49747468305833,8800.0,96,1.1,54.447222151364166,True,3.2298891144197444,19061.39229058449,2.1660673057482374,330.94789466529113,524.7412415304758,7.375555555555555,405.0,False,False
I-95 NB,GP,110+04157,2025-10-13,673.0,4,49.49747468305833,8800.0,96,1.1,54.447222151364166,False,0.0,0.0,0.0,,,,,False,False
I-95 NB,GP,110+04157,2025-10-14,673.0,4,49.49747468305833,8800.0,96,1.1,54.447222151364166,True,4.369392471500182,34609.45629042356,3.9328927602754042,333.72861863082977,595.8921669208407,27.631111111111114,525.0,False,False
I-95 NB,GP,110+04157,2025-10-15,673.0,4,49.49747468305833,8800.0,96,1.1,54.447222151364166,True,5.112213780791896,42331.223351958106,4.8103662899952395,337.58588171198227,644.318708559496,34.52555555555556,480.0,False,False
I-95 NB,GP,110+04157,2025-10-16,673.0,4,49.49747468305833,8800.0,96,1.1,54.447222151364166,True,4.664182941069792,40018.35124678273,4.547539914407128,327.7863675799042,607.6373440440917,25.582222222222224,510.0,False,False
I-95 NB,GP,110+04157,2025-10-17,673.0,4,49.49747468305833,8800.0,96,1.1,54.447222151364166,True,2.454926136876049,21582.957988375005,2.4526088623153415,357.8172350497862,505.11280326234913,41.15111111111111,390.0,False,False
I-95 NB,GP,110+04157,2025-10-20,673.0,4,49.49747468305833,8800.0,96,1.1,54.447222151364166,True,1.3628656905339749,10896.702231072422,1.2382616171673206,412.52659195694844,494.2985333889869,47.608888888888885,450.0,False,False
I-95 NB,GP,110+04157,2025-10-21,673.0,4,49.49747468305833,8800.0,96,1.1,54.447222151364166,True,1.7166186487300479,15089.310124019892,1.7146943322749877,366.32572697037256,469.32284589417543,39.607777777777784,405.0,False,False
I-95 NB,GP,110+04157,2025-10-22,673.0,4,49.49747468305833,8800.0,96,1.1,54.447222151364166,True,3.438748575524889,29581.673834266992,3.3615538448030673,334.95993216069024,541.2848466921836,35.31444444444443,390.0,False,False
I-95 NB,GP,110+04157,2025-10-23,673.0,4,49.49747468305833,8800.0,96,1.1,54.447222151364166,True,5.174660071369985,42211.18125884579,4.796725143050658,347.8562693774948,658.3358736596939,32.083333333333336,390.0,False,False
I-95 NB,GP,110+04157,2025-10-24,673.0,4,49.49747468305833,8800.0,96,1.1,54.447222151364166,True,2.879323404503195,25592.301781150654,2.9082161114943927,339.18709458638557,511.94649885657725,36.410000000000004,405.0,False,False
I-95 NB,GP,110+04157,2025-10-27,673.0,4,49.49747468305833,8800.0,96,1.1,54.447222151364166,True,2.7296088863342787,23475.55423723181,2.667676617867251,334.9379509666932,498.71448414674995,36.94111111111111,375.0,False,False
I-95 NB,GP,110+04157,2025-10-28,673.0,4,49.49747468305833,8800.0,96,1.1,54.447222151364166,True,3.051079687814273,25600.6140499947,2.909160687499398,346.73558711363154,529.8003683824879,36.65333333333333,390.0,False,False
I-95 NB,GP,110+04157,2025-10-29,673.0,4,49.49747468305833,8800.0,96,1.1,54.447222151364166,True,3.745735101129169,32203.88393560112,3.659532265409218,322.16431596585784,546.908422033608,38.47777777777778,495.0,False,False
I-95 NB,GP,110+04157,2025-10-30,673.0,4,49.49747468305833,8800.0,96,1.1,54.447222151364166,True,5.027431099306764,42686.97723772691,4.850792867923513,323.0437593496533,624.6896253080591,34.668888888888894,420.0,False,False
I-95 NB,GP,110+04157,2025-10-31,673.0,4,49.49747468305833,8800.0,96,1.1,54.447222151364166,True,2.593798629708138,20873.602569717485,2.3720002920133507,377.6126616284576,533.2405794109459,31.087777777777774,495.0,False,False
I-95 NB,GP,110P04157,2025-10-01,674.0,4,49.49747468305833,8800.0,96,1.1,54.447222151364166,True,5.383391433681028,40199.557844607436,4.568131573250845,330.8924582786935,653.8959442995551,19.492222222222235,525.0,False,False
I-95 NB,GP,110P04157,2025-10-02,674.0,4,49.49747468305833,8800.0,96,1.1,54.447222151364166,True,2.6237896052839007,21712.61224451411,2.4673423005129673,337.1863506208294,494.6137269378634,40.79111111111111,375.0,False,False
I-95 NB,GP,110P04157,2025-10-03,674.0,4,49.49747468305833,8800.0,96,1.1,54.447222151364166,True,3.688605306184446,30522.69409321501,3.468487965138069,362.62248343547736,583.9388018065441,44.84222222222221,405.0,False,False
I-95 NB,GP,110P04157,2025-10-06,674.0,4,49.49747468305833,8800.0,96,1.1,54.447222151364166,True,3.0536868720569523,26083.49738859205,2.964033794158188,340.08511333402066,523.3063256574378,42.03444444444444,495.0,False,False
I-95 NB,GP,110P04157,2025-10-07,674.0,4,49.49747468305833,8800.0,96,1.1,54.447222151364166,True,3.2681641951548035,28007.867114842207,3.18271217214116,340.02528125714747,536.1151329664357,35.55111111111111,495.0,False,False
I-95 NB,GP,110P04157,2025-10-08,674.0,4,49.49747468305833,8800.0,96,1.1,54.447222151364166,True,5.018882025549446,42488.46700746581,4.828234887212024,321.9446577703019,623.0775793032686,30.054444444444442,510.0,False,False
I-95 NB,GP,110P04157,2025-10-09,674.0,4,49.49747468305833,8800.0,96,1.1,54.447222151364166,True,3.7178533664766027,32484.48456571297,3.691418700649201,328.14953051938676,551.2207325079829,38.39222222222222,510.0,False,False
I-95 NB,GP,110P04157,2025-10-10,674.0,4,49.49747468305833,8800.0,96,1.1,54.447222151364166,True,3.363305285423927,24230.659749690298,2.7534840624648065,327.54677953179606,529.3450966572317,10.657777777777776,405.0,False,False
I-95 NB,GP,110P04157,2025-10-13,674.0,4,49.49747468305833,8800.0,96,1.1,54.447222151364166,False,0.0,0.0,0.0,,,,,False,False
I-95 NB,GP,110P04157,2025-10-14,674.0,4,49.49747468305833,8800.0,96,1.1,54.447222151364166,True,4.634590960970147,37297.657487357574,4.238370169017906,321.0438464481796,599.1193041063884,26.055555555555554,495.0,False,False
I-95 NB,GP,110P04157,2025-10-15,674.0,4,49.49747468305833,8800.0,96,1.1,54.447222151364166,True,5.2080340449474845,44864.91400248753,5.0982856821008555,334.38480959577424,646.8668522926233,32.54555555555555,480.0,False,False
I-95 NB,GP,110P04157,2025-10-16,674.0,4,49.49747468305833,8800.0,96,1.1,54.447222151364166,True,4.833166715640366,42205.4050230637,4.796068752620875,328.6871203505375,618.6771232889595,23.474444444444455,510.0,False,False
I-95 NB,GP,110P04157,2025-10-17,674.0,4,49.49747468305833,8800.0,96,1.1,54.447222151364166,True,2.6142198363210136,21923.90161473435,2.4913524562198126,352.3562167906918,509.2094069699526,45.80444444444444,390.0,False,False
I-95 NB,GP,110P04157,2025-10-20,674.0,4,49.49747468305833,8800.0,96,1.1,54.447222151364166,True,1.721202902697083,15241.73902876107,1.7320157987228488,410.4830256209991,513.7551997828241,47.90777777777777,435.0,False,False
I-95 NB,GP,110P04157,2025-10-21,674.0,4,49.49747468305833,8800.0,96,1.1,54.447222151364166,True,1.7668698746683826,15272.35451096007,1.735494830790917,360.0807937353084,466.0929862154114,44.72777777777778,405.0,False,False
I-95 NB,GP,110P04157,2025-10-22,674.0,4,49.49747468305833,8800.0,96,1.1,54.447222151364166,True,3.7069006696636135,30003.575435257324,3.4094972085519686,330.75837845851,553.1724186383268,35.422222222222224,510.0,False,False
I-95 NB,GP,110P04157,2025-10-23,674.0,4,49.49747468305833,8800.0,96,1.1,54.447222151364166,True,3.71202696119623,32258.5801072343,3.665747739458443,341.51015260798096,564.2317702797548,39.25222222222222,510.0,False,False
I-95 NB,GP,110P04157,2025-10-24,674.0,4,49.49747468305833,8800.0,96,1.1,54.447222151364166,True,2.915216185992652,26203.399485160124,2.9776590324045595,337.5268370602538,512.4398082198129,42.66777777777778,405.0,False,False
I-95 NB,GP,110P04157,2025-10-27,674.0,4,49.49747468305833,8800.0,96,1.1,54.447222151364166,True,2.972482601970167,26017.64337326603,2.9565503833256854,334.1274918532531,512.4764479714631,39.51888888888889,375.0,False,False
I-95 NB,GP,110P04157,2025-10-28,674.0,4,49.49747468305833,8800.0,96,1.1,54.447222151364166,True,3.174570508000799,28109.130603096408,3.194219386715501,342.5741454838045,533.0483759638524,41.70888888888888,390.0,False,False
I-95 NB,GP,110P04157,2025-10-29,674.0,4,49.49747468305833,8800.0,96,1.1,54.447222151364166,True,3.856708023710802,32423.31899124386,3.684468067186802,320.6645314558196,552.0670128784677,37.55888888888889,495.0,False,False
I-95 NB,GP,110P04157,2025-10-30,674.0,4,49.49747468305833,8800.0,96,1.1,54.447222151364166,True,5.333284776690109,45358.435175599385,5.154367633590839,317.9850231884153,637.9821097898218,37.33777777777778,405.0,False,False
I-95 NB,GP,110P04157,2025-10-31,674.0,4,49.49747468305833,8800.0,96,1.1,54.447222151364166,True,3.6587380400406517,29344.14723040581,3.3345621852733878,365.45125513403593,584.975537536475,29.54444444444444,495.0,False,False
I-95 NB,GP,110+04158,2025-10-01,675.0,4,49.49747468305833,8800.0,96,1.1,54.447222151364166,True,5.348117923851234,41147.14741640388,4.675812206409532,338.28786227044685,659.1749377015209,18.433333333333334,555.0,False,False
I-95 NB,GP,110+04158,2025-10-02,675.0,4,49.49747468305833,8800.0,96,1.1,54.447222151364166,True,4.300198063609357,37101.96629175769,4.216132533154283,334.2204971320705,592.2323809486319,43.194444444444436,540.0,False,False
I-95 NB,GP,110+04158,2025-10-03,675.0,4,49.49747468305833,8800.0,96,1.1,54.447222151364166,True,4.829281836946381,41583.36174890122,4.725382016920593,364.3778132117839,654.1347234285668,47.87555555555556,405.0,False,False
I-95 NB,GP,110+04158,2025-10-06,675.0,4,49.49747468305833,8800.0,96,1.1,54.447222151364166,True,3.2573612069997466,28339.43028984221,3.2203898056638876,339.29683296063445,534.7385053806192,41.78333333333334,495.0,False,False
I-95 NB,GP,110+04158,2025-10-07,675.0,4,49.49747468305833,8800.0,96,1.1,54.447222151364166,True,4.661522621515648,38713.48364113187,4.399259504674076,347.2970386608306,626.9883959517695,30.733333333333338,495.0,False,False
I-95 NB,GP,110+04158,2025-10-08,675.0,4,49.49747468305833,8800.0,96,1.1,54.447222151364166,True,14.13761286800133,122442.54340605467,13.913925387051666,314.7911582592007,1163.0479303392806,29.585555555555555,510.0,False,False
I-95 NB,GP,110+04158,2025-10-09,675.0,4,49.49747468305833,8800.0,96,1.1,54.447222151364166,True,3.7065088937556303,30403.848170738867,3.4549827466748715,330.53348402379726,552.9240176491351,38.835555555555565,510.0,False,False
I-95 NB,GP,110+04158,2025-10-10,675.0,4,49.49747468305833,8800.0,96,1.1,54.447222151364166,True,3.4148869231318866,26445.262253516914,3.0051434378996493,323.64758940900435,528.5408047969175,18.052222222222227,405.0,False,False
I-95 NB,GP,110+04158,2025-10-13,675.0,4,49.49747468305833,8800.0,96,1.1,54.447222151364166,True,0.6465240804257538,6519.092727147245,0.7408059917212778,552.5725003188612,591.3639451444064,52.958888888888886,570.0,False,False
I-95 NB,GP,110+04158,2025-10-14,675.0,4,49.49747468305833,8800.0,96,1.1,54.447222151364166,True,4.839462810480811,42019.99454956627,4.77499938063253,313.52865948706375,603.8964281159124,25.257777777777786,510.0,False,False
I-95 NB,GP,110+04158,2025-10-15,675.0,4,49.49747468305833,8800.0,96,1.1,54.447222151364166,True,5.41960298369249,47141.44013414184,5.356981833425209,337.71752025942106,662.8936992809705,32.71,480.0,False,False
I-95 NB,GP,110+04158,2025-10-16,675.0,4,49.49747468305833,8800.0,96,1.1,54.447222151364166,True,5.0669042271626274,44385.7899540802,5.043839767509114,326.37769417167755,630.3919478014352,22.461111111111112,510.0,False,False
I-95 NB,GP,110+04158,2025-10-17,675.0,4,49.49747468305833,8800.0,96,1.1,54.447222151364166,True,2.7458037088145746,24146.7280634586,2.743946370847568,352.50297893430644,517.2512014631809,48.22444444444444,420.0,False,False
I-95 NB,GP,110+04158,2025-10-20,675.0,4,49.49747468305833,8800.0,96,1.1,54.447222151364166,True,2.9116325674132897,26181.428166028174,2.9751622915941107,411.5629414015491,586.2608954463465,49.86666666666667,435.0,False,False
I-95 NB,GP,110+04158,2025-10-21,675.0,4,49.49747468305833,8800.0,96,1.1,54.447222151364166,True,1.687846041282388,15313.686553219999,1.740191653775,366.94868641924137,468.21944889618464,48.21999999999999,435.0,False,False
I-95 NB,GP,110+04158,2025-10-22,675.0,4,49.49747468305833,8800.0,96,1.1,54.447222151364166,True,5.366286570701024,45787.38247032723,5.203111644355367,332.5142826683236,654.491476910385,39.18111111111111,510.0,False,False
I-95 NB,GP,110+04158,2025-10-23,675.0,4,49.49747468305833,8800.0,96,1.1,54.447222151364166,True,3.6920938524158333,32410.454908738877,3.683006239629418,340.3021981412917,561.8278292862417,38.32,510.0,False,False
I-95 NB,GP,110+04158,2025-10-24,675.0,4,49.49747468305833,8800.0,96,1.1,54.447222151364166,True,2.6064626012273653,21950.071003833986,2.4943262504356802,346.8031526307687,503.1909087044106,49.77666666666667,420.0,False,False
I-95 NB,GP,110+04158,2025-10-27,675.0,4,49.49747468305833,8800.0,96,1.1,54.447222151364166,True,3.4137077442216586,30622.142298096187,3.47978889751093,339.1763153678791,543.9987800211786,45.24666666666666,375.0,False,False
I-95 NB,GP,110+04158,2025-10-28,675.0,4,49.49747468305833,8800.0,96,1.1,54.447222151364166,True,3.324902353555824,28278.085596776797,3.213418817815545,338.4164704584319,537.9106116717813,41.801111111111105,495.0,False,False
I-95 NB,GP,110+04158,2025-10-29,675.0,4,49.49747468305833,8800.0,96,1.1,54.447222151364166,True,3.970437986957498,34644.3743497032,3.9368607215571814,321.75329959633797,559.9795788137878,37.33111111111111,495.0,False,False
I-95 NB,GP,110+04158,2025-10-30,675.0,4,49.49747468305833,8800.0,96,1.1,54.447222151364166,True,5.516479705069597,47796.62880754457,5.431435091766429,312.93024888303415,643.91903118721,39.623333333333335,405.0,False,False
I-95 NB,GP,110+04158,2025-10-31,675.0,4,49.49747468305833,8800.0,96,1.1,54.447222151364166,True,3.703465976065745,31927.53670664555,3.628129171209722,364.93811933805483,587.1460779019995,33.72222222222222,495.0,False,False
I-95 NB,GP,110P04159,2025-10-01,676.001,4,49.49747468305833,8800.0,96,1.1,54.447222151364166,True,2.784113931789949,18443.081177555418,2.095804679267661,429.8163000070351,596.8631359144321,8.831111111111111,525.0,False,False
I-95 NB,GP,110P04159,2025-10-02,676.001,4,49.49747468305833,8800.0,96,1.1,54.447222151364166,True,1.9576956548735704,12298.71838279441,1.3975816344084557,473.5349595670415,590.9966988594557,8.32111111111111,525.0,False,False
I-95 NB,GP,110P04159,2025-10-03,676.001,4,49.49747468305833,8800.0,96,1.1,54.447222151364166,False,0.0,0.0,0.0,,,,,False,False
I-95 NB,GP,110P04159,2025-10-06,676.001,4,49.49747468305833,8800.0,96,1.1,54.447222151364166,False,0.0,0.0,0.0,,,,,False,False
I-95 NB,GP,110P04159,2025-10-07,676.001,4,49.49747468305833,8800.0,96,1.1,54.447222151364166,True,0.6508013448146756,6230.221570916058,0.7079797239677339,502.05849640281565,541.1065770916962,52.068888888888885,510.0,False,False
I-95 NB,GP,110P04159,2025-10-08,676.001,4,49.49747468305833,8800.0,96,1.1,54.447222151364166,True,1.4936109677407843,11305.000550808927,1.2846591535010143,475.2915026064452,564.9081606708922,19.063333333333333,525.0,False,False
I-95 NB,GP,110P04159,2025-10-09,676.001,4,49.49747468305833,8800.0,96,1.1,54.447222151364166,True,2.0269021597383583,15491.340895860805,1.7603796472569098,446.0200181371396,567.6341477214411,20.412222222222226,510.0,False,False
I-95 NB,GP,110P04159,2025-10-10,676.001,4,49.49747468305833,8800.0,96,1.1,54.447222151364166,False,0.0,0.0,0.0,,,,,False,False
I-95 NB,GP,110P04159,2025-10-13,676.001,4,49.49747468305833,8800.0,96,1.1,54.447222151364166,False,0.0,0.0,0.0,,,,,False,False
I-95 NB,GP,110P04159,2025-10-14,676.001,4,49.49747468305833,8800.0,96,1.1,54.447222151364166,True,1.9113699276166092,14193.856969457534,1.6129382919838107,453.352138145916,568.0343338029126,30.38,540.0,False,False
I-95 NB,GP,110P04159,2025-10-15,676.001,4,49.49747468305833,8800.0,96,1.1,54.447222151364166,True,1.588863024112525,10697.549853421902,1.2156306651615798,467.5777048037387,562.9094862504902,17.748888888888885,510.0,False,False
I-95 NB,GP,110P04159,2025-10-16,676.001,4,49.49747468305833,8800.0,96,1.1,54.447222151364166,True,1.919094035183584,10912.46734785679,1.2400531077109989,465.43450090165084,580.5801430126659,11.124444444444444,510.0,False,False
I-95 NB,GP,110P04159,2025-10-17,676.001,4,49.49747468305833,8800.0,96,1.1,54.447222151364166,False,0.0,0.0,0.0,,,,,False,False
I-95 NB,GP,110P04159,2025-10-20,676.001,4,49.49747468305833,8800.0,87,1.1,54.447222151364166,False,0.0,0.0,0.0,,,,,False,False
I-95 NB,GP,110P04159,2025-10-21,676.001,4,49.49747468305833,8800.0,96,1.1,54.447222151364166,False,0.0,0.0,0.0,,,,,False,False
I-95 NB,GP,110P04159,2025-10-22,676.001,4,49.49747468305833,8800.0,96,1.1,54.447222151364166,False,0.0,0.0,0.0,,,,,False,False
I-95 NB,GP,110P04159,2025-10-23,676.001,4,49.49747468305833,8800.0,96,1.1,54.447222151364166,True,0.9395023384651078,8235.978997291642,0.9359067042376866,487.9854292314577,544.3555695393642,42.19777777777778,510.0,False,False
I-95 NB,GP,110P04159,2025-10-24,676.001,4,49.49747468305833,8800.0,96,1.1,54.447222151364166,False,0.0,0.0,0.0,,,,,False,False
I-95 NB,GP,110P04159,2025-10-27,676.001,4,49.49747468305833,8800.0,96,1.1,54.447222151364166,False,0.0,0.0,0.0,,,,,False,False
I-95 NB,GP,110P04159,2025-10-28,676.001,4,49.49747468305833,8800.0,96,1.1,54.447222151364166,True,1.9379950005388689,14038.321942804001,1.5952638571368183,438.4800152912442,554.7597153235763,33.87777777777777,525.0,False,False
I-95 NB,GP,110P04159,2025-10-29,676.001,4,49.49747468305833,8800.0,96,1.1,54.447222151364166,False,0.0,0.0,0.0,,,,,False,False
I-95 NB,GP,110P04159,2025-10-30,676.001,4,49.49747468305833,8800.0,96,1.1,54.447222151364166,True,0.5981988104787423,4337.872658205561,0.4929400747960864,499.9675327860752,535.8594614147997,52.21555555555556,510.0,False,False
I-95 NB,GP,110P04159,2025-10-31,676.001,4,49.49747468305833,8800.0,96,1.1,54.447222151364166,True,1.0256642209056064,8566.114551150962,0.9734221080853366,508.13863735569527,569.6784906100316,45.63888888888889,540.0,False,False
