corridor,facility,tmc_code,date_local,road_order,lanes,capacity_speed_mph,capacity_vph_link,observed_15min_bins,threshold_multiplier,threshold_speed_mph,episode_identified,duration_h,demand_veh_link,d_over_c_h,episode_start_minute,episode_end_minute,minimum_speed_mph,minimum_speed_minute,touches_data_start,touches_data_end
I-95 HOV NB,HOV,110+04658,2025-10-01,1.0,2,51.618795026617974,4000.0,96,0.9,46.45691552395618,False,0.0,0.0,0.0,,,,,False,False
I-95 HOV NB,HOV,110+04658,2025-10-02,1.0,2,51.618795026617974,4000.0,96,0.9,46.45691552395618,False,0.0,0.0,0.0,,,,,False,False
I-95 HOV NB,HOV,110+04658,2025-10-03,1.0,2,51.618795026617974,4000.0,96,0.9,46.45691552395618,False,0.0,0.0,0.0,,,,,False,False
I-95 HOV NB,HOV,110+04658,2025-10-06,1.0,2,51.618795026617974,4000.0,96,0.9,46.45691552395618,False,0.0,0.0,0.0,,,,,False,False
I-95 HOV NB,HOV,110+04658,2025-10-07,1.0,2,51.618795026617974,4000.0,96,0.9,46.45691552395618,False,0.0,0.0,0.0,,,,,False,False
I-95 HOV NB,HOV,110+04658,2025-10-08,1.0,2,51.618795026617974,4000.0,96,0.9,46.45691552395618,False,0.0,0.0,0.0,,,,,False,False
I-95 HOV NB,HOV,110+04658,2025-10-09,1.0,2,51.618795026617974,4000.0,96,0.9,46.45691552395618,False,0.0,0.0,0.0,,,,,False,False
I-95 HOV NB,HOV,110+04658,2025-10-10,1.0,2,51.618795026617974,4000.0,96,0.9,46.45691552395618,False,0.0,0.0,0.0,,,,,False,False
I-95 HOV NB,HOV,110+04658,2025-10-13,1.0,2,51.618795026617974,4000.0,96,0.9,46.45691552395618,False,0.0,0.0,0.0,,,,,False,False
I-95 HOV NB,HOV,110+04658,2025-10-14,1.0,2,51.618795026617974,4000.0,96,0.9,46.45691552395618,False,0.0,0.0,0.0,,,,,False,False
I-95 HOV NB,HOV,110+04658,2025-10-15,1.0,2,51.618795026617974,4000.0,96,0.9,46.45691552395618,False,0.0,0.0,0.0,,,,,False,False
I-95 HOV NB,HOV,110+04658,2025-10-16,1.0,2,51.618795026617974,4000.0,96,0.9,46.45691552395618,False,0.0,0.0,0.0,,,,,False,False
I-95 HOV NB,HOV,110+04658,2025-10-17,1.0,2,51.618795026617974,4000.0,96,0.9,46.45691552395618,False,0.0,0.0,0.0,,,,,False,False
I-95 HOV NB,HOV,110+04658,2025-10-20,1.0,2,51.618795026617974,4000.0,96,0.9,46.45691552395618,False,0.0,0.0,0.0,,,,,False,False
I-95 HOV NB,HOV,110+04658,2025-10-21,1.0,2,51.618795026617974,4000.0,96,0.9,46.45691552395618,False,0.0,0.0,0.0,,,,,False,False
I-95 HOV NB,HOV,110+04658,2025-10-22,1.0,2,51.618795026617974,4000.0,96,0.9,46.45691552395618,False,0.0,0.0,0.0,,,,,False,False
I-95 HOV NB,HOV,110+04658,2025-10-23,1.0,2,51.618795026617974,4000.0,96,0.9,46.45691552395618,False,0.0,0.0,0.0,,,,,False,False
I-95 HOV NB,HOV,110+04658,2025-10-24,1.0,2,51.618795026617974,4000.0,96,0.9,46.45691552395618,False,0.0,0.0,0.0,,,,,False,False
I-95 HOV NB,HOV,110+04658,2025-10-27,1.0,2,51.618795026617974,4000.0,96,0.9,46.45691552395618,True,0.633757272084234,2613.870455184444,0.653467613796111,384.6258615731804,422.6512978982344,32.10333333333333,405.0,False,False
I-95 HOV NB,HOV,110+04658,2025-10-28,1.0,2,51.618795026617974,4000.0,96,0.9,46.45691552395618,False,0.0,0.0,0.0,,,,,False,False
I-95 HOV NB,HOV,110+04658,2025-10-29,1.0,2,51.618795026617974,4000.0,96,0.9,46.45691552395618,False,0.0,0.0,0.0,,,,,False,False
I-95 HOV NB,HOV,110+04658,2025-10-30,1.0,2,51.618795026617974,4000.0,96,0.9,46.45691552395618,False,0.0,0.0,0.0,,,,,False,False
I-95 HOV NB,HOV,110+04658,2025-10-31,1.0,2,51.618795026617974,4000.0,96,0.9,46.45691552395618,False,0.0,0.0,0.0,,,,,False,False
I-95 HOV NB,HOV,110P04660,2025-10-01,4.0,2,50.204581464244875,4000.0,96,0.9,45.18412331782039,False,0.0,0.0,0.0,,,,,False,False
I-95 HOV NB,HOV,110P04660,2025-10-02,4.0,2,50.204581464244875,4000.0,96,0.9,45.18412331782039,False,0.0,0.0,0.0,,,,,False,False
I-95 HOV NB,HOV,110P04660,2025-10-03,4.0,2,50.204581464244875,4000.0,96,0.9,45.18412331782039,False,0.0,0.0,0.0,,,,,False,False
I-95 HOV NB,HOV,110P04660,2025-10-06,4.0,2,50.204581464244875,4000.0,96,0.9,45.18412331782039,False,0.0,0.0,0.0,,,,,False,False
I-95 HOV NB,HOV,110P04660,2025-10-07,4.0,2,50.204581464244875,4000.0,96,0.9,45.18412331782039,False,0.0,0.0,0.0,,,,,False,False
I-95 HOV NB,HOV,110P04660,2025-10-08,4.0,2,50.204581464244875,4000.0,96,0.9,45.18412331782039,False,0.0,0.0,0.0,,,,,False,False
I-95 HOV NB,HOV,110P04660,2025-10-09,4.0,2,50.204581464244875,4000.0,96,0.9,45.18412331782039,False,0.0,0.0,0.0,,,,,False,False
I-95 HOV NB,HOV,110P04660,2025-10-10,4.0,2,50.204581464244875,4000.0,96,0.9,45.18412331782039,False,0.0,0.0,0.0,,,,,False,False
I-95 HOV NB,HOV,110P04660,2025-10-13,4.0,2,50.204581464244875,4000.0,96,0.9,45.18412331782039,False,0.0,0.0,0.0,,,,,False,False
I-95 HOV NB,HOV,110P04660,2025-10-14,4.0,2,50.204581464244875,4000.0,96,0.9,45.18412331782039,False,0.0,0.0,0.0,,,,,False,False
I-95 HOV NB,HOV,110P04660,2025-10-15,4.0,2,50.204581464244875,4000.0,96,0.9,45.18412331782039,False,0.0,0.0,0.0,,,,,False,False
I-95 HOV NB,HOV,110P04660,2025-10-16,4.0,2,50.204581464244875,4000.0,96,0.9,45.18412331782039,False,0.0,0.0,0.0,,,,,False,False
I-95 HOV NB,HOV,110P04660,2025-10-17,4.0,2,50.204581464244875,4000.0,96,0.9,45.18412331782039,False,0.0,0.0,0.0,,,,,False,False
I-95 HOV NB,HOV,110P04660,2025-10-20,4.0,2,50.204581464244875,4000.0,96,0.9,45.18412331782039,False,0.0,0.0,0.0,,,,,False,False
I-95 HOV NB,HOV,110P04660,2025-10-21,4.0,2,50.204581464244875,4000.0,96,0.9,45.18412331782039,False,0.0,0.0,0.0,,,,,False,False
I-95 HOV NB,HOV,110P04660,2025-10-22,4.0,2,50.204581464244875,4000.0,96,0.9,45.18412331782039,False,0.0,0.0,0.0,,,,,False,False
I-95 HOV NB,HOV,110P04660,2025-10-23,4.0,2,50.204581464244875,4000.0,96,0.9,45.18412331782039,False,0.0,0.0,0.0,,,,,False,False
I-95 HOV NB,HOV,110P04660,2025-10-24,4.0,2,50.204581464244875,4000.0,96,0.9,45.18412331782039,False,0.0,0.0,0.0,,,,,False,False
I-95 HOV NB,HOV,110P04660,2025-10-27,4.0,2,50.204581464244875,4000.0,96,0.9,45.18412331782039,False,0.0,0.0,0.0,,,,,False,False
I-95 HOV NB,HOV,110P04660,2025-10-28,4.0,2,50.204581464244875,4000.0,96,0.9,45.18412331782039,False,0.0,0.0,0.0,,,,,False,False
I-95 HOV NB,HOV,110P04660,2025-10-29,4.0,2,50.204581464244875,4000.0,96,0.9,45.18412331782039,False,0.0,0.0,0.0,,,,,False,False
I-95 HOV NB,HOV,110P04660,2025-10-30,4.0,2,50.204581464244875,4000.0,96,0.9,45.18412331782039,False,0.0,0.0,0.0,,,,,False,False
I-95 HOV NB,HOV,110P04660,2025-10-31,4.0,2,50.204581464244875,4000.0,96,0.9,45.18412331782039,False,0.0,0.0,0.0,,,,,False,False
I-95 HOV NB,HOV,110+04661,2025-10-01,5.0,2,50.204581464244875,4000.0,96,0.9,45.18412331782039,False,0.0,0.0,0.0,,,,,False,False
I-95 HOV NB,HOV,110+04661,2025-10-02,5.0,2,50.204581464244875,4000.0,96,0.9,45.18412331782039,False,0.0,0.0,0.0,,,,,False,False
I-95 HOV NB,HOV,110+04661,2025-10-03,5.0,2,50.204581464244875,4000.0,96,0.9,45.18412331782039,False,0.0,0.0,0.0,,,,,False,False
I-95 HOV NB,HOV,110+04661,2025-10-06,5.0,2,50.204581464244875,4000.0,96,0.9,45.18412331782039,False,0.0,0.0,0.0,,,,,False,False
I-95 HOV NB,HOV,110+04661,2025-10-07,5.0,2,50.204581464244875,4000.0,96,0.9,45.18412331782039,False,0.0,0.0,0.0,,,,,False,False
I-95 HOV NB,HOV,110+04661,2025-10-08,5.0,2,50.204581464244875,4000.0,96,0.9,45.18412331782039,False,0.0,0.0,0.0,,,,,False,False
I-95 HOV NB,HOV,110+04661,2025-10-09,5.0,2,50.204581464244875,4000.0,96,0.9,45.18412331782039,False,0.0,0.0,0.0,,,,,False,False
I-95 HOV NB,HOV,110+04661,2025-10-10,5.0,2,50.204581464244875,4000.0,96,0.9,45.18412331782039,False,0.0,0.0,0.0,,,,,False,False
I-95 HOV NB,HOV,110+04661,2025-10-13,5.0,2,50.204581464244875,4000.0,96,0.9,45.18412331782039,False,0.0,0.0,0.0,,,,,False,False
I-95 HOV NB,HOV,110+04661,2025-10-14,5.0,2,50.204581464244875,4000.0,96,0.9,45.18412331782039,False,0.0,0.0,0.0,,,,,False,False
I-95 HOV NB,HOV,110+04661,2025-10-15,5.0,2,50.204581464244875,4000.0,96,0.9,45.18412331782039,False,0.0,0.0,0.0,,,,,False,False
I-95 HOV NB,HOV,110+04661,2025-10-16,5.0,2,50.204581464244875,4000.0,96,0.9,45.18412331782039,False,0.0,0.0,0.0,,,,,False,False
I-95 HOV NB,HOV,110+04661,2025-10-17,5.0,2,50.204581464244875,4000.0,96,0.9,45.18412331782039,False,0.0,0.0,0.0,,,,,False,False
I-95 HOV NB,HOV,110+04661,2025-10-20,5.0,2,50.204581464244875,4000.0,96,0.9,45.18412331782039,False,0.0,0.0,0.0,,,,,False,False
I-95 HOV NB,HOV,110+04661,2025-10-21,5.0,2,50.204581464244875,4000.0,96,0.9,45.18412331782039,False,0.0,0.0,0.0,,,,,False,False
I-95 HOV NB,HOV,110+04661,2025-10-22,5.0,2,50.204581464244875,4000.0,96,0.9,45.18412331782039,False,0.0,0.0,0.0,,,,,False,False
I-95 HOV NB,HOV,110+04661,2025-10-23,5.0,2,50.204581464244875,4000.0,96,0.9,45.18412331782039,False,0.0,0.0,0.0,,,,,False,False
I-95 HOV NB,HOV,110+04661,2025-10-24,5.0,2,50.204581464244875,4000.0,96,0.9,45.18412331782039,False,0.0,0.0,0.0,,,,,False,False
I-95 HOV NB,HOV,110+04661,2025-10-27,5.0,2,50.204581464244875,4000.0,96,0.9,45.18412331782039,False,0.0,0.0,0.0,,,,,False,False
I-95 HOV NB,HOV,110+04661,2025-10-28,5.0,2,50.204581464244875,4000.0,96,0.9,45.18412331782039,False,0.0,0.0,0.0,,,,,False,False
I-95 HOV NB,HOV,110+04661,2025-10-29,5.0,2,50.204581464244875,4000.0,96,0.9,45.18412331782039,False,0.0,0.0,0.0,,,,,False,False
I-95 HOV NB,HOV,110+04661,2025-10-30,5.0,2,50.204581464244875,4000.0,96,0.9,45.18412331782039,False,0.0,0.0,0.0,,,,,False,False
I-95 HOV NB,HOV,110+04661,2025-10-31,5.0,2,50.204581464244875,4000.0,96,0.9,45.18412331782039,False,0.0,0.0,0.0,,,,,False,False
I-95 HOV NB,HOV,110P04661,2025-10-01,6.0,2,50.204581464244875,4000.0,96,0.9,45.18412331782039,False,0.0,0.0,0.0,,,,,False,False
I-95 HOV NB,HOV,110P04661,2025-10-02,6.0,2,50.204581464244875,4000.0,96,0.9,45.18412331782039,False,0.0,0.0,0.0,,,,,False,False
I-95 HOV NB,HOV,110P04661,2025-10-03,6.0,2,50.204581464244875,4000.0,96,0.9,45.18412331782039,False,0.0,0.0,0.0,,,,,False,False
I-95 HOV NB,HOV,110P04661,2025-10-06,6.0,2,50.204581464244875,4000.0,96,0.9,45.18412331782039,False,0.0,0.0,0.0,,,,,False,False
I-95 HOV NB,HOV,110P04661,2025-10-07,6.0,2,50.204581464244875,4000.0,96,0.9,45.18412331782039,False,0.0,0.0,0.0,,,,,False,False
I-95 HOV NB,HOV,110P04661,2025-10-08,6.0,2,50.204581464244875,4000.0,96,0.9,45.18412331782039,False,0.0,0.0,0.0,,,,,False,False
I-95 HOV NB,HOV,110P04661,2025-10-09,6.0,2,50.204581464244875,4000.0,96,0.9,45.18412331782039,False,0.0,0.0,0.0,,,,,False,False
I-95 HOV NB,HOV,110P04661,2025-10-10,6.0,2,50.204581464244875,4000.0,96,0.9,45.18412331782039,False,0.0,0.0,0.0,,,,,False,False
I-95 HOV NB,HOV,110P04661,2025-10-13,6.0,2,50.204581464244875,4000.0,96,0.9,45.18412331782039,False,0.0,0.0,0.0,,,,,False,False
I-95 HOV NB,HOV,110P04661,2025-10-14,6.0,2,50.204581464244875,4000.0,96,0.9,45.18412331782039,False,0.0,0.0,0.0,,,,,False,False
I-95 HOV NB,HOV,110P04661,2025-10-15,6.0,2,50.204581464244875,4000.0,96,0.9,45.18412331782039,False,0.0,0.0,0.0,,,,,False,False
I-95 HOV NB,HOV,110P04661,2025-10-16,6.0,2,50.204581464244875,4000.0,96,0.9,45.18412331782039,False,0.0,0.0,0.0,,,,,False,False
I-95 HOV NB,HOV,110P04661,2025-10-17,6.0,2,50.204581464244875,4000.0,96,0.9,45.18412331782039,False,0.0,0.0,0.0,,,,,False,False
I-95 HOV NB,HOV,110P04661,2025-10-20,6.0,2,50.204581464244875,4000.0,96,0.9,45.18412331782039,False,0.0,0.0,0.0,,,,,False,False
I-95 HOV NB,HOV,110P04661,2025-10-21,6.0,2,50.204581464244875,4000.0,96,0.9,45.18412331782039,False,0.0,0.0,0.0,,,,,False,False
I-95 HOV NB,HOV,110P04661,2025-10-22,6.0,2,50.204581464244875,4000.0,96,0.9,45.18412331782039,False,0.0,0.0,0.0,,,,,False,False
I-95 HOV NB,HOV,110P04661,2025-10-23,6.0,2,50.204581464244875,4000.0,96,0.9,45.18412331782039,False,0.0,0.0,0.0,,,,,False,False
I-95 HOV NB,HOV,110P04661,2025-10-24,6.0,2,50.204581464244875,4000.0,96,0.9,45.18412331782039,False,0.0,0.0,0.0,,,,,False,False
I-95 HOV NB,HOV,110P04661,2025-10-27,6.0,2,50.204581464244875,4000.0,96,0.9,45.18412331782039,False,0.0,0.0,0.0,,,,,False,False
I-95 HOV NB,HOV,110P04661,2025-10-28,6.0,2,50.204581464244875,4000.0,96,0.9,45.18412331782039,False,0.0,0.0,0.0,,,,,False,False
I-95 HOV NB,HOV,110P04661,2025-10-29,6.0,2,50.204581464244875,4000.0,96,0.9,45.18412331782039,False,0.0,0.0,0.0,,,,,False,False
I-95 HOV NB,HOV,110P04661,2025-10-30,6.0,2,50.204581464244875,4000.0,96,0.9,45.18412331782039,False,0.0,0.0,0.0,,,,,False,False
I-95 HOV NB,HOV,110P04661,2025-10-31,6.0,2,50.204581464244875,4000.0,96,0.9,45.18412331782039,False,0.0,0.0,0.0,,,,,False,False
I-95 HOV NB,HOV,110+04662,2025-10-01,7.0,2,49.49747468305833,4000.0,96,0.9,44.5477272147525,False,0.0,0.0,0.0,,,,,False,False
I-95 HOV NB,HOV,110+04662,2025-10-02,7.0,2,49.49747468305833,4000.0,96,0.9,44.5477272147525,False,0.0,0.0,0.0,,,,,False,False
I-95 HOV NB,HOV,110+04662,2025-10-03,7.0,2,49.49747468305833,4000.0,96,0.9,44.5477272147525,False,0.0,0.0,0.0,,,,,False,False
I-95 HOV NB,HOV,110+04662,2025-10-06,7.0,2,49.49747468305833,4000.0,96,0.9,44.5477272147525,False,0.0,0.0,0.0,,,,,False,False
I-95 HOV NB,HOV,110+04662,2025-10-07,7.0,2,49.49747468305833,4000.0,96,0.9,44.5477272147525,False,0.0,0.0,0.0,,,,,False,False
I-95 HOV NB,HOV,110+04662,2025-10-08,7.0,2,49.49747468305833,4000.0,96,0.9,44.5477272147525,False,0.0,0.0,0.0,,,,,False,False
I-95 HOV NB,HOV,110+04662,2025-10-09,7.0,2,49.49747468305833,4000.0,96,0.9,44.5477272147525,False,0.0,0.0,0.0,,,,,False,False
I-95 HOV NB,HOV,110+04662,2025-10-10,7.0,2,49.49747468305833,4000.0,96,0.9,44.5477272147525,False,0.0,0.0,0.0,,,,,False,False
I-95 HOV NB,HOV,110+04662,2025-10-13,7.0,2,49.49747468305833,4000.0,96,0.9,44.5477272147525,False,0.0,0.0,0.0,,,,,False,False
I-95 HOV NB,HOV,110+04662,2025-10-14,7.0,2,49.49747468305833,4000.0,96,0.9,44.5477272147525,False,0.0,0.0,0.0,,,,,False,False
I-95 HOV NB,HOV,110+04662,2025-10-15,7.0,2,49.49747468305833,4000.0,96,0.9,44.5477272147525,False,0.0,0.0,0.0,,,,,False,False
I-95 HOV NB,HOV,110+04662,2025-10-16,7.0,2,49.49747468305833,4000.0,96,0.9,44.5477272147525,False,0.0,0.0,0.0,,,,,False,False
I-95 HOV NB,HOV,110+04662,2025-10-17,7.0,2,49.49747468305833,4000.0,96,0.9,44.5477272147525,False,0.0,0.0,0.0,,,,,False,False
I-95 HOV NB,HOV,110+04662,2025-10-20,7.0,2,49.49747468305833,4000.0,96,0.9,44.5477272147525,False,0.0,0.0,0.0,,,,,False,False
I-95 HOV NB,HOV,110+04662,2025-10-21,7.0,2,49.49747468305833,4000.0,96,0.9,44.5477272147525,False,0.0,0.0,0.0,,,,,False,False
I-95 HOV NB,HOV,110+04662,2025-10-22,7.0,2,49.49747468305833,4000.0,96,0.9,44.5477272147525,False,0.0,0.0,0.0,,,,,False,False
I-95 HOV NB,HOV,110+04662,2025-10-23,7.0,2,49.49747468305833,4000.0,96,0.9,44.5477272147525,False,0.0,0.0,0.0,,,,,False,False
I-95 HOV NB,HOV,110+04662,2025-10-24,7.0,2,49.49747468305833,4000.0,96,0.9,44.5477272147525,False,0.0,0.0,0.0,,,,,False,False
I-95 HOV NB,HOV,110+04662,2025-10-27,7.0,2,49.49747468305833,4000.0,96,0.9,44.5477272147525,False,0.0,0.0,0.0,,,,,False,False
I-95 HOV NB,HOV,110+04662,2025-10-28,7.0,2,49.49747468305833,4000.0,96,0.9,44.5477272147525,False,0.0,0.0,0.0,,,,,False,False
I-95 HOV NB,HOV,110+04662,2025-10-29,7.0,2,49.49747468305833,4000.0,96,0.9,44.5477272147525,False,0.0,0.0,0.0,,,,,False,False
I-95 HOV NB,HOV,110+04662,2025-10-30,7.0,2,49.49747468305833,4000.0,96,0.9,44.5477272147525,False,0.0,0.0,0.0,,,,,False,False
I-95 HOV NB,HOV,110+04662,2025-10-31,7.0,2,49.49747468305833,4000.0,96,0.9,44.5477272147525,False,0.0,0.0,0.0,,,,,False,False
I-95 HOV NB,HOV,110P04662,2025-10-01,8.0,2,50.204581464244875,4000.0,96,0.9,45.18412331782039,False,0.0,0.0,0.0,,,,,False,False
I-95 HOV NB,HOV,110P04662,2025-10-02,8.0,2,50.204581464244875,4000.0,96,0.9,45.18412331782039,False,0.0,0.0,0.0,,,,,False,False
I-95 HOV NB,HOV,110P04662,2025-10-03,8.0,2,50.204581464244875,4000.0,96,0.9,45.18412331782039,False,0.0,0.0,0.0,,,,,False,False
I-95 HOV NB,HOV,110P04662,2025-10-06,8.0,2,50.204581464244875,4000.0,96,0.9,45.18412331782039,False,0.0,0.0,0.0,,,,,False,False
I-95 HOV NB,HOV,110P04662,2025-10-07,8.0,2,50.204581464244875,4000.0,96,0.9,45.18412331782039,False,0.0,0.0,0.0,,,,,False,False
I-95 HOV NB,HOV,110P04662,2025-10-08,8.0,2,50.204581464244875,4000.0,96,0.9,45.18412331782039,False,0.0,0.0,0.0,,,,,False,False
I-95 HOV NB,HOV,110P04662,2025-10-09,8.0,2,50.204581464244875,4000.0,96,0.9,45.18412331782039,False,0.0,0.0,0.0,,,,,False,False
I-95 HOV NB,HOV,110P04662,2025-10-10,8.0,2,50.204581464244875,4000.0,96,0.9,45.18412331782039,False,0.0,0.0,0.0,,,,,False,False
I-95 HOV NB,HOV,110P04662,2025-10-13,8.0,2,50.204581464244875,4000.0,96,0.9,45.18412331782039,False,0.0,0.0,0.0,,,,,False,False
I-95 HOV NB,HOV,110P04662,2025-10-14,8.0,2,50.204581464244875,4000.0,96,0.9,45.18412331782039,False,0.0,0.0,0.0,,,,,False,False
I-95 HOV NB,HOV,110P04662,2025-10-15,8.0,2,50.204581464244875,4000.0,96,0.9,45.18412331782039,False,0.0,0.0,0.0,,,,,False,False
I-95 HOV NB,HOV,110P04662,2025-10-16,8.0,2,50.204581464244875,4000.0,96,0.9,45.18412331782039,False,0.0,0.0,0.0,,,,,False,False
I-95 HOV NB,HOV,110P04662,2025-10-17,8.0,2,50.204581464244875,4000.0,96,0.9,45.18412331782039,False,0.0,0.0,0.0,,,,,False,False
I-95 HOV NB,HOV,110P04662,2025-10-20,8.0,2,50.204581464244875,4000.0,96,0.9,45.18412331782039,False,0.0,0.0,0.0,,,,,False,False
I-95 HOV NB,HOV,110P04662,2025-10-21,8.0,2,50.204581464244875,4000.0,96,0.9,45.18412331782039,False,0.0,0.0,0.0,,,,,False,False
I-95 HOV NB,HOV,110P04662,2025-10-22,8.0,2,50.204581464244875,4000.0,96,0.9,45.18412331782039,False,0.0,0.0,0.0,,,,,False,False
I-95 HOV NB,HOV,110P04662,2025-10-23,8.0,2,50.204581464244875,4000.0,96,0.9,45.18412331782039,False,0.0,0.0,0.0,,,,,False,False
I-95 HOV NB,HOV,110P04662,2025-10-24,8.0,2,50.204581464244875,4000.0,96,0.9,45.18412331782039,False,0.0,0.0,0.0,,,,,False,False
I-95 HOV NB,HOV,110P04662,2025-10-27,8.0,2,50.204581464244875,4000.0,96,0.9,45.18412331782039,False,0.0,0.0,0.0,,,,,False,False
I-95 HOV NB,HOV,110P04662,2025-10-28,8.0,2,50.204581464244875,4000.0,96,0.9,45.18412331782039,False,0.0,0.0,0.0,,,,,False,False
I-95 HOV NB,HOV,110P04662,2025-10-29,8.0,2,50.204581464244875,4000.0,96,0.9,45.18412331782039,False,0.0,0.0,0.0,,,,,False,False
I-95 HOV NB,HOV,110P04662,2025-10-30,8.0,2,50.204581464244875,4000.0,96,0.9,45.18412331782039,False,0.0,0.0,0.0,,,,,False,False
I-95 HOV NB,HOV,110P04662,2025-10-31,8.0,2,50.204581464244875,4000.0,96,0.9,45.18412331782039,False,0.0,0.0,0.0,,,,,False,False
I-95 HOV NB,HOV,110P04665,2025-10-01,13.1,3,50.91168824543143,6000.0,96,0.9,45.82051942088829,False,0.0,0.0,0.0,,,,,False,False
I-95 HOV NB,HOV,110P04665,2025-10-02,13.1,3,50.91168824543143,6000.0,96,0.9,45.82051942088829,False,0.0,0.0,0.0,,,,,False,False
I-95 HOV NB,HOV,110P04665,2025-10-03,13.1,3,50.91168824543143,6000.0,96,0.9,45.82051942088829,False,0.0,0.0,0.0,,,,,False,False
I-95 HOV NB,HOV,110P04665,2025-10-06,13.1,3,50.91168824543143,6000.0,96,0.9,45.82051942088829,False,0.0,0.0,0.0,,,,,False,False
I-95 HOV NB,HOV,110P04665,2025-10-07,13.1,3,50.91168824543143,6000.0,96,0.9,45.82051942088829,False,0.0,0.0,0.0,,,,,False,False
I-95 HOV NB,HOV,110P04665,2025-10-08,13.1,3,50.91168824543143,6000.0,96,0.9,45.82051942088829,False,0.0,0.0,0.0,,,,,False,False
I-95 HOV NB,HOV,110P04665,2025-10-09,13.1,3,50.91168824543143,6000.0,96,0.9,45.82051942088829,False,0.0,0.0,0.0,,,,,False,False
I-95 HOV NB,HOV,110P04665,2025-10-10,13.1,3,50.91168824543143,6000.0,96,0.9,45.82051942088829,False,0.0,0.0,0.0,,,,,False,False
I-95 HOV NB,HOV,110P04665,2025-10-13,13.1,3,50.91168824543143,6000.0,96,0.9,45.82051942088829,False,0.0,0.0,0.0,,,,,False,False
I-95 HOV NB,HOV,110P04665,2025-10-14,13.1,3,50.91168824543143,6000.0,96,0.9,45.82051942088829,False,0.0,0.0,0.0,,,,,False,False
I-95 HOV NB,HOV,110P04665,2025-10-15,13.1,3,50.91168824543143,6000.0,96,0.9,45.82051942088829,False,0.0,0.0,0.0,,,,,False,False
I-95 HOV NB,HOV,110P04665,2025-10-16,13.1,3,50.91168824543143,6000.0,96,0.9,45.82051942088829,False,0.0,0.0,0.0,,,,,False,False
I-95 HOV NB,HOV,110P04665,2025-10-17,13.1,3,50.91168824543143,6000.0,96,0.9,45.82051942088829,False,0.0,0.0,0.0,,,,,False,False
I-95 HOV NB,HOV,110P04665,2025-10-20,13.1,3,50.91168824543143,6000.0,96,0.9,45.82051942088829,False,0.0,0.0,0.0,,,,,False,False
I-95 HOV NB,HOV,110P04665,2025-10-21,13.1,3,50.91168824543143,6000.0,96,0.9,45.82051942088829,False,0.0,0.0,0.0,,,,,False,False
I-95 HOV NB,HOV,110P04665,2025-10-22,13.1,3,50.91168824543143,6000.0,96,0.9,45.82051942088829,False,0.0,0.0,0.0,,,,,False,False
I-95 HOV NB,HOV,110P04665,2025-10-23,13.1,3,50.91168824543143,6000.0,96,0.9,45.82051942088829,False,0.0,0.0,0.0,,,,,False,False
I-95 HOV NB,HOV,110P04665,2025-10-24,13.1,3,50.91168824543143,6000.0,96,0.9,45.82051942088829,False,0.0,0.0,0.0,,,,,False,False
I-95 HOV NB,HOV,110P04665,2025-10-27,13.1,3,50.91168824543143,6000.0,96,0.9,45.82051942088829,False,0.0,0.0,0.0,,,,,False,False
I-95 HOV NB,HOV,110P04665,2025-10-28,13.1,3,50.91168824543143,6000.0,96,0.9,45.82051942088829,False,0.0,0.0,0.0,,,,,False,False
I-95 HOV NB,HOV,110P04665,2025-10-29,13.1,3,50.91168824543143,6000.0,96,0.9,45.82051942088829,False,0.0,0.0,0.0,,,,,False,False
I-95 HOV NB,HOV,110P04665,2025-10-30,13.1,3,50.91168824543143,6000.0,96,0.9,45.82051942088829,False,0.0,0.0,0.0,,,,,False,False
I-95 HOV NB,HOV,110P04665,2025-10-31,13.1,3,50.91168824543143,6000.0,96,0.9,45.82051942088829,False,0.0,0.0,0.0,,,,,False,False
I-95 HOV NB,HOV,110+04666,2025-10-01,14.0,3,50.204581464244875,6000.0,96,0.9,45.18412331782039,False,0.0,0.0,0.0,,,,,False,False
I-95 HOV NB,HOV,110+04666,2025-10-02,14.0,3,50.204581464244875,6000.0,96,0.9,45.18412331782039,False,0.0,0.0,0.0,,,,,False,False
I-95 HOV NB,HOV,110+04666,2025-10-03,14.0,3,50.204581464244875,6000.0,96,0.9,45.18412331782039,False,0.0,0.0,0.0,,,,,False,False
I-95 HOV NB,HOV,110+04666,2025-10-06,14.0,3,50.204581464244875,6000.0,96,0.9,45.18412331782039,False,0.0,0.0,0.0,,,,,False,False
I-95 HOV NB,HOV,110+04666,2025-10-07,14.0,3,50.204581464244875,6000.0,96,0.9,45.18412331782039,False,0.0,0.0,0.0,,,,,False,False
I-95 HOV NB,HOV,110+04666,2025-10-08,14.0,3,50.204581464244875,6000.0,96,0.9,45.18412331782039,False,0.0,0.0,0.0,,,,,False,False
I-95 HOV NB,HOV,110+04666,2025-10-09,14.0,3,50.204581464244875,6000.0,96,0.9,45.18412331782039,False,0.0,0.0,0.0,,,,,False,False
I-95 HOV NB,HOV,110+04666,2025-10-10,14.0,3,50.204581464244875,6000.0,96,0.9,45.18412331782039,False,0.0,0.0,0.0,,,,,False,False
I-95 HOV NB,HOV,110+04666,2025-10-13,14.0,3,50.204581464244875,6000.0,96,0.9,45.18412331782039,False,0.0,0.0,0.0,,,,,False,False
I-95 HOV NB,HOV,110+04666,2025-10-14,14.0,3,50.204581464244875,6000.0,96,0.9,45.18412331782039,False,0.0,0.0,0.0,,,,,False,False
I-95 HOV NB,HOV,110+04666,2025-10-15,14.0,3,50.204581464244875,6000.0,96,0.9,45.18412331782039,False,0.0,0.0,0.0,,,,,False,False
I-95 HOV NB,HOV,110+04666,2025-10-16,14.0,3,50.204581464244875,6000.0,96,0.9,45.18412331782039,False,0.0,0.0,0.0,,,,,False,False
I-95 HOV NB,HOV,110+04666,2025-10-17,14.0,3,50.204581464244875,6000.0,96,0.9,45.18412331782039,False,0.0,0.0,0.0,,,,,False,False
I-95 HOV NB,HOV,110+04666,2025-10-20,14.0,3,50.204581464244875,6000.0,96,0.9,45.18412331782039,False,0.0,0.0,0.0,,,,,False,False
I-95 HOV NB,HOV,110+04666,2025-10-21,14.0,3,50.204581464244875,6000.0,96,0.9,45.18412331782039,False,0.0,0.0,0.0,,,,,False,False
I-95 HOV NB,HOV,110+04666,2025-10-22,14.0,3,50.204581464244875,6000.0,96,0.9,45.18412331782039,False,0.0,0.0,0.0,,,,,False,False
I-95 HOV NB,HOV,110+04666,2025-10-23,14.0,3,50.204581464244875,6000.0,96,0.9,45.18412331782039,False,0.0,0.0,0.0,,,,,False,False
I-95 HOV NB,HOV,110+04666,2025-10-24,14.0,3,50.204581464244875,6000.0,96,0.9,45.18412331782039,False,0.0,0.0,0.0,,,,,False,False
I-95 HOV NB,HOV,110+04666,2025-10-27,14.0,3,50.204581464244875,6000.0,96,0.9,45.18412331782039,False,0.0,0.0,0.0,,,,,False,False
I-95 HOV NB,HOV,110+04666,2025-10-28,14.0,3,50.204581464244875,6000.0,96,0.9,45.18412331782039,False,0.0,0.0,0.0,,,,,False,False
I-95 HOV NB,HOV,110+04666,2025-10-29,14.0,3,50.204581464244875,6000.0,96,0.9,45.18412331782039,False,0.0,0.0,0.0,,,,,False,False
I-95 HOV NB,HOV,110+04666,2025-10-30,14.0,3,50.204581464244875,6000.0,96,0.9,45.18412331782039,False,0.0,0.0,0.0,,,,,False,False
I-95 HOV NB,HOV,110+04666,2025-10-31,14.0,3,50.204581464244875,6000.0,96,0.9,45.18412331782039,False,0.0,0.0,0.0,,,,,False,False
I-95 HOV NB,HOV,110P04666,2025-10-01,15.0,3,49.49747468305833,6000.0,96,0.9,44.5477272147525,False,0.0,0.0,0.0,,,,,False,False
I-95 HOV NB,HOV,110P04666,2025-10-02,15.0,3,49.49747468305833,6000.0,96,0.9,44.5477272147525,False,0.0,0.0,0.0,,,,,False,False
I-95 HOV NB,HOV,110P04666,2025-10-03,15.0,3,49.49747468305833,6000.0,96,0.9,44.5477272147525,False,0.0,0.0,0.0,,,,,False,False
I-95 HOV NB,HOV,110P04666,2025-10-06,15.0,3,49.49747468305833,6000.0,96,0.9,44.5477272147525,False,0.0,0.0,0.0,,,,,False,False
I-95 HOV NB,HOV,110P04666,2025-10-07,15.0,3,49.49747468305833,6000.0,96,0.9,44.5477272147525,False,0.0,0.0,0.0,,,,,False,False
I-95 HOV NB,HOV,110P04666,2025-10-08,15.0,3,49.49747468305833,6000.0,96,0.9,44.5477272147525,False,0.0,0.0,0.0,,,,,False,False
I-95 HOV NB,HOV,110P04666,2025-10-09,15.0,3,49.49747468305833,6000.0,96,0.9,44.5477272147525,False,0.0,0.0,0.0,,,,,False,False
I-95 HOV NB,HOV,110P04666,2025-10-10,15.0,3,49.49747468305833,6000.0,96,0.9,44.5477272147525,False,0.0,0.0,0.0,,,,,False,False
I-95 HOV NB,HOV,110P04666,2025-10-13,15.0,3,49.49747468305833,6000.0,96,0.9,44.5477272147525,False,0.0,0.0,0.0,,,,,False,False
I-95 HOV NB,HOV,110P04666,2025-10-14,15.0,3,49.49747468305833,6000.0,96,0.9,44.5477272147525,False,0.0,0.0,0.0,,,,,False,False
I-95 HOV NB,HOV,110P04666,2025-10-15,15.0,3,49.49747468305833,6000.0,96,0.9,44.5477272147525,False,0.0,0.0,0.0,,,,,False,False
I-95 HOV NB,HOV,110P04666,2025-10-16,15.0,3,49.49747468305833,6000.0,96,0.9,44.5477272147525,False,0.0,0.0,0.0,,,,,False,False
I-95 HOV NB,HOV,110P04666,2025-10-17,15.0,3,49.49747468305833,6000.0,96,0.9,44.5477272147525,False,0.0,0.0,0.0,,,,,False,False
I-95 HOV NB,HOV,110P04666,2025-10-20,15.0,3,49.49747468305833,6000.0,96,0.9,44.5477272147525,False,0.0,0.0,0.0,,,,,False,False
I-95 HOV NB,HOV,110P04666,2025-10-21,15.0,3,49.49747468305833,6000.0,96,0.9,44.5477272147525,False,0.0,0.0,0.0,,,,,False,False
I-95 HOV NB,HOV,110P04666,2025-10-22,15.0,3,49.49747468305833,6000.0,96,0.9,44.5477272147525,False,0.0,0.0,0.0,,,,,False,False
I-95 HOV NB,HOV,110P04666,2025-10-23,15.0,3,49.49747468305833,6000.0,96,0.9,44.5477272147525,False,0.0,0.0,0.0,,,,,False,False
I-95 HOV NB,HOV,110P04666,2025-10-24,15.0,3,49.49747468305833,6000.0,96,0.9,44.5477272147525,False,0.0,0.0,0.0,,,,,False,False
I-95 HOV NB,HOV,110P04666,2025-10-27,15.0,3,49.49747468305833,6000.0,96,0.9,44.5477272147525,False,0.0,0.0,0.0,,,,,False,False
I-95 HOV NB,HOV,110P04666,2025-10-28,15.0,3,49.49747468305833,6000.0,96,0.9,44.5477272147525,False,0.0,0.0,0.0,,,,,False,False
I-95 HOV NB,HOV,110P04666,2025-10-29,15.0,3,49.49747468305833,6000.0,96,0.9,44.5477272147525,False,0.0,0.0,0.0,,,,,False,False
I-95 HOV NB,HOV,110P04666,2025-10-30,15.0,3,49.49747468305833,6000.0,96,0.9,44.5477272147525,False,0.0,0.0,0.0,,,,,False,False
I-95 HOV NB,HOV,110P04666,2025-10-31,15.0,3,49.49747468305833,6000.0,96,0.9,44.5477272147525,False,0.0,0.0,0.0,,,,,False,False
I-95 HOV NB,HOV,110+04667,2025-10-01,16.0,3,50.204581464244875,6000.0,96,0.9,45.18412331782039,False,0.0,0.0,0.0,,,,,False,False
I-95 HOV NB,HOV,110+04667,2025-10-02,16.0,3,50.204581464244875,6000.0,96,0.9,45.18412331782039,False,0.0,0.0,0.0,,,,,False,False
I-95 HOV NB,HOV,110+04667,2025-10-03,16.0,3,50.204581464244875,6000.0,96,0.9,45.18412331782039,False,0.0,0.0,0.0,,,,,False,False
I-95 HOV NB,HOV,110+04667,2025-10-06,16.0,3,50.204581464244875,6000.0,96,0.9,45.18412331782039,False,0.0,0.0,0.0,,,,,False,False
I-95 HOV NB,HOV,110+04667,2025-10-07,16.0,3,50.204581464244875,6000.0,96,0.9,45.18412331782039,False,0.0,0.0,0.0,,,,,False,False
I-95 HOV NB,HOV,110+04667,2025-10-08,16.0,3,50.204581464244875,6000.0,96,0.9,45.18412331782039,False,0.0,0.0,0.0,,,,,False,False
I-95 HOV NB,HOV,110+04667,2025-10-09,16.0,3,50.204581464244875,6000.0,96,0.9,45.18412331782039,False,0.0,0.0,0.0,,,,,False,False
I-95 HOV NB,HOV,110+04667,2025-10-10,16.0,3,50.204581464244875,6000.0,96,0.9,45.18412331782039,False,0.0,0.0,0.0,,,,,False,False
I-95 HOV NB,HOV,110+04667,2025-10-13,16.0,3,50.204581464244875,6000.0,96,0.9,45.18412331782039,False,0.0,0.0,0.0,,,,,False,False
I-95 HOV NB,HOV,110+04667,2025-10-14,16.0,3,50.204581464244875,6000.0,96,0.9,45.18412331782039,False,0.0,0.0,0.0,,,,,False,False
I-95 HOV NB,HOV,110+04667,2025-10-15,16.0,3,50.204581464244875,6000.0,96,0.9,45.18412331782039,False,0.0,0.0,0.0,,,,,False,False
I-95 HOV NB,HOV,110+04667,2025-10-16,16.0,3,50.204581464244875,6000.0,96,0.9,45.18412331782039,False,0.0,0.0,0.0,,,,,False,False
I-95 HOV NB,HOV,110+04667,2025-10-17,16.0,3,50.204581464244875,6000.0,96,0.9,45.18412331782039,False,0.0,0.0,0.0,,,,,False,False
I-95 HOV NB,HOV,110+04667,2025-10-20,16.0,3,50.204581464244875,6000.0,96,0.9,45.18412331782039,False,0.0,0.0,0.0,,,,,False,False
I-95 HOV NB,HOV,110+04667,2025-10-21,16.0,3,50.204581464244875,6000.0,96,0.9,45.18412331782039,False,0.0,0.0,0.0,,,,,False,False
I-95 HOV NB,HOV,110+04667,2025-10-22,16.0,3,50.204581464244875,6000.0,96,0.9,45.18412331782039,False,0.0,0.0,0.0,,,,,False,False
I-95 HOV NB,HOV,110+04667,2025-10-23,16.0,3,50.204581464244875,6000.0,96,0.9,45.18412331782039,False,0.0,0.0,0.0,,,,,False,False
I-95 HOV NB,HOV,110+04667,2025-10-24,16.0,3,50.204581464244875,6000.0,96,0.9,45.18412331782039,False,0.0,0.0,0.0,,,,,False,False
I-95 HOV NB,HOV,110+04667,2025-10-27,16.0,3,50.204581464244875,6000.0,96,0.9,45.18412331782039,False,0.0,0.0,0.0,,,,,False,False
I-95 HOV NB,HOV,110+04667,2025-10-28,16.0,3,50.204581464244875,6000.0,96,0.9,45.18412331782039,False,0.0,0.0,0.0,,,,,False,False
I-95 HOV NB,HOV,110+04667,2025-10-29,16.0,3,50.204581464244875,6000.0,96,0.9,45.18412331782039,False,0.0,0.0,0.0,,,,,False,False
I-95 HOV NB,HOV,110+04667,2025-10-30,16.0,3,50.204581464244875,6000.0,96,0.9,45.18412331782039,False,0.0,0.0,0.0,,,,,False,False
I-95 HOV NB,HOV,110+04667,2025-10-31,16.0,3,50.204581464244875,6000.0,96,0.9,45.18412331782039,False,0.0,0.0,0.0,,,,,False,False
I-95 HOV NB,HOV,110P04667,2025-10-01,17.0,3,50.204581464244875,6000.0,96,0.9,45.18412331782039,False,0.0,0.0,0.0,,,,,False,False
I-95 HOV NB,HOV,110P04667,2025-10-02,17.0,3,50.204581464244875,6000.0,96,0.9,45.18412331782039,False,0.0,0.0,0.0,,,,,False,False
I-95 HOV NB,HOV,110P04667,2025-10-03,17.0,3,50.204581464244875,6000.0,96,0.9,45.18412331782039,False,0.0,0.0,0.0,,,,,False,False
I-95 HOV NB,HOV,110P04667,2025-10-06,17.0,3,50.204581464244875,6000.0,96,0.9,45.18412331782039,False,0.0,0.0,0.0,,,,,False,False
I-95 HOV NB,HOV,110P04667,2025-10-07,17.0,3,50.204581464244875,6000.0,96,0.9,45.18412331782039,False,0.0,0.0,0.0,,,,,False,False
I-95 HOV NB,HOV,110P04667,2025-10-08,17.0,3,50.204581464244875,6000.0,96,0.9,45.18412331782039,False,0.0,0.0,0.0,,,,,False,False
I-95 HOV NB,HOV,110P04667,2025-10-09,17.0,3,50.204581464244875,6000.0,96,0.9,45.18412331782039,False,0.0,0.0,0.0,,,,,False,False
I-95 HOV NB,HOV,110P04667,2025-10-10,17.0,3,50.204581464244875,6000.0,96,0.9,45.18412331782039,False,0.0,0.0,0.0,,,,,False,False
I-95 HOV NB,HOV,110P04667,2025-10-13,17.0,3,50.204581464244875,6000.0,96,0.9,45.18412331782039,False,0.0,0.0,0.0,,,,,False,False
I-95 HOV NB,HOV,110P04667,2025-10-14,17.0,3,50.204581464244875,6000.0,96,0.9,45.18412331782039,False,0.0,0.0,0.0,,,,,False,False
I-95 HOV NB,HOV,110P04667,2025-10-15,17.0,3,50.204581464244875,6000.0,96,0.9,45.18412331782039,False,0.0,0.0,0.0,,,,,False,False
I-95 HOV NB,HOV,110P04667,2025-10-16,17.0,3,50.204581464244875,6000.0,96,0.9,45.18412331782039,False,0.0,0.0,0.0,,,,,False,False
I-95 HOV NB,HOV,110P04667,2025-10-17,17.0,3,50.204581464244875,6000.0,96,0.9,45.18412331782039,False,0.0,0.0,0.0,,,,,False,False
I-95 HOV NB,HOV,110P04667,2025-10-20,17.0,3,50.204581464244875,6000.0,96,0.9,45.18412331782039,False,0.0,0.0,0.0,,,,,False,False
I-95 HOV NB,HOV,110P04667,2025-10-21,17.0,3,50.204581464244875,6000.0,96,0.9,45.18412331782039,False,0.0,0.0,0.0,,,,,False,False
I-95 HOV NB,HOV,110P04667,2025-10-22,17.0,3,50.204581464244875,6000.0,96,0.9,45.18412331782039,False,0.0,0.0,0.0,,,,,False,False
I-95 HOV NB,HOV,110P04667,2025-10-23,17.0,3,50.204581464244875,6000.0,96,0.9,45.18412331782039,False,0.0,0.0,0.0,,,,,False,False
I-95 HOV NB,HOV,110P04667,2025-10-24,17.0,3,50.204581464244875,6000.0,96,0.9,45.18412331782039,False,0.0,0.0,0.0,,,,,False,False
I-95 HOV NB,HOV,110P04667,2025-10-27,17.0,3,50.204581464244875,6000.0,96,0.9,45.18412331782039,False,0.0,0.0,0.0,,,,,False,False
I-95 HOV NB,HOV,110P04667,2025-10-28,17.0,3,50.204581464244875,6000.0,96,0.9,45.18412331782039,False,0.0,0.0,0.0,,,,,False,False
I-95 HOV NB,HOV,110P04667,2025-10-29,17.0,3,50.204581464244875,6000.0,96,0.9,45.18412331782039,False,0.0,0.0,0.0,,,,,False,False
I-95 HOV NB,HOV,110P04667,2025-10-30,17.0,3,50.204581464244875,6000.0,96,0.9,45.18412331782039,False,0.0,0.0,0.0,,,,,False,False
I-95 HOV NB,HOV,110P04667,2025-10-31,17.0,3,50.204581464244875,6000.0,96,0.9,45.18412331782039,False,0.0,0.0,0.0,,,,,False,False
I-95 HOV NB,HOV,110+04668,2025-10-01,18.0,3,50.204581464244875,6000.0,96,0.9,45.18412331782039,False,0.0,0.0,0.0,,,,,False,False
I-95 HOV NB,HOV,110+04668,2025-10-02,18.0,3,50.204581464244875,6000.0,96,0.9,45.18412331782039,False,0.0,0.0,0.0,,,,,False,False
I-95 HOV NB,HOV,110+04668,2025-10-03,18.0,3,50.204581464244875,6000.0,96,0.9,45.18412331782039,False,0.0,0.0,0.0,,,,,False,False
I-95 HOV NB,HOV,110+04668,2025-10-06,18.0,3,50.204581464244875,6000.0,96,0.9,45.18412331782039,False,0.0,0.0,0.0,,,,,False,False
I-95 HOV NB,HOV,110+04668,2025-10-07,18.0,3,50.204581464244875,6000.0,96,0.9,45.18412331782039,False,0.0,0.0,0.0,,,,,False,False
I-95 HOV NB,HOV,110+04668,2025-10-08,18.0,3,50.204581464244875,6000.0,96,0.9,45.18412331782039,False,0.0,0.0,0.0,,,,,False,False
I-95 HOV NB,HOV,110+04668,2025-10-09,18.0,3,50.204581464244875,6000.0,96,0.9,45.18412331782039,False,0.0,0.0,0.0,,,,,False,False
I-95 HOV NB,HOV,110+04668,2025-10-10,18.0,3,50.204581464244875,6000.0,96,0.9,45.18412331782039,False,0.0,0.0,0.0,,,,,False,False
I-95 HOV NB,HOV,110+04668,2025-10-13,18.0,3,50.204581464244875,6000.0,96,0.9,45.18412331782039,False,0.0,0.0,0.0,,,,,False,False
I-95 HOV NB,HOV,110+04668,2025-10-14,18.0,3,50.204581464244875,6000.0,96,0.9,45.18412331782039,False,0.0,0.0,0.0,,,,,False,False
I-95 HOV NB,HOV,110+04668,2025-10-15,18.0,3,50.204581464244875,6000.0,96,0.9,45.18412331782039,False,0.0,0.0,0.0,,,,,False,False
I-95 HOV NB,HOV,110+04668,2025-10-16,18.0,3,50.204581464244875,6000.0,96,0.9,45.18412331782039,False,0.0,0.0,0.0,,,,,False,False
I-95 HOV NB,HOV,110+04668,2025-10-17,18.0,3,50.204581464244875,6000.0,96,0.9,45.18412331782039,False,0.0,0.0,0.0,,,,,False,False
I-95 HOV NB,HOV,110+04668,2025-10-20,18.0,3,50.204581464244875,6000.0,96,0.9,45.18412331782039,False,0.0,0.0,0.0,,,,,False,False
I-95 HOV NB,HOV,110+04668,2025-10-21,18.0,3,50.204581464244875,6000.0,96,0.9,45.18412331782039,False,0.0,0.0,0.0,,,,,False,False
I-95 HOV NB,HOV,110+04668,2025-10-22,18.0,3,50.204581464244875,6000.0,96,0.9,45.18412331782039,False,0.0,0.0,0.0,,,,,False,False
I-95 HOV NB,HOV,110+04668,2025-10-23,18.0,3,50.204581464244875,6000.0,96,0.9,45.18412331782039,False,0.0,0.0,0.0,,,,,False,False
I-95 HOV NB,HOV,110+04668,2025-10-24,18.0,3,50.204581464244875,6000.0,96,0.9,45.18412331782039,False,0.0,0.0,0.0,,,,,False,False
I-95 HOV NB,HOV,110+04668,2025-10-27,18.0,3,50.204581464244875,6000.0,96,0.9,45.18412331782039,False,0.0,0.0,0.0,,,,,False,False
I-95 HOV NB,HOV,110+04668,2025-10-28,18.0,3,50.204581464244875,6000.0,96,0.9,45.18412331782039,False,0.0,0.0,0.0,,,,,False,False
I-95 HOV NB,HOV,110+04668,2025-10-29,18.0,3,50.204581464244875,6000.0,96,0.9,45.18412331782039,False,0.0,0.0,0.0,,,,,False,False
I-95 HOV NB,HOV,110+04668,2025-10-30,18.0,3,50.204581464244875,6000.0,96,0.9,45.18412331782039,False,0.0,0.0,0.0,,,,,False,False
I-95 HOV NB,HOV,110+04668,2025-10-31,18.0,3,50.204581464244875,6000.0,96,0.9,45.18412331782039,False,0.0,0.0,0.0,,,,,False,False
I-95 HOV NB,HOV,110P04668,2025-10-01,19.0,3,49.49747468305833,6000.0,96,0.9,44.5477272147525,False,0.0,0.0,0.0,,,,,False,False
I-95 HOV NB,HOV,110P04668,2025-10-02,19.0,3,49.49747468305833,6000.0,96,0.9,44.5477272147525,False,0.0,0.0,0.0,,,,,False,False
I-95 HOV NB,HOV,110P04668,2025-10-03,19.0,3,49.49747468305833,6000.0,96,0.9,44.5477272147525,False,0.0,0.0,0.0,,,,,False,False
I-95 HOV NB,HOV,110P04668,2025-10-06,19.0,3,49.49747468305833,6000.0,96,0.9,44.5477272147525,False,0.0,0.0,0.0,,,,,False,False
I-95 HOV NB,HOV,110P04668,2025-10-07,19.0,3,49.49747468305833,6000.0,96,0.9,44.5477272147525,False,0.0,0.0,0.0,,,,,False,False
I-95 HOV NB,HOV,110P04668,2025-10-08,19.0,3,49.49747468305833,6000.0,96,0.9,44.5477272147525,False,0.0,0.0,0.0,,,,,False,False
I-95 HOV NB,HOV,110P04668,2025-10-09,19.0,3,49.49747468305833,6000.0,96,0.9,44.5477272147525,False,0.0,0.0,0.0,,,,,False,False
I-95 HOV NB,HOV,110P04668,2025-10-10,19.0,3,49.49747468305833,6000.0,95,0.9,44.5477272147525,False,0.0,0.0,0.0,,,,,False,False
I-95 HOV NB,HOV,110P04668,2025-10-13,19.0,3,49.49747468305833,6000.0,96,0.9,44.5477272147525,False,0.0,0.0,0.0,,,,,False,False
I-95 HOV NB,HOV,110P04668,2025-10-14,19.0,3,49.49747468305833,6000.0,96,0.9,44.5477272147525,True,1.0396936174042575,4107.330551014813,0.6845550918358022,456.8691577792938,519.2507748235492,14.50111111111111,495.0,False,False
I-95 HOV NB,HOV,110P04668,2025-10-15,19.0,3,49.49747468305833,6000.0,96,0.9,44.5477272147525,False,0.0,0.0,0.0,,,,,False,False
I-95 HOV NB,HOV,110P04668,2025-10-16,19.0,3,49.49747468305833,6000.0,96,0.9,44.5477272147525,False,0.0,0.0,0.0,,,,,False,False
I-95 HOV NB,HOV,110P04668,2025-10-17,19.0,3,49.49747468305833,6000.0,96,0.9,44.5477272147525,False,0.0,0.0,0.0,,,,,False,False
I-95 HOV NB,HOV,110P04668,2025-10-20,19.0,3,49.49747468305833,6000.0,96,0.9,44.5477272147525,False,0.0,0.0,0.0,,,,,False,False
I-95 HOV NB,HOV,110P04668,2025-10-21,19.0,3,49.49747468305833,6000.0,96,0.9,44.5477272147525,False,0.0,0.0,0.0,,,,,False,False
I-95 HOV NB,HOV,110P04668,2025-10-22,19.0,3,49.49747468305833,6000.0,96,0.9,44.5477272147525,False,0.0,0.0,0.0,,,,,False,False
I-95 HOV NB,HOV,110P04668,2025-10-23,19.0,3,49.49747468305833,6000.0,96,0.9,44.5477272147525,False,0.0,0.0,0.0,,,,,False,False
I-95 HOV NB,HOV,110P04668,2025-10-24,19.0,3,49.49747468305833,6000.0,96,0.9,44.5477272147525,False,0.0,0.0,0.0,,,,,False,False
I-95 HOV NB,HOV,110P04668,2025-10-27,19.0,3,49.49747468305833,6000.0,96,0.9,44.5477272147525,False,0.0,0.0,0.0,,,,,False,False
I-95 HOV NB,HOV,110P04668,2025-10-28,19.0,3,49.49747468305833,6000.0,96,0.9,44.5477272147525,False,0.0,0.0,0.0,,,,,False,False
I-95 HOV NB,HOV,110P04668,2025-10-29,19.0,3,49.49747468305833,6000.0,96,0.9,44.5477272147525,False,0.0,0.0,0.0,,,,,False,False
I-95 HOV NB,HOV,110P04668,2025-10-30,19.0,3,49.49747468305833,6000.0,96,0.9,44.5477272147525,False,0.0,0.0,0.0,,,,,False,False
I-95 HOV NB,HOV,110P04668,2025-10-31,19.0,3,49.49747468305833,6000.0,96,0.9,44.5477272147525,False,0.0,0.0,0.0,,,,,False,False
I-95 HOV NB,HOV,110+04669,2025-10-01,20.0,3,49.33236524965127,6000.0,96,0.9,44.39912872468614,False,0.0,0.0,0.0,,,,,False,False
I-95 HOV NB,HOV,110+04669,2025-10-02,20.0,3,49.33236524965127,6000.0,96,0.9,44.39912872468614,False,0.0,0.0,0.0,,,,,False,False
I-95 HOV NB,HOV,110+04669,2025-10-03,20.0,3,49.33236524965127,6000.0,96,0.9,44.39912872468614,False,0.0,0.0,0.0,,,,,False,False
I-95 HOV NB,HOV,110+04669,2025-10-06,20.0,3,49.33236524965127,6000.0,96,0.9,44.39912872468614,False,0.0,0.0,0.0,,,,,False,False
I-95 HOV NB,HOV,110+04669,2025-10-07,20.0,3,49.33236524965127,6000.0,96,0.9,44.39912872468614,False,0.0,0.0,0.0,,,,,False,False
I-95 HOV NB,HOV,110+04669,2025-10-08,20.0,3,49.33236524965127,6000.0,96,0.9,44.39912872468614,False,0.0,0.0,0.0,,,,,False,False
I-95 HOV NB,HOV,110+04669,2025-10-09,20.0,3,49.33236524965127,6000.0,96,0.9,44.39912872468614,False,0.0,0.0,0.0,,,,,False,False
I-95 HOV NB,HOV,110+04669,2025-10-10,20.0,3,49.33236524965127,6000.0,95,0.9,44.39912872468614,False,0.0,0.0,0.0,,,,,False,False
I-95 HOV NB,HOV,110+04669,2025-10-13,20.0,3,49.33236524965127,6000.0,96,0.9,44.39912872468614,False,0.0,0.0,0.0,,,,,False,False
I-95 HOV NB,HOV,110+04669,2025-10-14,20.0,3,49.33236524965127,6000.0,96,0.9,44.39912872468614,True,1.2496199110207225,5005.770892779408,0.8342951487965681,450.2968768139121,525.2740714751554,11.040000000000001,495.0,False,False
I-95 HOV NB,HOV,110+04669,2025-10-15,20.0,3,49.33236524965127,6000.0,96,0.9,44.39912872468614,False,0.0,0.0,0.0,,,,,False,False
I-95 HOV NB,HOV,110+04669,2025-10-16,20.0,3,49.33236524965127,6000.0,96,0.9,44.39912872468614,False,0.0,0.0,0.0,,,,,False,False
I-95 HOV NB,HOV,110+04669,2025-10-17,20.0,3,49.33236524965127,6000.0,96,0.9,44.39912872468614,False,0.0,0.0,0.0,,,,,False,False
I-95 HOV NB,HOV,110+04669,2025-10-20,20.0,3,49.33236524965127,6000.0,96,0.9,44.39912872468614,False,0.0,0.0,0.0,,,,,False,False
I-95 HOV NB,HOV,110+04669,2025-10-21,20.0,3,49.33236524965127,6000.0,96,0.9,44.39912872468614,False,0.0,0.0,0.0,,,,,False,False
I-95 HOV NB,HOV,110+04669,2025-10-22,20.0,3,49.33236524965127,6000.0,96,0.9,44.39912872468614,False,0.0,0.0,0.0,,,,,False,False
I-95 HOV NB,HOV,110+04669,2025-10-23,20.0,3,49.33236524965127,6000.0,96,0.9,44.39912872468614,False,0.0,0.0,0.0,,,,,False,False
I-95 HOV NB,HOV,110+04669,2025-10-24,20.0,3,49.33236524965127,6000.0,96,0.9,44.39912872468614,False,0.0,0.0,0.0,,,,,False,False
I-95 HOV NB,HOV,110+04669,2025-10-27,20.0,3,49.33236524965127,6000.0,96,0.9,44.39912872468614,False,0.0,0.0,0.0,,,,,False,False
I-95 HOV NB,HOV,110+04669,2025-10-28,20.0,3,49.33236524965127,6000.0,96,0.9,44.39912872468614,False,0.0,0.0,0.0,,,,,False,False
I-95 HOV NB,HOV,110+04669,2025-10-29,20.0,3,49.33236524965127,6000.0,96,0.9,44.39912872468614,False,0.0,0.0,0.0,,,,,False,False
I-95 HOV NB,HOV,110+04669,2025-10-30,20.0,3,49.33236524965127,6000.0,96,0.9,44.39912872468614,False,0.0,0.0,0.0,,,,,False,False
I-95 HOV NB,HOV,110+04669,2025-10-31,20.0,3,49.33236524965127,6000.0,96,0.9,44.39912872468614,False,0.0,0.0,0.0,,,,,False,False
I-95 HOV NB,HOV,110+04658,2025-10-01,1.0,2,51.618795026617974,4000.0,96,0.95,49.03785527528707,False,0.0,0.0,0.0,,,,,False,False
I-95 HOV NB,HOV,110+04658,2025-10-02,1.0,2,51.618795026617974,4000.0,96,0.95,49.03785527528707,False,0.0,0.0,0.0,,,,,False,False
I-95 HOV NB,HOV,110+04658,2025-10-03,1.0,2,51.618795026617974,4000.0,96,0.95,49.03785527528707,False,0.0,0.0,0.0,,,,,False,False
I-95 HOV NB,HOV,110+04658,2025-10-06,1.0,2,51.618795026617974,4000.0,96,0.95,49.03785527528707,False,0.0,0.0,0.0,,,,,False,False
I-95 HOV NB,HOV,110+04658,2025-10-07,1.0,2,51.618795026617974,4000.0,96,0.95,49.03785527528707,False,0.0,0.0,0.0,,,,,False,False
I-95 HOV NB,HOV,110+04658,2025-10-08,1.0,2,51.618795026617974,4000.0,96,0.95,49.03785527528707,False,0.0,0.0,0.0,,,,,False,False
I-95 HOV NB,HOV,110+04658,2025-10-09,1.0,2,51.618795026617974,4000.0,96,0.95,49.03785527528707,False,0.0,0.0,0.0,,,,,False,False
I-95 HOV NB,HOV,110+04658,2025-10-10,1.0,2,51.618795026617974,4000.0,96,0.95,49.03785527528707,False,0.0,0.0,0.0,,,,,False,False
I-95 HOV NB,HOV,110+04658,2025-10-13,1.0,2,51.618795026617974,4000.0,96,0.95,49.03785527528707,False,0.0,0.0,0.0,,,,,False,False
I-95 HOV NB,HOV,110+04658,2025-10-14,1.0,2,51.618795026617974,4000.0,96,0.95,49.03785527528707,False,0.0,0.0,0.0,,,,,False,False
I-95 HOV NB,HOV,110+04658,2025-10-15,1.0,2,51.618795026617974,4000.0,96,0.95,49.03785527528707,False,0.0,0.0,0.0,,,,,False,False
I-95 HOV NB,HOV,110+04658,2025-10-16,1.0,2,51.618795026617974,4000.0,96,0.95,49.03785527528707,False,0.0,0.0,0.0,,,,,False,False
I-95 HOV NB,HOV,110+04658,2025-10-17,1.0,2,51.618795026617974,4000.0,96,0.95,49.03785527528707,False,0.0,0.0,0.0,,,,,False,False
I-95 HOV NB,HOV,110+04658,2025-10-20,1.0,2,51.618795026617974,4000.0,96,0.95,49.03785527528707,False,0.0,0.0,0.0,,,,,False,False
I-95 HOV NB,HOV,110+04658,2025-10-21,1.0,2,51.618795026617974,4000.0,96,0.95,49.03785527528707,False,0.0,0.0,0.0,,,,,False,False
I-95 HOV NB,HOV,110+04658,2025-10-22,1.0,2,51.618795026617974,4000.0,96,0.95,49.03785527528707,False,0.0,0.0,0.0,,,,,False,False
I-95 HOV NB,HOV,110+04658,2025-10-23,1.0,2,51.618795026617974,4000.0,96,0.95,49.03785527528707,False,0.0,0.0,0.0,,,,,False,False
I-95 HOV NB,HOV,110+04658,2025-10-24,1.0,2,51.618795026617974,4000.0,96,0.95,49.03785527528707,False,0.0,0.0,0.0,,,,,False,False
I-95 HOV NB,HOV,110+04658,2025-10-27,1.0,2,51.618795026617974,4000.0,96,0.95,49.03785527528707,True,0.7077312950898943,2613.870455184444,0.653467613796111,382.42508550932445,424.8889632147181,32.10333333333333,405.0,False,False
I-95 HOV NB,HOV,110+04658,2025-10-28,1.0,2,51.618795026617974,4000.0,96,0.95,49.03785527528707,False,0.0,0.0,0.0,,,,,False,False
I-95 HOV NB,HOV,110+04658,2025-10-29,1.0,2,51.618795026617974,4000.0,96,0.95,49.03785527528707,False,0.0,0.0,0.0,,,,,False,False
I-95 HOV NB,HOV,110+04658,2025-10-30,1.0,2,51.618795026617974,4000.0,96,0.95,49.03785527528707,False,0.0,0.0,0.0,,,,,False,False
I-95 HOV NB,HOV,110+04658,2025-10-31,1.0,2,51.618795026617974,4000.0,96,0.95,49.03785527528707,False,0.0,0.0,0.0,,,,,False,False
I-95 HOV NB,HOV,110P04660,2025-10-01,4.0,2,50.204581464244875,4000.0,96,0.95,47.69435239103263,False,0.0,0.0,0.0,,,,,False,False
I-95 HOV NB,HOV,110P04660,2025-10-02,4.0,2,50.204581464244875,4000.0,96,0.95,47.69435239103263,False,0.0,0.0,0.0,,,,,False,False
I-95 HOV NB,HOV,110P04660,2025-10-03,4.0,2,50.204581464244875,4000.0,96,0.95,47.69435239103263,False,0.0,0.0,0.0,,,,,False,False
I-95 HOV NB,HOV,110P04660,2025-10-06,4.0,2,50.204581464244875,4000.0,96,0.95,47.69435239103263,False,0.0,0.0,0.0,,,,,False,False
I-95 HOV NB,HOV,110P04660,2025-10-07,4.0,2,50.204581464244875,4000.0,96,0.95,47.69435239103263,False,0.0,0.0,0.0,,,,,False,False
I-95 HOV NB,HOV,110P04660,2025-10-08,4.0,2,50.204581464244875,4000.0,96,0.95,47.69435239103263,False,0.0,0.0,0.0,,,,,False,False
I-95 HOV NB,HOV,110P04660,2025-10-09,4.0,2,50.204581464244875,4000.0,96,0.95,47.69435239103263,False,0.0,0.0,0.0,,,,,False,False
I-95 HOV NB,HOV,110P04660,2025-10-10,4.0,2,50.204581464244875,4000.0,96,0.95,47.69435239103263,False,0.0,0.0,0.0,,,,,False,False
I-95 HOV NB,HOV,110P04660,2025-10-13,4.0,2,50.204581464244875,4000.0,96,0.95,47.69435239103263,False,0.0,0.0,0.0,,,,,False,False
I-95 HOV NB,HOV,110P04660,2025-10-14,4.0,2,50.204581464244875,4000.0,96,0.95,47.69435239103263,False,0.0,0.0,0.0,,,,,False,False
I-95 HOV NB,HOV,110P04660,2025-10-15,4.0,2,50.204581464244875,4000.0,96,0.95,47.69435239103263,False,0.0,0.0,0.0,,,,,False,False
I-95 HOV NB,HOV,110P04660,2025-10-16,4.0,2,50.204581464244875,4000.0,96,0.95,47.69435239103263,False,0.0,0.0,0.0,,,,,False,False
I-95 HOV NB,HOV,110P04660,2025-10-17,4.0,2,50.204581464244875,4000.0,96,0.95,47.69435239103263,False,0.0,0.0,0.0,,,,,False,False
I-95 HOV NB,HOV,110P04660,2025-10-20,4.0,2,50.204581464244875,4000.0,96,0.95,47.69435239103263,False,0.0,0.0,0.0,,,,,False,False
I-95 HOV NB,HOV,110P04660,2025-10-21,4.0,2,50.204581464244875,4000.0,96,0.95,47.69435239103263,False,0.0,0.0,0.0,,,,,False,False
I-95 HOV NB,HOV,110P04660,2025-10-22,4.0,2,50.204581464244875,4000.0,96,0.95,47.69435239103263,False,0.0,0.0,0.0,,,,,False,False
I-95 HOV NB,HOV,110P04660,2025-10-23,4.0,2,50.204581464244875,4000.0,96,0.95,47.69435239103263,False,0.0,0.0,0.0,,,,,False,False
I-95 HOV NB,HOV,110P04660,2025-10-24,4.0,2,50.204581464244875,4000.0,96,0.95,47.69435239103263,False,0.0,0.0,0.0,,,,,False,False
I-95 HOV NB,HOV,110P04660,2025-10-27,4.0,2,50.204581464244875,4000.0,96,0.95,47.69435239103263,False,0.0,0.0,0.0,,,,,False,False
I-95 HOV NB,HOV,110P04660,2025-10-28,4.0,2,50.204581464244875,4000.0,96,0.95,47.69435239103263,False,0.0,0.0,0.0,,,,,False,False
I-95 HOV NB,HOV,110P04660,2025-10-29,4.0,2,50.204581464244875,4000.0,96,0.95,47.69435239103263,False,0.0,0.0,0.0,,,,,False,False
I-95 HOV NB,HOV,110P04660,2025-10-30,4.0,2,50.204581464244875,4000.0,96,0.95,47.69435239103263,False,0.0,0.0,0.0,,,,,False,False
I-95 HOV NB,HOV,110P04660,2025-10-31,4.0,2,50.204581464244875,4000.0,96,0.95,47.69435239103263,False,0.0,0.0,0.0,,,,,False,False
I-95 HOV NB,HOV,110+04661,2025-10-01,5.0,2,50.204581464244875,4000.0,96,0.95,47.69435239103263,False,0.0,0.0,0.0,,,,,False,False
I-95 HOV NB,HOV,110+04661,2025-10-02,5.0,2,50.204581464244875,4000.0,96,0.95,47.69435239103263,False,0.0,0.0,0.0,,,,,False,False
I-95 HOV NB,HOV,110+04661,2025-10-03,5.0,2,50.204581464244875,4000.0,96,0.95,47.69435239103263,False,0.0,0.0,0.0,,,,,False,False
I-95 HOV NB,HOV,110+04661,2025-10-06,5.0,2,50.204581464244875,4000.0,96,0.95,47.69435239103263,False,0.0,0.0,0.0,,,,,False,False
I-95 HOV NB,HOV,110+04661,2025-10-07,5.0,2,50.204581464244875,4000.0,96,0.95,47.69435239103263,False,0.0,0.0,0.0,,,,,False,False
I-95 HOV NB,HOV,110+04661,2025-10-08,5.0,2,50.204581464244875,4000.0,96,0.95,47.69435239103263,False,0.0,0.0,0.0,,,,,False,False
I-95 HOV NB,HOV,110+04661,2025-10-09,5.0,2,50.204581464244875,4000.0,96,0.95,47.69435239103263,False,0.0,0.0,0.0,,,,,False,False
I-95 HOV NB,HOV,110+04661,2025-10-10,5.0,2,50.204581464244875,4000.0,96,0.95,47.69435239103263,False,0.0,0.0,0.0,,,,,False,False
I-95 HOV NB,HOV,110+04661,2025-10-13,5.0,2,50.204581464244875,4000.0,96,0.95,47.69435239103263,False,0.0,0.0,0.0,,,,,False,False
I-95 HOV NB,HOV,110+04661,2025-10-14,5.0,2,50.204581464244875,4000.0,96,0.95,47.69435239103263,False,0.0,0.0,0.0,,,,,False,False
I-95 HOV NB,HOV,110+04661,2025-10-15,5.0,2,50.204581464244875,4000.0,96,0.95,47.69435239103263,False,0.0,0.0,0.0,,,,,False,False
I-95 HOV NB,HOV,110+04661,2025-10-16,5.0,2,50.204581464244875,4000.0,96,0.95,47.69435239103263,False,0.0,0.0,0.0,,,,,False,False
I-95 HOV NB,HOV,110+04661,2025-10-17,5.0,2,50.204581464244875,4000.0,96,0.95,47.69435239103263,False,0.0,0.0,0.0,,,,,False,False
I-95 HOV NB,HOV,110+04661,2025-10-20,5.0,2,50.204581464244875,4000.0,96,0.95,47.69435239103263,False,0.0,0.0,0.0,,,,,False,False
I-95 HOV NB,HOV,110+04661,2025-10-21,5.0,2,50.204581464244875,4000.0,96,0.95,47.69435239103263,False,0.0,0.0,0.0,,,,,False,False
I-95 HOV NB,HOV,110+04661,2025-10-22,5.0,2,50.204581464244875,4000.0,96,0.95,47.69435239103263,False,0.0,0.0,0.0,,,,,False,False
I-95 HOV NB,HOV,110+04661,2025-10-23,5.0,2,50.204581464244875,4000.0,96,0.95,47.69435239103263,False,0.0,0.0,0.0,,,,,False,False
I-95 HOV NB,HOV,110+04661,2025-10-24,5.0,2,50.204581464244875,4000.0,96,0.95,47.69435239103263,False,0.0,0.0,0.0,,,,,False,False
I-95 HOV NB,HOV,110+04661,2025-10-27,5.0,2,50.204581464244875,4000.0,96,0.95,47.69435239103263,False,0.0,0.0,0.0,,,,,False,False
I-95 HOV NB,HOV,110+04661,2025-10-28,5.0,2,50.204581464244875,4000.0,96,0.95,47.69435239103263,False,0.0,0.0,0.0,,,,,False,False
I-95 HOV NB,HOV,110+04661,2025-10-29,5.0,2,50.204581464244875,4000.0,96,0.95,47.69435239103263,False,0.0,0.0,0.0,,,,,False,False
I-95 HOV NB,HOV,110+04661,2025-10-30,5.0,2,50.204581464244875,4000.0,96,0.95,47.69435239103263,False,0.0,0.0,0.0,,,,,False,False
I-95 HOV NB,HOV,110+04661,2025-10-31,5.0,2,50.204581464244875,4000.0,96,0.95,47.69435239103263,False,0.0,0.0,0.0,,,,,False,False
I-95 HOV NB,HOV,110P04661,2025-10-01,6.0,2,50.204581464244875,4000.0,96,0.95,47.69435239103263,False,0.0,0.0,0.0,,,,,False,False
I-95 HOV NB,HOV,110P04661,2025-10-02,6.0,2,50.204581464244875,4000.0,96,0.95,47.69435239103263,False,0.0,0.0,0.0,,,,,False,False
I-95 HOV NB,HOV,110P04661,2025-10-03,6.0,2,50.204581464244875,4000.0,96,0.95,47.69435239103263,False,0.0,0.0,0.0,,,,,False,False
I-95 HOV NB,HOV,110P04661,2025-10-06,6.0,2,50.204581464244875,4000.0,96,0.95,47.69435239103263,False,0.0,0.0,0.0,,,,,False,False
I-95 HOV NB,HOV,110P04661,2025-10-07,6.0,2,50.204581464244875,4000.0,96,0.95,47.69435239103263,False,0.0,0.0,0.0,,,,,False,False
I-95 HOV NB,HOV,110P04661,2025-10-08,6.0,2,50.204581464244875,4000.0,96,0.95,47.69435239103263,False,0.0,0.0,0.0,,,,,False,False
I-95 HOV NB,HOV,110P04661,2025-10-09,6.0,2,50.204581464244875,4000.0,96,0.95,47.69435239103263,False,0.0,0.0,0.0,,,,,False,False
I-95 HOV NB,HOV,110P04661,2025-10-10,6.0,2,50.204581464244875,4000.0,96,0.95,47.69435239103263,False,0.0,0.0,0.0,,,,,False,False
I-95 HOV NB,HOV,110P04661,2025-10-13,6.0,2,50.204581464244875,4000.0,96,0.95,47.69435239103263,False,0.0,0.0,0.0,,,,,False,False
I-95 HOV NB,HOV,110P04661,2025-10-14,6.0,2,50.204581464244875,4000.0,96,0.95,47.69435239103263,False,0.0,0.0,0.0,,,,,False,False
I-95 HOV NB,HOV,110P04661,2025-10-15,6.0,2,50.204581464244875,4000.0,96,0.95,47.69435239103263,False,0.0,0.0,0.0,,,,,False,False
I-95 HOV NB,HOV,110P04661,2025-10-16,6.0,2,50.204581464244875,4000.0,96,0.95,47.69435239103263,False,0.0,0.0,0.0,,,,,False,False
I-95 HOV NB,HOV,110P04661,2025-10-17,6.0,2,50.204581464244875,4000.0,96,0.95,47.69435239103263,False,0.0,0.0,0.0,,,,,False,False
I-95 HOV NB,HOV,110P04661,2025-10-20,6.0,2,50.204581464244875,4000.0,96,0.95,47.69435239103263,False,0.0,0.0,0.0,,,,,False,False
I-95 HOV NB,HOV,110P04661,2025-10-21,6.0,2,50.204581464244875,4000.0,96,0.95,47.69435239103263,False,0.0,0.0,0.0,,,,,False,False
I-95 HOV NB,HOV,110P04661,2025-10-22,6.0,2,50.204581464244875,4000.0,96,0.95,47.69435239103263,False,0.0,0.0,0.0,,,,,False,False
I-95 HOV NB,HOV,110P04661,2025-10-23,6.0,2,50.204581464244875,4000.0,96,0.95,47.69435239103263,False,0.0,0.0,0.0,,,,,False,False
I-95 HOV NB,HOV,110P04661,2025-10-24,6.0,2,50.204581464244875,4000.0,96,0.95,47.69435239103263,False,0.0,0.0,0.0,,,,,False,False
I-95 HOV NB,HOV,110P04661,2025-10-27,6.0,2,50.204581464244875,4000.0,96,0.95,47.69435239103263,False,0.0,0.0,0.0,,,,,False,False
I-95 HOV NB,HOV,110P04661,2025-10-28,6.0,2,50.204581464244875,4000.0,96,0.95,47.69435239103263,False,0.0,0.0,0.0,,,,,False,False
I-95 HOV NB,HOV,110P04661,2025-10-29,6.0,2,50.204581464244875,4000.0,96,0.95,47.69435239103263,False,0.0,0.0,0.0,,,,,False,False
I-95 HOV NB,HOV,110P04661,2025-10-30,6.0,2,50.204581464244875,4000.0,96,0.95,47.69435239103263,False,0.0,0.0,0.0,,,,,False,False
I-95 HOV NB,HOV,110P04661,2025-10-31,6.0,2,50.204581464244875,4000.0,96,0.95,47.69435239103263,False,0.0,0.0,0.0,,,,,False,False
I-95 HOV NB,HOV,110+04662,2025-10-01,7.0,2,49.49747468305833,4000.0,96,0.95,47.022600948905406,False,0.0,0.0,0.0,,,,,False,False
I-95 HOV NB,HOV,110+04662,2025-10-02,7.0,2,49.49747468305833,4000.0,96,0.95,47.022600948905406,False,0.0,0.0,0.0,,,,,False,False
I-95 HOV NB,HOV,110+04662,2025-10-03,7.0,2,49.49747468305833,4000.0,96,0.95,47.022600948905406,False,0.0,0.0,0.0,,,,,False,False
I-95 HOV NB,HOV,110+04662,2025-10-06,7.0,2,49.49747468305833,4000.0,96,0.95,47.022600948905406,False,0.0,0.0,0.0,,,,,False,False
I-95 HOV NB,HOV,110+04662,2025-10-07,7.0,2,49.49747468305833,4000.0,96,0.95,47.022600948905406,False,0.0,0.0,0.0,,,,,False,False
I-95 HOV NB,HOV,110+04662,2025-10-08,7.0,2,49.49747468305833,4000.0,96,0.95,47.022600948905406,False,0.0,0.0,0.0,,,,,False,False
I-95 HOV NB,HOV,110+04662,2025-10-09,7.0,2,49.49747468305833,4000.0,96,0.95,47.022600948905406,False,0.0,0.0,0.0,,,,,False,False
I-95 HOV NB,HOV,110+04662,2025-10-10,7.0,2,49.49747468305833,4000.0,96,0.95,47.022600948905406,False,0.0,0.0,0.0,,,,,False,False
I-95 HOV NB,HOV,110+04662,2025-10-13,7.0,2,49.49747468305833,4000.0,96,0.95,47.022600948905406,False,0.0,0.0,0.0,,,,,False,False
I-95 HOV NB,HOV,110+04662,2025-10-14,7.0,2,49.49747468305833,4000.0,96,0.95,47.022600948905406,False,0.0,0.0,0.0,,,,,False,False
I-95 HOV NB,HOV,110+04662,2025-10-15,7.0,2,49.49747468305833,4000.0,96,0.95,47.022600948905406,False,0.0,0.0,0.0,,,,,False,False
I-95 HOV NB,HOV,110+04662,2025-10-16,7.0,2,49.49747468305833,4000.0,96,0.95,47.022600948905406,False,0.0,0.0,0.0,,,,,False,False
I-95 HOV NB,HOV,110+04662,2025-10-17,7.0,2,49.49747468305833,4000.0,96,0.95,47.022600948905406,False,0.0,0.0,0.0,,,,,False,False
I-95 HOV NB,HOV,110+04662,2025-10-20,7.0,2,49.49747468305833,4000.0,96,0.95,47.022600948905406,False,0.0,0.0,0.0,,,,,False,False
I-95 HOV NB,HOV,110+04662,2025-10-21,7.0,2,49.49747468305833,4000.0,96,0.95,47.022600948905406,False,0.0,0.0,0.0,,,,,False,False
I-95 HOV NB,HOV,110+04662,2025-10-22,7.0,2,49.49747468305833,4000.0,96,0.95,47.022600948905406,False,0.0,0.0,0.0,,,,,False,False
I-95 HOV NB,HOV,110+04662,2025-10-23,7.0,2,49.49747468305833,4000.0,96,0.95,47.022600948905406,False,0.0,0.0,0.0,,,,,False,False
I-95 HOV NB,HOV,110+04662,2025-10-24,7.0,2,49.49747468305833,4000.0,96,0.95,47.022600948905406,False,0.0,0.0,0.0,,,,,False,False
I-95 HOV NB,HOV,110+04662,2025-10-27,7.0,2,49.49747468305833,4000.0,96,0.95,47.022600948905406,False,0.0,0.0,0.0,,,,,False,False
I-95 HOV NB,HOV,110+04662,2025-10-28,7.0,2,49.49747468305833,4000.0,96,0.95,47.022600948905406,False,0.0,0.0,0.0,,,,,False,False
I-95 HOV NB,HOV,110+04662,2025-10-29,7.0,2,49.49747468305833,4000.0,96,0.95,47.022600948905406,False,0.0,0.0,0.0,,,,,False,False
I-95 HOV NB,HOV,110+04662,2025-10-30,7.0,2,49.49747468305833,4000.0,96,0.95,47.022600948905406,False,0.0,0.0,0.0,,,,,False,False
I-95 HOV NB,HOV,110+04662,2025-10-31,7.0,2,49.49747468305833,4000.0,96,0.95,47.022600948905406,False,0.0,0.0,0.0,,,,,False,False
I-95 HOV NB,HOV,110P04662,2025-10-01,8.0,2,50.204581464244875,4000.0,96,0.95,47.69435239103263,False,0.0,0.0,0.0,,,,,False,False
I-95 HOV NB,HOV,110P04662,2025-10-02,8.0,2,50.204581464244875,4000.0,96,0.95,47.69435239103263,False,0.0,0.0,0.0,,,,,False,False
I-95 HOV NB,HOV,110P04662,2025-10-03,8.0,2,50.204581464244875,4000.0,96,0.95,47.69435239103263,False,0.0,0.0,0.0,,,,,False,False
I-95 HOV NB,HOV,110P04662,2025-10-06,8.0,2,50.204581464244875,4000.0,96,0.95,47.69435239103263,False,0.0,0.0,0.0,,,,,False,False
I-95 HOV NB,HOV,110P04662,2025-10-07,8.0,2,50.204581464244875,4000.0,96,0.95,47.69435239103263,False,0.0,0.0,0.0,,,,,False,False
I-95 HOV NB,HOV,110P04662,2025-10-08,8.0,2,50.204581464244875,4000.0,96,0.95,47.69435239103263,False,0.0,0.0,0.0,,,,,False,False
I-95 HOV NB,HOV,110P04662,2025-10-09,8.0,2,50.204581464244875,4000.0,96,0.95,47.69435239103263,False,0.0,0.0,0.0,,,,,False,False
I-95 HOV NB,HOV,110P04662,2025-10-10,8.0,2,50.204581464244875,4000.0,96,0.95,47.69435239103263,False,0.0,0.0,0.0,,,,,False,False
I-95 HOV NB,HOV,110P04662,2025-10-13,8.0,2,50.204581464244875,4000.0,96,0.95,47.69435239103263,False,0.0,0.0,0.0,,,,,False,False
I-95 HOV NB,HOV,110P04662,2025-10-14,8.0,2,50.204581464244875,4000.0,96,0.95,47.69435239103263,False,0.0,0.0,0.0,,,,,False,False
I-95 HOV NB,HOV,110P04662,2025-10-15,8.0,2,50.204581464244875,4000.0,96,0.95,47.69435239103263,False,0.0,0.0,0.0,,,,,False,False
I-95 HOV NB,HOV,110P04662,2025-10-16,8.0,2,50.204581464244875,4000.0,96,0.95,47.69435239103263,False,0.0,0.0,0.0,,,,,False,False
I-95 HOV NB,HOV,110P04662,2025-10-17,8.0,2,50.204581464244875,4000.0,96,0.95,47.69435239103263,False,0.0,0.0,0.0,,,,,False,False
I-95 HOV NB,HOV,110P04662,2025-10-20,8.0,2,50.204581464244875,4000.0,96,0.95,47.69435239103263,False,0.0,0.0,0.0,,,,,False,False
I-95 HOV NB,HOV,110P04662,2025-10-21,8.0,2,50.204581464244875,4000.0,96,0.95,47.69435239103263,False,0.0,0.0,0.0,,,,,False,False
I-95 HOV NB,HOV,110P04662,2025-10-22,8.0,2,50.204581464244875,4000.0,96,0.95,47.69435239103263,False,0.0,0.0,0.0,,,,,False,False
I-95 HOV NB,HOV,110P04662,2025-10-23,8.0,2,50.204581464244875,4000.0,96,0.95,47.69435239103263,False,0.0,0.0,0.0,,,,,False,False
I-95 HOV NB,HOV,110P04662,2025-10-24,8.0,2,50.204581464244875,4000.0,96,0.95,47.69435239103263,False,0.0,0.0,0.0,,,,,False,False
I-95 HOV NB,HOV,110P04662,2025-10-27,8.0,2,50.204581464244875,4000.0,96,0.95,47.69435239103263,False,0.0,0.0,0.0,,,,,False,False
I-95 HOV NB,HOV,110P04662,2025-10-28,8.0,2,50.204581464244875,4000.0,96,0.95,47.69435239103263,False,0.0,0.0,0.0,,,,,False,False
I-95 HOV NB,HOV,110P04662,2025-10-29,8.0,2,50.204581464244875,4000.0,96,0.95,47.69435239103263,False,0.0,0.0,0.0,,,,,False,False
I-95 HOV NB,HOV,110P04662,2025-10-30,8.0,2,50.204581464244875,4000.0,96,0.95,47.69435239103263,False,0.0,0.0,0.0,,,,,False,False
I-95 HOV NB,HOV,110P04662,2025-10-31,8.0,2,50.204581464244875,4000.0,96,0.95,47.69435239103263,False,0.0,0.0,0.0,,,,,False,False
I-95 HOV NB,HOV,110P04665,2025-10-01,13.1,3,50.91168824543143,6000.0,96,0.95,48.366103833159855,False,0.0,0.0,0.0,,,,,False,False
I-95 HOV NB,HOV,110P04665,2025-10-02,13.1,3,50.91168824543143,6000.0,96,0.95,48.366103833159855,False,0.0,0.0,0.0,,,,,False,False
I-95 HOV NB,HOV,110P04665,2025-10-03,13.1,3,50.91168824543143,6000.0,96,0.95,48.366103833159855,False,0.0,0.0,0.0,,,,,False,False
I-95 HOV NB,HOV,110P04665,2025-10-06,13.1,3,50.91168824543143,6000.0,96,0.95,48.366103833159855,False,0.0,0.0,0.0,,,,,False,False
I-95 HOV NB,HOV,110P04665,2025-10-07,13.1,3,50.91168824543143,6000.0,96,0.95,48.366103833159855,False,0.0,0.0,0.0,,,,,False,False
I-95 HOV NB,HOV,110P04665,2025-10-08,13.1,3,50.91168824543143,6000.0,96,0.95,48.366103833159855,False,0.0,0.0,0.0,,,,,False,False
I-95 HOV NB,HOV,110P04665,2025-10-09,13.1,3,50.91168824543143,6000.0,96,0.95,48.366103833159855,False,0.0,0.0,0.0,,,,,False,False
I-95 HOV NB,HOV,110P04665,2025-10-10,13.1,3,50.91168824543143,6000.0,96,0.95,48.366103833159855,False,0.0,0.0,0.0,,,,,False,False
I-95 HOV NB,HOV,110P04665,2025-10-13,13.1,3,50.91168824543143,6000.0,96,0.95,48.366103833159855,False,0.0,0.0,0.0,,,,,False,False
I-95 HOV NB,HOV,110P04665,2025-10-14,13.1,3,50.91168824543143,6000.0,96,0.95,48.366103833159855,False,0.0,0.0,0.0,,,,,False,False
I-95 HOV NB,HOV,110P04665,2025-10-15,13.1,3,50.91168824543143,6000.0,96,0.95,48.366103833159855,False,0.0,0.0,0.0,,,,,False,False
I-95 HOV NB,HOV,110P04665,2025-10-16,13.1,3,50.91168824543143,6000.0,96,0.95,48.366103833159855,False,0.0,0.0,0.0,,,,,False,False
I-95 HOV NB,HOV,110P04665,2025-10-17,13.1,3,50.91168824543143,6000.0,96,0.95,48.366103833159855,False,0.0,0.0,0.0,,,,,False,False
I-95 HOV NB,HOV,110P04665,2025-10-20,13.1,3,50.91168824543143,6000.0,96,0.95,48.366103833159855,False,0.0,0.0,0.0,,,,,False,False
I-95 HOV NB,HOV,110P04665,2025-10-21,13.1,3,50.91168824543143,6000.0,96,0.95,48.366103833159855,False,0.0,0.0,0.0,,,,,False,False
I-95 HOV NB,HOV,110P04665,2025-10-22,13.1,3,50.91168824543143,6000.0,96,0.95,48.366103833159855,False,0.0,0.0,0.0,,,,,False,False
I-95 HOV NB,HOV,110P04665,2025-10-23,13.1,3,50.91168824543143,6000.0,96,0.95,48.366103833159855,False,0.0,0.0,0.0,,,,,False,False
I-95 HOV NB,HOV,110P04665,2025-10-24,13.1,3,50.91168824543143,6000.0,96,0.95,48.366103833159855,False,0.0,0.0,0.0,,,,,False,False
I-95 HOV NB,HOV,110P04665,2025-10-27,13.1,3,50.91168824543143,6000.0,96,0.95,48.366103833159855,False,0.0,0.0,0.0,,,,,False,False
I-95 HOV NB,HOV,110P04665,2025-10-28,13.1,3,50.91168824543143,6000.0,96,0.95,48.366103833159855,False,0.0,0.0,0.0,,,,,False,False
I-95 HOV NB,HOV,110P04665,2025-10-29,13.1,3,50.91168824543143,6000.0,96,0.95,48.366103833159855,False,0.0,0.0,0.0,,,,,False,False
I-95 HOV NB,HOV,110P04665,2025-10-30,13.1,3,50.91168824543143,6000.0,96,0.95,48.366103833159855,False,0.0,0.0,0.0,,,,,False,False
I-95 HOV NB,HOV,110P04665,2025-10-31,13.1,3,50.91168824543143,6000.0,96,0.95,48.366103833159855,False,0.0,0.0,0.0,,,,,False,False
I-95 HOV NB,HOV,110+04666,2025-10-01,14.0,3,50.204581464244875,6000.0,96,0.95,47.69435239103263,False,0.0,0.0,0.0,,,,,False,False
I-95 HOV NB,HOV,110+04666,2025-10-02,14.0,3,50.204581464244875,6000.0,96,0.95,47.69435239103263,False,0.0,0.0,0.0,,,,,False,False
I-95 HOV NB,HOV,110+04666,2025-10-03,14.0,3,50.204581464244875,6000.0,96,0.95,47.69435239103263,False,0.0,0.0,0.0,,,,,False,False
I-95 HOV NB,HOV,110+04666,2025-10-06,14.0,3,50.204581464244875,6000.0,96,0.95,47.69435239103263,False,0.0,0.0,0.0,,,,,False,False
I-95 HOV NB,HOV,110+04666,2025-10-07,14.0,3,50.204581464244875,6000.0,96,0.95,47.69435239103263,False,0.0,0.0,0.0,,,,,False,False
I-95 HOV NB,HOV,110+04666,2025-10-08,14.0,3,50.204581464244875,6000.0,96,0.95,47.69435239103263,False,0.0,0.0,0.0,,,,,False,False
I-95 HOV NB,HOV,110+04666,2025-10-09,14.0,3,50.204581464244875,6000.0,96,0.95,47.69435239103263,False,0.0,0.0,0.0,,,,,False,False
I-95 HOV NB,HOV,110+04666,2025-10-10,14.0,3,50.204581464244875,6000.0,96,0.95,47.69435239103263,False,0.0,0.0,0.0,,,,,False,False
I-95 HOV NB,HOV,110+04666,2025-10-13,14.0,3,50.204581464244875,6000.0,96,0.95,47.69435239103263,False,0.0,0.0,0.0,,,,,False,False
I-95 HOV NB,HOV,110+04666,2025-10-14,14.0,3,50.204581464244875,6000.0,96,0.95,47.69435239103263,False,0.0,0.0,0.0,,,,,False,False
I-95 HOV NB,HOV,110+04666,2025-10-15,14.0,3,50.204581464244875,6000.0,96,0.95,47.69435239103263,False,0.0,0.0,0.0,,,,,False,False
I-95 HOV NB,HOV,110+04666,2025-10-16,14.0,3,50.204581464244875,6000.0,96,0.95,47.69435239103263,False,0.0,0.0,0.0,,,,,False,False
I-95 HOV NB,HOV,110+04666,2025-10-17,14.0,3,50.204581464244875,6000.0,96,0.95,47.69435239103263,False,0.0,0.0,0.0,,,,,False,False
I-95 HOV NB,HOV,110+04666,2025-10-20,14.0,3,50.204581464244875,6000.0,96,0.95,47.69435239103263,False,0.0,0.0,0.0,,,,,False,False
I-95 HOV NB,HOV,110+04666,2025-10-21,14.0,3,50.204581464244875,6000.0,96,0.95,47.69435239103263,False,0.0,0.0,0.0,,,,,False,False
I-95 HOV NB,HOV,110+04666,2025-10-22,14.0,3,50.204581464244875,6000.0,96,0.95,47.69435239103263,False,0.0,0.0,0.0,,,,,False,False
I-95 HOV NB,HOV,110+04666,2025-10-23,14.0,3,50.204581464244875,6000.0,96,0.95,47.69435239103263,False,0.0,0.0,0.0,,,,,False,False
I-95 HOV NB,HOV,110+04666,2025-10-24,14.0,3,50.204581464244875,6000.0,96,0.95,47.69435239103263,False,0.0,0.0,0.0,,,,,False,False
I-95 HOV NB,HOV,110+04666,2025-10-27,14.0,3,50.204581464244875,6000.0,96,0.95,47.69435239103263,False,0.0,0.0,0.0,,,,,False,False
I-95 HOV NB,HOV,110+04666,2025-10-28,14.0,3,50.204581464244875,6000.0,96,0.95,47.69435239103263,False,0.0,0.0,0.0,,,,,False,False
I-95 HOV NB,HOV,110+04666,2025-10-29,14.0,3,50.204581464244875,6000.0,96,0.95,47.69435239103263,False,0.0,0.0,0.0,,,,,False,False
I-95 HOV NB,HOV,110+04666,2025-10-30,14.0,3,50.204581464244875,6000.0,96,0.95,47.69435239103263,False,0.0,0.0,0.0,,,,,False,False
I-95 HOV NB,HOV,110+04666,2025-10-31,14.0,3,50.204581464244875,6000.0,96,0.95,47.69435239103263,False,0.0,0.0,0.0,,,,,False,False
I-95 HOV NB,HOV,110P04666,2025-10-01,15.0,3,49.49747468305833,6000.0,96,0.95,47.022600948905406,False,0.0,0.0,0.0,,,,,False,False
I-95 HOV NB,HOV,110P04666,2025-10-02,15.0,3,49.49747468305833,6000.0,96,0.95,47.022600948905406,False,0.0,0.0,0.0,,,,,False,False
I-95 HOV NB,HOV,110P04666,2025-10-03,15.0,3,49.49747468305833,6000.0,96,0.95,47.022600948905406,False,0.0,0.0,0.0,,,,,False,False
I-95 HOV NB,HOV,110P04666,2025-10-06,15.0,3,49.49747468305833,6000.0,96,0.95,47.022600948905406,False,0.0,0.0,0.0,,,,,False,False
I-95 HOV NB,HOV,110P04666,2025-10-07,15.0,3,49.49747468305833,6000.0,96,0.95,47.022600948905406,False,0.0,0.0,0.0,,,,,False,False
I-95 HOV NB,HOV,110P04666,2025-10-08,15.0,3,49.49747468305833,6000.0,96,0.95,47.022600948905406,False,0.0,0.0,0.0,,,,,False,False
I-95 HOV NB,HOV,110P04666,2025-10-09,15.0,3,49.49747468305833,6000.0,96,0.95,47.022600948905406,False,0.0,0.0,0.0,,,,,False,False
I-95 HOV NB,HOV,110P04666,2025-10-10,15.0,3,49.49747468305833,6000.0,96,0.95,47.022600948905406,False,0.0,0.0,0.0,,,,,False,False
I-95 HOV NB,HOV,110P04666,2025-10-13,15.0,3,49.49747468305833,6000.0,96,0.95,47.022600948905406,False,0.0,0.0,0.0,,,,,False,False
I-95 HOV NB,HOV,110P04666,2025-10-14,15.0,3,49.49747468305833,6000.0,96,0.95,47.022600948905406,False,0.0,0.0,0.0,,,,,False,False
I-95 HOV NB,HOV,110P04666,2025-10-15,15.0,3,49.49747468305833,6000.0,96,0.95,47.022600948905406,False,0.0,0.0,0.0,,,,,False,False
I-95 HOV NB,HOV,110P04666,2025-10-16,15.0,3,49.49747468305833,6000.0,96,0.95,47.022600948905406,False,0.0,0.0,0.0,,,,,False,False
I-95 HOV NB,HOV,110P04666,2025-10-17,15.0,3,49.49747468305833,6000.0,96,0.95,47.022600948905406,False,0.0,0.0,0.0,,,,,False,False
I-95 HOV NB,HOV,110P04666,2025-10-20,15.0,3,49.49747468305833,6000.0,96,0.95,47.022600948905406,False,0.0,0.0,0.0,,,,,False,False
I-95 HOV NB,HOV,110P04666,2025-10-21,15.0,3,49.49747468305833,6000.0,96,0.95,47.022600948905406,False,0.0,0.0,0.0,,,,,False,False
I-95 HOV NB,HOV,110P04666,2025-10-22,15.0,3,49.49747468305833,6000.0,96,0.95,47.022600948905406,False,0.0,0.0,0.0,,,,,False,False
I-95 HOV NB,HOV,110P04666,2025-10-23,15.0,3,49.49747468305833,6000.0,96,0.95,47.022600948905406,False,0.0,0.0,0.0,,,,,False,False
I-95 HOV NB,HOV,110P04666,2025-10-24,15.0,3,49.49747468305833,6000.0,96,0.95,47.022600948905406,False,0.0,0.0,0.0,,,,,False,False
I-95 HOV NB,HOV,110P04666,2025-10-27,15.0,3,49.49747468305833,6000.0,96,0.95,47.022600948905406,False,0.0,0.0,0.0,,,,,False,False
I-95 HOV NB,HOV,110P04666,2025-10-28,15.0,3,49.49747468305833,6000.0,96,0.95,47.022600948905406,False,0.0,0.0,0.0,,,,,False,False
I-95 HOV NB,HOV,110P04666,2025-10-29,15.0,3,49.49747468305833,6000.0,96,0.95,47.022600948905406,False,0.0,0.0,0.0,,,,,False,False
I-95 HOV NB,HOV,110P04666,2025-10-30,15.0,3,49.49747468305833,6000.0,96,0.95,47.022600948905406,False,0.0,0.0,0.0,,,,,False,False
I-95 HOV NB,HOV,110P04666,2025-10-31,15.0,3,49.49747468305833,6000.0,96,0.95,47.022600948905406,False,0.0,0.0,0.0,,,,,False,False
I-95 HOV NB,HOV,110+04667,2025-10-01,16.0,3,50.204581464244875,6000.0,96,0.95,47.69435239103263,False,0.0,0.0,0.0,,,,,False,False
I-95 HOV NB,HOV,110+04667,2025-10-02,16.0,3,50.204581464244875,6000.0,96,0.95,47.69435239103263,False,0.0,0.0,0.0,,,,,False,False
I-95 HOV NB,HOV,110+04667,2025-10-03,16.0,3,50.204581464244875,6000.0,96,0.95,47.69435239103263,False,0.0,0.0,0.0,,,,,False,False
I-95 HOV NB,HOV,110+04667,2025-10-06,16.0,3,50.204581464244875,6000.0,96,0.95,47.69435239103263,False,0.0,0.0,0.0,,,,,False,False
I-95 HOV NB,HOV,110+04667,2025-10-07,16.0,3,50.204581464244875,6000.0,96,0.95,47.69435239103263,False,0.0,0.0,0.0,,,,,False,False
I-95 HOV NB,HOV,110+04667,2025-10-08,16.0,3,50.204581464244875,6000.0,96,0.95,47.69435239103263,False,0.0,0.0,0.0,,,,,False,False
I-95 HOV NB,HOV,110+04667,2025-10-09,16.0,3,50.204581464244875,6000.0,96,0.95,47.69435239103263,False,0.0,0.0,0.0,,,,,False,False
I-95 HOV NB,HOV,110+04667,2025-10-10,16.0,3,50.204581464244875,6000.0,96,0.95,47.69435239103263,False,0.0,0.0,0.0,,,,,False,False
I-95 HOV NB,HOV,110+04667,2025-10-13,16.0,3,50.204581464244875,6000.0,96,0.95,47.69435239103263,False,0.0,0.0,0.0,,,,,False,False
I-95 HOV NB,HOV,110+04667,2025-10-14,16.0,3,50.204581464244875,6000.0,96,0.95,47.69435239103263,False,0.0,0.0,0.0,,,,,False,False
I-95 HOV NB,HOV,110+04667,2025-10-15,16.0,3,50.204581464244875,6000.0,96,0.95,47.69435239103263,False,0.0,0.0,0.0,,,,,False,False
I-95 HOV NB,HOV,110+04667,2025-10-16,16.0,3,50.204581464244875,6000.0,96,0.95,47.69435239103263,False,0.0,0.0,0.0,,,,,False,False
I-95 HOV NB,HOV,110+04667,2025-10-17,16.0,3,50.204581464244875,6000.0,96,0.95,47.69435239103263,False,0.0,0.0,0.0,,,,,False,False
I-95 HOV NB,HOV,110+04667,2025-10-20,16.0,3,50.204581464244875,6000.0,96,0.95,47.69435239103263,False,0.0,0.0,0.0,,,,,False,False
I-95 HOV NB,HOV,110+04667,2025-10-21,16.0,3,50.204581464244875,6000.0,96,0.95,47.69435239103263,False,0.0,0.0,0.0,,,,,False,False
I-95 HOV NB,HOV,110+04667,2025-10-22,16.0,3,50.204581464244875,6000.0,96,0.95,47.69435239103263,False,0.0,0.0,0.0,,,,,False,False
I-95 HOV NB,HOV,110+04667,2025-10-23,16.0,3,50.204581464244875,6000.0,96,0.95,47.69435239103263,False,0.0,0.0,0.0,,,,,False,False
I-95 HOV NB,HOV,110+04667,2025-10-24,16.0,3,50.204581464244875,6000.0,96,0.95,47.69435239103263,False,0.0,0.0,0.0,,,,,False,False
I-95 HOV NB,HOV,110+04667,2025-10-27,16.0,3,50.204581464244875,6000.0,96,0.95,47.69435239103263,False,0.0,0.0,0.0,,,,,False,False
I-95 HOV NB,HOV,110+04667,2025-10-28,16.0,3,50.204581464244875,6000.0,96,0.95,47.69435239103263,False,0.0,0.0,0.0,,,,,False,False
I-95 HOV NB,HOV,110+04667,2025-10-29,16.0,3,50.204581464244875,6000.0,96,0.95,47.69435239103263,False,0.0,0.0,0.0,,,,,False,False
I-95 HOV NB,HOV,110+04667,2025-10-30,16.0,3,50.204581464244875,6000.0,96,0.95,47.69435239103263,False,0.0,0.0,0.0,,,,,False,False
I-95 HOV NB,HOV,110+04667,2025-10-31,16.0,3,50.204581464244875,6000.0,96,0.95,47.69435239103263,False,0.0,0.0,0.0,,,,,False,False
I-95 HOV NB,HOV,110P04667,2025-10-01,17.0,3,50.204581464244875,6000.0,96,0.95,47.69435239103263,False,0.0,0.0,0.0,,,,,False,False
I-95 HOV NB,HOV,110P04667,2025-10-02,17.0,3,50.204581464244875,6000.0,96,0.95,47.69435239103263,False,0.0,0.0,0.0,,,,,False,False
I-95 HOV NB,HOV,110P04667,2025-10-03,17.0,3,50.204581464244875,6000.0,96,0.95,47.69435239103263,False,0.0,0.0,0.0,,,,,False,False
I-95 HOV NB,HOV,110P04667,2025-10-06,17.0,3,50.204581464244875,6000.0,96,0.95,47.69435239103263,False,0.0,0.0,0.0,,,,,False,False
I-95 HOV NB,HOV,110P04667,2025-10-07,17.0,3,50.204581464244875,6000.0,96,0.95,47.69435239103263,False,0.0,0.0,0.0,,,,,False,False
I-95 HOV NB,HOV,110P04667,2025-10-08,17.0,3,50.204581464244875,6000.0,96,0.95,47.69435239103263,False,0.0,0.0,0.0,,,,,False,False
I-95 HOV NB,HOV,110P04667,2025-10-09,17.0,3,50.204581464244875,6000.0,96,0.95,47.69435239103263,False,0.0,0.0,0.0,,,,,False,False
I-95 HOV NB,HOV,110P04667,2025-10-10,17.0,3,50.204581464244875,6000.0,96,0.95,47.69435239103263,False,0.0,0.0,0.0,,,,,False,False
I-95 HOV NB,HOV,110P04667,2025-10-13,17.0,3,50.204581464244875,6000.0,96,0.95,47.69435239103263,False,0.0,0.0,0.0,,,,,False,False
I-95 HOV NB,HOV,110P04667,2025-10-14,17.0,3,50.204581464244875,6000.0,96,0.95,47.69435239103263,False,0.0,0.0,0.0,,,,,False,False
I-95 HOV NB,HOV,110P04667,2025-10-15,17.0,3,50.204581464244875,6000.0,96,0.95,47.69435239103263,False,0.0,0.0,0.0,,,,,False,False
I-95 HOV NB,HOV,110P04667,2025-10-16,17.0,3,50.204581464244875,6000.0,96,0.95,47.69435239103263,False,0.0,0.0,0.0,,,,,False,False
I-95 HOV NB,HOV,110P04667,2025-10-17,17.0,3,50.204581464244875,6000.0,96,0.95,47.69435239103263,False,0.0,0.0,0.0,,,,,False,False
I-95 HOV NB,HOV,110P04667,2025-10-20,17.0,3,50.204581464244875,6000.0,96,0.95,47.69435239103263,False,0.0,0.0,0.0,,,,,False,False
I-95 HOV NB,HOV,110P04667,2025-10-21,17.0,3,50.204581464244875,6000.0,96,0.95,47.69435239103263,False,0.0,0.0,0.0,,,,,False,False
I-95 HOV NB,HOV,110P04667,2025-10-22,17.0,3,50.204581464244875,6000.0,96,0.95,47.69435239103263,False,0.0,0.0,0.0,,,,,False,False
I-95 HOV NB,HOV,110P04667,2025-10-23,17.0,3,50.204581464244875,6000.0,96,0.95,47.69435239103263,False,0.0,0.0,0.0,,,,,False,False
I-95 HOV NB,HOV,110P04667,2025-10-24,17.0,3,50.204581464244875,6000.0,96,0.95,47.69435239103263,False,0.0,0.0,0.0,,,,,False,False
I-95 HOV NB,HOV,110P04667,2025-10-27,17.0,3,50.204581464244875,6000.0,96,0.95,47.69435239103263,False,0.0,0.0,0.0,,,,,False,False
I-95 HOV NB,HOV,110P04667,2025-10-28,17.0,3,50.204581464244875,6000.0,96,0.95,47.69435239103263,False,0.0,0.0,0.0,,,,,False,False
I-95 HOV NB,HOV,110P04667,2025-10-29,17.0,3,50.204581464244875,6000.0,96,0.95,47.69435239103263,False,0.0,0.0,0.0,,,,,False,False
I-95 HOV NB,HOV,110P04667,2025-10-30,17.0,3,50.204581464244875,6000.0,96,0.95,47.69435239103263,False,0.0,0.0,0.0,,,,,False,False
I-95 HOV NB,HOV,110P04667,2025-10-31,17.0,3,50.204581464244875,6000.0,96,0.95,47.69435239103263,False,0.0,0.0,0.0,,,,,False,False
I-95 HOV NB,HOV,110+04668,2025-10-01,18.0,3,50.204581464244875,6000.0,96,0.95,47.69435239103263,False,0.0,0.0,0.0,,,,,False,False
I-95 HOV NB,HOV,110+04668,2025-10-02,18.0,3,50.204581464244875,6000.0,96,0.95,47.69435239103263,False,0.0,0.0,0.0,,,,,False,False
I-95 HOV NB,HOV,110+04668,2025-10-03,18.0,3,50.204581464244875,6000.0,96,0.95,47.69435239103263,False,0.0,0.0,0.0,,,,,False,False
I-95 HOV NB,HOV,110+04668,2025-10-06,18.0,3,50.204581464244875,6000.0,96,0.95,47.69435239103263,False,0.0,0.0,0.0,,,,,False,False
I-95 HOV NB,HOV,110+04668,2025-10-07,18.0,3,50.204581464244875,6000.0,96,0.95,47.69435239103263,False,0.0,0.0,0.0,,,,,False,False
I-95 HOV NB,HOV,110+04668,2025-10-08,18.0,3,50.204581464244875,6000.0,96,0.95,47.69435239103263,False,0.0,0.0,0.0,,,,,False,False
I-95 HOV NB,HOV,110+04668,2025-10-09,18.0,3,50.204581464244875,6000.0,96,0.95,47.69435239103263,False,0.0,0.0,0.0,,,,,False,False
I-95 HOV NB,HOV,110+04668,2025-10-10,18.0,3,50.204581464244875,6000.0,96,0.95,47.69435239103263,False,0.0,0.0,0.0,,,,,False,False
I-95 HOV NB,HOV,110+04668,2025-10-13,18.0,3,50.204581464244875,6000.0,96,0.95,47.69435239103263,False,0.0,0.0,0.0,,,,,False,False
I-95 HOV NB,HOV,110+04668,2025-10-14,18.0,3,50.204581464244875,6000.0,96,0.95,47.69435239103263,False,0.0,0.0,0.0,,,,,False,False
I-95 HOV NB,HOV,110+04668,2025-10-15,18.0,3,50.204581464244875,6000.0,96,0.95,47.69435239103263,False,0.0,0.0,0.0,,,,,False,False
I-95 HOV NB,HOV,110+04668,2025-10-16,18.0,3,50.204581464244875,6000.0,96,0.95,47.69435239103263,False,0.0,0.0,0.0,,,,,False,False
I-95 HOV NB,HOV,110+04668,2025-10-17,18.0,3,50.204581464244875,6000.0,96,0.95,47.69435239103263,False,0.0,0.0,0.0,,,,,False,False
I-95 HOV NB,HOV,110+04668,2025-10-20,18.0,3,50.204581464244875,6000.0,96,0.95,47.69435239103263,False,0.0,0.0,0.0,,,,,False,False
I-95 HOV NB,HOV,110+04668,2025-10-21,18.0,3,50.204581464244875,6000.0,96,0.95,47.69435239103263,False,0.0,0.0,0.0,,,,,False,False
I-95 HOV NB,HOV,110+04668,2025-10-22,18.0,3,50.204581464244875,6000.0,96,0.95,47.69435239103263,False,0.0,0.0,0.0,,,,,False,False
I-95 HOV NB,HOV,110+04668,2025-10-23,18.0,3,50.204581464244875,6000.0,96,0.95,47.69435239103263,False,0.0,0.0,0.0,,,,,False,False
I-95 HOV NB,HOV,110+04668,2025-10-24,18.0,3,50.204581464244875,6000.0,96,0.95,47.69435239103263,False,0.0,0.0,0.0,,,,,False,False
I-95 HOV NB,HOV,110+04668,2025-10-27,18.0,3,50.204581464244875,6000.0,96,0.95,47.69435239103263,False,0.0,0.0,0.0,,,,,False,False
I-95 HOV NB,HOV,110+04668,2025-10-28,18.0,3,50.204581464244875,6000.0,96,0.95,47.69435239103263,False,0.0,0.0,0.0,,,,,False,False
I-95 HOV NB,HOV,110+04668,2025-10-29,18.0,3,50.204581464244875,6000.0,96,0.95,47.69435239103263,False,0.0,0.0,0.0,,,,,False,False
I-95 HOV NB,HOV,110+04668,2025-10-30,18.0,3,50.204581464244875,6000.0,96,0.95,47.69435239103263,False,0.0,0.0,0.0,,,,,False,False
I-95 HOV NB,HOV,110+04668,2025-10-31,18.0,3,50.204581464244875,6000.0,96,0.95,47.69435239103263,False,0.0,0.0,0.0,,,,,False,False
I-95 HOV NB,HOV,110P04668,2025-10-01,19.0,3,49.49747468305833,6000.0,96,0.95,47.022600948905406,False,0.0,0.0,0.0,,,,,False,False
I-95 HOV NB,HOV,110P04668,2025-10-02,19.0,3,49.49747468305833,6000.0,96,0.95,47.022600948905406,False,0.0,0.0,0.0,,,,,False,False
I-95 HOV NB,HOV,110P04668,2025-10-03,19.0,3,49.49747468305833,6000.0,96,0.95,47.022600948905406,False,0.0,0.0,0.0,,,,,False,False
I-95 HOV NB,HOV,110P04668,2025-10-06,19.0,3,49.49747468305833,6000.0,96,0.95,47.022600948905406,False,0.0,0.0,0.0,,,,,False,False
I-95 HOV NB,HOV,110P04668,2025-10-07,19.0,3,49.49747468305833,6000.0,96,0.95,47.022600948905406,False,0.0,0.0,0.0,,,,,False,False
I-95 HOV NB,HOV,110P04668,2025-10-08,19.0,3,49.49747468305833,6000.0,96,0.95,47.022600948905406,False,0.0,0.0,0.0,,,,,False,False
I-95 HOV NB,HOV,110P04668,2025-10-09,19.0,3,49.49747468305833,6000.0,96,0.95,47.022600948905406,False,0.0,0.0,0.0,,,,,False,False
I-95 HOV NB,HOV,110P04668,2025-10-10,19.0,3,49.49747468305833,6000.0,95,0.95,47.022600948905406,False,0.0,0.0,0.0,,,,,False,False
I-95 HOV NB,HOV,110P04668,2025-10-13,19.0,3,49.49747468305833,6000.0,96,0.95,47.022600948905406,False,0.0,0.0,0.0,,,,,False,False
I-95 HOV NB,HOV,110P04668,2025-10-14,19.0,3,49.49747468305833,6000.0,96,0.95,47.022600948905406,True,1.106097589716969,4107.330551014813,0.6845550918358022,454.86599239701286,521.231847780031,14.50111111111111,495.0,False,False
I-95 HOV NB,HOV,110P04668,2025-10-15,19.0,3,49.49747468305833,6000.0,96,0.95,47.022600948905406,False,0.0,0.0,0.0,,,,,False,False
I-95 HOV NB,HOV,110P04668,2025-10-16,19.0,3,49.49747468305833,6000.0,96,0.95,47.022600948905406,False,0.0,0.0,0.0,,,,,False,False
I-95 HOV NB,HOV,110P04668,2025-10-17,19.0,3,49.49747468305833,6000.0,96,0.95,47.022600948905406,False,0.0,0.0,0.0,,,,,False,False
I-95 HOV NB,HOV,110P04668,2025-10-20,19.0,3,49.49747468305833,6000.0,96,0.95,47.022600948905406,False,0.0,0.0,0.0,,,,,False,False
I-95 HOV NB,HOV,110P04668,2025-10-21,19.0,3,49.49747468305833,6000.0,96,0.95,47.022600948905406,False,0.0,0.0,0.0,,,,,False,False
I-95 HOV NB,HOV,110P04668,2025-10-22,19.0,3,49.49747468305833,6000.0,96,0.95,47.022600948905406,False,0.0,0.0,0.0,,,,,False,False
I-95 HOV NB,HOV,110P04668,2025-10-23,19.0,3,49.49747468305833,6000.0,96,0.95,47.022600948905406,False,0.0,0.0,0.0,,,,,False,False
I-95 HOV NB,HOV,110P04668,2025-10-24,19.0,3,49.49747468305833,6000.0,96,0.95,47.022600948905406,False,0.0,0.0,0.0,,,,,False,False
I-95 HOV NB,HOV,110P04668,2025-10-27,19.0,3,49.49747468305833,6000.0,96,0.95,47.022600948905406,False,0.0,0.0,0.0,,,,,False,False
I-95 HOV NB,HOV,110P04668,2025-10-28,19.0,3,49.49747468305833,6000.0,96,0.95,47.022600948905406,False,0.0,0.0,0.0,,,,,False,False
I-95 HOV NB,HOV,110P04668,2025-10-29,19.0,3,49.49747468305833,6000.0,96,0.95,47.022600948905406,False,0.0,0.0,0.0,,,,,False,False
I-95 HOV NB,HOV,110P04668,2025-10-30,19.0,3,49.49747468305833,6000.0,96,0.95,47.022600948905406,False,0.0,0.0,0.0,,,,,False,False
I-95 HOV NB,HOV,110P04668,2025-10-31,19.0,3,49.49747468305833,6000.0,96,0.95,47.022600948905406,False,0.0,0.0,0.0,,,,,False,False
I-95 HOV NB,HOV,110+04669,2025-10-01,20.0,3,49.33236524965127,6000.0,96,0.95,46.865746987168706,False,0.0,0.0,0.0,,,,,False,False
I-95 HOV NB,HOV,110+04669,2025-10-02,20.0,3,49.33236524965127,6000.0,96,0.95,46.865746987168706,False,0.0,0.0,0.0,,,,,False,False
I-95 HOV NB,HOV,110+04669,2025-10-03,20.0,3,49.33236524965127,6000.0,96,0.95,46.865746987168706,False,0.0,0.0,0.0,,,,,False,False
I-95 HOV NB,HOV,110+04669,2025-10-06,20.0,3,49.33236524965127,6000.0,96,0.95,46.865746987168706,False,0.0,0.0,0.0,,,,,False,False
I-95 HOV NB,HOV,110+04669,2025-10-07,20.0,3,49.33236524965127,6000.0,96,0.95,46.865746987168706,False,0.0,0.0,0.0,,,,,False,False
I-95 HOV NB,HOV,110+04669,2025-10-08,20.0,3,49.33236524965127,6000.0,96,0.95,46.865746987168706,False,0.0,0.0,0.0,,,,,False,False
I-95 HOV NB,HOV,110+04669,2025-10-09,20.0,3,49.33236524965127,6000.0,96,0.95,46.865746987168706,False,0.0,0.0,0.0,,,,,False,False
I-95 HOV NB,HOV,110+04669,2025-10-10,20.0,3,49.33236524965127,6000.0,95,0.95,46.865746987168706,False,0.0,0.0,0.0,,,,,False,False
I-95 HOV NB,HOV,110+04669,2025-10-13,20.0,3,49.33236524965127,6000.0,96,0.95,46.865746987168706,False,0.0,0.0,0.0,,,,,False,False
I-95 HOV NB,HOV,110+04669,2025-10-14,20.0,3,49.33236524965127,6000.0,96,0.95,46.865746987168706,True,1.322478373708689,6477.633837454364,1.0796056395757274,447.9058226355718,527.2545250580931,11.040000000000001,495.0,False,False
I-95 HOV NB,HOV,110+04669,2025-10-15,20.0,3,49.33236524965127,6000.0,96,0.95,46.865746987168706,False,0.0,0.0,0.0,,,,,False,False
I-95 HOV NB,HOV,110+04669,2025-10-16,20.0,3,49.33236524965127,6000.0,96,0.95,46.865746987168706,False,0.0,0.0,0.0,,,,,False,False
I-95 HOV NB,HOV,110+04669,2025-10-17,20.0,3,49.33236524965127,6000.0,96,0.95,46.865746987168706,False,0.0,0.0,0.0,,,,,False,False
I-95 HOV NB,HOV,110+04669,2025-10-20,20.0,3,49.33236524965127,6000.0,96,0.95,46.865746987168706,False,0.0,0.0,0.0,,,,,False,False
I-95 HOV NB,HOV,110+04669,2025-10-21,20.0,3,49.33236524965127,6000.0,96,0.95,46.865746987168706,False,0.0,0.0,0.0,,,,,False,False
I-95 HOV NB,HOV,110+04669,2025-10-22,20.0,3,49.33236524965127,6000.0,96,0.95,46.865746987168706,False,0.0,0.0,0.0,,,,,False,False
I-95 HOV NB,HOV,110+04669,2025-10-23,20.0,3,49.33236524965127,6000.0,96,0.95,46.865746987168706,False,0.0,0.0,0.0,,,,,False,False
I-95 HOV NB,HOV,110+04669,2025-10-24,20.0,3,49.33236524965127,6000.0,96,0.95,46.865746987168706,False,0.0,0.0,0.0,,,,,False,False
I-95 HOV NB,HOV,110+04669,2025-10-27,20.0,3,49.33236524965127,6000.0,96,0.95,46.865746987168706,False,0.0,0.0,0.0,,,,,False,False
I-95 HOV NB,HOV,110+04669,2025-10-28,20.0,3,49.33236524965127,6000.0,96,0.95,46.865746987168706,False,0.0,0.0,0.0,,,,,False,False
I-95 HOV NB,HOV,110+04669,2025-10-29,20.0,3,49.33236524965127,6000.0,96,0.95,46.865746987168706,False,0.0,0.0,0.0,,,,,False,False
I-95 HOV NB,HOV,110+04669,2025-10-30,20.0,3,49.33236524965127,6000.0,96,0.95,46.865746987168706,False,0.0,0.0,0.0,,,,,False,False
I-95 HOV NB,HOV,110+04669,2025-10-31,20.0,3,49.33236524965127,6000.0,96,0.95,46.865746987168706,False,0.0,0.0,0.0,,,,,False,False
I-95 HOV NB,HOV,110+04658,2025-10-01,1.0,2,51.618795026617974,4000.0,96,1.0,51.618795026617974,False,0.0,0.0,0.0,,,,,False,False
I-95 HOV NB,HOV,110+04658,2025-10-02,1.0,2,51.618795026617974,4000.0,96,1.0,51.618795026617974,False,0.0,0.0,0.0,,,,,False,False
I-95 HOV NB,HOV,110+04658,2025-10-03,1.0,2,51.618795026617974,4000.0,96,1.0,51.618795026617974,False,0.0,0.0,0.0,,,,,False,False
I-95 HOV NB,HOV,110+04658,2025-10-06,1.0,2,51.618795026617974,4000.0,96,1.0,51.618795026617974,False,0.0,0.0,0.0,,,,,False,False
I-95 HOV NB,HOV,110+04658,2025-10-07,1.0,2,51.618795026617974,4000.0,96,1.0,51.618795026617974,False,0.0,0.0,0.0,,,,,False,False
I-95 HOV NB,HOV,110+04658,2025-10-08,1.0,2,51.618795026617974,4000.0,96,1.0,51.618795026617974,False,0.0,0.0,0.0,,,,,False,False
I-95 HOV NB,HOV,110+04658,2025-10-09,1.0,2,51.618795026617974,4000.0,96,1.0,51.618795026617974,False,0.0,0.0,0.0,,,,,False,False
I-95 HOV NB,HOV,110+04658,2025-10-10,1.0,2,51.618795026617974,4000.0,96,1.0,51.618795026617974,False,0.0,0.0,0.0,,,,,False,False
I-95 HOV NB,HOV,110+04658,2025-10-13,1.0,2,51.618795026617974,4000.0,96,1.0,51.618795026617974,False,0.0,0.0,0.0,,,,,False,False
I-95 HOV NB,HOV,110+04658,2025-10-14,1.0,2,51.618795026617974,4000.0,96,1.0,51.618795026617974,False,0.0,0.0,0.0,,,,,False,False
I-95 HOV NB,HOV,110+04658,2025-10-15,1.0,2,51.618795026617974,4000.0,96,1.0,51.618795026617974,False,0.0,0.0,0.0,,,,,False,False
I-95 HOV NB,HOV,110+04658,2025-10-16,1.0,2,51.618795026617974,4000.0,96,1.0,51.618795026617974,False,0.0,0.0,0.0,,,,,False,False
I-95 HOV NB,HOV,110+04658,2025-10-17,1.0,2,51.618795026617974,4000.0,96,1.0,51.618795026617974,False,0.0,0.0,0.0,,,,,False,False
I-95 HOV NB,HOV,110+04658,2025-10-20,1.0,2,51.618795026617974,4000.0,96,1.0,51.618795026617974,False,0.0,0.0,0.0,,,,,False,False
I-95 HOV NB,HOV,110+04658,2025-10-21,1.0,2,51.618795026617974,4000.0,96,1.0,51.618795026617974,False,0.0,0.0,0.0,,,,,False,False
I-95 HOV NB,HOV,110+04658,2025-10-22,1.0,2,51.618795026617974,4000.0,96,1.0,51.618795026617974,False,0.0,0.0,0.0,,,,,False,False
I-95 HOV NB,HOV,110+04658,2025-10-23,1.0,2,51.618795026617974,4000.0,96,1.0,51.618795026617974,False,0.0,0.0,0.0,,,,,False,False
I-95 HOV NB,HOV,110+04658,2025-10-24,1.0,2,51.618795026617974,4000.0,96,1.0,51.618795026617974,False,0.0,0.0,0.0,,,,,False,False
I-95 HOV NB,HOV,110+04658,2025-10-27,1.0,2,51.618795026617974,4000.0,96,1.0,51.618795026617974,True,0.7817053180955544,2613.870455184444,0.653467613796111,380.2243094454685,427.1266285312018,32.10333333333333,405.0,False,False
I-95 HOV NB,HOV,110+04658,2025-10-28,1.0,2,51.618795026617974,4000.0,96,1.0,51.618795026617974,False,0.0,0.0,0.0,,,,,False,False
I-95 HOV NB,HOV,110+04658,2025-10-29,1.0,2,51.618795026617974,4000.0,96,1.0,51.618795026617974,False,0.0,0.0,0.0,,,,,False,False
I-95 HOV NB,HOV,110+04658,2025-10-30,1.0,2,51.618795026617974,4000.0,96,1.0,51.618795026617974,False,0.0,0.0,0.0,,,,,False,False
I-95 HOV NB,HOV,110+04658,2025-10-31,1.0,2,51.618795026617974,4000.0,96,1.0,51.618795026617974,False,0.0,0.0,0.0,,,,,False,False
I-95 HOV NB,HOV,110P04660,2025-10-01,4.0,2,50.204581464244875,4000.0,96,1.0,50.204581464244875,False,0.0,0.0,0.0,,,,,False,False
I-95 HOV NB,HOV,110P04660,2025-10-02,4.0,2,50.204581464244875,4000.0,96,1.0,50.204581464244875,False,0.0,0.0,0.0,,,,,False,False
I-95 HOV NB,HOV,110P04660,2025-10-03,4.0,2,50.204581464244875,4000.0,96,1.0,50.204581464244875,False,0.0,0.0,0.0,,,,,False,False
I-95 HOV NB,HOV,110P04660,2025-10-06,4.0,2,50.204581464244875,4000.0,96,1.0,50.204581464244875,False,0.0,0.0,0.0,,,,,False,False
I-95 HOV NB,HOV,110P04660,2025-10-07,4.0,2,50.204581464244875,4000.0,96,1.0,50.204581464244875,False,0.0,0.0,0.0,,,,,False,False
I-95 HOV NB,HOV,110P04660,2025-10-08,4.0,2,50.204581464244875,4000.0,96,1.0,50.204581464244875,False,0.0,0.0,0.0,,,,,False,False
I-95 HOV NB,HOV,110P04660,2025-10-09,4.0,2,50.204581464244875,4000.0,96,1.0,50.204581464244875,False,0.0,0.0,0.0,,,,,False,False
I-95 HOV NB,HOV,110P04660,2025-10-10,4.0,2,50.204581464244875,4000.0,96,1.0,50.204581464244875,False,0.0,0.0,0.0,,,,,False,False
I-95 HOV NB,HOV,110P04660,2025-10-13,4.0,2,50.204581464244875,4000.0,96,1.0,50.204581464244875,False,0.0,0.0,0.0,,,,,False,False
I-95 HOV NB,HOV,110P04660,2025-10-14,4.0,2,50.204581464244875,4000.0,96,1.0,50.204581464244875,False,0.0,0.0,0.0,,,,,False,False
I-95 HOV NB,HOV,110P04660,2025-10-15,4.0,2,50.204581464244875,4000.0,96,1.0,50.204581464244875,False,0.0,0.0,0.0,,,,,False,False
I-95 HOV NB,HOV,110P04660,2025-10-16,4.0,2,50.204581464244875,4000.0,96,1.0,50.204581464244875,False,0.0,0.0,0.0,,,,,False,False
I-95 HOV NB,HOV,110P04660,2025-10-17,4.0,2,50.204581464244875,4000.0,96,1.0,50.204581464244875,False,0.0,0.0,0.0,,,,,False,False
I-95 HOV NB,HOV,110P04660,2025-10-20,4.0,2,50.204581464244875,4000.0,96,1.0,50.204581464244875,False,0.0,0.0,0.0,,,,,False,False
I-95 HOV NB,HOV,110P04660,2025-10-21,4.0,2,50.204581464244875,4000.0,96,1.0,50.204581464244875,False,0.0,0.0,0.0,,,,,False,False
I-95 HOV NB,HOV,110P04660,2025-10-22,4.0,2,50.204581464244875,4000.0,96,1.0,50.204581464244875,False,0.0,0.0,0.0,,,,,False,False
I-95 HOV NB,HOV,110P04660,2025-10-23,4.0,2,50.204581464244875,4000.0,96,1.0,50.204581464244875,False,0.0,0.0,0.0,,,,,False,False
I-95 HOV NB,HOV,110P04660,2025-10-24,4.0,2,50.204581464244875,4000.0,96,1.0,50.204581464244875,False,0.0,0.0,0.0,,,,,False,False
I-95 HOV NB,HOV,110P04660,2025-10-27,4.0,2,50.204581464244875,4000.0,96,1.0,50.204581464244875,False,0.0,0.0,0.0,,,,,False,False
I-95 HOV NB,HOV,110P04660,2025-10-28,4.0,2,50.204581464244875,4000.0,96,1.0,50.204581464244875,False,0.0,0.0,0.0,,,,,False,False
I-95 HOV NB,HOV,110P04660,2025-10-29,4.0,2,50.204581464244875,4000.0,96,1.0,50.204581464244875,False,0.0,0.0,0.0,,,,,False,False
I-95 HOV NB,HOV,110P04660,2025-10-30,4.0,2,50.204581464244875,4000.0,96,1.0,50.204581464244875,False,0.0,0.0,0.0,,,,,False,False
I-95 HOV NB,HOV,110P04660,2025-10-31,4.0,2,50.204581464244875,4000.0,96,1.0,50.204581464244875,False,0.0,0.0,0.0,,,,,False,False
I-95 HOV NB,HOV,110+04661,2025-10-01,5.0,2,50.204581464244875,4000.0,96,1.0,50.204581464244875,False,0.0,0.0,0.0,,,,,False,False
I-95 HOV NB,HOV,110+04661,2025-10-02,5.0,2,50.204581464244875,4000.0,96,1.0,50.204581464244875,False,0.0,0.0,0.0,,,,,False,False
I-95 HOV NB,HOV,110+04661,2025-10-03,5.0,2,50.204581464244875,4000.0,96,1.0,50.204581464244875,False,0.0,0.0,0.0,,,,,False,False
I-95 HOV NB,HOV,110+04661,2025-10-06,5.0,2,50.204581464244875,4000.0,96,1.0,50.204581464244875,False,0.0,0.0,0.0,,,,,False,False
I-95 HOV NB,HOV,110+04661,2025-10-07,5.0,2,50.204581464244875,4000.0,96,1.0,50.204581464244875,False,0.0,0.0,0.0,,,,,False,False
I-95 HOV NB,HOV,110+04661,2025-10-08,5.0,2,50.204581464244875,4000.0,96,1.0,50.204581464244875,False,0.0,0.0,0.0,,,,,False,False
I-95 HOV NB,HOV,110+04661,2025-10-09,5.0,2,50.204581464244875,4000.0,96,1.0,50.204581464244875,False,0.0,0.0,0.0,,,,,False,False
I-95 HOV NB,HOV,110+04661,2025-10-10,5.0,2,50.204581464244875,4000.0,96,1.0,50.204581464244875,False,0.0,0.0,0.0,,,,,False,False
I-95 HOV NB,HOV,110+04661,2025-10-13,5.0,2,50.204581464244875,4000.0,96,1.0,50.204581464244875,False,0.0,0.0,0.0,,,,,False,False
I-95 HOV NB,HOV,110+04661,2025-10-14,5.0,2,50.204581464244875,4000.0,96,1.0,50.204581464244875,False,0.0,0.0,0.0,,,,,False,False
I-95 HOV NB,HOV,110+04661,2025-10-15,5.0,2,50.204581464244875,4000.0,96,1.0,50.204581464244875,False,0.0,0.0,0.0,,,,,False,False
I-95 HOV NB,HOV,110+04661,2025-10-16,5.0,2,50.204581464244875,4000.0,96,1.0,50.204581464244875,False,0.0,0.0,0.0,,,,,False,False
I-95 HOV NB,HOV,110+04661,2025-10-17,5.0,2,50.204581464244875,4000.0,96,1.0,50.204581464244875,False,0.0,0.0,0.0,,,,,False,False
I-95 HOV NB,HOV,110+04661,2025-10-20,5.0,2,50.204581464244875,4000.0,96,1.0,50.204581464244875,False,0.0,0.0,0.0,,,,,False,False
I-95 HOV NB,HOV,110+04661,2025-10-21,5.0,2,50.204581464244875,4000.0,96,1.0,50.204581464244875,False,0.0,0.0,0.0,,,,,False,False
I-95 HOV NB,HOV,110+04661,2025-10-22,5.0,2,50.204581464244875,4000.0,96,1.0,50.204581464244875,False,0.0,0.0,0.0,,,,,False,False
I-95 HOV NB,HOV,110+04661,2025-10-23,5.0,2,50.204581464244875,4000.0,96,1.0,50.204581464244875,False,0.0,0.0,0.0,,,,,False,False
I-95 HOV NB,HOV,110+04661,2025-10-24,5.0,2,50.204581464244875,4000.0,96,1.0,50.204581464244875,False,0.0,0.0,0.0,,,,,False,False
I-95 HOV NB,HOV,110+04661,2025-10-27,5.0,2,50.204581464244875,4000.0,96,1.0,50.204581464244875,False,0.0,0.0,0.0,,,,,False,False
I-95 HOV NB,HOV,110+04661,2025-10-28,5.0,2,50.204581464244875,4000.0,96,1.0,50.204581464244875,False,0.0,0.0,0.0,,,,,False,False
I-95 HOV NB,HOV,110+04661,2025-10-29,5.0,2,50.204581464244875,4000.0,96,1.0,50.204581464244875,False,0.0,0.0,0.0,,,,,False,False
I-95 HOV NB,HOV,110+04661,2025-10-30,5.0,2,50.204581464244875,4000.0,96,1.0,50.204581464244875,False,0.0,0.0,0.0,,,,,False,False
I-95 HOV NB,HOV,110+04661,2025-10-31,5.0,2,50.204581464244875,4000.0,96,1.0,50.204581464244875,False,0.0,0.0,0.0,,,,,False,False
I-95 HOV NB,HOV,110P04661,2025-10-01,6.0,2,50.204581464244875,4000.0,96,1.0,50.204581464244875,False,0.0,0.0,0.0,,,,,False,False
I-95 HOV NB,HOV,110P04661,2025-10-02,6.0,2,50.204581464244875,4000.0,96,1.0,50.204581464244875,False,0.0,0.0,0.0,,,,,False,False
I-95 HOV NB,HOV,110P04661,2025-10-03,6.0,2,50.204581464244875,4000.0,96,1.0,50.204581464244875,False,0.0,0.0,0.0,,,,,False,False
I-95 HOV NB,HOV,110P04661,2025-10-06,6.0,2,50.204581464244875,4000.0,96,1.0,50.204581464244875,False,0.0,0.0,0.0,,,,,False,False
I-95 HOV NB,HOV,110P04661,2025-10-07,6.0,2,50.204581464244875,4000.0,96,1.0,50.204581464244875,False,0.0,0.0,0.0,,,,,False,False
I-95 HOV NB,HOV,110P04661,2025-10-08,6.0,2,50.204581464244875,4000.0,96,1.0,50.204581464244875,False,0.0,0.0,0.0,,,,,False,False
I-95 HOV NB,HOV,110P04661,2025-10-09,6.0,2,50.204581464244875,4000.0,96,1.0,50.204581464244875,False,0.0,0.0,0.0,,,,,False,False
I-95 HOV NB,HOV,110P04661,2025-10-10,6.0,2,50.204581464244875,4000.0,96,1.0,50.204581464244875,False,0.0,0.0,0.0,,,,,False,False
I-95 HOV NB,HOV,110P04661,2025-10-13,6.0,2,50.204581464244875,4000.0,96,1.0,50.204581464244875,False,0.0,0.0,0.0,,,,,False,False
I-95 HOV NB,HOV,110P04661,2025-10-14,6.0,2,50.204581464244875,4000.0,96,1.0,50.204581464244875,False,0.0,0.0,0.0,,,,,False,False
I-95 HOV NB,HOV,110P04661,2025-10-15,6.0,2,50.204581464244875,4000.0,96,1.0,50.204581464244875,False,0.0,0.0,0.0,,,,,False,False
I-95 HOV NB,HOV,110P04661,2025-10-16,6.0,2,50.204581464244875,4000.0,96,1.0,50.204581464244875,False,0.0,0.0,0.0,,,,,False,False
I-95 HOV NB,HOV,110P04661,2025-10-17,6.0,2,50.204581464244875,4000.0,96,1.0,50.204581464244875,False,0.0,0.0,0.0,,,,,False,False
I-95 HOV NB,HOV,110P04661,2025-10-20,6.0,2,50.204581464244875,4000.0,96,1.0,50.204581464244875,False,0.0,0.0,0.0,,,,,False,False
I-95 HOV NB,HOV,110P04661,2025-10-21,6.0,2,50.204581464244875,4000.0,96,1.0,50.204581464244875,False,0.0,0.0,0.0,,,,,False,False
I-95 HOV NB,HOV,110P04661,2025-10-22,6.0,2,50.204581464244875,4000.0,96,1.0,50.204581464244875,False,0.0,0.0,0.0,,,,,False,False
I-95 HOV NB,HOV,110P04661,2025-10-23,6.0,2,50.204581464244875,4000.0,96,1.0,50.204581464244875,False,0.0,0.0,0.0,,,,,False,False
I-95 HOV NB,HOV,110P04661,2025-10-24,6.0,2,50.204581464244875,4000.0,96,1.0,50.204581464244875,False,0.0,0.0,0.0,,,,,False,False
I-95 HOV NB,HOV,110P04661,2025-10-27,6.0,2,50.204581464244875,4000.0,96,1.0,50.204581464244875,False,0.0,0.0,0.0,,,,,False,False
I-95 HOV NB,HOV,110P04661,2025-10-28,6.0,2,50.204581464244875,4000.0,96,1.0,50.204581464244875,False,0.0,0.0,0.0,,,,,False,False
I-95 HOV NB,HOV,110P04661,2025-10-29,6.0,2,50.204581464244875,4000.0,96,1.0,50.204581464244875,False,0.0,0.0,0.0,,,,,False,False
I-95 HOV NB,HOV,110P04661,2025-10-30,6.0,2,50.204581464244875,4000.0,96,1.0,50.204581464244875,False,0.0,0.0,0.0,,,,,False,False
I-95 HOV NB,HOV,110P04661,2025-10-31,6.0,2,50.204581464244875,4000.0,96,1.0,50.204581464244875,False,0.0,0.0,0.0,,,,,False,False
I-95 HOV NB,HOV,110+04662,2025-10-01,7.0,2,49.49747468305833,4000.0,96,1.0,49.49747468305833,False,0.0,0.0,0.0,,,,,False,False
I-95 HOV NB,HOV,110+04662,2025-10-02,7.0,2,49.49747468305833,4000.0,96,1.0,49.49747468305833,False,0.0,0.0,0.0,,,,,False,False
I-95 HOV NB,HOV,110+04662,2025-10-03,7.0,2,49.49747468305833,4000.0,96,1.0,49.49747468305833,False,0.0,0.0,0.0,,,,,False,False
I-95 HOV NB,HOV,110+04662,2025-10-06,7.0,2,49.49747468305833,4000.0,96,1.0,49.49747468305833,False,0.0,0.0,0.0,,,,,False,False
I-95 HOV NB,HOV,110+04662,2025-10-07,7.0,2,49.49747468305833,4000.0,96,1.0,49.49747468305833,False,0.0,0.0,0.0,,,,,False,False
I-95 HOV NB,HOV,110+04662,2025-10-08,7.0,2,49.49747468305833,4000.0,96,1.0,49.49747468305833,False,0.0,0.0,0.0,,,,,False,False
I-95 HOV NB,HOV,110+04662,2025-10-09,7.0,2,49.49747468305833,4000.0,96,1.0,49.49747468305833,False,0.0,0.0,0.0,,,,,False,False
I-95 HOV NB,HOV,110+04662,2025-10-10,7.0,2,49.49747468305833,4000.0,96,1.0,49.49747468305833,False,0.0,0.0,0.0,,,,,False,False
I-95 HOV NB,HOV,110+04662,2025-10-13,7.0,2,49.49747468305833,4000.0,96,1.0,49.49747468305833,False,0.0,0.0,0.0,,,,,False,False
I-95 HOV NB,HOV,110+04662,2025-10-14,7.0,2,49.49747468305833,4000.0,96,1.0,49.49747468305833,False,0.0,0.0,0.0,,,,,False,False
I-95 HOV NB,HOV,110+04662,2025-10-15,7.0,2,49.49747468305833,4000.0,96,1.0,49.49747468305833,False,0.0,0.0,0.0,,,,,False,False
I-95 HOV NB,HOV,110+04662,2025-10-16,7.0,2,49.49747468305833,4000.0,96,1.0,49.49747468305833,False,0.0,0.0,0.0,,,,,False,False
I-95 HOV NB,HOV,110+04662,2025-10-17,7.0,2,49.49747468305833,4000.0,96,1.0,49.49747468305833,False,0.0,0.0,0.0,,,,,False,False
I-95 HOV NB,HOV,110+04662,2025-10-20,7.0,2,49.49747468305833,4000.0,96,1.0,49.49747468305833,False,0.0,0.0,0.0,,,,,False,False
I-95 HOV NB,HOV,110+04662,2025-10-21,7.0,2,49.49747468305833,4000.0,96,1.0,49.49747468305833,False,0.0,0.0,0.0,,,,,False,False
I-95 HOV NB,HOV,110+04662,2025-10-22,7.0,2,49.49747468305833,4000.0,96,1.0,49.49747468305833,False,0.0,0.0,0.0,,,,,False,False
I-95 HOV NB,HOV,110+04662,2025-10-23,7.0,2,49.49747468305833,4000.0,96,1.0,49.49747468305833,False,0.0,0.0,0.0,,,,,False,False
I-95 HOV NB,HOV,110+04662,2025-10-24,7.0,2,49.49747468305833,4000.0,96,1.0,49.49747468305833,False,0.0,0.0,0.0,,,,,False,False
I-95 HOV NB,HOV,110+04662,2025-10-27,7.0,2,49.49747468305833,4000.0,96,1.0,49.49747468305833,False,0.0,0.0,0.0,,,,,False,False
I-95 HOV NB,HOV,110+04662,2025-10-28,7.0,2,49.49747468305833,4000.0,96,1.0,49.49747468305833,False,0.0,0.0,0.0,,,,,False,False
I-95 HOV NB,HOV,110+04662,2025-10-29,7.0,2,49.49747468305833,4000.0,96,1.0,49.49747468305833,False,0.0,0.0,0.0,,,,,False,False
I-95 HOV NB,HOV,110+04662,2025-10-30,7.0,2,49.49747468305833,4000.0,96,1.0,49.49747468305833,False,0.0,0.0,0.0,,,,,False,False
I-95 HOV NB,HOV,110+04662,2025-10-31,7.0,2,49.49747468305833,4000.0,96,1.0,49.49747468305833,False,0.0,0.0,0.0,,,,,False,False
I-95 HOV NB,HOV,110P04662,2025-10-01,8.0,2,50.204581464244875,4000.0,96,1.0,50.204581464244875,False,0.0,0.0,0.0,,,,,False,False
I-95 HOV NB,HOV,110P04662,2025-10-02,8.0,2,50.204581464244875,4000.0,96,1.0,50.204581464244875,False,0.0,0.0,0.0,,,,,False,False
I-95 HOV NB,HOV,110P04662,2025-10-03,8.0,2,50.204581464244875,4000.0,96,1.0,50.204581464244875,False,0.0,0.0,0.0,,,,,False,False
I-95 HOV NB,HOV,110P04662,2025-10-06,8.0,2,50.204581464244875,4000.0,96,1.0,50.204581464244875,False,0.0,0.0,0.0,,,,,False,False
I-95 HOV NB,HOV,110P04662,2025-10-07,8.0,2,50.204581464244875,4000.0,96,1.0,50.204581464244875,False,0.0,0.0,0.0,,,,,False,False
I-95 HOV NB,HOV,110P04662,2025-10-08,8.0,2,50.204581464244875,4000.0,96,1.0,50.204581464244875,False,0.0,0.0,0.0,,,,,False,False
I-95 HOV NB,HOV,110P04662,2025-10-09,8.0,2,50.204581464244875,4000.0,96,1.0,50.204581464244875,False,0.0,0.0,0.0,,,,,False,False
I-95 HOV NB,HOV,110P04662,2025-10-10,8.0,2,50.204581464244875,4000.0,96,1.0,50.204581464244875,False,0.0,0.0,0.0,,,,,False,False
I-95 HOV NB,HOV,110P04662,2025-10-13,8.0,2,50.204581464244875,4000.0,96,1.0,50.204581464244875,False,0.0,0.0,0.0,,,,,False,False
I-95 HOV NB,HOV,110P04662,2025-10-14,8.0,2,50.204581464244875,4000.0,96,1.0,50.204581464244875,False,0.0,0.0,0.0,,,,,False,False
I-95 HOV NB,HOV,110P04662,2025-10-15,8.0,2,50.204581464244875,4000.0,96,1.0,50.204581464244875,False,0.0,0.0,0.0,,,,,False,False
I-95 HOV NB,HOV,110P04662,2025-10-16,8.0,2,50.204581464244875,4000.0,96,1.0,50.204581464244875,False,0.0,0.0,0.0,,,,,False,False
I-95 HOV NB,HOV,110P04662,2025-10-17,8.0,2,50.204581464244875,4000.0,96,1.0,50.204581464244875,False,0.0,0.0,0.0,,,,,False,False
I-95 HOV NB,HOV,110P04662,2025-10-20,8.0,2,50.204581464244875,4000.0,96,1.0,50.204581464244875,False,0.0,0.0,0.0,,,,,False,False
I-95 HOV NB,HOV,110P04662,2025-10-21,8.0,2,50.204581464244875,4000.0,96,1.0,50.204581464244875,False,0.0,0.0,0.0,,,,,False,False
I-95 HOV NB,HOV,110P04662,2025-10-22,8.0,2,50.204581464244875,4000.0,96,1.0,50.204581464244875,False,0.0,0.0,0.0,,,,,False,False
I-95 HOV NB,HOV,110P04662,2025-10-23,8.0,2,50.204581464244875,4000.0,96,1.0,50.204581464244875,False,0.0,0.0,0.0,,,,,False,False
I-95 HOV NB,HOV,110P04662,2025-10-24,8.0,2,50.204581464244875,4000.0,96,1.0,50.204581464244875,False,0.0,0.0,0.0,,,,,False,False
I-95 HOV NB,HOV,110P04662,2025-10-27,8.0,2,50.204581464244875,4000.0,96,1.0,50.204581464244875,False,0.0,0.0,0.0,,,,,False,False
I-95 HOV NB,HOV,110P04662,2025-10-28,8.0,2,50.204581464244875,4000.0,96,1.0,50.204581464244875,False,0.0,0.0,0.0,,,,,False,False
I-95 HOV NB,HOV,110P04662,2025-10-29,8.0,2,50.204581464244875,4000.0,96,1.0,50.204581464244875,False,0.0,0.0,0.0,,,,,False,False
I-95 HOV NB,HOV,110P04662,2025-10-30,8.0,2,50.204581464244875,4000.0,96,1.0,50.204581464244875,False,0.0,0.0,0.0,,,,,False,False
I-95 HOV NB,HOV,110P04662,2025-10-31,8.0,2,50.204581464244875,4000.0,96,1.0,50.204581464244875,False,0.0,0.0,0.0,,,,,False,False
I-95 HOV NB,HOV,110P04665,2025-10-01,13.1,3,50.91168824543143,6000.0,96,1.0,50.91168824543143,False,0.0,0.0,0.0,,,,,False,False
I-95 HOV NB,HOV,110P04665,2025-10-02,13.1,3,50.91168824543143,6000.0,96,1.0,50.91168824543143,False,0.0,0.0,0.0,,,,,False,False
I-95 HOV NB,HOV,110P04665,2025-10-03,13.1,3,50.91168824543143,6000.0,96,1.0,50.91168824543143,False,0.0,0.0,0.0,,,,,False,False
I-95 HOV NB,HOV,110P04665,2025-10-06,13.1,3,50.91168824543143,6000.0,96,1.0,50.91168824543143,False,0.0,0.0,0.0,,,,,False,False
I-95 HOV NB,HOV,110P04665,2025-10-07,13.1,3,50.91168824543143,6000.0,96,1.0,50.91168824543143,False,0.0,0.0,0.0,,,,,False,False
I-95 HOV NB,HOV,110P04665,2025-10-08,13.1,3,50.91168824543143,6000.0,96,1.0,50.91168824543143,False,0.0,0.0,0.0,,,,,False,False
I-95 HOV NB,HOV,110P04665,2025-10-09,13.1,3,50.91168824543143,6000.0,96,1.0,50.91168824543143,False,0.0,0.0,0.0,,,,,False,False
I-95 HOV NB,HOV,110P04665,2025-10-10,13.1,3,50.91168824543143,6000.0,96,1.0,50.91168824543143,False,0.0,0.0,0.0,,,,,False,False
I-95 HOV NB,HOV,110P04665,2025-10-13,13.1,3,50.91168824543143,6000.0,96,1.0,50.91168824543143,False,0.0,0.0,0.0,,,,,False,False
I-95 HOV NB,HOV,110P04665,2025-10-14,13.1,3,50.91168824543143,6000.0,96,1.0,50.91168824543143,False,0.0,0.0,0.0,,,,,False,False
I-95 HOV NB,HOV,110P04665,2025-10-15,13.1,3,50.91168824543143,6000.0,96,1.0,50.91168824543143,False,0.0,0.0,0.0,,,,,False,False
I-95 HOV NB,HOV,110P04665,2025-10-16,13.1,3,50.91168824543143,6000.0,96,1.0,50.91168824543143,False,0.0,0.0,0.0,,,,,False,False
I-95 HOV NB,HOV,110P04665,2025-10-17,13.1,3,50.91168824543143,6000.0,96,1.0,50.91168824543143,False,0.0,0.0,0.0,,,,,False,False
I-95 HOV NB,HOV,110P04665,2025-10-20,13.1,3,50.91168824543143,6000.0,96,1.0,50.91168824543143,False,0.0,0.0,0.0,,,,,False,False
I-95 HOV NB,HOV,110P04665,2025-10-21,13.1,3,50.91168824543143,6000.0,96,1.0,50.91168824543143,False,0.0,0.0,0.0,,,,,False,False
I-95 HOV NB,HOV,110P04665,2025-10-22,13.1,3,50.91168824543143,6000.0,96,1.0,50.91168824543143,False,0.0,0.0,0.0,,,,,False,False
I-95 HOV NB,HOV,110P04665,2025-10-23,13.1,3,50.91168824543143,6000.0,96,1.0,50.91168824543143,False,0.0,0.0,0.0,,,,,False,False
I-95 HOV NB,HOV,110P04665,2025-10-24,13.1,3,50.91168824543143,6000.0,96,1.0,50.91168824543143,False,0.0,0.0,0.0,,,,,False,False
I-95 HOV NB,HOV,110P04665,2025-10-27,13.1,3,50.91168824543143,6000.0,96,1.0,50.91168824543143,False,0.0,0.0,0.0,,,,,False,False
I-95 HOV NB,HOV,110P04665,2025-10-28,13.1,3,50.91168824543143,6000.0,96,1.0,50.91168824543143,False,0.0,0.0,0.0,,,,,False,False
I-95 HOV NB,HOV,110P04665,2025-10-29,13.1,3,50.91168824543143,6000.0,96,1.0,50.91168824543143,False,0.0,0.0,0.0,,,,,False,False
I-95 HOV NB,HOV,110P04665,2025-10-30,13.1,3,50.91168824543143,6000.0,96,1.0,50.91168824543143,False,0.0,0.0,0.0,,,,,False,False
I-95 HOV NB,HOV,110P04665,2025-10-31,13.1,3,50.91168824543143,6000.0,96,1.0,50.91168824543143,False,0.0,0.0,0.0,,,,,False,False
I-95 HOV NB,HOV,110+04666,2025-10-01,14.0,3,50.204581464244875,6000.0,96,1.0,50.204581464244875,False,0.0,0.0,0.0,,,,,False,False
I-95 HOV NB,HOV,110+04666,2025-10-02,14.0,3,50.204581464244875,6000.0,96,1.0,50.204581464244875,False,0.0,0.0,0.0,,,,,False,False
I-95 HOV NB,HOV,110+04666,2025-10-03,14.0,3,50.204581464244875,6000.0,96,1.0,50.204581464244875,False,0.0,0.0,0.0,,,,,False,False
I-95 HOV NB,HOV,110+04666,2025-10-06,14.0,3,50.204581464244875,6000.0,96,1.0,50.204581464244875,False,0.0,0.0,0.0,,,,,False,False
I-95 HOV NB,HOV,110+04666,2025-10-07,14.0,3,50.204581464244875,6000.0,96,1.0,50.204581464244875,False,0.0,0.0,0.0,,,,,False,False
I-95 HOV NB,HOV,110+04666,2025-10-08,14.0,3,50.204581464244875,6000.0,96,1.0,50.204581464244875,False,0.0,0.0,0.0,,,,,False,False
I-95 HOV NB,HOV,110+04666,2025-10-09,14.0,3,50.204581464244875,6000.0,96,1.0,50.204581464244875,False,0.0,0.0,0.0,,,,,False,False
I-95 HOV NB,HOV,110+04666,2025-10-10,14.0,3,50.204581464244875,6000.0,96,1.0,50.204581464244875,False,0.0,0.0,0.0,,,,,False,False
I-95 HOV NB,HOV,110+04666,2025-10-13,14.0,3,50.204581464244875,6000.0,96,1.0,50.204581464244875,False,0.0,0.0,0.0,,,,,False,False
I-95 HOV NB,HOV,110+04666,2025-10-14,14.0,3,50.204581464244875,6000.0,96,1.0,50.204581464244875,False,0.0,0.0,0.0,,,,,False,False
I-95 HOV NB,HOV,110+04666,2025-10-15,14.0,3,50.204581464244875,6000.0,96,1.0,50.204581464244875,False,0.0,0.0,0.0,,,,,False,False
I-95 HOV NB,HOV,110+04666,2025-10-16,14.0,3,50.204581464244875,6000.0,96,1.0,50.204581464244875,False,0.0,0.0,0.0,,,,,False,False
I-95 HOV NB,HOV,110+04666,2025-10-17,14.0,3,50.204581464244875,6000.0,96,1.0,50.204581464244875,False,0.0,0.0,0.0,,,,,False,False
I-95 HOV NB,HOV,110+04666,2025-10-20,14.0,3,50.204581464244875,6000.0,96,1.0,50.204581464244875,False,0.0,0.0,0.0,,,,,False,False
I-95 HOV NB,HOV,110+04666,2025-10-21,14.0,3,50.204581464244875,6000.0,96,1.0,50.204581464244875,False,0.0,0.0,0.0,,,,,False,False
I-95 HOV NB,HOV,110+04666,2025-10-22,14.0,3,50.204581464244875,6000.0,96,1.0,50.204581464244875,False,0.0,0.0,0.0,,,,,False,False
I-95 HOV NB,HOV,110+04666,2025-10-23,14.0,3,50.204581464244875,6000.0,96,1.0,50.204581464244875,False,0.0,0.0,0.0,,,,,False,False
I-95 HOV NB,HOV,110+04666,2025-10-24,14.0,3,50.204581464244875,6000.0,96,1.0,50.204581464244875,False,0.0,0.0,0.0,,,,,False,False
I-95 HOV NB,HOV,110+04666,2025-10-27,14.0,3,50.204581464244875,6000.0,96,1.0,50.204581464244875,False,0.0,0.0,0.0,,,,,False,False
I-95 HOV NB,HOV,110+04666,2025-10-28,14.0,3,50.204581464244875,6000.0,96,1.0,50.204581464244875,False,0.0,0.0,0.0,,,,,False,False
I-95 HOV NB,HOV,110+04666,2025-10-29,14.0,3,50.204581464244875,6000.0,96,1.0,50.204581464244875,False,0.0,0.0,0.0,,,,,False,False
I-95 HOV NB,HOV,110+04666,2025-10-30,14.0,3,50.204581464244875,6000.0,96,1.0,50.204581464244875,False,0.0,0.0,0.0,,,,,False,False
I-95 HOV NB,HOV,110+04666,2025-10-31,14.0,3,50.204581464244875,6000.0,96,1.0,50.204581464244875,False,0.0,0.0,0.0,,,,,False,False
I-95 HOV NB,HOV,110P04666,2025-10-01,15.0,3,49.49747468305833,6000.0,96,1.0,49.49747468305833,False,0.0,0.0,0.0,,,,,False,False
I-95 HOV NB,HOV,110P04666,2025-10-02,15.0,3,49.49747468305833,6000.0,96,1.0,49.49747468305833,False,0.0,0.0,0.0,,,,,False,False
I-95 HOV NB,HOV,110P04666,2025-10-03,15.0,3,49.49747468305833,6000.0,96,1.0,49.49747468305833,False,0.0,0.0,0.0,,,,,False,False
I-95 HOV NB,HOV,110P04666,2025-10-06,15.0,3,49.49747468305833,6000.0,96,1.0,49.49747468305833,False,0.0,0.0,0.0,,,,,False,False
I-95 HOV NB,HOV,110P04666,2025-10-07,15.0,3,49.49747468305833,6000.0,96,1.0,49.49747468305833,False,0.0,0.0,0.0,,,,,False,False
I-95 HOV NB,HOV,110P04666,2025-10-08,15.0,3,49.49747468305833,6000.0,96,1.0,49.49747468305833,False,0.0,0.0,0.0,,,,,False,False
I-95 HOV NB,HOV,110P04666,2025-10-09,15.0,3,49.49747468305833,6000.0,96,1.0,49.49747468305833,False,0.0,0.0,0.0,,,,,False,False
I-95 HOV NB,HOV,110P04666,2025-10-10,15.0,3,49.49747468305833,6000.0,96,1.0,49.49747468305833,False,0.0,0.0,0.0,,,,,False,False
I-95 HOV NB,HOV,110P04666,2025-10-13,15.0,3,49.49747468305833,6000.0,96,1.0,49.49747468305833,False,0.0,0.0,0.0,,,,,False,False
I-95 HOV NB,HOV,110P04666,2025-10-14,15.0,3,49.49747468305833,6000.0,96,1.0,49.49747468305833,False,0.0,0.0,0.0,,,,,False,False
I-95 HOV NB,HOV,110P04666,2025-10-15,15.0,3,49.49747468305833,6000.0,96,1.0,49.49747468305833,False,0.0,0.0,0.0,,,,,False,False
I-95 HOV NB,HOV,110P04666,2025-10-16,15.0,3,49.49747468305833,6000.0,96,1.0,49.49747468305833,False,0.0,0.0,0.0,,,,,False,False
I-95 HOV NB,HOV,110P04666,2025-10-17,15.0,3,49.49747468305833,6000.0,96,1.0,49.49747468305833,False,0.0,0.0,0.0,,,,,False,False
I-95 HOV NB,HOV,110P04666,2025-10-20,15.0,3,49.49747468305833,6000.0,96,1.0,49.49747468305833,False,0.0,0.0,0.0,,,,,False,False
I-95 HOV NB,HOV,110P04666,2025-10-21,15.0,3,49.49747468305833,6000.0,96,1.0,49.49747468305833,False,0.0,0.0,0.0,,,,,False,False
I-95 HOV NB,HOV,110P04666,2025-10-22,15.0,3,49.49747468305833,6000.0,96,1.0,49.49747468305833,False,0.0,0.0,0.0,,,,,False,False
I-95 HOV NB,HOV,110P04666,2025-10-23,15.0,3,49.49747468305833,6000.0,96,1.0,49.49747468305833,False,0.0,0.0,0.0,,,,,False,False
I-95 HOV NB,HOV,110P04666,2025-10-24,15.0,3,49.49747468305833,6000.0,96,1.0,49.49747468305833,False,0.0,0.0,0.0,,,,,False,False
I-95 HOV NB,HOV,110P04666,2025-10-27,15.0,3,49.49747468305833,6000.0,96,1.0,49.49747468305833,False,0.0,0.0,0.0,,,,,False,False
I-95 HOV NB,HOV,110P04666,2025-10-28,15.0,3,49.49747468305833,6000.0,96,1.0,49.49747468305833,False,0.0,0.0,0.0,,,,,False,False
I-95 HOV NB,HOV,110P04666,2025-10-29,15.0,3,49.49747468305833,6000.0,96,1.0,49.49747468305833,False,0.0,0.0,0.0,,,,,False,False
I-95 HOV NB,HOV,110P04666,2025-10-30,15.0,3,49.49747468305833,6000.0,96,1.0,49.49747468305833,False,0.0,0.0,0.0,,,,,False,False
I-95 HOV NB,HOV,110P04666,2025-10-31,15.0,3,49.49747468305833,6000.0,96,1.0,49.49747468305833,False,0.0,0.0,0.0,,,,,False,False
I-95 HOV NB,HOV,110+04667,2025-10-01,16.0,3,50.204581464244875,6000.0,96,1.0,50.204581464244875,False,0.0,0.0,0.0,,,,,False,False
I-95 HOV NB,HOV,110+04667,2025-10-02,16.0,3,50.204581464244875,6000.0,96,1.0,50.204581464244875,False,0.0,0.0,0.0,,,,,False,False
I-95 HOV NB,HOV,110+04667,2025-10-03,16.0,3,50.204581464244875,6000.0,96,1.0,50.204581464244875,False,0.0,0.0,0.0,,,,,False,False
I-95 HOV NB,HOV,110+04667,2025-10-06,16.0,3,50.204581464244875,6000.0,96,1.0,50.204581464244875,False,0.0,0.0,0.0,,,,,False,False
I-95 HOV NB,HOV,110+04667,2025-10-07,16.0,3,50.204581464244875,6000.0,96,1.0,50.204581464244875,False,0.0,0.0,0.0,,,,,False,False
I-95 HOV NB,HOV,110+04667,2025-10-08,16.0,3,50.204581464244875,6000.0,96,1.0,50.204581464244875,False,0.0,0.0,0.0,,,,,False,False
I-95 HOV NB,HOV,110+04667,2025-10-09,16.0,3,50.204581464244875,6000.0,96,1.0,50.204581464244875,False,0.0,0.0,0.0,,,,,False,False
I-95 HOV NB,HOV,110+04667,2025-10-10,16.0,3,50.204581464244875,6000.0,96,1.0,50.204581464244875,False,0.0,0.0,0.0,,,,,False,False
I-95 HOV NB,HOV,110+04667,2025-10-13,16.0,3,50.204581464244875,6000.0,96,1.0,50.204581464244875,False,0.0,0.0,0.0,,,,,False,False
I-95 HOV NB,HOV,110+04667,2025-10-14,16.0,3,50.204581464244875,6000.0,96,1.0,50.204581464244875,False,0.0,0.0,0.0,,,,,False,False
I-95 HOV NB,HOV,110+04667,2025-10-15,16.0,3,50.204581464244875,6000.0,96,1.0,50.204581464244875,False,0.0,0.0,0.0,,,,,False,False
I-95 HOV NB,HOV,110+04667,2025-10-16,16.0,3,50.204581464244875,6000.0,96,1.0,50.204581464244875,False,0.0,0.0,0.0,,,,,False,False
I-95 HOV NB,HOV,110+04667,2025-10-17,16.0,3,50.204581464244875,6000.0,96,1.0,50.204581464244875,False,0.0,0.0,0.0,,,,,False,False
I-95 HOV NB,HOV,110+04667,2025-10-20,16.0,3,50.204581464244875,6000.0,96,1.0,50.204581464244875,False,0.0,0.0,0.0,,,,,False,False
I-95 HOV NB,HOV,110+04667,2025-10-21,16.0,3,50.204581464244875,6000.0,96,1.0,50.204581464244875,False,0.0,0.0,0.0,,,,,False,False
I-95 HOV NB,HOV,110+04667,2025-10-22,16.0,3,50.204581464244875,6000.0,96,1.0,50.204581464244875,False,0.0,0.0,0.0,,,,,False,False
I-95 HOV NB,HOV,110+04667,2025-10-23,16.0,3,50.204581464244875,6000.0,96,1.0,50.204581464244875,False,0.0,0.0,0.0,,,,,False,False
I-95 HOV NB,HOV,110+04667,2025-10-24,16.0,3,50.204581464244875,6000.0,96,1.0,50.204581464244875,False,0.0,0.0,0.0,,,,,False,False
I-95 HOV NB,HOV,110+04667,2025-10-27,16.0,3,50.204581464244875,6000.0,96,1.0,50.204581464244875,False,0.0,0.0,0.0,,,,,False,False
I-95 HOV NB,HOV,110+04667,2025-10-28,16.0,3,50.204581464244875,6000.0,96,1.0,50.204581464244875,False,0.0,0.0,0.0,,,,,False,False
I-95 HOV NB,HOV,110+04667,2025-10-29,16.0,3,50.204581464244875,6000.0,96,1.0,50.204581464244875,False,0.0,0.0,0.0,,,,,False,False
I-95 HOV NB,HOV,110+04667,2025-10-30,16.0,3,50.204581464244875,6000.0,96,1.0,50.204581464244875,False,0.0,0.0,0.0,,,,,False,False
I-95 HOV NB,HOV,110+04667,2025-10-31,16.0,3,50.204581464244875,6000.0,96,1.0,50.204581464244875,False,0.0,0.0,0.0,,,,,False,False
I-95 HOV NB,HOV,110P04667,2025-10-01,17.0,3,50.204581464244875,6000.0,96,1.0,50.204581464244875,False,0.0,0.0,0.0,,,,,False,False
I-95 HOV NB,HOV,110P04667,2025-10-02,17.0,3,50.204581464244875,6000.0,96,1.0,50.204581464244875,False,0.0,0.0,0.0,,,,,False,False
I-95 HOV NB,HOV,110P04667,2025-10-03,17.0,3,50.204581464244875,6000.0,96,1.0,50.204581464244875,False,0.0,0.0,0.0,,,,,False,False
I-95 HOV NB,HOV,110P04667,2025-10-06,17.0,3,50.204581464244875,6000.0,96,1.0,50.204581464244875,False,0.0,0.0,0.0,,,,,False,False
I-95 HOV NB,HOV,110P04667,2025-10-07,17.0,3,50.204581464244875,6000.0,96,1.0,50.204581464244875,False,0.0,0.0,0.0,,,,,False,False
I-95 HOV NB,HOV,110P04667,2025-10-08,17.0,3,50.204581464244875,6000.0,96,1.0,50.204581464244875,False,0.0,0.0,0.0,,,,,False,False
I-95 HOV NB,HOV,110P04667,2025-10-09,17.0,3,50.204581464244875,6000.0,96,1.0,50.204581464244875,False,0.0,0.0,0.0,,,,,False,False
I-95 HOV NB,HOV,110P04667,2025-10-10,17.0,3,50.204581464244875,6000.0,96,1.0,50.204581464244875,False,0.0,0.0,0.0,,,,,False,False
I-95 HOV NB,HOV,110P04667,2025-10-13,17.0,3,50.204581464244875,6000.0,96,1.0,50.204581464244875,False,0.0,0.0,0.0,,,,,False,False
I-95 HOV NB,HOV,110P04667,2025-10-14,17.0,3,50.204581464244875,6000.0,96,1.0,50.204581464244875,False,0.0,0.0,0.0,,,,,False,False
I-95 HOV NB,HOV,110P04667,2025-10-15,17.0,3,50.204581464244875,6000.0,96,1.0,50.204581464244875,False,0.0,0.0,0.0,,,,,False,False
I-95 HOV NB,HOV,110P04667,2025-10-16,17.0,3,50.204581464244875,6000.0,96,1.0,50.204581464244875,False,0.0,0.0,0.0,,,,,False,False
I-95 HOV NB,HOV,110P04667,2025-10-17,17.0,3,50.204581464244875,6000.0,96,1.0,50.204581464244875,False,0.0,0.0,0.0,,,,,False,False
I-95 HOV NB,HOV,110P04667,2025-10-20,17.0,3,50.204581464244875,6000.0,96,1.0,50.204581464244875,False,0.0,0.0,0.0,,,,,False,False
I-95 HOV NB,HOV,110P04667,2025-10-21,17.0,3,50.204581464244875,6000.0,96,1.0,50.204581464244875,False,0.0,0.0,0.0,,,,,False,False
I-95 HOV NB,HOV,110P04667,2025-10-22,17.0,3,50.204581464244875,6000.0,96,1.0,50.204581464244875,False,0.0,0.0,0.0,,,,,False,False
I-95 HOV NB,HOV,110P04667,2025-10-23,17.0,3,50.204581464244875,6000.0,96,1.0,50.204581464244875,False,0.0,0.0,0.0,,,,,False,False
I-95 HOV NB,HOV,110P04667,2025-10-24,17.0,3,50.204581464244875,6000.0,96,1.0,50.204581464244875,False,0.0,0.0,0.0,,,,,False,False
I-95 HOV NB,HOV,110P04667,2025-10-27,17.0,3,50.204581464244875,6000.0,96,1.0,50.204581464244875,False,0.0,0.0,0.0,,,,,False,False
I-95 HOV NB,HOV,110P04667,2025-10-28,17.0,3,50.204581464244875,6000.0,96,1.0,50.204581464244875,False,0.0,0.0,0.0,,,,,False,False
I-95 HOV NB,HOV,110P04667,2025-10-29,17.0,3,50.204581464244875,6000.0,96,1.0,50.204581464244875,False,0.0,0.0,0.0,,,,,False,False
I-95 HOV NB,HOV,110P04667,2025-10-30,17.0,3,50.204581464244875,6000.0,96,1.0,50.204581464244875,False,0.0,0.0,0.0,,,,,False,False
I-95 HOV NB,HOV,110P04667,2025-10-31,17.0,3,50.204581464244875,6000.0,96,1.0,50.204581464244875,False,0.0,0.0,0.0,,,,,False,False
I-95 HOV NB,HOV,110+04668,2025-10-01,18.0,3,50.204581464244875,6000.0,96,1.0,50.204581464244875,False,0.0,0.0,0.0,,,,,False,False
I-95 HOV NB,HOV,110+04668,2025-10-02,18.0,3,50.204581464244875,6000.0,96,1.0,50.204581464244875,False,0.0,0.0,0.0,,,,,False,False
I-95 HOV NB,HOV,110+04668,2025-10-03,18.0,3,50.204581464244875,6000.0,96,1.0,50.204581464244875,False,0.0,0.0,0.0,,,,,False,False
I-95 HOV NB,HOV,110+04668,2025-10-06,18.0,3,50.204581464244875,6000.0,96,1.0,50.204581464244875,False,0.0,0.0,0.0,,,,,False,False
I-95 HOV NB,HOV,110+04668,2025-10-07,18.0,3,50.204581464244875,6000.0,96,1.0,50.204581464244875,False,0.0,0.0,0.0,,,,,False,False
I-95 HOV NB,HOV,110+04668,2025-10-08,18.0,3,50.204581464244875,6000.0,96,1.0,50.204581464244875,False,0.0,0.0,0.0,,,,,False,False
I-95 HOV NB,HOV,110+04668,2025-10-09,18.0,3,50.204581464244875,6000.0,96,1.0,50.204581464244875,False,0.0,0.0,0.0,,,,,False,False
I-95 HOV NB,HOV,110+04668,2025-10-10,18.0,3,50.204581464244875,6000.0,96,1.0,50.204581464244875,False,0.0,0.0,0.0,,,,,False,False
I-95 HOV NB,HOV,110+04668,2025-10-13,18.0,3,50.204581464244875,6000.0,96,1.0,50.204581464244875,False,0.0,0.0,0.0,,,,,False,False
I-95 HOV NB,HOV,110+04668,2025-10-14,18.0,3,50.204581464244875,6000.0,96,1.0,50.204581464244875,True,0.549857875361667,3848.2003402613127,0.6413667233768855,464.5646548488796,497.55612737057965,46.047777777777775,480.0,False,False
I-95 HOV NB,HOV,110+04668,2025-10-15,18.0,3,50.204581464244875,6000.0,96,1.0,50.204581464244875,False,0.0,0.0,0.0,,,,,False,False
I-95 HOV NB,HOV,110+04668,2025-10-16,18.0,3,50.204581464244875,6000.0,96,1.0,50.204581464244875,False,0.0,0.0,0.0,,,,,False,False
I-95 HOV NB,HOV,110+04668,2025-10-17,18.0,3,50.204581464244875,6000.0,96,1.0,50.204581464244875,False,0.0,0.0,0.0,,,,,False,False
I-95 HOV NB,HOV,110+04668,2025-10-20,18.0,3,50.204581464244875,6000.0,96,1.0,50.204581464244875,False,0.0,0.0,0.0,,,,,False,False
I-95 HOV NB,HOV,110+04668,2025-10-21,18.0,3,50.204581464244875,6000.0,96,1.0,50.204581464244875,False,0.0,0.0,0.0,,,,,False,False
I-95 HOV NB,HOV,110+04668,2025-10-22,18.0,3,50.204581464244875,6000.0,96,1.0,50.204581464244875,False,0.0,0.0,0.0,,,,,False,False
I-95 HOV NB,HOV,110+04668,2025-10-23,18.0,3,50.204581464244875,6000.0,96,1.0,50.204581464244875,False,0.0,0.0,0.0,,,,,False,False
I-95 HOV NB,HOV,110+04668,2025-10-24,18.0,3,50.204581464244875,6000.0,96,1.0,50.204581464244875,False,0.0,0.0,0.0,,,,,False,False
I-95 HOV NB,HOV,110+04668,2025-10-27,18.0,3,50.204581464244875,6000.0,96,1.0,50.204581464244875,False,0.0,0.0,0.0,,,,,False,False
I-95 HOV NB,HOV,110+04668,2025-10-28,18.0,3,50.204581464244875,6000.0,96,1.0,50.204581464244875,False,0.0,0.0,0.0,,,,,False,False
I-95 HOV NB,HOV,110+04668,2025-10-29,18.0,3,50.204581464244875,6000.0,96,1.0,50.204581464244875,False,0.0,0.0,0.0,,,,,False,False
I-95 HOV NB,HOV,110+04668,2025-10-30,18.0,3,50.204581464244875,6000.0,96,1.0,50.204581464244875,False,0.0,0.0,0.0,,,,,False,False
I-95 HOV NB,HOV,110+04668,2025-10-31,18.0,3,50.204581464244875,6000.0,96,1.0,50.204581464244875,False,0.0,0.0,0.0,,,,,False,False
I-95 HOV NB,HOV,110P04668,2025-10-01,19.0,3,49.49747468305833,6000.0,96,1.0,49.49747468305833,False,0.0,0.0,0.0,,,,,False,False
I-95 HOV NB,HOV,110P04668,2025-10-02,19.0,3,49.49747468305833,6000.0,96,1.0,49.49747468305833,False,0.0,0.0,0.0,,,,,False,False
I-95 HOV NB,HOV,110P04668,2025-10-03,19.0,3,49.49747468305833,6000.0,96,1.0,49.49747468305833,False,0.0,0.0,0.0,,,,,False,False
I-95 HOV NB,HOV,110P04668,2025-10-06,19.0,3,49.49747468305833,6000.0,96,1.0,49.49747468305833,False,0.0,0.0,0.0,,,,,False,False
I-95 HOV NB,HOV,110P04668,2025-10-07,19.0,3,49.49747468305833,6000.0,96,1.0,49.49747468305833,False,0.0,0.0,0.0,,,,,False,False
I-95 HOV NB,HOV,110P04668,2025-10-08,19.0,3,49.49747468305833,6000.0,96,1.0,49.49747468305833,False,0.0,0.0,0.0,,,,,False,False
I-95 HOV NB,HOV,110P04668,2025-10-09,19.0,3,49.49747468305833,6000.0,96,1.0,49.49747468305833,False,0.0,0.0,0.0,,,,,False,False
I-95 HOV NB,HOV,110P04668,2025-10-10,19.0,3,49.49747468305833,6000.0,95,1.0,49.49747468305833,False,0.0,0.0,0.0,,,,,False,False
I-95 HOV NB,HOV,110P04668,2025-10-13,19.0,3,49.49747468305833,6000.0,96,1.0,49.49747468305833,False,0.0,0.0,0.0,,,,,False,False
I-95 HOV NB,HOV,110P04668,2025-10-14,19.0,3,49.49747468305833,6000.0,96,1.0,49.49747468305833,True,1.172501562029681,4107.330551014813,0.6845550918358022,452.86282701473186,523.2129207365127,14.50111111111111,495.0,False,False
I-95 HOV NB,HOV,110P04668,2025-10-15,19.0,3,49.49747468305833,6000.0,96,1.0,49.49747468305833,False,0.0,0.0,0.0,,,,,False,False
I-95 HOV NB,HOV,110P04668,2025-10-16,19.0,3,49.49747468305833,6000.0,96,1.0,49.49747468305833,False,0.0,0.0,0.0,,,,,False,False
I-95 HOV NB,HOV,110P04668,2025-10-17,19.0,3,49.49747468305833,6000.0,96,1.0,49.49747468305833,False,0.0,0.0,0.0,,,,,False,False
I-95 HOV NB,HOV,110P04668,2025-10-20,19.0,3,49.49747468305833,6000.0,96,1.0,49.49747468305833,False,0.0,0.0,0.0,,,,,False,False
I-95 HOV NB,HOV,110P04668,2025-10-21,19.0,3,49.49747468305833,6000.0,96,1.0,49.49747468305833,False,0.0,0.0,0.0,,,,,False,False
I-95 HOV NB,HOV,110P04668,2025-10-22,19.0,3,49.49747468305833,6000.0,96,1.0,49.49747468305833,False,0.0,0.0,0.0,,,,,False,False
I-95 HOV NB,HOV,110P04668,2025-10-23,19.0,3,49.49747468305833,6000.0,96,1.0,49.49747468305833,False,0.0,0.0,0.0,,,,,False,False
I-95 HOV NB,HOV,110P04668,2025-10-24,19.0,3,49.49747468305833,6000.0,96,1.0,49.49747468305833,False,0.0,0.0,0.0,,,,,False,False
I-95 HOV NB,HOV,110P04668,2025-10-27,19.0,3,49.49747468305833,6000.0,96,1.0,49.49747468305833,False,0.0,0.0,0.0,,,,,False,False
I-95 HOV NB,HOV,110P04668,2025-10-28,19.0,3,49.49747468305833,6000.0,96,1.0,49.49747468305833,False,0.0,0.0,0.0,,,,,False,False
I-95 HOV NB,HOV,110P04668,2025-10-29,19.0,3,49.49747468305833,6000.0,96,1.0,49.49747468305833,False,0.0,0.0,0.0,,,,,False,False
I-95 HOV NB,HOV,110P04668,2025-10-30,19.0,3,49.49747468305833,6000.0,96,1.0,49.49747468305833,False,0.0,0.0,0.0,,,,,False,False
I-95 HOV NB,HOV,110P04668,2025-10-31,19.0,3,49.49747468305833,6000.0,96,1.0,49.49747468305833,False,0.0,0.0,0.0,,,,,False,False
I-95 HOV NB,HOV,110+04669,2025-10-01,20.0,3,49.33236524965127,6000.0,96,1.0,49.33236524965127,False,0.0,0.0,0.0,,,,,False,False
I-95 HOV NB,HOV,110+04669,2025-10-02,20.0,3,49.33236524965127,6000.0,96,1.0,49.33236524965127,False,0.0,0.0,0.0,,,,,False,False
I-95 HOV NB,HOV,110+04669,2025-10-03,20.0,3,49.33236524965127,6000.0,96,1.0,49.33236524965127,False,0.0,0.0,0.0,,,,,False,False
I-95 HOV NB,HOV,110+04669,2025-10-06,20.0,3,49.33236524965127,6000.0,96,1.0,49.33236524965127,False,0.0,0.0,0.0,,,,,False,False
I-95 HOV NB,HOV,110+04669,2025-10-07,20.0,3,49.33236524965127,6000.0,96,1.0,49.33236524965127,False,0.0,0.0,0.0,,,,,False,False
I-95 HOV NB,HOV,110+04669,2025-10-08,20.0,3,49.33236524965127,6000.0,96,1.0,49.33236524965127,False,0.0,0.0,0.0,,,,,False,False
I-95 HOV NB,HOV,110+04669,2025-10-09,20.0,3,49.33236524965127,6000.0,96,1.0,49.33236524965127,False,0.0,0.0,0.0,,,,,False,False
I-95 HOV NB,HOV,110+04669,2025-10-10,20.0,3,49.33236524965127,6000.0,95,1.0,49.33236524965127,False,0.0,0.0,0.0,,,,,False,False
I-95 HOV NB,HOV,110+04669,2025-10-13,20.0,3,49.33236524965127,6000.0,96,1.0,49.33236524965127,False,0.0,0.0,0.0,,,,,False,False
I-95 HOV NB,HOV,110+04669,2025-10-14,20.0,3,49.33236524965127,6000.0,96,1.0,49.33236524965127,True,1.3959222983830482,6477.633837454364,1.0796056395757274,445.4796407380479,529.2349786410308,11.040000000000001,495.0,False,False
I-95 HOV NB,HOV,110+04669,2025-10-15,20.0,3,49.33236524965127,6000.0,96,1.0,49.33236524965127,False,0.0,0.0,0.0,,,,,False,False
I-95 HOV NB,HOV,110+04669,2025-10-16,20.0,3,49.33236524965127,6000.0,96,1.0,49.33236524965127,False,0.0,0.0,0.0,,,,,False,False
I-95 HOV NB,HOV,110+04669,2025-10-17,20.0,3,49.33236524965127,6000.0,96,1.0,49.33236524965127,False,0.0,0.0,0.0,,,,,False,False
I-95 HOV NB,HOV,110+04669,2025-10-20,20.0,3,49.33236524965127,6000.0,96,1.0,49.33236524965127,False,0.0,0.0,0.0,,,,,False,False
I-95 HOV NB,HOV,110+04669,2025-10-21,20.0,3,49.33236524965127,6000.0,96,1.0,49.33236524965127,False,0.0,0.0,0.0,,,,,False,False
I-95 HOV NB,HOV,110+04669,2025-10-22,20.0,3,49.33236524965127,6000.0,96,1.0,49.33236524965127,False,0.0,0.0,0.0,,,,,False,False
I-95 HOV NB,HOV,110+04669,2025-10-23,20.0,3,49.33236524965127,6000.0,96,1.0,49.33236524965127,False,0.0,0.0,0.0,,,,,False,False
I-95 HOV NB,HOV,110+04669,2025-10-24,20.0,3,49.33236524965127,6000.0,96,1.0,49.33236524965127,False,0.0,0.0,0.0,,,,,False,False
I-95 HOV NB,HOV,110+04669,2025-10-27,20.0,3,49.33236524965127,6000.0,96,1.0,49.33236524965127,False,0.0,0.0,0.0,,,,,False,False
I-95 HOV NB,HOV,110+04669,2025-10-28,20.0,3,49.33236524965127,6000.0,96,1.0,49.33236524965127,False,0.0,0.0,0.0,,,,,False,False
I-95 HOV NB,HOV,110+04669,2025-10-29,20.0,3,49.33236524965127,6000.0,96,1.0,49.33236524965127,False,0.0,0.0,0.0,,,,,False,False
I-95 HOV NB,HOV,110+04669,2025-10-30,20.0,3,49.33236524965127,6000.0,96,1.0,49.33236524965127,False,0.0,0.0,0.0,,,,,False,False
I-95 HOV NB,HOV,110+04669,2025-10-31,20.0,3,49.33236524965127,6000.0,96,1.0,49.33236524965127,False,0.0,0.0,0.0,,,,,False,False
I-95 HOV NB,HOV,110+04658,2025-10-01,1.0,2,51.618795026617974,4000.0,96,1.05,54.199734777948876,False,0.0,0.0,0.0,,,,,False,False
I-95 HOV NB,HOV,110+04658,2025-10-02,1.0,2,51.618795026617974,4000.0,96,1.05,54.199734777948876,False,0.0,0.0,0.0,,,,,False,False
I-95 HOV NB,HOV,110+04658,2025-10-03,1.0,2,51.618795026617974,4000.0,96,1.05,54.199734777948876,False,0.0,0.0,0.0,,,,,False,False
I-95 HOV NB,HOV,110+04658,2025-10-06,1.0,2,51.618795026617974,4000.0,96,1.05,54.199734777948876,False,0.0,0.0,0.0,,,,,False,False
I-95 HOV NB,HOV,110+04658,2025-10-07,1.0,2,51.618795026617974,4000.0,96,1.05,54.199734777948876,False,0.0,0.0,0.0,,,,,False,False
I-95 HOV NB,HOV,110+04658,2025-10-08,1.0,2,51.618795026617974,4000.0,96,1.05,54.199734777948876,False,0.0,0.0,0.0,,,,,False,False
I-95 HOV NB,HOV,110+04658,2025-10-09,1.0,2,51.618795026617974,4000.0,96,1.05,54.199734777948876,False,0.0,0.0,0.0,,,,,False,False
I-95 HOV NB,HOV,110+04658,2025-10-10,1.0,2,51.618795026617974,4000.0,96,1.05,54.199734777948876,False,0.0,0.0,0.0,,,,,False,False
I-95 HOV NB,HOV,110+04658,2025-10-13,1.0,2,51.618795026617974,4000.0,96,1.05,54.199734777948876,False,0.0,0.0,0.0,,,,,False,False
I-95 HOV NB,HOV,110+04658,2025-10-14,1.0,2,51.618795026617974,4000.0,96,1.05,54.199734777948876,False,0.0,0.0,0.0,,,,,False,False
I-95 HOV NB,HOV,110+04658,2025-10-15,1.0,2,51.618795026617974,4000.0,96,1.05,54.199734777948876,False,0.0,0.0,0.0,,,,,False,False
I-95 HOV NB,HOV,110+04658,2025-10-16,1.0,2,51.618795026617974,4000.0,96,1.05,54.199734777948876,False,0.0,0.0,0.0,,,,,False,False
I-95 HOV NB,HOV,110+04658,2025-10-17,1.0,2,51.618795026617974,4000.0,96,1.05,54.199734777948876,False,0.0,0.0,0.0,,,,,False,False
I-95 HOV NB,HOV,110+04658,2025-10-20,1.0,2,51.618795026617974,4000.0,96,1.05,54.199734777948876,False,0.0,0.0,0.0,,,,,False,False
I-95 HOV NB,HOV,110+04658,2025-10-21,1.0,2,51.618795026617974,4000.0,96,1.05,54.199734777948876,False,0.0,0.0,0.0,,,,,False,False
I-95 HOV NB,HOV,110+04658,2025-10-22,1.0,2,51.618795026617974,4000.0,96,1.05,54.199734777948876,False,0.0,0.0,0.0,,,,,False,False
I-95 HOV NB,HOV,110+04658,2025-10-23,1.0,2,51.618795026617974,4000.0,96,1.05,54.199734777948876,False,0.0,0.0,0.0,,,,,False,False
I-95 HOV NB,HOV,110+04658,2025-10-24,1.0,2,51.618795026617974,4000.0,96,1.05,54.199734777948876,False,0.0,0.0,0.0,,,,,False,False
I-95 HOV NB,HOV,110+04658,2025-10-27,1.0,2,51.618795026617974,4000.0,96,1.05,54.199734777948876,True,0.8556793411012137,2613.870455184444,0.653467613796111,378.0235333816126,429.3642938476854,32.10333333333333,405.0,False,False
I-95 HOV NB,HOV,110+04658,2025-10-28,1.0,2,51.618795026617974,4000.0,96,1.05,54.199734777948876,False,0.0,0.0,0.0,,,,,False,False
I-95 HOV NB,HOV,110+04658,2025-10-29,1.0,2,51.618795026617974,4000.0,96,1.05,54.199734777948876,False,0.0,0.0,0.0,,,,,False,False
I-95 HOV NB,HOV,110+04658,2025-10-30,1.0,2,51.618795026617974,4000.0,96,1.05,54.199734777948876,False,0.0,0.0,0.0,,,,,False,False
I-95 HOV NB,HOV,110+04658,2025-10-31,1.0,2,51.618795026617974,4000.0,96,1.05,54.199734777948876,False,0.0,0.0,0.0,,,,,False,False
I-95 HOV NB,HOV,110P04660,2025-10-01,4.0,2,50.204581464244875,4000.0,96,1.05,52.71481053745712,False,0.0,0.0,0.0,,,,,False,False
I-95 HOV NB,HOV,110P04660,2025-10-02,4.0,2,50.204581464244875,4000.0,96,1.05,52.71481053745712,False,0.0,0.0,0.0,,,,,False,False
I-95 HOV NB,HOV,110P04660,2025-10-03,4.0,2,50.204581464244875,4000.0,96,1.05,52.71481053745712,False,0.0,0.0,0.0,,,,,False,False
I-95 HOV NB,HOV,110P04660,2025-10-06,4.0,2,50.204581464244875,4000.0,96,1.05,52.71481053745712,False,0.0,0.0,0.0,,,,,False,False
I-95 HOV NB,HOV,110P04660,2025-10-07,4.0,2,50.204581464244875,4000.0,96,1.05,52.71481053745712,False,0.0,0.0,0.0,,,,,False,False
I-95 HOV NB,HOV,110P04660,2025-10-08,4.0,2,50.204581464244875,4000.0,96,1.05,52.71481053745712,False,0.0,0.0,0.0,,,,,False,False
I-95 HOV NB,HOV,110P04660,2025-10-09,4.0,2,50.204581464244875,4000.0,96,1.05,52.71481053745712,False,0.0,0.0,0.0,,,,,False,False
I-95 HOV NB,HOV,110P04660,2025-10-10,4.0,2,50.204581464244875,4000.0,96,1.05,52.71481053745712,False,0.0,0.0,0.0,,,,,False,False
I-95 HOV NB,HOV,110P04660,2025-10-13,4.0,2,50.204581464244875,4000.0,96,1.05,52.71481053745712,False,0.0,0.0,0.0,,,,,False,False
I-95 HOV NB,HOV,110P04660,2025-10-14,4.0,2,50.204581464244875,4000.0,96,1.05,52.71481053745712,False,0.0,0.0,0.0,,,,,False,False
I-95 HOV NB,HOV,110P04660,2025-10-15,4.0,2,50.204581464244875,4000.0,96,1.05,52.71481053745712,False,0.0,0.0,0.0,,,,,False,False
I-95 HOV NB,HOV,110P04660,2025-10-16,4.0,2,50.204581464244875,4000.0,96,1.05,52.71481053745712,False,0.0,0.0,0.0,,,,,False,False
I-95 HOV NB,HOV,110P04660,2025-10-17,4.0,2,50.204581464244875,4000.0,96,1.05,52.71481053745712,False,0.0,0.0,0.0,,,,,False,False
I-95 HOV NB,HOV,110P04660,2025-10-20,4.0,2,50.204581464244875,4000.0,96,1.05,52.71481053745712,False,0.0,0.0,0.0,,,,,False,False
I-95 HOV NB,HOV,110P04660,2025-10-21,4.0,2,50.204581464244875,4000.0,96,1.05,52.71481053745712,False,0.0,0.0,0.0,,,,,False,False
I-95 HOV NB,HOV,110P04660,2025-10-22,4.0,2,50.204581464244875,4000.0,96,1.05,52.71481053745712,False,0.0,0.0,0.0,,,,,False,False
I-95 HOV NB,HOV,110P04660,2025-10-23,4.0,2,50.204581464244875,4000.0,96,1.05,52.71481053745712,False,0.0,0.0,0.0,,,,,False,False
I-95 HOV NB,HOV,110P04660,2025-10-24,4.0,2,50.204581464244875,4000.0,96,1.05,52.71481053745712,False,0.0,0.0,0.0,,,,,False,False
I-95 HOV NB,HOV,110P04660,2025-10-27,4.0,2,50.204581464244875,4000.0,96,1.05,52.71481053745712,False,0.0,0.0,0.0,,,,,False,False
I-95 HOV NB,HOV,110P04660,2025-10-28,4.0,2,50.204581464244875,4000.0,96,1.05,52.71481053745712,False,0.0,0.0,0.0,,,,,False,False
I-95 HOV NB,HOV,110P04660,2025-10-29,4.0,2,50.204581464244875,4000.0,96,1.05,52.71481053745712,False,0.0,0.0,0.0,,,,,False,False
I-95 HOV NB,HOV,110P04660,2025-10-30,4.0,2,50.204581464244875,4000.0,96,1.05,52.71481053745712,False,0.0,0.0,0.0,,,,,False,False
I-95 HOV NB,HOV,110P04660,2025-10-31,4.0,2,50.204581464244875,4000.0,96,1.05,52.71481053745712,False,0.0,0.0,0.0,,,,,False,False
I-95 HOV NB,HOV,110+04661,2025-10-01,5.0,2,50.204581464244875,4000.0,96,1.05,52.71481053745712,False,0.0,0.0,0.0,,,,,False,False
I-95 HOV NB,HOV,110+04661,2025-10-02,5.0,2,50.204581464244875,4000.0,96,1.05,52.71481053745712,False,0.0,0.0,0.0,,,,,False,False
I-95 HOV NB,HOV,110+04661,2025-10-03,5.0,2,50.204581464244875,4000.0,96,1.05,52.71481053745712,False,0.0,0.0,0.0,,,,,False,False
I-95 HOV NB,HOV,110+04661,2025-10-06,5.0,2,50.204581464244875,4000.0,96,1.05,52.71481053745712,False,0.0,0.0,0.0,,,,,False,False
I-95 HOV NB,HOV,110+04661,2025-10-07,5.0,2,50.204581464244875,4000.0,96,1.05,52.71481053745712,False,0.0,0.0,0.0,,,,,False,False
I-95 HOV NB,HOV,110+04661,2025-10-08,5.0,2,50.204581464244875,4000.0,96,1.05,52.71481053745712,False,0.0,0.0,0.0,,,,,False,False
I-95 HOV NB,HOV,110+04661,2025-10-09,5.0,2,50.204581464244875,4000.0,96,1.05,52.71481053745712,False,0.0,0.0,0.0,,,,,False,False
I-95 HOV NB,HOV,110+04661,2025-10-10,5.0,2,50.204581464244875,4000.0,96,1.05,52.71481053745712,False,0.0,0.0,0.0,,,,,False,False
I-95 HOV NB,HOV,110+04661,2025-10-13,5.0,2,50.204581464244875,4000.0,96,1.05,52.71481053745712,False,0.0,0.0,0.0,,,,,False,False
I-95 HOV NB,HOV,110+04661,2025-10-14,5.0,2,50.204581464244875,4000.0,96,1.05,52.71481053745712,False,0.0,0.0,0.0,,,,,False,False
I-95 HOV NB,HOV,110+04661,2025-10-15,5.0,2,50.204581464244875,4000.0,96,1.05,52.71481053745712,False,0.0,0.0,0.0,,,,,False,False
I-95 HOV NB,HOV,110+04661,2025-10-16,5.0,2,50.204581464244875,4000.0,96,1.05,52.71481053745712,False,0.0,0.0,0.0,,,,,False,False
I-95 HOV NB,HOV,110+04661,2025-10-17,5.0,2,50.204581464244875,4000.0,96,1.05,52.71481053745712,False,0.0,0.0,0.0,,,,,False,False
I-95 HOV NB,HOV,110+04661,2025-10-20,5.0,2,50.204581464244875,4000.0,96,1.05,52.71481053745712,False,0.0,0.0,0.0,,,,,False,False
I-95 HOV NB,HOV,110+04661,2025-10-21,5.0,2,50.204581464244875,4000.0,96,1.05,52.71481053745712,False,0.0,0.0,0.0,,,,,False,False
I-95 HOV NB,HOV,110+04661,2025-10-22,5.0,2,50.204581464244875,4000.0,96,1.05,52.71481053745712,False,0.0,0.0,0.0,,,,,False,False
I-95 HOV NB,HOV,110+04661,2025-10-23,5.0,2,50.204581464244875,4000.0,96,1.05,52.71481053745712,False,0.0,0.0,0.0,,,,,False,False
I-95 HOV NB,HOV,110+04661,2025-10-24,5.0,2,50.204581464244875,4000.0,96,1.05,52.71481053745712,False,0.0,0.0,0.0,,,,,False,False
I-95 HOV NB,HOV,110+04661,2025-10-27,5.0,2,50.204581464244875,4000.0,96,1.05,52.71481053745712,False,0.0,0.0,0.0,,,,,False,False
I-95 HOV NB,HOV,110+04661,2025-10-28,5.0,2,50.204581464244875,4000.0,96,1.05,52.71481053745712,False,0.0,0.0,0.0,,,,,False,False
I-95 HOV NB,HOV,110+04661,2025-10-29,5.0,2,50.204581464244875,4000.0,96,1.05,52.71481053745712,False,0.0,0.0,0.0,,,,,False,False
I-95 HOV NB,HOV,110+04661,2025-10-30,5.0,2,50.204581464244875,4000.0,96,1.05,52.71481053745712,False,0.0,0.0,0.0,,,,,False,False
I-95 HOV NB,HOV,110+04661,2025-10-31,5.0,2,50.204581464244875,4000.0,96,1.05,52.71481053745712,False,0.0,0.0,0.0,,,,,False,False
I-95 HOV NB,HOV,110P04661,2025-10-01,6.0,2,50.204581464244875,4000.0,96,1.05,52.71481053745712,False,0.0,0.0,0.0,,,,,False,False
I-95 HOV NB,HOV,110P04661,2025-10-02,6.0,2,50.204581464244875,4000.0,96,1.05,52.71481053745712,False,0.0,0.0,0.0,,,,,False,False
I-95 HOV NB,HOV,110P04661,2025-10-03,6.0,2,50.204581464244875,4000.0,96,1.05,52.71481053745712,False,0.0,0.0,0.0,,,,,False,False
I-95 HOV NB,HOV,110P04661,2025-10-06,6.0,2,50.204581464244875,4000.0,96,1.05,52.71481053745712,False,0.0,0.0,0.0,,,,,False,False
I-95 HOV NB,HOV,110P04661,2025-10-07,6.0,2,50.204581464244875,4000.0,96,1.05,52.71481053745712,False,0.0,0.0,0.0,,,,,False,False
I-95 HOV NB,HOV,110P04661,2025-10-08,6.0,2,50.204581464244875,4000.0,96,1.05,52.71481053745712,False,0.0,0.0,0.0,,,,,False,False
I-95 HOV NB,HOV,110P04661,2025-10-09,6.0,2,50.204581464244875,4000.0,96,1.05,52.71481053745712,False,0.0,0.0,0.0,,,,,False,False
I-95 HOV NB,HOV,110P04661,2025-10-10,6.0,2,50.204581464244875,4000.0,96,1.05,52.71481053745712,False,0.0,0.0,0.0,,,,,False,False
I-95 HOV NB,HOV,110P04661,2025-10-13,6.0,2,50.204581464244875,4000.0,96,1.05,52.71481053745712,False,0.0,0.0,0.0,,,,,False,False
I-95 HOV NB,HOV,110P04661,2025-10-14,6.0,2,50.204581464244875,4000.0,96,1.05,52.71481053745712,False,0.0,0.0,0.0,,,,,False,False
I-95 HOV NB,HOV,110P04661,2025-10-15,6.0,2,50.204581464244875,4000.0,96,1.05,52.71481053745712,False,0.0,0.0,0.0,,,,,False,False
I-95 HOV NB,HOV,110P04661,2025-10-16,6.0,2,50.204581464244875,4000.0,96,1.05,52.71481053745712,False,0.0,0.0,0.0,,,,,False,False
I-95 HOV NB,HOV,110P04661,2025-10-17,6.0,2,50.204581464244875,4000.0,96,1.05,52.71481053745712,False,0.0,0.0,0.0,,,,,False,False
I-95 HOV NB,HOV,110P04661,2025-10-20,6.0,2,50.204581464244875,4000.0,96,1.05,52.71481053745712,False,0.0,0.0,0.0,,,,,False,False
I-95 HOV NB,HOV,110P04661,2025-10-21,6.0,2,50.204581464244875,4000.0,96,1.05,52.71481053745712,False,0.0,0.0,0.0,,,,,False,False
I-95 HOV NB,HOV,110P04661,2025-10-22,6.0,2,50.204581464244875,4000.0,96,1.05,52.71481053745712,False,0.0,0.0,0.0,,,,,False,False
I-95 HOV NB,HOV,110P04661,2025-10-23,6.0,2,50.204581464244875,4000.0,96,1.05,52.71481053745712,False,0.0,0.0,0.0,,,,,False,False
I-95 HOV NB,HOV,110P04661,2025-10-24,6.0,2,50.204581464244875,4000.0,96,1.05,52.71481053745712,False,0.0,0.0,0.0,,,,,False,False
I-95 HOV NB,HOV,110P04661,2025-10-27,6.0,2,50.204581464244875,4000.0,96,1.05,52.71481053745712,False,0.0,0.0,0.0,,,,,False,False
I-95 HOV NB,HOV,110P04661,2025-10-28,6.0,2,50.204581464244875,4000.0,96,1.05,52.71481053745712,False,0.0,0.0,0.0,,,,,False,False
I-95 HOV NB,HOV,110P04661,2025-10-29,6.0,2,50.204581464244875,4000.0,96,1.05,52.71481053745712,False,0.0,0.0,0.0,,,,,False,False
I-95 HOV NB,HOV,110P04661,2025-10-30,6.0,2,50.204581464244875,4000.0,96,1.05,52.71481053745712,False,0.0,0.0,0.0,,,,,False,False
I-95 HOV NB,HOV,110P04661,2025-10-31,6.0,2,50.204581464244875,4000.0,96,1.05,52.71481053745712,False,0.0,0.0,0.0,,,,,False,False
I-95 HOV NB,HOV,110+04662,2025-10-01,7.0,2,49.49747468305833,4000.0,96,1.05,51.97234841721125,False,0.0,0.0,0.0,,,,,False,False
I-95 HOV NB,HOV,110+04662,2025-10-02,7.0,2,49.49747468305833,4000.0,96,1.05,51.97234841721125,False,0.0,0.0,0.0,,,,,False,False
I-95 HOV NB,HOV,110+04662,2025-10-03,7.0,2,49.49747468305833,4000.0,96,1.05,51.97234841721125,False,0.0,0.0,0.0,,,,,False,False
I-95 HOV NB,HOV,110+04662,2025-10-06,7.0,2,49.49747468305833,4000.0,96,1.05,51.97234841721125,False,0.0,0.0,0.0,,,,,False,False
I-95 HOV NB,HOV,110+04662,2025-10-07,7.0,2,49.49747468305833,4000.0,96,1.05,51.97234841721125,False,0.0,0.0,0.0,,,,,False,False
I-95 HOV NB,HOV,110+04662,2025-10-08,7.0,2,49.49747468305833,4000.0,96,1.05,51.97234841721125,False,0.0,0.0,0.0,,,,,False,False
I-95 HOV NB,HOV,110+04662,2025-10-09,7.0,2,49.49747468305833,4000.0,96,1.05,51.97234841721125,False,0.0,0.0,0.0,,,,,False,False
I-95 HOV NB,HOV,110+04662,2025-10-10,7.0,2,49.49747468305833,4000.0,96,1.05,51.97234841721125,False,0.0,0.0,0.0,,,,,False,False
I-95 HOV NB,HOV,110+04662,2025-10-13,7.0,2,49.49747468305833,4000.0,96,1.05,51.97234841721125,False,0.0,0.0,0.0,,,,,False,False
I-95 HOV NB,HOV,110+04662,2025-10-14,7.0,2,49.49747468305833,4000.0,96,1.05,51.97234841721125,False,0.0,0.0,0.0,,,,,False,False
I-95 HOV NB,HOV,110+04662,2025-10-15,7.0,2,49.49747468305833,4000.0,96,1.05,51.97234841721125,False,0.0,0.0,0.0,,,,,False,False
I-95 HOV NB,HOV,110+04662,2025-10-16,7.0,2,49.49747468305833,4000.0,96,1.05,51.97234841721125,False,0.0,0.0,0.0,,,,,False,False
I-95 HOV NB,HOV,110+04662,2025-10-17,7.0,2,49.49747468305833,4000.0,96,1.05,51.97234841721125,False,0.0,0.0,0.0,,,,,False,False
I-95 HOV NB,HOV,110+04662,2025-10-20,7.0,2,49.49747468305833,4000.0,96,1.05,51.97234841721125,False,0.0,0.0,0.0,,,,,False,False
I-95 HOV NB,HOV,110+04662,2025-10-21,7.0,2,49.49747468305833,4000.0,96,1.05,51.97234841721125,False,0.0,0.0,0.0,,,,,False,False
I-95 HOV NB,HOV,110+04662,2025-10-22,7.0,2,49.49747468305833,4000.0,96,1.05,51.97234841721125,False,0.0,0.0,0.0,,,,,False,False
I-95 HOV NB,HOV,110+04662,2025-10-23,7.0,2,49.49747468305833,4000.0,96,1.05,51.97234841721125,False,0.0,0.0,0.0,,,,,False,False
I-95 HOV NB,HOV,110+04662,2025-10-24,7.0,2,49.49747468305833,4000.0,96,1.05,51.97234841721125,False,0.0,0.0,0.0,,,,,False,False
I-95 HOV NB,HOV,110+04662,2025-10-27,7.0,2,49.49747468305833,4000.0,96,1.05,51.97234841721125,False,0.0,0.0,0.0,,,,,False,False
I-95 HOV NB,HOV,110+04662,2025-10-28,7.0,2,49.49747468305833,4000.0,96,1.05,51.97234841721125,False,0.0,0.0,0.0,,,,,False,False
I-95 HOV NB,HOV,110+04662,2025-10-29,7.0,2,49.49747468305833,4000.0,96,1.05,51.97234841721125,False,0.0,0.0,0.0,,,,,False,False
I-95 HOV NB,HOV,110+04662,2025-10-30,7.0,2,49.49747468305833,4000.0,96,1.05,51.97234841721125,False,0.0,0.0,0.0,,,,,False,False
I-95 HOV NB,HOV,110+04662,2025-10-31,7.0,2,49.49747468305833,4000.0,96,1.05,51.97234841721125,False,0.0,0.0,0.0,,,,,False,False
I-95 HOV NB,HOV,110P04662,2025-10-01,8.0,2,50.204581464244875,4000.0,96,1.05,52.71481053745712,False,0.0,0.0,0.0,,,,,False,False
I-95 HOV NB,HOV,110P04662,2025-10-02,8.0,2,50.204581464244875,4000.0,96,1.05,52.71481053745712,False,0.0,0.0,0.0,,,,,False,False
I-95 HOV NB,HOV,110P04662,2025-10-03,8.0,2,50.204581464244875,4000.0,96,1.05,52.71481053745712,False,0.0,0.0,0.0,,,,,False,False
I-95 HOV NB,HOV,110P04662,2025-10-06,8.0,2,50.204581464244875,4000.0,96,1.05,52.71481053745712,False,0.0,0.0,0.0,,,,,False,False
I-95 HOV NB,HOV,110P04662,2025-10-07,8.0,2,50.204581464244875,4000.0,96,1.05,52.71481053745712,False,0.0,0.0,0.0,,,,,False,False
I-95 HOV NB,HOV,110P04662,2025-10-08,8.0,2,50.204581464244875,4000.0,96,1.05,52.71481053745712,False,0.0,0.0,0.0,,,,,False,False
I-95 HOV NB,HOV,110P04662,2025-10-09,8.0,2,50.204581464244875,4000.0,96,1.05,52.71481053745712,False,0.0,0.0,0.0,,,,,False,False
I-95 HOV NB,HOV,110P04662,2025-10-10,8.0,2,50.204581464244875,4000.0,96,1.05,52.71481053745712,False,0.0,0.0,0.0,,,,,False,False
I-95 HOV NB,HOV,110P04662,2025-10-13,8.0,2,50.204581464244875,4000.0,96,1.05,52.71481053745712,False,0.0,0.0,0.0,,,,,False,False
I-95 HOV NB,HOV,110P04662,2025-10-14,8.0,2,50.204581464244875,4000.0,96,1.05,52.71481053745712,False,0.0,0.0,0.0,,,,,False,False
I-95 HOV NB,HOV,110P04662,2025-10-15,8.0,2,50.204581464244875,4000.0,96,1.05,52.71481053745712,False,0.0,0.0,0.0,,,,,False,False
I-95 HOV NB,HOV,110P04662,2025-10-16,8.0,2,50.204581464244875,4000.0,96,1.05,52.71481053745712,False,0.0,0.0,0.0,,,,,False,False
I-95 HOV NB,HOV,110P04662,2025-10-17,8.0,2,50.204581464244875,4000.0,96,1.05,52.71481053745712,False,0.0,0.0,0.0,,,,,False,False
I-95 HOV NB,HOV,110P04662,2025-10-20,8.0,2,50.204581464244875,4000.0,96,1.05,52.71481053745712,False,0.0,0.0,0.0,,,,,False,False
I-95 HOV NB,HOV,110P04662,2025-10-21,8.0,2,50.204581464244875,4000.0,96,1.05,52.71481053745712,False,0.0,0.0,0.0,,,,,False,False
I-95 HOV NB,HOV,110P04662,2025-10-22,8.0,2,50.204581464244875,4000.0,96,1.05,52.71481053745712,False,0.0,0.0,0.0,,,,,False,False
I-95 HOV NB,HOV,110P04662,2025-10-23,8.0,2,50.204581464244875,4000.0,96,1.05,52.71481053745712,False,0.0,0.0,0.0,,,,,False,False
I-95 HOV NB,HOV,110P04662,2025-10-24,8.0,2,50.204581464244875,4000.0,96,1.05,52.71481053745712,False,0.0,0.0,0.0,,,,,False,False
I-95 HOV NB,HOV,110P04662,2025-10-27,8.0,2,50.204581464244875,4000.0,96,1.05,52.71481053745712,False,0.0,0.0,0.0,,,,,False,False
I-95 HOV NB,HOV,110P04662,2025-10-28,8.0,2,50.204581464244875,4000.0,96,1.05,52.71481053745712,False,0.0,0.0,0.0,,,,,False,False
I-95 HOV NB,HOV,110P04662,2025-10-29,8.0,2,50.204581464244875,4000.0,96,1.05,52.71481053745712,False,0.0,0.0,0.0,,,,,False,False
I-95 HOV NB,HOV,110P04662,2025-10-30,8.0,2,50.204581464244875,4000.0,96,1.05,52.71481053745712,False,0.0,0.0,0.0,,,,,False,False
I-95 HOV NB,HOV,110P04662,2025-10-31,8.0,2,50.204581464244875,4000.0,96,1.05,52.71481053745712,False,0.0,0.0,0.0,,,,,False,False
I-95 HOV NB,HOV,110P04665,2025-10-01,13.1,3,50.91168824543143,6000.0,96,1.05,53.457272657703,False,0.0,0.0,0.0,,,,,False,False
I-95 HOV NB,HOV,110P04665,2025-10-02,13.1,3,50.91168824543143,6000.0,96,1.05,53.457272657703,False,0.0,0.0,0.0,,,,,False,False
I-95 HOV NB,HOV,110P04665,2025-10-03,13.1,3,50.91168824543143,6000.0,96,1.05,53.457272657703,False,0.0,0.0,0.0,,,,,False,False
I-95 HOV NB,HOV,110P04665,2025-10-06,13.1,3,50.91168824543143,6000.0,96,1.05,53.457272657703,False,0.0,0.0,0.0,,,,,False,False
I-95 HOV NB,HOV,110P04665,2025-10-07,13.1,3,50.91168824543143,6000.0,96,1.05,53.457272657703,False,0.0,0.0,0.0,,,,,False,False
I-95 HOV NB,HOV,110P04665,2025-10-08,13.1,3,50.91168824543143,6000.0,96,1.05,53.457272657703,False,0.0,0.0,0.0,,,,,False,False
I-95 HOV NB,HOV,110P04665,2025-10-09,13.1,3,50.91168824543143,6000.0,96,1.05,53.457272657703,False,0.0,0.0,0.0,,,,,False,False
I-95 HOV NB,HOV,110P04665,2025-10-10,13.1,3,50.91168824543143,6000.0,96,1.05,53.457272657703,False,0.0,0.0,0.0,,,,,False,False
I-95 HOV NB,HOV,110P04665,2025-10-13,13.1,3,50.91168824543143,6000.0,96,1.05,53.457272657703,False,0.0,0.0,0.0,,,,,False,False
I-95 HOV NB,HOV,110P04665,2025-10-14,13.1,3,50.91168824543143,6000.0,96,1.05,53.457272657703,False,0.0,0.0,0.0,,,,,False,False
I-95 HOV NB,HOV,110P04665,2025-10-15,13.1,3,50.91168824543143,6000.0,96,1.05,53.457272657703,False,0.0,0.0,0.0,,,,,False,False
I-95 HOV NB,HOV,110P04665,2025-10-16,13.1,3,50.91168824543143,6000.0,96,1.05,53.457272657703,False,0.0,0.0,0.0,,,,,False,False
I-95 HOV NB,HOV,110P04665,2025-10-17,13.1,3,50.91168824543143,6000.0,96,1.05,53.457272657703,False,0.0,0.0,0.0,,,,,False,False
I-95 HOV NB,HOV,110P04665,2025-10-20,13.1,3,50.91168824543143,6000.0,96,1.05,53.457272657703,False,0.0,0.0,0.0,,,,,False,False
I-95 HOV NB,HOV,110P04665,2025-10-21,13.1,3,50.91168824543143,6000.0,96,1.05,53.457272657703,False,0.0,0.0,0.0,,,,,False,False
I-95 HOV NB,HOV,110P04665,2025-10-22,13.1,3,50.91168824543143,6000.0,96,1.05,53.457272657703,False,0.0,0.0,0.0,,,,,False,False
I-95 HOV NB,HOV,110P04665,2025-10-23,13.1,3,50.91168824543143,6000.0,96,1.05,53.457272657703,False,0.0,0.0,0.0,,,,,False,False
I-95 HOV NB,HOV,110P04665,2025-10-24,13.1,3,50.91168824543143,6000.0,96,1.05,53.457272657703,False,0.0,0.0,0.0,,,,,False,False
I-95 HOV NB,HOV,110P04665,2025-10-27,13.1,3,50.91168824543143,6000.0,96,1.05,53.457272657703,False,0.0,0.0,0.0,,,,,False,False
I-95 HOV NB,HOV,110P04665,2025-10-28,13.1,3,50.91168824543143,6000.0,96,1.05,53.457272657703,False,0.0,0.0,0.0,,,,,False,False
I-95 HOV NB,HOV,110P04665,2025-10-29,13.1,3,50.91168824543143,6000.0,96,1.05,53.457272657703,False,0.0,0.0,0.0,,,,,False,False
I-95 HOV NB,HOV,110P04665,2025-10-30,13.1,3,50.91168824543143,6000.0,96,1.05,53.457272657703,False,0.0,0.0,0.0,,,,,False,False
I-95 HOV NB,HOV,110P04665,2025-10-31,13.1,3,50.91168824543143,6000.0,96,1.05,53.457272657703,False,0.0,0.0,0.0,,,,,False,False
I-95 HOV NB,HOV,110+04666,2025-10-01,14.0,3,50.204581464244875,6000.0,96,1.05,52.71481053745712,False,0.0,0.0,0.0,,,,,False,False
I-95 HOV NB,HOV,110+04666,2025-10-02,14.0,3,50.204581464244875,6000.0,96,1.05,52.71481053745712,False,0.0,0.0,0.0,,,,,False,False
I-95 HOV NB,HOV,110+04666,2025-10-03,14.0,3,50.204581464244875,6000.0,96,1.05,52.71481053745712,False,0.0,0.0,0.0,,,,,False,False
I-95 HOV NB,HOV,110+04666,2025-10-06,14.0,3,50.204581464244875,6000.0,96,1.05,52.71481053745712,False,0.0,0.0,0.0,,,,,False,False
I-95 HOV NB,HOV,110+04666,2025-10-07,14.0,3,50.204581464244875,6000.0,96,1.05,52.71481053745712,False,0.0,0.0,0.0,,,,,False,False
I-95 HOV NB,HOV,110+04666,2025-10-08,14.0,3,50.204581464244875,6000.0,96,1.05,52.71481053745712,False,0.0,0.0,0.0,,,,,False,False
I-95 HOV NB,HOV,110+04666,2025-10-09,14.0,3,50.204581464244875,6000.0,96,1.05,52.71481053745712,False,0.0,0.0,0.0,,,,,False,False
I-95 HOV NB,HOV,110+04666,2025-10-10,14.0,3,50.204581464244875,6000.0,96,1.05,52.71481053745712,False,0.0,0.0,0.0,,,,,False,False
I-95 HOV NB,HOV,110+04666,2025-10-13,14.0,3,50.204581464244875,6000.0,96,1.05,52.71481053745712,False,0.0,0.0,0.0,,,,,False,False
I-95 HOV NB,HOV,110+04666,2025-10-14,14.0,3,50.204581464244875,6000.0,96,1.05,52.71481053745712,False,0.0,0.0,0.0,,,,,False,False
I-95 HOV NB,HOV,110+04666,2025-10-15,14.0,3,50.204581464244875,6000.0,96,1.05,52.71481053745712,False,0.0,0.0,0.0,,,,,False,False
I-95 HOV NB,HOV,110+04666,2025-10-16,14.0,3,50.204581464244875,6000.0,96,1.05,52.71481053745712,False,0.0,0.0,0.0,,,,,False,False
I-95 HOV NB,HOV,110+04666,2025-10-17,14.0,3,50.204581464244875,6000.0,96,1.05,52.71481053745712,False,0.0,0.0,0.0,,,,,False,False
I-95 HOV NB,HOV,110+04666,2025-10-20,14.0,3,50.204581464244875,6000.0,96,1.05,52.71481053745712,False,0.0,0.0,0.0,,,,,False,False
I-95 HOV NB,HOV,110+04666,2025-10-21,14.0,3,50.204581464244875,6000.0,96,1.05,52.71481053745712,False,0.0,0.0,0.0,,,,,False,False
I-95 HOV NB,HOV,110+04666,2025-10-22,14.0,3,50.204581464244875,6000.0,96,1.05,52.71481053745712,False,0.0,0.0,0.0,,,,,False,False
I-95 HOV NB,HOV,110+04666,2025-10-23,14.0,3,50.204581464244875,6000.0,96,1.05,52.71481053745712,False,0.0,0.0,0.0,,,,,False,False
I-95 HOV NB,HOV,110+04666,2025-10-24,14.0,3,50.204581464244875,6000.0,96,1.05,52.71481053745712,False,0.0,0.0,0.0,,,,,False,False
I-95 HOV NB,HOV,110+04666,2025-10-27,14.0,3,50.204581464244875,6000.0,96,1.05,52.71481053745712,False,0.0,0.0,0.0,,,,,False,False
I-95 HOV NB,HOV,110+04666,2025-10-28,14.0,3,50.204581464244875,6000.0,96,1.05,52.71481053745712,False,0.0,0.0,0.0,,,,,False,False
I-95 HOV NB,HOV,110+04666,2025-10-29,14.0,3,50.204581464244875,6000.0,96,1.05,52.71481053745712,False,0.0,0.0,0.0,,,,,False,False
I-95 HOV NB,HOV,110+04666,2025-10-30,14.0,3,50.204581464244875,6000.0,96,1.05,52.71481053745712,False,0.0,0.0,0.0,,,,,False,False
I-95 HOV NB,HOV,110+04666,2025-10-31,14.0,3,50.204581464244875,6000.0,96,1.05,52.71481053745712,False,0.0,0.0,0.0,,,,,False,False
I-95 HOV NB,HOV,110P04666,2025-10-01,15.0,3,49.49747468305833,6000.0,96,1.05,51.97234841721125,False,0.0,0.0,0.0,,,,,False,False
I-95 HOV NB,HOV,110P04666,2025-10-02,15.0,3,49.49747468305833,6000.0,96,1.05,51.97234841721125,False,0.0,0.0,0.0,,,,,False,False
I-95 HOV NB,HOV,110P04666,2025-10-03,15.0,3,49.49747468305833,6000.0,96,1.05,51.97234841721125,False,0.0,0.0,0.0,,,,,False,False
I-95 HOV NB,HOV,110P04666,2025-10-06,15.0,3,49.49747468305833,6000.0,96,1.05,51.97234841721125,False,0.0,0.0,0.0,,,,,False,False
I-95 HOV NB,HOV,110P04666,2025-10-07,15.0,3,49.49747468305833,6000.0,96,1.05,51.97234841721125,False,0.0,0.0,0.0,,,,,False,False
I-95 HOV NB,HOV,110P04666,2025-10-08,15.0,3,49.49747468305833,6000.0,96,1.05,51.97234841721125,False,0.0,0.0,0.0,,,,,False,False
I-95 HOV NB,HOV,110P04666,2025-10-09,15.0,3,49.49747468305833,6000.0,96,1.05,51.97234841721125,False,0.0,0.0,0.0,,,,,False,False
I-95 HOV NB,HOV,110P04666,2025-10-10,15.0,3,49.49747468305833,6000.0,96,1.05,51.97234841721125,False,0.0,0.0,0.0,,,,,False,False
I-95 HOV NB,HOV,110P04666,2025-10-13,15.0,3,49.49747468305833,6000.0,96,1.05,51.97234841721125,False,0.0,0.0,0.0,,,,,False,False
I-95 HOV NB,HOV,110P04666,2025-10-14,15.0,3,49.49747468305833,6000.0,96,1.05,51.97234841721125,False,0.0,0.0,0.0,,,,,False,False
I-95 HOV NB,HOV,110P04666,2025-10-15,15.0,3,49.49747468305833,6000.0,96,1.05,51.97234841721125,False,0.0,0.0,0.0,,,,,False,False
I-95 HOV NB,HOV,110P04666,2025-10-16,15.0,3,49.49747468305833,6000.0,96,1.05,51.97234841721125,False,0.0,0.0,0.0,,,,,False,False
I-95 HOV NB,HOV,110P04666,2025-10-17,15.0,3,49.49747468305833,6000.0,96,1.05,51.97234841721125,False,0.0,0.0,0.0,,,,,False,False
I-95 HOV NB,HOV,110P04666,2025-10-20,15.0,3,49.49747468305833,6000.0,96,1.05,51.97234841721125,False,0.0,0.0,0.0,,,,,False,False
I-95 HOV NB,HOV,110P04666,2025-10-21,15.0,3,49.49747468305833,6000.0,96,1.05,51.97234841721125,False,0.0,0.0,0.0,,,,,False,False
I-95 HOV NB,HOV,110P04666,2025-10-22,15.0,3,49.49747468305833,6000.0,96,1.05,51.97234841721125,False,0.0,0.0,0.0,,,,,False,False
I-95 HOV NB,HOV,110P04666,2025-10-23,15.0,3,49.49747468305833,6000.0,96,1.05,51.97234841721125,False,0.0,0.0,0.0,,,,,False,False
I-95 HOV NB,HOV,110P04666,2025-10-24,15.0,3,49.49747468305833,6000.0,96,1.05,51.97234841721125,False,0.0,0.0,0.0,,,,,False,False
I-95 HOV NB,HOV,110P04666,2025-10-27,15.0,3,49.49747468305833,6000.0,96,1.05,51.97234841721125,False,0.0,0.0,0.0,,,,,False,False
I-95 HOV NB,HOV,110P04666,2025-10-28,15.0,3,49.49747468305833,6000.0,96,1.05,51.97234841721125,False,0.0,0.0,0.0,,,,,False,False
I-95 HOV NB,HOV,110P04666,2025-10-29,15.0,3,49.49747468305833,6000.0,96,1.05,51.97234841721125,False,0.0,0.0,0.0,,,,,False,False
I-95 HOV NB,HOV,110P04666,2025-10-30,15.0,3,49.49747468305833,6000.0,96,1.05,51.97234841721125,False,0.0,0.0,0.0,,,,,False,False
I-95 HOV NB,HOV,110P04666,2025-10-31,15.0,3,49.49747468305833,6000.0,96,1.05,51.97234841721125,False,0.0,0.0,0.0,,,,,False,False
I-95 HOV NB,HOV,110+04667,2025-10-01,16.0,3,50.204581464244875,6000.0,96,1.05,52.71481053745712,False,0.0,0.0,0.0,,,,,False,False
I-95 HOV NB,HOV,110+04667,2025-10-02,16.0,3,50.204581464244875,6000.0,96,1.05,52.71481053745712,False,0.0,0.0,0.0,,,,,False,False
I-95 HOV NB,HOV,110+04667,2025-10-03,16.0,3,50.204581464244875,6000.0,96,1.05,52.71481053745712,False,0.0,0.0,0.0,,,,,False,False
I-95 HOV NB,HOV,110+04667,2025-10-06,16.0,3,50.204581464244875,6000.0,96,1.05,52.71481053745712,False,0.0,0.0,0.0,,,,,False,False
I-95 HOV NB,HOV,110+04667,2025-10-07,16.0,3,50.204581464244875,6000.0,96,1.05,52.71481053745712,False,0.0,0.0,0.0,,,,,False,False
I-95 HOV NB,HOV,110+04667,2025-10-08,16.0,3,50.204581464244875,6000.0,96,1.05,52.71481053745712,False,0.0,0.0,0.0,,,,,False,False
I-95 HOV NB,HOV,110+04667,2025-10-09,16.0,3,50.204581464244875,6000.0,96,1.05,52.71481053745712,False,0.0,0.0,0.0,,,,,False,False
I-95 HOV NB,HOV,110+04667,2025-10-10,16.0,3,50.204581464244875,6000.0,96,1.05,52.71481053745712,False,0.0,0.0,0.0,,,,,False,False
I-95 HOV NB,HOV,110+04667,2025-10-13,16.0,3,50.204581464244875,6000.0,96,1.05,52.71481053745712,False,0.0,0.0,0.0,,,,,False,False
I-95 HOV NB,HOV,110+04667,2025-10-14,16.0,3,50.204581464244875,6000.0,96,1.05,52.71481053745712,False,0.0,0.0,0.0,,,,,False,False
I-95 HOV NB,HOV,110+04667,2025-10-15,16.0,3,50.204581464244875,6000.0,96,1.05,52.71481053745712,False,0.0,0.0,0.0,,,,,False,False
I-95 HOV NB,HOV,110+04667,2025-10-16,16.0,3,50.204581464244875,6000.0,96,1.05,52.71481053745712,False,0.0,0.0,0.0,,,,,False,False
I-95 HOV NB,HOV,110+04667,2025-10-17,16.0,3,50.204581464244875,6000.0,96,1.05,52.71481053745712,False,0.0,0.0,0.0,,,,,False,False
I-95 HOV NB,HOV,110+04667,2025-10-20,16.0,3,50.204581464244875,6000.0,96,1.05,52.71481053745712,False,0.0,0.0,0.0,,,,,False,False
I-95 HOV NB,HOV,110+04667,2025-10-21,16.0,3,50.204581464244875,6000.0,96,1.05,52.71481053745712,False,0.0,0.0,0.0,,,,,False,False
I-95 HOV NB,HOV,110+04667,2025-10-22,16.0,3,50.204581464244875,6000.0,96,1.05,52.71481053745712,False,0.0,0.0,0.0,,,,,False,False
I-95 HOV NB,HOV,110+04667,2025-10-23,16.0,3,50.204581464244875,6000.0,96,1.05,52.71481053745712,False,0.0,0.0,0.0,,,,,False,False
I-95 HOV NB,HOV,110+04667,2025-10-24,16.0,3,50.204581464244875,6000.0,96,1.05,52.71481053745712,False,0.0,0.0,0.0,,,,,False,False
I-95 HOV NB,HOV,110+04667,2025-10-27,16.0,3,50.204581464244875,6000.0,96,1.05,52.71481053745712,False,0.0,0.0,0.0,,,,,False,False
I-95 HOV NB,HOV,110+04667,2025-10-28,16.0,3,50.204581464244875,6000.0,96,1.05,52.71481053745712,False,0.0,0.0,0.0,,,,,False,False
I-95 HOV NB,HOV,110+04667,2025-10-29,16.0,3,50.204581464244875,6000.0,96,1.05,52.71481053745712,False,0.0,0.0,0.0,,,,,False,False
I-95 HOV NB,HOV,110+04667,2025-10-30,16.0,3,50.204581464244875,6000.0,96,1.05,52.71481053745712,False,0.0,0.0,0.0,,,,,False,False
I-95 HOV NB,HOV,110+04667,2025-10-31,16.0,3,50.204581464244875,6000.0,96,1.05,52.71481053745712,False,0.0,0.0,0.0,,,,,False,False
I-95 HOV NB,HOV,110P04667,2025-10-01,17.0,3,50.204581464244875,6000.0,96,1.05,52.71481053745712,False,0.0,0.0,0.0,,,,,False,False
I-95 HOV NB,HOV,110P04667,2025-10-02,17.0,3,50.204581464244875,6000.0,96,1.05,52.71481053745712,False,0.0,0.0,0.0,,,,,False,False
I-95 HOV NB,HOV,110P04667,2025-10-03,17.0,3,50.204581464244875,6000.0,96,1.05,52.71481053745712,False,0.0,0.0,0.0,,,,,False,False
I-95 HOV NB,HOV,110P04667,2025-10-06,17.0,3,50.204581464244875,6000.0,96,1.05,52.71481053745712,False,0.0,0.0,0.0,,,,,False,False
I-95 HOV NB,HOV,110P04667,2025-10-07,17.0,3,50.204581464244875,6000.0,96,1.05,52.71481053745712,False,0.0,0.0,0.0,,,,,False,False
I-95 HOV NB,HOV,110P04667,2025-10-08,17.0,3,50.204581464244875,6000.0,96,1.05,52.71481053745712,False,0.0,0.0,0.0,,,,,False,False
I-95 HOV NB,HOV,110P04667,2025-10-09,17.0,3,50.204581464244875,6000.0,96,1.05,52.71481053745712,False,0.0,0.0,0.0,,,,,False,False
I-95 HOV NB,HOV,110P04667,2025-10-10,17.0,3,50.204581464244875,6000.0,96,1.05,52.71481053745712,False,0.0,0.0,0.0,,,,,False,False
I-95 HOV NB,HOV,110P04667,2025-10-13,17.0,3,50.204581464244875,6000.0,96,1.05,52.71481053745712,False,0.0,0.0,0.0,,,,,False,False
I-95 HOV NB,HOV,110P04667,2025-10-14,17.0,3,50.204581464244875,6000.0,96,1.05,52.71481053745712,False,0.0,0.0,0.0,,,,,False,False
I-95 HOV NB,HOV,110P04667,2025-10-15,17.0,3,50.204581464244875,6000.0,96,1.05,52.71481053745712,False,0.0,0.0,0.0,,,,,False,False
I-95 HOV NB,HOV,110P04667,2025-10-16,17.0,3,50.204581464244875,6000.0,96,1.05,52.71481053745712,False,0.0,0.0,0.0,,,,,False,False
I-95 HOV NB,HOV,110P04667,2025-10-17,17.0,3,50.204581464244875,6000.0,96,1.05,52.71481053745712,False,0.0,0.0,0.0,,,,,False,False
I-95 HOV NB,HOV,110P04667,2025-10-20,17.0,3,50.204581464244875,6000.0,96,1.05,52.71481053745712,False,0.0,0.0,0.0,,,,,False,False
I-95 HOV NB,HOV,110P04667,2025-10-21,17.0,3,50.204581464244875,6000.0,96,1.05,52.71481053745712,False,0.0,0.0,0.0,,,,,False,False
I-95 HOV NB,HOV,110P04667,2025-10-22,17.0,3,50.204581464244875,6000.0,96,1.05,52.71481053745712,False,0.0,0.0,0.0,,,,,False,False
I-95 HOV NB,HOV,110P04667,2025-10-23,17.0,3,50.204581464244875,6000.0,96,1.05,52.71481053745712,False,0.0,0.0,0.0,,,,,False,False
I-95 HOV NB,HOV,110P04667,2025-10-24,17.0,3,50.204581464244875,6000.0,96,1.05,52.71481053745712,False,0.0,0.0,0.0,,,,,False,False
I-95 HOV NB,HOV,110P04667,2025-10-27,17.0,3,50.204581464244875,6000.0,96,1.05,52.71481053745712,False,0.0,0.0,0.0,,,,,False,False
I-95 HOV NB,HOV,110P04667,2025-10-28,17.0,3,50.204581464244875,6000.0,96,1.05,52.71481053745712,False,0.0,0.0,0.0,,,,,False,False
I-95 HOV NB,HOV,110P04667,2025-10-29,17.0,3,50.204581464244875,6000.0,96,1.05,52.71481053745712,False,0.0,0.0,0.0,,,,,False,False
I-95 HOV NB,HOV,110P04667,2025-10-30,17.0,3,50.204581464244875,6000.0,96,1.05,52.71481053745712,False,0.0,0.0,0.0,,,,,False,False
I-95 HOV NB,HOV,110P04667,2025-10-31,17.0,3,50.204581464244875,6000.0,96,1.05,52.71481053745712,False,0.0,0.0,0.0,,,,,False,False
I-95 HOV NB,HOV,110+04668,2025-10-01,18.0,3,50.204581464244875,6000.0,96,1.05,52.71481053745712,False,0.0,0.0,0.0,,,,,False,False
I-95 HOV NB,HOV,110+04668,2025-10-02,18.0,3,50.204581464244875,6000.0,96,1.05,52.71481053745712,False,0.0,0.0,0.0,,,,,False,False
I-95 HOV NB,HOV,110+04668,2025-10-03,18.0,3,50.204581464244875,6000.0,96,1.05,52.71481053745712,False,0.0,0.0,0.0,,,,,False,False
I-95 HOV NB,HOV,110+04668,2025-10-06,18.0,3,50.204581464244875,6000.0,96,1.05,52.71481053745712,False,0.0,0.0,0.0,,,,,False,False
I-95 HOV NB,HOV,110+04668,2025-10-07,18.0,3,50.204581464244875,6000.0,96,1.05,52.71481053745712,False,0.0,0.0,0.0,,,,,False,False
I-95 HOV NB,HOV,110+04668,2025-10-08,18.0,3,50.204581464244875,6000.0,96,1.05,52.71481053745712,False,0.0,0.0,0.0,,,,,False,False
I-95 HOV NB,HOV,110+04668,2025-10-09,18.0,3,50.204581464244875,6000.0,96,1.05,52.71481053745712,False,0.0,0.0,0.0,,,,,False,False
I-95 HOV NB,HOV,110+04668,2025-10-10,18.0,3,50.204581464244875,6000.0,96,1.05,52.71481053745712,False,0.0,0.0,0.0,,,,,False,False
I-95 HOV NB,HOV,110+04668,2025-10-13,18.0,3,50.204581464244875,6000.0,96,1.05,52.71481053745712,False,0.0,0.0,0.0,,,,,False,False
I-95 HOV NB,HOV,110+04668,2025-10-14,18.0,3,50.204581464244875,6000.0,96,1.05,52.71481053745712,True,0.6242842030617387,3848.2003402613127,0.6413667233768855,462.34510464660264,499.80215683030696,46.047777777777775,480.0,False,False
I-95 HOV NB,HOV,110+04668,2025-10-15,18.0,3,50.204581464244875,6000.0,96,1.05,52.71481053745712,False,0.0,0.0,0.0,,,,,False,False
I-95 HOV NB,HOV,110+04668,2025-10-16,18.0,3,50.204581464244875,6000.0,96,1.05,52.71481053745712,False,0.0,0.0,0.0,,,,,False,False
I-95 HOV NB,HOV,110+04668,2025-10-17,18.0,3,50.204581464244875,6000.0,96,1.05,52.71481053745712,False,0.0,0.0,0.0,,,,,False,False
I-95 HOV NB,HOV,110+04668,2025-10-20,18.0,3,50.204581464244875,6000.0,96,1.05,52.71481053745712,False,0.0,0.0,0.0,,,,,False,False
I-95 HOV NB,HOV,110+04668,2025-10-21,18.0,3,50.204581464244875,6000.0,96,1.05,52.71481053745712,False,0.0,0.0,0.0,,,,,False,False
I-95 HOV NB,HOV,110+04668,2025-10-22,18.0,3,50.204581464244875,6000.0,96,1.05,52.71481053745712,False,0.0,0.0,0.0,,,,,False,False
I-95 HOV NB,HOV,110+04668,2025-10-23,18.0,3,50.204581464244875,6000.0,96,1.05,52.71481053745712,False,0.0,0.0,0.0,,,,,False,False
I-95 HOV NB,HOV,110+04668,2025-10-24,18.0,3,50.204581464244875,6000.0,96,1.05,52.71481053745712,False,0.0,0.0,0.0,,,,,False,False
I-95 HOV NB,HOV,110+04668,2025-10-27,18.0,3,50.204581464244875,6000.0,96,1.05,52.71481053745712,False,0.0,0.0,0.0,,,,,False,False
I-95 HOV NB,HOV,110+04668,2025-10-28,18.0,3,50.204581464244875,6000.0,96,1.05,52.71481053745712,False,0.0,0.0,0.0,,,,,False,False
I-95 HOV NB,HOV,110+04668,2025-10-29,18.0,3,50.204581464244875,6000.0,96,1.05,52.71481053745712,False,0.0,0.0,0.0,,,,,False,False
I-95 HOV NB,HOV,110+04668,2025-10-30,18.0,3,50.204581464244875,6000.0,96,1.05,52.71481053745712,False,0.0,0.0,0.0,,,,,False,False
I-95 HOV NB,HOV,110+04668,2025-10-31,18.0,3,50.204581464244875,6000.0,96,1.05,52.71481053745712,False,0.0,0.0,0.0,,,,,False,False
I-95 HOV NB,HOV,110P04668,2025-10-01,19.0,3,49.49747468305833,6000.0,96,1.05,51.97234841721125,False,0.0,0.0,0.0,,,,,False,False
I-95 HOV NB,HOV,110P04668,2025-10-02,19.0,3,49.49747468305833,6000.0,96,1.05,51.97234841721125,False,0.0,0.0,0.0,,,,,False,False
I-95 HOV NB,HOV,110P04668,2025-10-03,19.0,3,49.49747468305833,6000.0,96,1.05,51.97234841721125,False,0.0,0.0,0.0,,,,,False,False
I-95 HOV NB,HOV,110P04668,2025-10-06,19.0,3,49.49747468305833,6000.0,96,1.05,51.97234841721125,False,0.0,0.0,0.0,,,,,False,False
I-95 HOV NB,HOV,110P04668,2025-10-07,19.0,3,49.49747468305833,6000.0,96,1.05,51.97234841721125,False,0.0,0.0,0.0,,,,,False,False
I-95 HOV NB,HOV,110P04668,2025-10-08,19.0,3,49.49747468305833,6000.0,96,1.05,51.97234841721125,False,0.0,0.0,0.0,,,,,False,False
I-95 HOV NB,HOV,110P04668,2025-10-09,19.0,3,49.49747468305833,6000.0,96,1.05,51.97234841721125,False,0.0,0.0,0.0,,,,,False,False
I-95 HOV NB,HOV,110P04668,2025-10-10,19.0,3,49.49747468305833,6000.0,95,1.05,51.97234841721125,False,0.0,0.0,0.0,,,,,False,False
I-95 HOV NB,HOV,110P04668,2025-10-13,19.0,3,49.49747468305833,6000.0,96,1.05,51.97234841721125,False,0.0,0.0,0.0,,,,,False,False
I-95 HOV NB,HOV,110P04668,2025-10-14,19.0,3,49.49747468305833,6000.0,96,1.05,51.97234841721125,True,1.2392343909097576,5284.928054884655,0.8808213424807757,450.85966163245087,525.2137250870363,14.50111111111111,495.0,False,False
I-95 HOV NB,HOV,110P04668,2025-10-15,19.0,3,49.49747468305833,6000.0,96,1.05,51.97234841721125,False,0.0,0.0,0.0,,,,,False,False
I-95 HOV NB,HOV,110P04668,2025-10-16,19.0,3,49.49747468305833,6000.0,96,1.05,51.97234841721125,False,0.0,0.0,0.0,,,,,False,False
I-95 HOV NB,HOV,110P04668,2025-10-17,19.0,3,49.49747468305833,6000.0,96,1.05,51.97234841721125,False,0.0,0.0,0.0,,,,,False,False
I-95 HOV NB,HOV,110P04668,2025-10-20,19.0,3,49.49747468305833,6000.0,96,1.05,51.97234841721125,False,0.0,0.0,0.0,,,,,False,False
I-95 HOV NB,HOV,110P04668,2025-10-21,19.0,3,49.49747468305833,6000.0,96,1.05,51.97234841721125,False,0.0,0.0,0.0,,,,,False,False
I-95 HOV NB,HOV,110P04668,2025-10-22,19.0,3,49.49747468305833,6000.0,96,1.05,51.97234841721125,False,0.0,0.0,0.0,,,,,False,False
I-95 HOV NB,HOV,110P04668,2025-10-23,19.0,3,49.49747468305833,6000.0,96,1.05,51.97234841721125,False,0.0,0.0,0.0,,,,,False,False
I-95 HOV NB,HOV,110P04668,2025-10-24,19.0,3,49.49747468305833,6000.0,96,1.05,51.97234841721125,False,0.0,0.0,0.0,,,,,False,False
I-95 HOV NB,HOV,110P04668,2025-10-27,19.0,3,49.49747468305833,6000.0,96,1.05,51.97234841721125,False,0.0,0.0,0.0,,,,,False,False
I-95 HOV NB,HOV,110P04668,2025-10-28,19.0,3,49.49747468305833,6000.0,96,1.05,51.97234841721125,False,0.0,0.0,0.0,,,,,False,False
I-95 HOV NB,HOV,110P04668,2025-10-29,19.0,3,49.49747468305833,6000.0,96,1.05,51.97234841721125,False,0.0,0.0,0.0,,,,,False,False
I-95 HOV NB,HOV,110P04668,2025-10-30,19.0,3,49.49747468305833,6000.0,96,1.05,51.97234841721125,False,0.0,0.0,0.0,,,,,False,False
I-95 HOV NB,HOV,110P04668,2025-10-31,19.0,3,49.49747468305833,6000.0,96,1.05,51.97234841721125,False,0.0,0.0,0.0,,,,,False,False
I-95 HOV NB,HOV,110+04669,2025-10-01,20.0,3,49.33236524965127,6000.0,96,1.05,51.79898351213383,False,0.0,0.0,0.0,,,,,False,False
I-95 HOV NB,HOV,110+04669,2025-10-02,20.0,3,49.33236524965127,6000.0,96,1.05,51.79898351213383,False,0.0,0.0,0.0,,,,,False,False
I-95 HOV NB,HOV,110+04669,2025-10-03,20.0,3,49.33236524965127,6000.0,96,1.05,51.79898351213383,False,0.0,0.0,0.0,,,,,False,False
I-95 HOV NB,HOV,110+04669,2025-10-06,20.0,3,49.33236524965127,6000.0,96,1.05,51.79898351213383,False,0.0,0.0,0.0,,,,,False,False
I-95 HOV NB,HOV,110+04669,2025-10-07,20.0,3,49.33236524965127,6000.0,96,1.05,51.79898351213383,False,0.0,0.0,0.0,,,,,False,False
I-95 HOV NB,HOV,110+04669,2025-10-08,20.0,3,49.33236524965127,6000.0,96,1.05,51.79898351213383,False,0.0,0.0,0.0,,,,,False,False
I-95 HOV NB,HOV,110+04669,2025-10-09,20.0,3,49.33236524965127,6000.0,96,1.05,51.79898351213383,False,0.0,0.0,0.0,,,,,False,False
I-95 HOV NB,HOV,110+04669,2025-10-10,20.0,3,49.33236524965127,6000.0,95,1.05,51.79898351213383,False,0.0,0.0,0.0,,,,,False,False
I-95 HOV NB,HOV,110+04669,2025-10-13,20.0,3,49.33236524965127,6000.0,96,1.05,51.79898351213383,False,0.0,0.0,0.0,,,,,False,False
I-95 HOV NB,HOV,110+04669,2025-10-14,20.0,3,49.33236524965127,6000.0,96,1.05,51.79898351213383,True,1.4693662230574063,6477.633837454364,1.0796056395757274,443.0534588405241,531.2154322239685,11.040000000000001,495.0,False,False
I-95 HOV NB,HOV,110+04669,2025-10-15,20.0,3,49.33236524965127,6000.0,96,1.05,51.79898351213383,False,0.0,0.0,0.0,,,,,False,False
I-95 HOV NB,HOV,110+04669,2025-10-16,20.0,3,49.33236524965127,6000.0,96,1.05,51.79898351213383,False,0.0,0.0,0.0,,,,,False,False
I-95 HOV NB,HOV,110+04669,2025-10-17,20.0,3,49.33236524965127,6000.0,96,1.05,51.79898351213383,False,0.0,0.0,0.0,,,,,False,False
I-95 HOV NB,HOV,110+04669,2025-10-20,20.0,3,49.33236524965127,6000.0,96,1.05,51.79898351213383,False,0.0,0.0,0.0,,,,,False,False
I-95 HOV NB,HOV,110+04669,2025-10-21,20.0,3,49.33236524965127,6000.0,96,1.05,51.79898351213383,False,0.0,0.0,0.0,,,,,False,False
I-95 HOV NB,HOV,110+04669,2025-10-22,20.0,3,49.33236524965127,6000.0,96,1.05,51.79898351213383,False,0.0,0.0,0.0,,,,,False,False
I-95 HOV NB,HOV,110+04669,2025-10-23,20.0,3,49.33236524965127,6000.0,96,1.05,51.79898351213383,False,0.0,0.0,0.0,,,,,False,False
I-95 HOV NB,HOV,110+04669,2025-10-24,20.0,3,49.33236524965127,6000.0,96,1.05,51.79898351213383,False,0.0,0.0,0.0,,,,,False,False
I-95 HOV NB,HOV,110+04669,2025-10-27,20.0,3,49.33236524965127,6000.0,96,1.05,51.79898351213383,False,0.0,0.0,0.0,,,,,False,False
I-95 HOV NB,HOV,110+04669,2025-10-28,20.0,3,49.33236524965127,6000.0,96,1.05,51.79898351213383,False,0.0,0.0,0.0,,,,,False,False
I-95 HOV NB,HOV,110+04669,2025-10-29,20.0,3,49.33236524965127,6000.0,96,1.05,51.79898351213383,False,0.0,0.0,0.0,,,,,False,False
I-95 HOV NB,HOV,110+04669,2025-10-30,20.0,3,49.33236524965127,6000.0,96,1.05,51.79898351213383,False,0.0,0.0,0.0,,,,,False,False
I-95 HOV NB,HOV,110+04669,2025-10-31,20.0,3,49.33236524965127,6000.0,96,1.05,51.79898351213383,False,0.0,0.0,0.0,,,,,False,False
I-95 HOV NB,HOV,110+04658,2025-10-01,1.0,2,51.618795026617974,4000.0,96,1.1,56.78067452927978,False,0.0,0.0,0.0,,,,,False,False
I-95 HOV NB,HOV,110+04658,2025-10-02,1.0,2,51.618795026617974,4000.0,96,1.1,56.78067452927978,False,0.0,0.0,0.0,,,,,False,False
I-95 HOV NB,HOV,110+04658,2025-10-03,1.0,2,51.618795026617974,4000.0,96,1.1,56.78067452927978,False,0.0,0.0,0.0,,,,,False,False
I-95 HOV NB,HOV,110+04658,2025-10-06,1.0,2,51.618795026617974,4000.0,96,1.1,56.78067452927978,False,0.0,0.0,0.0,,,,,False,False
I-95 HOV NB,HOV,110+04658,2025-10-07,1.0,2,51.618795026617974,4000.0,96,1.1,56.78067452927978,False,0.0,0.0,0.0,,,,,False,False
I-95 HOV NB,HOV,110+04658,2025-10-08,1.0,2,51.618795026617974,4000.0,96,1.1,56.78067452927978,False,0.0,0.0,0.0,,,,,False,False
I-95 HOV NB,HOV,110+04658,2025-10-09,1.0,2,51.618795026617974,4000.0,96,1.1,56.78067452927978,False,0.0,0.0,0.0,,,,,False,False
I-95 HOV NB,HOV,110+04658,2025-10-10,1.0,2,51.618795026617974,4000.0,96,1.1,56.78067452927978,False,0.0,0.0,0.0,,,,,False,False
I-95 HOV NB,HOV,110+04658,2025-10-13,1.0,2,51.618795026617974,4000.0,96,1.1,56.78067452927978,False,0.0,0.0,0.0,,,,,False,False
I-95 HOV NB,HOV,110+04658,2025-10-14,1.0,2,51.618795026617974,4000.0,96,1.1,56.78067452927978,False,0.0,0.0,0.0,,,,,False,False
I-95 HOV NB,HOV,110+04658,2025-10-15,1.0,2,51.618795026617974,4000.0,96,1.1,56.78067452927978,False,0.0,0.0,0.0,,,,,False,False
I-95 HOV NB,HOV,110+04658,2025-10-16,1.0,2,51.618795026617974,4000.0,96,1.1,56.78067452927978,False,0.0,0.0,0.0,,,,,False,False
I-95 HOV NB,HOV,110+04658,2025-10-17,1.0,2,51.618795026617974,4000.0,96,1.1,56.78067452927978,False,0.0,0.0,0.0,,,,,False,False
I-95 HOV NB,HOV,110+04658,2025-10-20,1.0,2,51.618795026617974,4000.0,96,1.1,56.78067452927978,False,0.0,0.0,0.0,,,,,False,False
I-95 HOV NB,HOV,110+04658,2025-10-21,1.0,2,51.618795026617974,4000.0,96,1.1,56.78067452927978,False,0.0,0.0,0.0,,,,,False,False
I-95 HOV NB,HOV,110+04658,2025-10-22,1.0,2,51.618795026617974,4000.0,96,1.1,56.78067452927978,False,0.0,0.0,0.0,,,,,False,False
I-95 HOV NB,HOV,110+04658,2025-10-23,1.0,2,51.618795026617974,4000.0,96,1.1,56.78067452927978,False,0.0,0.0,0.0,,,,,False,False
I-95 HOV NB,HOV,110+04658,2025-10-24,1.0,2,51.618795026617974,4000.0,96,1.1,56.78067452927978,False,0.0,0.0,0.0,,,,,False,False
I-95 HOV NB,HOV,110+04658,2025-10-27,1.0,2,51.618795026617974,4000.0,96,1.1,56.78067452927978,True,0.9296533641068748,2613.870455184444,0.653467613796111,375.8227573177566,431.6019591641691,32.10333333333333,405.0,False,False
I-95 HOV NB,HOV,110+04658,2025-10-28,1.0,2,51.618795026617974,4000.0,96,1.1,56.78067452927978,False,0.0,0.0,0.0,,,,,False,False
I-95 HOV NB,HOV,110+04658,2025-10-29,1.0,2,51.618795026617974,4000.0,96,1.1,56.78067452927978,False,0.0,0.0,0.0,,,,,False,False
I-95 HOV NB,HOV,110+04658,2025-10-30,1.0,2,51.618795026617974,4000.0,96,1.1,56.78067452927978,False,0.0,0.0,0.0,,,,,False,False
I-95 HOV NB,HOV,110+04658,2025-10-31,1.0,2,51.618795026617974,4000.0,96,1.1,56.78067452927978,False,0.0,0.0,0.0,,,,,False,False
I-95 HOV NB,HOV,110P04660,2025-10-01,4.0,2,50.204581464244875,4000.0,96,1.1,55.22503961066937,False,0.0,0.0,0.0,,,,,False,False
I-95 HOV NB,HOV,110P04660,2025-10-02,4.0,2,50.204581464244875,4000.0,96,1.1,55.22503961066937,False,0.0,0.0,0.0,,,,,False,False
I-95 HOV NB,HOV,110P04660,2025-10-03,4.0,2,50.204581464244875,4000.0,96,1.1,55.22503961066937,False,0.0,0.0,0.0,,,,,False,False
I-95 HOV NB,HOV,110P04660,2025-10-06,4.0,2,50.204581464244875,4000.0,96,1.1,55.22503961066937,False,0.0,0.0,0.0,,,,,False,False
I-95 HOV NB,HOV,110P04660,2025-10-07,4.0,2,50.204581464244875,4000.0,96,1.1,55.22503961066937,False,0.0,0.0,0.0,,,,,False,False
I-95 HOV NB,HOV,110P04660,2025-10-08,4.0,2,50.204581464244875,4000.0,96,1.1,55.22503961066937,False,0.0,0.0,0.0,,,,,False,False
I-95 HOV NB,HOV,110P04660,2025-10-09,4.0,2,50.204581464244875,4000.0,96,1.1,55.22503961066937,False,0.0,0.0,0.0,,,,,False,False
I-95 HOV NB,HOV,110P04660,2025-10-10,4.0,2,50.204581464244875,4000.0,96,1.1,55.22503961066937,False,0.0,0.0,0.0,,,,,False,False
I-95 HOV NB,HOV,110P04660,2025-10-13,4.0,2,50.204581464244875,4000.0,96,1.1,55.22503961066937,False,0.0,0.0,0.0,,,,,False,False
I-95 HOV NB,HOV,110P04660,2025-10-14,4.0,2,50.204581464244875,4000.0,96,1.1,55.22503961066937,False,0.0,0.0,0.0,,,,,False,False
I-95 HOV NB,HOV,110P04660,2025-10-15,4.0,2,50.204581464244875,4000.0,96,1.1,55.22503961066937,False,0.0,0.0,0.0,,,,,False,False
I-95 HOV NB,HOV,110P04660,2025-10-16,4.0,2,50.204581464244875,4000.0,96,1.1,55.22503961066937,False,0.0,0.0,0.0,,,,,False,False
I-95 HOV NB,HOV,110P04660,2025-10-17,4.0,2,50.204581464244875,4000.0,96,1.1,55.22503961066937,False,0.0,0.0,0.0,,,,,False,False
I-95 HOV NB,HOV,110P04660,2025-10-20,4.0,2,50.204581464244875,4000.0,96,1.1,55.22503961066937,False,0.0,0.0,0.0,,,,,False,False
I-95 HOV NB,HOV,110P04660,2025-10-21,4.0,2,50.204581464244875,4000.0,96,1.1,55.22503961066937,False,0.0,0.0,0.0,,,,,False,False
I-95 HOV NB,HOV,110P04660,2025-10-22,4.0,2,50.204581464244875,4000.0,96,1.1,55.22503961066937,False,0.0,0.0,0.0,,,,,False,False
I-95 HOV NB,HOV,110P04660,2025-10-23,4.0,2,50.204581464244875,4000.0,96,1.1,55.22503961066937,False,0.0,0.0,0.0,,,,,False,False
I-95 HOV NB,HOV,110P04660,2025-10-24,4.0,2,50.204581464244875,4000.0,96,1.1,55.22503961066937,False,0.0,0.0,0.0,,,,,False,False
I-95 HOV NB,HOV,110P04660,2025-10-27,4.0,2,50.204581464244875,4000.0,96,1.1,55.22503961066937,False,0.0,0.0,0.0,,,,,False,False
I-95 HOV NB,HOV,110P04660,2025-10-28,4.0,2,50.204581464244875,4000.0,96,1.1,55.22503961066937,False,0.0,0.0,0.0,,,,,False,False
I-95 HOV NB,HOV,110P04660,2025-10-29,4.0,2,50.204581464244875,4000.0,96,1.1,55.22503961066937,False,0.0,0.0,0.0,,,,,False,False
I-95 HOV NB,HOV,110P04660,2025-10-30,4.0,2,50.204581464244875,4000.0,96,1.1,55.22503961066937,False,0.0,0.0,0.0,,,,,False,False
I-95 HOV NB,HOV,110P04660,2025-10-31,4.0,2,50.204581464244875,4000.0,96,1.1,55.22503961066937,False,0.0,0.0,0.0,,,,,False,False
I-95 HOV NB,HOV,110+04661,2025-10-01,5.0,2,50.204581464244875,4000.0,96,1.1,55.22503961066937,False,0.0,0.0,0.0,,,,,False,False
I-95 HOV NB,HOV,110+04661,2025-10-02,5.0,2,50.204581464244875,4000.0,96,1.1,55.22503961066937,False,0.0,0.0,0.0,,,,,False,False
I-95 HOV NB,HOV,110+04661,2025-10-03,5.0,2,50.204581464244875,4000.0,96,1.1,55.22503961066937,False,0.0,0.0,0.0,,,,,False,False
I-95 HOV NB,HOV,110+04661,2025-10-06,5.0,2,50.204581464244875,4000.0,96,1.1,55.22503961066937,False,0.0,0.0,0.0,,,,,False,False
I-95 HOV NB,HOV,110+04661,2025-10-07,5.0,2,50.204581464244875,4000.0,96,1.1,55.22503961066937,False,0.0,0.0,0.0,,,,,False,False
I-95 HOV NB,HOV,110+04661,2025-10-08,5.0,2,50.204581464244875,4000.0,96,1.1,55.22503961066937,False,0.0,0.0,0.0,,,,,False,False
I-95 HOV NB,HOV,110+04661,2025-10-09,5.0,2,50.204581464244875,4000.0,96,1.1,55.22503961066937,False,0.0,0.0,0.0,,,,,False,False
I-95 HOV NB,HOV,110+04661,2025-10-10,5.0,2,50.204581464244875,4000.0,96,1.1,55.22503961066937,False,0.0,0.0,0.0,,,,,False,False
I-95 HOV NB,HOV,110+04661,2025-10-13,5.0,2,50.204581464244875,4000.0,96,1.1,55.22503961066937,False,0.0,0.0,0.0,,,,,False,False
I-95 HOV NB,HOV,110+04661,2025-10-14,5.0,2,50.204581464244875,4000.0,96,1.1,55.22503961066937,False,0.0,0.0,0.0,,,,,False,False
I-95 HOV NB,HOV,110+04661,2025-10-15,5.0,2,50.204581464244875,4000.0,96,1.1,55.22503961066937,False,0.0,0.0,0.0,,,,,False,False
I-95 HOV NB,HOV,110+04661,2025-10-16,5.0,2,50.204581464244875,4000.0,96,1.1,55.22503961066937,False,0.0,0.0,0.0,,,,,False,False
I-95 HOV NB,HOV,110+04661,2025-10-17,5.0,2,50.204581464244875,4000.0,96,1.1,55.22503961066937,False,0.0,0.0,0.0,,,,,False,False
I-95 HOV NB,HOV,110+04661,2025-10-20,5.0,2,50.204581464244875,4000.0,96,1.1,55.22503961066937,False,0.0,0.0,0.0,,,,,False,False
I-95 HOV NB,HOV,110+04661,2025-10-21,5.0,2,50.204581464244875,4000.0,96,1.1,55.22503961066937,False,0.0,0.0,0.0,,,,,False,False
I-95 HOV NB,HOV,110+04661,2025-10-22,5.0,2,50.204581464244875,4000.0,96,1.1,55.22503961066937,False,0.0,0.0,0.0,,,,,False,False
I-95 HOV NB,HOV,110+04661,2025-10-23,5.0,2,50.204581464244875,4000.0,96,1.1,55.22503961066937,False,0.0,0.0,0.0,,,,,False,False
I-95 HOV NB,HOV,110+04661,2025-10-24,5.0,2,50.204581464244875,4000.0,96,1.1,55.22503961066937,False,0.0,0.0,0.0,,,,,False,False
I-95 HOV NB,HOV,110+04661,2025-10-27,5.0,2,50.204581464244875,4000.0,96,1.1,55.22503961066937,False,0.0,0.0,0.0,,,,,False,False
I-95 HOV NB,HOV,110+04661,2025-10-28,5.0,2,50.204581464244875,4000.0,96,1.1,55.22503961066937,False,0.0,0.0,0.0,,,,,False,False
I-95 HOV NB,HOV,110+04661,2025-10-29,5.0,2,50.204581464244875,4000.0,96,1.1,55.22503961066937,False,0.0,0.0,0.0,,,,,False,False
I-95 HOV NB,HOV,110+04661,2025-10-30,5.0,2,50.204581464244875,4000.0,96,1.1,55.22503961066937,False,0.0,0.0,0.0,,,,,False,False
I-95 HOV NB,HOV,110+04661,2025-10-31,5.0,2,50.204581464244875,4000.0,96,1.1,55.22503961066937,False,0.0,0.0,0.0,,,,,False,False
I-95 HOV NB,HOV,110P04661,2025-10-01,6.0,2,50.204581464244875,4000.0,96,1.1,55.22503961066937,False,0.0,0.0,0.0,,,,,False,False
I-95 HOV NB,HOV,110P04661,2025-10-02,6.0,2,50.204581464244875,4000.0,96,1.1,55.22503961066937,False,0.0,0.0,0.0,,,,,False,False
I-95 HOV NB,HOV,110P04661,2025-10-03,6.0,2,50.204581464244875,4000.0,96,1.1,55.22503961066937,False,0.0,0.0,0.0,,,,,False,False
I-95 HOV NB,HOV,110P04661,2025-10-06,6.0,2,50.204581464244875,4000.0,96,1.1,55.22503961066937,False,0.0,0.0,0.0,,,,,False,False
I-95 HOV NB,HOV,110P04661,2025-10-07,6.0,2,50.204581464244875,4000.0,96,1.1,55.22503961066937,False,0.0,0.0,0.0,,,,,False,False
I-95 HOV NB,HOV,110P04661,2025-10-08,6.0,2,50.204581464244875,4000.0,96,1.1,55.22503961066937,False,0.0,0.0,0.0,,,,,False,False
I-95 HOV NB,HOV,110P04661,2025-10-09,6.0,2,50.204581464244875,4000.0,96,1.1,55.22503961066937,False,0.0,0.0,0.0,,,,,False,False
I-95 HOV NB,HOV,110P04661,2025-10-10,6.0,2,50.204581464244875,4000.0,96,1.1,55.22503961066937,False,0.0,0.0,0.0,,,,,False,False
I-95 HOV NB,HOV,110P04661,2025-10-13,6.0,2,50.204581464244875,4000.0,96,1.1,55.22503961066937,False,0.0,0.0,0.0,,,,,False,False
I-95 HOV NB,HOV,110P04661,2025-10-14,6.0,2,50.204581464244875,4000.0,96,1.1,55.22503961066937,False,0.0,0.0,0.0,,,,,False,False
I-95 HOV NB,HOV,110P04661,2025-10-15,6.0,2,50.204581464244875,4000.0,96,1.1,55.22503961066937,False,0.0,0.0,0.0,,,,,False,False
I-95 HOV NB,HOV,110P04661,2025-10-16,6.0,2,50.204581464244875,4000.0,96,1.1,55.22503961066937,False,0.0,0.0,0.0,,,,,False,False
I-95 HOV NB,HOV,110P04661,2025-10-17,6.0,2,50.204581464244875,4000.0,96,1.1,55.22503961066937,False,0.0,0.0,0.0,,,,,False,False
I-95 HOV NB,HOV,110P04661,2025-10-20,6.0,2,50.204581464244875,4000.0,96,1.1,55.22503961066937,False,0.0,0.0,0.0,,,,,False,False
I-95 HOV NB,HOV,110P04661,2025-10-21,6.0,2,50.204581464244875,4000.0,96,1.1,55.22503961066937,False,0.0,0.0,0.0,,,,,False,False
I-95 HOV NB,HOV,110P04661,2025-10-22,6.0,2,50.204581464244875,4000.0,96,1.1,55.22503961066937,False,0.0,0.0,0.0,,,,,False,False
I-95 HOV NB,HOV,110P04661,2025-10-23,6.0,2,50.204581464244875,4000.0,96,1.1,55.22503961066937,False,0.0,0.0,0.0,,,,,False,False
I-95 HOV NB,HOV,110P04661,2025-10-24,6.0,2,50.204581464244875,4000.0,96,1.1,55.22503961066937,False,0.0,0.0,0.0,,,,,False,False
I-95 HOV NB,HOV,110P04661,2025-10-27,6.0,2,50.204581464244875,4000.0,96,1.1,55.22503961066937,False,0.0,0.0,0.0,,,,,False,False
I-95 HOV NB,HOV,110P04661,2025-10-28,6.0,2,50.204581464244875,4000.0,96,1.1,55.22503961066937,False,0.0,0.0,0.0,,,,,False,False
I-95 HOV NB,HOV,110P04661,2025-10-29,6.0,2,50.204581464244875,4000.0,96,1.1,55.22503961066937,False,0.0,0.0,0.0,,,,,False,False
I-95 HOV NB,HOV,110P04661,2025-10-30,6.0,2,50.204581464244875,4000.0,96,1.1,55.22503961066937,False,0.0,0.0,0.0,,,,,False,False
I-95 HOV NB,HOV,110P04661,2025-10-31,6.0,2,50.204581464244875,4000.0,96,1.1,55.22503961066937,False,0.0,0.0,0.0,,,,,False,False
I-95 HOV NB,HOV,110+04662,2025-10-01,7.0,2,49.49747468305833,4000.0,96,1.1,54.447222151364166,False,0.0,0.0,0.0,,,,,False,False
I-95 HOV NB,HOV,110+04662,2025-10-02,7.0,2,49.49747468305833,4000.0,96,1.1,54.447222151364166,False,0.0,0.0,0.0,,,,,False,False
I-95 HOV NB,HOV,110+04662,2025-10-03,7.0,2,49.49747468305833,4000.0,96,1.1,54.447222151364166,False,0.0,0.0,0.0,,,,,False,False
I-95 HOV NB,HOV,110+04662,2025-10-06,7.0,2,49.49747468305833,4000.0,96,1.1,54.447222151364166,False,0.0,0.0,0.0,,,,,False,False
I-95 HOV NB,HOV,110+04662,2025-10-07,7.0,2,49.49747468305833,4000.0,96,1.1,54.447222151364166,False,0.0,0.0,0.0,,,,,False,False
I-95 HOV NB,HOV,110+04662,2025-10-08,7.0,2,49.49747468305833,4000.0,96,1.1,54.447222151364166,False,0.0,0.0,0.0,,,,,False,False
I-95 HOV NB,HOV,110+04662,2025-10-09,7.0,2,49.49747468305833,4000.0,96,1.1,54.447222151364166,False,0.0,0.0,0.0,,,,,False,False
I-95 HOV NB,HOV,110+04662,2025-10-10,7.0,2,49.49747468305833,4000.0,96,1.1,54.447222151364166,False,0.0,0.0,0.0,,,,,False,False
I-95 HOV NB,HOV,110+04662,2025-10-13,7.0,2,49.49747468305833,4000.0,96,1.1,54.447222151364166,False,0.0,0.0,0.0,,,,,False,False
I-95 HOV NB,HOV,110+04662,2025-10-14,7.0,2,49.49747468305833,4000.0,96,1.1,54.447222151364166,False,0.0,0.0,0.0,,,,,False,False
I-95 HOV NB,HOV,110+04662,2025-10-15,7.0,2,49.49747468305833,4000.0,96,1.1,54.447222151364166,False,0.0,0.0,0.0,,,,,False,False
I-95 HOV NB,HOV,110+04662,2025-10-16,7.0,2,49.49747468305833,4000.0,96,1.1,54.447222151364166,False,0.0,0.0,0.0,,,,,False,False
I-95 HOV NB,HOV,110+04662,2025-10-17,7.0,2,49.49747468305833,4000.0,96,1.1,54.447222151364166,False,0.0,0.0,0.0,,,,,False,False
I-95 HOV NB,HOV,110+04662,2025-10-20,7.0,2,49.49747468305833,4000.0,96,1.1,54.447222151364166,False,0.0,0.0,0.0,,,,,False,False
I-95 HOV NB,HOV,110+04662,2025-10-21,7.0,2,49.49747468305833,4000.0,96,1.1,54.447222151364166,False,0.0,0.0,0.0,,,,,False,False
I-95 HOV NB,HOV,110+04662,2025-10-22,7.0,2,49.49747468305833,4000.0,96,1.1,54.447222151364166,False,0.0,0.0,0.0,,,,,False,False
I-95 HOV NB,HOV,110+04662,2025-10-23,7.0,2,49.49747468305833,4000.0,96,1.1,54.447222151364166,False,0.0,0.0,0.0,,,,,False,False
I-95 HOV NB,HOV,110+04662,2025-10-24,7.0,2,49.49747468305833,4000.0,96,1.1,54.447222151364166,False,0.0,0.0,0.0,,,,,False,False
I-95 HOV NB,HOV,110+04662,2025-10-27,7.0,2,49.49747468305833,4000.0,96,1.1,54.447222151364166,False,0.0,0.0,0.0,,,,,False,False
I-95 HOV NB,HOV,110+04662,2025-10-28,7.0,2,49.49747468305833,4000.0,96,1.1,54.447222151364166,False,0.0,0.0,0.0,,,,,False,False
I-95 HOV NB,HOV,110+04662,2025-10-29,7.0,2,49.49747468305833,4000.0,96,1.1,54.447222151364166,False,0.0,0.0,0.0,,,,,False,False
I-95 HOV NB,HOV,110+04662,2025-10-30,7.0,2,49.49747468305833,4000.0,96,1.1,54.447222151364166,False,0.0,0.0,0.0,,,,,False,False
I-95 HOV NB,HOV,110+04662,2025-10-31,7.0,2,49.49747468305833,4000.0,96,1.1,54.447222151364166,False,0.0,0.0,0.0,,,,,False,False
I-95 HOV NB,HOV,110P04662,2025-10-01,8.0,2,50.204581464244875,4000.0,96,1.1,55.22503961066937,False,0.0,0.0,0.0,,,,,False,False
I-95 HOV NB,HOV,110P04662,2025-10-02,8.0,2,50.204581464244875,4000.0,96,1.1,55.22503961066937,False,0.0,0.0,0.0,,,,,False,False
I-95 HOV NB,HOV,110P04662,2025-10-03,8.0,2,50.204581464244875,4000.0,96,1.1,55.22503961066937,False,0.0,0.0,0.0,,,,,False,False
I-95 HOV NB,HOV,110P04662,2025-10-06,8.0,2,50.204581464244875,4000.0,96,1.1,55.22503961066937,False,0.0,0.0,0.0,,,,,False,False
I-95 HOV NB,HOV,110P04662,2025-10-07,8.0,2,50.204581464244875,4000.0,96,1.1,55.22503961066937,False,0.0,0.0,0.0,,,,,False,False
I-95 HOV NB,HOV,110P04662,2025-10-08,8.0,2,50.204581464244875,4000.0,96,1.1,55.22503961066937,False,0.0,0.0,0.0,,,,,False,False
I-95 HOV NB,HOV,110P04662,2025-10-09,8.0,2,50.204581464244875,4000.0,96,1.1,55.22503961066937,False,0.0,0.0,0.0,,,,,False,False
I-95 HOV NB,HOV,110P04662,2025-10-10,8.0,2,50.204581464244875,4000.0,96,1.1,55.22503961066937,False,0.0,0.0,0.0,,,,,False,False
I-95 HOV NB,HOV,110P04662,2025-10-13,8.0,2,50.204581464244875,4000.0,96,1.1,55.22503961066937,False,0.0,0.0,0.0,,,,,False,False
I-95 HOV NB,HOV,110P04662,2025-10-14,8.0,2,50.204581464244875,4000.0,96,1.1,55.22503961066937,False,0.0,0.0,0.0,,,,,False,False
I-95 HOV NB,HOV,110P04662,2025-10-15,8.0,2,50.204581464244875,4000.0,96,1.1,55.22503961066937,False,0.0,0.0,0.0,,,,,False,False
I-95 HOV NB,HOV,110P04662,2025-10-16,8.0,2,50.204581464244875,4000.0,96,1.1,55.22503961066937,False,0.0,0.0,0.0,,,,,False,False
I-95 HOV NB,HOV,110P04662,2025-10-17,8.0,2,50.204581464244875,4000.0,96,1.1,55.22503961066937,False,0.0,0.0,0.0,,,,,False,False
I-95 HOV NB,HOV,110P04662,2025-10-20,8.0,2,50.204581464244875,4000.0,96,1.1,55.22503961066937,False,0.0,0.0,0.0,,,,,False,False
I-95 HOV NB,HOV,110P04662,2025-10-21,8.0,2,50.204581464244875,4000.0,96,1.1,55.22503961066937,False,0.0,0.0,0.0,,,,,False,False
I-95 HOV NB,HOV,110P04662,2025-10-22,8.0,2,50.204581464244875,4000.0,96,1.1,55.22503961066937,False,0.0,0.0,0.0,,,,,False,False
I-95 HOV NB,HOV,110P04662,2025-10-23,8.0,2,50.204581464244875,4000.0,96,1.1,55.22503961066937,False,0.0,0.0,0.0,,,,,False,False
I-95 HOV NB,HOV,110P04662,2025-10-24,8.0,2,50.204581464244875,4000.0,96,1.1,55.22503961066937,False,0.0,0.0,0.0,,,,,False,False
I-95 HOV NB,HOV,110P04662,2025-10-27,8.0,2,50.204581464244875,4000.0,96,1.1,55.22503961066937,False,0.0,0.0,0.0,,,,,False,False
I-95 HOV NB,HOV,110P04662,2025-10-28,8.0,2,50.204581464244875,4000.0,96,1.1,55.22503961066937,False,0.0,0.0,0.0,,,,,False,False
I-95 HOV NB,HOV,110P04662,2025-10-29,8.0,2,50.204581464244875,4000.0,96,1.1,55.22503961066937,False,0.0,0.0,0.0,,,,,False,False
I-95 HOV NB,HOV,110P04662,2025-10-30,8.0,2,50.204581464244875,4000.0,96,1.1,55.22503961066937,False,0.0,0.0,0.0,,,,,False,False
I-95 HOV NB,HOV,110P04662,2025-10-31,8.0,2,50.204581464244875,4000.0,96,1.1,55.22503961066937,False,0.0,0.0,0.0,,,,,False,False
I-95 HOV NB,HOV,110P04665,2025-10-01,13.1,3,50.91168824543143,6000.0,96,1.1,56.002857069974574,False,0.0,0.0,0.0,,,,,False,False
I-95 HOV NB,HOV,110P04665,2025-10-02,13.1,3,50.91168824543143,6000.0,96,1.1,56.002857069974574,False,0.0,0.0,0.0,,,,,False,False
I-95 HOV NB,HOV,110P04665,2025-10-03,13.1,3,50.91168824543143,6000.0,96,1.1,56.002857069974574,False,0.0,0.0,0.0,,,,,False,False
I-95 HOV NB,HOV,110P04665,2025-10-06,13.1,3,50.91168824543143,6000.0,96,1.1,56.002857069974574,False,0.0,0.0,0.0,,,,,False,False
I-95 HOV NB,HOV,110P04665,2025-10-07,13.1,3,50.91168824543143,6000.0,96,1.1,56.002857069974574,False,0.0,0.0,0.0,,,,,False,False
I-95 HOV NB,HOV,110P04665,2025-10-08,13.1,3,50.91168824543143,6000.0,96,1.1,56.002857069974574,False,0.0,0.0,0.0,,,,,False,False
I-95 HOV NB,HOV,110P04665,2025-10-09,13.1,3,50.91168824543143,6000.0,96,1.1,56.002857069974574,False,0.0,0.0,0.0,,,,,False,False
I-95 HOV NB,HOV,110P04665,2025-10-10,13.1,3,50.91168824543143,6000.0,96,1.1,56.002857069974574,False,0.0,0.0,0.0,,,,,False,False
I-95 HOV NB,HOV,110P04665,2025-10-13,13.1,3,50.91168824543143,6000.0,96,1.1,56.002857069974574,False,0.0,0.0,0.0,,,,,False,False
I-95 HOV NB,HOV,110P04665,2025-10-14,13.1,3,50.91168824543143,6000.0,96,1.1,56.002857069974574,False,0.0,0.0,0.0,,,,,False,False
I-95 HOV NB,HOV,110P04665,2025-10-15,13.1,3,50.91168824543143,6000.0,96,1.1,56.002857069974574,False,0.0,0.0,0.0,,,,,False,False
I-95 HOV NB,HOV,110P04665,2025-10-16,13.1,3,50.91168824543143,6000.0,96,1.1,56.002857069974574,False,0.0,0.0,0.0,,,,,False,False
I-95 HOV NB,HOV,110P04665,2025-10-17,13.1,3,50.91168824543143,6000.0,96,1.1,56.002857069974574,False,0.0,0.0,0.0,,,,,False,False
I-95 HOV NB,HOV,110P04665,2025-10-20,13.1,3,50.91168824543143,6000.0,96,1.1,56.002857069974574,False,0.0,0.0,0.0,,,,,False,False
I-95 HOV NB,HOV,110P04665,2025-10-21,13.1,3,50.91168824543143,6000.0,96,1.1,56.002857069974574,False,0.0,0.0,0.0,,,,,False,False
I-95 HOV NB,HOV,110P04665,2025-10-22,13.1,3,50.91168824543143,6000.0,96,1.1,56.002857069974574,False,0.0,0.0,0.0,,,,,False,False
I-95 HOV NB,HOV,110P04665,2025-10-23,13.1,3,50.91168824543143,6000.0,96,1.1,56.002857069974574,False,0.0,0.0,0.0,,,,,False,False
I-95 HOV NB,HOV,110P04665,2025-10-24,13.1,3,50.91168824543143,6000.0,96,1.1,56.002857069974574,False,0.0,0.0,0.0,,,,,False,False
I-95 HOV NB,HOV,110P04665,2025-10-27,13.1,3,50.91168824543143,6000.0,96,1.1,56.002857069974574,False,0.0,0.0,0.0,,,,,False,False
I-95 HOV NB,HOV,110P04665,2025-10-28,13.1,3,50.91168824543143,6000.0,96,1.1,56.002857069974574,False,0.0,0.0,0.0,,,,,False,False
I-95 HOV NB,HOV,110P04665,2025-10-29,13.1,3,50.91168824543143,6000.0,96,1.1,56.002857069974574,False,0.0,0.0,0.0,,,,,False,False
I-95 HOV NB,HOV,110P04665,2025-10-30,13.1,3,50.91168824543143,6000.0,96,1.1,56.002857069974574,False,0.0,0.0,0.0,,,,,False,False
I-95 HOV NB,HOV,110P04665,2025-10-31,13.1,3,50.91168824543143,6000.0,96,1.1,56.002857069974574,False,0.0,0.0,0.0,,,,,False,False
I-95 HOV NB,HOV,110+04666,2025-10-01,14.0,3,50.204581464244875,6000.0,96,1.1,55.22503961066937,False,0.0,0.0,0.0,,,,,False,False
I-95 HOV NB,HOV,110+04666,2025-10-02,14.0,3,50.204581464244875,6000.0,96,1.1,55.22503961066937,False,0.0,0.0,0.0,,,,,False,False
I-95 HOV NB,HOV,110+04666,2025-10-03,14.0,3,50.204581464244875,6000.0,96,1.1,55.22503961066937,False,0.0,0.0,0.0,,,,,False,False
I-95 HOV NB,HOV,110+04666,2025-10-06,14.0,3,50.204581464244875,6000.0,96,1.1,55.22503961066937,False,0.0,0.0,0.0,,,,,False,False
I-95 HOV NB,HOV,110+04666,2025-10-07,14.0,3,50.204581464244875,6000.0,96,1.1,55.22503961066937,False,0.0,0.0,0.0,,,,,False,False
I-95 HOV NB,HOV,110+04666,2025-10-08,14.0,3,50.204581464244875,6000.0,96,1.1,55.22503961066937,False,0.0,0.0,0.0,,,,,False,False
I-95 HOV NB,HOV,110+04666,2025-10-09,14.0,3,50.204581464244875,6000.0,96,1.1,55.22503961066937,False,0.0,0.0,0.0,,,,,False,False
I-95 HOV NB,HOV,110+04666,2025-10-10,14.0,3,50.204581464244875,6000.0,96,1.1,55.22503961066937,False,0.0,0.0,0.0,,,,,False,False
I-95 HOV NB,HOV,110+04666,2025-10-13,14.0,3,50.204581464244875,6000.0,96,1.1,55.22503961066937,False,0.0,0.0,0.0,,,,,False,False
I-95 HOV NB,HOV,110+04666,2025-10-14,14.0,3,50.204581464244875,6000.0,96,1.1,55.22503961066937,False,0.0,0.0,0.0,,,,,False,False
I-95 HOV NB,HOV,110+04666,2025-10-15,14.0,3,50.204581464244875,6000.0,96,1.1,55.22503961066937,False,0.0,0.0,0.0,,,,,False,False
I-95 HOV NB,HOV,110+04666,2025-10-16,14.0,3,50.204581464244875,6000.0,96,1.1,55.22503961066937,False,0.0,0.0,0.0,,,,,False,False
I-95 HOV NB,HOV,110+04666,2025-10-17,14.0,3,50.204581464244875,6000.0,96,1.1,55.22503961066937,False,0.0,0.0,0.0,,,,,False,False
I-95 HOV NB,HOV,110+04666,2025-10-20,14.0,3,50.204581464244875,6000.0,96,1.1,55.22503961066937,False,0.0,0.0,0.0,,,,,False,False
I-95 HOV NB,HOV,110+04666,2025-10-21,14.0,3,50.204581464244875,6000.0,96,1.1,55.22503961066937,False,0.0,0.0,0.0,,,,,False,False
I-95 HOV NB,HOV,110+04666,2025-10-22,14.0,3,50.204581464244875,6000.0,96,1.1,55.22503961066937,False,0.0,0.0,0.0,,,,,False,False
I-95 HOV NB,HOV,110+04666,2025-10-23,14.0,3,50.204581464244875,6000.0,96,1.1,55.22503961066937,False,0.0,0.0,0.0,,,,,False,False
I-95 HOV NB,HOV,110+04666,2025-10-24,14.0,3,50.204581464244875,6000.0,96,1.1,55.22503961066937,False,0.0,0.0,0.0,,,,,False,False
I-95 HOV NB,HOV,110+04666,2025-10-27,14.0,3,50.204581464244875,6000.0,96,1.1,55.22503961066937,False,0.0,0.0,0.0,,,,,False,False
I-95 HOV NB,HOV,110+04666,2025-10-28,14.0,3,50.204581464244875,6000.0,96,1.1,55.22503961066937,False,0.0,0.0,0.0,,,,,False,False
I-95 HOV NB,HOV,110+04666,2025-10-29,14.0,3,50.204581464244875,6000.0,96,1.1,55.22503961066937,False,0.0,0.0,0.0,,,,,False,False
I-95 HOV NB,HOV,110+04666,2025-10-30,14.0,3,50.204581464244875,6000.0,96,1.1,55.22503961066937,False,0.0,0.0,0.0,,,,,False,False
I-95 HOV NB,HOV,110+04666,2025-10-31,14.0,3,50.204581464244875,6000.0,96,1.1,55.22503961066937,False,0.0,0.0,0.0,,,,,False,False
I-95 HOV NB,HOV,110P04666,2025-10-01,15.0,3,49.49747468305833,6000.0,96,1.1,54.447222151364166,False,0.0,0.0,0.0,,,,,False,False
I-95 HOV NB,HOV,110P04666,2025-10-02,15.0,3,49.49747468305833,6000.0,96,1.1,54.447222151364166,False,0.0,0.0,0.0,,,,,False,False
I-95 HOV NB,HOV,110P04666,2025-10-03,15.0,3,49.49747468305833,6000.0,96,1.1,54.447222151364166,False,0.0,0.0,0.0,,,,,False,False
I-95 HOV NB,HOV,110P04666,2025-10-06,15.0,3,49.49747468305833,6000.0,96,1.1,54.447222151364166,False,0.0,0.0,0.0,,,,,False,False
I-95 HOV NB,HOV,110P04666,2025-10-07,15.0,3,49.49747468305833,6000.0,96,1.1,54.447222151364166,False,0.0,0.0,0.0,,,,,False,False
I-95 HOV NB,HOV,110P04666,2025-10-08,15.0,3,49.49747468305833,6000.0,96,1.1,54.447222151364166,False,0.0,0.0,0.0,,,,,False,False
I-95 HOV NB,HOV,110P04666,2025-10-09,15.0,3,49.49747468305833,6000.0,96,1.1,54.447222151364166,False,0.0,0.0,0.0,,,,,False,False
I-95 HOV NB,HOV,110P04666,2025-10-10,15.0,3,49.49747468305833,6000.0,96,1.1,54.447222151364166,False,0.0,0.0,0.0,,,,,False,False
I-95 HOV NB,HOV,110P04666,2025-10-13,15.0,3,49.49747468305833,6000.0,96,1.1,54.447222151364166,False,0.0,0.0,0.0,,,,,False,False
I-95 HOV NB,HOV,110P04666,2025-10-14,15.0,3,49.49747468305833,6000.0,96,1.1,54.447222151364166,False,0.0,0.0,0.0,,,,,False,False
I-95 HOV NB,HOV,110P04666,2025-10-15,15.0,3,49.49747468305833,6000.0,96,1.1,54.447222151364166,False,0.0,0.0,0.0,,,,,False,False
I-95 HOV NB,HOV,110P04666,2025-10-16,15.0,3,49.49747468305833,6000.0,96,1.1,54.447222151364166,False,0.0,0.0,0.0,,,,,False,False
I-95 HOV NB,HOV,110P04666,2025-10-17,15.0,3,49.49747468305833,6000.0,96,1.1,54.447222151364166,False,0.0,0.0,0.0,,,,,False,False
I-95 HOV NB,HOV,110P04666,2025-10-20,15.0,3,49.49747468305833,6000.0,96,1.1,54.447222151364166,False,0.0,0.0,0.0,,,,,False,False
I-95 HOV NB,HOV,110P04666,2025-10-21,15.0,3,49.49747468305833,6000.0,96,1.1,54.447222151364166,False,0.0,0.0,0.0,,,,,False,False
I-95 HOV NB,HOV,110P04666,2025-10-22,15.0,3,49.49747468305833,6000.0,96,1.1,54.447222151364166,False,0.0,0.0,0.0,,,,,False,False
I-95 HOV NB,HOV,110P04666,2025-10-23,15.0,3,49.49747468305833,6000.0,96,1.1,54.447222151364166,False,0.0,0.0,0.0,,,,,False,False
I-95 HOV NB,HOV,110P04666,2025-10-24,15.0,3,49.49747468305833,6000.0,96,1.1,54.447222151364166,False,0.0,0.0,0.0,,,,,False,False
I-95 HOV NB,HOV,110P04666,2025-10-27,15.0,3,49.49747468305833,6000.0,96,1.1,54.447222151364166,False,0.0,0.0,0.0,,,,,False,False
I-95 HOV NB,HOV,110P04666,2025-10-28,15.0,3,49.49747468305833,6000.0,96,1.1,54.447222151364166,False,0.0,0.0,0.0,,,,,False,False
I-95 HOV NB,HOV,110P04666,2025-10-29,15.0,3,49.49747468305833,6000.0,96,1.1,54.447222151364166,False,0.0,0.0,0.0,,,,,False,False
I-95 HOV NB,HOV,110P04666,2025-10-30,15.0,3,49.49747468305833,6000.0,96,1.1,54.447222151364166,False,0.0,0.0,0.0,,,,,False,False
I-95 HOV NB,HOV,110P04666,2025-10-31,15.0,3,49.49747468305833,6000.0,96,1.1,54.447222151364166,False,0.0,0.0,0.0,,,,,False,False
I-95 HOV NB,HOV,110+04667,2025-10-01,16.0,3,50.204581464244875,6000.0,96,1.1,55.22503961066937,False,0.0,0.0,0.0,,,,,False,False
I-95 HOV NB,HOV,110+04667,2025-10-02,16.0,3,50.204581464244875,6000.0,96,1.1,55.22503961066937,False,0.0,0.0,0.0,,,,,False,False
I-95 HOV NB,HOV,110+04667,2025-10-03,16.0,3,50.204581464244875,6000.0,96,1.1,55.22503961066937,False,0.0,0.0,0.0,,,,,False,False
I-95 HOV NB,HOV,110+04667,2025-10-06,16.0,3,50.204581464244875,6000.0,96,1.1,55.22503961066937,False,0.0,0.0,0.0,,,,,False,False
I-95 HOV NB,HOV,110+04667,2025-10-07,16.0,3,50.204581464244875,6000.0,96,1.1,55.22503961066937,False,0.0,0.0,0.0,,,,,False,False
I-95 HOV NB,HOV,110+04667,2025-10-08,16.0,3,50.204581464244875,6000.0,96,1.1,55.22503961066937,False,0.0,0.0,0.0,,,,,False,False
I-95 HOV NB,HOV,110+04667,2025-10-09,16.0,3,50.204581464244875,6000.0,96,1.1,55.22503961066937,False,0.0,0.0,0.0,,,,,False,False
I-95 HOV NB,HOV,110+04667,2025-10-10,16.0,3,50.204581464244875,6000.0,96,1.1,55.22503961066937,False,0.0,0.0,0.0,,,,,False,False
I-95 HOV NB,HOV,110+04667,2025-10-13,16.0,3,50.204581464244875,6000.0,96,1.1,55.22503961066937,False,0.0,0.0,0.0,,,,,False,False
I-95 HOV NB,HOV,110+04667,2025-10-14,16.0,3,50.204581464244875,6000.0,96,1.1,55.22503961066937,False,0.0,0.0,0.0,,,,,False,False
I-95 HOV NB,HOV,110+04667,2025-10-15,16.0,3,50.204581464244875,6000.0,96,1.1,55.22503961066937,False,0.0,0.0,0.0,,,,,False,False
I-95 HOV NB,HOV,110+04667,2025-10-16,16.0,3,50.204581464244875,6000.0,96,1.1,55.22503961066937,False,0.0,0.0,0.0,,,,,False,False
I-95 HOV NB,HOV,110+04667,2025-10-17,16.0,3,50.204581464244875,6000.0,96,1.1,55.22503961066937,False,0.0,0.0,0.0,,,,,False,False
I-95 HOV NB,HOV,110+04667,2025-10-20,16.0,3,50.204581464244875,6000.0,96,1.1,55.22503961066937,False,0.0,0.0,0.0,,,,,False,False
I-95 HOV NB,HOV,110+04667,2025-10-21,16.0,3,50.204581464244875,6000.0,96,1.1,55.22503961066937,False,0.0,0.0,0.0,,,,,False,False
I-95 HOV NB,HOV,110+04667,2025-10-22,16.0,3,50.204581464244875,6000.0,96,1.1,55.22503961066937,False,0.0,0.0,0.0,,,,,False,False
I-95 HOV NB,HOV,110+04667,2025-10-23,16.0,3,50.204581464244875,6000.0,96,1.1,55.22503961066937,False,0.0,0.0,0.0,,,,,False,False
I-95 HOV NB,HOV,110+04667,2025-10-24,16.0,3,50.204581464244875,6000.0,96,1.1,55.22503961066937,False,0.0,0.0,0.0,,,,,False,False
I-95 HOV NB,HOV,110+04667,2025-10-27,16.0,3,50.204581464244875,6000.0,96,1.1,55.22503961066937,False,0.0,0.0,0.0,,,,,False,False
I-95 HOV NB,HOV,110+04667,2025-10-28,16.0,3,50.204581464244875,6000.0,96,1.1,55.22503961066937,False,0.0,0.0,0.0,,,,,False,False
I-95 HOV NB,HOV,110+04667,2025-10-29,16.0,3,50.204581464244875,6000.0,96,1.1,55.22503961066937,False,0.0,0.0,0.0,,,,,False,False
I-95 HOV NB,HOV,110+04667,2025-10-30,16.0,3,50.204581464244875,6000.0,96,1.1,55.22503961066937,False,0.0,0.0,0.0,,,,,False,False
I-95 HOV NB,HOV,110+04667,2025-10-31,16.0,3,50.204581464244875,6000.0,96,1.1,55.22503961066937,False,0.0,0.0,0.0,,,,,False,False
I-95 HOV NB,HOV,110P04667,2025-10-01,17.0,3,50.204581464244875,6000.0,96,1.1,55.22503961066937,False,0.0,0.0,0.0,,,,,False,False
I-95 HOV NB,HOV,110P04667,2025-10-02,17.0,3,50.204581464244875,6000.0,96,1.1,55.22503961066937,False,0.0,0.0,0.0,,,,,False,False
I-95 HOV NB,HOV,110P04667,2025-10-03,17.0,3,50.204581464244875,6000.0,96,1.1,55.22503961066937,False,0.0,0.0,0.0,,,,,False,False
I-95 HOV NB,HOV,110P04667,2025-10-06,17.0,3,50.204581464244875,6000.0,96,1.1,55.22503961066937,False,0.0,0.0,0.0,,,,,False,False
I-95 HOV NB,HOV,110P04667,2025-10-07,17.0,3,50.204581464244875,6000.0,96,1.1,55.22503961066937,False,0.0,0.0,0.0,,,,,False,False
I-95 HOV NB,HOV,110P04667,2025-10-08,17.0,3,50.204581464244875,6000.0,96,1.1,55.22503961066937,False,0.0,0.0,0.0,,,,,False,False
I-95 HOV NB,HOV,110P04667,2025-10-09,17.0,3,50.204581464244875,6000.0,96,1.1,55.22503961066937,False,0.0,0.0,0.0,,,,,False,False
I-95 HOV NB,HOV,110P04667,2025-10-10,17.0,3,50.204581464244875,6000.0,96,1.1,55.22503961066937,False,0.0,0.0,0.0,,,,,False,False
I-95 HOV NB,HOV,110P04667,2025-10-13,17.0,3,50.204581464244875,6000.0,96,1.1,55.22503961066937,False,0.0,0.0,0.0,,,,,False,False
I-95 HOV NB,HOV,110P04667,2025-10-14,17.0,3,50.204581464244875,6000.0,96,1.1,55.22503961066937,False,0.0,0.0,0.0,,,,,False,False
I-95 HOV NB,HOV,110P04667,2025-10-15,17.0,3,50.204581464244875,6000.0,96,1.1,55.22503961066937,False,0.0,0.0,0.0,,,,,False,False
I-95 HOV NB,HOV,110P04667,2025-10-16,17.0,3,50.204581464244875,6000.0,96,1.1,55.22503961066937,False,0.0,0.0,0.0,,,,,False,False
I-95 HOV NB,HOV,110P04667,2025-10-17,17.0,3,50.204581464244875,6000.0,96,1.1,55.22503961066937,False,0.0,0.0,0.0,,,,,False,False
I-95 HOV NB,HOV,110P04667,2025-10-20,17.0,3,50.204581464244875,6000.0,96,1.1,55.22503961066937,False,0.0,0.0,0.0,,,,,False,False
I-95 HOV NB,HOV,110P04667,2025-10-21,17.0,3,50.204581464244875,6000.0,96,1.1,55.22503961066937,False,0.0,0.0,0.0,,,,,False,False
I-95 HOV NB,HOV,110P04667,2025-10-22,17.0,3,50.204581464244875,6000.0,96,1.1,55.22503961066937,False,0.0,0.0,0.0,,,,,False,False
I-95 HOV NB,HOV,110P04667,2025-10-23,17.0,3,50.204581464244875,6000.0,96,1.1,55.22503961066937,False,0.0,0.0,0.0,,,,,False,False
I-95 HOV NB,HOV,110P04667,2025-10-24,17.0,3,50.204581464244875,6000.0,96,1.1,55.22503961066937,False,0.0,0.0,0.0,,,,,False,False
I-95 HOV NB,HOV,110P04667,2025-10-27,17.0,3,50.204581464244875,6000.0,96,1.1,55.22503961066937,False,0.0,0.0,0.0,,,,,False,False
I-95 HOV NB,HOV,110P04667,2025-10-28,17.0,3,50.204581464244875,6000.0,96,1.1,55.22503961066937,False,0.0,0.0,0.0,,,,,False,False
I-95 HOV NB,HOV,110P04667,2025-10-29,17.0,3,50.204581464244875,6000.0,96,1.1,55.22503961066937,False,0.0,0.0,0.0,,,,,False,False
I-95 HOV NB,HOV,110P04667,2025-10-30,17.0,3,50.204581464244875,6000.0,96,1.1,55.22503961066937,False,0.0,0.0,0.0,,,,,False,False
I-95 HOV NB,HOV,110P04667,2025-10-31,17.0,3,50.204581464244875,6000.0,96,1.1,55.22503961066937,False,0.0,0.0,0.0,,,,,False,False
I-95 HOV NB,HOV,110+04668,2025-10-01,18.0,3,50.204581464244875,6000.0,96,1.1,55.22503961066937,False,0.0,0.0,0.0,,,,,False,False
I-95 HOV NB,HOV,110+04668,2025-10-02,18.0,3,50.204581464244875,6000.0,96,1.1,55.22503961066937,False,0.0,0.0,0.0,,,,,False,False
I-95 HOV NB,HOV,110+04668,2025-10-03,18.0,3,50.204581464244875,6000.0,96,1.1,55.22503961066937,False,0.0,0.0,0.0,,,,,False,False
I-95 HOV NB,HOV,110+04668,2025-10-06,18.0,3,50.204581464244875,6000.0,96,1.1,55.22503961066937,False,0.0,0.0,0.0,,,,,False,False
I-95 HOV NB,HOV,110+04668,2025-10-07,18.0,3,50.204581464244875,6000.0,96,1.1,55.22503961066937,False,0.0,0.0,0.0,,,,,False,False
I-95 HOV NB,HOV,110+04668,2025-10-08,18.0,3,50.204581464244875,6000.0,96,1.1,55.22503961066937,False,0.0,0.0,0.0,,,,,False,False
I-95 HOV NB,HOV,110+04668,2025-10-09,18.0,3,50.204581464244875,6000.0,96,1.1,55.22503961066937,False,0.0,0.0,0.0,,,,,False,False
I-95 HOV NB,HOV,110+04668,2025-10-10,18.0,3,50.204581464244875,6000.0,96,1.1,55.22503961066937,False,0.0,0.0,0.0,,,,,False,False
I-95 HOV NB,HOV,110+04668,2025-10-13,18.0,3,50.204581464244875,6000.0,96,1.1,55.22503961066937,False,0.0,0.0,0.0,,,,,False,False
I-95 HOV NB,HOV,110+04668,2025-10-14,18.0,3,50.204581464244875,6000.0,96,1.1,55.22503961066937,True,0.6987105307618094,3848.2003402613127,0.6413667233768855,460.12555444432564,502.0481862900342,46.047777777777775,480.0,False,False
I-95 HOV NB,HOV,110+04668,2025-10-15,18.0,3,50.204581464244875,6000.0,96,1.1,55.22503961066937,False,0.0,0.0,0.0,,,,,False,False
I-95 HOV NB,HOV,110+04668,2025-10-16,18.0,3,50.204581464244875,6000.0,96,1.1,55.22503961066937,False,0.0,0.0,0.0,,,,,False,False
I-95 HOV NB,HOV,110+04668,2025-10-17,18.0,3,50.204581464244875,6000.0,96,1.1,55.22503961066937,False,0.0,0.0,0.0,,,,,False,False
I-95 HOV NB,HOV,110+04668,2025-10-20,18.0,3,50.204581464244875,6000.0,96,1.1,55.22503961066937,False,0.0,0.0,0.0,,,,,False,False
I-95 HOV NB,HOV,110+04668,2025-10-21,18.0,3,50.204581464244875,6000.0,96,1.1,55.22503961066937,False,0.0,0.0,0.0,,,,,False,False
I-95 HOV NB,HOV,110+04668,2025-10-22,18.0,3,50.204581464244875,6000.0,96,1.1,55.22503961066937,False,0.0,0.0,0.0,,,,,False,False
I-95 HOV NB,HOV,110+04668,2025-10-23,18.0,3,50.204581464244875,6000.0,96,1.1,55.22503961066937,False,0.0,0.0,0.0,,,,,False,False
I-95 HOV NB,HOV,110+04668,2025-10-24,18.0,3,50.204581464244875,6000.0,96,1.1,55.22503961066937,False,0.0,0.0,0.0,,,,,False,False
I-95 HOV NB,HOV,110+04668,2025-10-27,18.0,3,50.204581464244875,6000.0,96,1.1,55.22503961066937,False,0.0,0.0,0.0,,,,,False,False
I-95 HOV NB,HOV,110+04668,2025-10-28,18.0,3,50.204581464244875,6000.0,96,1.1,55.22503961066937,False,0.0,0.0,0.0,,,,,False,False
I-95 HOV NB,HOV,110+04668,2025-10-29,18.0,3,50.204581464244875,6000.0,96,1.1,55.22503961066937,False,0.0,0.0,0.0,,,,,False,False
I-95 HOV NB,HOV,110+04668,2025-10-30,18.0,3,50.204581464244875,6000.0,96,1.1,55.22503961066937,False,0.0,0.0,0.0,,,,,False,False
I-95 HOV NB,HOV,110+04668,2025-10-31,18.0,3,50.204581464244875,6000.0,96,1.1,55.22503961066937,False,0.0,0.0,0.0,,,,,False,False
I-95 HOV NB,HOV,110P04668,2025-10-01,19.0,3,49.49747468305833,6000.0,96,1.1,54.447222151364166,False,0.0,0.0,0.0,,,,,False,False
I-95 HOV NB,HOV,110P04668,2025-10-02,19.0,3,49.49747468305833,6000.0,96,1.1,54.447222151364166,False,0.0,0.0,0.0,,,,,False,False
I-95 HOV NB,HOV,110P04668,2025-10-03,19.0,3,49.49747468305833,6000.0,96,1.1,54.447222151364166,False,0.0,0.0,0.0,,,,,False,False
I-95 HOV NB,HOV,110P04668,2025-10-06,19.0,3,49.49747468305833,6000.0,96,1.1,54.447222151364166,False,0.0,0.0,0.0,,,,,False,False
I-95 HOV NB,HOV,110P04668,2025-10-07,19.0,3,49.49747468305833,6000.0,96,1.1,54.447222151364166,False,0.0,0.0,0.0,,,,,False,False
I-95 HOV NB,HOV,110P04668,2025-10-08,19.0,3,49.49747468305833,6000.0,96,1.1,54.447222151364166,False,0.0,0.0,0.0,,,,,False,False
I-95 HOV NB,HOV,110P04668,2025-10-09,19.0,3,49.49747468305833,6000.0,96,1.1,54.447222151364166,False,0.0,0.0,0.0,,,,,False,False
I-95 HOV NB,HOV,110P04668,2025-10-10,19.0,3,49.49747468305833,6000.0,95,1.1,54.447222151364166,False,0.0,0.0,0.0,,,,,False,False
I-95 HOV NB,HOV,110P04668,2025-10-13,19.0,3,49.49747468305833,6000.0,96,1.1,54.447222151364166,False,0.0,0.0,0.0,,,,,False,False
I-95 HOV NB,HOV,110P04668,2025-10-14,19.0,3,49.49747468305833,6000.0,96,1.1,54.447222151364166,True,1.316410200579737,6485.4437962489155,1.0809072993748192,448.4116839570773,527.3962959918615,14.50111111111111,495.0,False,False
I-95 HOV NB,HOV,110P04668,2025-10-15,19.0,3,49.49747468305833,6000.0,96,1.1,54.447222151364166,False,0.0,0.0,0.0,,,,,False,False
I-95 HOV NB,HOV,110P04668,2025-10-16,19.0,3,49.49747468305833,6000.0,96,1.1,54.447222151364166,False,0.0,0.0,0.0,,,,,False,False
I-95 HOV NB,HOV,110P04668,2025-10-17,19.0,3,49.49747468305833,6000.0,96,1.1,54.447222151364166,False,0.0,0.0,0.0,,,,,False,False
I-95 HOV NB,HOV,110P04668,2025-10-20,19.0,3,49.49747468305833,6000.0,96,1.1,54.447222151364166,False,0.0,0.0,0.0,,,,,False,False
I-95 HOV NB,HOV,110P04668,2025-10-21,19.0,3,49.49747468305833,6000.0,96,1.1,54.447222151364166,False,0.0,0.0,0.0,,,,,False,False
I-95 HOV NB,HOV,110P04668,2025-10-22,19.0,3,49.49747468305833,6000.0,96,1.1,54.447222151364166,False,0.0,0.0,0.0,,,,,False,False
I-95 HOV NB,HOV,110P04668,2025-10-23,19.0,3,49.49747468305833,6000.0,96,1.1,54.447222151364166,False,0.0,0.0,0.0,,,,,False,False
I-95 HOV NB,HOV,110P04668,2025-10-24,19.0,3,49.49747468305833,6000.0,96,1.1,54.447222151364166,False,0.0,0.0,0.0,,,,,False,False
I-95 HOV NB,HOV,110P04668,2025-10-27,19.0,3,49.49747468305833,6000.0,96,1.1,54.447222151364166,False,0.0,0.0,0.0,,,,,False,False
I-95 HOV NB,HOV,110P04668,2025-10-28,19.0,3,49.49747468305833,6000.0,96,1.1,54.447222151364166,False,0.0,0.0,0.0,,,,,False,False
I-95 HOV NB,HOV,110P04668,2025-10-29,19.0,3,49.49747468305833,6000.0,96,1.1,54.447222151364166,False,0.0,0.0,0.0,,,,,False,False
I-95 HOV NB,HOV,110P04668,2025-10-30,19.0,3,49.49747468305833,6000.0,96,1.1,54.447222151364166,False,0.0,0.0,0.0,,,,,False,False
I-95 HOV NB,HOV,110P04668,2025-10-31,19.0,3,49.49747468305833,6000.0,96,1.1,54.447222151364166,False,0.0,0.0,0.0,,,,,False,False
I-95 HOV NB,HOV,110+04669,2025-10-01,20.0,3,49.33236524965127,6000.0,96,1.1,54.2656017746164,False,0.0,0.0,0.0,,,,,False,False
I-95 HOV NB,HOV,110+04669,2025-10-02,20.0,3,49.33236524965127,6000.0,96,1.1,54.2656017746164,False,0.0,0.0,0.0,,,,,False,False
I-95 HOV NB,HOV,110+04669,2025-10-03,20.0,3,49.33236524965127,6000.0,96,1.1,54.2656017746164,False,0.0,0.0,0.0,,,,,False,False
I-95 HOV NB,HOV,110+04669,2025-10-06,20.0,3,49.33236524965127,6000.0,96,1.1,54.2656017746164,False,0.0,0.0,0.0,,,,,False,False
I-95 HOV NB,HOV,110+04669,2025-10-07,20.0,3,49.33236524965127,6000.0,96,1.1,54.2656017746164,False,0.0,0.0,0.0,,,,,False,False
I-95 HOV NB,HOV,110+04669,2025-10-08,20.0,3,49.33236524965127,6000.0,96,1.1,54.2656017746164,False,0.0,0.0,0.0,,,,,False,False
I-95 HOV NB,HOV,110+04669,2025-10-09,20.0,3,49.33236524965127,6000.0,96,1.1,54.2656017746164,False,0.0,0.0,0.0,,,,,False,False
I-95 HOV NB,HOV,110+04669,2025-10-10,20.0,3,49.33236524965127,6000.0,95,1.1,54.2656017746164,False,0.0,0.0,0.0,,,,,False,False
I-95 HOV NB,HOV,110+04669,2025-10-13,20.0,3,49.33236524965127,6000.0,96,1.1,54.2656017746164,False,0.0,0.0,0.0,,,,,False,False
I-95 HOV NB,HOV,110+04669,2025-10-14,20.0,3,49.33236524965127,6000.0,96,1.1,54.2656017746164,True,1.5428101477317653,6477.633837454364,1.0796056395757274,440.62727694300025,533.1958858069062,11.040000000000001,495.0,False,False
I-95 HOV NB,HOV,110+04669,2025-10-15,20.0,3,49.33236524965127,6000.0,96,1.1,54.2656017746164,False,0.0,0.0,0.0,,,,,False,False
I-95 HOV NB,HOV,110+04669,2025-10-16,20.0,3,49.33236524965127,6000.0,96,1.1,54.2656017746164,False,0.0,0.0,0.0,,,,,False,False
I-95 HOV NB,HOV,110+04669,2025-10-17,20.0,3,49.33236524965127,6000.0,96,1.1,54.2656017746164,False,0.0,0.0,0.0,,,,,False,False
I-95 HOV NB,HOV,110+04669,2025-10-20,20.0,3,49.33236524965127,6000.0,96,1.1,54.2656017746164,False,0.0,0.0,0.0,,,,,False,False
I-95 HOV NB,HOV,110+04669,2025-10-21,20.0,3,49.33236524965127,6000.0,96,1.1,54.2656017746164,False,0.0,0.0,0.0,,,,,False,False
I-95 HOV NB,HOV,110+04669,2025-10-22,20.0,3,49.33236524965127,6000.0,96,1.1,54.2656017746164,False,0.0,0.0,0.0,,,,,False,False
I-95 HOV NB,HOV,110+04669,2025-10-23,20.0,3,49.33236524965127,6000.0,96,1.1,54.2656017746164,False,0.0,0.0,0.0,,,,,False,False
I-95 HOV NB,HOV,110+04669,2025-10-24,20.0,3,49.33236524965127,6000.0,96,1.1,54.2656017746164,False,0.0,0.0,0.0,,,,,False,False
I-95 HOV NB,HOV,110+04669,2025-10-27,20.0,3,49.33236524965127,6000.0,96,1.1,54.2656017746164,False,0.0,0.0,0.0,,,,,False,False
I-95 HOV NB,HOV,110+04669,2025-10-28,20.0,3,49.33236524965127,6000.0,96,1.1,54.2656017746164,False,0.0,0.0,0.0,,,,,False,False
I-95 HOV NB,HOV,110+04669,2025-10-29,20.0,3,49.33236524965127,6000.0,96,1.1,54.2656017746164,False,0.0,0.0,0.0,,,,,False,False
I-95 HOV NB,HOV,110+04669,2025-10-30,20.0,3,49.33236524965127,6000.0,96,1.1,54.2656017746164,False,0.0,0.0,0.0,,,,,False,False
I-95 HOV NB,HOV,110+04669,2025-10-31,20.0,3,49.33236524965127,6000.0,96,1.1,54.2656017746164,False,0.0,0.0,0.0,,,,,False,False
I-95 NB,GP,110P04146,2025-10-01,652.0,3,50.904617177619556,6000.0,96,0.9,45.8141554598576,False,0.0,0.0,0.0,,,,,False,False
I-95 NB,GP,110P04146,2025-10-02,652.0,3,50.904617177619556,6000.0,96,0.9,45.8141554598576,False,0.0,0.0,0.0,,,,,False,False
I-95 NB,GP,110P04146,2025-10-03,652.0,3,50.904617177619556,6000.0,96,0.9,45.8141554598576,False,0.0,0.0,0.0,,,,,False,False
I-95 NB,GP,110P04146,2025-10-06,652.0,3,50.904617177619556,6000.0,96,0.9,45.8141554598576,False,0.0,0.0,0.0,,,,,False,False
I-95 NB,GP,110P04146,2025-10-07,652.0,3,50.904617177619556,6000.0,96,0.9,45.8141554598576,False,0.0,0.0,0.0,,,,,False,False
I-95 NB,GP,110P04146,2025-10-08,652.0,3,50.904617177619556,6000.0,96,0.9,45.8141554598576,False,0.0,0.0,0.0,,,,,False,False
I-95 NB,GP,110P04146,2025-10-09,652.0,3,50.904617177619556,6000.0,96,0.9,45.8141554598576,False,0.0,0.0,0.0,,,,,False,False
I-95 NB,GP,110P04146,2025-10-10,652.0,3,50.904617177619556,6000.0,96,0.9,45.8141554598576,False,0.0,0.0,0.0,,,,,False,False
I-95 NB,GP,110P04146,2025-10-13,652.0,3,50.904617177619556,6000.0,96,0.9,45.8141554598576,False,0.0,0.0,0.0,,,,,False,False
I-95 NB,GP,110P04146,2025-10-14,652.0,3,50.904617177619556,6000.0,96,0.9,45.8141554598576,False,0.0,0.0,0.0,,,,,False,False
I-95 NB,GP,110P04146,2025-10-15,652.0,3,50.904617177619556,6000.0,96,0.9,45.8141554598576,False,0.0,0.0,0.0,,,,,False,False
I-95 NB,GP,110P04146,2025-10-16,652.0,3,50.904617177619556,6000.0,96,0.9,45.8141554598576,False,0.0,0.0,0.0,,,,,False,False
I-95 NB,GP,110P04146,2025-10-17,652.0,3,50.904617177619556,6000.0,96,0.9,45.8141554598576,False,0.0,0.0,0.0,,,,,False,False
I-95 NB,GP,110P04146,2025-10-20,652.0,3,50.904617177619556,6000.0,96,0.9,45.8141554598576,False,0.0,0.0,0.0,,,,,False,False
I-95 NB,GP,110P04146,2025-10-21,652.0,3,50.904617177619556,6000.0,96,0.9,45.8141554598576,False,0.0,0.0,0.0,,,,,False,False
I-95 NB,GP,110P04146,2025-10-22,652.0,3,50.904617177619556,6000.0,96,0.9,45.8141554598576,False,0.0,0.0,0.0,,,,,False,False
I-95 NB,GP,110P04146,2025-10-23,652.0,3,50.904617177619556,6000.0,96,0.9,45.8141554598576,False,0.0,0.0,0.0,,,,,False,False
I-95 NB,GP,110P04146,2025-10-24,652.0,3,50.904617177619556,6000.0,96,0.9,45.8141554598576,False,0.0,0.0,0.0,,,,,False,False
I-95 NB,GP,110P04146,2025-10-27,652.0,3,50.904617177619556,6000.0,96,0.9,45.8141554598576,False,0.0,0.0,0.0,,,,,False,False
I-95 NB,GP,110P04146,2025-10-28,652.0,3,50.904617177619556,6000.0,96,0.9,45.8141554598576,False,0.0,0.0,0.0,,,,,False,False
I-95 NB,GP,110P04146,2025-10-29,652.0,3,50.904617177619556,6000.0,96,0.9,45.8141554598576,False,0.0,0.0,0.0,,,,,False,False
I-95 NB,GP,110P04146,2025-10-30,652.0,3,50.904617177619556,6000.0,96,0.9,45.8141554598576,True,2.1891322189249895,9533.745645326298,1.588957607554383,383.81479938920177,515.1627325247011,9.64111111111111,420.0,False,False
I-95 NB,GP,110P04146,2025-10-31,652.0,3,50.904617177619556,6000.0,96,0.9,45.8141554598576,False,0.0,0.0,0.0,,,,,False,False
I-95 NB,GP,110+04147,2025-10-01,653.0,3,50.91168824543143,6000.0,96,0.9,45.82051942088829,False,0.0,0.0,0.0,,,,,False,False
I-95 NB,GP,110+04147,2025-10-02,653.0,3,50.91168824543143,6000.0,96,0.9,45.82051942088829,False,0.0,0.0,0.0,,,,,False,False
I-95 NB,GP,110+04147,2025-10-03,653.0,3,50.91168824543143,6000.0,96,0.9,45.82051942088829,False,0.0,0.0,0.0,,,,,False,False
I-95 NB,GP,110+04147,2025-10-06,653.0,3,50.91168824543143,6000.0,96,0.9,45.82051942088829,False,0.0,0.0,0.0,,,,,False,False
I-95 NB,GP,110+04147,2025-10-07,653.0,3,50.91168824543143,6000.0,96,0.9,45.82051942088829,False,0.0,0.0,0.0,,,,,False,False
I-95 NB,GP,110+04147,2025-10-08,653.0,3,50.91168824543143,6000.0,96,0.9,45.82051942088829,False,0.0,0.0,0.0,,,,,False,False
I-95 NB,GP,110+04147,2025-10-09,653.0,3,50.91168824543143,6000.0,96,0.9,45.82051942088829,False,0.0,0.0,0.0,,,,,False,False
I-95 NB,GP,110+04147,2025-10-10,653.0,3,50.91168824543143,6000.0,96,0.9,45.82051942088829,False,0.0,0.0,0.0,,,,,False,False
I-95 NB,GP,110+04147,2025-10-13,653.0,3,50.91168824543143,6000.0,96,0.9,45.82051942088829,False,0.0,0.0,0.0,,,,,False,False
I-95 NB,GP,110+04147,2025-10-14,653.0,3,50.91168824543143,6000.0,96,0.9,45.82051942088829,False,0.0,0.0,0.0,,,,,False,False
I-95 NB,GP,110+04147,2025-10-15,653.0,3,50.91168824543143,6000.0,96,0.9,45.82051942088829,False,0.0,0.0,0.0,,,,,False,False
I-95 NB,GP,110+04147,2025-10-16,653.0,3,50.91168824543143,6000.0,96,0.9,45.82051942088829,False,0.0,0.0,0.0,,,,,False,False
I-95 NB,GP,110+04147,2025-10-17,653.0,3,50.91168824543143,6000.0,96,0.9,45.82051942088829,False,0.0,0.0,0.0,,,,,False,False
I-95 NB,GP,110+04147,2025-10-20,653.0,3,50.91168824543143,6000.0,96,0.9,45.82051942088829,False,0.0,0.0,0.0,,,,,False,False
I-95 NB,GP,110+04147,2025-10-21,653.0,3,50.91168824543143,6000.0,96,0.9,45.82051942088829,False,0.0,0.0,0.0,,,,,False,False
I-95 NB,GP,110+04147,2025-10-22,653.0,3,50.91168824543143,6000.0,96,0.9,45.82051942088829,False,0.0,0.0,0.0,,,,,False,False
I-95 NB,GP,110+04147,2025-10-23,653.0,3,50.91168824543143,6000.0,96,0.9,45.82051942088829,False,0.0,0.0,0.0,,,,,False,False
I-95 NB,GP,110+04147,2025-10-24,653.0,3,50.91168824543143,6000.0,96,0.9,45.82051942088829,False,0.0,0.0,0.0,,,,,False,False
I-95 NB,GP,110+04147,2025-10-27,653.0,3,50.91168824543143,6000.0,96,0.9,45.82051942088829,False,0.0,0.0,0.0,,,,,False,False
I-95 NB,GP,110+04147,2025-10-28,653.0,3,50.91168824543143,6000.0,96,0.9,45.82051942088829,False,0.0,0.0,0.0,,,,,False,False
I-95 NB,GP,110+04147,2025-10-29,653.0,3,50.91168824543143,6000.0,96,0.9,45.82051942088829,False,0.0,0.0,0.0,,,,,False,False
I-95 NB,GP,110+04147,2025-10-30,653.0,3,50.91168824543143,6000.0,96,0.9,45.82051942088829,True,2.375936450478224,8939.886723400437,1.4899811205667395,375.49915351405207,518.0553405427455,8.363333333333328,420.0,False,False
I-95 NB,GP,110+04147,2025-10-31,653.0,3,50.91168824543143,6000.0,96,0.9,45.82051942088829,False,0.0,0.0,0.0,,,,,False,False
I-95 NB,GP,110P04147,2025-10-01,654.0,3,51.18038882228231,6000.0,96,0.9,46.062349940054084,False,0.0,0.0,0.0,,,,,False,False
I-95 NB,GP,110P04147,2025-10-02,654.0,3,51.18038882228231,6000.0,96,0.9,46.062349940054084,False,0.0,0.0,0.0,,,,,False,False
I-95 NB,GP,110P04147,2025-10-03,654.0,3,51.18038882228231,6000.0,96,0.9,46.062349940054084,False,0.0,0.0,0.0,,,,,False,False
I-95 NB,GP,110P04147,2025-10-06,654.0,3,51.18038882228231,6000.0,96,0.9,46.062349940054084,False,0.0,0.0,0.0,,,,,False,False
I-95 NB,GP,110P04147,2025-10-07,654.0,3,51.18038882228231,6000.0,96,0.9,46.062349940054084,False,0.0,0.0,0.0,,,,,False,False
I-95 NB,GP,110P04147,2025-10-08,654.0,3,51.18038882228231,6000.0,96,0.9,46.062349940054084,False,0.0,0.0,0.0,,,,,False,False
I-95 NB,GP,110P04147,2025-10-09,654.0,3,51.18038882228231,6000.0,96,0.9,46.062349940054084,False,0.0,0.0,0.0,,,,,False,False
I-95 NB,GP,110P04147,2025-10-10,654.0,3,51.18038882228231,6000.0,96,0.9,46.062349940054084,False,0.0,0.0,0.0,,,,,False,False
I-95 NB,GP,110P04147,2025-10-13,654.0,3,51.18038882228231,6000.0,96,0.9,46.062349940054084,False,0.0,0.0,0.0,,,,,False,False
I-95 NB,GP,110P04147,2025-10-14,654.0,3,51.18038882228231,6000.0,96,0.9,46.062349940054084,False,0.0,0.0,0.0,,,,,False,False
I-95 NB,GP,110P04147,2025-10-15,654.0,3,51.18038882228231,6000.0,96,0.9,46.062349940054084,False,0.0,0.0,0.0,,,,,False,False
I-95 NB,GP,110P04147,2025-10-16,654.0,3,51.18038882228231,6000.0,96,0.9,46.062349940054084,False,0.0,0.0,0.0,,,,,False,False
I-95 NB,GP,110P04147,2025-10-17,654.0,3,51.18038882228231,6000.0,96,0.9,46.062349940054084,False,0.0,0.0,0.0,,,,,False,False
I-95 NB,GP,110P04147,2025-10-20,654.0,3,51.18038882228231,6000.0,96,0.9,46.062349940054084,False,0.0,0.0,0.0,,,,,False,False
I-95 NB,GP,110P04147,2025-10-21,654.0,3,51.18038882228231,6000.0,96,0.9,46.062349940054084,False,0.0,0.0,0.0,,,,,False,False
I-95 NB,GP,110P04147,2025-10-22,654.0,3,51.18038882228231,6000.0,96,0.9,46.062349940054084,False,0.0,0.0,0.0,,,,,False,False
I-95 NB,GP,110P04147,2025-10-23,654.0,3,51.18038882228231,6000.0,96,0.9,46.062349940054084,False,0.0,0.0,0.0,,,,,False,False
I-95 NB,GP,110P04147,2025-10-24,654.0,3,51.18038882228231,6000.0,96,0.9,46.062349940054084,False,0.0,0.0,0.0,,,,,False,False
I-95 NB,GP,110P04147,2025-10-27,654.0,3,51.18038882228231,6000.0,96,0.9,46.062349940054084,False,0.0,0.0,0.0,,,,,False,False
I-95 NB,GP,110P04147,2025-10-28,654.0,3,51.18038882228231,6000.0,96,0.9,46.062349940054084,False,0.0,0.0,0.0,,,,,False,False
I-95 NB,GP,110P04147,2025-10-29,654.0,3,51.18038882228231,6000.0,96,0.9,46.062349940054084,False,0.0,0.0,0.0,,,,,False,False
I-95 NB,GP,110P04147,2025-10-30,654.0,3,51.18038882228231,6000.0,96,0.9,46.062349940054084,True,2.5457320155335528,9654.220404059233,1.6090367340098721,369.4479938389663,522.1919147709795,7.834444444444446,405.0,False,False
I-95 NB,GP,110P04147,2025-10-31,654.0,3,51.18038882228231,6000.0,96,0.9,46.062349940054084,False,0.0,0.0,0.0,,,,,False,False
I-95 NB,GP,110+04148,2025-10-01,655.0,3,50.621774465144945,6000.0,96,0.9,45.55959701863045,False,0.0,0.0,0.0,,,,,False,False
I-95 NB,GP,110+04148,2025-10-02,655.0,3,50.621774465144945,6000.0,96,0.9,45.55959701863045,False,0.0,0.0,0.0,,,,,False,False
I-95 NB,GP,110+04148,2025-10-03,655.0,3,50.621774465144945,6000.0,96,0.9,45.55959701863045,False,0.0,0.0,0.0,,,,,False,False
I-95 NB,GP,110+04148,2025-10-06,655.0,3,50.621774465144945,6000.0,96,0.9,45.55959701863045,False,0.0,0.0,0.0,,,,,False,False
I-95 NB,GP,110+04148,2025-10-07,655.0,3,50.621774465144945,6000.0,96,0.9,45.55959701863045,True,0.6540121700818077,4112.690408149392,0.685448401358232,502.9210631925631,542.1617933974716,34.44555555555556,525.0,False,False
I-95 NB,GP,110+04148,2025-10-08,655.0,3,50.621774465144945,6000.0,96,0.9,45.55959701863045,False,0.0,0.0,0.0,,,,,False,False
I-95 NB,GP,110+04148,2025-10-09,655.0,3,50.621774465144945,6000.0,96,0.9,45.55959701863045,False,0.0,0.0,0.0,,,,,False,False
I-95 NB,GP,110+04148,2025-10-10,655.0,3,50.621774465144945,6000.0,96,0.9,45.55959701863045,False,0.0,0.0,0.0,,,,,False,False
I-95 NB,GP,110+04148,2025-10-13,655.0,3,50.621774465144945,6000.0,96,0.9,45.55959701863045,False,0.0,0.0,0.0,,,,,False,False
I-95 NB,GP,110+04148,2025-10-14,655.0,3,50.621774465144945,6000.0,96,0.9,45.55959701863045,False,0.0,0.0,0.0,,,,,False,False
I-95 NB,GP,110+04148,2025-10-15,655.0,3,50.621774465144945,6000.0,96,0.9,45.55959701863045,False,0.0,0.0,0.0,,,,,False,False
I-95 NB,GP,110+04148,2025-10-16,655.0,3,50.621774465144945,6000.0,96,0.9,45.55959701863045,False,0.0,0.0,0.0,,,,,False,False
I-95 NB,GP,110+04148,2025-10-17,655.0,3,50.621774465144945,6000.0,96,0.9,45.55959701863045,False,0.0,0.0,0.0,,,,,False,False
I-95 NB,GP,110+04148,2025-10-20,655.0,3,50.621774465144945,6000.0,96,0.9,45.55959701863045,False,0.0,0.0,0.0,,,,,False,False
I-95 NB,GP,110+04148,2025-10-21,655.0,3,50.621774465144945,6000.0,96,0.9,45.55959701863045,False,0.0,0.0,0.0,,,,,False,False
I-95 NB,GP,110+04148,2025-10-22,655.0,3,50.621774465144945,6000.0,96,0.9,45.55959701863045,False,0.0,0.0,0.0,,,,,False,False
I-95 NB,GP,110+04148,2025-10-23,655.0,3,50.621774465144945,6000.0,96,0.9,45.55959701863045,False,0.0,0.0,0.0,,,,,False,False
I-95 NB,GP,110+04148,2025-10-24,655.0,3,50.621774465144945,6000.0,96,0.9,45.55959701863045,False,0.0,0.0,0.0,,,,,False,False
I-95 NB,GP,110+04148,2025-10-27,655.0,3,50.621774465144945,6000.0,96,0.9,45.55959701863045,False,0.0,0.0,0.0,,,,,False,False
I-95 NB,GP,110+04148,2025-10-28,655.0,3,50.621774465144945,6000.0,96,0.9,45.55959701863045,False,0.0,0.0,0.0,,,,,False,False
I-95 NB,GP,110+04148,2025-10-29,655.0,3,50.621774465144945,6000.0,96,0.9,45.55959701863045,False,0.0,0.0,0.0,,,,,False,False
I-95 NB,GP,110+04148,2025-10-30,655.0,3,50.621774465144945,6000.0,96,0.9,45.55959701863045,True,2.426694086803217,11522.425645287429,1.9204042742145715,368.26469453320254,513.8663397413956,10.311111111111112,420.0,False,False
I-95 NB,GP,110+04148,2025-10-31,655.0,3,50.621774465144945,6000.0,96,0.9,45.55959701863045,False,0.0,0.0,0.0,,,,,False,False
I-95 NB,GP,110+04150,2025-10-01,659.0,2,50.063160108007565,4000.0,96,0.9,45.05684409720681,True,1.5051493100836686,5102.117858690341,1.2755294646725852,340.49478467594884,430.80374328096894,23.51222222222222,390.0,False,False
I-95 NB,GP,110+04150,2025-10-02,659.0,2,50.063160108007565,4000.0,96,0.9,45.05684409720681,False,0.0,0.0,0.0,,,,,False,False
I-95 NB,GP,110+04150,2025-10-03,659.0,2,50.063160108007565,4000.0,96,0.9,45.05684409720681,True,0.5520739647069585,1531.5540876348514,0.38288852190871286,444.0280030665559,477.15244094897344,36.98222222222222,465.0,False,False
I-95 NB,GP,110+04150,2025-10-06,659.0,2,50.063160108007565,4000.0,96,0.9,45.05684409720681,False,0.0,0.0,0.0,,,,,False,False
I-95 NB,GP,110+04150,2025-10-07,659.0,2,50.063160108007565,4000.0,96,0.9,45.05684409720681,True,2.019483086316084,5097.086398553607,1.2742715996384018,406.3222563953067,527.4912415742717,11.072222222222221,450.0,False,False
I-95 NB,GP,110+04150,2025-10-08,659.0,2,50.063160108007565,4000.0,96,0.9,45.05684409720681,False,0.0,0.0,0.0,,,,,False,False
I-95 NB,GP,110+04150,2025-10-09,659.0,2,50.063160108007565,4000.0,96,0.9,45.05684409720681,False,0.0,0.0,0.0,,,,,False,False
I-95 NB,GP,110+04150,2025-10-10,659.0,2,50.063160108007565,4000.0,96,0.9,45.05684409720681,False,0.0,0.0,0.0,,,,,False,False
I-95 NB,GP,110+04150,2025-10-13,659.0,2,50.063160108007565,4000.0,96,0.9,45.05684409720681,False,0.0,0.0,0.0,,,,,False,False
I-95 NB,GP,110+04150,2025-10-14,659.0,2,50.063160108007565,4000.0,96,0.9,45.05684409720681,False,0.0,0.0,0.0,,,,,False,False
I-95 NB,GP,110+04150,2025-10-15,659.0,2,50.063160108007565,4000.0,96,0.9,45.05684409720681,False,0.0,0.0,0.0,,,,,False,False
I-95 NB,GP,110+04150,2025-10-16,659.0,2,50.063160108007565,4000.0,96,0.9,45.05684409720681,False,0.0,0.0,0.0,,,,,False,False
I-95 NB,GP,110+04150,2025-10-17,659.0,2,50.063160108007565,4000.0,96,0.9,45.05684409720681,False,0.0,0.0,0.0,,,,,False,False
I-95 NB,GP,110+04150,2025-10-20,659.0,2,50.063160108007565,4000.0,96,0.9,45.05684409720681,False,0.0,0.0,0.0,,,,,False,False
I-95 NB,GP,110+04150,2025-10-21,659.0,2,50.063160108007565,4000.0,96,0.9,45.05684409720681,True,1.495953715707169,4177.2054996147,1.044301374903675,340.1942451625255,429.9514681049556,11.5,390.0,False,False
I-95 NB,GP,110+04150,2025-10-22,659.0,2,50.063160108007565,4000.0,96,0.9,45.05684409720681,False,0.0,0.0,0.0,,,,,False,False
I-95 NB,GP,110+04150,2025-10-23,659.0,2,50.063160108007565,4000.0,96,0.9,45.05684409720681,False,0.0,0.0,0.0,,,,,False,False
I-95 NB,GP,110+04150,2025-10-24,659.0,2,50.063160108007565,4000.0,96,0.9,45.05684409720681,True,1.3056640137005673,4223.466169908046,1.0558665424770115,536.954128932241,615.293969754275,11.662222222222221,570.0,False,False
I-95 NB,GP,110+04150,2025-10-27,659.0,2,50.063160108007565,4000.0,96,0.9,45.05684409720681,False,0.0,0.0,0.0,,,,,False,False
I-95 NB,GP,110+04150,2025-10-28,659.0,2,50.063160108007565,4000.0,96,0.9,45.05684409720681,True,0.664239587339812,2680.686507685012,0.6701716269212531,430.0922471725912,469.94662241297993,35.26111111111111,450.0,False,False
I-95 NB,GP,110+04150,2025-10-29,659.0,2,50.063160108007565,4000.0,96,0.9,45.05684409720681,True,0.6364559821034665,2570.787267827464,0.642696816956866,432.4280368197361,470.6153957459441,32.07222222222222,450.0,False,False
I-95 NB,GP,110+04150,2025-10-30,659.0,2,50.063160108007565,4000.0,96,0.9,45.05684409720681,True,1.638678129243984,5423.0927697142,1.3557731924285499,473.58264728425945,571.9033350388985,16.2,525.0,False,False
I-95 NB,GP,110+04150,2025-10-31,659.0,2,50.063160108007565,4000.0,96,0.9,45.05684409720681,False,0.0,0.0,0.0,,,,,False,False
I-95 NB,GP,110P04150,2025-10-01,660.0,3,50.204227910854286,5700.0,96,0.9,45.183805119768856,True,2.2142794150675456,9136.771398673247,1.6029423506444294,320.65419155707934,453.5109564611321,14.229999999999999,405.0,False,False
I-95 NB,GP,110P04150,2025-10-02,660.0,3,50.204227910854286,5700.0,96,0.9,45.183805119768856,False,0.0,0.0,0.0,,,,,False,False
I-95 NB,GP,110P04150,2025-10-03,660.0,3,50.204227910854286,5700.0,96,0.9,45.183805119768856,True,2.252735458997402,10223.75982256421,1.793642074134072,344.82425433479955,479.98838187464366,18.506666666666668,450.0,False,False
I-95 NB,GP,110P04150,2025-10-06,660.0,3,50.204227910854286,5700.0,96,0.9,45.183805119768856,True,1.0402092643708225,4458.665735859459,0.7822220589227121,395.1921105683472,457.6046664305965,20.884444444444444,420.0,False,False
I-95 NB,GP,110P04150,2025-10-07,660.0,3,50.204227910854286,5700.0,96,0.9,45.183805119768856,True,0.5372544658792814,2493.213451402713,0.43740586866714265,387.7303591581596,419.9656271109165,40.06777777777778,405.0,False,False
I-95 NB,GP,110P04150,2025-10-08,660.0,3,50.204227910854286,5700.0,96,0.9,45.183805119768856,True,2.0516889562725065,9765.188950733602,1.713191043988351,316.9896957714854,440.0910331478358,20.52333333333333,345.0,False,False
I-95 NB,GP,110P04150,2025-10-09,660.0,3,50.204227910854286,5700.0,96,0.9,45.183805119768856,True,0.6981790668503948,3877.2308490922387,0.6802159384372348,327.8993263673119,369.7900703783356,34.633333333333326,345.0,False,False
I-95 NB,GP,110P04150,2025-10-10,660.0,3,50.204227910854286,5700.0,96,0.9,45.183805119768856,False,0.0,0.0,0.0,,,,,False,False
I-95 NB,GP,110P04150,2025-10-13,660.0,3,50.204227910854286,5700.0,96,0.9,45.183805119768856,False,0.0,0.0,0.0,,,,,False,False
I-95 NB,GP,110P04150,2025-10-14,660.0,3,50.204227910854286,5700.0,96,0.9,45.183805119768856,True,2.074986894210298,9399.349457952698,1.6490086768338066,325.017283386762,449.5164970393799,19.806666666666665,375.0,False,False
I-95 NB,GP,110P04150,2025-10-15,660.0,3,50.204227910854286,5700.0,96,0.9,45.183805119768856,True,0.7173003696972557,2532.9951163744345,0.4443851081358657,375.311383508343,418.34940569017834,34.408888888888896,390.0,False,False
I-95 NB,GP,110P04150,2025-10-16,660.0,3,50.204227910854286,5700.0,96,0.9,45.183805119768856,True,0.7632615951682737,3609.7348182331552,0.633286810216343,487.9333967695792,533.7290924796756,27.627777777777776,510.0,False,False
I-95 NB,GP,110P04150,2025-10-17,660.0,3,50.204227910854286,5700.0,96,0.9,45.183805119768856,False,0.0,0.0,0.0,,,,,False,False
I-95 NB,GP,110P04150,2025-10-20,660.0,3,50.204227910854286,5700.0,96,0.9,45.183805119768856,False,0.0,0.0,0.0,,,,,False,False
I-95 NB,GP,110P04150,2025-10-21,660.0,3,50.204227910854286,5700.0,96,0.9,45.183805119768856,True,1.786501935298974,7784.374483562675,1.365679733958364,328.1043780601948,435.2944941781332,9.96111111111111,390.0,False,False
I-95 NB,GP,110P04150,2025-10-22,660.0,3,50.204227910854286,5700.0,96,0.9,45.183805119768856,True,2.0718228022861362,10338.580816312608,1.8137861081250188,318.6746442037563,442.9840123409245,31.70888888888889,390.0,False,False
I-95 NB,GP,110P04150,2025-10-23,660.0,3,50.204227910854286,5700.0,96,0.9,45.183805119768856,False,0.0,0.0,0.0,,,,,False,False
I-95 NB,GP,110P04150,2025-10-24,660.0,3,50.204227910854286,5700.0,96,0.9,45.183805119768856,True,1.6747920672626984,6743.054666706703,1.1829920467906496,518.8357098016816,619.3232338374435,10.202222222222224,570.0,False,False
I-95 NB,GP,110P04150,2025-10-27,660.0,3,50.204227910854286,5700.0,96,0.9,45.183805119768856,False,0.0,0.0,0.0,,,,,False,False
I-95 NB,GP,110P04150,2025-10-28,660.0,3,50.204227910854286,5700.0,96,0.9,45.183805119768856,True,2.056296306611147,8899.491715725731,1.5613143360922337,393.0565041937089,516.4342825903777,14.658888888888889,450.0,False,False
I-95 NB,GP,110P04150,2025-10-29,660.0,3,50.204227910854286,5700.0,96,0.9,45.183805119768856,True,1.3543268311116283,5388.024808448317,0.9452675102540907,412.4752390259273,493.734848892625,13.604444444444445,450.0,False,False
I-95 NB,GP,110P04150,2025-10-30,660.0,3,50.204227910854286,5700.0,96,0.9,45.183805119768856,True,1.9451298728803863,6885.962815497282,1.2080636518416283,465.10581685369436,581.8136092265175,13.933333333333337,510.0,False,False
I-95 NB,GP,110P04150,2025-10-31,660.0,3,50.204227910854286,5700.0,96,0.9,45.183805119768856,False,0.0,0.0,0.0,,,,,False,False
I-95 NB,GP,110+04151,2025-10-01,661.0,3,49.490403615246464,5700.0,96,0.9,44.54136325372182,True,2.451777481788967,10671.147806527797,1.8721311941276837,314.36213599519687,461.4687849025349,16.517777777777784,375.0,False,False
I-95 NB,GP,110+04151,2025-10-02,661.0,3,49.490403615246464,5700.0,96,0.9,44.54136325372182,True,2.046824094430908,9749.809676972705,1.7104929257846853,338.36436201003306,461.17380767588753,22.89,405.0,False,False
I-95 NB,GP,110+04151,2025-10-03,661.0,3,49.490403615246464,5700.0,96,0.9,44.54136325372182,True,2.755275674758003,10948.941816097145,1.920866985280201,328.967396176898,494.28393666237815,13.418888888888889,375.0,False,False
I-95 NB,GP,110+04151,2025-10-06,661.0,3,49.490403615246464,5700.0,96,0.9,44.54136325372182,True,1.5585818724669367,6513.723692880474,1.1427585426106095,376.12197141257394,469.63688376059014,16.75111111111111,435.0,False,False
I-95 NB,GP,110+04151,2025-10-07,661.0,3,49.490403615246464,5700.0,96,0.9,44.54136325372182,True,1.6154350516976856,7157.649730308423,1.255728022861127,318.7280504234711,415.6541535253322,26.517777777777777,390.0,False,False
I-95 NB,GP,110+04151,2025-10-08,661.0,3,49.490403615246464,5700.0,96,0.9,44.54136325372182,True,2.3235587903316857,11346.25494763648,1.9905710434449966,312.72224472147843,452.13577214137956,18.605555555555558,345.0,False,False
I-95 NB,GP,110+04151,2025-10-09,661.0,3,49.490403615246464,5700.0,96,0.9,44.54136325372182,True,2.2807965429234325,10236.605862466251,1.7958957653449563,317.00566725640925,453.8534598318152,21.47111111111111,345.0,False,False
I-95 NB,GP,110+04151,2025-10-10,661.0,3,49.490403615246464,5700.0,96,0.9,44.54136325372182,False,0.0,0.0,0.0,,,,,False,False
I-95 NB,GP,110+04151,2025-10-13,661.0,3,49.490403615246464,5700.0,96,0.9,44.54136325372182,False,0.0,0.0,0.0,,,,,False,False
I-95 NB,GP,110+04151,2025-10-14,661.0,3,49.490403615246464,5700.0,96,0.9,44.54136325372182,True,2.4963472922485477,10700.874284212288,1.8773463656512785,313.3521341493534,463.13297168426624,16.883333333333336,375.0,False,False
I-95 NB,GP,110+04151,2025-10-15,661.0,3,49.490403615246464,5700.0,96,0.9,44.54136325372182,True,1.9400783189455315,9494.385029598378,1.6656815841400663,325.56362111752077,441.96832025425266,21.265555555555554,390.0,False,False
I-95 NB,GP,110+04151,2025-10-16,661.0,3,49.490403615246464,5700.0,96,0.9,44.54136325372182,True,2.3263580285807395,10824.216912693435,1.89898542327955,310.0890131503221,449.67049486516646,23.885555555555555,330.0,False,False
I-95 NB,GP,110+04151,2025-10-17,661.0,3,49.490403615246464,5700.0,96,0.9,44.54136325372182,True,0.5217116848819359,2590.6687613664,0.45450329146778945,502.5303639145731,533.8330650074893,40.776666666666664,510.0,False,False
I-95 NB,GP,110+04151,2025-10-20,661.0,3,49.490403615246464,5700.0,96,0.9,44.54136325372182,True,0.5992192804153689,3829.997139854019,0.6719293227814069,493.3212207167508,529.274377541673,32.80111111111111,510.0,False,False
I-95 NB,GP,110+04151,2025-10-21,661.0,3,49.490403615246464,5700.0,96,0.9,44.54136325372182,True,1.9762906816574373,7634.885574128144,1.3394536094961655,317.97254267695666,436.5499835764029,11.64,375.0,False,False
I-95 NB,GP,110+04151,2025-10-22,661.0,3,49.490403615246464,5700.0,96,0.9,44.54136325372182,True,2.603718015820701,12322.106861610371,2.1617731336158545,314.1607344848253,470.38381543406734,19.456666666666667,420.0,False,False
I-95 NB,GP,110+04151,2025-10-23,661.0,3,49.490403615246464,5700.0,96,0.9,44.54136325372182,True,2.331637857589706,12239.685264592177,2.147313204314417,326.7263391776275,466.62461063300987,22.487777777777776,375.0,False,False
I-95 NB,GP,110+04151,2025-10-24,661.0,3,49.490403615246464,5700.0,96,0.9,44.54136325372182,True,1.935589939981808,7666.921867071414,1.3450740117669149,509.2429706256696,625.3783670245781,10.392222222222221,555.0,False,False
I-95 NB,GP,110+04151,2025-10-27,661.0,3,49.490403615246464,5700.0,96,0.9,44.54136325372182,True,1.5556642309750524,7891.357358564116,1.3844486593972134,322.9712474279497,416.31110128645287,35.148888888888884,345.0,False,False
I-95 NB,GP,110+04151,2025-10-28,661.0,3,49.490403615246464,5700.0,96,0.9,44.54136325372182,True,3.6402690684757477,17220.492711485767,3.0211390721904854,323.39089187575854,541.8070359843034,14.544444444444444,450.0,False,False
I-95 NB,GP,110+04151,2025-10-29,661.0,3,49.490403615246464,5700.0,96,0.9,44.54136325372182,True,2.9345408051760717,13440.909438429497,2.3580542874437715,334.86950111606933,510.94194942663364,13.163333333333332,435.0,False,False
I-95 NB,GP,110+04151,2025-10-30,661.0,3,49.490403615246464,5700.0,96,0.9,44.54136325372182,True,2.129736255835176,9828.266487410565,1.7242572784930816,459.5591323052672,587.3433076553778,16.173333333333336,510.0,False,False
I-95 NB,GP,110+04151,2025-10-31,661.0,3,49.490403615246464,5700.0,96,0.9,44.54136325372182,False,0.0,0.0,0.0,,,,,False,False
I-95 NB,GP,110P04151,2025-10-01,662.0,3,50.063160108007565,5700.0,96,0.9,45.05684409720681,True,3.8097991737355925,17052.29871440555,2.9916313534044825,307.75250597844536,536.3404564025809,19.68,405.0,False,False
I-95 NB,GP,110P04151,2025-10-02,662.0,3,50.063160108007565,5700.0,96,0.9,45.05684409720681,True,4.720586710870198,22410.397649525,3.9316487104429823,313.9347059747653,597.1699086269772,21.63888888888889,390.0,False,False
I-95 NB,GP,110P04151,2025-10-03,662.0,3,50.063160108007565,5700.0,96,0.9,45.05684409720681,True,4.528878861111632,21211.175149695253,3.7212587981921494,327.6176650922427,599.3503967589406,20.334444444444443,360.0,False,False
I-95 NB,GP,110P04151,2025-10-06,662.0,3,50.063160108007565,5700.0,96,0.9,45.05684409720681,True,4.513133486966108,21300.369167038727,3.736906871410303,315.70704380905767,586.4950530270241,18.10777777777778,405.0,False,False
I-95 NB,GP,110P04151,2025-10-07,662.0,3,50.063160108007565,5700.0,96,0.9,45.05684409720681,True,1.759471839163557,7974.9418387222995,1.399112603284614,314.11164324955575,419.6799535993692,20.189999999999998,390.0,False,False
I-95 NB,GP,110P04151,2025-10-08,662.0,3,50.063160108007565,5700.0,96,0.9,45.05684409720681,True,2.791304013359392,12312.715263625087,2.1601254848465063,309.17483200373596,476.6530728052995,20.48,375.0,False,False
I-95 NB,GP,110P04151,2025-10-09,662.0,3,50.063160108007565,5700.0,96,0.9,45.05684409720681,True,3.7517147196244793,17333.06744839968,3.040889026035032,312.3449121579759,537.4477953354447,20.258888888888887,435.0,False,False
I-95 NB,GP,110P04151,2025-10-10,662.0,3,50.063160108007565,5700.0,96,0.9,45.05684409720681,False,0.0,0.0,0.0,,,,,False,False
I-95 NB,GP,110P04151,2025-10-13,662.0,3,50.063160108007565,5700.0,96,0.9,45.05684409720681,False,0.0,0.0,0.0,,,,,False,False
I-95 NB,GP,110P04151,2025-10-14,662.0,3,50.063160108007565,5700.0,96,0.9,45.05684409720681,True,3.6829405257431396,17430.526077917635,3.0579870312136204,313.2107370985106,534.187168643099,18.506666666666668,405.0,False,False
I-95 NB,GP,110P04151,2025-10-15,662.0,3,50.063160108007565,5700.0,96,0.9,45.05684409720681,True,2.321615876703268,10057.220571841648,1.7644246617266048,315.0057074670001,454.3026600691962,20.19333333333333,420.0,False,False
I-95 NB,GP,110P04151,2025-10-16,662.0,3,50.063160108007565,5700.0,96,0.9,45.05684409720681,True,4.408642464341413,20571.990133249165,3.609121076008625,306.49939439193895,571.0179422524237,20.307777777777776,405.0,False,False
I-95 NB,GP,110P04151,2025-10-17,662.0,3,50.063160108007565,5700.0,96,0.9,45.05684409720681,True,4.4640009133202625,21826.431800993618,3.8291985615778277,323.78151760534183,591.6215724045576,23.112222222222226,405.0,False,False
I-95 NB,GP,110P04151,2025-10-20,662.0,3,50.063160108007565,5700.0,96,0.9,45.05684409720681,True,1.9946365495871845,9852.88623287416,1.7285765320831858,319.95249066623023,439.6306836414613,21.393333333333334,405.0,False,False
I-95 NB,GP,110P04151,2025-10-21,662.0,3,50.063160108007565,5700.0,96,0.9,45.05684409720681,True,2.2226367072478506,9177.553550797194,1.6100971141749465,314.05797569683364,447.41617813170467,13.514444444444445,405.0,False,False
I-95 NB,GP,110P04151,2025-10-22,662.0,3,50.063160108007565,5700.0,96,0.9,45.05684409720681,True,4.50917989760956,20693.88633426118,3.630506374431786,313.7502698416316,584.3010636982052,19.655555555555555,420.0,False,False
I-95 NB,GP,110P04151,2025-10-23,662.0,3,50.063160108007565,5700.0,96,0.9,45.05684409720681,True,3.5294871533530947,16417.460914566367,2.880256300801117,315.90971765957806,527.6789468607637,21.403333333333332,390.0,False,False
I-95 NB,GP,110P04151,2025-10-24,662.0,3,50.063160108007565,5700.0,96,0.9,45.05684409720681,True,2.542408244553215,11363.22153670644,1.9935476380186736,494.60490624067285,647.1494009138657,11.126666666666665,555.0,False,False
I-95 NB,GP,110P04151,2025-10-27,662.0,3,50.063160108007565,5700.0,96,0.9,45.05684409720681,True,2.6592328135523444,12754.638219863034,2.2376558280461465,313.10322043483814,472.6571892479788,20.645555555555557,405.0,False,False
I-95 NB,GP,110P04151,2025-10-28,662.0,3,50.063160108007565,5700.0,96,0.9,45.05684409720681,True,4.021374633971393,17887.856150542895,3.1382203772882273,313.27578348578453,554.5582615240681,15.394444444444446,450.0,False,False
I-95 NB,GP,110P04151,2025-10-29,662.0,3,50.063160108007565,5700.0,96,0.9,45.05684409720681,True,3.300758043317316,13804.627667056786,2.4218645029924186,324.4900607437458,522.5355433427848,12.403333333333334,435.0,False,False
I-95 NB,GP,110P04151,2025-10-30,662.0,3,50.063160108007565,5700.0,96,0.9,45.05684409720681,True,2.303908199918326,9762.796409293833,1.712771299876111,452.55565337557607,590.7901453706756,18.441111111111113,540.0,False,False
I-95 NB,GP,110P04151,2025-10-31,662.0,3,50.063160108007565,5700.0,96,0.9,45.05684409720681,True,0.7063770672720636,3712.319656085331,0.651284150190409,371.90724975901526,414.2898737953391,30.58666666666667,390.0,False,False
I-95 NB,GP,110+04152,2025-10-01,663.0,3,49.49005006185587,6000.0,96,0.9,44.54104505567028,True,3.5980523735135432,19567.684332422676,3.261280722070446,315.8080775420812,531.6912199528938,32.21888888888889,405.0,False,False
I-95 NB,GP,110+04152,2025-10-02,663.0,3,49.49005006185587,6000.0,96,0.9,44.54104505567028,True,4.346619757470341,25672.928145331654,4.278821357555276,325.7778891612795,586.5750746095,33.23888888888889,390.0,False,False
I-95 NB,GP,110+04152,2025-10-03,663.0,3,49.49005006185587,6000.0,96,0.9,44.54104505567028,True,1.6982919674422068,10128.829687777805,1.6881382812963008,473.2081301643588,575.1056482108912,35.22,495.0,False,False
I-95 NB,GP,110+04152,2025-10-06,663.0,3,49.49005006185587,6000.0,96,0.9,44.54104505567028,True,4.047052766314557,22682.037460929976,3.7803395768216626,331.75382036909565,574.5769863479691,30.14333333333333,405.0,False,False
I-95 NB,GP,110+04152,2025-10-07,663.0,3,49.49005006185587,6000.0,96,0.9,44.54104505567028,True,1.4335145612113422,8527.359548312592,1.421226591385432,326.4060431563716,412.4169168290521,34.07888888888889,390.0,False,False
I-95 NB,GP,110+04152,2025-10-08,663.0,3,49.49005006185587,6000.0,96,0.9,44.54104505567028,True,2.7050587137349424,15524.085858736807,2.587347643122801,319.84281117632736,482.1463340004239,33.682222222222215,375.0,False,False
I-95 NB,GP,110+04152,2025-10-09,663.0,3,49.49005006185587,6000.0,96,0.9,44.54104505567028,True,3.3313151000429544,18352.549708829658,3.058758284804943,324.17575417612596,524.0546601787032,33.76222222222223,405.0,False,False
I-95 NB,GP,110+04152,2025-10-10,663.0,3,49.49005006185587,6000.0,96,0.9,44.54104505567028,True,1.666379748342187,10210.67623466296,1.7017793724438268,517.2567567272907,617.239541627822,38.52111111111111,540.0,False,False
I-95 NB,GP,110+04152,2025-10-13,663.0,3,49.49005006185587,6000.0,96,0.9,44.54104505567028,False,0.0,0.0,0.0,,,,,False,False
I-95 NB,GP,110+04152,2025-10-14,663.0,3,49.49005006185587,6000.0,96,0.9,44.54104505567028,True,3.2872864164584956,18919.627864585098,3.153271310764183,326.4777487515137,523.7149337390234,36.59111111111111,375.0,False,False
I-95 NB,GP,110+04152,2025-10-15,663.0,3,49.49005006185587,6000.0,96,0.9,44.54104505567028,True,2.042529566048763,11328.205709123897,1.8880342848539828,325.7337542574165,448.28552822034226,34.809999999999995,420.0,False,False
I-95 NB,GP,110+04152,2025-10-16,663.0,3,49.49005006185587,6000.0,96,0.9,44.54104505567028,True,4.193071432783355,23819.813413775697,3.9699689022959497,307.79747959092117,559.3817655579224,31.362222222222226,420.0,False,False
I-95 NB,GP,110+04152,2025-10-17,663.0,3,49.49005006185587,6000.0,96,0.9,44.54104505567028,True,4.237849034427231,24423.826382193423,4.07063773036557,333.399165837249,587.6701079028828,35.675555555555555,405.0,False,False
I-95 NB,GP,110+04152,2025-10-20,663.0,3,49.49005006185587,6000.0,96,0.9,44.54104505567028,True,3.3587016526862716,18594.53902210891,3.099089837018152,327.7112773070076,529.2333764681839,25.373333333333335,420.0,False,False
I-95 NB,GP,110+04152,2025-10-21,663.0,3,49.49005006185587,6000.0,96,0.9,44.54104505567028,True,2.2271595103726365,12652.717027095392,2.1087861711825653,321.8544100621313,455.4839806844895,33.91777777777778,420.0,False,False
I-95 NB,GP,110+04152,2025-10-22,663.0,3,49.49005006185587,6000.0,96,0.9,44.54104505567028,True,3.9721701196241743,22716.040255521606,3.786006709253601,327.0449886809587,565.3751958584091,31.842222222222222,405.0,False,False
I-95 NB,GP,110+04152,2025-10-23,663.0,3,49.49005006185587,6000.0,96,0.9,44.54104505567028,True,3.3884444797464566,19882.691504126502,3.313781917354417,326.02700934282535,529.3336781276128,34.87111111111111,390.0,False,False
I-95 NB,GP,110+04152,2025-10-24,663.0,3,49.49005006185587,6000.0,96,0.9,44.54104505567028,True,2.5688300604159013,14934.544538378015,2.489090756396336,479.05570324701523,633.1855068719693,25.7,555.0,False,False
I-95 NB,GP,110+04152,2025-10-27,663.0,3,49.49005006185587,6000.0,96,0.9,44.54104505567028,True,3.4407409918785805,19930.80435281953,3.3218007254699216,326.3416811058423,532.7861406185572,31.802222222222223,390.0,False,False
I-95 NB,GP,110+04152,2025-10-28,663.0,3,49.49005006185587,6000.0,96,0.9,44.54104505567028,True,3.700680874425639,21005.642714091344,3.500940452348557,323.8594217873431,545.9002742528814,32.02888888888889,405.0,False,False
I-95 NB,GP,110+04152,2025-10-29,663.0,3,49.49005006185587,6000.0,96,0.9,44.54104505567028,True,2.9705057496699947,15473.98850995162,2.5789980849919365,337.9754491262686,516.2057941064683,13.476666666666665,420.0,False,False
I-95 NB,GP,110+04152,2025-10-30,663.0,3,49.49005006185587,6000.0,96,0.9,44.54104505567028,True,2.088822059337891,11199.96671626173,1.866661119376955,454.7079693303717,580.0372928906452,33.40111111111111,495.0,False,False
I-95 NB,GP,110+04152,2025-10-31,663.0,3,49.49005006185587,6000.0,96,0.9,44.54104505567028,True,0.8416235341659709,4178.682714258033,0.6964471190430055,368.2074445397036,418.70485658966186,34.838888888888896,390.0,False,False
I-95 NB,GP,110P04153,2025-10-01,666.0,4,49.921738751770256,8000.0,96,0.9,44.92956487659323,True,2.2521360608493532,14293.850289224396,1.7867312861530495,364.52066667930785,499.64883033026905,18.497777777777785,450.0,False,False
I-95 NB,GP,110P04153,2025-10-02,666.0,4,49.921738751770256,8000.0,96,0.9,44.92956487659323,False,0.0,0.0,0.0,,,,,False,False
I-95 NB,GP,110P04153,2025-10-03,666.0,4,49.921738751770256,8000.0,96,0.9,44.92956487659323,False,0.0,0.0,0.0,,,,,False,False
I-95 NB,GP,110P04153,2025-10-06,666.0,4,49.921738751770256,8000.0,96,0.9,44.92956487659323,False,0.0,0.0,0.0,,,,,False,False
I-95 NB,GP,110P04153,2025-10-07,666.0,4,49.921738751770256,8000.0,96,0.9,44.92956487659323,True,0.6118576628197985,3431.320391503208,0.428915048937901,391.0518072998408,427.7632670690287,35.14,405.0,False,False
I-95 NB,GP,110P04153,2025-10-08,666.0,4,49.921738751770256,8000.0,96,0.9,44.92956487659323,True,1.6135089516136645,10625.384935807404,1.3281731169759254,417.1426980720353,513.9532351688551,14.191111111111107,465.0,False,False
I-95 NB,GP,110P04153,2025-10-09,666.0,4,49.921738751770256,8000.0,96,0.9,44.92956487659323,True,1.3114687637845341,8064.808502350028,1.0081010627937534,406.0815518663828,484.76967769345487,19.591111111111115,450.0,False,False
I-95 NB,GP,110P04153,2025-10-10,666.0,4,49.921738751770256,8000.0,96,0.9,44.92956487659323,True,0.6417887173850877,3013.9894156668825,0.3767486769583603,440.5934872036754,479.10081024678067,34.23888888888889,450.0,False,False
I-95 NB,GP,110P04153,2025-10-13,666.0,4,49.921738751770256,8000.0,96,0.9,44.92956487659323,False,0.0,0.0,0.0,,,,,False,False
I-95 NB,GP,110P04153,2025-10-14,666.0,4,49.921738751770256,8000.0,96,0.9,44.92956487659323,True,2.325843945079569,14061.484130679924,1.7576855163349905,379.7318539740567,519.2824906788309,14.778888888888888,465.0,False,False
I-95 NB,GP,110P04153,2025-10-15,666.0,4,49.921738751770256,8000.0,96,0.9,44.92956487659323,False,0.0,0.0,0.0,,,,,False,False
I-95 NB,GP,110P04153,2025-10-16,666.0,4,49.921738751770256,8000.0,96,0.9,44.92956487659323,False,0.0,0.0,0.0,,,,,False,False
I-95 NB,GP,110P04153,2025-10-17,666.0,4,49.921738751770256,8000.0,96,0.9,44.92956487659323,False,0.0,0.0,0.0,,,,,False,False
I-95 NB,GP,110P04153,2025-10-20,666.0,4,49.921738751770256,8000.0,96,0.9,44.92956487659323,True,1.2873951672474182,7261.2185933794435,0.9076523241724305,384.4237614356031,461.6674714704482,15.186666666666667,420.0,False,False
I-95 NB,GP,110P04153,2025-10-21,666.0,4,49.921738751770256,8000.0,96,0.9,44.92956487659323,True,2.036611684927331,9932.419622905596,1.2415524528631996,428.95745345073914,551.154154546379,9.735555555555555,510.0,False,False
I-95 NB,GP,110P04153,2025-10-22,666.0,4,49.921738751770256,8000.0,96,0.9,44.92956487659323,True,1.0803537074414626,9295.357554043463,1.1619196942554328,418.890472188908,483.71169463539576,36.67444444444445,450.0,False,False
I-95 NB,GP,110P04153,2025-10-23,666.0,4,49.921738751770256,8000.0,96,0.9,44.92956487659323,False,0.0,0.0,0.0,,,,,False,False
I-95 NB,GP,110P04153,2025-10-24,666.0,4,49.921738751770256,8000.0,96,0.9,44.92956487659323,False,0.0,0.0,0.0,,,,,False,False
I-95 NB,GP,110P04153,2025-10-27,666.0,4,49.921738751770256,8000.0,96,0.9,44.92956487659323,False,0.0,0.0,0.0,,,,,False,False
I-95 NB,GP,110P04153,2025-10-28,666.0,4,49.921738751770256,8000.0,96,0.9,44.92956487659323,False,0.0,0.0,0.0,,,,,False,False
I-95 NB,GP,110P04153,2025-10-29,666.0,4,49.921738751770256,8000.0,96,0.9,44.92956487659323,True,2.3174927173562567,12418.899841377004,1.5523624801721254,375.9197828489212,514.9693458902966,9.893333333333329,420.0,False,False
I-95 NB,GP,110P04153,2025-10-30,666.0,4,49.921738751770256,8000.0,96,0.9,44.92956487659323,False,0.0,0.0,0.0,,,,,False,False
I-95 NB,GP,110P04153,2025-10-31,666.0,4,49.921738751770256,8000.0,96,0.9,44.92956487659323,False,0.0,0.0,0.0,,,,,False,False
I-95 NB,GP,110+04154,2025-10-01,667.0,4,49.780317395532954,8000.0,96,0.9,44.80228565597966,True,2.748269018922921,17171.51619303617,2.146439524129521,350.27066492510335,515.1668060604786,18.39888888888889,450.0,False,False
I-95 NB,GP,110+04154,2025-10-02,667.0,4,49.780317395532954,8000.0,96,0.9,44.80228565597966,True,0.6058055983857324,5597.466741049224,0.699683342631153,432.1335090083371,468.48184491148106,36.39222222222222,450.0,False,False
I-95 NB,GP,110+04154,2025-10-03,667.0,4,49.780317395532954,8000.0,96,0.9,44.80228565597966,False,0.0,0.0,0.0,,,,,False,False
I-95 NB,GP,110+04154,2025-10-06,667.0,4,49.780317395532954,8000.0,96,0.9,44.80228565597966,True,1.2271538078434692,8893.679443407642,1.1117099304259552,417.3072657849087,490.93649425551683,25.709999999999997,465.0,False,False
I-95 NB,GP,110+04154,2025-10-07,667.0,4,49.780317395532954,8000.0,96,0.9,44.80228565597966,True,1.5125098438696198,10195.971367767384,1.274496420970923,361.6259688274127,452.3765594595899,23.365555555555556,420.0,False,False
I-95 NB,GP,110+04154,2025-10-08,667.0,4,49.780317395532954,8000.0,96,0.9,44.80228565597966,True,2.5536476461606146,15375.896195830304,1.921987024478788,377.26217487941926,530.4810336490561,16.39,465.0,False,False
I-95 NB,GP,110+04154,2025-10-09,667.0,4,49.780317395532954,8000.0,96,0.9,44.80228565597966,True,2.225968301595237,14472.454409746977,1.809056801218372,364.46677530962114,498.02487340533537,18.43444444444444,465.0,False,False
I-95 NB,GP,110+04154,2025-10-10,667.0,4,49.780317395532954,8000.0,96,0.9,44.80228565597966,True,1.8131554871844022,9897.4894528544,1.2371861816068,397.1797053969984,505.9690346280625,10.564444444444444,435.0,False,False
I-95 NB,GP,110+04154,2025-10-13,667.0,4,49.780317395532954,8000.0,96,0.9,44.80228565597966,False,0.0,0.0,0.0,,,,,False,False
I-95 NB,GP,110+04154,2025-10-14,667.0,4,49.780317395532954,8000.0,96,0.9,44.80228565597966,True,3.473771376612592,21734.318754301086,2.7167898442876357,347.92040313483665,556.3466857315922,15.341111111111111,465.0,False,False
I-95 NB,GP,110+04154,2025-10-15,667.0,4,49.780317395532954,8000.0,96,0.9,44.80228565597966,True,1.9684911807177778,13755.389191484091,1.7194236489355115,373.50330426805834,491.612775111125,22.235555555555553,450.0,False,False
I-95 NB,GP,110+04154,2025-10-16,667.0,4,49.780317395532954,8000.0,96,0.9,44.80228565597966,True,1.8397411983217684,12006.612039922744,1.500826504990343,375.1729574478536,485.5574293471597,23.03,450.0,False,False
I-95 NB,GP,110+04154,2025-10-17,667.0,4,49.780317395532954,8000.0,96,0.9,44.80228565597966,False,0.0,0.0,0.0,,,,,False,False
I-95 NB,GP,110+04154,2025-10-20,667.0,4,49.780317395532954,8000.0,96,0.9,44.80228565597966,True,1.7870157020501958,9497.647019084296,1.187205877385537,368.1429114628514,475.3638535858631,12.964444444444444,405.0,False,False
I-95 NB,GP,110+04154,2025-10-21,667.0,4,49.780317395532954,8000.0,96,0.9,44.80228565597966,True,2.6409631559454123,16296.757700686445,2.0370947125858057,412.7280116748229,571.1858010315476,12.64,480.0,False,False
I-95 NB,GP,110+04154,2025-10-22,667.0,4,49.780317395532954,8000.0,96,0.9,44.80228565597966,True,1.9035425920361708,11129.634577967365,1.3912043222459205,394.47964071146305,508.6921962336333,20.17222222222222,450.0,False,False
I-95 NB,GP,110+04154,2025-10-23,667.0,4,49.780317395532954,8000.0,96,0.9,44.80228565597966,True,1.8319849037137288,11196.840084832973,1.3996050106041216,393.72668589291413,503.64578011573786,19.641111111111112,450.0,False,False
I-95 NB,GP,110+04154,2025-10-24,667.0,4,49.780317395532954,8000.0,96,0.9,44.80228565597966,True,0.7533153071477169,5479.2000930262475,0.684900011628281,414.24711532495166,459.4460337538147,34.01444444444444,435.0,False,False
I-95 NB,GP,110+04154,2025-10-27,667.0,4,49.780317395532954,8000.0,96,0.9,44.80228565597966,True,1.4654098620524432,11205.720252987165,1.4007150316233956,383.71140882772295,471.63600055086954,34.81,450.0,False,False
I-95 NB,GP,110+04154,2025-10-28,667.0,4,49.780317395532954,8000.0,96,0.9,44.80228565597966,True,1.6696009694253955,10627.694111900766,1.3284617639875957,390.93202676304065,491.1080849285644,25.85666666666667,435.0,False,False
I-95 NB,GP,110+04154,2025-10-29,667.0,4,49.780317395532954,8000.0,96,0.9,44.80228565597966,True,1.504528062709549,9837.331398007516,1.2296664247509395,443.6749537569966,533.9466375195695,20.04222222222222,480.0,False,False
I-95 NB,GP,110+04154,2025-10-30,667.0,4,49.780317395532954,8000.0,96,0.9,44.80228565597966,False,0.0,0.0,0.0,,,,,False,False
I-95 NB,GP,110+04154,2025-10-31,667.0,4,49.780317395532954,8000.0,96,0.9,44.80228565597966,False,0.0,0.0,0.0,,,,,False,False
I-95 NB,GP,110P04154,2025-10-01,668.0,4,50.063160108007565,8000.0,96,0.9,45.05684409720681,True,2.684604639941559,17936.544100805888,2.242068012600736,365.5164911763492,526.5927695728427,18.197777777777777,450.0,False,False
I-95 NB,GP,110P04154,2025-10-02,668.0,4,50.063160108007565,8000.0,96,0.9,45.05684409720681,True,1.0717558933939026,7190.395351579189,0.8987994189473987,412.0463155934138,476.35166919704795,29.594444444444445,450.0,False,False
I-95 NB,GP,110P04154,2025-10-03,668.0,4,50.063160108007565,8000.0,96,0.9,45.05684409720681,True,1.0261769270925527,6917.852468208219,0.8647315585260273,397.6273343057654,459.19794993131853,27.686666666666667,435.0,False,False
I-95 NB,GP,110P04154,2025-10-06,668.0,4,50.063160108007565,8000.0,96,0.9,45.05684409720681,True,1.7244999705735797,12759.183054015624,1.594897881751953,396.338748754466,499.8087469888808,29.32111111111111,465.0,False,False
I-95 NB,GP,110P04154,2025-10-07,668.0,4,50.063160108007565,8000.0,96,0.9,45.05684409720681,True,1.511703227350597,10241.221536857436,1.2801526921071795,368.9139051421353,459.61609878317114,26.142222222222227,420.0,False,False
I-95 NB,GP,110P04154,2025-10-08,668.0,4,50.063160108007565,8000.0,96,0.9,45.05684409720681,True,2.8233664684591084,17114.993368704083,2.1393741710880105,365.8537160289571,535.2557041365036,16.595555555555556,450.0,False,False
I-95 NB,GP,110P04154,2025-10-09,668.0,4,50.063160108007565,8000.0,96,0.9,45.05684409720681,True,2.3641730630504525,14501.567396194292,1.8126959245242864,363.9977469131959,505.84813069622305,18.75,465.0,False,False
I-95 NB,GP,110P04154,2025-10-10,668.0,4,50.063160108007565,8000.0,96,0.9,45.05684409720681,True,2.430830457772174,13736.16333797625,1.7170204172470311,369.4094432182759,515.2592706846063,7.37,435.0,False,False
I-95 NB,GP,110P04154,2025-10-13,668.0,4,50.063160108007565,8000.0,96,0.9,45.05684409720681,False,0.0,0.0,0.0,,,,,False,False
I-95 NB,GP,110P04154,2025-10-14,668.0,4,50.063160108007565,8000.0,96,0.9,45.05684409720681,True,3.675554499144826,23715.282442339434,2.964410305292429,350.0984283592575,570.6316983079471,15.348888888888888,450.0,False,False
I-95 NB,GP,110P04154,2025-10-15,668.0,4,50.063160108007565,8000.0,96,0.9,45.05684409720681,True,2.1926975079607938,15517.985960430802,1.9397482450538504,370.07980835378305,501.6416588314307,23.265555555555554,465.0,False,False
I-95 NB,GP,110P04154,2025-10-16,668.0,4,50.063160108007565,8000.0,96,0.9,45.05684409720681,True,2.0028303044477203,13613.26208661051,1.7016577608263137,374.14429046169226,494.3141087285555,22.947777777777777,450.0,False,False
I-95 NB,GP,110P04154,2025-10-17,668.0,4,50.063160108007565,8000.0,96,0.9,45.05684409720681,False,0.0,0.0,0.0,,,,,False,False
I-95 NB,GP,110P04154,2025-10-20,668.0,4,50.063160108007565,8000.0,96,0.9,45.05684409720681,True,1.9666587569805283,11355.6273127384,1.4194534140922999,363.1989059552018,481.1984313740335,14.06444444444445,405.0,False,False
I-95 NB,GP,110P04154,2025-10-21,668.0,4,50.063160108007565,8000.0,96,0.9,45.05684409720681,True,0.7184138759427147,5426.946984868536,0.678368373108567,549.2674262175456,592.3722587741084,33.48444444444445,570.0,False,False
I-95 NB,GP,110P04154,2025-10-22,668.0,4,50.063160108007565,8000.0,96,0.9,45.05684409720681,True,2.406762993139503,14838.8790095333,1.8548598761916626,376.7457094410974,521.1514890294676,20.581111111111113,450.0,False,False
I-95 NB,GP,110P04154,2025-10-23,668.0,4,50.063160108007565,8000.0,96,0.9,45.05684409720681,True,2.0460190170765724,12922.243634034377,1.6152804542542971,383.44449687288665,506.205637897481,19.521111111111107,450.0,False,False
I-95 NB,GP,110P04154,2025-10-24,668.0,4,50.063160108007565,8000.0,96,0.9,45.05684409720681,False,0.0,0.0,0.0,,,,,False,False
I-95 NB,GP,110P04154,2025-10-27,668.0,4,50.063160108007565,8000.0,96,0.9,45.05684409720681,True,1.8035259320528838,11959.864318465157,1.4949830398081447,371.08984299425805,479.3013989174311,23.77,450.0,False,False
I-95 NB,GP,110P04154,2025-10-28,668.0,4,50.063160108007565,8000.0,96,0.9,45.05684409720681,True,2.215740923413868,15281.216995645089,1.910152124455636,374.8061014771169,507.75055688194897,24.165555555555553,450.0,False,False
I-95 NB,GP,110P04154,2025-10-29,668.0,4,50.063160108007565,8000.0,96,0.9,45.05684409720681,True,1.628325626958765,11812.903035808908,1.4766128794761135,445.0806299186924,542.7801675362183,21.51888888888888,480.0,False,False
I-95 NB,GP,110P04154,2025-10-30,668.0,4,50.063160108007565,8000.0,96,0.9,45.05684409720681,False,0.0,0.0,0.0,,,,,False,False
I-95 NB,GP,110P04154,2025-10-31,668.0,4,50.063160108007565,8000.0,96,0.9,45.05684409720681,False,0.0,0.0,0.0,,,,,False,False
I-95 NB,GP,110+04155,2025-10-01,669.0,4,48.92471819029723,8000.0,96,0.9,44.032246371267505,True,4.493353721822325,30298.259644116562,3.7872824555145703,349.2824994809944,618.8837227903339,20.982222222222223,420.0,False,False
I-95 NB,GP,110+04155,2025-10-02,669.0,4,48.92471819029723,8000.0,96,0.9,44.032246371267505,True,1.9242199521584515,12759.745301373618,1.5949681626717023,376.8289914406629,492.28218857017,30.19333333333334,450.0,False,False
I-95 NB,GP,110+04155,2025-10-03,669.0,4,48.92471819029723,8000.0,96,0.9,44.032246371267505,True,1.7924257223761912,12464.72373427593,1.5580904667844913,386.1034282358985,493.64897157846997,27.883333333333336,420.0,False,False
I-95 NB,GP,110+04155,2025-10-06,669.0,4,48.92471819029723,8000.0,96,0.9,44.032246371267505,True,2.0943012351524364,14401.088299951862,1.8001360374939828,380.6192610921206,506.2773352012668,28.937777777777786,465.0,False,False
I-95 NB,GP,110+04155,2025-10-07,669.0,4,48.92471819029723,8000.0,96,0.9,44.032246371267505,True,1.9054074008936301,14329.586623240795,1.7911983279050994,355.59127025866906,469.91571431228687,27.37111111111111,435.0,False,False
I-95 NB,GP,110+04155,2025-10-08,669.0,4,48.92471819029723,8000.0,96,0.9,44.032246371267505,True,3.0133177340004313,20112.35406661685,2.514044258327106,363.8208973173861,544.619961357412,21.75111111111111,450.0,False,False
I-95 NB,GP,110+04155,2025-10-09,669.0,4,48.92471819029723,8000.0,96,0.9,44.032246371267505,True,2.7870735512641764,20941.505905628586,2.617688238203573,359.5288032626748,526.7532163385254,23.69111111111111,465.0,False,False
I-95 NB,GP,110+04155,2025-10-10,669.0,4,48.92471819029723,8000.0,96,0.9,44.032246371267505,True,2.732949960930203,14799.132096243837,1.8498915120304795,354.3088474519336,518.2858451077458,7.628888888888889,435.0,False,False
I-95 NB,GP,110+04155,2025-10-13,669.0,4,48.92471819029723,8000.0,96,0.9,44.032246371267505,False,0.0,0.0,0.0,,,,,False,False
I-95 NB,GP,110+04155,2025-10-14,669.0,4,48.92471819029723,8000.0,96,0.9,44.032246371267505,True,4.040531301073494,27945.493656776453,3.4931867070970566,342.94521581361175,585.3770938780214,18.60777777777778,450.0,False,False
I-95 NB,GP,110+04155,2025-10-15,669.0,4,48.92471819029723,8000.0,96,0.9,44.032246371267505,True,2.5855582979275633,19515.176792612394,2.4393970990765492,358.8918515939271,514.0253494695809,25.442222222222224,450.0,False,False
I-95 NB,GP,110+04155,2025-10-16,669.0,4,48.92471819029723,8000.0,96,0.9,44.032246371267505,True,2.3678467697605017,15784.91165826314,1.9731139572828924,362.00175637304443,504.0725625586745,25.90111111111111,450.0,False,False
I-95 NB,GP,110+04155,2025-10-17,669.0,4,48.92471819029723,8000.0,96,0.9,44.032246371267505,True,1.6145450944810487,13068.608736988454,1.6335760921235567,400.6726362094861,497.545341878349,30.298888888888886,450.0,False,False
I-95 NB,GP,110+04155,2025-10-20,669.0,4,48.92471819029723,8000.0,96,0.9,44.032246371267505,True,2.0557987024496933,14652.971077344811,1.8316213846681015,359.7056382584474,483.053560405429,18.7188888888889,390.0,False,False
I-95 NB,GP,110+04155,2025-10-21,669.0,4,48.92471819029723,8000.0,96,0.9,44.032246371267505,True,1.0651766577301003,7267.180967750935,0.9083976209688669,378.0188627151204,441.9294621789264,31.885555555555555,405.0,False,False
I-95 NB,GP,110+04155,2025-10-22,669.0,4,48.92471819029723,8000.0,96,0.9,44.032246371267505,True,2.758059712801768,18914.31629074133,2.3642895363426666,363.59894439956986,529.082527167676,23.155555555555555,450.0,False,False
I-95 NB,GP,110+04155,2025-10-23,669.0,4,48.92471819029723,8000.0,96,0.9,44.032246371267505,True,2.469184158226125,16983.505961890733,2.1229382452363414,371.479026298971,519.6300757925385,21.939999999999998,450.0,False,False
I-95 NB,GP,110+04155,2025-10-24,669.0,4,48.92471819029723,8000.0,96,0.9,44.032246371267505,True,1.6968656361299632,10905.401908447138,1.3631752385558924,377.3707362736835,479.1826744414813,31.344444444444445,405.0,False,False
I-95 NB,GP,110+04155,2025-10-27,669.0,4,48.92471819029723,8000.0,96,0.9,44.032246371267505,True,1.9936338518181904,14346.882170895758,1.7933602713619698,365.87727139180845,485.49530250089987,28.24888888888889,450.0,False,False
I-95 NB,GP,110+04155,2025-10-28,669.0,4,48.92471819029723,8000.0,96,0.9,44.032246371267505,True,2.297992875129782,15689.81192767016,1.96122649095877,366.94799527447645,504.8275677822634,24.66111111111111,450.0,False,False
I-95 NB,GP,110+04155,2025-10-29,669.0,4,48.92471819029723,8000.0,96,0.9,44.032246371267505,True,1.7730614517701875,12127.392479764769,1.515924059970596,442.41504658897816,548.7987336951894,25.496666666666666,480.0,False,False
I-95 NB,GP,110+04155,2025-10-30,669.0,4,48.92471819029723,8000.0,96,0.9,44.032246371267505,True,1.1375771837777355,7243.900596799433,0.9054875745999291,363.59298335225077,431.8476143789149,29.763333333333335,390.0,False,False
I-95 NB,GP,110+04155,2025-10-31,669.0,4,48.92471819029723,8000.0,96,0.9,44.032246371267505,False,0.0,0.0,0.0,,,,,False,False
I-95 NB,GP,110P04155,2025-10-01,670.0,4,48.35903276534799,8000.0,96,0.9,43.52312948881319,True,4.836895719715042,30534.18247971101,3.8167728099638762,346.27406949735933,636.4878126802619,18.313333333333336,585.0,False,False
I-95 NB,GP,110P04155,2025-10-02,670.0,4,48.35903276534799,8000.0,96,0.9,43.52312948881319,True,2.2053050577752846,14875.008852493494,1.8593761065616867,362.5544799621488,494.87278342866585,30.24222222222222,465.0,False,False
I-95 NB,GP,110P04155,2025-10-03,670.0,4,48.35903276534799,8000.0,96,0.9,43.52312948881319,True,1.8834821281287542,14435.62809228085,1.8044535115351061,383.42930655501124,496.4382342427365,28.63888888888889,450.0,False,False
I-95 NB,GP,110P04155,2025-10-06,670.0,4,48.35903276534799,8000.0,96,0.9,43.52312948881319,True,2.207886774769197,16711.83999246802,2.0889799990585023,378.5769753458944,511.05018183204623,28.607777777777773,450.0,False,False
I-95 NB,GP,110P04155,2025-10-07,670.0,4,48.35903276534799,8000.0,96,0.9,43.52312948881319,True,2.0075543575000885,14150.675871639869,1.7688344839549837,357.39062940955336,477.84389085955866,26.22333333333334,435.0,False,False
I-95 NB,GP,110P04155,2025-10-08,670.0,4,48.35903276534799,8000.0,96,0.9,43.52312948881319,True,3.272589040171395,22157.164687745004,2.7696455859681253,352.4582097393003,548.813552149584,21.75777777777778,450.0,False,False
I-95 NB,GP,110P04155,2025-10-09,670.0,4,48.35903276534799,8000.0,96,0.9,43.52312948881319,True,3.0404955194542604,20708.635423682954,2.588579427960369,361.1303956971879,543.5601268644435,21.805555555555554,450.0,False,False
I-95 NB,GP,110P04155,2025-10-10,670.0,4,48.35903276534799,8000.0,96,0.9,43.52312948881319,True,3.0176575370605585,16076.45456371033,2.009556820463791,347.04365930424143,528.103111527875,6.157777777777778,420.0,False,False
I-95 NB,GP,110P04155,2025-10-13,670.0,4,48.35903276534799,8000.0,96,0.9,43.52312948881319,False,0.0,0.0,0.0,,,,,False,False
I-95 NB,GP,110P04155,2025-10-14,670.0,4,48.35903276534799,8000.0,96,0.9,43.52312948881319,True,3.941783052945394,25909.396184521844,3.2386745230652303,356.27532011159695,592.7823032883206,18.73888888888889,435.0,False,False
I-95 NB,GP,110P04155,2025-10-15,670.0,4,48.35903276534799,8000.0,96,0.9,43.52312948881319,True,2.770529034253093,19574.66837930211,2.446833547412764,355.6404724525247,521.8722145077103,25.603333333333335,435.0,False,False
I-95 NB,GP,110P04155,2025-10-16,670.0,4,48.35903276534799,8000.0,96,0.9,43.52312948881319,True,4.036684816132255,28420.60635072749,3.552575793840936,349.55222733994015,591.7533163078755,24.89222222222222,435.0,False,False
I-95 NB,GP,110P04155,2025-10-17,670.0,4,48.35903276534799,8000.0,96,0.9,43.52312948881319,True,2.186050735188649,16015.317537610486,2.0019146922013107,383.57463017396555,514.7376742852845,25.78,480.0,False,False
I-95 NB,GP,110P04155,2025-10-20,670.0,4,48.35903276534799,8000.0,96,0.9,43.52312948881319,True,0.9396155506547236,7190.896521643057,0.8988620652053821,431.35628348023573,487.73321651951915,30.819999999999993,450.0,False,False
I-95 NB,GP,110P04155,2025-10-21,670.0,4,48.35903276534799,8000.0,96,0.9,43.52312948881319,True,1.3893565966011456,10761.318254925292,1.3451647818656616,374.4554056443774,457.8168014404461,28.606666666666673,435.0,False,False
I-95 NB,GP,110P04155,2025-10-22,670.0,4,48.35903276534799,8000.0,96,0.9,43.52312948881319,True,2.910541531580829,18788.292610633755,2.348536576329219,360.04983540335513,534.6823272982049,20.413333333333334,450.0,False,False
I-95 NB,GP,110P04155,2025-10-23,670.0,4,48.35903276534799,8000.0,96,0.9,43.52312948881319,True,2.6850937233115917,16668.196274814625,2.0835245343518283,363.7132392668132,524.8188626655087,20.12555555555556,450.0,False,False
I-95 NB,GP,110P04155,2025-10-24,670.0,4,48.35903276534799,8000.0,96,0.9,43.52312948881319,True,2.048824037427044,14065.791878540938,1.7582239848176173,363.6928320320728,486.6222742776954,26.56555555555555,450.0,False,False
I-95 NB,GP,110P04155,2025-10-27,670.0,4,48.35903276534799,8000.0,96,0.9,43.52312948881319,True,2.468485862278455,17961.751397195116,2.2452189246493894,356.29820976881945,504.40736150552675,27.74444444444444,450.0,False,False
I-95 NB,GP,110P04155,2025-10-28,670.0,4,48.35903276534799,8000.0,96,0.9,43.52312948881319,True,2.5145239454810944,17632.185818948634,2.2040232273685794,364.1749798449948,515.0464165738605,22.57444444444445,450.0,False,False
I-95 NB,GP,110P04155,2025-10-29,670.0,4,48.35903276534799,8000.0,96,0.9,43.52312948881319,True,2.381795178136748,17820.09679560252,2.227512099450315,433.63985487221186,576.5475655604167,23.592222222222215,465.0,False,False
I-95 NB,GP,110P04155,2025-10-30,670.0,4,48.35903276534799,8000.0,96,0.9,43.52312948881319,True,4.356596311747158,30543.067451912862,3.8178834314891077,360.5110117967239,621.9067905015534,26.59777777777778,435.0,False,False
I-95 NB,GP,110P04155,2025-10-31,670.0,4,48.35903276534799,8000.0,96,0.9,43.52312948881319,True,1.7047415993424002,13539.311130374192,1.6924138912967739,384.5595763290906,486.8440722896346,37.1,465.0,False,False
I-95 NB,GP,110+04156,2025-10-01,671.0,4,48.08290756729464,8000.0,96,0.9,43.27461681056518,True,5.001983093782314,32931.56853399082,4.1164460667488525,341.8901753522548,642.0091609791937,18.712222222222223,585.0,False,False
I-95 NB,GP,110+04156,2025-10-02,671.0,4,48.08290756729464,8000.0,96,0.9,43.27461681056518,True,2.1684298213935893,15115.00723272669,1.8893759040908362,361.36859759709034,491.4743868807057,32.191111111111105,450.0,False,False
I-95 NB,GP,110+04156,2025-10-03,671.0,4,48.08290756729464,8000.0,96,0.9,43.27461681056518,True,1.8852149734959993,12646.306882025034,1.5807883602531292,380.4897478396673,493.60264624942727,29.768888888888895,405.0,False,False
I-95 NB,GP,110+04156,2025-10-06,671.0,4,48.08290756729464,8000.0,96,0.9,43.27461681056518,True,2.309765538174567,18677.58950977042,2.3346986887213026,372.52891753020907,511.1148498206831,30.00000000000001,450.0,False,False
I-95 NB,GP,110+04156,2025-10-07,671.0,4,48.08290756729464,8000.0,96,0.9,43.27461681056518,True,2.039944289689144,14509.648098964313,1.813706012370539,360.3694853327517,482.76614271410034,29.671111111111117,450.0,False,False
I-95 NB,GP,110+04156,2025-10-08,671.0,4,48.08290756729464,8000.0,96,0.9,43.27461681056518,True,3.815260600254906,26389.251907329595,3.2986564884161993,348.2087878481185,577.1244238634129,23.80222222222223,480.0,False,False
I-95 NB,GP,110+04156,2025-10-09,671.0,4,48.08290756729464,8000.0,96,0.9,43.27461681056518,True,3.0760897461726766,21537.08113378503,2.6921351417231287,360.2138037696598,544.7791885400204,26.903333333333332,450.0,False,False
I-95 NB,GP,110+04156,2025-10-10,671.0,4,48.08290756729464,8000.0,96,0.9,43.27461681056518,True,3.163898769313811,17880.23294819893,2.2350291185248663,343.18272173079896,533.0166478896276,5.579999999999999,420.0,False,False
I-95 NB,GP,110+04156,2025-10-13,671.0,4,48.08290756729464,8000.0,96,0.9,43.27461681056518,False,0.0,0.0,0.0,,,,,False,False
I-95 NB,GP,110+04156,2025-10-14,671.0,4,48.08290756729464,8000.0,96,0.9,43.27461681056518,True,3.869720475581181,26628.69449505693,3.3285868118821162,358.74231993975116,590.925548474622,19.271111111111114,495.0,False,False
I-95 NB,GP,110+04156,2025-10-15,671.0,4,48.08290756729464,8000.0,96,0.9,43.27461681056518,True,2.853162732966745,21651.695135919665,2.706461891989958,354.86243864327065,526.0522026212753,28.233333333333334,450.0,False,False
I-95 NB,GP,110+04156,2025-10-16,671.0,4,48.08290756729464,8000.0,96,0.9,43.27461681056518,True,4.1767698405333515,28504.082590038724,3.5630103237548405,345.33289459889306,595.9390850308941,22.135555555555555,510.0,False,False
I-95 NB,GP,110+04156,2025-10-17,671.0,4,48.08290756729464,8000.0,96,0.9,43.27461681056518,True,2.2007830694719197,16448.85541842374,2.0561069273029675,380.5518713665062,512.5988555348214,29.27,465.0,False,False
I-95 NB,GP,110+04156,2025-10-20,671.0,4,48.08290756729464,8000.0,96,0.9,43.27461681056518,True,1.1310275471760225,7406.951079701363,0.9258688849626704,422.031465614753,489.89311844531437,31.198888888888877,450.0,False,False
I-95 NB,GP,110+04156,2025-10-21,671.0,4,48.08290756729464,8000.0,96,0.9,43.27461681056518,True,1.4071449295614258,11006.250077617338,1.3757812597021672,374.9004956892537,459.32919146293926,30.74666666666667,435.0,False,False
I-95 NB,GP,110+04156,2025-10-22,671.0,4,48.08290756729464,8000.0,96,0.9,43.27461681056518,True,2.903711509083841,21479.04010345181,2.6848800129314765,357.68927850653324,531.9119690515637,26.13,450.0,False,False
I-95 NB,GP,110+04156,2025-10-23,671.0,4,48.08290756729464,8000.0,96,0.9,43.27461681056518,True,2.84656234010245,21152.322473141485,2.6440403091426856,357.4198886272552,528.2136290334022,24.75555555555556,450.0,False,False
I-95 NB,GP,110+04156,2025-10-24,671.0,4,48.08290756729464,8000.0,96,0.9,43.27461681056518,True,2.0834197613801755,14451.418749271295,1.806427343658912,362.04411345806153,487.04929914087205,28.721111111111117,405.0,False,False
I-95 NB,GP,110+04156,2025-10-27,671.0,4,48.08290756729464,8000.0,96,0.9,43.27461681056518,True,2.486977989748694,18357.76234440938,2.2947202930511725,354.2363307943114,503.45501017923306,30.515555555555554,435.0,False,False
I-95 NB,GP,110+04156,2025-10-28,671.0,4,48.08290756729464,8000.0,96,0.9,43.27461681056518,True,2.636285752605724,17909.99996661563,2.2387499958269537,360.7649372389365,518.94208239528,28.21333333333334,435.0,False,False
I-95 NB,GP,110+04156,2025-10-29,671.0,4,48.08290756729464,8000.0,96,0.9,43.27461681056518,True,2.395567289776438,18289.700898228166,2.2862126122785207,429.56569522307376,573.29973260966,26.86222222222223,465.0,False,False
I-95 NB,GP,110+04156,2025-10-30,671.0,4,48.08290756729464,8000.0,96,0.9,43.27461681056518,True,4.297299666734213,31500.540586678642,3.9375675733348303,354.36213578801954,612.2001157920723,28.223333333333333,435.0,False,False
I-95 NB,GP,110+04156,2025-10-31,671.0,4,48.08290756729464,8000.0,96,0.9,43.27461681056518,True,2.0402808734556297,15091.579144868296,1.886447393108537,379.4714063291945,501.8882587365323,31.572222222222223,465.0,False,False
I-95 NB,GP,110P04156,2025-10-01,672.0,4,48.64187547782261,7600.0,96,0.9,43.77768793004035,True,4.5298048497425025,28752.296450413705,3.7831969013702245,361.5757932339819,633.3640842185321,19.052222222222223,570.0,False,False
I-95 NB,GP,110P04156,2025-10-02,672.0,4,48.64187547782261,7600.0,96,0.9,43.77768793004035,True,0.6528239096590909,5540.172363200878,0.7289700477895892,372.2423400994125,411.41177467895795,39.94777777777778,390.0,False,False
I-95 NB,GP,110P04156,2025-10-03,672.0,4,48.64187547782261,7600.0,96,0.9,43.77768793004035,True,1.2463943993082003,9125.48151175921,1.2007212515472645,386.04438625880795,460.82805021729996,36.40888888888889,405.0,False,False
I-95 NB,GP,110P04156,2025-10-06,672.0,4,48.64187547782261,7600.0,96,0.9,43.77768793004035,True,2.0113614668251283,14767.334488432756,1.9430703274253627,379.02362591880086,499.70531392830856,38.07333333333333,450.0,False,False
I-95 NB,GP,110P04156,2025-10-07,672.0,4,48.64187547782261,7600.0,96,0.9,43.77768793004035,True,1.7131555212127105,11113.521810545837,1.46230550138761,376.1690147944349,478.9583460671975,39.565555555555555,450.0,False,False
I-95 NB,GP,110P04156,2025-10-08,672.0,4,48.64187547782261,7600.0,96,0.9,43.77768793004035,True,3.3442802361944794,22471.587655569434,2.9567878494170308,350.3616615255162,551.018475697185,28.176666666666673,510.0,False,False
I-95 NB,GP,110P04156,2025-10-09,672.0,4,48.64187547782261,7600.0,96,0.9,43.77768793004035,True,2.7079758610370184,19881.33690048352,2.6159653816425683,369.5646902546587,532.0432419168798,35.276666666666664,510.0,False,False
I-95 NB,GP,110P04156,2025-10-10,672.0,4,48.64187547782261,7600.0,96,0.9,43.77768793004035,True,2.50178581046704,12140.689599996364,1.5974591578942583,341.88162336979974,491.98877199782214,6.067777777777773,420.0,False,False
I-95 NB,GP,110P04156,2025-10-13,672.0,4,48.64187547782261,7600.0,96,0.9,43.77768793004035,False,0.0,0.0,0.0,,,,,False,False
I-95 NB,GP,110P04156,2025-10-14,672.0,4,48.64187547782261,7600.0,96,0.9,43.77768793004035,True,3.5836969107626517,22843.546694216922,3.0057298281864373,362.14334490471737,577.1651595504765,22.377777777777776,495.0,False,False
I-95 NB,GP,110P04156,2025-10-15,672.0,4,48.64187547782261,7600.0,96,0.9,43.77768793004035,True,2.850636932436471,20918.334153660326,2.7524123886395166,354.4195872203056,525.4578031664938,29.74555555555556,465.0,False,False
I-95 NB,GP,110P04156,2025-10-16,672.0,4,48.64187547782261,7600.0,96,0.9,43.77768793004035,True,3.3339500141918657,22968.507731927722,3.0221720699904897,353.26358609606336,553.3005869475753,23.04444444444444,510.0,False,False
I-95 NB,GP,110P04156,2025-10-17,672.0,4,48.64187547782261,7600.0,96,0.9,43.77768793004035,True,1.4540668142896152,10990.661257192927,1.4461396391043326,385.4490210536337,472.6930299110106,39.065555555555555,420.0,False,False
I-95 NB,GP,110P04156,2025-10-20,672.0,4,48.64187547782261,7600.0,96,0.9,43.77768793004035,False,0.0,0.0,0.0,,,,,False,False
I-95 NB,GP,110P04156,2025-10-21,672.0,4,48.64187547782261,7600.0,96,0.9,43.77768793004035,True,1.084186853206567,9094.924404058156,1.1967005794813363,385.2751859310604,450.3263971234544,36.436666666666675,405.0,False,False
I-95 NB,GP,110P04156,2025-10-22,672.0,4,48.64187547782261,7600.0,96,0.9,43.77768793004035,True,2.6638583490363117,17717.05723407745,2.33119174132598,363.1469407179555,522.9784416601342,33.11555555555555,450.0,False,False
I-95 NB,GP,110P04156,2025-10-23,672.0,4,48.64187547782261,7600.0,96,0.9,43.77768793004035,True,2.5873871322588626,17453.185432431266,2.2964717674251665,361.2842620187347,516.5274899542665,30.707777777777782,390.0,False,False
I-95 NB,GP,110P04156,2025-10-24,672.0,4,48.64187547782261,7600.0,96,0.9,43.77768793004035,True,1.6357012877416148,12717.19411945148,1.6733150157173,366.935172479977,465.0772497444739,33.91444444444445,405.0,False,False
I-95 NB,GP,110P04156,2025-10-27,672.0,4,48.64187547782261,7600.0,96,0.9,43.77768793004035,True,1.9750402648477006,14432.81038186976,1.899053997614442,352.12782636016277,470.6302422510248,36.48555555555555,390.0,False,False
I-95 NB,GP,110P04156,2025-10-28,672.0,4,48.64187547782261,7600.0,96,0.9,43.77768793004035,True,2.325420826239524,16202.072547482767,2.1318516509845744,365.42843457607876,504.9536841504502,33.25888888888889,390.0,False,False
I-95 NB,GP,110P04156,2025-10-29,672.0,4,48.64187547782261,7600.0,96,0.9,43.77768793004035,True,1.5295200243041147,10560.735337836446,1.389570439189006,437.85207440190777,529.6232758601546,32.312222222222225,495.0,False,False
I-95 NB,GP,110P04156,2025-10-30,672.0,4,48.64187547782261,7600.0,96,0.9,43.77768793004035,True,2.8272897687620855,19965.6122367262,2.6270542416744997,353.3832835448303,523.0206696705554,33.86000000000001,450.0,False,False
I-95 NB,GP,110P04156,2025-10-31,672.0,4,48.64187547782261,7600.0,96,0.9,43.77768793004035,True,1.4532284033514942,10636.046025355137,1.3994797401783075,422.93289318002644,510.1265973811161,32.955555555555556,480.0,False,False
I-95 NB,GP,110+04157,2025-10-01,673.0,4,48.92471819029723,7600.0,96,0.9,44.032246371267505,True,4.599048631706368,31374.15231417505,4.128177936075665,354.1057545050544,630.0486724074365,20.87888888888888,570.0,False,False
I-95 NB,GP,110+04157,2025-10-02,673.0,4,48.92471819029723,7600.0,96,0.9,44.032246371267505,True,0.6858508644266663,5464.834726170827,0.7190572008119509,370.32326563264854,411.4743174982485,38.25555555555555,390.0,False,False
I-95 NB,GP,110+04157,2025-10-03,673.0,4,48.92471819029723,7600.0,96,0.9,44.032246371267505,False,0.0,0.0,0.0,,,,,False,False
I-95 NB,GP,110+04157,2025-10-06,673.0,4,48.92471819029723,7600.0,96,0.9,44.032246371267505,True,1.9443997947783884,14940.94849982289,1.9659142762924857,383.42499881068,500.0889864973833,41.04666666666666,480.0,False,False
I-95 NB,GP,110+04157,2025-10-07,673.0,4,48.92471819029723,7600.0,96,0.9,44.032246371267505,True,0.5551610691363408,3739.0981373239765,0.4919865970163127,384.93716248051715,418.2468266286976,42.27777777777778,405.0,False,False
I-95 NB,GP,110+04157,2025-10-08,673.0,4,48.92471819029723,7600.0,96,0.9,44.032246371267505,True,3.3198491983462675,23108.02861661594,3.040530081133676,348.84421682749456,548.0351687282706,29.78222222222222,510.0,False,False
I-95 NB,GP,110+04157,2025-10-09,673.0,4,48.92471819029723,7600.0,96,0.9,44.032246371267505,True,2.5151878347684904,18369.80659416298,2.4170798150214448,380.8190266415486,531.730296727658,38.577777777777776,510.0,False,False
I-95 NB,GP,110+04157,2025-10-10,673.0,4,48.92471819029723,7600.0,96,0.9,44.032246371267505,True,2.367152998402956,12724.50998490072,1.6742776295922,339.7059719688482,481.73515187302553,7.375555555555555,405.0,False,False
I-95 NB,GP,110+04157,2025-10-13,673.0,4,48.92471819029723,7600.0,96,0.9,44.032246371267505,False,0.0,0.0,0.0,,,,,False,False
I-95 NB,GP,110+04157,2025-10-14,673.0,4,48.92471819029723,7600.0,96,0.9,44.032246371267505,True,3.5446989562012248,24323.05150601885,3.2004015139498487,361.8857561057061,574.5676934777796,27.631111111111114,525.0,False,False
I-95 NB,GP,110+04157,2025-10-15,673.0,4,48.92471819029723,7600.0,96,0.9,44.032246371267505,True,2.809396174254246,19757.2394606296,2.5996367711354735,354.9140099570704,523.4777804123252,34.52555555555556,480.0,False,False
I-95 NB,GP,110+04157,2025-10-16,673.0,4,48.92471819029723,7600.0,96,0.9,44.032246371267505,True,1.4313874729938363,8451.934119013635,1.1120965946070571,465.0979325991521,550.9811809787823,25.582222222222224,510.0,False,False
I-95 NB,GP,110+04157,2025-10-17,673.0,4,48.92471819029723,7600.0,96,0.9,44.032246371267505,True,1.2967143997494361,9228.40679438438,1.2142640518926815,384.0789578303987,461.88182181536484,41.15111111111111,390.0,False,False
I-95 NB,GP,110+04157,2025-10-20,673.0,4,48.92471819029723,7600.0,96,0.9,44.032246371267505,False,0.0,0.0,0.0,,,,,False,False
I-95 NB,GP,110+04157,2025-10-21,673.0,4,48.92471819029723,7600.0,96,0.9,44.032246371267505,True,0.8407954881408225,7409.97467913309,0.9749966683069855,388.17339084270867,438.621120131158,39.607777777777784,405.0,False,False
I-95 NB,GP,110+04157,2025-10-22,673.0,4,48.92471819029723,7600.0,96,0.9,44.032246371267505,True,2.6963938220381873,19943.434122745315,2.624136068782278,358.757821076311,520.5414503986023,35.31444444444443,390.0,False,False
I-95 NB,GP,110+04157,2025-10-23,673.0,4,48.92471819029723,7600.0,96,0.9,44.032246371267505,True,2.6658072292556567,19733.674700432883,2.5965361447938005,365.50076509535376,525.4491988506932,32.083333333333336,390.0,False,False
I-95 NB,GP,110+04157,2025-10-24,673.0,4,48.92471819029723,7600.0,96,0.9,44.032246371267505,True,2.0169194300935573,14738.559781054697,1.9392841817177233,361.35141910247796,482.3665849080914,36.410000000000004,405.0,False,False
I-95 NB,GP,110+04157,2025-10-27,673.0,4,48.92471819029723,7600.0,96,0.9,44.032246371267505,True,1.6824456717556378,12735.168733187033,1.675680096471978,352.1111933147809,453.0579336201192,36.94111111111111,375.0,False,False
I-95 NB,GP,110+04157,2025-10-28,673.0,4,48.92471819029723,7600.0,96,0.9,44.032246371267505,True,2.1773082656921257,16573.256962369076,2.1806917055748785,369.13603307416736,499.7745290156949,36.65333333333333,390.0,False,False
I-95 NB,GP,110+04157,2025-10-29,673.0,4,48.92471819029723,7600.0,96,0.9,44.032246371267505,True,1.0179671769877454,7301.4665753413465,0.9607192862291245,456.15400880289496,517.2320394221597,38.47777777777778,495.0,False,False
I-95 NB,GP,110+04157,2025-10-30,673.0,4,48.92471819029723,7600.0,96,0.9,44.032246371267505,True,2.9059426676537794,21782.13986493425,2.86607103485977,343.5366506741611,517.8932107333878,34.668888888888894,420.0,False,False
I-95 NB,GP,110+04157,2025-10-31,673.0,4,48.92471819029723,7600.0,96,0.9,44.032246371267505,True,1.470580907671669,10553.608024538778,1.388632634807734,427.54186092581784,515.776715386118,31.087777777777774,495.0,False,False
I-95 NB,GP,110P04157,2025-10-01,674.0,4,48.076190052873365,7600.0,96,0.9,43.26857104758603,True,4.346993362458692,27449.047146856446,3.6117167298495323,365.5388152282391,626.3584169757606,19.492222222222235,525.0,False,False
I-95 NB,GP,110P04157,2025-10-02,674.0,4,48.076190052873365,7600.0,96,0.9,43.26857104758603,True,0.543400120688104,3677.059688667267,0.48382364324569305,367.3219216844785,399.92592892576477,40.79111111111111,375.0,False,False
I-95 NB,GP,110P04157,2025-10-03,674.0,4,48.076190052873365,7600.0,96,0.9,43.26857104758603,False,0.0,0.0,0.0,,,,,False,False
I-95 NB,GP,110P04157,2025-10-06,674.0,4,48.076190052873365,7600.0,96,0.9,43.26857104758603,False,0.0,0.0,0.0,,,,,False,False
I-95 NB,GP,110P04157,2025-10-07,674.0,4,48.076190052873365,7600.0,96,0.9,43.26857104758603,True,0.6513438284963116,5370.470322752554,0.7066408319411256,472.14025213780604,511.22088184758474,35.55111111111111,495.0,False,False
I-95 NB,GP,110P04157,2025-10-08,674.0,4,48.076190052873365,7600.0,96,0.9,43.26857104758603,True,1.6887307753426504,12387.172834018065,1.6298911623707981,448.72794346427537,550.0517899848344,30.054444444444442,510.0,False,False
I-95 NB,GP,110P04157,2025-10-09,674.0,4,48.076190052873365,7600.0,96,0.9,43.26857104758603,True,0.6322499220963446,5448.681723278093,0.7169318056944859,491.9164436659084,529.8514389916891,38.39222222222222,510.0,False,False
I-95 NB,GP,110P04157,2025-10-10,674.0,4,48.076190052873365,7600.0,96,0.9,43.26857104758603,True,2.397228432547372,13580.490600232875,1.7869066579253783,338.94475768649903,482.77846363934134,10.657777777777776,405.0,False,False
I-95 NB,GP,110P04157,2025-10-13,674.0,4,48.076190052873365,7600.0,96,0.9,43.26857104758603,False,0.0,0.0,0.0,,,,,False,False
I-95 NB,GP,110P04157,2025-10-14,674.0,4,48.076190052873365,7600.0,96,0.9,43.26857104758603,True,3.329456630843301,24829.54807848984,3.2670457998012945,371.53534527358624,571.3027431241843,26.055555555555554,495.0,False,False
I-95 NB,GP,110P04157,2025-10-15,674.0,4,48.076190052873365,7600.0,96,0.9,43.26857104758603,True,1.464388211551836,10631.903382445213,1.3989346555848965,439.8142168212135,527.6775095143237,32.54555555555555,480.0,False,False
I-95 NB,GP,110P04157,2025-10-16,674.0,4,48.076190052873365,7600.0,96,0.9,43.26857104758603,True,1.394714036646754,8277.344066023668,1.0891242192136406,469.6473481344898,553.330190333295,23.474444444444455,510.0,False,False
I-95 NB,GP,110P04157,2025-10-17,674.0,4,48.076190052873365,7600.0,96,0.9,43.26857104758603,False,0.0,0.0,0.0,,,,,False,False
I-95 NB,GP,110P04157,2025-10-20,674.0,4,48.076190052873365,7600.0,96,0.9,43.26857104758603,False,0.0,0.0,0.0,,,,,False,False
I-95 NB,GP,110P04157,2025-10-21,674.0,4,48.076190052873365,7600.0,96,0.9,43.26857104758603,False,0.0,0.0,0.0,,,,,False,False
I-95 NB,GP,110P04157,2025-10-22,674.0,4,48.076190052873365,7600.0,96,0.9,43.26857104758603,True,0.7988758652796216,5303.410426007054,0.6978171613167177,475.40317880743413,523.3357307242114,35.422222222222224,510.0,False,False
I-95 NB,GP,110P04157,2025-10-23,674.0,4,48.076190052873365,7600.0,96,0.9,43.26857104758603,True,0.8181576926410751,5515.110927959851,0.7256724905210331,381.3464069950654,430.43586855352993,39.70777777777778,390.0,False,False
I-95 NB,GP,110P04157,2025-10-24,674.0,4,48.076190052873365,7600.0,96,0.9,43.26857104758603,False,0.0,0.0,0.0,,,,,False,False
I-95 NB,GP,110P04157,2025-10-27,674.0,4,48.076190052873365,7600.0,96,0.9,43.26857104758603,True,1.0356367077045225,9298.358024977084,1.2234681611811953,358.08517698018505,420.2233794424564,39.51888888888889,375.0,False,False
I-95 NB,GP,110P04157,2025-10-28,674.0,4,48.076190052873365,7600.0,96,0.9,43.26857104758603,True,0.5058656614263147,3728.0551161439844,0.49053356791368213,382.7891407046536,413.1410803902325,41.70888888888888,390.0,False,False
I-95 NB,GP,110P04157,2025-10-29,674.0,4,48.076190052873365,7600.0,96,0.9,43.26857104758603,True,0.7397108328198063,5446.716605512145,0.7166732375673875,474.0297102942443,518.4123602634327,37.55888888888889,495.0,False,False
I-95 NB,GP,110P04157,2025-10-30,674.0,4,48.076190052873365,7600.0,96,0.9,43.26857104758603,True,2.106805624891502,14742.396266930238,1.9397889824908208,345.5712522135125,471.9795897070026,37.33777777777778,405.0,False,False
I-95 NB,GP,110P04157,2025-10-31,674.0,4,48.076190052873365,7600.0,96,0.9,43.26857104758603,True,1.4348200772126063,10507.223397405134,1.3825293943954124,429.04685290473674,515.1360575374931,29.54444444444444,495.0,False,False
I-95 NB,GP,110+04158,2025-10-01,675.0,4,46.66162293710968,7600.0,96,0.9,41.99546064339871,True,2.8111102261204772,17552.941526127808,2.309597569227343,453.01831633806864,621.6849299052973,18.433333333333334,555.0,False,False
I-95 NB,GP,110+04158,2025-10-02,675.0,4,46.66162293710968,7600.0,96,0.9,41.99546064339871,False,0.0,0.0,0.0,,,,,False,False
I-95 NB,GP,110+04158,2025-10-03,675.0,4,46.66162293710968,7600.0,96,0.9,41.99546064339871,False,0.0,0.0,0.0,,,,,False,False
I-95 NB,GP,110+04158,2025-10-06,675.0,4,46.66162293710968,7600.0,96,0.9,41.99546064339871,False,0.0,0.0,0.0,,,,,False,False
I-95 NB,GP,110+04158,2025-10-07,675.0,4,46.66162293710968,7600.0,96,0.9,41.99546064339871,True,0.8319008273587201,5171.581481837422,0.6804712476101871,468.9236652617585,518.8377149032817,30.733333333333338,495.0,False,False
I-95 NB,GP,110+04158,2025-10-08,675.0,4,46.66162293710968,7600.0,96,0.9,41.99546064339871,True,1.5292084571938414,10551.31867256476,1.3883314042848367,459.11061702012734,550.8631244517578,29.585555555555555,510.0,False,False
I-95 NB,GP,110+04158,2025-10-09,675.0,4,46.66162293710968,7600.0,96,0.9,41.99546064339871,True,0.5056205296482366,3590.0237039692474,0.4723715399959536,497.08876553090727,527.4259973098015,38.835555555555565,510.0,False,False
I-95 NB,GP,110+04158,2025-10-10,675.0,4,46.66162293710968,7600.0,96,0.9,41.99546064339871,True,2.2729359705384904,13740.765898943471,1.8079955130188778,339.00861975975056,475.38477799206,18.052222222222227,405.0,False,False
I-95 NB,GP,110+04158,2025-10-13,675.0,4,46.66162293710968,7600.0,96,0.9,41.99546064339871,False,0.0,0.0,0.0,,,,,False,False
I-95 NB,GP,110+04158,2025-10-14,675.0,4,46.66162293710968,7600.0,96,0.9,41.99546064339871,True,1.7686078161038314,11987.2646123134,1.577271659514921,460.2429160254206,566.3593849916505,25.257777777777786,510.0,False,False
I-95 NB,GP,110+04158,2025-10-15,675.0,4,46.66162293710968,7600.0,96,0.9,41.99546064339871,True,1.4568905407168737,10659.41978664343,1.4025552350846617,441.9533129003331,529.3667453433455,32.71,480.0,False,False
I-95 NB,GP,110+04158,2025-10-16,675.0,4,46.66162293710968,7600.0,96,0.9,41.99546064339871,True,1.2637327053211407,8237.402854053715,1.083868796586015,473.315863777267,549.1398260965354,22.461111111111112,510.0,False,False
I-95 NB,GP,110+04158,2025-10-17,675.0,4,46.66162293710968,7600.0,96,0.9,41.99546064339871,False,0.0,0.0,0.0,,,,,False,False
I-95 NB,GP,110+04158,2025-10-20,675.0,4,46.66162293710968,7600.0,96,0.9,41.99546064339871,False,0.0,0.0,0.0,,,,,False,False
I-95 NB,GP,110+04158,2025-10-21,675.0,4,46.66162293710968,7600.0,96,0.9,41.99546064339871,False,0.0,0.0,0.0,,,,,False,False
I-95 NB,GP,110+04158,2025-10-22,675.0,4,46.66162293710968,7600.0,96,0.9,41.99546064339871,True,0.5043454240106134,3634.879487540901,0.47827361678169755,486.2831461897253,516.5438716303621,39.18111111111111,510.0,False,False
I-95 NB,GP,110+04158,2025-10-23,675.0,4,46.66162293710968,7600.0,96,0.9,41.99546064339871,False,0.0,0.0,0.0,,,,,False,False
I-95 NB,GP,110+04158,2025-10-24,675.0,4,46.66162293710968,7600.0,96,0.9,41.99546064339871,False,0.0,0.0,0.0,,,,,False,False
I-95 NB,GP,110+04158,2025-10-27,675.0,4,46.66162293710968,7600.0,96,0.9,41.99546064339871,False,0.0,0.0,0.0,,,,,False,False
I-95 NB,GP,110+04158,2025-10-28,675.0,4,46.66162293710968,7600.0,96,0.9,41.99546064339871,False,0.0,0.0,0.0,,,,,False,False
I-95 NB,GP,110+04158,2025-10-29,675.0,4,46.66162293710968,7600.0,96,0.9,41.99546064339871,True,0.5790586210610125,3558.130952358022,0.46817512531026606,482.41883742539807,517.1623546890588,37.33111111111111,495.0,False,False
I-95 NB,GP,110+04158,2025-10-30,675.0,4,46.66162293710968,7600.0,96,0.9,41.99546064339871,True,1.433126489816623,9318.110666523482,1.226067192963616,360.1334689286908,446.12105831768815,39.623333333333335,405.0,False,False
I-95 NB,GP,110+04158,2025-10-31,675.0,4,46.66162293710968,7600.0,96,0.9,41.99546064339871,True,1.1642412559323863,9025.800320879724,1.187605305378911,441.4400928921993,511.29456824814247,33.72222222222222,495.0,False,False
I-95 NB,GP,110P04159,2025-10-01,676.001,4,47.517575695736,7600.0,96,0.9,42.7658181261624,True,1.7338778916835205,8736.584279317016,1.1495505630680285,481.70217546541267,585.7348489664239,8.831111111111111,525.0,False,False
I-95 NB,GP,110P04159,2025-10-02,676.001,4,47.517575695736,7600.0,96,0.9,42.7658181261624,True,1.5368202516140115,7212.008455154947,0.9489484809414405,487.0703394534621,579.2795545503028,8.32111111111111,525.0,False,False
I-95 NB,GP,110P04159,2025-10-03,676.001,4,47.517575695736,7600.0,96,0.9,42.7658181261624,False,0.0,0.0,0.0,,,,,False,False
I-95 NB,GP,110P04159,2025-10-06,676.001,4,47.517575695736,7600.0,96,0.9,42.7658181261624,False,0.0,0.0,0.0,,,,,False,False
I-95 NB,GP,110P04159,2025-10-07,676.001,4,47.517575695736,7600.0,96,0.9,42.7658181261624,False,0.0,0.0,0.0,,,,,False,False
I-95 NB,GP,110P04159,2025-10-08,676.001,4,47.517575695736,7600.0,96,0.9,42.7658181261624,True,0.9692499199261306,6084.8424529863805,0.8006371648666291,494.0913005706484,552.2462957662162,19.063333333333333,525.0,False,False
I-95 NB,GP,110P04159,2025-10-09,676.001,4,47.517575695736,7600.0,96,0.9,42.7658181261624,True,1.351342436822399,7964.290388429228,1.047932945845951,468.91201155248274,549.9925577618267,20.412222222222226,510.0,False,False
I-95 NB,GP,110P04159,2025-10-10,676.001,4,47.517575695736,7600.0,96,0.9,42.7658181261624,False,0.0,0.0,0.0,,,,,False,False
I-95 NB,GP,110P04159,2025-10-13,676.001,4,47.517575695736,7600.0,96,0.9,42.7658181261624,False,0.0,0.0,0.0,,,,,False,False
I-95 NB,GP,110P04159,2025-10-14,676.001,4,47.517575695736,7600.0,96,0.9,42.7658181261624,True,0.7227659091914252,4817.555312612853,0.6338888569227439,511.69971524318487,555.0656697946704,30.38,540.0,False,False
I-95 NB,GP,110P04159,2025-10-15,676.001,4,47.517575695736,7600.0,96,0.9,42.7658181261624,True,1.1623610577325583,5581.208879919006,0.7343695894630271,481.0002828037983,550.7419462677518,17.748888888888885,510.0,False,False
I-95 NB,GP,110P04159,2025-10-16,676.001,4,47.517575695736,7600.0,96,0.9,42.7658181261624,True,1.562346552324979,7666.257260406968,1.0087180605798642,474.94131030243597,568.6821034419347,11.124444444444444,510.0,False,False
I-95 NB,GP,110P04159,2025-10-17,676.001,4,47.517575695736,7600.0,96,0.9,42.7658181261624,False,0.0,0.0,0.0,,,,,False,False
I-95 NB,GP,110P04159,2025-10-20,676.001,4,47.517575695736,7600.0,87,0.9,42.7658181261624,False,0.0,0.0,0.0,,,,,False,False
I-95 NB,GP,110P04159,2025-10-21,676.001,4,47.517575695736,7600.0,96,0.9,42.7658181261624,False,0.0,0.0,0.0,,,,,False,False
I-95 NB,GP,110P04159,2025-10-22,676.001,4,47.517575695736,7600.0,96,0.9,42.7658181261624,False,0.0,0.0,0.0,,,,,False,False
I-95 NB,GP,110P04159,2025-10-23,676.001,4,47.517575695736,7600.0,96,0.9,42.7658181261624,False,0.0,0.0,0.0,,,,,False,False
I-95 NB,GP,110P04159,2025-10-24,676.001,4,47.517575695736,7600.0,96,0.9,42.7658181261624,False,0.0,0.0,0.0,,,,,False,False
I-95 NB,GP,110P04159,2025-10-27,676.001,4,47.517575695736,7600.0,96,0.9,42.7658181261624,False,0.0,0.0,0.0,,,,,False,False
I-95 NB,GP,110P04159,2025-10-28,676.001,4,47.517575695736,7600.0,96,0.9,42.7658181261624,True,1.4690586210852576,10365.072407115826,1.3638253167257666,453.4932094306649,541.6367266957803,33.87777777777777,525.0,False,False
I-95 NB,GP,110P04159,2025-10-29,676.001,4,47.517575695736,7600.0,96,0.9,42.7658181261624,False,0.0,0.0,0.0,,,,,False,False
I-95 NB,GP,110P04159,2025-10-30,676.001,4,47.517575695736,7600.0,96,0.9,42.7658181261624,False,0.0,0.0,0.0,,,,,False,False
I-95 NB,GP,110P04159,2025-10-31,676.001,4,47.517575695736,7600.0,96,0.9,42.7658181261624,False,0.0,0.0,0.0,,,,,False,False
I-95 NB,GP,110P04146,2025-10-01,652.0,3,50.904617177619556,6000.0,96,0.95,48.35938631873858,False,0.0,0.0,0.0,,,,,False,False
I-95 NB,GP,110P04146,2025-10-02,652.0,3,50.904617177619556,6000.0,96,0.95,48.35938631873858,False,0.0,0.0,0.0,,,,,False,False
I-95 NB,GP,110P04146,2025-10-03,652.0,3,50.904617177619556,6000.0,96,0.95,48.35938631873858,False,0.0,0.0,0.0,,,,,False,False
I-95 NB,GP,110P04146,2025-10-06,652.0,3,50.904617177619556,6000.0,96,0.95,48.35938631873858,False,0.0,0.0,0.0,,,,,False,False
I-95 NB,GP,110P04146,2025-10-07,652.0,3,50.904617177619556,6000.0,96,0.95,48.35938631873858,False,0.0,0.0,0.0,,,,,False,False
I-95 NB,GP,110P04146,2025-10-08,652.0,3,50.904617177619556,6000.0,96,0.95,48.35938631873858,False,0.0,0.0,0.0,,,,,False,False
I-95 NB,GP,110P04146,2025-10-09,652.0,3,50.904617177619556,6000.0,96,0.95,48.35938631873858,False,0.0,0.0,0.0,,,,,False,False
I-95 NB,GP,110P04146,2025-10-10,652.0,3,50.904617177619556,6000.0,96,0.95,48.35938631873858,False,0.0,0.0,0.0,,,,,False,False
I-95 NB,GP,110P04146,2025-10-13,652.0,3,50.904617177619556,6000.0,96,0.95,48.35938631873858,False,0.0,0.0,0.0,,,,,False,False
I-95 NB,GP,110P04146,2025-10-14,652.0,3,50.904617177619556,6000.0,96,0.95,48.35938631873858,False,0.0,0.0,0.0,,,,,False,False
I-95 NB,GP,110P04146,2025-10-15,652.0,3,50.904617177619556,6000.0,96,0.95,48.35938631873858,False,0.0,0.0,0.0,,,,,False,False
I-95 NB,GP,110P04146,2025-10-16,652.0,3,50.904617177619556,6000.0,96,0.95,48.35938631873858,False,0.0,0.0,0.0,,,,,False,False
I-95 NB,GP,110P04146,2025-10-17,652.0,3,50.904617177619556,6000.0,96,0.95,48.35938631873858,False,0.0,0.0,0.0,,,,,False,False
I-95 NB,GP,110P04146,2025-10-20,652.0,3,50.904617177619556,6000.0,96,0.95,48.35938631873858,False,0.0,0.0,0.0,,,,,False,False
I-95 NB,GP,110P04146,2025-10-21,652.0,3,50.904617177619556,6000.0,96,0.95,48.35938631873858,False,0.0,0.0,0.0,,,,,False,False
I-95 NB,GP,110P04146,2025-10-22,652.0,3,50.904617177619556,6000.0,96,0.95,48.35938631873858,False,0.0,0.0,0.0,,,,,False,False
I-95 NB,GP,110P04146,2025-10-23,652.0,3,50.904617177619556,6000.0,96,0.95,48.35938631873858,False,0.0,0.0,0.0,,,,,False,False
I-95 NB,GP,110P04146,2025-10-24,652.0,3,50.904617177619556,6000.0,96,0.95,48.35938631873858,False,0.0,0.0,0.0,,,,,False,False
I-95 NB,GP,110P04146,2025-10-27,652.0,3,50.904617177619556,6000.0,96,0.95,48.35938631873858,False,0.0,0.0,0.0,,,,,False,False
I-95 NB,GP,110P04146,2025-10-28,652.0,3,50.904617177619556,6000.0,96,0.95,48.35938631873858,False,0.0,0.0,0.0,,,,,False,False
I-95 NB,GP,110P04146,2025-10-29,652.0,3,50.904617177619556,6000.0,96,0.95,48.35938631873858,False,0.0,0.0,0.0,,,,,False,False
I-95 NB,GP,110P04146,2025-10-30,652.0,3,50.904617177619556,6000.0,96,0.95,48.35938631873858,True,2.271298774983824,9533.745645326298,1.588957607554383,381.2886549549352,517.5665814539647,9.64111111111111,420.0,False,False
I-95 NB,GP,110P04146,2025-10-31,652.0,3,50.904617177619556,6000.0,96,0.95,48.35938631873858,False,0.0,0.0,0.0,,,,,False,False
I-95 NB,GP,110+04147,2025-10-01,653.0,3,50.91168824543143,6000.0,96,0.95,48.366103833159855,False,0.0,0.0,0.0,,,,,False,False
I-95 NB,GP,110+04147,2025-10-02,653.0,3,50.91168824543143,6000.0,96,0.95,48.366103833159855,False,0.0,0.0,0.0,,,,,False,False
I-95 NB,GP,110+04147,2025-10-03,653.0,3,50.91168824543143,6000.0,96,0.95,48.366103833159855,False,0.0,0.0,0.0,,,,,False,False
I-95 NB,GP,110+04147,2025-10-06,653.0,3,50.91168824543143,6000.0,96,0.95,48.366103833159855,False,0.0,0.0,0.0,,,,,False,False
I-95 NB,GP,110+04147,2025-10-07,653.0,3,50.91168824543143,6000.0,96,0.95,48.366103833159855,False,0.0,0.0,0.0,,,,,False,False
I-95 NB,GP,110+04147,2025-10-08,653.0,3,50.91168824543143,6000.0,96,0.95,48.366103833159855,False,0.0,0.0,0.0,,,,,False,False
I-95 NB,GP,110+04147,2025-10-09,653.0,3,50.91168824543143,6000.0,96,0.95,48.366103833159855,False,0.0,0.0,0.0,,,,,False,False
I-95 NB,GP,110+04147,2025-10-10,653.0,3,50.91168824543143,6000.0,96,0.95,48.366103833159855,False,0.0,0.0,0.0,,,,,False,False
I-95 NB,GP,110+04147,2025-10-13,653.0,3,50.91168824543143,6000.0,96,0.95,48.366103833159855,False,0.0,0.0,0.0,,,,,False,False
I-95 NB,GP,110+04147,2025-10-14,653.0,3,50.91168824543143,6000.0,96,0.95,48.366103833159855,False,0.0,0.0,0.0,,,,,False,False
I-95 NB,GP,110+04147,2025-10-15,653.0,3,50.91168824543143,6000.0,96,0.95,48.366103833159855,False,0.0,0.0,0.0,,,,,False,False
I-95 NB,GP,110+04147,2025-10-16,653.0,3,50.91168824543143,6000.0,96,0.95,48.366103833159855,False,0.0,0.0,0.0,,,,,False,False
I-95 NB,GP,110+04147,2025-10-17,653.0,3,50.91168824543143,6000.0,96,0.95,48.366103833159855,False,0.0,0.0,0.0,,,,,False,False
I-95 NB,GP,110+04147,2025-10-20,653.0,3,50.91168824543143,6000.0,96,0.95,48.366103833159855,False,0.0,0.0,0.0,,,,,False,False
I-95 NB,GP,110+04147,2025-10-21,653.0,3,50.91168824543143,6000.0,96,0.95,48.366103833159855,False,0.0,0.0,0.0,,,,,False,False
I-95 NB,GP,110+04147,2025-10-22,653.0,3,50.91168824543143,6000.0,96,0.95,48.366103833159855,False,0.0,0.0,0.0,,,,,False,False
I-95 NB,GP,110+04147,2025-10-23,653.0,3,50.91168824543143,6000.0,96,0.95,48.366103833159855,False,0.0,0.0,0.0,,,,,False,False
I-95 NB,GP,110+04147,2025-10-24,653.0,3,50.91168824543143,6000.0,96,0.95,48.366103833159855,False,0.0,0.0,0.0,,,,,False,False
I-95 NB,GP,110+04147,2025-10-27,653.0,3,50.91168824543143,6000.0,96,0.95,48.366103833159855,False,0.0,0.0,0.0,,,,,False,False
I-95 NB,GP,110+04147,2025-10-28,653.0,3,50.91168824543143,6000.0,96,0.95,48.366103833159855,False,0.0,0.0,0.0,,,,,False,False
I-95 NB,GP,110+04147,2025-10-29,653.0,3,50.91168824543143,6000.0,96,0.95,48.366103833159855,False,0.0,0.0,0.0,,,,,False,False
I-95 NB,GP,110+04147,2025-10-30,653.0,3,50.91168824543143,6000.0,96,0.95,48.366103833159855,True,2.4600316791038184,10416.08874508406,1.7360147908473433,372.9264816478165,520.5283823940456,8.363333333333328,420.0,False,False
I-95 NB,GP,110+04147,2025-10-31,653.0,3,50.91168824543143,6000.0,96,0.95,48.366103833159855,False,0.0,0.0,0.0,,,,,False,False
I-95 NB,GP,110P04147,2025-10-01,654.0,3,51.18038882228231,6000.0,96,0.95,48.62136938116819,False,0.0,0.0,0.0,,,,,False,False
I-95 NB,GP,110P04147,2025-10-02,654.0,3,51.18038882228231,6000.0,96,0.95,48.62136938116819,False,0.0,0.0,0.0,,,,,False,False
I-95 NB,GP,110P04147,2025-10-03,654.0,3,51.18038882228231,6000.0,96,0.95,48.62136938116819,False,0.0,0.0,0.0,,,,,False,False
I-95 NB,GP,110P04147,2025-10-06,654.0,3,51.18038882228231,6000.0,96,0.95,48.62136938116819,False,0.0,0.0,0.0,,,,,False,False
I-95 NB,GP,110P04147,2025-10-07,654.0,3,51.18038882228231,6000.0,96,0.95,48.62136938116819,False,0.0,0.0,0.0,,,,,False,False
I-95 NB,GP,110P04147,2025-10-08,654.0,3,51.18038882228231,6000.0,96,0.95,48.62136938116819,False,0.0,0.0,0.0,,,,,False,False
I-95 NB,GP,110P04147,2025-10-09,654.0,3,51.18038882228231,6000.0,96,0.95,48.62136938116819,False,0.0,0.0,0.0,,,,,False,False
I-95 NB,GP,110P04147,2025-10-10,654.0,3,51.18038882228231,6000.0,96,0.95,48.62136938116819,False,0.0,0.0,0.0,,,,,False,False
I-95 NB,GP,110P04147,2025-10-13,654.0,3,51.18038882228231,6000.0,96,0.95,48.62136938116819,False,0.0,0.0,0.0,,,,,False,False
I-95 NB,GP,110P04147,2025-10-14,654.0,3,51.18038882228231,6000.0,96,0.95,48.62136938116819,False,0.0,0.0,0.0,,,,,False,False
I-95 NB,GP,110P04147,2025-10-15,654.0,3,51.18038882228231,6000.0,96,0.95,48.62136938116819,False,0.0,0.0,0.0,,,,,False,False
I-95 NB,GP,110P04147,2025-10-16,654.0,3,51.18038882228231,6000.0,96,0.95,48.62136938116819,False,0.0,0.0,0.0,,,,,False,False
I-95 NB,GP,110P04147,2025-10-17,654.0,3,51.18038882228231,6000.0,96,0.95,48.62136938116819,False,0.0,0.0,0.0,,,,,False,False
I-95 NB,GP,110P04147,2025-10-20,654.0,3,51.18038882228231,6000.0,96,0.95,48.62136938116819,False,0.0,0.0,0.0,,,,,False,False
I-95 NB,GP,110P04147,2025-10-21,654.0,3,51.18038882228231,6000.0,96,0.95,48.62136938116819,False,0.0,0.0,0.0,,,,,False,False
I-95 NB,GP,110P04147,2025-10-22,654.0,3,51.18038882228231,6000.0,96,0.95,48.62136938116819,False,0.0,0.0,0.0,,,,,False,False
I-95 NB,GP,110P04147,2025-10-23,654.0,3,51.18038882228231,6000.0,96,0.95,48.62136938116819,False,0.0,0.0,0.0,,,,,False,False
I-95 NB,GP,110P04147,2025-10-24,654.0,3,51.18038882228231,6000.0,96,0.95,48.62136938116819,False,0.0,0.0,0.0,,,,,False,False
I-95 NB,GP,110P04147,2025-10-27,654.0,3,51.18038882228231,6000.0,96,0.95,48.62136938116819,False,0.0,0.0,0.0,,,,,False,False
I-95 NB,GP,110P04147,2025-10-28,654.0,3,51.18038882228231,6000.0,96,0.95,48.62136938116819,False,0.0,0.0,0.0,,,,,False,False
I-95 NB,GP,110P04147,2025-10-29,654.0,3,51.18038882228231,6000.0,96,0.95,48.62136938116819,False,0.0,0.0,0.0,,,,,False,False
I-95 NB,GP,110P04147,2025-10-30,654.0,3,51.18038882228231,6000.0,96,0.95,48.62136938116819,True,2.6211064715467938,9654.220404059233,1.6090367340098721,367.3236080035807,524.5899962963883,7.834444444444446,405.0,False,False
I-95 NB,GP,110P04147,2025-10-31,654.0,3,51.18038882228231,6000.0,96,0.95,48.62136938116819,False,0.0,0.0,0.0,,,,,False,False
I-95 NB,GP,110+04148,2025-10-01,655.0,3,50.621774465144945,6000.0,96,0.95,48.0906857418877,False,0.0,0.0,0.0,,,,,False,False
I-95 NB,GP,110+04148,2025-10-02,655.0,3,50.621774465144945,6000.0,96,0.95,48.0906857418877,False,0.0,0.0,0.0,,,,,False,False
I-95 NB,GP,110+04148,2025-10-03,655.0,3,50.621774465144945,6000.0,96,0.95,48.0906857418877,False,0.0,0.0,0.0,,,,,False,False
I-95 NB,GP,110+04148,2025-10-06,655.0,3,50.621774465144945,6000.0,96,0.95,48.0906857418877,False,0.0,0.0,0.0,,,,,False,False
I-95 NB,GP,110+04148,2025-10-07,655.0,3,50.621774465144945,6000.0,96,0.95,48.0906857418877,True,0.763470860979434,4112.690408149392,0.685448401358232,499.24413456198386,545.0523862207499,34.44555555555556,525.0,False,False
I-95 NB,GP,110+04148,2025-10-08,655.0,3,50.621774465144945,6000.0,96,0.95,48.0906857418877,False,0.0,0.0,0.0,,,,,False,False
I-95 NB,GP,110+04148,2025-10-09,655.0,3,50.621774465144945,6000.0,96,0.95,48.0906857418877,False,0.0,0.0,0.0,,,,,False,False
I-95 NB,GP,110+04148,2025-10-10,655.0,3,50.621774465144945,6000.0,96,0.95,48.0906857418877,False,0.0,0.0,0.0,,,,,False,False
I-95 NB,GP,110+04148,2025-10-13,655.0,3,50.621774465144945,6000.0,96,0.95,48.0906857418877,False,0.0,0.0,0.0,,,,,False,False
I-95 NB,GP,110+04148,2025-10-14,655.0,3,50.621774465144945,6000.0,96,0.95,48.0906857418877,False,0.0,0.0,0.0,,,,,False,False
I-95 NB,GP,110+04148,2025-10-15,655.0,3,50.621774465144945,6000.0,96,0.95,48.0906857418877,False,0.0,0.0,0.0,,,,,False,False
I-95 NB,GP,110+04148,2025-10-16,655.0,3,50.621774465144945,6000.0,96,0.95,48.0906857418877,False,0.0,0.0,0.0,,,,,False,False
I-95 NB,GP,110+04148,2025-10-17,655.0,3,50.621774465144945,6000.0,96,0.95,48.0906857418877,False,0.0,0.0,0.0,,,,,False,False
I-95 NB,GP,110+04148,2025-10-20,655.0,3,50.621774465144945,6000.0,96,0.95,48.0906857418877,False,0.0,0.0,0.0,,,,,False,False
I-95 NB,GP,110+04148,2025-10-21,655.0,3,50.621774465144945,6000.0,96,0.95,48.0906857418877,False,0.0,0.0,0.0,,,,,False,False
I-95 NB,GP,110+04148,2025-10-22,655.0,3,50.621774465144945,6000.0,96,0.95,48.0906857418877,False,0.0,0.0,0.0,,,,,False,False
I-95 NB,GP,110+04148,2025-10-23,655.0,3,50.621774465144945,6000.0,96,0.95,48.0906857418877,False,0.0,0.0,0.0,,,,,False,False
I-95 NB,GP,110+04148,2025-10-24,655.0,3,50.621774465144945,6000.0,96,0.95,48.0906857418877,False,0.0,0.0,0.0,,,,,False,False
I-95 NB,GP,110+04148,2025-10-27,655.0,3,50.621774465144945,6000.0,96,0.95,48.0906857418877,False,0.0,0.0,0.0,,,,,False,False
I-95 NB,GP,110+04148,2025-10-28,655.0,3,50.621774465144945,6000.0,96,0.95,48.0906857418877,False,0.0,0.0,0.0,,,,,False,False
I-95 NB,GP,110+04148,2025-10-29,655.0,3,50.621774465144945,6000.0,96,0.95,48.0906857418877,False,0.0,0.0,0.0,,,,,False,False
I-95 NB,GP,110+04148,2025-10-30,655.0,3,50.621774465144945,6000.0,96,0.95,48.0906857418877,True,2.5336447331112186,11522.425645287429,1.9204042742145715,366.0786733084586,518.0973572951317,10.311111111111112,420.0,False,False
I-95 NB,GP,110+04148,2025-10-31,655.0,3,50.621774465144945,6000.0,96,0.95,48.0906857418877,False,0.0,0.0,0.0,,,,,False,False
I-95 NB,GP,110+04150,2025-10-01,659.0,2,50.063160108007565,4000.0,96,0.95,47.560002102607186,True,1.603372670743257,5102.117858690341,1.2755294646725852,337.4506775619136,433.653037806509,23.51222222222222,390.0,False,False
I-95 NB,GP,110+04150,2025-10-02,659.0,2,50.063160108007565,4000.0,96,0.95,47.560002102607186,False,0.0,0.0,0.0,,,,,False,False
I-95 NB,GP,110+04150,2025-10-03,659.0,2,50.063160108007565,4000.0,96,0.95,47.560002102607186,True,0.643016690503138,2485.04292144897,0.6212607303622425,441.89960141177824,480.4806028419665,36.98222222222222,465.0,False,False
I-95 NB,GP,110+04150,2025-10-06,659.0,2,50.063160108007565,4000.0,96,0.95,47.560002102607186,False,0.0,0.0,0.0,,,,,False,False
I-95 NB,GP,110+04150,2025-10-07,659.0,2,50.063160108007565,4000.0,96,0.95,47.560002102607186,True,2.0908849114786308,6053.772244752141,1.5134430611880352,404.11360647730584,529.5667011660237,11.072222222222221,450.0,False,False
I-95 NB,GP,110+04150,2025-10-08,659.0,2,50.063160108007565,4000.0,96,0.95,47.560002102607186,False,0.0,0.0,0.0,,,,,False,False
I-95 NB,GP,110+04150,2025-10-09,659.0,2,50.063160108007565,4000.0,96,0.95,47.560002102607186,False,0.0,0.0,0.0,,,,,False,False
I-95 NB,GP,110+04150,2025-10-10,659.0,2,50.063160108007565,4000.0,96,0.95,47.560002102607186,False,0.0,0.0,0.0,,,,,False,False
I-95 NB,GP,110+04150,2025-10-13,659.0,2,50.063160108007565,4000.0,96,0.95,47.560002102607186,False,0.0,0.0,0.0,,,,,False,False
I-95 NB,GP,110+04150,2025-10-14,659.0,2,50.063160108007565,4000.0,96,0.95,47.560002102607186,False,0.0,0.0,0.0,,,,,False,False
I-95 NB,GP,110+04150,2025-10-15,659.0,2,50.063160108007565,4000.0,96,0.95,47.560002102607186,False,0.0,0.0,0.0,,,,,False,False
I-95 NB,GP,110+04150,2025-10-16,659.0,2,50.063160108007565,4000.0,96,0.95,47.560002102607186,False,0.0,0.0,0.0,,,,,False,False
I-95 NB,GP,110+04150,2025-10-17,659.0,2,50.063160108007565,4000.0,96,0.95,47.560002102607186,False,0.0,0.0,0.0,,,,,False,False
I-95 NB,GP,110+04150,2025-10-20,659.0,2,50.063160108007565,4000.0,96,0.95,47.560002102607186,False,0.0,0.0,0.0,,,,,False,False
I-95 NB,GP,110+04150,2025-10-21,659.0,2,50.063160108007565,4000.0,96,0.95,47.560002102607186,True,1.5690146269935668,4177.2054996147,1.044301374903675,337.70087593999875,431.84175355961275,11.5,390.0,False,False
I-95 NB,GP,110+04150,2025-10-22,659.0,2,50.063160108007565,4000.0,96,0.95,47.560002102607186,False,0.0,0.0,0.0,,,,,False,False
I-95 NB,GP,110+04150,2025-10-23,659.0,2,50.063160108007565,4000.0,96,0.95,47.560002102607186,False,0.0,0.0,0.0,,,,,False,False
I-95 NB,GP,110+04150,2025-10-24,659.0,2,50.063160108007565,4000.0,96,0.95,47.560002102607186,True,1.370790390620876,4223.466169908046,1.0558665424770115,534.9652740636103,617.2126975008629,11.662222222222221,570.0,False,False
I-95 NB,GP,110+04150,2025-10-27,659.0,2,50.063160108007565,4000.0,96,0.95,47.560002102607186,False,0.0,0.0,0.0,,,,,False,False
I-95 NB,GP,110+04150,2025-10-28,659.0,2,50.063160108007565,4000.0,96,0.95,47.560002102607186,True,0.7434074764698295,2680.686507685012,0.6701716269212531,427.6618218940451,472.26627048223486,35.26111111111111,450.0,False,False
I-95 NB,GP,110+04150,2025-10-29,659.0,2,50.063160108007565,4000.0,96,0.95,47.560002102607186,True,0.7123488036950031,2570.787267827464,0.642696816956866,430.1603792521006,472.9013074738008,32.07222222222222,450.0,False,False
I-95 NB,GP,110+04150,2025-10-30,659.0,2,50.063160108007565,4000.0,96,0.95,47.560002102607186,True,1.720065259778328,5423.0927697142,1.3557731924285499,470.9763976256982,574.1803132123979,16.2,525.0,False,False
I-95 NB,GP,110+04150,2025-10-31,659.0,2,50.063160108007565,4000.0,96,0.95,47.560002102607186,False,0.0,0.0,0.0,,,,,False,False
I-95 NB,GP,110P04150,2025-10-01,660.0,3,50.204227910854286,5700.0,96,0.95,47.69401651531157,True,2.2890678882186584,9136.771398673247,1.6029423506444294,318.2840800841582,455.62815337727767,14.229999999999999,405.0,False,False
I-95 NB,GP,110P04150,2025-10-02,660.0,3,50.204227910854286,5700.0,96,0.95,47.69401651531157,False,0.0,0.0,0.0,,,,,False,False
I-95 NB,GP,110P04150,2025-10-03,660.0,3,50.204227910854286,5700.0,96,0.95,47.69401651531157,True,2.3241279486679294,11646.338949994755,2.0432173596482026,342.61138677310265,482.0590636931784,18.506666666666668,450.0,False,False
I-95 NB,GP,110P04150,2025-10-06,660.0,3,50.204227910854286,5700.0,96,0.95,47.69401651531157,True,1.1160611462882257,4458.665735859459,0.7822220589227121,392.8946289520877,459.85829772938126,20.884444444444444,420.0,False,False
I-95 NB,GP,110P04150,2025-10-07,660.0,3,50.204227910854286,5700.0,96,0.95,47.69401651531157,True,0.6357020869752735,3911.823077825995,0.6862847504957886,384.8536313279536,422.99575654647003,40.06777777777778,405.0,False,False
I-95 NB,GP,110P04150,2025-10-08,660.0,3,50.204227910854286,5700.0,96,0.95,47.69401651531157,True,2.138072149078413,11156.89643854064,1.9573502523755508,314.68612079246117,442.97044973716595,20.52333333333333,345.0,False,False
I-95 NB,GP,110P04150,2025-10-09,660.0,3,50.204227910854286,5700.0,96,0.95,47.69401651531157,True,0.8182063191912466,3877.2308490922387,0.6802159384372348,325.3822162254545,374.4745953769293,34.633333333333326,345.0,False,False
I-95 NB,GP,110P04150,2025-10-10,660.0,3,50.204227910854286,5700.0,96,0.95,47.69401651531157,False,0.0,0.0,0.0,,,,,False,False
I-95 NB,GP,110P04150,2025-10-13,660.0,3,50.204227910854286,5700.0,96,0.95,47.69401651531157,False,0.0,0.0,0.0,,,,,False,False
I-95 NB,GP,110P04150,2025-10-14,660.0,3,50.204227910854286,5700.0,96,0.95,47.69401651531157,True,2.17059386320709,10821.85469762716,1.8985709995837121,321.91229402998846,452.14792582241387,19.806666666666665,375.0,False,False
I-95 NB,GP,110P04150,2025-10-15,660.0,3,50.204227910854286,5700.0,96,0.95,47.69401651531157,True,0.8743078166954235,5246.640409676281,0.9204632297677685,369.92516919988367,422.3836382016091,34.408888888888896,390.0,False,False
I-95 NB,GP,110P04150,2025-10-16,660.0,3,50.204227910854286,5700.0,96,0.95,47.69401651531157,True,0.8588632788559816,3609.7348182331552,0.633286810216343,485.12042641680864,536.6522231481675,27.627777777777776,510.0,False,False
I-95 NB,GP,110P04150,2025-10-17,660.0,3,50.204227910854286,5700.0,96,0.95,47.69401651531157,False,0.0,0.0,0.0,,,,,False,False
I-95 NB,GP,110P04150,2025-10-20,660.0,3,50.204227910854286,5700.0,96,0.95,47.69401651531157,False,0.0,0.0,0.0,,,,,False,False
I-95 NB,GP,110P04150,2025-10-21,660.0,3,50.204227910854286,5700.0,96,0.95,47.69401651531157,True,1.85995977925085,7784.374483562675,1.365679733958364,325.9041538140043,437.5017405690553,9.96111111111111,390.0,False,False
I-95 NB,GP,110P04150,2025-10-22,660.0,3,50.204227910854286,5700.0,96,0.95,47.69401651531157,True,2.2509371198703274,11759.965218827043,2.063151792776674,315.5175868309385,450.57381402315815,31.70888888888889,390.0,False,False
I-95 NB,GP,110P04150,2025-10-23,660.0,3,50.204227910854286,5700.0,96,0.95,47.69401651531157,False,0.0,0.0,0.0,,,,,False,False
I-95 NB,GP,110P04150,2025-10-24,660.0,3,50.204227910854286,5700.0,96,0.95,47.69401651531157,True,1.7447337027078922,6743.054666706703,1.1829920467906496,516.6371984587579,621.3212206212314,10.202222222222224,570.0,False,False
I-95 NB,GP,110P04150,2025-10-27,660.0,3,50.204227910854286,5700.0,96,0.95,47.69401651531157,False,0.0,0.0,0.0,,,,,False,False
I-95 NB,GP,110P04150,2025-10-28,660.0,3,50.204227910854286,5700.0,96,0.95,47.69401651531157,True,2.3046273165240287,11729.131497012419,2.0577423678969153,388.61864562837565,526.8962846198174,14.658888888888889,450.0,False,False
I-95 NB,GP,110P04150,2025-10-29,660.0,3,50.204227910854286,5700.0,96,0.95,47.69401651531157,True,1.4667033359575157,6715.628992852382,1.1781805250618214,408.96245226944063,496.9646524268916,13.604444444444445,450.0,False,False
I-95 NB,GP,110P04150,2025-10-30,660.0,3,50.204227910854286,5700.0,96,0.95,47.69401651531157,True,2.0352273602015147,8301.34113315233,1.4563756373951455,461.9282588979503,584.0419005100412,13.933333333333337,510.0,False,False
I-95 NB,GP,110P04150,2025-10-31,660.0,3,50.204227910854286,5700.0,96,0.95,47.69401651531157,False,0.0,0.0,0.0,,,,,False,False
I-95 NB,GP,110+04151,2025-10-01,661.0,3,49.490403615246464,5700.0,96,0.95,47.01588343448414,True,2.534488770501136,10671.147806527797,1.8721311941276837,311.742261284171,463.81158751423914,16.517777777777784,375.0,False,False
I-95 NB,GP,110+04151,2025-10-02,661.0,3,49.490403615246464,5700.0,96,0.95,47.01588343448414,True,2.3425462282205585,12536.170966831276,2.1993282397949607,327.1562222055462,467.70899589877973,22.89,405.0,False,False
I-95 NB,GP,110+04151,2025-10-03,661.0,3,49.490403615246464,5700.0,96,0.95,47.01588343448414,True,2.935352641282024,12305.246471341203,2.1588151704107372,326.7776988486146,502.898857325536,13.418888888888889,375.0,False,False
I-95 NB,GP,110+04151,2025-10-06,661.0,3,49.490403615246464,5700.0,96,0.95,47.01588343448414,True,2.402678353513534,12046.105082756398,2.1133517689046313,327.9764461857553,472.13714739656734,16.75111111111111,435.0,False,False
I-95 NB,GP,110+04151,2025-10-07,661.0,3,49.490403615246464,5700.0,96,0.95,47.01588343448414,True,1.7039702271564219,7157.649730308423,1.255728022861127,316.04612826224025,418.28434189162556,26.517777777777777,390.0,False,False
I-95 NB,GP,110+04151,2025-10-08,661.0,3,49.490403615246464,5700.0,96,0.95,47.01588343448414,True,2.4096232727176425,11346.25494763648,1.9905710434449966,310.36089443941927,454.9382908024778,18.605555555555558,345.0,False,False
I-95 NB,GP,110+04151,2025-10-09,661.0,3,49.490403615246464,5700.0,96,0.95,47.01588343448414,True,2.3657199474232544,11658.773229739696,2.0453988122350344,314.56701679907235,456.5102136444676,21.47111111111111,345.0,False,False
I-95 NB,GP,110+04151,2025-10-10,661.0,3,49.490403615246464,5700.0,96,0.95,47.01588343448414,True,0.5943180286689691,2664.609872535376,0.46747541623427646,558.5284103245394,594.1874920446776,40.71666666666667,585.0,False,False
I-95 NB,GP,110+04151,2025-10-13,661.0,3,49.490403615246464,5700.0,96,0.95,47.01588343448414,False,0.0,0.0,0.0,,,,,False,False
I-95 NB,GP,110+04151,2025-10-14,661.0,3,49.490403615246464,5700.0,96,0.95,47.01588343448414,True,2.5856366158039075,12123.312614494333,2.1268969499112864,310.7161345880584,465.8543315362929,16.883333333333336,375.0,False,False
I-95 NB,GP,110+04151,2025-10-15,661.0,3,49.490403615246464,5700.0,96,0.95,47.01588343448414,True,2.039293352193684,9494.385029598378,1.6656815841400663,322.82160171012595,445.179202841747,21.265555555555554,390.0,False,False
I-95 NB,GP,110+04151,2025-10-16,661.0,3,49.490403615246464,5700.0,96,0.95,47.01588343448414,True,3.9183439952827266,19806.249823124923,3.474780670723671,307.77781746467855,542.8784571816421,22.939999999999998,510.0,False,False
I-95 NB,GP,110+04151,2025-10-17,661.0,3,49.490403615246464,5700.0,96,0.95,47.01588343448414,True,0.7154884598036507,4014.979604036804,0.7043823866731236,497.6206016511558,540.5499092393749,40.776666666666664,510.0,False,False
I-95 NB,GP,110+04151,2025-10-20,661.0,3,49.490403615246464,5700.0,96,0.95,47.01588343448414,True,0.6872774034721384,3829.997139854019,0.6719293227814069,490.7396115637144,531.9762557720427,32.80111111111111,510.0,False,False
I-95 NB,GP,110+04151,2025-10-21,661.0,3,49.490403615246464,5700.0,96,0.95,47.01588343448414,True,2.048084030185357,7634.885574128144,1.3394536094961655,315.8945368023429,438.7795786134643,11.64,375.0,False,False
I-95 NB,GP,110+04151,2025-10-22,661.0,3,49.490403615246464,5700.0,96,0.95,47.01588343448414,True,2.6996358836397953,12322.106861610371,2.1617731336158545,311.85384805154786,473.8320010699356,19.456666666666667,420.0,False,False
I-95 NB,GP,110+04151,2025-10-23,661.0,3,49.490403615246464,5700.0,96,0.95,47.01588343448414,True,2.42582859740331,12239.685264592177,2.147313204314417,323.8300306601755,469.3797465043741,22.487777777777776,375.0,False,False
I-95 NB,GP,110+04151,2025-10-24,661.0,3,49.490403615246464,5700.0,96,0.95,47.01588343448414,True,2.0124379393268024,7666.921867071414,1.3450740117669149,506.9498609029698,627.696137262578,10.392222222222221,555.0,False,False
I-95 NB,GP,110+04151,2025-10-27,661.0,3,49.490403615246464,5700.0,96,0.95,47.01588343448414,True,2.09469706304275,10715.91446043302,1.8799849930584245,319.71973658112364,445.40156036368865,35.148888888888884,345.0,False,False
I-95 NB,GP,110+04151,2025-10-28,661.0,3,49.490403615246464,5700.0,96,0.95,47.01588343448414,True,3.783617821327524,17220.492711485767,3.0211390721904854,318.6811749096946,545.698244189346,14.544444444444444,450.0,False,False
I-95 NB,GP,110+04151,2025-10-29,661.0,3,49.490403615246464,5700.0,96,0.95,47.01588343448414,True,3.031808343295654,13440.909438429497,2.3580542874437715,331.64840166179386,513.5569022595331,13.163333333333332,435.0,False,False
I-95 NB,GP,110+04151,2025-10-30,661.0,3,49.490403615246464,5700.0,96,0.95,47.01588343448414,True,2.2197138687380233,9828.266487410565,1.7242572784930816,456.8460629931344,590.0288951174158,16.173333333333336,510.0,False,False
I-95 NB,GP,110+04151,2025-10-31,661.0,3,49.490403615246464,5700.0,96,0.95,47.01588343448414,False,0.0,0.0,0.0,,,,,False,False
I-95 NB,GP,110P04151,2025-10-01,662.0,3,50.063160108007565,5700.0,96,0.95,47.560002102607186,True,3.9027094091674486,17052.29871440555,2.9916313534044825,305.1351538699406,539.2977184199875,19.68,405.0,False,False
I-95 NB,GP,110P04151,2025-10-02,662.0,3,50.063160108007565,5700.0,96,0.95,47.560002102607186,True,4.835323211362085,23785.204291498096,4.17284285815756,311.23862865923115,601.3580213409563,21.63888888888889,390.0,False,False
I-95 NB,GP,110P04151,2025-10-03,662.0,3,50.063160108007565,5700.0,96,0.95,47.560002102607186,True,4.621190337019292,22602.1538679709,3.9652901522755966,325.1969893706879,602.4684095918454,20.334444444444443,360.0,False,False
I-95 NB,GP,110P04151,2025-10-06,662.0,3,50.063160108007565,5700.0,96,0.95,47.560002102607186,True,4.60764886047964,22722.02332998292,3.986319882453144,313.09760292324165,589.55653455202,18.10777777777778,405.0,False,False
I-95 NB,GP,110P04151,2025-10-07,662.0,3,50.063160108007565,5700.0,96,0.95,47.560002102607186,True,1.8430538771796061,9393.447394806917,1.6479732271591083,311.51978613397785,422.1030187647542,20.189999999999998,390.0,False,False
I-95 NB,GP,110P04151,2025-10-08,662.0,3,50.063160108007565,5700.0,96,0.95,47.560002102607186,True,2.885578396722973,12312.715263625087,2.1601254848465063,306.5285803927019,479.66328419608027,20.48,375.0,False,False
I-95 NB,GP,110P04151,2025-10-09,662.0,3,50.063160108007565,5700.0,96,0.95,47.560002102607186,True,4.86278384014445,24029.392819787583,4.215682950839927,309.7976007549226,601.5646311635896,20.258888888888887,435.0,False,False
I-95 NB,GP,110P04151,2025-10-10,662.0,3,50.063160108007565,5700.0,96,0.95,47.560002102607186,False,0.0,0.0,0.0,,,,,False,False
I-95 NB,GP,110P04151,2025-10-13,662.0,3,50.063160108007565,5700.0,96,0.95,47.560002102607186,False,0.0,0.0,0.0,,,,,False,False
I-95 NB,GP,110P04151,2025-10-14,662.0,3,50.063160108007565,5700.0,96,0.95,47.560002102607186,True,3.7864548590179057,17430.526077917635,3.0579870312136204,310.6805908666369,537.8678824077112,18.506666666666668,405.0,False,False
I-95 NB,GP,110P04151,2025-10-15,662.0,3,50.063160108007565,5700.0,96,0.95,47.560002102607186,True,2.4108999290755664,11470.099677606631,2.0122981890537948,312.45816158712523,457.1121573316592,20.19333333333333,420.0,False,False
I-95 NB,GP,110P04151,2025-10-16,662.0,3,50.063160108007565,5700.0,96,0.95,47.560002102607186,True,4.554544080426499,20571.990133249165,3.609121076008625,303.90733846857427,577.1799832941642,20.307777777777776,405.0,False,False
I-95 NB,GP,110P04151,2025-10-17,662.0,3,50.063160108007565,5700.0,96,0.95,47.560002102607186,True,4.579582898495508,21826.431800993618,3.8291985615778277,319.7257527142106,594.5007266239411,23.112222222222226,405.0,False,False
I-95 NB,GP,110P04151,2025-10-20,662.0,3,50.063160108007565,5700.0,96,0.95,47.560002102607186,True,3.729592507200542,18662.462631523238,3.2741162511444277,317.33087444645486,541.1064248784874,20.2,510.0,False,False
I-95 NB,GP,110P04151,2025-10-21,662.0,3,50.063160108007565,5700.0,96,0.95,47.560002102607186,True,2.299000000174388,9177.553550797194,1.6100971141749465,311.7465780858278,449.6865780962911,13.514444444444445,405.0,False,False
I-95 NB,GP,110P04151,2025-10-22,662.0,3,50.063160108007565,5700.0,96,0.95,47.560002102607186,True,4.597466194916044,22087.054628202586,3.8749218645969448,311.3846672463985,587.2326389413612,19.655555555555555,420.0,False,False
I-95 NB,GP,110P04151,2025-10-23,662.0,3,50.063160108007565,5700.0,96,0.95,47.560002102607186,True,3.633409262648136,17826.66386327338,3.1274848882935755,313.3339788290691,531.3385345879573,21.403333333333332,390.0,False,False
I-95 NB,GP,110P04151,2025-10-24,662.0,3,50.063160108007565,5700.0,96,0.95,47.560002102607186,True,2.6538373487772438,11363.22153670644,1.9935476380186736,491.2354144595476,650.4656553861822,11.126666666666665,555.0,False,False
I-95 NB,GP,110P04151,2025-10-27,662.0,3,50.063160108007565,5700.0,96,0.95,47.560002102607186,True,2.755145632519185,12754.638219863034,2.2376558280461465,310.6074572832203,475.9161952343714,20.645555555555557,405.0,False,False
I-95 NB,GP,110P04151,2025-10-28,662.0,3,50.063160108007565,5700.0,96,0.95,47.560002102607186,True,4.1132424557586225,19296.52655458281,3.3853555358917213,310.66207530472605,557.4566226502434,15.394444444444446,450.0,False,False
I-95 NB,GP,110P04151,2025-10-29,662.0,3,50.063160108007565,5700.0,96,0.95,47.560002102607186,True,3.3881830356599107,15229.626589932952,2.671864314023325,321.8741269248183,525.165109064413,12.403333333333334,435.0,False,False
I-95 NB,GP,110P04151,2025-10-30,662.0,3,50.063160108007565,5700.0,96,0.95,47.560002102607186,True,2.3970247282493538,11187.756243638025,1.9627642532698288,449.57430845441013,593.3957921493713,18.441111111111113,540.0,False,False
I-95 NB,GP,110P04151,2025-10-31,662.0,3,50.063160108007565,5700.0,96,0.95,47.560002102607186,True,0.8056031368702189,3712.319656085331,0.651284150190409,369.0115656910714,417.3477539032845,30.58666666666667,390.0,False,False
I-95 NB,GP,110+04152,2025-10-01,663.0,3,49.49005006185587,6000.0,96,0.95,47.015547558763075,True,3.754717577691332,21033.627040312782,3.505604506718797,311.5098427183767,536.7928973798566,32.21888888888889,405.0,False,False
I-95 NB,GP,110+04152,2025-10-02,663.0,3,49.49005006185587,6000.0,96,0.95,47.015547558763075,True,4.52989228673327,25672.928145331654,4.278821357555276,320.220447172966,592.0139843769622,33.23888888888889,390.0,False,False
I-95 NB,GP,110+04152,2025-10-03,663.0,3,49.49005006185587,6000.0,96,0.95,47.015547558763075,True,1.9852256276757412,11615.766681121278,1.935961113520213,469.19590535151315,588.3094430120576,35.22,495.0,False,False
I-95 NB,GP,110+04152,2025-10-06,663.0,3,49.49005006185587,6000.0,96,0.95,47.015547558763075,True,4.2447363416075,24167.715221682338,4.027952536947057,324.9743062761849,579.6584867726349,30.14333333333333,405.0,False,False
I-95 NB,GP,110+04152,2025-10-07,663.0,3,49.49005006185587,6000.0,96,0.95,47.015547558763075,True,1.591624226988094,8527.359548312592,1.421226591385432,320.3421869589215,415.83964057820714,34.07888888888889,390.0,False,False
I-95 NB,GP,110+04152,2025-10-08,663.0,3,49.49005006185587,6000.0,96,0.95,47.015547558763075,True,2.8545641357204667,17002.501437140614,2.8337502395234355,314.86266547876215,486.13651362199016,33.682222222222215,375.0,False,False
I-95 NB,GP,110+04152,2025-10-09,663.0,3,49.49005006185587,6000.0,96,0.95,47.015547558763075,True,3.504793771317859,19809.90595367447,3.3016509922790784,319.3230836659934,529.610709945065,33.76222222222223,405.0,False,False
I-95 NB,GP,110+04152,2025-10-10,663.0,3,49.49005006185587,6000.0,96,0.95,47.015547558763075,True,1.8678004167087134,10210.67623466296,1.7017793724438268,510.39443466653626,622.4624596690591,38.52111111111111,540.0,False,False
I-95 NB,GP,110+04152,2025-10-13,663.0,3,49.49005006185587,6000.0,96,0.95,47.015547558763075,False,0.0,0.0,0.0,,,,,False,False
I-95 NB,GP,110+04152,2025-10-14,663.0,3,49.49005006185587,6000.0,96,0.95,47.015547558763075,True,3.525770590107817,20396.757943797806,3.399459657299634,321.2654248645184,532.8116602709874,36.59111111111111,375.0,False,False
I-95 NB,GP,110+04152,2025-10-15,663.0,3,49.49005006185587,6000.0,96,0.95,47.015547558763075,True,2.2089865422777897,12806.380096153616,2.1343966826922696,320.87119475352233,453.4103872901897,34.809999999999995,420.0,False,False
I-95 NB,GP,110+04152,2025-10-16,663.0,3,49.49005006185587,6000.0,96,0.95,47.015547558763075,True,4.43012255473718,23819.813413775697,3.9699689022959497,303.1986657429376,569.0060190271683,31.362222222222226,420.0,False,False
I-95 NB,GP,110+04152,2025-10-17,663.0,3,49.49005006185587,6000.0,96,0.95,47.015547558763075,True,4.444802272490547,25872.098136782035,4.312016356130339,327.2155568849956,593.9036932344284,35.675555555555555,405.0,False,False
I-95 NB,GP,110+04152,2025-10-20,663.0,3,49.49005006185587,6000.0,96,0.95,47.015547558763075,True,3.4949682689195716,18594.53902210891,3.099089837018152,323.75371495755223,533.4518110927265,25.373333333333335,420.0,False,False
I-95 NB,GP,110+04152,2025-10-21,663.0,3,49.49005006185587,6000.0,96,0.95,47.015547558763075,True,2.370377733386054,12652.717027095392,2.1087861711825653,316.77290963746555,458.9955736406288,33.91777777777778,420.0,False,False
I-95 NB,GP,110+04152,2025-10-22,663.0,3,49.49005006185587,6000.0,96,0.95,47.015547558763075,True,4.162454883826876,24201.059098928294,4.033509849821383,322.503073821441,572.2503668510535,31.842222222222222,405.0,False,False
I-95 NB,GP,110+04152,2025-10-23,663.0,3,49.49005006185587,6000.0,96,0.95,47.015547558763075,True,3.582272314598194,19882.691504126502,3.313781917354417,322.38724209595756,537.3235809718492,34.87111111111111,390.0,False,False
I-95 NB,GP,110+04152,2025-10-24,663.0,3,49.49005006185587,6000.0,96,0.95,47.015547558763075,True,5.20273104783264,29295.883198726453,4.882647199787742,327.6274940695911,639.7913569395495,25.7,555.0,False,False
I-95 NB,GP,110+04152,2025-10-27,663.0,3,49.49005006185587,6000.0,96,0.95,47.015547558763075,True,3.657676071772705,21405.989453985803,3.5676649089976338,320.55913241417664,540.019696720539,31.802222222222223,390.0,False,False
I-95 NB,GP,110+04152,2025-10-28,663.0,3,49.49005006185587,6000.0,96,0.95,47.015547558763075,True,3.849956312363246,21005.642714091344,3.500940452348557,319.7039567056473,550.701335447442,32.02888888888889,405.0,False,False
I-95 NB,GP,110+04152,2025-10-29,663.0,3,49.49005006185587,6000.0,96,0.95,47.015547558763075,True,3.1604413942567904,15473.98850995162,2.5789980849919365,331.7673495552311,521.3938332106385,13.476666666666665,420.0,False,False
I-95 NB,GP,110+04152,2025-10-30,663.0,3,49.49005006185587,6000.0,96,0.95,47.015547558763075,True,2.246538359971739,12686.921061517323,2.1144868435862207,449.9619898509052,584.7542914492095,33.40111111111111,495.0,False,False
I-95 NB,GP,110+04152,2025-10-31,663.0,3,49.49005006185587,6000.0,96,0.95,47.015547558763075,True,1.0339006285393082,5669.708631264961,0.9449514385441601,363.9557220257985,425.989759738157,34.838888888888896,390.0,False,False
I-95 NB,GP,110P04153,2025-10-01,666.0,4,49.921738751770256,8000.0,96,0.95,47.42565181418174,True,2.336551206393369,14293.850289224396,1.7867312861530495,361.9544361060503,502.14750848965247,18.497777777777785,450.0,False,False
I-95 NB,GP,110P04153,2025-10-02,666.0,4,49.921738751770256,8000.0,96,0.95,47.42565181418174,False,0.0,0.0,0.0,,,,,False,False
I-95 NB,GP,110P04153,2025-10-03,666.0,4,49.921738751770256,8000.0,96,0.95,47.42565181418174,False,0.0,0.0,0.0,,,,,False,False
I-95 NB,GP,110P04153,2025-10-06,666.0,4,49.921738751770256,8000.0,96,0.95,47.42565181418174,True,0.5882859019225786,5535.447707234436,0.6919309634043045,446.75303577151215,482.05018988686686,40.906666666666666,465.0,False,False
I-95 NB,GP,110P04153,2025-10-07,666.0,4,49.921738751770256,8000.0,96,0.95,47.42565181418174,True,0.7511644271233081,5419.487155117308,0.6774358943896636,386.49412032922834,431.5639859566268,35.14,405.0,False,False
I-95 NB,GP,110P04153,2025-10-08,666.0,4,49.921738751770256,8000.0,96,0.95,47.42565181418174,True,1.6973630176618069,10625.384935807404,1.3281731169759254,414.43957167564145,516.2813527353499,14.191111111111107,465.0,False,False
I-95 NB,GP,110P04153,2025-10-09,666.0,4,49.921738751770256,8000.0,96,0.95,47.42565181418174,True,1.4257623305729377,10064.648570598074,1.2580810713247592,401.59314081608096,487.1388806504572,19.591111111111115,450.0,False,False
I-95 NB,GP,110P04153,2025-10-10,666.0,4,49.921738751770256,8000.0,96,0.95,47.42565181418174,True,0.7195407233693715,4921.005690675551,0.6151257113344438,438.3972300403146,481.56967344247687,34.23888888888889,450.0,False,False
I-95 NB,GP,110P04153,2025-10-13,666.0,4,49.921738751770256,8000.0,96,0.95,47.42565181418174,False,0.0,0.0,0.0,,,,,False,False
I-95 NB,GP,110P04153,2025-10-14,666.0,4,49.921738751770256,8000.0,96,0.95,47.42565181418174,True,2.4715546849177543,16057.607807139604,2.0072009758924505,374.07870932314813,522.3719904182134,14.778888888888888,465.0,False,False
I-95 NB,GP,110P04153,2025-10-15,666.0,4,49.921738751770256,8000.0,96,0.95,47.42565181418174,False,0.0,0.0,0.0,,,,,False,False
I-95 NB,GP,110P04153,2025-10-16,666.0,4,49.921738751770256,8000.0,96,0.95,47.42565181418174,False,0.0,0.0,0.0,,,,,False,False
I-95 NB,GP,110P04153,2025-10-17,666.0,4,49.921738751770256,8000.0,96,0.95,47.42565181418174,False,0.0,0.0,0.0,,,,,False,False
I-95 NB,GP,110P04153,2025-10-20,666.0,4,49.921738751770256,8000.0,96,0.95,47.42565181418174,True,1.3590262705966836,7261.2185933794435,0.9076523241724305,382.30257462599434,463.84415086179536,15.186666666666667,420.0,False,False
I-95 NB,GP,110P04153,2025-10-21,666.0,4,49.921738751770256,8000.0,96,0.95,47.42565181418174,True,2.103890788460029,9932.419622905596,1.2415524528631996,426.8890000926,553.1224474002017,9.735555555555555,510.0,False,False
I-95 NB,GP,110P04153,2025-10-22,666.0,4,49.921738751770256,8000.0,96,0.95,47.42565181418174,True,1.1923026534249326,9295.357554043463,1.1619196942554328,415.52949336809763,487.0676525735936,36.67444444444445,450.0,False,False
I-95 NB,GP,110P04153,2025-10-23,666.0,4,49.921738751770256,8000.0,96,0.95,47.42565181418174,True,0.601613940988031,3956.3770813618157,0.49454713517022697,440.56491657811813,476.6617530374,42.38,465.0,False,False
I-95 NB,GP,110P04153,2025-10-24,666.0,4,49.921738751770256,8000.0,96,0.95,47.42565181418174,False,0.0,0.0,0.0,,,,,False,False
I-95 NB,GP,110P04153,2025-10-27,666.0,4,49.921738751770256,8000.0,96,0.95,47.42565181418174,False,0.0,0.0,0.0,,,,,False,False
I-95 NB,GP,110P04153,2025-10-28,666.0,4,49.921738751770256,8000.0,96,0.95,47.42565181418174,False,0.0,0.0,0.0,,,,,False,False
I-95 NB,GP,110P04153,2025-10-29,666.0,4,49.921738751770256,8000.0,96,0.95,47.42565181418174,True,2.3951276682171634,14368.881893165548,1.7961102366456936,373.65903736652155,517.3666974595513,9.893333333333329,420.0,False,False
I-95 NB,GP,110P04153,2025-10-30,666.0,4,49.921738751770256,8000.0,96,0.95,47.42565181418174,False,0.0,0.0,0.0,,,,,False,False
I-95 NB,GP,110P04153,2025-10-31,666.0,4,49.921738751770256,8000.0,96,0.95,47.42565181418174,False,0.0,0.0,0.0,,,,,False,False
I-95 NB,GP,110+04154,2025-10-01,667.0,4,49.780317395532954,8000.0,96,0.95,47.2913015257563,True,2.8419942857591396,17171.51619303617,2.146439524129521,346.962432746115,517.4820898916633,18.39888888888889,450.0,False,False
I-95 NB,GP,110+04154,2025-10-02,667.0,4,49.780317395532954,8000.0,96,0.95,47.2913015257563,True,0.7446096067894739,5597.466741049224,0.699683342631153,426.97195536133484,471.64853176870326,36.39222222222222,450.0,False,False
I-95 NB,GP,110+04154,2025-10-03,667.0,4,49.780317395532954,8000.0,96,0.95,47.2913015257563,False,0.0,0.0,0.0,,,,,False,False
I-95 NB,GP,110+04154,2025-10-06,667.0,4,49.780317395532954,8000.0,96,0.95,47.2913015257563,True,1.389664130141813,8893.679443407642,1.1117099304259552,410.17768499942497,493.55753280793374,25.709999999999997,465.0,False,False
I-95 NB,GP,110+04154,2025-10-07,667.0,4,49.780317395532954,8000.0,96,0.95,47.2913015257563,True,1.6149607805755986,12165.337864142253,1.5206672330177817,358.10138310362925,454.99902993816517,23.365555555555556,420.0,False,False
I-95 NB,GP,110+04154,2025-10-08,667.0,4,49.780317395532954,8000.0,96,0.95,47.2913015257563,True,2.660441992925487,17372.494966362898,2.171561870795362,373.4279776748123,533.0544972503416,16.39,465.0,False,False
I-95 NB,GP,110+04154,2025-10-09,667.0,4,49.780317395532954,8000.0,96,0.95,47.2913015257563,True,2.3249502227918555,14472.454409746977,1.809056801218372,361.0771138305548,500.57412719806615,18.43444444444444,465.0,False,False
I-95 NB,GP,110+04154,2025-10-10,667.0,4,49.780317395532954,8000.0,96,0.95,47.2913015257563,True,1.897477248613066,9897.4894528544,1.2371861816068,394.72720453998176,508.5758394567657,10.564444444444444,435.0,False,False
I-95 NB,GP,110+04154,2025-10-13,667.0,4,49.780317395532954,8000.0,96,0.95,47.2913015257563,False,0.0,0.0,0.0,,,,,False,False
I-95 NB,GP,110+04154,2025-10-14,667.0,4,49.780317395532954,8000.0,96,0.95,47.2913015257563,True,3.5872912043773035,23689.830082727836,2.9612287603409797,344.26460028856,559.5020725511982,15.341111111111111,465.0,False,False
I-95 NB,GP,110+04154,2025-10-15,667.0,4,49.780317395532954,8000.0,96,0.95,47.2913015257563,True,2.0778904647231,13755.389191484091,1.7194236489355115,369.69358610003286,494.3670139834189,22.235555555555553,450.0,False,False
I-95 NB,GP,110+04154,2025-10-16,667.0,4,49.780317395532954,8000.0,96,0.95,47.2913015257563,True,2.093459529616133,13955.560066353224,1.744445008294153,362.6139116605735,488.22148343754145,23.03,450.0,False,False
I-95 NB,GP,110+04154,2025-10-17,667.0,4,49.780317395532954,8000.0,96,0.95,47.2913015257563,False,0.0,0.0,0.0,,,,,False,False
I-95 NB,GP,110+04154,2025-10-20,667.0,4,49.780317395532954,8000.0,96,0.95,47.2913015257563,True,1.8592164731754433,9497.647019084296,1.187205877385537,366.0154127771489,477.5684011676755,12.964444444444444,405.0,False,False
I-95 NB,GP,110+04154,2025-10-21,667.0,4,49.780317395532954,8000.0,96,0.95,47.2913015257563,True,2.767132084235324,16296.757700686445,2.0370947125858057,410.14107547942797,576.1690005335474,12.64,480.0,False,False
I-95 NB,GP,110+04154,2025-10-22,667.0,4,49.780317395532954,8000.0,96,0.95,47.2913015257563,True,2.007375538236376,13127.388865083307,1.6409236081354133,390.9867390231071,511.42927131728965,20.17222222222222,450.0,False,False
I-95 NB,GP,110+04154,2025-10-23,667.0,4,49.780317395532954,8000.0,96,0.95,47.2913015257563,True,1.9350302951574225,11196.840084832973,1.3996050106041216,390.07630954940686,506.1781272588522,19.641111111111112,450.0,False,False
I-95 NB,GP,110+04154,2025-10-24,667.0,4,49.780317395532954,8000.0,96,0.95,47.2913015257563,True,0.8627434563355488,5479.2000930262475,0.684900011628281,410.8288331029797,462.5934404831126,34.01444444444444,435.0,False,False
I-95 NB,GP,110+04154,2025-10-27,667.0,4,49.780317395532954,8000.0,96,0.95,47.2913015257563,True,1.615662207182197,11205.720252987165,1.4007150316233956,378.945884186965,475.8856166178968,34.81,450.0,False,False
I-95 NB,GP,110+04154,2025-10-28,667.0,4,49.780317395532954,8000.0,96,0.95,47.2913015257563,True,1.8207912191832822,14520.906402693441,1.8151133003366802,385.808016378984,495.05548952998095,25.85666666666667,435.0,False,False
I-95 NB,GP,110+04154,2025-10-29,667.0,4,49.780317395532954,8000.0,96,0.95,47.2913015257563,True,1.5930470845819997,9837.331398007516,1.2296664247509395,441.21383061614955,536.7966556910695,20.04222222222222,480.0,False,False
I-95 NB,GP,110+04154,2025-10-30,667.0,4,49.780317395532954,8000.0,96,0.95,47.2913015257563,False,0.0,0.0,0.0,,,,,False,False
I-95 NB,GP,110+04154,2025-10-31,667.0,4,49.780317395532954,8000.0,96,0.95,47.2913015257563,False,0.0,0.0,0.0,,,,,False,False
I-95 NB,GP,110P04154,2025-10-01,668.0,4,50.063160108007565,8000.0,96,0.95,47.560002102607186,True,2.8805424740923304,19925.38849520112,2.4906735619001403,358.0464505886049,530.8789990341447,18.197777777777777,450.0,False,False
I-95 NB,GP,110P04154,2025-10-02,668.0,4,50.063160108007565,8000.0,96,0.95,47.560002102607186,True,1.18414474821649,7190.395351579189,0.8987994189473987,407.9768751944609,479.0255600874503,29.594444444444445,450.0,False,False
I-95 NB,GP,110P04154,2025-10-03,668.0,4,50.063160108007565,8000.0,96,0.95,47.560002102607186,True,1.1353943338189376,6917.852468208219,0.8647315585260273,393.84485914649684,461.9685191756331,27.686666666666667,435.0,False,False
I-95 NB,GP,110P04154,2025-10-06,668.0,4,50.063160108007565,8000.0,96,0.95,47.560002102607186,True,1.8323609733515327,12759.183054015624,1.594897881751953,392.6984780367126,502.64013643780453,29.32111111111111,465.0,False,False
I-95 NB,GP,110P04154,2025-10-07,668.0,4,50.063160108007565,8000.0,96,0.95,47.560002102607186,True,1.6192619813088518,10241.221536857436,1.2801526921071795,364.85277870626163,462.00849758479274,26.142222222222227,420.0,False,False
I-95 NB,GP,110P04154,2025-10-08,668.0,4,50.063160108007565,8000.0,96,0.95,47.560002102607186,True,2.9271819648117825,17114.993368704083,2.1393741710880105,362.198482597599,537.829400486306,16.595555555555556,450.0,False,False
I-95 NB,GP,110P04154,2025-10-09,668.0,4,50.063160108007565,8000.0,96,0.95,47.560002102607186,True,2.466800581352972,14501.567396194292,1.8126959245242864,360.43912927704326,508.4471641582216,18.75,465.0,False,False
I-95 NB,GP,110P04154,2025-10-10,668.0,4,50.063160108007565,8000.0,96,0.95,47.560002102607186,True,2.5216486881336957,13736.16333797625,1.7170204172470311,366.7981586905806,518.0970799786023,7.37,435.0,False,False
I-95 NB,GP,110P04154,2025-10-13,668.0,4,50.063160108007565,8000.0,96,0.95,47.560002102607186,False,0.0,0.0,0.0,,,,,False,False
I-95 NB,GP,110P04154,2025-10-14,668.0,4,50.063160108007565,8000.0,96,0.95,47.560002102607186,True,3.7963073823348386,23715.282442339434,2.964410305292429,345.97988685128615,573.7583297913765,15.348888888888888,450.0,False,False
I-95 NB,GP,110P04154,2025-10-15,668.0,4,50.063160108007565,8000.0,96,0.95,47.560002102607186,True,2.2991868384577363,15517.985960430802,1.9397482450538504,366.698516271243,504.6497265787072,23.265555555555554,465.0,False,False
I-95 NB,GP,110P04154,2025-10-16,668.0,4,50.063160108007565,8000.0,96,0.95,47.560002102607186,True,2.1427662154043694,15592.42723222079,1.9490534040275989,368.6072376888093,497.17321061307143,22.947777777777777,450.0,False,False
I-95 NB,GP,110P04154,2025-10-17,668.0,4,50.063160108007565,8000.0,96,0.95,47.560002102607186,True,0.6022087217330768,3773.4221074628917,0.47167776343286144,443.1257989981098,479.2583223020944,40.70333333333333,465.0,False,False
I-95 NB,GP,110P04154,2025-10-20,668.0,4,50.063160108007565,8000.0,96,0.95,47.560002102607186,True,2.0480834629881004,11355.6273127384,1.4194534140922999,361.0735831204279,483.9585908997139,14.06444444444445,405.0,False,False
I-95 NB,GP,110P04154,2025-10-21,668.0,4,50.063160108007565,8000.0,96,0.95,47.560002102607186,True,0.8218149627122178,5426.946984868536,0.678368373108567,545.7695861313325,595.0784838940656,33.48444444444445,570.0,False,False
I-95 NB,GP,110P04154,2025-10-22,668.0,4,50.063160108007565,8000.0,96,0.95,47.560002102607186,True,2.5260943300741587,16796.70462229054,2.0995880777863176,372.5121050366656,524.0777648411151,20.581111111111113,450.0,False,False
I-95 NB,GP,110P04154,2025-10-23,668.0,4,50.063160108007565,8000.0,96,0.95,47.560002102607186,True,2.165564318549191,12922.243634034377,1.6152804542542971,378.81219624603193,508.74605535898337,19.521111111111107,450.0,False,False
I-95 NB,GP,110P04154,2025-10-24,668.0,4,50.063160108007565,8000.0,96,0.95,47.560002102607186,True,1.2862052058576543,11609.060666026895,1.451132583253362,389.7848076742247,466.95712002568393,41.73222222222223,405.0,False,False
I-95 NB,GP,110P04154,2025-10-27,668.0,4,50.063160108007565,8000.0,96,0.95,47.560002102607186,True,1.8955120247416242,13952.358572689584,1.744044821586198,368.11801702706913,481.8487385115666,23.77,450.0,False,False
I-95 NB,GP,110P04154,2025-10-28,668.0,4,50.063160108007565,8000.0,96,0.95,47.560002102607186,True,2.3199268582247954,17279.47954748186,2.1599349434352324,371.28786794532044,510.48347943880816,24.165555555555553,450.0,False,False
I-95 NB,GP,110P04154,2025-10-29,668.0,4,50.063160108007565,8000.0,96,0.95,47.560002102607186,True,1.7123319595959392,11812.903035808908,1.4766128794761135,442.7166821696259,545.4565997453823,21.51888888888888,480.0,False,False
I-95 NB,GP,110P04154,2025-10-30,668.0,4,50.063160108007565,8000.0,96,0.95,47.560002102607186,True,0.6286829658266829,5817.538754539599,0.7271923443174498,373.0249148769117,410.74589282651266,42.61666666666667,390.0,False,False
I-95 NB,GP,110P04154,2025-10-31,668.0,4,50.063160108007565,8000.0,96,0.95,47.560002102607186,False,0.0,0.0,0.0,,,,,False,False
I-95 NB,GP,110+04155,2025-10-01,669.0,4,48.92471819029723,8000.0,96,0.95,46.478482280782366,True,4.617735351691704,32255.29652684799,4.031912065855999,344.41298827422906,621.4771093757313,20.982222222222223,420.0,False,False
I-95 NB,GP,110+04155,2025-10-02,669.0,4,48.92471819029723,8000.0,96,0.95,46.478482280782366,True,2.0790622327737784,16746.256975518652,2.0932821219398314,371.347686594934,496.0914205613607,30.19333333333334,450.0,False,False
I-95 NB,GP,110+04155,2025-10-03,669.0,4,48.92471819029723,8000.0,96,0.95,46.478482280782366,True,1.9104048128747346,14416.491923560185,1.8020614904450232,383.1298837753861,497.75417254787016,27.883333333333336,420.0,False,False
I-95 NB,GP,110+04155,2025-10-06,669.0,4,48.92471819029723,8000.0,96,0.95,46.478482280782366,True,2.2526361374052177,16399.930018260104,2.049991252282513,374.8176981226443,509.97586636695735,28.937777777777786,465.0,False,False
I-95 NB,GP,110+04155,2025-10-07,669.0,4,48.92471819029723,8000.0,96,0.95,46.478482280782366,True,2.02303320506182,14329.586623240795,1.7911983279050994,351.48020530429955,472.8621976080087,27.37111111111111,435.0,False,False
I-95 NB,GP,110+04155,2025-10-08,669.0,4,48.92471819029723,8000.0,96,0.95,46.478482280782366,True,3.1342022472744078,20112.35406661685,2.514044258327106,360.388743422307,548.4408782587715,21.75111111111111,450.0,False,False
I-95 NB,GP,110+04155,2025-10-09,669.0,4,48.92471819029723,8000.0,96,0.95,46.478482280782366,True,2.9133823892667627,20941.505905628586,2.617688238203573,355.83730038111315,530.6402437371189,23.69111111111111,465.0,False,False
I-95 NB,GP,110+04155,2025-10-10,669.0,4,48.92471819029723,8000.0,96,0.95,46.478482280782366,True,2.8264682288948526,14799.132096243837,1.8498915120304795,351.9558595802948,521.543953313986,7.628888888888889,435.0,False,False
I-95 NB,GP,110+04155,2025-10-13,669.0,4,48.92471819029723,8000.0,96,0.95,46.478482280782366,False,0.0,0.0,0.0,,,,,False,False
I-95 NB,GP,110+04155,2025-10-14,669.0,4,48.92471819029723,8000.0,96,0.95,46.478482280782366,True,4.173061325780531,27945.493656776453,3.4931867070970566,338.92767508630635,589.3113546331382,18.60777777777778,450.0,False,False
I-95 NB,GP,110+04155,2025-10-15,669.0,4,48.92471819029723,8000.0,96,0.95,46.478482280782366,True,2.7318519293188093,19515.176792612394,2.4393970990765492,353.45845495383975,517.3695707129683,25.442222222222224,450.0,False,False
I-95 NB,GP,110+04155,2025-10-16,669.0,4,48.92471819029723,8000.0,96,0.95,46.478482280782366,True,2.5125195843082424,17748.92413597854,2.2186155169973176,357.1050933638888,507.8562684223833,25.90111111111111,450.0,False,False
I-95 NB,GP,110+04155,2025-10-17,669.0,4,48.92471819029723,8000.0,96,0.95,46.478482280782366,True,1.787720126607773,13068.608736988454,1.6335760921235567,395.1465008717266,502.40970846819295,30.298888888888886,450.0,False,False
I-95 NB,GP,110+04155,2025-10-20,669.0,4,48.92471819029723,8000.0,96,0.95,46.478482280782366,True,2.1601454721266293,14652.971077344811,1.8316213846681015,356.99429303854174,486.6030213661395,18.7188888888889,390.0,False,False
I-95 NB,GP,110+04155,2025-10-21,669.0,4,48.92471819029723,8000.0,96,0.95,46.478482280782366,True,1.1890762756898245,9263.380867446562,1.1579226084308203,374.14851839662305,445.4930949380125,31.885555555555555,405.0,False,False
I-95 NB,GP,110+04155,2025-10-22,669.0,4,48.92471819029723,8000.0,96,0.95,46.478482280782366,True,2.875938691770915,20908.842290285018,2.6136052862856274,359.27822105962525,531.8345425658802,23.155555555555555,450.0,False,False
I-95 NB,GP,110+04155,2025-10-23,669.0,4,48.92471819029723,8000.0,96,0.95,46.478482280782366,True,2.574598176425931,16983.505961890733,2.1229382452363414,368.6499176912052,523.1258082767611,21.939999999999998,450.0,False,False
I-95 NB,GP,110+04155,2025-10-24,669.0,4,48.92471819029723,8000.0,96,0.95,46.478482280782366,True,1.8233095206281233,14875.551671744923,1.8594439589681153,373.2899791033035,482.6885503409909,31.344444444444445,405.0,False,False
I-95 NB,GP,110+04155,2025-10-27,669.0,4,48.92471819029723,8000.0,96,0.95,46.478482280782366,True,2.104558775012412,14346.882170895758,1.7933602713619698,362.31363863272236,488.58716513346707,28.24888888888889,450.0,False,False
I-95 NB,GP,110+04155,2025-10-28,669.0,4,48.92471819029723,8000.0,96,0.95,46.478482280782366,True,2.419447381561567,15689.81192767016,1.96122649095877,362.84255211454973,508.00939500824376,24.66111111111111,450.0,False,False
I-95 NB,GP,110+04155,2025-10-29,669.0,4,48.92471819029723,8000.0,96,0.95,46.478482280782366,True,1.881381322166868,12127.392479764769,1.515924059970596,439.56050559334756,552.4433849233596,25.496666666666666,480.0,False,False
I-95 NB,GP,110+04155,2025-10-30,669.0,4,48.92471819029723,8000.0,96,0.95,46.478482280782366,True,1.3838638810107995,11240.696289333408,1.4050870361666759,359.49140529583343,442.5232381564814,29.763333333333335,390.0,False,False
I-95 NB,GP,110+04155,2025-10-31,669.0,4,48.92471819029723,8000.0,96,0.95,46.478482280782366,False,0.0,0.0,0.0,,,,,False,False
I-95 NB,GP,110P04155,2025-10-01,670.0,4,48.35903276534799,8000.0,96,0.95,45.94108112708059,True,4.988070544181072,32490.506209699295,4.061313276212412,342.0109949213872,641.2952275722515,18.313333333333336,585.0,False,False
I-95 NB,GP,110P04155,2025-10-02,670.0,4,48.35903276534799,8000.0,96,0.95,45.94108112708059,True,2.371537695182521,18831.18346588348,2.353897933235435,357.2973453545557,499.589607065507,30.24222222222222,465.0,False,False
I-95 NB,GP,110P04155,2025-10-03,670.0,4,48.35903276534799,8000.0,96,0.95,45.94108112708059,True,2.0115825704154884,14435.62809228085,1.8044535115351061,380.1526204360984,500.8475746610277,28.63888888888889,450.0,False,False
I-95 NB,GP,110P04155,2025-10-06,670.0,4,48.35903276534799,8000.0,96,0.95,45.94108112708059,True,2.3808021199990663,18688.99506475486,2.3361243830943574,372.77445232318087,515.6225795231248,28.607777777777773,450.0,False,False
I-95 NB,GP,110P04155,2025-10-07,670.0,4,48.35903276534799,8000.0,96,0.95,45.94108112708059,True,2.1410321940258656,16150.624503897607,2.018828062987201,353.0487370024491,481.51066864400104,26.22333333333334,435.0,False,False
I-95 NB,GP,110P04155,2025-10-08,670.0,4,48.35903276534799,8000.0,96,0.95,45.94108112708059,True,4.202838536288513,30013.74304475554,3.751717880594443,348.8660069092563,601.0363190865671,21.75777777777778,450.0,False,False
I-95 NB,GP,110P04155,2025-10-09,670.0,4,48.35903276534799,8000.0,96,0.95,45.94108112708059,True,3.221691202758343,22706.98822021471,2.8383735275268385,357.5481471323083,550.8496192978089,21.805555555555554,450.0,False,False
I-95 NB,GP,110P04155,2025-10-10,670.0,4,48.35903276534799,8000.0,96,0.95,45.94108112708059,True,3.141093606990372,18009.059521736213,2.2511324402170265,344.5564744810581,533.0220909004804,6.157777777777778,420.0,False,False
I-95 NB,GP,110P04155,2025-10-13,670.0,4,48.35903276534799,8000.0,96,0.95,45.94108112708059,False,0.0,0.0,0.0,,,,,False,False
I-95 NB,GP,110P04155,2025-10-14,670.0,4,48.35903276534799,8000.0,96,0.95,45.94108112708059,True,4.14435928024274,25909.396184521844,3.2386745230652303,349.5421627030553,598.2037195176197,18.73888888888889,435.0,False,False
I-95 NB,GP,110P04155,2025-10-15,670.0,4,48.35903276534799,8000.0,96,0.95,45.94108112708059,True,2.9148639848912135,21557.539717946842,2.694692464743355,351.4404792568724,526.3323183503452,25.603333333333335,435.0,False,False
I-95 NB,GP,110P04155,2025-10-16,670.0,4,48.35903276534799,8000.0,96,0.95,45.94108112708059,True,4.1990352322487885,28420.60635072749,3.552575793840936,345.09228101986776,597.0343949547951,24.89222222222222,435.0,False,False
I-95 NB,GP,110P04155,2025-10-17,670.0,4,48.35903276534799,8000.0,96,0.95,45.94108112708059,True,2.3338759494842622,16015.317537610486,2.0019146922013107,378.32159716517737,518.3541541342331,25.78,480.0,False,False
I-95 NB,GP,110P04155,2025-10-20,670.0,4,48.35903276534799,8000.0,96,0.95,45.94108112708059,True,1.0505052138050028,7190.896521643057,0.8988620652053821,428.0131508382233,491.04346366652345,30.819999999999993,450.0,False,False
I-95 NB,GP,110P04155,2025-10-21,670.0,4,48.35903276534799,8000.0,96,0.95,45.94108112708059,True,1.5089691435133517,10761.318254925292,1.3451647818656616,370.3520307711392,460.8901793819403,28.606666666666673,435.0,False,False
I-95 NB,GP,110P04155,2025-10-22,670.0,4,48.35903276534799,8000.0,96,0.95,45.94108112708059,True,3.049040419435381,20745.870446861343,2.593233805857668,355.1422731052539,538.0846982713767,20.413333333333334,450.0,False,False
I-95 NB,GP,110P04155,2025-10-23,670.0,4,48.35903276534799,8000.0,96,0.95,45.94108112708059,True,2.8328609313773416,20665.629106475186,2.5832036383093984,359.40650805213016,529.3781639347707,20.12555555555556,450.0,False,False
I-95 NB,GP,110P04155,2025-10-24,670.0,4,48.35903276534799,8000.0,96,0.95,45.94108112708059,True,2.1780467351228237,16065.146289522756,2.0081432861903443,359.55234754903216,490.23515165640157,26.56555555555555,450.0,False,False
I-95 NB,GP,110P04155,2025-10-27,670.0,4,48.35903276534799,8000.0,96,0.95,45.94108112708059,True,2.596163660043741,17961.751397195116,2.2452189246493894,352.98695524289025,508.7567748455147,27.74444444444444,450.0,False,False
I-95 NB,GP,110P04155,2025-10-28,670.0,4,48.35903276534799,8000.0,96,0.95,45.94108112708059,True,2.6928559520492237,19626.137490293713,2.4532671862867144,359.7295808374965,521.3009379604499,22.57444444444445,450.0,False,False
I-95 NB,GP,110P04155,2025-10-29,670.0,4,48.35903276534799,8000.0,96,0.95,45.94108112708059,True,3.9556413298392403,29224.44819916923,3.653056024896154,342.7722717886859,580.1107515790403,23.592222222222215,465.0,False,False
I-95 NB,GP,110P04155,2025-10-30,670.0,4,48.35903276534799,8000.0,96,0.95,45.94108112708059,True,4.52296999908886,32534.119673006906,4.066764959125863,354.5921218790911,625.9703218244227,26.59777777777778,435.0,False,False
I-95 NB,GP,110P04155,2025-10-31,670.0,4,48.35903276534799,8000.0,96,0.95,45.94108112708059,True,1.9133533962903186,13539.311130374192,1.6924138912967739,378.06100035524827,492.8622041326674,37.1,465.0,False,False
I-95 NB,GP,110+04156,2025-10-01,671.0,4,48.08290756729464,8000.0,96,0.95,45.67876218892991,True,5.1484690440816845,34920.912735324746,4.3651140919155935,337.41965708670057,646.3277997316017,18.712222222222223,585.0,False,False
I-95 NB,GP,110+04156,2025-10-02,671.0,4,48.08290756729464,8000.0,96,0.95,45.67876218892991,True,2.330835315296567,19077.22581664068,2.384653227080085,356.2079323475465,496.0580512653405,32.191111111111105,450.0,False,False
I-95 NB,GP,110+04156,2025-10-03,671.0,4,48.08290756729464,8000.0,96,0.95,45.67876218892991,True,2.031122712509054,14637.413408292574,1.8296766760365717,377.0174077724881,498.88477052303136,29.768888888888895,405.0,False,False
I-95 NB,GP,110+04156,2025-10-06,671.0,4,48.08290756729464,8000.0,96,0.95,45.67876218892991,True,2.5356398604682235,18677.58950977042,2.3346986887213026,363.60508948293824,515.7434811110317,30.00000000000001,450.0,False,False
I-95 NB,GP,110+04156,2025-10-07,671.0,4,48.08290756729464,8000.0,96,0.95,45.67876218892991,True,2.1915637864846125,16509.246389456614,2.0636557986820767,355.6630031072644,487.1568302963411,29.671111111111117,450.0,False,False
I-95 NB,GP,110+04156,2025-10-08,671.0,4,48.08290756729464,8000.0,96,0.95,45.67876218892991,True,4.298988747617895,32276.40347827194,4.034550434783992,344.43861984168046,602.3779446987542,23.80222222222223,480.0,False,False
I-95 NB,GP,110+04156,2025-10-09,671.0,4,48.08290756729464,8000.0,96,0.95,45.67876218892991,True,3.2402933192635754,23525.240934343663,2.940655116792958,355.45272077368406,549.8703199294986,26.903333333333332,450.0,False,False
I-95 NB,GP,110+04156,2025-10-10,671.0,4,48.08290756729464,8000.0,96,0.95,45.67876218892991,True,3.2953541264217705,17880.23294819893,2.2350291185248663,341.0235970229807,538.7448446082869,5.579999999999999,420.0,False,False
I-95 NB,GP,110+04156,2025-10-13,671.0,4,48.08290756729464,8000.0,96,0.95,45.67876218892991,False,0.0,0.0,0.0,,,,,False,False
I-95 NB,GP,110+04156,2025-10-14,671.0,4,48.08290756729464,8000.0,96,0.95,45.67876218892991,True,4.073834581241818,26628.69449505693,3.3285868118821162,352.28085017906557,596.7109250535747,19.271111111111114,495.0,False,False
I-95 NB,GP,110+04156,2025-10-15,671.0,4,48.08290756729464,8000.0,96,0.95,45.67876218892991,True,3.000000241966137,21651.695135919665,2.706461891989958,350.7937458254289,530.7937603433971,28.233333333333334,450.0,False,False
I-95 NB,GP,110+04156,2025-10-16,671.0,4,48.08290756729464,8000.0,96,0.95,45.67876218892991,True,4.3370483111740326,32456.913967025946,4.057114245878243,341.1175295419631,601.3404282124051,22.135555555555555,510.0,False,False
I-95 NB,GP,110+04156,2025-10-17,671.0,4,48.08290756729464,8000.0,96,0.95,45.67876218892991,True,2.3645602965255668,16448.85541842374,2.0561069273029675,375.3263098453464,517.1999276368804,29.27,465.0,False,False
I-95 NB,GP,110+04156,2025-10-20,671.0,4,48.08290756729464,8000.0,96,0.95,45.67876218892991,True,1.2882286663844884,9406.737973291769,1.175842246661471,417.33403925114715,494.62775923421646,31.198888888888877,450.0,False,False
I-95 NB,GP,110+04156,2025-10-21,671.0,4,48.08290756729464,8000.0,96,0.95,45.67876218892991,True,1.5494245870702088,11006.250077617338,1.3757812597021672,370.52047374486455,463.48594896907707,30.74666666666667,435.0,False,False
I-95 NB,GP,110+04156,2025-10-22,671.0,4,48.08290756729464,8000.0,96,0.95,45.67876218892991,True,3.0677284520465737,21479.04010345181,2.6848800129314765,352.0151591694836,536.078866292278,26.13,450.0,False,False
I-95 NB,GP,110+04156,2025-10-23,671.0,4,48.08290756729464,8000.0,96,0.95,45.67876218892991,True,4.115705703180281,29027.81370066903,3.6284767125836286,353.0487152120466,599.9910574028635,24.75555555555556,450.0,False,False
I-95 NB,GP,110+04156,2025-10-24,671.0,4,48.08290756729464,8000.0,96,0.95,45.67876218892991,True,2.2292898974767534,16448.464184358698,2.0560580230448373,357.82043363158925,491.57782748019446,28.721111111111117,405.0,False,False
I-95 NB,GP,110+04156,2025-10-27,671.0,4,48.08290756729464,8000.0,96,0.95,45.67876218892991,True,2.6380145134159494,18357.76234440938,2.2947202930511725,350.9760633299293,509.25693413488625,30.515555555555554,435.0,False,False
I-95 NB,GP,110+04156,2025-10-28,671.0,4,48.08290756729464,8000.0,96,0.95,45.67876218892991,True,2.821886991212014,21904.058509424984,2.738007313678123,355.99335638102485,525.3065758537457,28.21333333333334,435.0,False,False
I-95 NB,GP,110+04156,2025-10-29,671.0,4,48.08290756729464,8000.0,96,0.95,45.67876218892991,True,4.013099699378566,29824.675941844383,3.728084492730548,338.0306574305469,578.8166393932609,26.86222222222223,465.0,False,False
I-95 NB,GP,110+04156,2025-10-30,671.0,4,48.08290756729464,8000.0,96,0.95,45.67876218892991,True,4.49199563526553,33463.535013042274,4.182941876630284,348.38277642767986,617.9025145436117,28.223333333333333,435.0,False,False
I-95 NB,GP,110+04156,2025-10-31,671.0,4,48.08290756729464,8000.0,96,0.95,45.67876218892991,True,2.212704038272011,16997.236758610397,2.1246545948263,372.66190952310995,505.4241518194306,31.572222222222223,465.0,False,False
I-95 NB,GP,110P04156,2025-10-01,672.0,4,48.64187547782261,7600.0,96,0.95,46.209781703931476,True,4.866431082880335,30622.31340303833,4.029251763557675,345.3565623873005,637.3424273601206,19.052222222222223,570.0,False,False
I-95 NB,GP,110P04156,2025-10-02,672.0,4,48.64187547782261,7600.0,96,0.95,46.209781703931476,True,1.8636678348352291,13074.011251204836,1.7202646383164257,365.21467187434183,477.0347419644556,39.94777777777778,390.0,False,False
I-95 NB,GP,110P04156,2025-10-03,672.0,4,48.64187547782261,7600.0,96,0.95,46.209781703931476,True,1.5764682213626193,11002.926282120296,1.447753458173723,381.3765918391989,475.96468512095606,36.40888888888889,405.0,False,False
I-95 NB,GP,110P04156,2025-10-06,672.0,4,48.64187547782261,7600.0,96,0.95,46.209781703931476,True,2.26091409490152,16553.701125032312,2.178118569083199,371.0051951877294,506.6600408818206,38.07333333333333,450.0,False,False
I-95 NB,GP,110P04156,2025-10-07,672.0,4,48.64187547782261,7600.0,96,0.95,46.209781703931476,True,2.265657629511868,16711.875355216584,2.1989309677916555,368.459753587848,504.3992113585601,39.565555555555555,450.0,False,False
I-95 NB,GP,110P04156,2025-10-08,672.0,4,48.64187547782261,7600.0,96,0.95,46.209781703931476,True,3.4756649581220227,22471.587655569434,2.9567878494170308,346.1822743122359,554.7221717995573,28.176666666666673,510.0,False,False
I-95 NB,GP,110P04156,2025-10-09,672.0,4,48.64187547782261,7600.0,96,0.95,46.209781703931476,True,2.896266132701581,19881.33690048352,2.6159653816425683,364.0437106098747,537.8196785719696,35.276666666666664,510.0,False,False
I-95 NB,GP,110P04156,2025-10-10,672.0,4,48.64187547782261,7600.0,96,0.95,46.209781703931476,True,2.713144383683895,14036.632079766088,1.8469252736534327,339.7973685645226,502.5860315855563,6.067777777777773,420.0,False,False
I-95 NB,GP,110P04156,2025-10-13,672.0,4,48.64187547782261,7600.0,96,0.95,46.209781703931476,False,0.0,0.0,0.0,,,,,False,False
I-95 NB,GP,110P04156,2025-10-14,672.0,4,48.64187547782261,7600.0,96,0.95,46.209781703931476,True,3.7434141370924454,24739.064292536532,3.255140038491649,356.9733847049741,581.5782329305208,22.377777777777776,495.0,False,False
I-95 NB,GP,110P04156,2025-10-15,672.0,4,48.64187547782261,7600.0,96,0.95,46.209781703931476,True,2.9786143604400706,20918.334153660326,2.7524123886395166,350.64130575338606,529.3581673797903,29.74555555555556,465.0,False,False
I-95 NB,GP,110P04156,2025-10-16,672.0,4,48.64187547782261,7600.0,96,0.95,46.209781703931476,True,3.977840247452405,28632.557589598408,3.7674417881050535,346.9103999607053,585.5808148078496,23.04444444444444,510.0,False,False
I-95 NB,GP,110P04156,2025-10-17,672.0,4,48.64187547782261,7600.0,96,0.95,46.209781703931476,True,1.6935045913866247,12881.578571046386,1.6949445488218928,381.12714847925827,482.73742396245575,39.065555555555555,420.0,False,False
I-95 NB,GP,110P04156,2025-10-20,672.0,4,48.64187547782261,7600.0,96,0.95,46.209781703931476,True,0.6457838461085827,5575.248370893577,0.7335853119596811,427.38906375670894,466.1360945232239,42.06111111111111,450.0,False,False
I-95 NB,GP,110P04156,2025-10-21,672.0,4,48.64187547782261,7600.0,96,0.95,46.209781703931476,True,1.2847898238594742,9094.924404058156,1.1967005794813363,380.5352890135593,457.62267844512775,36.436666666666675,405.0,False,False
I-95 NB,GP,110P04156,2025-10-22,672.0,4,48.64187547782261,7600.0,96,0.95,46.209781703931476,True,2.831393187499747,21474.390353396495,2.8255776780784863,357.8270648464783,527.7106560964631,33.11555555555555,450.0,False,False
I-95 NB,GP,110P04156,2025-10-23,672.0,4,48.64187547782261,7600.0,96,0.95,46.209781703931476,True,2.8382451410271936,21253.102891404877,2.7964609067637998,357.05982402231444,527.3545324839461,30.707777777777782,390.0,False,False
I-95 NB,GP,110P04156,2025-10-24,672.0,4,48.64187547782261,7600.0,96,0.95,46.209781703931476,True,2.0932563031330877,14616.822270226068,1.9232660881876404,362.8402278619263,488.43560604991154,33.91444444444445,405.0,False,False
I-95 NB,GP,110P04156,2025-10-27,672.0,4,48.64187547782261,7600.0,96,0.95,46.209781703931476,True,2.1823892454768723,14432.81038186976,1.899053997614442,348.55355399487536,479.4969087234877,36.48555555555555,390.0,False,False
I-95 NB,GP,110P04156,2025-10-28,672.0,4,48.64187547782261,7600.0,96,0.95,46.209781703931476,True,2.515573221908779,18040.764022706477,2.3737847398297998,360.5964601908646,511.53085350539135,33.25888888888889,390.0,False,False
I-95 NB,GP,110P04156,2025-10-29,672.0,4,48.64187547782261,7600.0,96,0.95,46.209781703931476,True,1.7229883911508637,12451.431706256726,1.638346277139043,430.927079786272,534.3063832553238,32.312222222222225,495.0,False,False
I-95 NB,GP,110P04156,2025-10-30,672.0,4,48.64187547782261,7600.0,96,0.95,46.209781703931476,True,3.125510484632192,21859.18650324754,2.876208750427308,346.94033496799943,534.4709640459309,33.86000000000001,450.0,False,False
I-95 NB,GP,110P04156,2025-10-31,672.0,4,48.64187547782261,7600.0,96,0.95,46.209781703931476,True,1.6528584300947784,12535.131833742886,1.6493594518082744,415.22358688842075,514.3950926941075,32.955555555555556,480.0,False,False
I-95 NB,GP,110+04157,2025-10-01,673.0,4,48.92471819029723,7600.0,96,0.95,46.478482280782366,True,4.837934561452353,33262.3328325016,4.376622741118632,343.4649270720899,633.741000759231,20.87888888888888,570.0,False,False
I-95 NB,GP,110+04157,2025-10-02,673.0,4,48.92471819029723,7600.0,96,0.95,46.478482280782366,True,0.8916003432470935,5464.834726170827,0.7190572008119509,365.3104871295443,418.8065077243699,38.25555555555555,390.0,False,False
I-95 NB,GP,110+04157,2025-10-03,673.0,4,48.92471819029723,7600.0,96,0.95,46.478482280782366,True,0.7988098387314001,5531.792624853,0.7278674506385526,383.02662893987474,430.95521926375875,41.00555555555555,405.0,False,False
I-95 NB,GP,110+04157,2025-10-06,673.0,4,48.92471819029723,7600.0,96,0.95,46.478482280782366,True,2.284387841775391,16762.673204306673,2.2056148953035097,368.4644815999591,505.5277521064825,41.04666666666666,480.0,False,False
I-95 NB,GP,110+04157,2025-10-07,673.0,4,48.92471819029723,7600.0,96,0.95,46.478482280782366,True,2.1657230710249022,16918.912077771172,2.2261726418119965,374.59672741734795,504.5401116788421,42.27777777777778,405.0,False,False
I-95 NB,GP,110+04157,2025-10-08,673.0,4,48.92471819029723,7600.0,96,0.95,46.478482280782366,True,3.4694426422902853,24996.680003345642,3.289036842545479,343.449632179408,551.6161907168251,29.78222222222222,510.0,False,False
I-95 NB,GP,110+04157,2025-10-09,673.0,4,48.92471819029723,7600.0,96,0.95,46.478482280782366,True,2.870227924717492,20257.27786543986,2.6654312980841923,366.11090734254196,538.3245828255915,38.577777777777776,510.0,False,False
I-95 NB,GP,110+04157,2025-10-10,673.0,4,48.92471819029723,7600.0,96,0.95,46.478482280782366,True,2.512742451357401,12724.50998490072,1.6742776295922,337.6489030278708,488.41345010931485,7.375555555555555,405.0,False,False
I-95 NB,GP,110+04157,2025-10-13,673.0,4,48.92471819029723,7600.0,96,0.95,46.478482280782366,False,0.0,0.0,0.0,,,,,False,False
I-95 NB,GP,110+04157,2025-10-14,673.0,4,48.92471819029723,7600.0,96,0.95,46.478482280782366,True,3.737413538827193,26211.628156355197,3.448898441625684,355.44052949441334,579.6853418240449,27.631111111111114,525.0,False,False
I-95 NB,GP,110+04157,2025-10-15,673.0,4,48.92471819029723,7600.0,96,0.95,46.478482280782366,True,2.96084218740846,21615.172127744423,2.8441015957558453,350.99887246110706,528.6494037056146,34.52555555555556,480.0,False,False
I-95 NB,GP,110+04157,2025-10-16,673.0,4,48.92471819029723,7600.0,96,0.95,46.478482280782366,True,3.610899146081542,27104.945710956657,3.5664402251258758,343.5966594312301,560.2506081961226,25.582222222222224,510.0,False,False
I-95 NB,GP,110+04157,2025-10-17,673.0,4,48.92471819029723,7600.0,96,0.95,46.478482280782366,True,1.5601761900741877,11125.991971058926,1.4639463119814375,379.05168050075173,472.662251905203,41.15111111111111,390.0,False,False
I-95 NB,GP,110+04157,2025-10-20,673.0,4,48.92471819029723,7600.0,96,0.95,46.478482280782366,False,0.0,0.0,0.0,,,,,False,False
I-95 NB,GP,110+04157,2025-10-21,673.0,4,48.92471819029723,7600.0,96,0.95,46.478482280782366,True,1.0501318655756602,7409.97467913309,0.9749966683069855,383.1840896222146,446.1920015567542,39.607777777777784,405.0,False,False
I-95 NB,GP,110+04157,2025-10-22,673.0,4,48.92471819029723,7600.0,96,0.95,46.478482280782366,True,2.862134359246059,19943.434122745315,2.624136068782278,352.9762761221005,524.704337676864,35.31444444444443,390.0,False,False
I-95 NB,GP,110+04157,2025-10-23,673.0,4,48.92471819029723,7600.0,96,0.95,46.478482280782366,True,2.874845484708526,21615.822390066376,2.8441871565876813,359.2970848888055,531.7878139713171,32.083333333333336,390.0,False,False
I-95 NB,GP,110+04157,2025-10-24,673.0,4,48.92471819029723,7600.0,96,0.95,46.478482280782366,True,2.219710603667854,16583.963853971247,2.18210050710148,355.81264896470634,488.9952851847776,36.410000000000004,405.0,False,False
I-95 NB,GP,110+04157,2025-10-27,673.0,4,48.92471819029723,7600.0,96,0.95,46.478482280782366,True,1.8730126237719171,12735.168733187033,1.675680096471978,348.083362508774,460.464119935089,36.94111111111111,375.0,False,False
I-95 NB,GP,110+04157,2025-10-28,673.0,4,48.92471819029723,7600.0,96,0.95,46.478482280782366,True,2.3805609997236115,16573.256962369076,2.1806917055748785,363.9345549235215,506.76821490693817,36.65333333333333,390.0,False,False
I-95 NB,GP,110+04157,2025-10-29,673.0,4,48.92471819029723,7600.0,96,0.95,46.478482280782366,True,1.2997083103038014,9194.476396720973,1.2097995258843386,446.4022773814604,524.3847759996885,38.47777777777778,495.0,False,False
I-95 NB,GP,110+04157,2025-10-30,673.0,4,48.92471819029723,7600.0,96,0.95,46.478482280782366,True,3.2504797686085634,23676.952454301463,3.11538848082914,338.2204586621761,533.2492447786899,34.668888888888894,420.0,False,False
I-95 NB,GP,110+04157,2025-10-31,673.0,4,48.92471819029723,7600.0,96,0.95,46.478482280782366,True,1.6734496934469112,12453.399898593681,1.6386052498149581,419.4670271761335,519.8740087829482,31.087777777777774,495.0,False,False
I-95 NB,GP,110P04157,2025-10-01,674.0,4,48.076190052873365,7600.0,96,0.95,45.6723805502297,True,4.535510302459715,29338.338264681475,3.860307666405457,360.8438747933882,632.9744929409711,19.492222222222235,525.0,False,False
I-95 NB,GP,110P04157,2025-10-02,674.0,4,48.076190052873365,7600.0,96,0.95,45.6723805502297,True,0.8555841679262651,7469.011755908413,0.9827647047247912,359.89375716474046,411.22880724031637,40.79111111111111,375.0,False,False
I-95 NB,GP,110P04157,2025-10-03,674.0,4,48.076190052873365,7600.0,96,0.95,45.6723805502297,False,0.0,0.0,0.0,,,,,False,False
I-95 NB,GP,110P04157,2025-10-06,674.0,4,48.076190052873365,7600.0,96,0.95,45.6723805502297,True,0.5850474965283098,3676.3722319881226,0.4837331884194898,468.01083555905325,503.11368535075184,42.03444444444444,495.0,False,False
I-95 NB,GP,110P04157,2025-10-07,674.0,4,48.076190052873365,7600.0,96,0.95,45.6723805502297,True,0.9097377785309201,7264.231274565685,0.9558199045481165,462.2598049270464,516.8440716389016,35.55111111111111,495.0,False,False
I-95 NB,GP,110P04157,2025-10-08,674.0,4,48.076190052873365,7600.0,96,0.95,45.6723805502297,True,3.4342053128487833,23667.496206096406,3.114144237644264,347.8567668617963,553.9090856327233,30.054444444444442,510.0,False,False
I-95 NB,GP,110P04157,2025-10-09,674.0,4,48.076190052873365,7600.0,96,0.95,45.6723805502297,True,0.8911852497161277,5448.681723278093,0.7169318056944859,481.7115920037418,535.1827069867095,38.39222222222222,510.0,False,False
I-95 NB,GP,110P04157,2025-10-10,674.0,4,48.076190052873365,7600.0,96,0.95,45.6723805502297,True,2.540695714594137,13580.490600232875,1.7869066579253783,336.7197711739389,489.16151404958714,10.657777777777776,405.0,False,False
I-95 NB,GP,110P04157,2025-10-13,674.0,4,48.076190052873365,7600.0,96,0.95,45.6723805502297,False,0.0,0.0,0.0,,,,,False,False
I-95 NB,GP,110P04157,2025-10-14,674.0,4,48.076190052873365,7600.0,96,0.95,45.6723805502297,True,3.642454298793829,26728.8261268562,3.516950806165289,359.65124131336063,578.1984992409904,26.055555555555554,495.0,False,False
I-95 NB,GP,110P04157,2025-10-15,674.0,4,48.076190052873365,7600.0,96,0.95,45.6723805502297,True,2.9197498049012562,21918.795702260817,2.8840520660869498,356.27429820261506,531.4592864966904,32.54555555555555,480.0,False,False
I-95 NB,GP,110P04157,2025-10-16,674.0,4,48.076190052873365,7600.0,96,0.95,45.6723805502297,True,1.6142386951815895,10176.227283846401,1.3389772741903159,465.4410709749707,562.2953926858661,23.474444444444455,510.0,False,False
I-95 NB,GP,110P04157,2025-10-17,674.0,4,48.076190052873365,7600.0,96,0.95,45.6723805502297,False,0.0,0.0,0.0,,,,,False,False
I-95 NB,GP,110P04157,2025-10-20,674.0,4,48.076190052873365,7600.0,96,0.95,45.6723805502297,False,0.0,0.0,0.0,,,,,False,False
I-95 NB,GP,110P04157,2025-10-21,674.0,4,48.076190052873365,7600.0,96,0.95,45.6723805502297,True,0.6263431456942574,5673.450739595438,0.7465066762625576,389.4006216604948,426.9812104021502,44.72777777777778,405.0,False,False
I-95 NB,GP,110P04157,2025-10-22,674.0,4,48.076190052873365,7600.0,96,0.95,45.6723805502297,True,1.2720480953303384,9350.410179663018,1.2303171289030288,354.69254573740454,431.01543145722485,41.218888888888884,390.0,False,False
I-95 NB,GP,110P04157,2025-10-23,674.0,4,48.076190052873365,7600.0,96,0.95,45.6723805502297,True,1.1605568674518016,7413.082226242401,0.9754055560845264,375.5045657195138,445.1379777666219,39.70777777777778,390.0,False,False
I-95 NB,GP,110P04157,2025-10-24,674.0,4,48.076190052873365,7600.0,96,0.95,45.6723805502297,True,1.1783519081125415,9421.436725537533,1.2396627270444123,371.1971720535025,441.898286540255,42.66777777777778,405.0,False,False
I-95 NB,GP,110P04157,2025-10-27,674.0,4,48.076190052873365,7600.0,96,0.95,45.6723805502297,True,1.3998640429391325,11184.834773906028,1.4716887860402668,353.1163470482161,437.10818962456403,39.51888888888889,375.0,False,False
I-95 NB,GP,110P04157,2025-10-28,674.0,4,48.076190052873365,7600.0,96,0.95,45.6723805502297,True,0.9335003400376849,7491.707847902187,0.9857510326187088,372.81616705779504,428.82618746005613,41.70888888888888,390.0,False,False
I-95 NB,GP,110P04157,2025-10-29,674.0,4,48.076190052873365,7600.0,96,0.95,45.6723805502297,True,1.094849432862412,7346.497085981982,0.9666443534186819,459.28519451128534,524.9761604830301,37.55888888888889,495.0,False,False
I-95 NB,GP,110P04157,2025-10-30,674.0,4,48.076190052873365,7600.0,96,0.95,45.6723805502297,True,2.657491550313415,20354.823780417057,2.678266286896981,338.5188108746611,497.968303893466,37.33777777777778,405.0,False,False
I-95 NB,GP,110P04157,2025-10-31,674.0,4,48.076190052873365,7600.0,96,0.95,45.6723805502297,True,1.6749062934428225,12399.984361040373,1.6315768896105753,418.1438845807932,518.6382621873626,29.54444444444444,495.0,False,False
I-95 NB,GP,110+04158,2025-10-01,675.0,4,46.66162293710968,7600.0,96,0.95,44.32854179025419,True,4.257559584909832,28440.9460700791,3.7422297460630394,373.10233986361936,628.5559149582093,18.433333333333334,555.0,False,False
I-95 NB,GP,110+04158,2025-10-02,675.0,4,46.66162293710968,7600.0,96,0.95,44.32854179025419,False,0.0,0.0,0.0,,,,,False,False
I-95 NB,GP,110+04158,2025-10-03,675.0,4,46.66162293710968,7600.0,96,0.95,44.32854179025419,False,0.0,0.0,0.0,,,,,False,False
I-95 NB,GP,110+04158,2025-10-06,675.0,4,46.66162293710968,7600.0,96,0.95,44.32854179025419,False,0.0,0.0,0.0,,,,,False,False
I-95 NB,GP,110+04158,2025-10-07,675.0,4,46.66162293710968,7600.0,96,0.95,44.32854179025419,True,0.9975154053176017,7068.708963495251,0.9300932846704277,463.40736538879395,523.25828970785,30.733333333333338,495.0,False,False
I-95 NB,GP,110+04158,2025-10-08,675.0,4,46.66162293710968,7600.0,96,0.95,44.32854179025419,True,1.7139450885830172,10551.31867256476,1.3883314042848367,451.91632842201193,554.753033736993,29.585555555555555,510.0,False,False
I-95 NB,GP,110+04158,2025-10-09,675.0,4,46.66162293710968,7600.0,96,0.95,44.32854179025419,True,0.7234375858186552,5489.761375938949,0.7223370231498617,488.9135574935829,532.3198126427022,38.835555555555565,510.0,False,False
I-95 NB,GP,110+04158,2025-10-10,675.0,4,46.66162293710968,7600.0,96,0.95,44.32854179025419,True,2.4001670585832575,15638.484598329253,2.057695341885428,336.5242692720909,480.5342927870864,18.052222222222227,405.0,False,False
I-95 NB,GP,110+04158,2025-10-13,675.0,4,46.66162293710968,7600.0,96,0.95,44.32854179025419,False,0.0,0.0,0.0,,,,,False,False
I-95 NB,GP,110+04158,2025-10-14,675.0,4,46.66162293710968,7600.0,96,0.95,44.32854179025419,True,1.9856047407925919,13839.381409360742,1.8209712380737817,454.7633413068143,573.8996257543698,25.257777777777786,510.0,False,False
I-95 NB,GP,110+04158,2025-10-15,675.0,4,46.66162293710968,7600.0,96,0.95,44.32854179025419,True,1.618964766426231,10659.41978664343,1.4025552350846617,435.84458608059896,532.9824720661728,32.71,480.0,False,False
I-95 NB,GP,110+04158,2025-10-16,675.0,4,46.66162293710968,7600.0,96,0.95,44.32854179025419,True,1.3942022564471757,8237.402854053715,1.083868796586015,469.39642680830866,553.0485621951392,22.461111111111112,510.0,False,False
I-95 NB,GP,110+04158,2025-10-17,675.0,4,46.66162293710968,7600.0,96,0.95,44.32854179025419,False,0.0,0.0,0.0,,,,,False,False
I-95 NB,GP,110+04158,2025-10-20,675.0,4,46.66162293710968,7600.0,96,0.95,44.32854179025419,False,0.0,0.0,0.0,,,,,False,False
I-95 NB,GP,110+04158,2025-10-21,675.0,4,46.66162293710968,7600.0,96,0.95,44.32854179025419,False,0.0,0.0,0.0,,,,,False,False
I-95 NB,GP,110+04158,2025-10-22,675.0,4,46.66162293710968,7600.0,96,0.95,44.32854179025419,True,0.7327833295314908,5534.8414262017195,0.7282686087107526,478.00170745656936,521.9687072284588,39.18111111111111,510.0,False,False
I-95 NB,GP,110+04158,2025-10-23,675.0,4,46.66162293710968,7600.0,96,0.95,44.32854179025419,True,0.670870573002739,3566.8254644913823,0.4693191400646556,497.97579096228407,538.2280253424484,38.32,510.0,False,False
I-95 NB,GP,110+04158,2025-10-24,675.0,4,46.66162293710968,7600.0,96,0.95,44.32854179025419,False,0.0,0.0,0.0,,,,,False,False
I-95 NB,GP,110+04158,2025-10-27,675.0,4,46.66162293710968,7600.0,96,0.95,44.32854179025419,False,0.0,0.0,0.0,,,,,False,False
I-95 NB,GP,110+04158,2025-10-28,675.0,4,46.66162293710968,7600.0,96,0.95,44.32854179025419,True,0.6175163698574825,5613.178272843156,0.7385760885319942,464.0857649611467,501.13674715259566,41.801111111111105,495.0,False,False
I-95 NB,GP,110+04158,2025-10-29,675.0,4,46.66162293710968,7600.0,96,0.95,44.32854179025419,True,0.8137926184013348,5455.053449644583,0.7177701907427083,473.60266771084406,522.4302248149241,37.33111111111111,495.0,False,False
I-95 NB,GP,110+04158,2025-10-30,675.0,4,46.66162293710968,7600.0,96,0.95,44.32854179025419,True,2.0650280244385564,14987.96242946569,1.972100319666538,347.85979271694544,471.7614741832588,39.623333333333335,405.0,False,False
I-95 NB,GP,110+04158,2025-10-31,675.0,4,46.66162293710968,7600.0,96,0.95,44.32854179025419,True,1.391465046967402,10913.50505897237,1.4359875077595223,431.9509543093811,515.4388571274252,33.72222222222222,495.0,False,False
I-95 NB,GP,110P04159,2025-10-01,676.001,4,47.517575695736,7600.0,96,0.95,45.1416969109492,True,2.066991685082497,12459.637912045355,1.6394260410585992,463.97872825767905,587.9982293626289,8.831111111111111,525.0,False,False
I-95 NB,GP,110P04159,2025-10-02,676.001,4,47.517575695736,7600.0,96,0.95,45.1416969109492,True,1.6069252984487312,7212.008455154947,0.9489484809414405,484.91233880792475,581.3278567148486,8.32111111111111,525.0,False,False
I-95 NB,GP,110P04159,2025-10-03,676.001,4,47.517575695736,7600.0,96,0.95,45.1416969109492,False,0.0,0.0,0.0,,,,,False,False
I-95 NB,GP,110P04159,2025-10-06,676.001,4,47.517575695736,7600.0,96,0.95,45.1416969109492,False,0.0,0.0,0.0,,,,,False,False
I-95 NB,GP,110P04159,2025-10-07,676.001,4,47.517575695736,7600.0,96,0.95,45.1416969109492,False,0.0,0.0,0.0,,,,,False,False
I-95 NB,GP,110P04159,2025-10-08,676.001,4,47.517575695736,7600.0,96,0.95,45.1416969109492,True,1.0589238933000094,6084.8424529863805,0.8006371648666291,491.0892073850792,554.6246409830798,19.063333333333333,525.0,False,False
I-95 NB,GP,110P04159,2025-10-09,676.001,4,47.517575695736,7600.0,96,0.95,45.1416969109492,True,1.4486978902317929,7964.290388429228,1.047932945845951,466.001188102567,552.9230615164746,20.412222222222226,510.0,False,False
I-95 NB,GP,110P04159,2025-10-10,676.001,4,47.517575695736,7600.0,96,0.95,45.1416969109492,False,0.0,0.0,0.0,,,,,False,False
I-95 NB,GP,110P04159,2025-10-13,676.001,4,47.517575695736,7600.0,96,0.95,45.1416969109492,False,0.0,0.0,0.0,,,,,False,False
I-95 NB,GP,110P04159,2025-10-14,676.001,4,47.517575695736,7600.0,96,0.95,45.1416969109492,True,0.8190143420509476,6708.839633842663,0.8827420570845609,508.5625036461713,557.7033641692282,30.38,540.0,False,False
I-95 NB,GP,110P04159,2025-10-15,676.001,4,47.517575695736,7600.0,96,0.95,45.1416969109492,True,1.2438633616331307,7466.397196125085,0.9824206837006692,478.30476404254,552.9365657405278,17.748888888888885,510.0,False,False
I-95 NB,GP,110P04159,2025-10-16,676.001,4,47.517575695736,7600.0,96,0.95,45.1416969109492,True,1.633520371413681,9522.008702784224,1.2528958819452927,473.0077219497339,571.0189442345547,11.124444444444444,510.0,False,False
I-95 NB,GP,110P04159,2025-10-17,676.001,4,47.517575695736,7600.0,96,0.95,45.1416969109492,False,0.0,0.0,0.0,,,,,False,False
I-95 NB,GP,110P04159,2025-10-20,676.001,4,47.517575695736,7600.0,87,0.95,45.1416969109492,False,0.0,0.0,0.0,,,,,False,False
I-95 NB,GP,110P04159,2025-10-21,676.001,4,47.517575695736,7600.0,96,0.95,45.1416969109492,False,0.0,0.0,0.0,,,,,False,False
I-95 NB,GP,110P04159,2025-10-22,676.001,4,47.517575695736,7600.0,96,0.95,45.1416969109492,False,0.0,0.0,0.0,,,,,False,False
I-95 NB,GP,110P04159,2025-10-23,676.001,4,47.517575695736,7600.0,96,0.95,45.1416969109492,False,0.0,0.0,0.0,,,,,False,False
I-95 NB,GP,110P04159,2025-10-24,676.001,4,47.517575695736,7600.0,96,0.95,45.1416969109492,False,0.0,0.0,0.0,,,,,False,False
I-95 NB,GP,110P04159,2025-10-27,676.001,4,47.517575695736,7600.0,96,0.95,45.1416969109492,False,0.0,0.0,0.0,,,,,False,False
I-95 NB,GP,110P04159,2025-10-28,676.001,4,47.517575695736,7600.0,96,0.95,45.1416969109492,True,1.5868371549843716,12211.857206037686,1.606823316583906,449.0955798294901,544.3058091285524,33.87777777777777,525.0,False,False
I-95 NB,GP,110P04159,2025-10-29,676.001,4,47.517575695736,7600.0,96,0.95,45.1416969109492,False,0.0,0.0,0.0,,,,,False,False
I-95 NB,GP,110P04159,2025-10-30,676.001,4,47.517575695736,7600.0,96,0.95,45.1416969109492,False,0.0,0.0,0.0,,,,,False,False
I-95 NB,GP,110P04159,2025-10-31,676.001,4,47.517575695736,7600.0,96,0.95,45.1416969109492,False,0.0,0.0,0.0,,,,,False,False
I-95 NB,GP,110P04146,2025-10-01,652.0,3,50.904617177619556,6000.0,96,1.0,50.904617177619556,False,0.0,0.0,0.0,,,,,False,False
I-95 NB,GP,110P04146,2025-10-02,652.0,3,50.904617177619556,6000.0,96,1.0,50.904617177619556,False,0.0,0.0,0.0,,,,,False,False
I-95 NB,GP,110P04146,2025-10-03,652.0,3,50.904617177619556,6000.0,96,1.0,50.904617177619556,False,0.0,0.0,0.0,,,,,False,False
I-95 NB,GP,110P04146,2025-10-06,652.0,3,50.904617177619556,6000.0,96,1.0,50.904617177619556,False,0.0,0.0,0.0,,,,,False,False
I-95 NB,GP,110P04146,2025-10-07,652.0,3,50.904617177619556,6000.0,96,1.0,50.904617177619556,False,0.0,0.0,0.0,,,,,False,False
I-95 NB,GP,110P04146,2025-10-08,652.0,3,50.904617177619556,6000.0,96,1.0,50.904617177619556,False,0.0,0.0,0.0,,,,,False,False
I-95 NB,GP,110P04146,2025-10-09,652.0,3,50.904617177619556,6000.0,96,1.0,50.904617177619556,False,0.0,0.0,0.0,,,,,False,False
I-95 NB,GP,110P04146,2025-10-10,652.0,3,50.904617177619556,6000.0,96,1.0,50.904617177619556,False,0.0,0.0,0.0,,,,,False,False
I-95 NB,GP,110P04146,2025-10-13,652.0,3,50.904617177619556,6000.0,96,1.0,50.904617177619556,False,0.0,0.0,0.0,,,,,False,False
I-95 NB,GP,110P04146,2025-10-14,652.0,3,50.904617177619556,6000.0,96,1.0,50.904617177619556,False,0.0,0.0,0.0,,,,,False,False
I-95 NB,GP,110P04146,2025-10-15,652.0,3,50.904617177619556,6000.0,96,1.0,50.904617177619556,False,0.0,0.0,0.0,,,,,False,False
I-95 NB,GP,110P04146,2025-10-16,652.0,3,50.904617177619556,6000.0,96,1.0,50.904617177619556,False,0.0,0.0,0.0,,,,,False,False
I-95 NB,GP,110P04146,2025-10-17,652.0,3,50.904617177619556,6000.0,96,1.0,50.904617177619556,False,0.0,0.0,0.0,,,,,False,False
I-95 NB,GP,110P04146,2025-10-20,652.0,3,50.904617177619556,6000.0,96,1.0,50.904617177619556,False,0.0,0.0,0.0,,,,,False,False
I-95 NB,GP,110P04146,2025-10-21,652.0,3,50.904617177619556,6000.0,96,1.0,50.904617177619556,False,0.0,0.0,0.0,,,,,False,False
I-95 NB,GP,110P04146,2025-10-22,652.0,3,50.904617177619556,6000.0,96,1.0,50.904617177619556,False,0.0,0.0,0.0,,,,,False,False
I-95 NB,GP,110P04146,2025-10-23,652.0,3,50.904617177619556,6000.0,96,1.0,50.904617177619556,False,0.0,0.0,0.0,,,,,False,False
I-95 NB,GP,110P04146,2025-10-24,652.0,3,50.904617177619556,6000.0,96,1.0,50.904617177619556,False,0.0,0.0,0.0,,,,,False,False
I-95 NB,GP,110P04146,2025-10-27,652.0,3,50.904617177619556,6000.0,96,1.0,50.904617177619556,False,0.0,0.0,0.0,,,,,False,False
I-95 NB,GP,110P04146,2025-10-28,652.0,3,50.904617177619556,6000.0,96,1.0,50.904617177619556,False,0.0,0.0,0.0,,,,,False,False
I-95 NB,GP,110P04146,2025-10-29,652.0,3,50.904617177619556,6000.0,96,1.0,50.904617177619556,False,0.0,0.0,0.0,,,,,False,False
I-95 NB,GP,110P04146,2025-10-30,652.0,3,50.904617177619556,6000.0,96,1.0,50.904617177619556,True,2.353465331042657,9533.745645326298,1.588957607554383,378.76251052066874,519.9704303832282,9.64111111111111,420.0,False,False
I-95 NB,GP,110P04146,2025-10-31,652.0,3,50.904617177619556,6000.0,96,1.0,50.904617177619556,False,0.0,0.0,0.0,,,,,False,False
I-95 NB,GP,110+04147,2025-10-01,653.0,3,50.91168824543143,6000.0,96,1.0,50.91168824543143,False,0.0,0.0,0.0,,,,,False,False
I-95 NB,GP,110+04147,2025-10-02,653.0,3,50.91168824543143,6000.0,96,1.0,50.91168824543143,False,0.0,0.0,0.0,,,,,False,False
I-95 NB,GP,110+04147,2025-10-03,653.0,3,50.91168824543143,6000.0,96,1.0,50.91168824543143,False,0.0,0.0,0.0,,,,,False,False
I-95 NB,GP,110+04147,2025-10-06,653.0,3,50.91168824543143,6000.0,96,1.0,50.91168824543143,False,0.0,0.0,0.0,,,,,False,False
I-95 NB,GP,110+04147,2025-10-07,653.0,3,50.91168824543143,6000.0,96,1.0,50.91168824543143,False,0.0,0.0,0.0,,,,,False,False
I-95 NB,GP,110+04147,2025-10-08,653.0,3,50.91168824543143,6000.0,96,1.0,50.91168824543143,False,0.0,0.0,0.0,,,,,False,False
I-95 NB,GP,110+04147,2025-10-09,653.0,3,50.91168824543143,6000.0,96,1.0,50.91168824543143,False,0.0,0.0,0.0,,,,,False,False
I-95 NB,GP,110+04147,2025-10-10,653.0,3,50.91168824543143,6000.0,96,1.0,50.91168824543143,False,0.0,0.0,0.0,,,,,False,False
I-95 NB,GP,110+04147,2025-10-13,653.0,3,50.91168824543143,6000.0,96,1.0,50.91168824543143,False,0.0,0.0,0.0,,,,,False,False
I-95 NB,GP,110+04147,2025-10-14,653.0,3,50.91168824543143,6000.0,96,1.0,50.91168824543143,False,0.0,0.0,0.0,,,,,False,False
I-95 NB,GP,110+04147,2025-10-15,653.0,3,50.91168824543143,6000.0,96,1.0,50.91168824543143,False,0.0,0.0,0.0,,,,,False,False
I-95 NB,GP,110+04147,2025-10-16,653.0,3,50.91168824543143,6000.0,96,1.0,50.91168824543143,False,0.0,0.0,0.0,,,,,False,False
I-95 NB,GP,110+04147,2025-10-17,653.0,3,50.91168824543143,6000.0,96,1.0,50.91168824543143,False,0.0,0.0,0.0,,,,,False,False
I-95 NB,GP,110+04147,2025-10-20,653.0,3,50.91168824543143,6000.0,96,1.0,50.91168824543143,False,0.0,0.0,0.0,,,,,False,False
I-95 NB,GP,110+04147,2025-10-21,653.0,3,50.91168824543143,6000.0,96,1.0,50.91168824543143,False,0.0,0.0,0.0,,,,,False,False
I-95 NB,GP,110+04147,2025-10-22,653.0,3,50.91168824543143,6000.0,96,1.0,50.91168824543143,False,0.0,0.0,0.0,,,,,False,False
I-95 NB,GP,110+04147,2025-10-23,653.0,3,50.91168824543143,6000.0,96,1.0,50.91168824543143,False,0.0,0.0,0.0,,,,,False,False
I-95 NB,GP,110+04147,2025-10-24,653.0,3,50.91168824543143,6000.0,96,1.0,50.91168824543143,False,0.0,0.0,0.0,,,,,False,False
I-95 NB,GP,110+04147,2025-10-27,653.0,3,50.91168824543143,6000.0,96,1.0,50.91168824543143,False,0.0,0.0,0.0,,,,,False,False
I-95 NB,GP,110+04147,2025-10-28,653.0,3,50.91168824543143,6000.0,96,1.0,50.91168824543143,False,0.0,0.0,0.0,,,,,False,False
I-95 NB,GP,110+04147,2025-10-29,653.0,3,50.91168824543143,6000.0,96,1.0,50.91168824543143,False,0.0,0.0,0.0,,,,,False,False
I-95 NB,GP,110+04147,2025-10-30,653.0,3,50.91168824543143,6000.0,96,1.0,50.91168824543143,True,2.5457418959885794,10416.08874508406,1.7360147908473433,370.2569104860309,523.0014242453457,8.363333333333328,420.0,False,False
I-95 NB,GP,110+04147,2025-10-31,653.0,3,50.91168824543143,6000.0,96,1.0,50.91168824543143,False,0.0,0.0,0.0,,,,,False,False
I-95 NB,GP,110P04147,2025-10-01,654.0,3,51.18038882228231,6000.0,96,1.0,51.18038882228231,False,0.0,0.0,0.0,,,,,False,False
I-95 NB,GP,110P04147,2025-10-02,654.0,3,51.18038882228231,6000.0,96,1.0,51.18038882228231,False,0.0,0.0,0.0,,,,,False,False
I-95 NB,GP,110P04147,2025-10-03,654.0,3,51.18038882228231,6000.0,96,1.0,51.18038882228231,False,0.0,0.0,0.0,,,,,False,False
I-95 NB,GP,110P04147,2025-10-06,654.0,3,51.18038882228231,6000.0,96,1.0,51.18038882228231,False,0.0,0.0,0.0,,,,,False,False
I-95 NB,GP,110P04147,2025-10-07,654.0,3,51.18038882228231,6000.0,96,1.0,51.18038882228231,False,0.0,0.0,0.0,,,,,False,False
I-95 NB,GP,110P04147,2025-10-08,654.0,3,51.18038882228231,6000.0,96,1.0,51.18038882228231,False,0.0,0.0,0.0,,,,,False,False
I-95 NB,GP,110P04147,2025-10-09,654.0,3,51.18038882228231,6000.0,96,1.0,51.18038882228231,False,0.0,0.0,0.0,,,,,False,False
I-95 NB,GP,110P04147,2025-10-10,654.0,3,51.18038882228231,6000.0,96,1.0,51.18038882228231,False,0.0,0.0,0.0,,,,,False,False
I-95 NB,GP,110P04147,2025-10-13,654.0,3,51.18038882228231,6000.0,96,1.0,51.18038882228231,False,0.0,0.0,0.0,,,,,False,False
I-95 NB,GP,110P04147,2025-10-14,654.0,3,51.18038882228231,6000.0,96,1.0,51.18038882228231,False,0.0,0.0,0.0,,,,,False,False
I-95 NB,GP,110P04147,2025-10-15,654.0,3,51.18038882228231,6000.0,96,1.0,51.18038882228231,False,0.0,0.0,0.0,,,,,False,False
I-95 NB,GP,110P04147,2025-10-16,654.0,3,51.18038882228231,6000.0,96,1.0,51.18038882228231,False,0.0,0.0,0.0,,,,,False,False
I-95 NB,GP,110P04147,2025-10-17,654.0,3,51.18038882228231,6000.0,96,1.0,51.18038882228231,False,0.0,0.0,0.0,,,,,False,False
I-95 NB,GP,110P04147,2025-10-20,654.0,3,51.18038882228231,6000.0,96,1.0,51.18038882228231,False,0.0,0.0,0.0,,,,,False,False
I-95 NB,GP,110P04147,2025-10-21,654.0,3,51.18038882228231,6000.0,96,1.0,51.18038882228231,False,0.0,0.0,0.0,,,,,False,False
I-95 NB,GP,110P04147,2025-10-22,654.0,3,51.18038882228231,6000.0,96,1.0,51.18038882228231,False,0.0,0.0,0.0,,,,,False,False
I-95 NB,GP,110P04147,2025-10-23,654.0,3,51.18038882228231,6000.0,96,1.0,51.18038882228231,False,0.0,0.0,0.0,,,,,False,False
I-95 NB,GP,110P04147,2025-10-24,654.0,3,51.18038882228231,6000.0,96,1.0,51.18038882228231,False,0.0,0.0,0.0,,,,,False,False
I-95 NB,GP,110P04147,2025-10-27,654.0,3,51.18038882228231,6000.0,96,1.0,51.18038882228231,False,0.0,0.0,0.0,,,,,False,False
I-95 NB,GP,110P04147,2025-10-28,654.0,3,51.18038882228231,6000.0,96,1.0,51.18038882228231,False,0.0,0.0,0.0,,,,,False,False
I-95 NB,GP,110P04147,2025-10-29,654.0,3,51.18038882228231,6000.0,96,1.0,51.18038882228231,False,0.0,0.0,0.0,,,,,False,False
I-95 NB,GP,110P04147,2025-10-30,654.0,3,51.18038882228231,6000.0,96,1.0,51.18038882228231,True,2.7019720849466693,11154.208670324151,1.8590347783873584,365.1992221681951,527.3175472649953,7.834444444444446,405.0,False,False
I-95 NB,GP,110P04147,2025-10-31,654.0,3,51.18038882228231,6000.0,96,1.0,51.18038882228231,False,0.0,0.0,0.0,,,,,False,False
I-95 NB,GP,110+04148,2025-10-01,655.0,3,50.621774465144945,6000.0,96,1.0,50.621774465144945,False,0.0,0.0,0.0,,,,,False,False
I-95 NB,GP,110+04148,2025-10-02,655.0,3,50.621774465144945,6000.0,96,1.0,50.621774465144945,False,0.0,0.0,0.0,,,,,False,False
I-95 NB,GP,110+04148,2025-10-03,655.0,3,50.621774465144945,6000.0,96,1.0,50.621774465144945,False,0.0,0.0,0.0,,,,,False,False
I-95 NB,GP,110+04148,2025-10-06,655.0,3,50.621774465144945,6000.0,96,1.0,50.621774465144945,False,0.0,0.0,0.0,,,,,False,False
I-95 NB,GP,110+04148,2025-10-07,655.0,3,50.621774465144945,6000.0,96,1.0,50.621774465144945,True,0.8729295518770585,4112.690408149392,0.685448401358232,495.5672059314046,547.9429790440281,34.44555555555556,525.0,False,False
I-95 NB,GP,110+04148,2025-10-08,655.0,3,50.621774465144945,6000.0,96,1.0,50.621774465144945,False,0.0,0.0,0.0,,,,,False,False
I-95 NB,GP,110+04148,2025-10-09,655.0,3,50.621774465144945,6000.0,96,1.0,50.621774465144945,False,0.0,0.0,0.0,,,,,False,False
I-95 NB,GP,110+04148,2025-10-10,655.0,3,50.621774465144945,6000.0,96,1.0,50.621774465144945,False,0.0,0.0,0.0,,,,,False,False
I-95 NB,GP,110+04148,2025-10-13,655.0,3,50.621774465144945,6000.0,96,1.0,50.621774465144945,False,0.0,0.0,0.0,,,,,False,False
I-95 NB,GP,110+04148,2025-10-14,655.0,3,50.621774465144945,6000.0,96,1.0,50.621774465144945,False,0.0,0.0,0.0,,,,,False,False
I-95 NB,GP,110+04148,2025-10-15,655.0,3,50.621774465144945,6000.0,96,1.0,50.621774465144945,False,0.0,0.0,0.0,,,,,False,False
I-95 NB,GP,110+04148,2025-10-16,655.0,3,50.621774465144945,6000.0,96,1.0,50.621774465144945,False,0.0,0.0,0.0,,,,,False,False
I-95 NB,GP,110+04148,2025-10-17,655.0,3,50.621774465144945,6000.0,96,1.0,50.621774465144945,False,0.0,0.0,0.0,,,,,False,False
I-95 NB,GP,110+04148,2025-10-20,655.0,3,50.621774465144945,6000.0,96,1.0,50.621774465144945,False,0.0,0.0,0.0,,,,,False,False
I-95 NB,GP,110+04148,2025-10-21,655.0,3,50.621774465144945,6000.0,96,1.0,50.621774465144945,False,0.0,0.0,0.0,,,,,False,False
I-95 NB,GP,110+04148,2025-10-22,655.0,3,50.621774465144945,6000.0,96,1.0,50.621774465144945,False,0.0,0.0,0.0,,,,,False,False
I-95 NB,GP,110+04148,2025-10-23,655.0,3,50.621774465144945,6000.0,96,1.0,50.621774465144945,False,0.0,0.0,0.0,,,,,False,False
I-95 NB,GP,110+04148,2025-10-24,655.0,3,50.621774465144945,6000.0,96,1.0,50.621774465144945,False,0.0,0.0,0.0,,,,,False,False
I-95 NB,GP,110+04148,2025-10-27,655.0,3,50.621774465144945,6000.0,96,1.0,50.621774465144945,False,0.0,0.0,0.0,,,,,False,False
I-95 NB,GP,110+04148,2025-10-28,655.0,3,50.621774465144945,6000.0,96,1.0,50.621774465144945,False,0.0,0.0,0.0,,,,,False,False
I-95 NB,GP,110+04148,2025-10-29,655.0,3,50.621774465144945,6000.0,96,1.0,50.621774465144945,False,0.0,0.0,0.0,,,,,False,False
I-95 NB,GP,110+04148,2025-10-30,655.0,3,50.621774465144945,6000.0,96,1.0,50.621774465144945,True,2.6405953794192203,11522.425645287429,1.9204042742145715,363.8926520837146,522.3283748488678,10.311111111111112,420.0,False,False
I-95 NB,GP,110+04148,2025-10-31,655.0,3,50.621774465144945,6000.0,96,1.0,50.621774465144945,False,0.0,0.0,0.0,,,,,False,False
I-95 NB,GP,110+04150,2025-10-01,659.0,2,50.063160108007565,4000.0,96,1.0,50.063160108007565,True,1.7100590798136808,6100.7188912707,1.5251797228176749,334.4065704478784,437.0101152366992,23.51222222222222,390.0,False,False
I-95 NB,GP,110+04150,2025-10-02,659.0,2,50.063160108007565,4000.0,96,1.0,50.063160108007565,False,0.0,0.0,0.0,,,,,False,False
I-95 NB,GP,110+04150,2025-10-03,659.0,2,50.063160108007565,4000.0,96,1.0,50.063160108007565,True,0.7112997072016687,2485.04292144897,0.6212607303622425,439.77119975700055,482.44918218910067,36.98222222222222,465.0,False,False
I-95 NB,GP,110+04150,2025-10-06,659.0,2,50.063160108007565,4000.0,96,1.0,50.063160108007565,False,0.0,0.0,0.0,,,,,False,False
I-95 NB,GP,110+04150,2025-10-07,659.0,2,50.063160108007565,4000.0,96,1.0,50.063160108007565,True,2.1639518270146443,6053.772244752141,1.5134430611880352,401.80505113689696,531.6421607577756,11.072222222222221,450.0,False,False
I-95 NB,GP,110+04150,2025-10-08,659.0,2,50.063160108007565,4000.0,96,1.0,50.063160108007565,False,0.0,0.0,0.0,,,,,False,False
I-95 NB,GP,110+04150,2025-10-09,659.0,2,50.063160108007565,4000.0,96,1.0,50.063160108007565,False,0.0,0.0,0.0,,,,,False,False
I-95 NB,GP,110+04150,2025-10-10,659.0,2,50.063160108007565,4000.0,96,1.0,50.063160108007565,False,0.0,0.0,0.0,,,,,False,False
I-95 NB,GP,110+04150,2025-10-13,659.0,2,50.063160108007565,4000.0,96,1.0,50.063160108007565,False,0.0,0.0,0.0,,,,,False,False
I-95 NB,GP,110+04150,2025-10-14,659.0,2,50.063160108007565,4000.0,96,1.0,50.063160108007565,False,0.0,0.0,0.0,,,,,False,False
I-95 NB,GP,110+04150,2025-10-15,659.0,2,50.063160108007565,4000.0,96,1.0,50.063160108007565,False,0.0,0.0,0.0,,,,,False,False
I-95 NB,GP,110+04150,2025-10-16,659.0,2,50.063160108007565,4000.0,96,1.0,50.063160108007565,False,0.0,0.0,0.0,,,,,False,False
I-95 NB,GP,110+04150,2025-10-17,659.0,2,50.063160108007565,4000.0,96,1.0,50.063160108007565,False,0.0,0.0,0.0,,,,,False,False
I-95 NB,GP,110+04150,2025-10-20,659.0,2,50.063160108007565,4000.0,96,1.0,50.063160108007565,False,0.0,0.0,0.0,,,,,False,False
I-95 NB,GP,110+04150,2025-10-21,659.0,2,50.063160108007565,4000.0,96,1.0,50.063160108007565,True,1.6420755382799646,4177.2054996147,1.044301374903675,335.207506717472,433.73203901426984,11.5,390.0,False,False
I-95 NB,GP,110+04150,2025-10-22,659.0,2,50.063160108007565,4000.0,96,1.0,50.063160108007565,False,0.0,0.0,0.0,,,,,False,False
I-95 NB,GP,110+04150,2025-10-23,659.0,2,50.063160108007565,4000.0,96,1.0,50.063160108007565,False,0.0,0.0,0.0,,,,,False,False
I-95 NB,GP,110+04150,2025-10-24,659.0,2,50.063160108007565,4000.0,96,1.0,50.063160108007565,True,1.4359167675411848,4223.466169908046,1.0558665424770115,532.9764191949796,619.1314252474507,11.662222222222221,570.0,False,False
I-95 NB,GP,110+04150,2025-10-27,659.0,2,50.063160108007565,4000.0,96,1.0,50.063160108007565,False,0.0,0.0,0.0,,,,,False,False
I-95 NB,GP,110+04150,2025-10-28,659.0,2,50.063160108007565,4000.0,96,1.0,50.063160108007565,True,0.822575365599846,2680.686507685012,0.6701716269212531,425.23139661549897,474.5859185514897,35.26111111111111,450.0,False,False
I-95 NB,GP,110+04150,2025-10-29,659.0,2,50.063160108007565,4000.0,96,1.0,50.063160108007565,True,0.7882416252865406,2570.787267827464,0.642696816956866,427.892721684465,475.18721920165746,32.07222222222222,450.0,False,False
I-95 NB,GP,110+04150,2025-10-30,659.0,2,50.063160108007565,4000.0,96,1.0,50.063160108007565,True,1.801452390312672,5423.0927697142,1.3557731924285499,468.370147967137,576.4572913858973,16.2,525.0,False,False
I-95 NB,GP,110+04150,2025-10-31,659.0,2,50.063160108007565,4000.0,96,1.0,50.063160108007565,False,0.0,0.0,0.0,,,,,False,False
I-95 NB,GP,110P04150,2025-10-01,660.0,3,50.204227910854286,5700.0,96,1.0,50.204227910854286,True,2.3638563613697707,9136.771398673247,1.6029423506444294,315.913968611237,457.74535029342326,14.229999999999999,405.0,False,False
I-95 NB,GP,110P04150,2025-10-02,660.0,3,50.204227910854286,5700.0,96,1.0,50.204227910854286,True,0.6565855314157403,4234.934272968363,0.742970925082169,386.7721166062322,426.1672484911766,48.70444444444445,420.0,False,False
I-95 NB,GP,110P04150,2025-10-03,660.0,3,50.204227910854286,5700.0,96,1.0,50.204227910854286,True,2.395534263521759,11646.338949994755,2.0432173596482026,340.3985192114057,484.13057502271124,18.506666666666668,450.0,False,False
I-95 NB,GP,110P04150,2025-10-06,660.0,3,50.204227910854286,5700.0,96,1.0,50.204227910854286,True,1.1919130282056292,4458.665735859459,0.7822220589227121,390.5971473358283,462.11192902816606,20.884444444444444,420.0,False,False
I-95 NB,GP,110P04150,2025-10-07,660.0,3,50.204227910854286,5700.0,96,1.0,50.204227910854286,True,0.7338116474455878,3911.823077825995,0.6862847504957886,381.9769034977476,426.0056023444829,40.06777777777778,405.0,False,False
I-95 NB,GP,110P04150,2025-10-08,660.0,3,50.204227910854286,5700.0,96,1.0,50.204227910854286,True,2.2241113048448766,11156.89643854064,1.9573502523755508,312.4031880358035,445.8498663264961,20.52333333333333,345.0,False,False
I-95 NB,GP,110P04150,2025-10-09,660.0,3,50.204227910854286,5700.0,96,1.0,50.204227910854286,True,1.011170580859828,5289.748086469182,0.9280259800823127,322.865106083597,383.5353409351867,34.633333333333326,345.0,False,False
I-95 NB,GP,110P04150,2025-10-10,660.0,3,50.204227910854286,5700.0,96,1.0,50.204227910854286,False,0.0,0.0,0.0,,,,,False,False
I-95 NB,GP,110P04150,2025-10-13,660.0,3,50.204227910854286,5700.0,96,1.0,50.204227910854286,False,0.0,0.0,0.0,,,,,False,False
I-95 NB,GP,110P04150,2025-10-14,660.0,3,50.204227910854286,5700.0,96,1.0,50.204227910854286,True,2.2636995885802604,10821.85469762716,1.8985709995837121,318.8073046732149,454.62927998803053,19.806666666666665,375.0,False,False
I-95 NB,GP,110P04150,2025-10-15,660.0,3,50.204227910854286,5700.0,96,1.0,50.204227910854286,True,1.0164637526665132,5246.640409676281,0.9204632297677685,364.34232672215273,425.3301518821435,34.408888888888896,390.0,False,False
I-95 NB,GP,110P04150,2025-10-16,660.0,3,50.204227910854286,5700.0,96,1.0,50.204227910854286,True,0.9544649625436894,3609.7348182331552,0.633286810216343,482.3074560640381,539.5753538166595,27.627777777777776,510.0,False,False
I-95 NB,GP,110P04150,2025-10-17,660.0,3,50.204227910854286,5700.0,96,1.0,50.204227910854286,False,0.0,0.0,0.0,,,,,False,False
I-95 NB,GP,110P04150,2025-10-20,660.0,3,50.204227910854286,5700.0,96,1.0,50.204227910854286,False,0.0,0.0,0.0,,,,,False,False
I-95 NB,GP,110P04150,2025-10-21,660.0,3,50.204227910854286,5700.0,96,1.0,50.204227910854286,True,1.933417623202727,7784.374483562675,1.365679733958364,323.70392956781376,439.7089869599774,9.96111111111111,390.0,False,False
I-95 NB,GP,110P04150,2025-10-22,660.0,3,50.204227910854286,5700.0,96,1.0,50.204227910854286,True,2.3462582247867356,13175.275530803814,2.311451847509441,313.05864897927006,453.8341424664742,31.70888888888889,390.0,False,False
I-95 NB,GP,110P04150,2025-10-23,660.0,3,50.204227910854286,5700.0,96,1.0,50.204227910854286,True,0.853593787085588,5646.015655144483,0.9905290623060498,355.3723486852009,406.5879759103362,46.07555555555555,375.0,False,False
I-95 NB,GP,110P04150,2025-10-24,660.0,3,50.204227910854286,5700.0,96,1.0,50.204227910854286,True,1.8146753381530876,6743.054666706703,1.1829920467906496,514.4386871158341,623.3192074050194,10.202222222222224,570.0,False,False
I-95 NB,GP,110P04150,2025-10-27,660.0,3,50.204227910854286,5700.0,96,1.0,50.204227910854286,False,0.0,0.0,0.0,,,,,False,False
I-95 NB,GP,110P04150,2025-10-28,660.0,3,50.204227910854286,5700.0,96,1.0,50.204227910854286,True,2.4939960907306395,11729.131497012419,2.0577423678969153,379.58910823433706,529.2288736781754,14.658888888888889,450.0,False,False
I-95 NB,GP,110P04150,2025-10-29,660.0,3,50.204227910854286,5700.0,96,1.0,50.204227910854286,True,1.5909697684008346,6715.628992852382,1.1781805250618214,405.44966551295397,500.90785161700404,13.604444444444445,450.0,False,False
I-95 NB,GP,110P04150,2025-10-30,660.0,3,50.204227910854286,5700.0,96,1.0,50.204227910854286,True,2.128203272879148,9700.08912664103,1.7017700222177248,458.71339751479627,586.4055938875451,13.933333333333337,510.0,False,False
I-95 NB,GP,110P04150,2025-10-31,660.0,3,50.204227910854286,5700.0,96,1.0,50.204227910854286,False,0.0,0.0,0.0,,,,,False,False
I-95 NB,GP,110+04151,2025-10-01,661.0,3,49.490403615246464,5700.0,96,1.0,49.490403615246464,True,2.6276668630262265,12085.911386261741,2.1203353309231123,309.1223865731451,466.7823983547187,16.517777777777784,375.0,False,False
I-95 NB,GP,110+04151,2025-10-02,661.0,3,49.490403615246464,5700.0,96,1.0,49.490403615246464,True,3.099007161669191,15374.34258062719,2.6972530843205598,323.2690890381863,509.20951873833775,22.89,405.0,False,False
I-95 NB,GP,110+04151,2025-10-03,661.0,3,49.490403615246464,5700.0,96,1.0,49.490403615246464,True,3.3901042988682963,15120.815780104062,2.6527746982638702,324.5880015203312,527.994259452429,13.418888888888889,375.0,False,False
I-95 NB,GP,110+04151,2025-10-06,661.0,3,49.490403615246464,5700.0,96,1.0,49.490403615246464,True,2.515456315859197,12046.105082756398,2.1133517689046313,323.7100320809927,474.6374110325445,16.75111111111111,435.0,False,False
I-95 NB,GP,110+04151,2025-10-07,661.0,3,49.490403615246464,5700.0,96,1.0,49.490403615246464,True,1.7916490607451445,9960.272169575357,1.7474161701009399,313.33275110008776,420.83169474479644,26.517777777777777,390.0,False,False
I-95 NB,GP,110+04151,2025-10-08,661.0,3,49.490403615246464,5700.0,96,1.0,49.490403615246464,True,2.495687755103601,11346.25494763648,1.9905710434449966,307.99954415736005,457.7408094635761,18.605555555555558,345.0,False,False
I-95 NB,GP,110+04151,2025-10-09,661.0,3,49.490403615246464,5700.0,96,1.0,49.490403615246464,True,2.4505532631954603,11658.773229739696,2.0453988122350344,312.13377166539243,459.16696745712005,21.47111111111111,345.0,False,False
I-95 NB,GP,110+04151,2025-10-10,661.0,3,49.490403615246464,5700.0,96,1.0,49.490403615246464,True,0.743894809464382,4072.1463273898985,0.7144116363841927,553.1629243108997,597.7966128787626,40.71666666666667,585.0,False,False
I-95 NB,GP,110+04151,2025-10-13,661.0,3,49.490403615246464,5700.0,96,1.0,49.490403615246464,False,0.0,0.0,0.0,,,,,False,False
I-95 NB,GP,110+04151,2025-10-14,661.0,3,49.490403615246464,5700.0,96,1.0,49.490403615246464,True,2.6805279356632656,12123.312614494333,2.1268969499112864,308.0801350267634,468.91181116655935,16.883333333333336,375.0,False,False
I-95 NB,GP,110+04151,2025-10-15,661.0,3,49.490403615246464,5700.0,96,1.0,49.490403615246464,True,2.1385083854418383,9494.385029598378,1.6656815841400663,320.07958230273107,448.39008542924137,21.265555555555554,390.0,False,False
I-95 NB,GP,110+04151,2025-10-16,661.0,3,49.490403615246464,5700.0,96,1.0,49.490403615246464,True,4.007952842506123,19806.249823124923,3.474780670723671,305.46662177903505,545.9437923294024,22.939999999999998,510.0,False,False
I-95 NB,GP,110+04151,2025-10-17,661.0,3,49.490403615246464,5700.0,96,1.0,49.490403615246464,True,0.9289546722479419,5439.431090703222,0.9542861562637232,489.0025226007596,544.7398029356361,40.776666666666664,510.0,False,False
I-95 NB,GP,110+04151,2025-10-20,661.0,3,49.490403615246464,5700.0,96,1.0,49.490403615246464,True,0.7753355265289078,3829.997139854019,0.6719293227814069,488.15800241067797,534.6781340024124,32.80111111111111,510.0,False,False
I-95 NB,GP,110+04151,2025-10-21,661.0,3,49.490403615246464,5700.0,96,1.0,49.490403615246464,True,2.124373090740541,9051.464149539079,1.5879761665858032,313.54678820609325,441.0091736505257,11.64,375.0,False,False
I-95 NB,GP,110+04151,2025-10-22,661.0,3,49.490403615246464,5700.0,96,1.0,49.490403615246464,True,2.795553751458891,12322.106861610371,2.1617731336158545,309.54696161827036,477.2801867058038,19.456666666666667,420.0,False,False
I-95 NB,GP,110+04151,2025-10-23,661.0,3,49.490403615246464,5700.0,96,1.0,49.490403615246464,True,2.520019337216915,12239.685264592177,2.147313204314417,320.93372214272347,472.13488237573836,22.487777777777776,375.0,False,False
I-95 NB,GP,110+04151,2025-10-24,661.0,3,49.490403615246464,5700.0,96,1.0,49.490403615246464,True,2.089346048562164,9037.789465560949,1.585577099221219,504.65675118026996,630.0175140939998,10.392222222222221,555.0,False,False
I-95 NB,GP,110+04151,2025-10-27,661.0,3,49.490403615246464,5700.0,96,1.0,49.490403615246464,True,2.3866454817837215,11993.959256413942,2.1042033783182355,316.4682257342975,459.6669546413208,35.148888888888884,345.0,False,False
I-95 NB,GP,110+04151,2025-10-28,661.0,3,49.490403615246464,5700.0,96,1.0,49.490403615246464,True,3.920233487750311,18643.805936009307,3.2708431466682995,314.3754431293701,549.5894523943888,14.544444444444444,450.0,False,False
I-95 NB,GP,110+04151,2025-10-29,661.0,3,49.490403615246464,5700.0,96,1.0,49.490403615246464,True,3.1269401361770215,14847.688768004395,2.6048576785972624,328.5554469218114,516.1718550924327,13.163333333333332,435.0,False,False
I-95 NB,GP,110+04151,2025-10-30,661.0,3,49.490403615246464,5700.0,96,1.0,49.490403615246464,True,2.3096914816408725,9828.266487410565,1.7242572784930816,454.1329936810016,592.7144825794539,16.173333333333336,510.0,False,False
I-95 NB,GP,110+04151,2025-10-31,661.0,3,49.490403615246464,5700.0,96,1.0,49.490403615246464,False,0.0,0.0,0.0,,,,,False,False
I-95 NB,GP,110P04151,2025-10-01,662.0,3,50.063160108007565,5700.0,96,1.0,50.063160108007565,True,4.979356310286897,23938.04272730524,4.199656618825481,302.5178017614358,601.2791803786496,19.68,405.0,False,False
I-95 NB,GP,110P04151,2025-10-02,662.0,3,50.063160108007565,5700.0,96,1.0,50.063160108007565,True,4.936850533369557,23785.204291498096,4.17284285815756,308.54255134369697,604.7535833458704,21.63888888888889,390.0,False,False
I-95 NB,GP,110P04151,2025-10-03,662.0,3,50.063160108007565,5700.0,96,1.0,50.063160108007565,True,4.71348683268433,22602.1538679709,3.9652901522755966,322.7763136491331,605.5855236101929,20.334444444444443,360.0,False,False
I-95 NB,GP,110P04151,2025-10-06,662.0,3,50.063160108007565,5700.0,96,1.0,50.063160108007565,True,4.7010903737118035,22722.02332998292,3.986319882453144,310.5525936543077,592.6180160770159,18.10777777777778,405.0,False,False
I-95 NB,GP,110P04151,2025-10-07,662.0,3,50.063160108007565,5700.0,96,1.0,50.063160108007565,True,1.9269959471373321,9393.447394806917,1.6479732271591083,308.9279290183999,424.5476858466398,20.189999999999998,390.0,False,False
I-95 NB,GP,110P04151,2025-10-08,662.0,3,50.063160108007565,5700.0,96,1.0,50.063160108007565,True,2.9834380260131117,13710.895643181593,2.4054202882774725,303.8823287816678,482.8886103424545,20.48,375.0,False,False
I-95 NB,GP,110P04151,2025-10-09,662.0,3,50.063160108007565,5700.0,96,1.0,50.063160108007565,True,4.953196331899622,24029.392819787583,4.215682950839927,307.2502893518693,604.4420692658466,20.258888888888887,435.0,False,False
I-95 NB,GP,110P04151,2025-10-10,662.0,3,50.063160108007565,5700.0,96,1.0,50.063160108007565,False,0.0,0.0,0.0,,,,,False,False
I-95 NB,GP,110P04151,2025-10-13,662.0,3,50.063160108007565,5700.0,96,1.0,50.063160108007565,False,0.0,0.0,0.0,,,,,False,False
I-95 NB,GP,110P04151,2025-10-14,662.0,3,50.063160108007565,5700.0,96,1.0,50.063160108007565,True,3.8909466203538075,18854.598787588424,3.3078243486997234,308.15044463476323,541.6072418559917,18.506666666666668,405.0,False,False
I-95 NB,GP,110P04151,2025-10-15,662.0,3,50.063160108007565,5700.0,96,1.0,50.063160108007565,True,2.500180073500838,11470.099677606631,2.0122981890537948,309.91085018407193,459.92165459412223,20.19333333333333,420.0,False,False
I-95 NB,GP,110P04151,2025-10-16,662.0,3,50.063160108007565,5700.0,96,1.0,50.063160108007565,True,4.700445696511587,20571.990133249165,3.609121076008625,301.31528254520964,583.3420243359049,20.307777777777776,405.0,False,False
I-95 NB,GP,110P04151,2025-10-17,662.0,3,50.063160108007565,5700.0,96,1.0,50.063160108007565,True,4.6951648836707545,21826.431800993618,3.8291985615778277,315.66998782307945,597.3798808433247,23.112222222222226,405.0,False,False
I-95 NB,GP,110P04151,2025-10-20,662.0,3,50.063160108007565,5700.0,96,1.0,50.063160108007565,True,3.8212521798022814,20085.01695968181,3.5236871859090892,314.68323375385836,543.9583645419953,20.2,510.0,False,False
I-95 NB,GP,110P04151,2025-10-21,662.0,3,50.063160108007565,5700.0,96,1.0,50.063160108007565,True,2.3796501486276687,10585.510207543462,1.8571070539549934,309.435180474822,452.2141893924821,13.514444444444445,405.0,False,False
I-95 NB,GP,110P04151,2025-10-22,662.0,3,50.063160108007565,5700.0,96,1.0,50.063160108007565,True,4.685546200553173,22087.054628202586,3.8749218645969448,309.0190646511654,590.1518366843558,19.655555555555555,420.0,False,False
I-95 NB,GP,110P04151,2025-10-23,662.0,3,50.063160108007565,5700.0,96,1.0,50.063160108007565,True,3.7381775003430646,17826.66386327338,3.1274848882935755,310.7074722945669,534.9981223151508,21.403333333333332,390.0,False,False
I-95 NB,GP,110P04151,2025-10-24,662.0,3,50.063160108007565,5700.0,96,1.0,50.063160108007565,True,2.7652664530012725,11363.22153670644,1.9935476380186736,487.86592267842235,653.7819098584987,11.126666666666665,555.0,False,False
I-95 NB,GP,110P04151,2025-10-27,662.0,3,50.063160108007565,5700.0,96,1.0,50.063160108007565,True,2.8510584514860255,12754.638219863034,2.2376558280461465,308.1116941316025,479.17520122076405,20.645555555555557,405.0,False,False
I-95 NB,GP,110P04151,2025-10-28,662.0,3,50.063160108007565,5700.0,96,1.0,50.063160108007565,True,4.20494602740735,19296.52655458281,3.3853555358917213,308.04836712366756,560.3451287681086,15.394444444444446,450.0,False,False
I-95 NB,GP,110P04151,2025-10-29,662.0,3,50.063160108007565,5700.0,96,1.0,50.063160108007565,True,3.4805954662886895,15229.626589932952,2.671864314023325,319.2581931058908,528.0939210832122,12.403333333333334,435.0,False,False
I-95 NB,GP,110P04151,2025-10-30,662.0,3,50.063160108007565,5700.0,96,1.0,50.063160108007565,True,2.509346431590317,11187.756243638025,1.9627642532698288,445.440653032648,596.001438928067,18.441111111111113,540.0,False,False
I-95 NB,GP,110P04151,2025-10-31,662.0,3,50.063160108007565,5700.0,96,1.0,50.063160108007565,True,0.9076334871758917,5025.541748258656,0.8816739909225713,366.1158816231275,420.573890853681,30.58666666666667,390.0,False,False
I-95 NB,GP,110+04152,2025-10-01,663.0,3,49.49005006185587,6000.0,96,1.0,49.49005006185587,True,4.734831691320323,26888.30447543957,4.481384079239929,307.50531337388463,591.595214853104,32.21888888888889,405.0,False,False
I-95 NB,GP,110+04152,2025-10-02,663.0,3,49.49005006185587,6000.0,96,1.0,49.49005006185587,True,4.711664459090512,27165.328528688424,4.527554754781404,314.75302659899364,597.4528941444244,33.23888888888889,390.0,False,False
I-95 NB,GP,110+04152,2025-10-03,663.0,3,49.49005006185587,6000.0,96,1.0,49.49005006185587,True,2.159849682251981,11615.766681121278,1.935961113520213,465.18368053866755,594.7746614737864,35.22,495.0,False,False
I-95 NB,GP,110+04152,2025-10-06,663.0,3,49.49005006185587,6000.0,96,1.0,49.49005006185587,True,4.418896609791247,24167.715221682338,4.027952536947057,319.6061906098258,584.7399871973006,30.14333333333333,405.0,False,False
I-95 NB,GP,110+04152,2025-10-07,663.0,3,49.49005006185587,6000.0,96,1.0,49.49005006185587,True,1.7466784842984056,10005.070082908118,1.6675116804846863,314.46165526945776,419.2623643273621,34.07888888888889,390.0,False,False
I-95 NB,GP,110+04152,2025-10-08,663.0,3,49.49005006185587,6000.0,96,1.0,49.49005006185587,True,3.003294726990535,17002.501437140614,2.8337502395234355,309.9290096241243,490.1266932435564,33.682222222222215,375.0,False,False
I-95 NB,GP,110+04152,2025-10-09,663.0,3,49.49005006185587,6000.0,96,1.0,49.49005006185587,True,3.6785320050018546,21299.024447572687,3.549837407928781,314.51603931567047,535.2279596157817,33.76222222222223,405.0,False,False
I-95 NB,GP,110+04152,2025-10-10,663.0,3,49.49005006185587,6000.0,96,1.0,49.49005006185587,True,2.039326949949548,11710.672635813298,1.9517787726355498,505.3257607133233,627.6853777102962,38.52111111111111,540.0,False,False
I-95 NB,GP,110+04152,2025-10-13,663.0,3,49.49005006185587,6000.0,96,1.0,49.49005006185587,False,0.0,0.0,0.0,,,,,False,False
I-95 NB,GP,110+04152,2025-10-14,663.0,3,49.49005006185587,6000.0,96,1.0,49.49005006185587,True,3.749216446240293,21892.21402406171,3.648702337343618,316.0531009775232,541.0060877519408,36.59111111111111,375.0,False,False
I-95 NB,GP,110+04152,2025-10-15,663.0,3,49.49005006185587,6000.0,96,1.0,49.49005006185587,True,2.3794259674062563,12806.380096153616,2.1343966826922696,316.0086352496282,458.77419329400357,34.809999999999995,420.0,False,False
I-95 NB,GP,110+04152,2025-10-16,663.0,3,49.49005006185587,6000.0,96,1.0,49.49005006185587,True,4.611282958274686,26780.525349650987,4.463420891608497,298.89617149608705,575.5731489925682,31.362222222222226,420.0,False,False
I-95 NB,GP,110+04152,2025-10-17,663.0,3,49.49005006185587,6000.0,96,1.0,49.49005006185587,True,4.641626438902864,27360.173992806584,4.560028998801097,321.63397229155316,600.131558625725,35.675555555555555,405.0,False,False
I-95 NB,GP,110+04152,2025-10-20,663.0,3,49.49005006185587,6000.0,96,1.0,49.49005006185587,True,3.6312348851528715,18594.53902210891,3.099089837018152,319.79615260809686,537.6702457172692,25.373333333333335,420.0,False,False
I-95 NB,GP,110+04152,2025-10-21,663.0,3,49.49005006185587,6000.0,96,1.0,49.49005006185587,True,2.4961397777478007,14139.093121031769,2.3565155201719614,312.73877993189996,462.507166596768,33.91777777777778,420.0,False,False
I-95 NB,GP,110+04152,2025-10-22,663.0,3,49.49005006185587,6000.0,96,1.0,49.49005006185587,True,4.333505933254509,24201.059098928294,4.033509849821383,317.9611589619233,577.9715149571938,31.842222222222222,405.0,False,False
I-95 NB,GP,110+04152,2025-10-23,663.0,3,49.49005006185587,6000.0,96,1.0,49.49005006185587,True,4.492274968951484,25833.587702232875,4.305597950372146,318.74747484908977,588.2839729861788,34.87111111111111,390.0,False,False
I-95 NB,GP,110+04152,2025-10-24,663.0,3,49.49005006185587,6000.0,96,1.0,49.49005006185587,True,5.383553509298706,30786.302414717873,5.131050402452979,323.17991268339046,646.1931232413128,25.7,555.0,False,False
I-95 NB,GP,110+04152,2025-10-27,663.0,3,49.49005006185587,6000.0,96,1.0,49.49005006185587,True,3.8261978328379125,22890.051456812347,3.815008576135391,314.8375486677087,544.4094186379834,31.802222222222223,390.0,False,False
I-95 NB,GP,110+04152,2025-10-28,663.0,3,49.49005006185587,6000.0,96,1.0,49.49005006185587,True,4.000790498832125,22491.084112683555,3.7485140187805923,315.54849162395146,555.595921553879,32.02888888888889,405.0,False,False
I-95 NB,GP,110+04152,2025-10-29,663.0,3,49.49005006185587,6000.0,96,1.0,49.49005006185587,True,3.342894450550971,18412.0687793267,3.068678129887783,326.166879076828,526.7405461098863,13.476666666666665,420.0,False,False
I-95 NB,GP,110+04152,2025-10-30,663.0,3,49.49005006185587,6000.0,96,1.0,49.49005006185587,True,2.4170528432185345,14167.137951106977,2.3611896585178296,443.91240930187354,588.9355798949856,33.40111111111111,495.0,False,False
I-95 NB,GP,110+04152,2025-10-31,663.0,3,49.49005006185587,6000.0,96,1.0,49.49005006185587,True,2.5775891654009473,16010.690824392132,2.668448470732022,359.6794382033006,514.3347881273575,34.838888888888896,390.0,False,False
I-95 NB,GP,110P04153,2025-10-01,666.0,4,49.921738751770256,8000.0,96,1.0,49.921738751770256,True,2.422284330214265,16259.285368322051,2.0324106710402563,359.30912683618004,504.64618664903594,18.497777777777785,450.0,False,False
I-95 NB,GP,110P04153,2025-10-02,666.0,4,49.921738751770256,8000.0,96,1.0,49.921738751770256,False,0.0,0.0,0.0,,,,,False,False
I-95 NB,GP,110P04153,2025-10-03,666.0,4,49.921738751770256,8000.0,96,1.0,49.921738751770256,False,0.0,0.0,0.0,,,,,False,False
I-95 NB,GP,110P04153,2025-10-06,666.0,4,49.921738751770256,8000.0,96,1.0,49.921738751770256,True,0.6753110576147406,5535.447707234436,0.6919309634043045,443.9465750688017,484.4652385256861,40.906666666666666,465.0,False,False
I-95 NB,GP,110P04153,2025-10-07,666.0,4,49.921738751770256,8000.0,96,1.0,49.921738751770256,True,0.8954505222673116,7312.052377376341,0.9140065471720425,381.5159590561533,435.242990392192,35.14,405.0,False,False
I-95 NB,GP,110P04153,2025-10-08,666.0,4,49.921738751770256,8000.0,96,1.0,49.921738751770256,True,1.7812170837099481,10625.384935807404,1.3281731169759254,411.7364452792477,518.6094703018446,14.191111111111107,465.0,False,False
I-95 NB,GP,110P04153,2025-10-09,666.0,4,49.921738751770256,8000.0,96,1.0,49.921738751770256,True,1.5484519444425946,10064.648570598074,1.2580810713247592,396.60096694090396,489.50808360745964,19.591111111111115,450.0,False,False
I-95 NB,GP,110P04153,2025-10-10,666.0,4,49.921738751770256,8000.0,96,1.0,49.921738751770256,True,0.7915471501816521,4921.005690675551,0.6151257113344438,436.20097287695376,483.6938018878529,34.23888888888889,450.0,False,False
I-95 NB,GP,110P04153,2025-10-13,666.0,4,49.921738751770256,8000.0,96,1.0,49.921738751770256,False,0.0,0.0,0.0,,,,,False,False
I-95 NB,GP,110P04153,2025-10-14,666.0,4,49.921738751770256,8000.0,96,1.0,49.921738751770256,True,2.600278043422286,18056.13027401529,2.257016284251911,369.68533596494154,525.7020185702787,14.778888888888888,465.0,False,False
I-95 NB,GP,110P04153,2025-10-15,666.0,4,49.921738751770256,8000.0,96,1.0,49.921738751770256,False,0.0,0.0,0.0,,,,,False,False
I-95 NB,GP,110P04153,2025-10-16,666.0,4,49.921738751770256,8000.0,96,1.0,49.921738751770256,False,0.0,0.0,0.0,,,,,False,False
I-95 NB,GP,110P04153,2025-10-17,666.0,4,49.921738751770256,8000.0,96,1.0,49.921738751770256,False,0.0,0.0,0.0,,,,,False,False
I-95 NB,GP,110P04153,2025-10-20,666.0,4,49.921738751770256,8000.0,96,1.0,49.921738751770256,True,1.4321752481467789,9170.430935108912,1.146303866888614,380.1813878163856,466.11190270519234,15.186666666666667,420.0,False,False
I-95 NB,GP,110P04153,2025-10-21,666.0,4,49.921738751770256,8000.0,96,1.0,49.921738751770256,True,2.171584271135603,11855.972744840537,1.4819965931050672,424.82054673446083,555.115603002597,9.735555555555555,510.0,False,False
I-95 NB,GP,110P04153,2025-10-22,666.0,4,49.921738751770256,8000.0,96,1.0,49.921738751770256,True,1.3042515994084047,9295.357554043463,1.1619196942554328,412.1685145472872,490.4236105117915,36.67444444444445,450.0,False,False
I-95 NB,GP,110P04153,2025-10-23,666.0,4,49.921738751770256,8000.0,96,1.0,49.921738751770256,True,0.8161330762838493,7836.740768930051,0.9795925961162564,433.0554546632282,482.02343924025917,42.38,465.0,False,False
I-95 NB,GP,110P04153,2025-10-24,666.0,4,49.921738751770256,8000.0,96,1.0,49.921738751770256,False,0.0,0.0,0.0,,,,,False,False
I-95 NB,GP,110P04153,2025-10-27,666.0,4,49.921738751770256,8000.0,96,1.0,49.921738751770256,False,0.0,0.0,0.0,,,,,False,False
I-95 NB,GP,110P04153,2025-10-28,666.0,4,49.921738751770256,8000.0,96,1.0,49.921738751770256,False,0.0,0.0,0.0,,,,,False,False
I-95 NB,GP,110P04153,2025-10-29,666.0,4,49.921738751770256,8000.0,96,1.0,49.921738751770256,True,2.4775211551006473,14368.881893165548,1.7961102366456936,371.11277972276724,519.7640490288061,9.893333333333329,420.0,False,False
I-95 NB,GP,110P04153,2025-10-30,666.0,4,49.921738751770256,8000.0,96,1.0,49.921738751770256,False,0.0,0.0,0.0,,,,,False,False
I-95 NB,GP,110P04153,2025-10-31,666.0,4,49.921738751770256,8000.0,96,1.0,49.921738751770256,False,0.0,0.0,0.0,,,,,False,False
I-95 NB,GP,110+04154,2025-10-01,667.0,4,49.780317395532954,8000.0,96,1.0,49.780317395532954,True,2.9364515602169385,19162.34551345017,2.395293189181271,343.61028010983176,519.7973737228481,18.39888888888889,450.0,False,False
I-95 NB,GP,110+04154,2025-10-02,667.0,4,49.780317395532954,8000.0,96,1.0,49.780317395532954,True,0.8834136151932152,5597.466741049224,0.699683342631153,421.81040171433256,474.81521862592547,36.39222222222222,450.0,False,False
I-95 NB,GP,110+04154,2025-10-03,667.0,4,49.780317395532954,8000.0,96,1.0,49.780317395532954,True,0.6583116137979715,5865.161266015267,0.7331451582519084,411.46992157985665,450.96861840773494,42.28888888888889,435.0,False,False
I-95 NB,GP,110+04154,2025-10-06,667.0,4,49.780317395532954,8000.0,96,1.0,49.780317395532954,True,1.5553900802643161,12848.663272974572,1.6060829091218216,402.9280890000687,496.2514938159277,25.709999999999997,465.0,False,False
I-95 NB,GP,110+04154,2025-10-07,667.0,4,49.780317395532954,8000.0,96,1.0,49.780317395532954,True,1.7220059404443069,12165.337864142253,1.5206672330177817,354.301143990082,457.6215004167404,23.365555555555556,420.0,False,False
I-95 NB,GP,110+04154,2025-10-08,667.0,4,49.780317395532954,8000.0,96,1.0,49.780317395532954,True,2.7718045740008006,17372.494966362898,2.171561870795362,369.3196864115791,535.6279608516271,16.39,465.0,False,False
I-95 NB,GP,110+04154,2025-10-09,667.0,4,49.780317395532954,8000.0,96,1.0,49.780317395532954,True,2.424888433722172,16469.20141498139,2.058650176872674,357.63007496746667,503.123380990797,18.43444444444444,465.0,False,False
I-95 NB,GP,110+04154,2025-10-10,667.0,4,49.780317395532954,8000.0,96,1.0,49.780317395532954,True,1.9826176363651673,11855.668489667603,1.4819585612084505,392.27470368296514,511.2317618648752,10.564444444444444,435.0,False,False
I-95 NB,GP,110+04154,2025-10-13,667.0,4,49.780317395532954,8000.0,96,1.0,49.780317395532954,False,0.0,0.0,0.0,,,,,False,False
I-95 NB,GP,110+04154,2025-10-14,667.0,4,49.780317395532954,8000.0,96,1.0,49.780317395532954,True,3.713259990298902,23689.830082727836,2.9612287603409797,339.8618599528702,562.6574593708043,15.341111111111111,465.0,False,False
I-95 NB,GP,110+04154,2025-10-15,667.0,4,49.780317395532954,8000.0,96,1.0,49.780317395532954,True,2.2080095612469535,15729.66153832469,1.9662076922905862,365.8838679320074,498.3644416068246,22.235555555555553,450.0,False,False
I-95 NB,GP,110+04154,2025-10-16,667.0,4,49.780317395532954,8000.0,96,1.0,49.780317395532954,True,2.260819708901813,15955.508134728181,1.9944385168410226,355.2363549938144,490.8855375279232,23.03,450.0,False,False
I-95 NB,GP,110+04154,2025-10-17,667.0,4,49.780317395532954,8000.0,96,1.0,49.780317395532954,False,0.0,0.0,0.0,,,,,False,False
I-95 NB,GP,110+04154,2025-10-20,667.0,4,49.780317395532954,8000.0,96,1.0,49.780317395532954,True,1.9314172443006916,9497.647019084296,1.187205877385537,363.8879140914464,479.7729487494879,12.964444444444444,405.0,False,False
I-95 NB,GP,110+04154,2025-10-21,667.0,4,49.780317395532954,8000.0,96,1.0,49.780317395532954,True,2.8933010125252365,16296.757700686445,2.0370947125858057,407.55413928403306,581.1522000355473,12.64,480.0,False,False
I-95 NB,GP,110+04154,2025-10-22,667.0,4,49.780317395532954,8000.0,96,1.0,49.780317395532954,True,2.1284895857253665,15127.09833048612,1.890887291310765,386.3331886175369,514.0425637610589,20.17222222222222,450.0,False,False
I-95 NB,GP,110+04154,2025-10-23,667.0,4,49.780317395532954,8000.0,96,1.0,49.780317395532954,True,2.0366112673007915,13193.808417907803,1.6492260522384754,386.51379836391914,508.7104744019666,19.641111111111112,450.0,False,False
I-95 NB,GP,110+04154,2025-10-24,667.0,4,49.780317395532954,8000.0,96,1.0,49.780317395532954,True,0.9754298598078672,7476.663995336134,0.9345829994170167,407.4105508810076,465.93634246947965,34.01444444444444,435.0,False,False
I-95 NB,GP,110+04154,2025-10-27,667.0,4,49.780317395532954,8000.0,96,1.0,49.780317395532954,True,1.7671920204186486,15199.725794958591,1.8999657243698238,374.0724948098708,480.10401603498974,34.81,450.0,False,False
I-95 NB,GP,110+04154,2025-10-28,667.0,4,49.780317395532954,8000.0,96,1.0,49.780317395532954,True,1.9874959502762066,14520.906402693441,1.8151133003366802,380.3805064061226,499.630263422695,25.85666666666667,435.0,False,False
I-95 NB,GP,110+04154,2025-10-29,667.0,4,49.780317395532954,8000.0,96,1.0,49.780317395532954,True,1.6815661064544505,9837.331398007516,1.2296664247509395,438.7527074753025,539.6466738625695,20.04222222222222,480.0,False,False
I-95 NB,GP,110+04154,2025-10-30,667.0,4,49.780317395532954,8000.0,96,1.0,49.780317395532954,True,0.6259380595986764,3930.751134080974,0.4913438917601218,360.0023998119384,397.558683387859,44.81999999999999,375.0,False,False
I-95 NB,GP,110+04154,2025-10-31,667.0,4,49.780317395532954,8000.0,96,1.0,49.780317395532954,False,0.0,0.0,0.0,,,,,False,False
I-95 NB,GP,110P04154,2025-10-01,668.0,4,50.063160108007565,8000.0,96,1.0,50.063160108007565,True,3.0637943133798804,19925.38849520112,2.4906735619001403,351.3375696926539,535.1652284954467,18.197777777777777,450.0,False,False
I-95 NB,GP,110P04154,2025-10-02,668.0,4,50.063160108007565,8000.0,96,1.0,50.063160108007565,True,1.3579695696028484,11073.358260471348,1.3841697825589185,400.8553396719497,482.3335138481206,29.594444444444445,450.0,False,False
I-95 NB,GP,110P04154,2025-10-03,668.0,4,50.063160108007565,8000.0,96,1.0,50.063160108007565,True,1.2446117405453228,6917.852468208219,0.8647315585260273,390.0623839872283,464.7390884199477,27.686666666666667,435.0,False,False
I-95 NB,GP,110P04154,2025-10-06,668.0,4,50.063160108007565,8000.0,96,1.0,50.063160108007565,True,1.9489244643158163,14749.62367342594,1.8437029591782426,388.5360580277793,505.4715258867283,29.32111111111111,465.0,False,False
I-95 NB,GP,110P04154,2025-10-07,668.0,4,50.063160108007565,8000.0,96,1.0,50.063160108007565,True,1.7268207352671066,10241.221536857436,1.2801526921071795,360.79165227038794,464.40089638641433,26.142222222222227,420.0,False,False
I-95 NB,GP,110P04154,2025-10-08,668.0,4,50.063160108007565,8000.0,96,1.0,50.063160108007565,True,3.038623021848371,21082.221274810105,2.6352776593512632,358.2019143580638,540.519295668966,16.595555555555556,450.0,False,False
I-95 NB,GP,110P04154,2025-10-09,668.0,4,50.063160108007565,8000.0,96,1.0,50.063160108007565,True,2.6014930113646555,18467.18471606716,2.308398089508395,355.2221513777255,511.3117320596048,18.75,465.0,False,False
I-95 NB,GP,110P04154,2025-10-10,668.0,4,50.063160108007565,8000.0,96,1.0,50.063160108007565,True,2.6124669184952194,13736.16333797625,1.7170204172470311,364.18687416288526,520.9348892725984,7.37,435.0,False,False
I-95 NB,GP,110P04154,2025-10-13,668.0,4,50.063160108007565,8000.0,96,1.0,50.063160108007565,False,0.0,0.0,0.0,,,,,False,False
I-95 NB,GP,110P04154,2025-10-14,668.0,4,50.063160108007565,8000.0,96,1.0,50.063160108007565,True,3.924008090504673,25699.537792820898,3.2124422241026123,341.44447584452547,576.8849612748058,15.348888888888888,450.0,False,False
I-95 NB,GP,110P04154,2025-10-15,668.0,4,50.063160108007565,8000.0,96,1.0,50.063160108007565,True,2.4056761689546797,15517.985960430802,1.9397482450538504,363.317224188703,507.6577943259838,23.265555555555554,465.0,False,False
I-95 NB,GP,110P04154,2025-10-16,668.0,4,50.063160108007565,8000.0,96,1.0,50.063160108007565,True,2.28310593606861,15592.42723222079,1.9490534040275989,363.07018491592623,500.05654108004285,22.947777777777777,450.0,False,False
I-95 NB,GP,110P04154,2025-10-17,668.0,4,50.063160108007565,8000.0,96,1.0,50.063160108007565,True,0.7259234640435541,5763.5316979027775,0.7204414622378472,439.18220778876156,482.7376156313748,40.70333333333333,465.0,False,False
I-95 NB,GP,110P04154,2025-10-20,668.0,4,50.063160108007565,8000.0,96,1.0,50.063160108007565,True,2.132639738938313,13176.263642942777,1.647032955367847,358.7603660890955,486.71875042539426,14.06444444444445,405.0,False,False
I-95 NB,GP,110P04154,2025-10-21,668.0,4,50.063160108007565,8000.0,96,1.0,50.063160108007565,True,0.9252160494817228,5426.946984868536,0.678368373108567,542.2717460451194,597.7847090140227,33.48444444444445,570.0,False,False
I-95 NB,GP,110P04154,2025-10-22,668.0,4,50.063160108007565,8000.0,96,1.0,50.063160108007565,True,2.659476136081929,18787.555785067518,2.3484444731334397,367.5520825688974,527.1206507338131,20.581111111111113,450.0,False,False
I-95 NB,GP,110P04154,2025-10-23,668.0,4,50.063160108007565,8000.0,96,1.0,50.063160108007565,True,2.288717436343375,16841.541042225803,2.1051926302782253,374.3380547180679,511.6611008986704,19.521111111111107,450.0,False,False
I-95 NB,GP,110P04154,2025-10-24,668.0,4,50.063160108007565,8000.0,96,1.0,50.063160108007565,True,1.4382632435129088,11609.060666026895,1.451132583253362,384.51541221610756,470.8112068268821,41.73222222222223,405.0,False,False
I-95 NB,GP,110P04154,2025-10-27,668.0,4,50.063160108007565,8000.0,96,1.0,50.063160108007565,True,1.9857074792764877,13952.358572689584,1.744044821586198,365.1461910598802,484.28863981646947,23.77,450.0,False,False
I-95 NB,GP,110P04154,2025-10-28,668.0,4,50.063160108007565,8000.0,96,1.0,50.063160108007565,True,2.424405736954726,17279.47954748186,2.1599349434352324,367.769634413524,513.2339786308075,24.165555555555553,450.0,False,False
I-95 NB,GP,110P04154,2025-10-29,668.0,4,50.063160108007565,8000.0,96,1.0,50.063160108007565,True,1.7963382922331144,11812.903035808908,1.4766128794761135,440.3527344205595,548.1330319545464,21.51888888888888,480.0,False,False
I-95 NB,GP,110P04154,2025-10-30,668.0,4,50.063160108007565,8000.0,96,1.0,50.063160108007565,True,0.8079507289045542,5817.538754539599,0.7271923443174498,367.8268479529146,416.30389168718784,42.61666666666667,390.0,False,False
I-95 NB,GP,110P04154,2025-10-31,668.0,4,50.063160108007565,8000.0,96,1.0,50.063160108007565,False,0.0,0.0,0.0,,,,,False,False
I-95 NB,GP,110+04155,2025-10-01,669.0,4,48.92471819029723,8000.0,96,1.0,48.92471819029723,True,4.740842798116085,32255.29652684799,4.031912065855999,339.6199280741636,624.0704959611287,20.982222222222223,420.0,False,False
I-95 NB,GP,110+04155,2025-10-02,669.0,4,48.92471819029723,8000.0,96,1.0,48.92471819029723,True,2.2253480138160606,16746.256975518652,2.0932821219398314,366.241117122466,499.76199795142963,30.19333333333334,450.0,False,False
I-95 NB,GP,110+04155,2025-10-03,669.0,4,48.92471819029723,8000.0,96,1.0,48.92471819029723,True,2.0269962924828167,14416.491923560185,1.8020614904450232,380.1563393148737,501.77611686384273,27.883333333333336,420.0,False,False
I-95 NB,GP,110+04155,2025-10-06,669.0,4,48.92471819029723,8000.0,96,1.0,48.92471819029723,True,2.380081930068571,18386.448166025715,2.2983060207532144,370.78937599792476,513.594291802039,28.937777777777786,465.0,False,False
I-95 NB,GP,110+04155,2025-10-07,669.0,4,48.92471819029723,8000.0,96,1.0,48.92471819029723,True,2.1406590092300104,14329.586623240795,1.7911983279050994,347.36914034993,475.8086809037306,27.37111111111111,435.0,False,False
I-95 NB,GP,110+04155,2025-10-08,669.0,4,48.92471819029723,8000.0,96,1.0,48.92471819029723,True,3.2683377700127845,22109.45919310867,2.7636823991385837,356.1615289593639,552.261795160131,21.75111111111111,450.0,False,False
I-95 NB,GP,110+04155,2025-10-09,669.0,4,48.92471819029723,8000.0,96,1.0,48.92471819029723,True,3.03969122726935,20941.505905628586,2.617688238203573,352.14579749955146,534.5272711357125,23.69111111111111,465.0,False,False
I-95 NB,GP,110+04155,2025-10-10,669.0,4,48.92471819029723,8000.0,96,1.0,48.92471819029723,True,2.919986496859502,14799.132096243837,1.8498915120304795,349.60287170865604,524.8020615202262,7.628888888888889,435.0,False,False
I-95 NB,GP,110+04155,2025-10-13,669.0,4,48.92471819029723,8000.0,96,1.0,48.92471819029723,False,0.0,0.0,0.0,,,,,False,False
I-95 NB,GP,110+04155,2025-10-14,669.0,4,48.92471819029723,8000.0,96,1.0,48.92471819029723,True,4.305591350487569,27945.493656776453,3.4931867070970566,334.9101343590009,593.245615388255,18.60777777777778,450.0,False,False
I-95 NB,GP,110+04155,2025-10-15,669.0,4,48.92471819029723,8000.0,96,1.0,48.92471819029723,True,2.8781455607100543,19515.176792612394,2.4393970990765492,348.0250583137525,520.7137919563557,25.442222222222224,450.0,False,False
I-95 NB,GP,110+04155,2025-10-16,669.0,4,48.92471819029723,8000.0,96,1.0,48.92471819029723,True,2.6711321580222394,19743.91683455789,2.4679896043197362,351.95953637129753,512.2274658526319,25.90111111111111,450.0,False,False
I-95 NB,GP,110+04155,2025-10-17,669.0,4,48.92471819029723,8000.0,96,1.0,48.92471819029723,True,1.9651209717274118,15016.159094517556,1.8770198868146946,389.36681675439223,507.27407505803694,30.298888888888886,450.0,False,False
I-95 NB,GP,110+04155,2025-10-20,669.0,4,48.92471819029723,8000.0,96,1.0,48.92471819029723,True,2.2644922418035653,14652.971077344811,1.8316213846681015,354.2829478186361,490.15248232685,18.7188888888889,390.0,False,False
I-95 NB,GP,110+04155,2025-10-21,669.0,4,48.92471819029723,8000.0,96,1.0,48.92471819029723,True,1.3062613225468633,9263.380867446562,1.1579226084308203,370.6810483442868,449.0567276970986,31.885555555555555,405.0,False,False
I-95 NB,GP,110+04155,2025-10-22,669.0,4,48.92471819029723,8000.0,96,1.0,48.92471819029723,True,2.9964871726918005,20908.842290285018,2.6136052862856274,354.79732760257633,534.5865579640844,23.155555555555555,450.0,False,False
I-95 NB,GP,110+04155,2025-10-23,669.0,4,48.92471819029723,8000.0,96,1.0,48.92471819029723,True,2.687096280515407,18968.401772295638,2.371050221536955,365.8208090834393,527.0465859143637,21.939999999999998,450.0,False,False
I-95 NB,GP,110+04155,2025-10-24,669.0,4,48.92471819029723,8000.0,96,1.0,48.92471819029723,True,1.9566214805390643,14875.551671744923,1.8594439589681153,368.7134568224761,486.11074565481994,31.344444444444445,405.0,False,False
I-95 NB,GP,110+04155,2025-10-27,669.0,4,48.92471819029723,8000.0,96,1.0,48.92471819029723,True,2.2187711015499567,16346.877428224963,2.0433596785281205,358.5527616730369,491.6790277660343,28.24888888888889,450.0,False,False
I-95 NB,GP,110+04155,2025-10-28,669.0,4,48.92471819029723,8000.0,96,1.0,48.92471819029723,True,2.5486779901043897,19684.269544477393,2.460533693059674,358.56373595800756,511.48441536427094,24.66111111111111,450.0,False,False
I-95 NB,GP,110+04155,2025-10-29,669.0,4,48.92471819029723,8000.0,96,1.0,48.92471819029723,True,1.9963690065638693,14120.050016355497,1.7650062520444372,436.70596459771696,556.4881049915491,25.496666666666666,480.0,False,False
I-95 NB,GP,110+04155,2025-10-30,669.0,4,48.92471819029723,8000.0,96,1.0,48.92471819029723,True,4.382586630783808,34833.5260343394,4.354190754292425,354.9142487083836,617.8694465554121,29.763333333333335,390.0,False,False
I-95 NB,GP,110+04155,2025-10-31,669.0,4,48.92471819029723,8000.0,96,1.0,48.92471819029723,True,0.6151589171566523,5899.916562793891,0.7374895703492363,431.0146783890849,467.92421341848404,45.717777777777776,450.0,False,False
I-95 NB,GP,110P04155,2025-10-01,670.0,4,48.35903276534799,8000.0,96,1.0,48.35903276534799,True,5.139165519505081,34337.84024770622,4.292230030963277,337.4334676297577,645.7833988000625,18.313333333333336,585.0,False,False
I-95 NB,GP,110P04155,2025-10-02,670.0,4,48.35903276534799,8000.0,96,1.0,48.35903276534799,True,2.5472406219619548,18831.18346588348,2.353897933235435,351.4797821543044,504.3142194720217,30.24222222222222,465.0,False,False
I-95 NB,GP,110P04155,2025-10-03,670.0,4,48.35903276534799,8000.0,96,1.0,48.35903276534799,True,2.139683012702223,14435.62809228085,1.8044535115351061,376.8759343171855,505.2569150793189,28.63888888888889,450.0,False,False
I-95 NB,GP,110P04155,2025-10-06,670.0,4,48.35903276534799,8000.0,96,1.0,48.35903276534799,True,2.5764203194326476,18688.99506475486,2.3361243830943574,365.60975804824454,520.1949772142034,28.607777777777773,450.0,False,False
I-95 NB,GP,110P04155,2025-10-07,670.0,4,48.35903276534799,8000.0,96,1.0,48.35903276534799,True,2.2840974077778196,16150.624503897607,2.018828062987201,348.7068445953448,485.752689062014,26.22333333333334,435.0,False,False
I-95 NB,GP,110P04155,2025-10-08,670.0,4,48.35903276534799,8000.0,96,1.0,48.35903276534799,True,4.3632146094322986,30013.74304475554,3.751717880594443,345.2738040792123,607.0666806451502,21.75777777777778,450.0,False,False
I-95 NB,GP,110P04155,2025-10-09,670.0,4,48.35903276534799,8000.0,96,1.0,48.35903276534799,True,3.396618011038011,24698.91997768599,3.0873649972107486,354.2422582203567,558.0393388826374,21.805555555555554,450.0,False,False
I-95 NB,GP,110P04155,2025-10-10,670.0,4,48.35903276534799,8000.0,96,1.0,48.35903276534799,True,3.266911832905577,18009.059521736213,2.2511324402170265,341.92636029875126,537.9410702730859,6.157777777777778,420.0,False,False
I-95 NB,GP,110P04155,2025-10-13,670.0,4,48.35903276534799,8000.0,96,1.0,48.35903276534799,False,0.0,0.0,0.0,,,,,False,False
I-95 NB,GP,110P04155,2025-10-14,670.0,4,48.35903276534799,8000.0,96,1.0,48.35903276534799,True,4.348363217670308,29901.925429069663,3.737740678633708,342.60172898347304,603.5035220436915,18.73888888888889,435.0,False,False
I-95 NB,GP,110P04155,2025-10-15,670.0,4,48.35903276534799,8000.0,96,1.0,48.35903276534799,True,3.0870308421164356,21557.539717946842,2.694692464743355,347.24048606122005,532.4623365882062,25.603333333333335,435.0,False,False
I-95 NB,GP,110P04155,2025-10-16,670.0,4,48.35903276534799,8000.0,96,1.0,48.35903276534799,True,4.364316178542977,32408.977088499487,4.051122136062435,340.68131014155665,602.5402808541353,24.89222222222222,435.0,False,False
I-95 NB,GP,110P04155,2025-10-17,670.0,4,48.35903276534799,8000.0,96,1.0,48.35903276534799,True,2.4948180119590213,18014.233085140404,2.2517791356425505,372.28155326564035,521.9706339831816,25.78,480.0,False,False
I-95 NB,GP,110P04155,2025-10-20,670.0,4,48.35903276534799,8000.0,96,1.0,48.35903276534799,True,1.161394876955284,7190.896521643057,0.8988620652053821,424.6700181962108,494.3537108135278,30.819999999999993,450.0,False,False
I-95 NB,GP,110P04155,2025-10-21,670.0,4,48.35903276534799,8000.0,96,1.0,48.35903276534799,True,1.6285816904255588,10761.318254925292,1.3451647818656616,366.24865589790096,463.9635573234345,28.606666666666673,435.0,False,False
I-95 NB,GP,110P04155,2025-10-22,670.0,4,48.35903276534799,8000.0,96,1.0,48.35903276534799,True,4.6956431450023794,34328.807742767654,4.291100967845956,350.2299560071937,631.9685447073365,20.413333333333334,450.0,False,False
I-95 NB,GP,110P04155,2025-10-23,670.0,4,48.35903276534799,8000.0,96,1.0,48.35903276534799,True,3.0043023087594367,20665.629106475186,2.5832036383093984,353.6656802088994,533.9238187344656,20.12555555555556,450.0,False,False
I-95 NB,GP,110P04155,2025-10-24,670.0,4,48.35903276534799,8000.0,96,1.0,48.35903276534799,True,2.3076541028219433,16065.146289522756,2.0081432861903443,355.3887828657911,493.8480290351077,26.56555555555555,450.0,False,False
I-95 NB,GP,110P04155,2025-10-27,670.0,4,48.35903276534799,8000.0,96,1.0,48.35903276534799,True,2.716973119204003,19928.971853136623,2.491121481642078,349.67570071696105,512.6940878692012,27.74444444444444,450.0,False,False
I-95 NB,GP,110P04155,2025-10-28,670.0,4,48.35903276534799,8000.0,96,1.0,48.35903276534799,True,2.8788980263627746,21624.384999392038,2.703048124924005,355.23648419377867,527.9703657755451,22.57444444444445,450.0,False,False
I-95 NB,GP,110P04155,2025-10-29,670.0,4,48.35903276534799,8000.0,96,1.0,48.35903276534799,True,4.087624389932147,29224.44819916923,3.653056024896154,338.41647420173496,583.6739375976638,23.592222222222215,465.0,False,False
I-95 NB,GP,110P04155,2025-10-30,670.0,4,48.35903276534799,8000.0,96,1.0,48.35903276534799,True,5.451539876839331,39938.907061902755,4.992363382737844,348.4975835824873,675.5899761928472,26.59777777777778,435.0,False,False
I-95 NB,GP,110P04155,2025-10-31,670.0,4,48.35903276534799,8000.0,96,1.0,48.35903276534799,True,2.118480373938466,17525.14678465223,2.1906433480815286,371.42135910213517,498.5301815384431,37.1,465.0,False,False
I-95 NB,GP,110+04156,2025-10-01,671.0,4,48.08290756729464,8000.0,96,1.0,48.08290756729464,True,5.287520422579744,34920.912735324746,4.3651140919155935,332.94913882114633,650.200364175931,18.712222222222223,585.0,False,False
I-95 NB,GP,110+04156,2025-10-02,671.0,4,48.08290756729464,8000.0,96,1.0,48.08290756729464,True,2.5121534749568353,19077.22581664068,2.384653227080085,351.323664084503,502.0528725819131,32.191111111111105,450.0,False,False
I-95 NB,GP,110+04156,2025-10-03,671.0,4,48.08290756729464,8000.0,96,1.0,48.08290756729464,True,2.182039600489391,16630.118008618974,2.078764751077372,373.2996683972896,504.2220444266531,29.768888888888895,405.0,False,False
I-95 NB,GP,110+04156,2025-10-06,671.0,4,48.08290756729464,8000.0,96,1.0,48.08290756729464,True,2.717696710579356,20657.861897242972,2.5822327371553717,357.3103097666188,520.3721124013802,30.00000000000001,450.0,False,False
I-95 NB,GP,110+04156,2025-10-07,671.0,4,48.08290756729464,8000.0,96,1.0,48.08290756729464,True,2.3431038873782617,16509.246389456614,2.0636557986820767,350.9612846358862,491.5475178785819,29.671111111111117,450.0,False,False
I-95 NB,GP,110+04156,2025-10-08,671.0,4,48.08290756729464,8000.0,96,1.0,48.08290756729464,True,4.5146793271028125,32276.40347827194,4.034550434783992,339.3538693156075,610.2346289417762,23.80222222222223,480.0,False,False
I-95 NB,GP,110+04156,2025-10-09,671.0,4,48.08290756729464,8000.0,96,1.0,48.08290756729464,True,3.404870300559409,23525.240934343663,2.940655116792958,350.6692332854123,554.9614513189769,26.903333333333332,450.0,False,False
I-95 NB,GP,110+04156,2025-10-10,671.0,4,48.08290756729464,8000.0,96,1.0,48.08290756729464,True,13.964871668167097,96724.31799352866,12.090539749191082,338.86447231516246,1176.7567724051883,5.579999999999999,420.0,False,False
I-95 NB,GP,110+04156,2025-10-13,671.0,4,48.08290756729464,8000.0,96,1.0,48.08290756729464,False,0.0,0.0,0.0,,,,,False,False
I-95 NB,GP,110+04156,2025-10-14,671.0,4,48.08290756729464,8000.0,96,1.0,48.08290756729464,True,4.2892577840739206,28628.55977733932,3.578569972167415,345.8193804183799,603.1748474628151,19.271111111111114,495.0,False,False
I-95 NB,GP,110+04156,2025-10-15,671.0,4,48.08290756729464,8000.0,96,1.0,48.08290756729464,True,3.146837750965532,21651.695135919665,2.706461891989958,346.7250530075871,535.535318065519,28.233333333333334,450.0,False,False
I-95 NB,GP,110+04156,2025-10-16,671.0,4,48.08290756729464,8000.0,96,1.0,48.08290756729464,True,4.51684424798084,32456.913967025946,4.057114245878243,337.045263217255,608.0559180961054,22.135555555555555,510.0,False,False
I-95 NB,GP,110+04156,2025-10-17,671.0,4,48.08290756729464,8000.0,96,1.0,48.08290756729464,True,2.553813494305788,18444.180144924256,2.305522518115532,368.57219008059195,521.8009997389393,29.27,465.0,False,False
I-95 NB,GP,110+04156,2025-10-20,671.0,4,48.08290756729464,8000.0,96,1.0,48.08290756729464,True,1.7049196016761736,13226.157798669756,1.6532697248337194,412.7915672276448,515.0867433282152,31.198888888888877,450.0,False,False
I-95 NB,GP,110+04156,2025-10-21,671.0,4,48.08290756729464,8000.0,96,1.0,48.08290756729464,True,1.6912520131502258,12971.081625993036,1.6213852032491296,366.1404518004753,467.61557258948886,30.74666666666667,435.0,False,False
I-95 NB,GP,110+04156,2025-10-22,671.0,4,48.08290756729464,8000.0,96,1.0,48.08290756729464,True,4.88811764455989,34893.74696925669,4.361718371157086,346.341039832434,639.6280985060274,26.13,450.0,False,False
I-95 NB,GP,110+04156,2025-10-23,671.0,4,48.08290756729464,8000.0,96,1.0,48.08290756729464,True,4.716559710238837,34943.53589381281,4.367941986726602,348.677541796838,631.6711244111682,24.75555555555556,450.0,False,False
I-95 NB,GP,110+04156,2025-10-24,671.0,4,48.08290756729464,8000.0,96,1.0,48.08290756729464,True,2.379885271488383,18445.343016564835,2.3056678770706043,353.51707078248774,496.3101870717907,28.721111111111117,405.0,False,False
I-95 NB,GP,110+04156,2025-10-27,671.0,4,48.08290756729464,8000.0,96,1.0,48.08290756729464,True,2.7687419198110566,20349.177506484848,2.543647188310606,347.7157958655472,513.8403110542106,30.515555555555554,435.0,False,False
I-95 NB,GP,110+04156,2025-10-28,671.0,4,48.08290756729464,8000.0,96,1.0,48.08290756729464,True,2.9863567733415826,21904.058509424984,2.738007313678123,351.23232328612625,530.4137296866212,28.21333333333334,435.0,False,False
I-95 NB,GP,110+04156,2025-10-29,671.0,4,48.08290756729464,8000.0,96,1.0,48.08290756729464,True,4.1742299733882415,29824.675941844383,3.728084492730548,333.87974777356726,584.3335461768618,26.86222222222223,465.0,False,False
I-95 NB,GP,110+04156,2025-10-30,671.0,4,48.08290756729464,8000.0,96,1.0,48.08290756729464,True,5.575200375235694,43109.3739301414,5.388671741267675,341.37026727827,675.8822897924116,28.223333333333333,435.0,False,False
I-95 NB,GP,110+04156,2025-10-31,671.0,4,48.08290756729464,8000.0,96,1.0,48.08290756729464,True,2.400582600412187,16997.236758610397,2.1246545948263,364.9250888775977,508.96004490232895,31.572222222222223,465.0,False,False
I-95 NB,GP,110P04156,2025-10-01,672.0,4,48.64187547782261,7600.0,96,1.0,48.64187547782261,True,5.030645264655277,32518.358931975505,4.27873143841783,339.4820546223925,641.3207705017091,19.052222222222223,570.0,False,False
I-95 NB,GP,110P04156,2025-10-02,672.0,4,48.64187547782261,7600.0,96,1.0,48.64187547782261,True,2.1096865837518437,16871.644740905616,2.219953255382318,358.6968740075992,485.2780690327098,39.94777777777778,390.0,False,False
I-95 NB,GP,110P04156,2025-10-03,672.0,4,48.64187547782261,7600.0,96,1.0,48.64187547782261,True,1.8240069520881037,12901.873079936133,1.697614878938965,376.7087974195898,486.14921454487603,36.40888888888889,405.0,False,False
I-95 NB,GP,110P04156,2025-10-06,672.0,4,48.64187547782261,7600.0,96,1.0,48.64187547782261,True,2.493658037474327,18445.875612058466,2.4270888963234825,362.8620240697904,512.48150631825,38.07333333333333,450.0,False,False
I-95 NB,GP,110P04156,2025-10-07,672.0,4,48.64187547782261,7600.0,96,1.0,48.64187547782261,True,2.6237292275408532,18526.11707504414,2.4376469835584396,361.3189823943877,518.7427360468389,39.565555555555555,450.0,False,False
I-95 NB,GP,110P04156,2025-10-08,672.0,4,48.64187547782261,7600.0,96,1.0,48.64187547782261,True,3.7454338686978637,26229.610536342938,3.4512645442556495,341.21822695942734,565.9442590812992,28.176666666666673,510.0,False,False
I-95 NB,GP,110P04156,2025-10-09,672.0,4,48.64187547782261,7600.0,96,1.0,48.64187547782261,True,3.0973027604801473,23633.546576193257,3.10967718107806,356.64426319686584,542.4824288256747,35.276666666666664,510.0,False,False
I-95 NB,GP,110P04156,2025-10-10,672.0,4,48.64187547782261,7600.0,96,1.0,48.64187547782261,True,3.026761986573596,15936.415673965537,2.0968967992059917,337.7131137592455,519.3188329536613,6.067777777777773,420.0,False,False
I-95 NB,GP,110P04156,2025-10-13,672.0,4,48.64187547782261,7600.0,96,1.0,48.64187547782261,False,0.0,0.0,0.0,,,,,False,False
I-95 NB,GP,110P04156,2025-10-14,672.0,4,48.64187547782261,7600.0,96,1.0,48.64187547782261,True,3.9103818810417454,26627.00594116471,3.503553413311146,351.4791969627501,586.1021098252548,22.377777777777776,495.0,False,False
I-95 NB,GP,110P04156,2025-10-15,672.0,4,48.64187547782261,7600.0,96,1.0,48.64187547782261,True,3.1065917884436716,20918.334153660326,2.7524123886395166,346.8630242864666,533.2585315930869,29.74555555555556,465.0,False,False
I-95 NB,GP,110P04156,2025-10-16,672.0,4,48.64187547782261,7600.0,96,1.0,48.64187547782261,True,4.178324040028325,30501.088256006507,4.013301086316646,341.6150200574075,592.314462459107,23.04444444444444,510.0,False,False
I-95 NB,GP,110P04156,2025-10-17,672.0,4,48.64187547782261,7600.0,96,1.0,48.64187547782261,True,1.9908494406656823,14777.108245003757,1.9443563480268102,376.8052759048828,496.25624234482376,39.065555555555555,420.0,False,False
I-95 NB,GP,110P04156,2025-10-20,672.0,4,48.64187547782261,7600.0,96,1.0,48.64187547782261,True,1.0576871971255979,9355.659480880844,1.23100782643169,419.3949636139454,482.85619544148125,42.06111111111111,450.0,False,False
I-95 NB,GP,110P04156,2025-10-21,672.0,4,48.64187547782261,7600.0,96,1.0,48.64187547782261,True,1.4853927945123833,9094.924404058156,1.1967005794813363,375.79539209605815,464.91895976680115,36.436666666666675,405.0,False,False
I-95 NB,GP,110P04156,2025-10-22,672.0,4,48.64187547782261,7600.0,96,1.0,48.64187547782261,True,3.021549929970566,21474.390353396495,2.8255776780784863,351.8125446142874,533.1055404125213,33.11555555555555,450.0,False,False
I-95 NB,GP,110P04156,2025-10-23,672.0,4,48.64187547782261,7600.0,96,1.0,48.64187547782261,True,2.9958209759865637,21253.102891404877,2.7964609067637998,353.3393406288266,533.0885991880205,30.707777777777782,390.0,False,False
I-95 NB,GP,110P04156,2025-10-24,672.0,4,48.64187547782261,7600.0,96,1.0,48.64187547782261,True,2.348346505233273,18352.484029320072,2.414800530173694,358.1393898741252,499.04018018812155,33.91444444444445,405.0,False,False
I-95 NB,GP,110P04156,2025-10-27,672.0,4,48.64187547782261,7600.0,96,1.0,48.64187547782261,True,2.430916265569554,18231.39065107779,2.398867190931288,344.9738069156888,490.828782849862,36.48555555555555,390.0,False,False
I-95 NB,GP,110P04156,2025-10-28,672.0,4,48.64187547782261,7600.0,96,1.0,48.64187547782261,True,2.717215220712182,19940.389469199803,2.6237354564736584,356.1692640821769,519.2021773249078,33.25888888888889,390.0,False,False
I-95 NB,GP,110P04156,2025-10-29,672.0,4,48.64187547782261,7600.0,96,1.0,48.64187547782261,True,3.441458702622098,23622.295831276424,3.1081968199047925,332.50196849316694,538.9894906504928,32.312222222222225,495.0,False,False
I-95 NB,GP,110P04156,2025-10-30,672.0,4,48.64187547782261,7600.0,96,1.0,48.64187547782261,True,4.176328715073923,31310.328965836954,4.11978012708381,339.11507592957037,589.6947988340057,33.86000000000001,450.0,False,False
I-95 NB,GP,110P04156,2025-10-31,672.0,4,48.64187547782261,7600.0,96,1.0,48.64187547782261,True,1.854446049425448,12535.131833742886,1.6493594518082744,407.3968250415721,518.663588007099,32.955555555555556,480.0,False,False
I-95 NB,GP,110+04157,2025-10-01,673.0,4,48.92471819029723,7600.0,96,1.0,48.92471819029723,True,4.9856488925451,33262.3328325016,4.376622741118632,338.2943955583196,637.4333291110256,20.87888888888888,570.0,False,False
I-95 NB,GP,110+04157,2025-10-02,673.0,4,48.92471819029723,7600.0,96,1.0,48.92471819029723,True,1.8000730025261864,13046.4930848833,1.7166438269583288,360.2977086264401,468.3020887780113,38.25555555555555,390.0,False,False
I-95 NB,GP,110+04157,2025-10-03,673.0,4,48.92471819029723,7600.0,96,1.0,48.92471819029723,True,1.284801954778941,9320.453977417399,1.2263755233443947,377.2972422676939,454.38535955443035,41.00555555555555,405.0,False,False
I-95 NB,GP,110+04157,2025-10-06,673.0,4,48.92471819029723,7600.0,96,1.0,48.92471819029723,True,2.5134988301249668,18660.981352363193,2.455392283205683,360.11660880459743,510.92653861209544,41.04666666666666,480.0,False,False
I-95 NB,GP,110+04157,2025-10-07,673.0,4,48.92471819029723,7600.0,96,1.0,48.92471819029723,True,2.4673329115484735,18711.00943879523,2.461974926157267,364.6914530386885,512.7314277315969,42.27777777777778,405.0,False,False
I-95 NB,GP,110+04157,2025-10-08,673.0,4,48.92471819029723,7600.0,96,1.0,48.92471819029723,True,3.6143256806929362,26894.06507319225,3.538692772788454,338.7970279559013,555.6565687974775,29.78222222222222,510.0,False,False
I-95 NB,GP,110+04157,2025-10-09,673.0,4,48.92471819029723,7600.0,96,1.0,48.92471819029723,True,3.278751158981881,23998.02096637755,3.1576343376812566,345.97688237169507,542.7019519106079,38.577777777777776,510.0,False,False
I-95 NB,GP,110+04157,2025-10-10,673.0,4,48.92471819029723,7600.0,96,1.0,48.92471819029723,True,2.6592040331818834,14615.637527635363,1.923110201004653,335.59183408689347,495.14407607780646,7.375555555555555,405.0,False,False
I-95 NB,GP,110+04157,2025-10-13,673.0,4,48.92471819029723,7600.0,96,1.0,48.92471819029723,False,0.0,0.0,0.0,,,,,False,False
I-95 NB,GP,110+04157,2025-10-14,673.0,4,48.92471819029723,7600.0,96,1.0,48.92471819029723,True,3.924994070728651,26211.628156355197,3.448898441625684,349.30334592659125,584.8029901703103,27.631111111111114,525.0,False,False
I-95 NB,GP,110+04157,2025-10-15,673.0,4,48.92471819029723,7600.0,96,1.0,48.92471819029723,True,3.1083669871753887,21615.172127744423,2.8441015957558453,347.0837349651437,533.585754195667,34.52555555555556,480.0,False,False
I-95 NB,GP,110+04157,2025-10-16,673.0,4,48.92471819029723,7600.0,96,1.0,48.92471819029723,True,4.127443247566583,30877.78676648101,4.062866679800133,338.5617174006689,586.2083122546638,25.582222222222224,510.0,False,False
I-95 NB,GP,110+04157,2025-10-17,673.0,4,48.92471819029723,7600.0,96,1.0,48.92471819029723,True,1.8239176072386594,14915.777215881459,1.9626022652475603,373.63818623692896,483.0732426712485,41.15111111111111,390.0,False,False
I-95 NB,GP,110+04157,2025-10-20,673.0,4,48.92471819029723,7600.0,96,1.0,48.92471819029723,False,0.0,0.0,0.0,,,,,False,False
I-95 NB,GP,110+04157,2025-10-21,673.0,4,48.92471819029723,7600.0,96,1.0,48.92471819029723,True,1.2565353432500719,9284.458337601163,1.2216392549475215,378.1947884017204,453.58690899672473,39.607777777777784,405.0,False,False
I-95 NB,GP,110+04157,2025-10-22,673.0,4,48.92471819029723,7600.0,96,1.0,48.92471819029723,True,3.038338596698814,21842.28453486457,2.8739848072190224,347.1947311678899,529.4950469698188,35.31444444444443,390.0,False,False
I-95 NB,GP,110+04157,2025-10-23,673.0,4,48.92471819029723,7600.0,96,1.0,48.92471819029723,True,3.0390239078317802,21615.822390066376,2.8441871565876813,355.78499462203416,538.126429091941,32.083333333333336,390.0,False,False
I-95 NB,GP,110+04157,2025-10-24,673.0,4,48.92471819029723,7600.0,96,1.0,48.92471819029723,True,2.4200717651944843,18437.575386556964,2.425996761389074,350.5041479554714,495.70845386714046,36.410000000000004,405.0,False,False
I-95 NB,GP,110+04157,2025-10-27,673.0,4,48.92471819029723,7600.0,96,1.0,48.92471819029723,True,2.0795499117420255,16534.79386842067,2.1756307721606145,344.05322220699196,468.8262169115135,36.94111111111111,375.0,False,False
I-95 NB,GP,110+04157,2025-10-28,673.0,4,48.92471819029723,7600.0,96,1.0,48.92471819029723,True,2.589887796445269,20326.306038998562,2.6745139524998107,358.70825508768064,514.1015228743968,36.65333333333333,390.0,False,False
I-95 NB,GP,110+04157,2025-10-29,673.0,4,48.92471819029723,7600.0,96,1.0,48.92471819029723,True,1.5163489201526479,11092.359696097654,1.4595210126444282,439.0928075323124,530.0737427414713,38.47777777777778,495.0,False,False
I-95 NB,GP,110+04157,2025-10-30,673.0,4,48.92471819029723,7600.0,96,1.0,48.92471819029723,True,3.573249751505538,25576.42988339319,3.365319721499104,332.9042666501912,547.2992517405235,34.668888888888894,420.0,False,False
I-95 NB,GP,110+04157,2025-10-31,673.0,4,48.92471819029723,7600.0,96,1.0,48.92471819029723,True,1.8880827929945876,12453.399898593681,1.6386052498149581,410.686334600103,523.9713021797783,31.087777777777774,495.0,False,False
I-95 NB,GP,110P04157,2025-10-01,674.0,4,48.076190052873365,7600.0,96,1.0,48.076190052873365,True,4.814771668714166,31229.418702784373,4.109134039840049,349.17064047445473,638.0569405973047,19.492222222222235,525.0,False,False
I-95 NB,GP,110P04157,2025-10-02,674.0,4,48.076190052873365,7600.0,96,1.0,48.076190052873365,True,1.103607831400899,7469.011755908413,0.9827647047247912,353.70546039020013,419.92193027425407,40.79111111111111,375.0,False,False
I-95 NB,GP,110P04157,2025-10-03,674.0,4,48.076190052873365,7600.0,96,1.0,48.076190052873365,True,0.72452453569551,5645.166858135502,0.742785112912566,382.6493229334853,426.1207950752159,44.84222222222221,405.0,False,False
I-95 NB,GP,110P04157,2025-10-06,674.0,4,48.076190052873365,7600.0,96,1.0,48.076190052873365,True,2.4915437322995273,18807.647076795263,2.474690404841482,358.9822754034773,508.4748993414489,42.03444444444444,495.0,False,False
I-95 NB,GP,110P04157,2025-10-07,674.0,4,48.076190052873365,7600.0,96,1.0,48.076190052873365,True,1.118460189312168,7264.231274565685,0.9558199045481165,455.3596500714883,522.4672614302184,35.55111111111111,495.0,False,False
I-95 NB,GP,110P04157,2025-10-08,674.0,4,48.076190052873365,7600.0,96,1.0,48.076190052873365,True,3.694018781394002,27447.056991108104,3.6114548672510662,340.0563020987456,561.6974289823858,30.054444444444442,510.0,False,False
I-95 NB,GP,110P04157,2025-10-09,674.0,4,48.076190052873365,7600.0,96,1.0,48.076190052873365,True,2.994039543484943,22433.401607806627,2.9517633694482406,360.75145489767465,540.3938275067712,38.39222222222222,510.0,False,False
I-95 NB,GP,110P04157,2025-10-10,674.0,4,48.076190052873365,7600.0,96,1.0,48.076190052873365,True,2.6955948164865786,15480.335594091881,2.0368862623805106,334.4947846613788,496.2304736505735,10.657777777777776,405.0,False,False
I-95 NB,GP,110P04157,2025-10-13,674.0,4,48.076190052873365,7600.0,96,1.0,48.076190052873365,False,0.0,0.0,0.0,,,,,False,False
I-95 NB,GP,110P04157,2025-10-14,674.0,4,48.076190052873365,7600.0,96,1.0,48.076190052873365,True,3.8965240541121373,28605.657287550697,3.7639022746777235,351.28099930002827,585.0724425467565,26.055555555555554,495.0,False,False
I-95 NB,GP,110P04157,2025-10-15,674.0,4,48.076190052873365,7600.0,96,1.0,48.076190052873365,True,3.0816925774727983,21918.795702260817,2.8840520660869498,350.3395088306894,535.2410634790573,32.54555555555555,480.0,False,False
I-95 NB,GP,110P04157,2025-10-16,674.0,4,48.076190052873365,7600.0,96,1.0,48.076190052873365,True,1.9813437705475698,13962.370674691749,1.8371540361436511,457.201727325157,576.0823535580112,23.474444444444455,510.0,False,False
I-95 NB,GP,110P04157,2025-10-17,674.0,4,48.076190052873365,7600.0,96,1.0,48.076190052873365,True,1.0171433071507123,7570.14634794136,0.9960718878870211,378.9681418295718,439.9967402586145,45.80444444444444,390.0,False,False
I-95 NB,GP,110P04157,2025-10-20,674.0,4,48.076190052873365,7600.0,96,1.0,48.076190052873365,False,0.0,0.0,0.0,,,,,False,False
I-95 NB,GP,110P04157,2025-10-21,674.0,4,48.076190052873365,7600.0,96,1.0,48.076190052873365,True,1.0173367121555894,7570.720864994946,0.9961474822361771,381.8238230880714,442.86402581740674,44.72777777777778,405.0,False,False
I-95 NB,GP,110P04157,2025-10-22,674.0,4,48.076190052873365,7600.0,96,1.0,48.076190052873365,True,3.094524096960892,22233.367037820877,2.925443031292221,347.6271357035074,533.2985815211609,35.422222222222224,510.0,False,False
I-95 NB,GP,110P04157,2025-10-23,674.0,4,48.076190052873365,7600.0,96,1.0,48.076190052873365,True,3.112536772864351,24194.255220634026,3.183454634293951,359.55700659350185,546.3092129653629,39.25222222222222,510.0,False,False
I-95 NB,GP,110P04157,2025-10-24,674.0,4,48.076190052873365,7600.0,96,1.0,48.076190052873365,True,1.7194011237487588,13215.9269598598,1.7389377578762895,358.2208496823524,461.38491710727794,42.66777777777778,405.0,False,False
I-95 NB,GP,110P04157,2025-10-27,674.0,4,48.076190052873365,7600.0,96,1.0,48.076190052873365,True,1.7120623785419278,13084.798196491322,1.7216839732225424,348.14751711624706,450.87125982876273,39.51888888888889,375.0,False,False
I-95 NB,GP,110P04157,2025-10-28,674.0,4,48.076190052873365,7600.0,96,1.0,48.076190052873365,True,2.382997047551683,16914.05043099334,2.225532951446492,365.51550827586266,508.49533112896364,41.70888888888888,390.0,False,False
I-95 NB,GP,110P04157,2025-10-29,674.0,4,48.076190052873365,7600.0,96,1.0,48.076190052873365,True,1.3770852068026775,11129.23997768669,1.4643736812745645,447.29254017188356,529.9176525800442,37.55888888888889,495.0,False,False
I-95 NB,GP,110P04157,2025-10-30,674.0,4,48.076190052873365,7600.0,96,1.0,48.076190052873365,True,3.4106049623079286,24137.87742022384,3.1760365026610313,331.6493298658361,536.2856276043118,37.33777777777778,405.0,False,False
I-95 NB,GP,110P04157,2025-10-31,674.0,4,48.076190052873365,7600.0,96,1.0,48.076190052873365,True,1.9615591189629205,14294.44562112787,1.8808481080431407,404.44691969945666,522.1404668372319,29.54444444444444,495.0,False,False
I-95 NB,GP,110+04158,2025-10-01,675.0,4,46.66162293710968,7600.0,96,1.0,46.66162293710968,True,4.439591387471742,30340.338762794774,3.9921498372098387,368.3738313089655,634.74931455727,18.433333333333334,555.0,False,False
I-95 NB,GP,110+04158,2025-10-02,675.0,4,46.66162293710968,7600.0,96,1.0,46.66162293710968,True,0.611344726240956,5635.051638010333,0.7414541628960964,521.3929376914382,558.0736212658956,43.194444444444436,540.0,False,False
I-95 NB,GP,110+04158,2025-10-03,675.0,4,46.66162293710968,7600.0,96,1.0,46.66162293710968,False,0.0,0.0,0.0,,,,,False,False
I-95 NB,GP,110+04158,2025-10-06,675.0,4,46.66162293710968,7600.0,96,1.0,46.66162293710968,True,0.7161956197066814,5588.963891153144,0.7353899856780453,468.9216690101946,511.8934061925955,41.78333333333334,495.0,False,False
I-95 NB,GP,110+04158,2025-10-07,675.0,4,46.66162293710968,7600.0,96,1.0,46.66162293710968,True,1.1645305875776992,8941.60374520061,1.1765268085790275,457.89518557035694,527.7670208250189,30.733333333333338,495.0,False,False
I-95 NB,GP,110+04158,2025-10-08,675.0,4,46.66162293710968,7600.0,96,1.0,46.66162293710968,True,2.0317692559601825,14342.404201042857,1.887158447505639,439.472934099781,561.379089457392,29.585555555555555,510.0,False,False
I-95 NB,GP,110+04158,2025-10-09,675.0,4,46.66162293710968,7600.0,96,1.0,46.66162293710968,True,0.9349054701822648,5489.761375938949,0.7223370231498617,481.119299764667,537.2136279756029,38.835555555555565,510.0,False,False
I-95 NB,GP,110+04158,2025-10-10,675.0,4,46.66162293710968,7600.0,96,1.0,46.66162293710968,True,2.5601505503813846,15638.484598329253,2.057695341885428,334.0399187844313,487.64895180731435,18.052222222222227,405.0,False,False
I-95 NB,GP,110+04158,2025-10-13,675.0,4,46.66162293710968,7600.0,96,1.0,46.66162293710968,False,0.0,0.0,0.0,,,,,False,False
I-95 NB,GP,110+04158,2025-10-14,675.0,4,46.66162293710968,7600.0,96,1.0,46.66162293710968,True,3.6050480765438673,25216.920489251843,3.3180158538489266,366.10243802442994,582.405322617062,25.257777777777786,510.0,False,False
I-95 NB,GP,110+04158,2025-10-15,675.0,4,46.66162293710968,7600.0,96,1.0,46.66162293710968,True,2.739017373707236,20145.48894652622,2.6507222298060817,372.25715636656605,536.5981987890002,32.71,480.0,False,False
I-95 NB,GP,110+04158,2025-10-16,675.0,4,46.66162293710968,7600.0,96,1.0,46.66162293710968,True,1.559141838780015,10132.398655204852,1.3332103493690595,465.4769898393503,559.0255001661512,22.461111111111112,510.0,False,False
I-95 NB,GP,110+04158,2025-10-17,675.0,4,46.66162293710968,7600.0,96,1.0,46.66162293710968,False,0.0,0.0,0.0,,,,,False,False
I-95 NB,GP,110+04158,2025-10-20,675.0,4,46.66162293710968,7600.0,96,1.0,46.66162293710968,False,0.0,0.0,0.0,,,,,False,False
I-95 NB,GP,110+04158,2025-10-21,675.0,4,46.66162293710968,7600.0,96,1.0,46.66162293710968,False,0.0,0.0,0.0,,,,,False,False
I-95 NB,GP,110+04158,2025-10-22,675.0,4,46.66162293710968,7600.0,96,1.0,46.66162293710968,True,0.935548192195921,7432.522019009951,0.977963423553941,471.81012194791026,527.9430134796655,39.18111111111111,510.0,False,False
I-95 NB,GP,110+04158,2025-10-23,675.0,4,46.66162293710968,7600.0,96,1.0,46.66162293710968,True,0.8631056118769143,7338.197192152161,0.9655522621252843,491.284349495452,543.0706862080668,38.32,510.0,False,False
I-95 NB,GP,110+04158,2025-10-24,675.0,4,46.66162293710968,7600.0,96,1.0,46.66162293710968,False,0.0,0.0,0.0,,,,,False,False
I-95 NB,GP,110+04158,2025-10-27,675.0,4,46.66162293710968,7600.0,96,1.0,46.66162293710968,True,0.7916869071082961,5693.894136106315,0.7491965968560941,366.9059704868726,414.4071849133704,45.24666666666666,375.0,False,False
I-95 NB,GP,110+04158,2025-10-28,675.0,4,46.66162293710968,7600.0,96,1.0,46.66162293710968,True,0.8448613055905061,5613.178272843156,0.7385760885319942,456.109924119782,506.8016024552124,41.801111111111105,495.0,False,False
I-95 NB,GP,110+04158,2025-10-29,675.0,4,46.66162293710968,7600.0,96,1.0,46.66162293710968,True,1.0823353720742241,9239.210408733095,1.2156855800964599,462.67997019641393,527.6200925208674,37.33111111111111,495.0,False,False
I-95 NB,GP,110+04158,2025-10-30,675.0,4,46.66162293710968,7600.0,96,1.0,46.66162293710968,True,3.1246758848254625,24447.586618854817,3.216787713007213,338.24554601036374,525.7260990998915,39.623333333333335,405.0,False,False
I-95 NB,GP,110+04158,2025-10-31,675.0,4,46.66162293710968,7600.0,96,1.0,46.66162293710968,True,1.634128875525054,10913.50505897237,1.4359875077595223,421.5354134752048,519.583146006708,33.72222222222222,495.0,False,False
I-95 NB,GP,110P04159,2025-10-01,676.001,4,47.517575695736,7600.0,96,1.0,47.517575695736,True,2.3880410431139922,14249.218475504751,1.8748971678295725,446.97914717199444,590.261609758834,8.831111111111111,525.0,False,False
I-95 NB,GP,110P04159,2025-10-02,676.001,4,47.517575695736,7600.0,96,1.0,47.517575695736,True,1.6770303452834487,7212.008455154947,0.9489484809414405,482.7543381623874,583.3761588793943,8.32111111111111,525.0,False,False
I-95 NB,GP,110P04159,2025-10-03,676.001,4,47.517575695736,7600.0,96,1.0,47.517575695736,False,0.0,0.0,0.0,,,,,False,False
I-95 NB,GP,110P04159,2025-10-06,676.001,4,47.517575695736,7600.0,96,1.0,47.517575695736,False,0.0,0.0,0.0,,,,,False,False
I-95 NB,GP,110P04159,2025-10-07,676.001,4,47.517575695736,7600.0,96,1.0,47.517575695736,False,0.0,0.0,0.0,,,,,False,False
I-95 NB,GP,110P04159,2025-10-08,676.001,4,47.517575695736,7600.0,96,1.0,47.517575695736,True,1.1522138208316894,7910.584232041312,1.0408663463212253,488.0871141995099,557.2199434494113,19.063333333333333,525.0,False,False
I-95 NB,GP,110P04159,2025-10-09,676.001,4,47.517575695736,7600.0,96,1.0,47.517575695736,True,1.5788641611347116,11691.307551590551,1.5383299409987568,461.415285878631,556.1471355467137,20.412222222222226,510.0,False,False
I-95 NB,GP,110P04159,2025-10-10,676.001,4,47.517575695736,7600.0,96,1.0,47.517575695736,False,0.0,0.0,0.0,,,,,False,False
I-95 NB,GP,110P04159,2025-10-13,676.001,4,47.517575695736,7600.0,96,1.0,47.517575695736,False,0.0,0.0,0.0,,,,,False,False
I-95 NB,GP,110P04159,2025-10-14,676.001,4,47.517575695736,7600.0,96,1.0,47.517575695736,True,0.9297224159687365,6708.839633842663,0.8827420570845609,504.55771358566165,560.3410585437858,30.38,540.0,False,False
I-95 NB,GP,110P04159,2025-10-15,676.001,4,47.517575695736,7600.0,96,1.0,47.517575695736,True,1.326548427476833,9293.35364190887,1.2228096897248515,475.5659404071014,555.1588460557114,17.748888888888885,510.0,False,False
I-95 NB,GP,110P04159,2025-10-16,676.001,4,47.517575695736,7600.0,96,1.0,47.517575695736,True,1.7064327962059962,9522.008702784224,1.2528958819452927,471.07413359703185,573.4601013693916,11.124444444444444,510.0,False,False
I-95 NB,GP,110P04159,2025-10-17,676.001,4,47.517575695736,7600.0,96,1.0,47.517575695736,False,0.0,0.0,0.0,,,,,False,False
I-95 NB,GP,110P04159,2025-10-20,676.001,4,47.517575695736,7600.0,87,1.0,47.517575695736,False,0.0,0.0,0.0,,,,,False,False
I-95 NB,GP,110P04159,2025-10-21,676.001,4,47.517575695736,7600.0,96,1.0,47.517575695736,False,0.0,0.0,0.0,,,,,False,False
I-95 NB,GP,110P04159,2025-10-22,676.001,4,47.517575695736,7600.0,96,1.0,47.517575695736,False,0.0,0.0,0.0,,,,,False,False
I-95 NB,GP,110P04159,2025-10-23,676.001,4,47.517575695736,7600.0,96,1.0,47.517575695736,True,0.5226884097350099,3563.038951271089,0.4688209146409328,501.155508387631,532.5168129717316,42.19777777777778,510.0,False,False
I-95 NB,GP,110P04159,2025-10-24,676.001,4,47.517575695736,7600.0,96,1.0,47.517575695736,False,0.0,0.0,0.0,,,,,False,False
I-95 NB,GP,110P04159,2025-10-27,676.001,4,47.517575695736,7600.0,96,1.0,47.517575695736,False,0.0,0.0,0.0,,,,,False,False
I-95 NB,GP,110P04159,2025-10-28,676.001,4,47.517575695736,7600.0,96,1.0,47.517575695736,True,1.676494477253606,12211.857206037686,1.606823316583906,446.38522292610816,546.9748915613245,33.87777777777777,525.0,False,False
I-95 NB,GP,110P04159,2025-10-29,676.001,4,47.517575695736,7600.0,96,1.0,47.517575695736,False,0.0,0.0,0.0,,,,,False,False
I-95 NB,GP,110P04159,2025-10-30,676.001,4,47.517575695736,7600.0,96,1.0,47.517575695736,False,0.0,0.0,0.0,,,,,False,False
I-95 NB,GP,110P04159,2025-10-31,676.001,4,47.517575695736,7600.0,96,1.0,47.517575695736,False,0.0,0.0,0.0,,,,,False,False
I-95 NB,GP,110P04146,2025-10-01,652.0,3,50.904617177619556,6000.0,96,1.05,53.44984803650053,False,0.0,0.0,0.0,,,,,False,False
I-95 NB,GP,110P04146,2025-10-02,652.0,3,50.904617177619556,6000.0,96,1.05,53.44984803650053,False,0.0,0.0,0.0,,,,,False,False
I-95 NB,GP,110P04146,2025-10-03,652.0,3,50.904617177619556,6000.0,96,1.05,53.44984803650053,False,0.0,0.0,0.0,,,,,False,False
I-95 NB,GP,110P04146,2025-10-06,652.0,3,50.904617177619556,6000.0,96,1.05,53.44984803650053,False,0.0,0.0,0.0,,,,,False,False
I-95 NB,GP,110P04146,2025-10-07,652.0,3,50.904617177619556,6000.0,96,1.05,53.44984803650053,False,0.0,0.0,0.0,,,,,False,False
I-95 NB,GP,110P04146,2025-10-08,652.0,3,50.904617177619556,6000.0,96,1.05,53.44984803650053,False,0.0,0.0,0.0,,,,,False,False
I-95 NB,GP,110P04146,2025-10-09,652.0,3,50.904617177619556,6000.0,96,1.05,53.44984803650053,False,0.0,0.0,0.0,,,,,False,False
I-95 NB,GP,110P04146,2025-10-10,652.0,3,50.904617177619556,6000.0,96,1.05,53.44984803650053,False,0.0,0.0,0.0,,,,,False,False
I-95 NB,GP,110P04146,2025-10-13,652.0,3,50.904617177619556,6000.0,96,1.05,53.44984803650053,False,0.0,0.0,0.0,,,,,False,False
I-95 NB,GP,110P04146,2025-10-14,652.0,3,50.904617177619556,6000.0,96,1.05,53.44984803650053,False,0.0,0.0,0.0,,,,,False,False
I-95 NB,GP,110P04146,2025-10-15,652.0,3,50.904617177619556,6000.0,96,1.05,53.44984803650053,False,0.0,0.0,0.0,,,,,False,False
I-95 NB,GP,110P04146,2025-10-16,652.0,3,50.904617177619556,6000.0,96,1.05,53.44984803650053,False,0.0,0.0,0.0,,,,,False,False
I-95 NB,GP,110P04146,2025-10-17,652.0,3,50.904617177619556,6000.0,96,1.05,53.44984803650053,False,0.0,0.0,0.0,,,,,False,False
I-95 NB,GP,110P04146,2025-10-20,652.0,3,50.904617177619556,6000.0,96,1.05,53.44984803650053,False,0.0,0.0,0.0,,,,,False,False
I-95 NB,GP,110P04146,2025-10-21,652.0,3,50.904617177619556,6000.0,96,1.05,53.44984803650053,False,0.0,0.0,0.0,,,,,False,False
I-95 NB,GP,110P04146,2025-10-22,652.0,3,50.904617177619556,6000.0,96,1.05,53.44984803650053,False,0.0,0.0,0.0,,,,,False,False
I-95 NB,GP,110P04146,2025-10-23,652.0,3,50.904617177619556,6000.0,96,1.05,53.44984803650053,False,0.0,0.0,0.0,,,,,False,False
I-95 NB,GP,110P04146,2025-10-24,652.0,3,50.904617177619556,6000.0,96,1.05,53.44984803650053,False,0.0,0.0,0.0,,,,,False,False
I-95 NB,GP,110P04146,2025-10-27,652.0,3,50.904617177619556,6000.0,96,1.05,53.44984803650053,False,0.0,0.0,0.0,,,,,False,False
I-95 NB,GP,110P04146,2025-10-28,652.0,3,50.904617177619556,6000.0,96,1.05,53.44984803650053,False,0.0,0.0,0.0,,,,,False,False
I-95 NB,GP,110P04146,2025-10-29,652.0,3,50.904617177619556,6000.0,96,1.05,53.44984803650053,False,0.0,0.0,0.0,,,,,False,False
I-95 NB,GP,110P04146,2025-10-30,652.0,3,50.904617177619556,6000.0,96,1.05,53.44984803650053,True,2.4356318871014935,9533.745645326298,1.588957607554383,376.2363660864022,522.3742793124918,9.64111111111111,420.0,False,False
I-95 NB,GP,110P04146,2025-10-31,652.0,3,50.904617177619556,6000.0,96,1.05,53.44984803650053,False,0.0,0.0,0.0,,,,,False,False
I-95 NB,GP,110+04147,2025-10-01,653.0,3,50.91168824543143,6000.0,96,1.05,53.457272657703,False,0.0,0.0,0.0,,,,,False,False
I-95 NB,GP,110+04147,2025-10-02,653.0,3,50.91168824543143,6000.0,96,1.05,53.457272657703,False,0.0,0.0,0.0,,,,,False,False
I-95 NB,GP,110+04147,2025-10-03,653.0,3,50.91168824543143,6000.0,96,1.05,53.457272657703,False,0.0,0.0,0.0,,,,,False,False
I-95 NB,GP,110+04147,2025-10-06,653.0,3,50.91168824543143,6000.0,96,1.05,53.457272657703,False,0.0,0.0,0.0,,,,,False,False
I-95 NB,GP,110+04147,2025-10-07,653.0,3,50.91168824543143,6000.0,96,1.05,53.457272657703,False,0.0,0.0,0.0,,,,,False,False
I-95 NB,GP,110+04147,2025-10-08,653.0,3,50.91168824543143,6000.0,96,1.05,53.457272657703,False,0.0,0.0,0.0,,,,,False,False
I-95 NB,GP,110+04147,2025-10-09,653.0,3,50.91168824543143,6000.0,96,1.05,53.457272657703,False,0.0,0.0,0.0,,,,,False,False
I-95 NB,GP,110+04147,2025-10-10,653.0,3,50.91168824543143,6000.0,96,1.05,53.457272657703,False,0.0,0.0,0.0,,,,,False,False
I-95 NB,GP,110+04147,2025-10-13,653.0,3,50.91168824543143,6000.0,96,1.05,53.457272657703,False,0.0,0.0,0.0,,,,,False,False
I-95 NB,GP,110+04147,2025-10-14,653.0,3,50.91168824543143,6000.0,96,1.05,53.457272657703,False,0.0,0.0,0.0,,,,,False,False
I-95 NB,GP,110+04147,2025-10-15,653.0,3,50.91168824543143,6000.0,96,1.05,53.457272657703,False,0.0,0.0,0.0,,,,,False,False
I-95 NB,GP,110+04147,2025-10-16,653.0,3,50.91168824543143,6000.0,96,1.05,53.457272657703,False,0.0,0.0,0.0,,,,,False,False
I-95 NB,GP,110+04147,2025-10-17,653.0,3,50.91168824543143,6000.0,96,1.05,53.457272657703,False,0.0,0.0,0.0,,,,,False,False
I-95 NB,GP,110+04147,2025-10-20,653.0,3,50.91168824543143,6000.0,96,1.05,53.457272657703,False,0.0,0.0,0.0,,,,,False,False
I-95 NB,GP,110+04147,2025-10-21,653.0,3,50.91168824543143,6000.0,96,1.05,53.457272657703,False,0.0,0.0,0.0,,,,,False,False
I-95 NB,GP,110+04147,2025-10-22,653.0,3,50.91168824543143,6000.0,96,1.05,53.457272657703,False,0.0,0.0,0.0,,,,,False,False
I-95 NB,GP,110+04147,2025-10-23,653.0,3,50.91168824543143,6000.0,96,1.05,53.457272657703,False,0.0,0.0,0.0,,,,,False,False
I-95 NB,GP,110+04147,2025-10-24,653.0,3,50.91168824543143,6000.0,96,1.05,53.457272657703,False,0.0,0.0,0.0,,,,,False,False
I-95 NB,GP,110+04147,2025-10-27,653.0,3,50.91168824543143,6000.0,96,1.05,53.457272657703,False,0.0,0.0,0.0,,,,,False,False
I-95 NB,GP,110+04147,2025-10-28,653.0,3,50.91168824543143,6000.0,96,1.05,53.457272657703,False,0.0,0.0,0.0,,,,,False,False
I-95 NB,GP,110+04147,2025-10-29,653.0,3,50.91168824543143,6000.0,96,1.05,53.457272657703,False,0.0,0.0,0.0,,,,,False,False
I-95 NB,GP,110+04147,2025-10-30,653.0,3,50.91168824543143,6000.0,96,1.05,53.457272657703,True,2.633712416029537,11892.319420763653,1.9820532367939423,367.58733932424525,525.6100842860175,8.363333333333328,420.0,False,False
I-95 NB,GP,110+04147,2025-10-31,653.0,3,50.91168824543143,6000.0,96,1.05,53.457272657703,False,0.0,0.0,0.0,,,,,False,False
I-95 NB,GP,110P04147,2025-10-01,654.0,3,51.18038882228231,6000.0,96,1.05,53.73940826339643,False,0.0,0.0,0.0,,,,,False,False
I-95 NB,GP,110P04147,2025-10-02,654.0,3,51.18038882228231,6000.0,96,1.05,53.73940826339643,False,0.0,0.0,0.0,,,,,False,False
I-95 NB,GP,110P04147,2025-10-03,654.0,3,51.18038882228231,6000.0,96,1.05,53.73940826339643,False,0.0,0.0,0.0,,,,,False,False
I-95 NB,GP,110P04147,2025-10-06,654.0,3,51.18038882228231,6000.0,96,1.05,53.73940826339643,False,0.0,0.0,0.0,,,,,False,False
I-95 NB,GP,110P04147,2025-10-07,654.0,3,51.18038882228231,6000.0,96,1.05,53.73940826339643,False,0.0,0.0,0.0,,,,,False,False
I-95 NB,GP,110P04147,2025-10-08,654.0,3,51.18038882228231,6000.0,96,1.05,53.73940826339643,False,0.0,0.0,0.0,,,,,False,False
I-95 NB,GP,110P04147,2025-10-09,654.0,3,51.18038882228231,6000.0,96,1.05,53.73940826339643,False,0.0,0.0,0.0,,,,,False,False
I-95 NB,GP,110P04147,2025-10-10,654.0,3,51.18038882228231,6000.0,96,1.05,53.73940826339643,False,0.0,0.0,0.0,,,,,False,False
I-95 NB,GP,110P04147,2025-10-13,654.0,3,51.18038882228231,6000.0,96,1.05,53.73940826339643,False,0.0,0.0,0.0,,,,,False,False
I-95 NB,GP,110P04147,2025-10-14,654.0,3,51.18038882228231,6000.0,96,1.05,53.73940826339643,False,0.0,0.0,0.0,,,,,False,False
I-95 NB,GP,110P04147,2025-10-15,654.0,3,51.18038882228231,6000.0,96,1.05,53.73940826339643,False,0.0,0.0,0.0,,,,,False,False
I-95 NB,GP,110P04147,2025-10-16,654.0,3,51.18038882228231,6000.0,96,1.05,53.73940826339643,False,0.0,0.0,0.0,,,,,False,False
I-95 NB,GP,110P04147,2025-10-17,654.0,3,51.18038882228231,6000.0,96,1.05,53.73940826339643,False,0.0,0.0,0.0,,,,,False,False
I-95 NB,GP,110P04147,2025-10-20,654.0,3,51.18038882228231,6000.0,96,1.05,53.73940826339643,False,0.0,0.0,0.0,,,,,False,False
I-95 NB,GP,110P04147,2025-10-21,654.0,3,51.18038882228231,6000.0,96,1.05,53.73940826339643,False,0.0,0.0,0.0,,,,,False,False
I-95 NB,GP,110P04147,2025-10-22,654.0,3,51.18038882228231,6000.0,96,1.05,53.73940826339643,False,0.0,0.0,0.0,,,,,False,False
I-95 NB,GP,110P04147,2025-10-23,654.0,3,51.18038882228231,6000.0,96,1.05,53.73940826339643,False,0.0,0.0,0.0,,,,,False,False
I-95 NB,GP,110P04147,2025-10-24,654.0,3,51.18038882228231,6000.0,96,1.05,53.73940826339643,False,0.0,0.0,0.0,,,,,False,False
I-95 NB,GP,110P04147,2025-10-27,654.0,3,51.18038882228231,6000.0,96,1.05,53.73940826339643,False,0.0,0.0,0.0,,,,,False,False
I-95 NB,GP,110P04147,2025-10-28,654.0,3,51.18038882228231,6000.0,96,1.05,53.73940826339643,False,0.0,0.0,0.0,,,,,False,False
I-95 NB,GP,110P04147,2025-10-29,654.0,3,51.18038882228231,6000.0,96,1.05,53.73940826339643,False,0.0,0.0,0.0,,,,,False,False
I-95 NB,GP,110P04147,2025-10-30,654.0,3,51.18038882228231,6000.0,96,1.05,53.73940826339643,True,2.7839701464031283,11154.208670324151,1.8590347783873584,363.0748363328095,530.1130451169972,7.834444444444446,405.0,False,False
I-95 NB,GP,110P04147,2025-10-31,654.0,3,51.18038882228231,6000.0,96,1.05,53.73940826339643,False,0.0,0.0,0.0,,,,,False,False
I-95 NB,GP,110+04148,2025-10-01,655.0,3,50.621774465144945,6000.0,96,1.05,53.15286318840219,False,0.0,0.0,0.0,,,,,False,False
I-95 NB,GP,110+04148,2025-10-02,655.0,3,50.621774465144945,6000.0,96,1.05,53.15286318840219,False,0.0,0.0,0.0,,,,,False,False
I-95 NB,GP,110+04148,2025-10-03,655.0,3,50.621774465144945,6000.0,96,1.05,53.15286318840219,False,0.0,0.0,0.0,,,,,False,False
I-95 NB,GP,110+04148,2025-10-06,655.0,3,50.621774465144945,6000.0,96,1.05,53.15286318840219,False,0.0,0.0,0.0,,,,,False,False
I-95 NB,GP,110+04148,2025-10-07,655.0,3,50.621774465144945,6000.0,96,1.05,53.15286318840219,True,0.9880486952886988,5610.512293962041,0.9350853823270069,491.5506501499845,550.8335718673064,34.44555555555556,525.0,False,False
I-95 NB,GP,110+04148,2025-10-08,655.0,3,50.621774465144945,6000.0,96,1.05,53.15286318840219,False,0.0,0.0,0.0,,,,,False,False
I-95 NB,GP,110+04148,2025-10-09,655.0,3,50.621774465144945,6000.0,96,1.05,53.15286318840219,False,0.0,0.0,0.0,,,,,False,False
I-95 NB,GP,110+04148,2025-10-10,655.0,3,50.621774465144945,6000.0,96,1.05,53.15286318840219,False,0.0,0.0,0.0,,,,,False,False
I-95 NB,GP,110+04148,2025-10-13,655.0,3,50.621774465144945,6000.0,96,1.05,53.15286318840219,False,0.0,0.0,0.0,,,,,False,False
I-95 NB,GP,110+04148,2025-10-14,655.0,3,50.621774465144945,6000.0,96,1.05,53.15286318840219,False,0.0,0.0,0.0,,,,,False,False
I-95 NB,GP,110+04148,2025-10-15,655.0,3,50.621774465144945,6000.0,96,1.05,53.15286318840219,False,0.0,0.0,0.0,,,,,False,False
I-95 NB,GP,110+04148,2025-10-16,655.0,3,50.621774465144945,6000.0,96,1.05,53.15286318840219,False,0.0,0.0,0.0,,,,,False,False
I-95 NB,GP,110+04148,2025-10-17,655.0,3,50.621774465144945,6000.0,96,1.05,53.15286318840219,False,0.0,0.0,0.0,,,,,False,False
I-95 NB,GP,110+04148,2025-10-20,655.0,3,50.621774465144945,6000.0,96,1.05,53.15286318840219,False,0.0,0.0,0.0,,,,,False,False
I-95 NB,GP,110+04148,2025-10-21,655.0,3,50.621774465144945,6000.0,96,1.05,53.15286318840219,False,0.0,0.0,0.0,,,,,False,False
I-95 NB,GP,110+04148,2025-10-22,655.0,3,50.621774465144945,6000.0,96,1.05,53.15286318840219,False,0.0,0.0,0.0,,,,,False,False
I-95 NB,GP,110+04148,2025-10-23,655.0,3,50.621774465144945,6000.0,96,1.05,53.15286318840219,False,0.0,0.0,0.0,,,,,False,False
I-95 NB,GP,110+04148,2025-10-24,655.0,3,50.621774465144945,6000.0,96,1.05,53.15286318840219,False,0.0,0.0,0.0,,,,,False,False
I-95 NB,GP,110+04148,2025-10-27,655.0,3,50.621774465144945,6000.0,96,1.05,53.15286318840219,False,0.0,0.0,0.0,,,,,False,False
I-95 NB,GP,110+04148,2025-10-28,655.0,3,50.621774465144945,6000.0,96,1.05,53.15286318840219,False,0.0,0.0,0.0,,,,,False,False
I-95 NB,GP,110+04148,2025-10-29,655.0,3,50.621774465144945,6000.0,96,1.05,53.15286318840219,False,0.0,0.0,0.0,,,,,False,False
I-95 NB,GP,110+04148,2025-10-30,655.0,3,50.621774465144945,6000.0,96,1.05,53.15286318840219,True,2.7470287515483647,13022.400971595449,2.170400161932575,361.70663085897064,526.5283559518725,10.311111111111112,420.0,False,False
I-95 NB,GP,110+04148,2025-10-31,655.0,3,50.621774465144945,6000.0,96,1.05,53.15286318840219,False,0.0,0.0,0.0,,,,,False,False
I-95 NB,GP,110+04150,2025-10-01,659.0,2,50.063160108007565,4000.0,96,1.05,52.566318113407945,True,1.8243332948627815,6100.7188912707,1.5251797228176749,331.36246333384315,440.82246102561004,23.51222222222222,390.0,False,False
I-95 NB,GP,110+04150,2025-10-02,659.0,2,50.063160108007565,4000.0,96,1.05,52.566318113407945,False,0.0,0.0,0.0,,,,,False,False
I-95 NB,GP,110+04150,2025-10-03,659.0,2,50.063160108007565,4000.0,96,1.05,52.566318113407945,True,0.7795827239001994,2485.04292144897,0.6212607303622425,437.64279810222286,484.4177615362348,36.98222222222222,465.0,False,False
I-95 NB,GP,110+04150,2025-10-06,659.0,2,50.063160108007565,4000.0,96,1.05,52.566318113407945,False,0.0,0.0,0.0,,,,,False,False
I-95 NB,GP,110+04150,2025-10-07,659.0,2,50.063160108007565,4000.0,96,1.05,52.566318113407945,True,2.2370187425506582,6053.772244752141,1.5134430611880352,399.4964957964881,533.7176203495276,11.072222222222221,450.0,False,False
I-95 NB,GP,110+04150,2025-10-08,659.0,2,50.063160108007565,4000.0,96,1.05,52.566318113407945,True,0.6023646136785222,2955.9527665960973,0.7389881916490243,326.49233472956263,362.63421155027396,45.67333333333334,345.0,False,False
I-95 NB,GP,110+04150,2025-10-09,659.0,2,50.063160108007565,4000.0,96,1.05,52.566318113407945,False,0.0,0.0,0.0,,,,,False,False
I-95 NB,GP,110+04150,2025-10-10,659.0,2,50.063160108007565,4000.0,96,1.05,52.566318113407945,False,0.0,0.0,0.0,,,,,False,False
I-95 NB,GP,110+04150,2025-10-13,659.0,2,50.063160108007565,4000.0,96,1.05,52.566318113407945,False,0.0,0.0,0.0,,,,,False,False
I-95 NB,GP,110+04150,2025-10-14,659.0,2,50.063160108007565,4000.0,96,1.05,52.566318113407945,True,0.5118772954203792,2954.4388688907175,0.7386097172226793,359.5788351358942,390.291472861117,50.31111111111111,375.0,False,False
I-95 NB,GP,110+04150,2025-10-15,659.0,2,50.063160108007565,4000.0,96,1.05,52.566318113407945,False,0.0,0.0,0.0,,,,,False,False
I-95 NB,GP,110+04150,2025-10-16,659.0,2,50.063160108007565,4000.0,96,1.05,52.566318113407945,True,0.5715234419996856,2818.8465518576118,0.704711637964403,314.009933518527,348.30134003850816,47.06111111111111,330.0,False,False
I-95 NB,GP,110+04150,2025-10-17,659.0,2,50.063160108007565,4000.0,96,1.05,52.566318113407945,False,0.0,0.0,0.0,,,,,False,False
I-95 NB,GP,110+04150,2025-10-20,659.0,2,50.063160108007565,4000.0,96,1.05,52.566318113407945,False,0.0,0.0,0.0,,,,,False,False
I-95 NB,GP,110+04150,2025-10-21,659.0,2,50.063160108007565,4000.0,96,1.05,52.566318113407945,True,1.7184678393896766,5088.994652625811,1.2722486631564527,332.71413749494525,435.82220785832584,11.5,390.0,False,False
I-95 NB,GP,110+04150,2025-10-22,659.0,2,50.063160108007565,4000.0,96,1.05,52.566318113407945,False,0.0,0.0,0.0,,,,,False,False
I-95 NB,GP,110+04150,2025-10-23,659.0,2,50.063160108007565,4000.0,96,1.05,52.566318113407945,False,0.0,0.0,0.0,,,,,False,False
I-95 NB,GP,110+04150,2025-10-24,659.0,2,50.063160108007565,4000.0,96,1.05,52.566318113407945,True,1.5010431444614956,4223.466169908046,1.0558665424770115,530.9875643263488,621.0501529940385,11.662222222222221,570.0,False,False
I-95 NB,GP,110+04150,2025-10-27,659.0,2,50.063160108007565,4000.0,96,1.05,52.566318113407945,False,0.0,0.0,0.0,,,,,False,False
I-95 NB,GP,110+04150,2025-10-28,659.0,2,50.063160108007565,4000.0,96,1.05,52.566318113407945,True,0.9017432547298616,2680.686507685012,0.6701716269212531,422.8009713369529,476.9055666207446,35.26111111111111,450.0,False,False
I-95 NB,GP,110+04150,2025-10-29,659.0,2,50.063160108007565,4000.0,96,1.05,52.566318113407945,True,0.8641344468780773,2570.787267827464,0.642696816956866,425.6250641168295,477.4731309295141,32.07222222222222,450.0,False,False
I-95 NB,GP,110+04150,2025-10-30,659.0,2,50.063160108007565,4000.0,96,1.05,52.566318113407945,True,1.882839520847018,5423.0927697142,1.3557731924285499,465.76389830857573,578.7342695593968,16.2,525.0,False,False
I-95 NB,GP,110+04150,2025-10-31,659.0,2,50.063160108007565,4000.0,96,1.05,52.566318113407945,False,0.0,0.0,0.0,,,,,False,False
I-95 NB,GP,110P04150,2025-10-01,660.0,3,50.204227910854286,5700.0,96,1.05,52.714439306397004,True,2.443503533316481,10540.567746470508,1.8492224116614926,313.25233521058004,459.8625472095689,14.229999999999999,405.0,False,False
I-95 NB,GP,110P04150,2025-10-02,660.0,3,50.204227910854286,5700.0,96,1.05,52.714439306397004,True,0.9896245439545889,5642.735171410736,0.9899535388439888,376.35149734429285,435.7289699815682,48.70444444444445,420.0,False,False
I-95 NB,GP,110P04150,2025-10-03,660.0,3,50.204227910854286,5700.0,96,1.05,52.714439306397004,True,2.4669405783755867,11646.338949994755,2.0432173596482026,338.1856516497088,486.202086352244,18.506666666666668,450.0,False,False
I-95 NB,GP,110P04150,2025-10-06,660.0,3,50.204227910854286,5700.0,96,1.05,52.714439306397004,True,1.2767007373859844,5842.723956972735,1.0250392906969712,387.7635160837917,464.3655603269508,20.884444444444444,420.0,False,False
I-95 NB,GP,110P04150,2025-10-07,660.0,3,50.204227910854286,5700.0,96,1.05,52.714439306397004,True,0.8319212079159021,3911.823077825995,0.6862847504957886,379.10017566754163,429.01544814249576,40.06777777777778,405.0,False,False
I-95 NB,GP,110P04150,2025-10-08,660.0,3,50.204227910854286,5700.0,96,1.05,52.714439306397004,True,2.310150460611341,11156.89643854064,1.9573502523755508,310.1202552791458,448.7292829158263,20.52333333333333,345.0,False,False
I-95 NB,GP,110P04150,2025-10-09,660.0,3,50.204227910854286,5700.0,96,1.05,52.714439306397004,True,2.0630781766351864,10852.54590184693,1.9039554213766543,320.3479959417396,444.1326865398508,34.633333333333326,345.0,False,False
I-95 NB,GP,110P04150,2025-10-10,660.0,3,50.204227910854286,5700.0,96,1.05,52.714439306397004,False,0.0,0.0,0.0,,,,,False,False
I-95 NB,GP,110P04150,2025-10-13,660.0,3,50.204227910854286,5700.0,96,1.05,52.714439306397004,False,0.0,0.0,0.0,,,,,False,False
I-95 NB,GP,110P04150,2025-10-14,660.0,3,50.204227910854286,5700.0,96,1.05,52.714439306397004,True,2.3568053139534317,10821.85469762716,1.8985709995837121,315.7023153164413,457.1106341536472,19.806666666666665,375.0,False,False
I-95 NB,GP,110P04150,2025-10-15,660.0,3,50.204227910854286,5700.0,96,1.05,52.714439306397004,True,1.1548671396286845,6576.3133748388755,1.1537391885682238,358.9846371849569,428.276665562678,34.408888888888896,390.0,False,False
I-95 NB,GP,110P04150,2025-10-16,660.0,3,50.204227910854286,5700.0,96,1.05,52.714439306397004,True,1.0538948237375148,6207.860643068728,1.0890983584331102,479.5060883506602,542.7397777749111,27.627777777777776,510.0,False,False
I-95 NB,GP,110P04150,2025-10-17,660.0,3,50.204227910854286,5700.0,96,1.05,52.714439306397004,False,0.0,0.0,0.0,,,,,False,False
I-95 NB,GP,110P04150,2025-10-20,660.0,3,50.204227910854286,5700.0,96,1.05,52.714439306397004,False,0.0,0.0,0.0,,,,,False,False
I-95 NB,GP,110P04150,2025-10-21,660.0,3,50.204227910854286,5700.0,96,1.05,52.714439306397004,True,2.0068754671546043,7784.374483562675,1.365679733958364,321.5037053216232,441.91623335089946,9.96111111111111,390.0,False,False
I-95 NB,GP,110P04150,2025-10-22,660.0,3,50.204227910854286,5700.0,96,1.05,52.714439306397004,True,2.43929770121721,13175.275530803814,2.311451847509441,310.7366088367576,457.09447090979023,31.70888888888889,390.0,False,False
I-95 NB,GP,110P04150,2025-10-23,660.0,3,50.204227910854286,5700.0,96,1.05,52.714439306397004,True,1.0944920322394514,5646.015655144483,0.9905290623060498,349.86928700286467,415.53880893723175,46.07555555555555,375.0,False,False
I-95 NB,GP,110P04150,2025-10-24,660.0,3,50.204227910854286,5700.0,96,1.05,52.714439306397004,True,1.8846169735982812,6743.054666706703,1.1829920467906496,512.2401757729103,625.3171941888072,10.202222222222224,570.0,False,False
I-95 NB,GP,110P04150,2025-10-27,660.0,3,50.204227910854286,5700.0,96,1.05,52.714439306397004,False,0.0,0.0,0.0,,,,,False,False
I-95 NB,GP,110P04150,2025-10-28,660.0,3,50.204227910854286,5700.0,96,1.05,52.714439306397004,True,2.6587792147558673,13119.03565608144,2.3015852028213053,372.03470985118156,531.5614627365336,14.658888888888889,450.0,False,False
I-95 NB,GP,110P04150,2025-10-29,660.0,3,50.204227910854286,5700.0,96,1.05,52.714439306397004,True,2.2070833033778117,10850.73290791474,1.903637352265744,372.4260526044479,504.85105080711656,13.604444444444445,450.0,False,False
I-95 NB,GP,110P04150,2025-10-30,660.0,3,50.204227910854286,5700.0,96,1.05,52.714439306397004,True,2.22288140456863,9700.08912664103,1.7017700222177248,455.4985361316422,588.87142040576,13.933333333333337,510.0,False,False
I-95 NB,GP,110P04150,2025-10-31,660.0,3,50.204227910854286,5700.0,96,1.05,52.714439306397004,False,0.0,0.0,0.0,,,,,False,False
I-95 NB,GP,110+04151,2025-10-01,661.0,3,49.490403615246464,5700.0,96,1.05,51.96492379600879,True,2.7316202385840977,12085.911386261741,2.1203353309231123,306.50251186211915,470.399726177165,16.517777777777784,375.0,False,False
I-95 NB,GP,110+04151,2025-10-02,661.0,3,49.490403615246464,5700.0,96,1.05,51.96492379600879,True,3.8907680481814584,19639.385010608054,3.445506142211939,319.38195587082635,552.8280387617139,22.89,405.0,False,False
I-95 NB,GP,110+04151,2025-10-03,661.0,3,49.490403615246464,5700.0,96,1.05,51.96492379600879,True,3.531215383740575,15120.815780104062,2.6527746982638702,322.3983041920478,534.2712272164823,13.418888888888889,375.0,False,False
I-95 NB,GP,110+04151,2025-10-06,661.0,3,49.490403615246464,5700.0,96,1.05,51.96492379600879,True,2.6282342782048613,12046.105082756398,2.1133517689046313,319.44361797623003,477.1376746685217,16.75111111111111,435.0,False,False
I-95 NB,GP,110+04151,2025-10-07,661.0,3,49.490403615246464,5700.0,96,1.05,51.96492379600879,True,1.8770731750302057,9960.272169575357,1.7474161701009399,310.59925773290905,423.2236482347214,26.517777777777777,390.0,False,False
I-95 NB,GP,110+04151,2025-10-08,661.0,3,49.490403615246464,5700.0,96,1.05,51.96492379600879,True,2.581752237489558,11346.25494763648,1.9905710434449966,305.6381938753009,460.54332812467436,18.605555555555558,345.0,False,False
I-95 NB,GP,110+04151,2025-10-09,661.0,3,49.490403615246464,5700.0,96,1.05,51.96492379600879,True,2.5353865789676653,11658.773229739696,2.0453988122350344,309.7005265317125,461.8237212697724,21.47111111111111,345.0,False,False
I-95 NB,GP,110+04151,2025-10-10,661.0,3,49.490403615246464,5700.0,96,1.05,51.96492379600879,True,0.8755453909658816,5493.758634916407,0.9638173043712994,549.7172283397505,602.2499517977034,40.71666666666667,585.0,False,False
I-95 NB,GP,110+04151,2025-10-13,661.0,3,49.490403615246464,5700.0,96,1.05,51.96492379600879,False,0.0,0.0,0.0,,,,,False,False
I-95 NB,GP,110+04151,2025-10-14,661.0,3,49.490403615246464,5700.0,96,1.05,51.96492379600879,True,2.775419255522623,12123.312614494333,2.1268969499112864,305.44413546546843,471.9692907968258,16.883333333333336,375.0,False,False
I-95 NB,GP,110+04151,2025-10-15,661.0,3,49.490403615246464,5700.0,96,1.05,51.96492379600879,True,2.2373466786879486,10834.500610552119,1.9007895807986173,317.33756289533625,451.57836361661316,21.265555555555554,390.0,False,False
I-95 NB,GP,110+04151,2025-10-16,661.0,3,49.490403615246464,5700.0,96,1.05,51.96492379600879,True,4.097561689729519,19806.249823124923,3.474780670723671,303.15542609339155,549.0091274771627,22.939999999999998,510.0,False,False
I-95 NB,GP,110+04151,2025-10-17,661.0,3,49.490403615246464,5700.0,96,1.05,51.96492379600879,True,1.1917534901708013,6862.784512557704,1.2039972829048604,477.42448722164943,548.9296966318975,40.776666666666664,510.0,False,False
I-95 NB,GP,110+04151,2025-10-20,661.0,3,49.490403615246464,5700.0,96,1.05,51.96492379600879,True,0.8633936495856773,3829.997139854019,0.6719293227814069,485.57639325764154,537.3800122327822,32.80111111111111,510.0,False,False
I-95 NB,GP,110+04151,2025-10-21,661.0,3,49.490403615246464,5700.0,96,1.05,51.96492379600879,True,2.2040602796924467,9051.464149539079,1.5879761665858032,310.9951519060404,443.2387686875872,11.64,375.0,False,False
I-95 NB,GP,110+04151,2025-10-22,661.0,3,49.490403615246464,5700.0,96,1.05,51.96492379600879,True,2.8962152060184185,13546.183619149158,2.376523441955993,307.24007518499286,481.012987546098,19.456666666666667,420.0,False,False
I-95 NB,GP,110+04151,2025-10-23,661.0,3,49.490403615246464,5700.0,96,1.05,51.96492379600879,True,2.614210077030518,12239.685264592177,2.147313204314417,318.0374136252715,474.89001824710255,22.487777777777776,375.0,False,False
I-95 NB,GP,110+04151,2025-10-24,661.0,3,49.490403615246464,5700.0,96,1.05,51.96492379600879,True,2.1762117296697663,9037.789465560949,1.585577099221219,502.3636414575701,632.9363452377561,10.392222222222221,555.0,False,False
I-95 NB,GP,110+04151,2025-10-27,661.0,3,49.490403615246464,5700.0,96,1.05,51.96492379600879,True,2.559882656558622,14801.922196537582,2.596828455532909,313.32741726801913,466.92037666153647,35.148888888888884,345.0,False,False
I-95 NB,GP,110+04151,2025-10-28,661.0,3,49.490403615246464,5700.0,96,1.05,51.96492379600879,True,4.032751288000567,18643.805936009307,3.2708431466682995,311.5155833193974,553.4806605994314,14.544444444444444,450.0,False,False
I-95 NB,GP,110+04151,2025-10-29,661.0,3,49.490403615246464,5700.0,96,1.05,51.96492379600879,True,3.219833376924164,14847.688768004395,2.6048576785972624,325.5968053098823,518.7868079253321,13.163333333333332,435.0,False,False
I-95 NB,GP,110+04151,2025-10-30,661.0,3,49.490403615246464,5700.0,96,1.05,51.96492379600879,True,2.3996690945437193,9828.266487410565,1.7242572784930816,451.4199243688688,595.400070041492,16.173333333333336,510.0,False,False
I-95 NB,GP,110+04151,2025-10-31,661.0,3,49.490403615246464,5700.0,96,1.05,51.96492379600879,False,0.0,0.0,0.0,,,,,False,False
I-95 NB,GP,110P04151,2025-10-01,662.0,3,50.063160108007565,5700.0,96,1.05,52.566318113407945,True,5.083424115128614,25270.992507898532,4.4335074575260585,299.8902395789063,604.8956864866232,19.68,405.0,False,False
I-95 NB,GP,110P04151,2025-10-02,662.0,3,50.063160108007565,5700.0,96,1.05,52.566318113407945,True,5.0383778553770275,23785.204291498096,4.17284285815756,305.8464740281628,608.1491453507845,21.63888888888889,390.0,False,False
I-95 NB,GP,110P04151,2025-10-03,662.0,3,50.063160108007565,5700.0,96,1.05,52.566318113407945,True,4.80578332834937,22602.1538679709,3.9652901522755966,320.3556379275783,608.7026376285405,20.334444444444443,360.0,False,False
I-95 NB,GP,110P04151,2025-10-06,662.0,3,50.063160108007565,5700.0,96,1.05,52.566318113407945,True,4.794531886943969,22722.02332998292,3.986319882453144,308.0075843853738,595.6794976020119,18.10777777777778,405.0,False,False
I-95 NB,GP,110P04151,2025-10-07,662.0,3,50.063160108007565,5700.0,96,1.05,52.566318113407945,True,2.010938017095058,9393.447394806917,1.6479732271591083,306.33607190282197,426.99235292852546,20.189999999999998,390.0,False,False
I-95 NB,GP,110P04151,2025-10-08,662.0,3,50.063160108007565,5700.0,96,1.05,52.566318113407945,True,3.081749202322943,13710.895643181593,2.4054202882774725,301.23607717063373,486.1410293100103,20.48,375.0,False,False
I-95 NB,GP,110P04151,2025-10-09,662.0,3,50.063160108007565,5700.0,96,1.05,52.566318113407945,True,5.043608823654791,24029.392819787583,4.215682950839927,304.702977948816,607.3195073681035,20.258888888888887,435.0,False,False
I-95 NB,GP,110P04151,2025-10-10,662.0,3,50.063160108007565,5700.0,96,1.05,52.566318113407945,True,0.6232646943120889,4258.907931148201,0.7471768300260002,414.72337397982795,452.1192556385533,46.98111111111112,435.0,False,False
I-95 NB,GP,110P04151,2025-10-13,662.0,3,50.063160108007565,5700.0,96,1.05,52.566318113407945,False,0.0,0.0,0.0,,,,,False,False
I-95 NB,GP,110P04151,2025-10-14,662.0,3,50.063160108007565,5700.0,96,1.05,52.566318113407945,True,3.9967841111972393,18854.598787588424,3.3078243486997234,305.62029840288955,545.4273450747239,18.506666666666668,405.0,False,False
I-95 NB,GP,110P04151,2025-10-15,662.0,3,50.063160108007565,5700.0,96,1.05,52.566318113407945,True,2.5894602179261113,11470.099677606631,2.0122981890537948,307.3635387810186,462.73115185658526,20.19333333333333,420.0,False,False
I-95 NB,GP,110P04151,2025-10-16,662.0,3,50.063160108007565,5700.0,96,1.05,52.566318113407945,True,4.8148022130764465,23307.403868681755,4.0890182225757465,298.7984339470868,587.6865667316736,20.307777777777776,405.0,False,False
I-95 NB,GP,110P04151,2025-10-17,662.0,3,50.063160108007565,5700.0,96,1.05,52.566318113407945,True,4.7932023057732716,24602.060340564833,4.316150936941199,312.7732816693498,600.365420015746,23.112222222222226,405.0,False,False
I-95 NB,GP,110P04151,2025-10-20,662.0,3,50.063160108007565,5700.0,96,1.05,52.566318113407945,True,3.916389152207921,20085.01695968181,3.5236871859090892,311.8269550730279,546.8103042055031,20.2,510.0,False,False
I-95 NB,GP,110P04151,2025-10-21,662.0,3,50.063160108007565,5700.0,96,1.05,52.566318113407945,True,2.460986862989364,10585.510207543462,1.8571070539549934,307.1237828638162,454.78299464317803,13.514444444444445,405.0,False,False
I-95 NB,GP,110P04151,2025-10-22,662.0,3,50.063160108007565,5700.0,96,1.05,52.566318113407945,True,4.7736262061903005,22087.054628202586,3.8749218645969448,306.6534620559323,593.0710344273504,19.655555555555555,420.0,False,False
I-95 NB,GP,110P04151,2025-10-23,662.0,3,50.063160108007565,5700.0,96,1.05,52.566318113407945,True,4.890288402873677,24339.43346712119,4.270076046863367,308.0809657600647,601.4982699324853,21.403333333333332,390.0,False,False
I-95 NB,GP,110P04151,2025-10-24,662.0,3,50.063160108007565,5700.0,96,1.05,52.566318113407945,True,5.636326119089574,25953.95083167747,4.553324707311837,318.91859718544083,657.0981643308153,11.126666666666665,555.0,False,False
I-95 NB,GP,110P04151,2025-10-27,662.0,3,50.063160108007565,5700.0,96,1.05,52.566318113407945,True,4.066312225406839,19628.88596619067,3.443664204594855,305.6159309799847,549.594664504395,20.645555555555557,405.0,False,False
I-95 NB,GP,110P04151,2025-10-28,662.0,3,50.063160108007565,5700.0,96,1.05,52.566318113407945,True,4.296649599056078,19296.52655458281,3.3853555358917213,305.4346589426091,563.2336348859737,15.394444444444446,450.0,False,False
I-95 NB,GP,110P04151,2025-10-29,662.0,3,50.063160108007565,5700.0,96,1.05,52.566318113407945,True,3.5730078969174666,15229.626589932952,2.671864314023325,316.64225928696334,531.0227331020113,12.403333333333334,435.0,False,False
I-95 NB,GP,110P04151,2025-10-30,662.0,3,50.063160108007565,5700.0,96,1.05,52.566318113407945,True,2.621668134931282,11187.756243638025,1.9627642532698288,441.30699761088596,598.6070857067629,18.441111111111113,540.0,False,False
I-95 NB,GP,110P04151,2025-10-31,662.0,3,50.063160108007565,5700.0,96,1.05,52.566318113407945,True,1.155696654311338,5432.653134024895,0.9530970410569991,452.19764599034096,521.5394452490212,39.85444444444445,495.0,False,False
I-95 NB,GP,110+04152,2025-10-01,663.0,3,49.49005006185587,6000.0,96,1.05,51.96455256494866,True,4.898368538159888,26888.30447543957,4.481384079239929,303.5007840293926,597.4028963189859,32.21888888888889,405.0,False,False
I-95 NB,GP,110+04152,2025-10-02,663.0,3,49.49005006185587,6000.0,96,1.05,51.96455256494866,True,4.8721797216616,28658.088683510556,4.776348113918426,310.68014391284964,603.0109272125457,33.23888888888889,390.0,False,False
I-95 NB,GP,110+04152,2025-10-03,663.0,3,49.49005006185587,6000.0,96,1.05,51.96455256494866,True,2.340040121206265,14608.712272587505,2.4347853787645843,460.69760296574344,601.1000102381194,35.22,495.0,False,False
I-95 NB,GP,110+04152,2025-10-06,663.0,3,49.49005006185587,6000.0,96,1.05,51.96455256494866,True,4.596878018420013,27151.88507444973,4.525314179074955,314.28977537046035,590.1024564756611,30.14333333333333,405.0,False,False
I-95 NB,GP,110+04152,2025-10-07,663.0,3,49.49005006185587,6000.0,96,1.05,51.96455256494866,True,1.8908672776329734,11502.827037885223,1.9171378396475371,309.9381909780898,423.3902276360682,34.07888888888889,390.0,False,False
I-95 NB,GP,110+04152,2025-10-08,663.0,3,49.49005006185587,6000.0,96,1.05,51.96455256494866,True,3.1520253182606033,17002.501437140614,2.8337502395234355,304.9953537694865,494.1168728651227,33.682222222222215,375.0,False,False
I-95 NB,GP,110+04152,2025-10-09,663.0,3,49.49005006185587,6000.0,96,1.05,51.96455256494866,True,4.801697523704495,27166.35388284082,4.527725647140136,310.08144701622103,598.1832984384907,33.76222222222223,405.0,False,False
I-95 NB,GP,110+04152,2025-10-10,663.0,3,49.49005006185587,6000.0,96,1.05,51.96455256494866,True,2.2201101869710453,13199.997479340658,2.1999995798901097,500.36646977036713,633.5730809886298,38.52111111111111,540.0,False,False
I-95 NB,GP,110+04152,2025-10-13,663.0,3,49.49005006185587,6000.0,96,1.05,51.96455256494866,False,0.0,0.0,0.0,,,,,False,False
I-95 NB,GP,110+04152,2025-10-14,663.0,3,49.49005006185587,6000.0,96,1.05,51.96455256494866,True,3.9159410453600807,23391.883500372773,3.8986472500621288,311.9144044881576,546.8708672097624,36.59111111111111,375.0,False,False
I-95 NB,GP,110+04152,2025-10-15,663.0,3,49.49005006185587,6000.0,96,1.05,51.96455256494866,True,4.723190266396594,27376.36417252792,4.562727362087987,311.9654487533746,595.3568647371702,34.809999999999995,420.0,False,False
I-95 NB,GP,110+04152,2025-10-16,663.0,3,49.49005006185587,6000.0,96,1.05,51.96455256494866,True,4.775292555984233,26780.525349650987,4.463420891608497,295.27062517616594,581.7881785352199,31.362222222222226,420.0,False,False
I-95 NB,GP,110+04152,2025-10-17,663.0,3,49.49005006185587,6000.0,96,1.05,51.96455256494866,True,4.8342170589502,27360.173992806584,4.560028998801097,316.0523876981108,606.1054112351228,35.675555555555555,405.0,False,False
I-95 NB,GP,110+04152,2025-10-20,663.0,3,49.49005006185587,6000.0,96,1.05,51.96455256494866,True,3.7701426206706192,20066.704109789684,3.344450684964947,315.8385902586415,542.0471474988786,25.373333333333335,420.0,False,False
I-95 NB,GP,110+04152,2025-10-21,663.0,3,49.49005006185587,6000.0,96,1.05,51.96455256494866,True,4.26112203071687,24070.287626468322,4.011714604411387,309.26588422634296,564.9332060693552,33.91777777777778,420.0,False,False
I-95 NB,GP,110+04152,2025-10-22,663.0,3,49.49005006185587,6000.0,96,1.05,51.96455256494866,True,4.503175535352583,25697.35157908564,4.282891929847606,313.50213094217895,583.692663063334,31.842222222222222,405.0,False,False
I-95 NB,GP,110+04152,2025-10-23,663.0,3,49.49005006185587,6000.0,96,1.05,51.96455256494866,True,4.646842810066995,25833.587702232875,4.305597950372146,315.107707602222,593.9182762062417,34.87111111111111,390.0,False,False
I-95 NB,GP,110+04152,2025-10-24,663.0,3,49.49005006185587,6000.0,96,1.05,51.96455256494866,True,5.5516959182845,30786.302414717873,5.131050402452979,318.7323312971899,651.8340863942599,25.7,555.0,False,False
I-95 NB,GP,110+04152,2025-10-27,663.0,3,49.49005006185587,6000.0,96,1.05,51.96455256494866,True,3.969437028193165,22890.051456812347,3.815008576135391,310.63291886383803,548.7991405554279,31.802222222222223,390.0,False,False
I-95 NB,GP,110+04152,2025-10-28,663.0,3,49.49005006185587,6000.0,96,1.05,51.96455256494866,True,4.169428571397531,23961.963856099665,3.9936606426832775,311.12502209985206,561.2907363837039,32.02888888888889,405.0,False,False
I-95 NB,GP,110+04152,2025-10-29,663.0,3,49.49005006185587,6000.0,96,1.05,51.96455256494866,True,3.5273458225988974,18412.0687793267,3.068678129887783,320.80823554270023,532.4489848986341,13.476666666666665,420.0,False,False
I-95 NB,GP,110+04152,2025-10-30,663.0,3,49.49005006185587,6000.0,96,1.05,51.96455256494866,True,2.5870766829924623,14167.137951106977,2.3611896585178296,437.8628287528419,593.0874297323896,33.40111111111111,495.0,False,False
I-95 NB,GP,110+04152,2025-10-31,663.0,3,49.49005006185587,6000.0,96,1.05,51.96455256494866,True,2.7380423259202114,16010.690824392132,2.668448470732022,355.07491941739397,519.3574589726067,34.838888888888896,390.0,False,False
I-95 NB,GP,110P04153,2025-10-01,666.0,4,49.921738751770256,8000.0,96,1.05,52.41782568935877,True,2.5122278620551595,16259.285368322051,2.0324106710402563,356.4111930851098,507.14486480841936,18.497777777777785,450.0,False,False
I-95 NB,GP,110P04153,2025-10-02,666.0,4,49.921738751770256,8000.0,96,1.05,52.41782568935877,False,0.0,0.0,0.0,,,,,False,False
I-95 NB,GP,110P04153,2025-10-03,666.0,4,49.921738751770256,8000.0,96,1.05,52.41782568935877,False,0.0,0.0,0.0,,,,,False,False
I-95 NB,GP,110P04153,2025-10-06,666.0,4,49.921738751770256,8000.0,96,1.05,52.41782568935877,True,0.7623362133069037,5535.447707234436,0.6919309634043045,441.14011436609115,486.8802871645054,40.906666666666666,465.0,False,False
I-95 NB,GP,110P04153,2025-10-07,666.0,4,49.921738751770256,8000.0,96,1.05,52.41782568935877,True,1.020624698413017,7312.052377376341,0.9140065471720425,376.53779778307825,437.77527968785927,35.14,405.0,False,False
I-95 NB,GP,110P04153,2025-10-08,666.0,4,49.921738751770256,8000.0,96,1.05,52.41782568935877,True,1.8650711497580896,10625.384935807404,1.3281731169759254,409.0333188828539,520.9375878683393,14.191111111111107,465.0,False,False
I-95 NB,GP,110P04153,2025-10-09,666.0,4,49.921738751770256,8000.0,96,1.05,52.41782568935877,True,1.6711415583122515,10064.648570598074,1.2580810713247592,391.6087930657269,491.877286564462,19.591111111111115,450.0,False,False
I-95 NB,GP,110P04153,2025-10-10,666.0,4,49.921738751770256,8000.0,96,1.05,52.41782568935877,True,0.8736186399245052,6856.910547063238,0.8571138183829047,433.4008119377586,485.8179303332289,34.23888888888889,450.0,False,False
I-95 NB,GP,110P04153,2025-10-13,666.0,4,49.921738751770256,8000.0,96,1.05,52.41782568935877,False,0.0,0.0,0.0,,,,,False,False
I-95 NB,GP,110P04153,2025-10-14,666.0,4,49.921738751770256,8000.0,96,1.05,52.41782568935877,True,2.7518300207253703,18056.13027401529,2.257016284251911,365.2919626067349,530.4017638502571,14.778888888888888,465.0,False,False
I-95 NB,GP,110P04153,2025-10-15,666.0,4,49.921738751770256,8000.0,96,1.05,52.41782568935877,True,0.6395645482809452,3832.1330043466273,0.4790166255433284,435.21749612524417,473.5913690221009,45.54888888888889,450.0,False,False
I-95 NB,GP,110P04153,2025-10-16,666.0,4,49.921738751770256,8000.0,96,1.05,52.41782568935877,False,0.0,0.0,0.0,,,,,False,False
I-95 NB,GP,110P04153,2025-10-17,666.0,4,49.921738751770256,8000.0,96,1.05,52.41782568935877,False,0.0,0.0,0.0,,,,,False,False
I-95 NB,GP,110P04153,2025-10-20,666.0,4,49.921738751770256,8000.0,96,1.05,52.41782568935877,True,1.5070428597024137,9170.430935108912,1.146303866888614,378.0602010067768,468.48277258892165,15.186666666666667,420.0,False,False
I-95 NB,GP,110P04153,2025-10-21,666.0,4,49.921738751770256,8000.0,96,1.05,52.41782568935877,True,2.2478518827396594,11855.972744840537,1.4819965931050672,422.7520933763217,557.6232063407012,9.735555555555555,510.0,False,False
I-95 NB,GP,110P04153,2025-10-22,666.0,4,49.921738751770256,8000.0,96,1.05,52.41782568935877,True,1.4162005453918758,9295.357554043463,1.1619196942554328,408.80753572647683,493.77956844998937,36.67444444444445,450.0,False,False
I-95 NB,GP,110P04153,2025-10-23,666.0,4,49.921738751770256,8000.0,96,1.05,52.41782568935877,True,1.0318597406526047,7836.740768930051,0.9795925961162564,424.9140742192937,486.82565865845,42.38,465.0,False,False
I-95 NB,GP,110P04153,2025-10-24,666.0,4,49.921738751770256,8000.0,96,1.05,52.41782568935877,False,0.0,0.0,0.0,,,,,False,False
I-95 NB,GP,110P04153,2025-10-27,666.0,4,49.921738751770256,8000.0,96,1.05,52.41782568935877,False,0.0,0.0,0.0,,,,,False,False
I-95 NB,GP,110P04153,2025-10-28,666.0,4,49.921738751770256,8000.0,96,1.05,52.41782568935877,False,0.0,0.0,0.0,,,,,False,False
I-95 NB,GP,110P04153,2025-10-29,666.0,4,49.921738751770256,8000.0,96,1.05,52.41782568935877,True,2.559914641984132,14368.881893165548,1.7961102366456936,368.5665220790129,522.1614005980608,9.893333333333329,420.0,False,False
I-95 NB,GP,110P04153,2025-10-30,666.0,4,49.921738751770256,8000.0,96,1.05,52.41782568935877,False,0.0,0.0,0.0,,,,,False,False
I-95 NB,GP,110P04153,2025-10-31,666.0,4,49.921738751770256,8000.0,96,1.05,52.41782568935877,False,0.0,0.0,0.0,,,,,False,False
I-95 NB,GP,110+04154,2025-10-01,667.0,4,49.780317395532954,8000.0,96,1.05,52.269333265309605,True,3.031976241668611,19162.34551345017,2.395293189181271,340.19408305391624,522.1126575540329,18.39888888888889,450.0,False,False
I-95 NB,GP,110+04154,2025-10-02,667.0,4,49.780317395532954,8000.0,96,1.05,52.269333265309605,True,1.0299204112065714,7528.943325710612,0.9411179157138265,416.1866808107534,477.98190548314767,36.39222222222222,450.0,False,False
I-95 NB,GP,110+04154,2025-10-03,667.0,4,49.780317395532954,8000.0,96,1.05,52.269333265309605,True,0.8382192568828193,5865.161266015267,0.7331451582519084,405.4100993540704,455.70325476703954,42.28888888888889,435.0,False,False
I-95 NB,GP,110+04154,2025-10-06,667.0,4,49.780317395532954,8000.0,96,1.05,52.269333265309605,True,1.7279095020543744,12848.663272974572,1.6060829091218216,395.36013534196405,499.0347054652265,25.709999999999997,465.0,False,False
I-95 NB,GP,110+04154,2025-10-07,667.0,4,49.780317395532954,8000.0,96,1.05,52.269333265309605,True,1.829051100313015,12165.337864142253,1.5206672330177817,350.5009048765348,460.24397089531567,23.365555555555556,420.0,False,False
I-95 NB,GP,110+04154,2025-10-08,667.0,4,49.780317395532954,8000.0,96,1.05,52.269333265309605,True,2.8831671550761144,17372.494966362898,2.171561870795362,365.2113951483458,538.2014244529126,16.39,465.0,False,False
I-95 NB,GP,110+04154,2025-10-09,667.0,4,49.780317395532954,8000.0,96,1.05,52.269333265309605,True,2.525272055106557,16469.20141498139,2.058650176872674,354.15631147713435,505.67263478352777,18.43444444444444,465.0,False,False
I-95 NB,GP,110+04154,2025-10-10,667.0,4,49.780317395532954,8000.0,96,1.05,52.269333265309605,True,2.0717590404531117,13824.701990737369,1.728087748842171,389.6412900777971,513.9468325049838,10.564444444444444,435.0,False,False
I-95 NB,GP,110+04154,2025-10-13,667.0,4,49.780317395532954,8000.0,96,1.05,52.269333265309605,False,0.0,0.0,0.0,,,,,False,False
I-95 NB,GP,110+04154,2025-10-14,667.0,4,49.780317395532954,8000.0,96,1.05,52.269333265309605,True,3.8392287762205,23689.830082727836,2.9612287603409797,335.45911961718036,565.8128461904104,15.341111111111111,465.0,False,False
I-95 NB,GP,110+04154,2025-10-15,667.0,4,49.780317395532954,8000.0,96,1.05,52.269333265309605,True,2.3443114905034035,15729.66153832469,1.9662076922905862,362.0741497639819,502.7328391941861,22.235555555555553,450.0,False,False
I-95 NB,GP,110+04154,2025-10-16,667.0,4,49.780317395532954,8000.0,96,1.05,52.269333265309605,True,2.405065247723158,15955.508134728181,1.9944385168410226,349.2456767549154,493.5495916183049,23.03,450.0,False,False
I-95 NB,GP,110+04154,2025-10-17,667.0,4,49.780317395532954,8000.0,96,1.05,52.269333265309605,False,0.0,0.0,0.0,,,,,False,False
I-95 NB,GP,110+04154,2025-10-20,667.0,4,49.780317395532954,8000.0,96,1.05,52.269333265309605,True,2.0114978852337524,11352.908089545943,1.419113511193243,361.76041540574397,482.4502885197691,12.964444444444444,405.0,False,False
I-95 NB,GP,110+04154,2025-10-21,667.0,4,49.780317395532954,8000.0,96,1.05,52.269333265309605,True,3.0136804631607665,20224.117020872312,2.528014627609039,404.9203144254247,585.7411422150707,12.64,480.0,False,False
I-95 NB,GP,110+04154,2025-10-22,667.0,4,49.780317395532954,8000.0,96,1.05,52.269333265309605,True,2.2572199078033566,15127.09833048612,1.890887291310765,381.22266173662666,516.6558562048281,20.17222222222222,450.0,False,False
I-95 NB,GP,110+04154,2025-10-23,667.0,4,49.780317395532954,8000.0,96,1.05,52.269333265309605,True,2.1425065422693583,15148.447555558321,1.8935559444447903,382.9531631787984,511.5035557149599,19.641111111111112,450.0,False,False
I-95 NB,GP,110+04154,2025-10-24,667.0,4,49.780317395532954,8000.0,96,1.05,52.269333265309605,True,1.1043368796046147,9425.218388254892,1.1781522985318615,403.6540762117283,469.9142889880052,34.01444444444444,435.0,False,False
I-95 NB,GP,110+04154,2025-10-27,667.0,4,49.780317395532954,8000.0,96,1.05,52.269333265309605,True,1.9115473076642264,15199.725794958591,1.8999657243698238,368.67982682046545,483.37266528031904,34.81,450.0,False,False
I-95 NB,GP,110+04154,2025-10-28,667.0,4,49.780317395532954,8000.0,96,1.05,52.269333265309605,True,2.154324166805308,16503.979901218576,2.062997487652322,374.9455873070906,504.2050373154091,25.85666666666667,435.0,False,False
I-95 NB,GP,110+04154,2025-10-29,667.0,4,49.780317395532954,8000.0,96,1.05,52.269333265309605,True,1.7730898171153266,11834.407348201801,1.479300918525225,436.2915843344555,542.6769733613751,20.04222222222222,480.0,False,False
I-95 NB,GP,110+04154,2025-10-30,667.0,4,49.780317395532954,8000.0,96,1.05,52.269333265309605,True,0.8382064929091768,5929.789058691639,0.7412236323364549,353.59072713572226,403.8831167102729,44.81999999999999,375.0,False,False
I-95 NB,GP,110+04154,2025-10-31,667.0,4,49.780317395532954,8000.0,96,1.05,52.269333265309605,False,0.0,0.0,0.0,,,,,False,False
I-95 NB,GP,110P04154,2025-10-01,668.0,4,50.063160108007565,8000.0,96,1.05,52.566318113407945,True,3.246442935518193,21925.305691831487,2.7406632114789358,344.6648818256572,539.4514579567488,18.197777777777777,450.0,False,False
I-95 NB,GP,110P04154,2025-10-02,668.0,4,50.063160108007565,8000.0,96,1.05,52.566318113407945,True,1.6251395222300735,12982.076146243382,1.6227595182804229,388.49665849355404,486.00502982735844,29.594444444444445,450.0,False,False
I-95 NB,GP,110P04154,2025-10-03,668.0,4,50.063160108007565,8000.0,96,1.05,52.566318113407945,True,1.3856474233208587,10856.471004598832,1.357058875574854,386.3356896878713,469.47453508712283,27.686666666666667,435.0,False,False
I-95 NB,GP,110P04154,2025-10-06,668.0,4,50.063160108007565,8000.0,96,1.05,52.566318113407945,True,2.090422820148251,14749.62367342594,1.8437029591782426,382.877546126757,508.3029153356521,29.32111111111111,465.0,False,False
I-95 NB,GP,110P04154,2025-10-07,668.0,4,50.063160108007565,8000.0,96,1.05,52.566318113407945,True,1.85254134558607,14149.228005822897,1.768653500727862,356.0771024468627,467.2295831820269,26.142222222222227,420.0,False,False
I-95 NB,GP,110P04154,2025-10-08,668.0,4,50.063160108007565,8000.0,96,1.05,52.566318113407945,True,3.169078083943006,21082.221274810105,2.6352776593512632,353.69021434833013,543.8348993849105,16.595555555555556,450.0,False,False
I-95 NB,GP,110P04154,2025-10-09,668.0,4,50.063160108007565,8000.0,96,1.05,52.566318113407945,True,2.746644951415578,18467.18471606716,2.308398089508395,349.77172668854723,514.5704237734819,18.75,465.0,False,False
I-95 NB,GP,110P04154,2025-10-10,668.0,4,50.063160108007565,8000.0,96,1.05,52.566318113407945,True,2.7032851488567426,13736.16333797625,1.7170204172470311,361.57558963518994,523.7726985665945,7.37,435.0,False,False
I-95 NB,GP,110P04154,2025-10-13,668.0,4,50.063160108007565,8000.0,96,1.05,52.566318113407945,False,0.0,0.0,0.0,,,,,False,False
I-95 NB,GP,110P04154,2025-10-14,668.0,4,50.063160108007565,8000.0,96,1.05,52.566318113407945,True,4.053877907126204,25699.537792820898,3.2124422241026123,336.7789183306631,580.0115927582353,15.348888888888888,450.0,False,False
I-95 NB,GP,110P04154,2025-10-15,668.0,4,50.063160108007565,8000.0,96,1.05,52.566318113407945,True,2.5147807819081645,19471.89781643535,2.433987227054419,359.89283773539626,510.7796846498861,23.265555555555554,465.0,False,False
I-95 NB,GP,110P04154,2025-10-16,668.0,4,50.063160108007565,8000.0,96,1.05,52.566318113407945,True,2.446423548904079,17592.420804935304,2.199052600616913,356.15445861276953,502.93987154701426,22.947777777777777,450.0,False,False
I-95 NB,GP,110P04154,2025-10-17,668.0,4,50.063160108007565,8000.0,96,1.05,52.566318113407945,True,0.8448583499258661,5763.5316979027775,0.7204414622378472,435.2386165794133,485.93011757496527,40.70333333333333,465.0,False,False
I-95 NB,GP,110P04154,2025-10-20,668.0,4,50.063160108007565,8000.0,96,1.05,52.566318113407945,True,2.2203926238831286,13176.263642942777,1.647032955367847,356.25535251808697,489.4789099510747,14.06444444444445,405.0,False,False
I-95 NB,GP,110P04154,2025-10-21,668.0,4,50.063160108007565,8000.0,96,1.05,52.566318113407945,True,1.0431952654622232,9368.516572073986,1.1710645715092483,538.0214974893925,600.6132134171258,33.48444444444445,570.0,False,False
I-95 NB,GP,110P04154,2025-10-22,668.0,4,50.063160108007565,8000.0,96,1.05,52.566318113407945,True,2.793752317797406,18787.555785067518,2.3484444731334397,362.5920601011291,530.2171991689735,20.581111111111113,450.0,False,False
I-95 NB,GP,110P04154,2025-10-23,668.0,4,50.063160108007565,8000.0,96,1.05,52.566318113407945,True,2.405703295661278,16841.541042225803,2.1051926302782253,370.59910438913397,514.9413021288107,19.521111111111107,450.0,False,False
I-95 NB,GP,110P04154,2025-10-24,668.0,4,50.063160108007565,8000.0,96,1.05,52.566318113407945,True,1.590321281168163,11609.060666026895,1.451132583253362,379.24601675799045,474.66529362808024,41.73222222222223,405.0,False,False
I-95 NB,GP,110P04154,2025-10-27,668.0,4,50.063160108007565,8000.0,96,1.05,52.566318113407945,True,2.075902933811351,13952.358572689584,1.744044821586198,362.1743650926913,486.72854112137236,23.77,450.0,False,False
I-95 NB,GP,110P04154,2025-10-28,668.0,4,50.063160108007565,8000.0,96,1.05,52.566318113407945,True,2.5288846156846576,17279.47954748186,2.1599349434352324,364.25140088172753,515.984477822807,24.165555555555553,450.0,False,False
I-95 NB,GP,110P04154,2025-10-29,668.0,4,50.063160108007565,8000.0,96,1.05,52.566318113407945,True,1.8803446248702889,11812.903035808908,1.4766128794761135,437.988786671493,550.8094641637103,21.51888888888888,480.0,False,False
I-95 NB,GP,110P04154,2025-10-30,668.0,4,50.063160108007565,8000.0,96,1.05,52.566318113407945,True,0.9919134694101303,7754.350824459516,0.9692938530574395,362.6287810289175,422.1435891935253,42.61666666666667,390.0,False,False
I-95 NB,GP,110P04154,2025-10-31,668.0,4,50.063160108007565,8000.0,96,1.05,52.566318113407945,False,0.0,0.0,0.0,,,,,False,False
I-95 NB,GP,110+04155,2025-10-01,669.0,4,48.92471819029723,8000.0,96,1.05,51.37095409981209,True,4.863950244540464,32255.29652684799,4.031912065855999,334.82686787409824,626.6638825465261,20.982222222222223,420.0,False,False
I-95 NB,GP,110+04155,2025-10-02,669.0,4,48.92471819029723,8000.0,96,1.05,51.37095409981209,True,2.371633794858345,16746.256975518652,2.0932821219398314,361.13454764999796,503.43257534149865,30.19333333333334,450.0,False,False
I-95 NB,GP,110+04155,2025-10-03,669.0,4,48.92471819029723,8000.0,96,1.05,51.37095409981209,True,2.143587772090899,14416.491923560185,1.8020614904450232,377.1827948543613,505.79806117981525,27.883333333333336,420.0,False,False
I-95 NB,GP,110+04155,2025-10-06,669.0,4,48.92471819029723,8000.0,96,1.05,51.37095409981209,True,2.5075189537555618,18386.448166025715,2.2983060207532144,366.76105387320524,517.2121910985389,28.937777777777786,465.0,False,False
I-95 NB,GP,110+04155,2025-10-07,669.0,4,48.92471819029723,8000.0,96,1.05,51.37095409981209,True,2.265921710314415,16313.728926898446,2.0392161158623057,342.79986158058756,478.75516419945245,27.37111111111111,435.0,False,False
I-95 NB,GP,110+04155,2025-10-08,669.0,4,48.92471819029723,8000.0,96,1.05,51.37095409981209,True,3.405356580036125,23986.243304953463,2.9982804131191827,351.83275916273914,556.1541539649066,21.75111111111111,450.0,False,False
I-95 NB,GP,110+04155,2025-10-09,669.0,4,48.92471819029723,8000.0,96,1.05,51.37095409981209,True,3.1660000652719353,20941.505905628586,2.617688238203573,348.4542946179898,538.4142985343059,23.69111111111111,465.0,False,False
I-95 NB,GP,110+04155,2025-10-10,669.0,4,48.92471819029723,8000.0,96,1.05,51.37095409981209,True,3.0154913448707172,16777.262452708084,2.0971578065885104,347.24988383701725,528.1793645292603,7.628888888888889,435.0,False,False
I-95 NB,GP,110+04155,2025-10-13,669.0,4,48.92471819029723,8000.0,96,1.05,51.37095409981209,False,0.0,0.0,0.0,,,,,False,False
I-95 NB,GP,110+04155,2025-10-14,669.0,4,48.92471819029723,8000.0,96,1.05,51.37095409981209,True,4.438121375194607,27945.493656776453,3.4931867070970566,330.8925936316955,597.1798761433719,18.60777777777778,450.0,False,False
I-95 NB,GP,110+04155,2025-10-15,669.0,4,48.92471819029723,8000.0,96,1.05,51.37095409981209,True,3.0168896766424873,21510.039168125717,2.688754896015715,343.0446326011938,524.0580131997431,25.442222222222224,450.0,False,False
I-95 NB,GP,110+04155,2025-10-16,669.0,4,48.92471819029723,8000.0,96,1.05,51.37095409981209,True,2.8425439590722505,19743.91683455789,2.4679896043197362,346.8139793787063,517.3666169230413,25.90111111111111,450.0,False,False
I-95 NB,GP,110+04155,2025-10-17,669.0,4,48.92471819029723,8000.0,96,1.05,51.37095409981209,True,2.1999036445231033,17010.543724289208,2.126317965536151,380.14990780143364,512.1441264728198,30.298888888888886,450.0,False,False
I-95 NB,GP,110+04155,2025-10-20,669.0,4,48.92471819029723,8000.0,96,1.05,51.37095409981209,True,2.3688390114805014,14652.971077344811,1.8316213846681015,351.57160259873046,493.70194328756054,18.7188888888889,390.0,False,False
I-95 NB,GP,110+04155,2025-10-21,669.0,4,48.92471819029723,8000.0,96,1.05,51.37095409981209,True,1.4243310740241413,11254.729365774088,1.406841170721761,367.2135782919505,452.673442733399,31.885555555555555,405.0,False,False
I-95 NB,GP,110+04155,2025-10-22,669.0,4,48.92471819029723,8000.0,96,1.05,51.37095409981209,True,3.117035653612686,20908.842290285018,2.6136052862856274,350.3164341455274,537.3385733622886,23.155555555555555,450.0,False,False
I-95 NB,GP,110+04155,2025-10-23,669.0,4,48.92471819029723,8000.0,96,1.05,51.37095409981209,True,2.807782236221436,18968.401772295638,2.371050221536955,362.9917004756735,531.4586346489597,21.939999999999998,450.0,False,False
I-95 NB,GP,110+04155,2025-10-24,669.0,4,48.92471819029723,8000.0,96,1.05,51.37095409981209,True,2.089933440450006,14875.551671744923,1.8594439589681153,364.13693454164866,489.53294096864903,31.344444444444445,405.0,False,False
I-95 NB,GP,110+04155,2025-10-27,669.0,4,48.92471819029723,8000.0,96,1.05,51.37095409981209,True,2.339068147380206,16346.877428224963,2.0433596785281205,354.4268015557892,494.7708903986016,28.24888888888889,450.0,False,False
I-95 NB,GP,110+04155,2025-10-28,669.0,4,48.92471819029723,8000.0,96,1.05,51.37095409981209,True,2.6925782088466366,19684.269544477393,2.460533693059674,353.8946867881432,515.4493793189414,24.66111111111111,450.0,False,False
I-95 NB,GP,110+04155,2025-10-29,669.0,4,48.92471819029723,8000.0,96,1.05,51.37095409981209,True,2.1330278971978562,16030.072654151401,2.003759081768925,433.49121376774576,561.4728875996171,25.496666666666666,480.0,False,False
I-95 NB,GP,110+04155,2025-10-30,669.0,4,48.92471819029723,8000.0,96,1.05,51.37095409981209,True,4.52417906176284,34833.5260343394,4.354190754292425,350.33709212093373,621.7878358267042,29.763333333333335,390.0,False,False
I-95 NB,GP,110+04155,2025-10-31,669.0,4,48.92471819029723,8000.0,96,1.05,51.37095409981209,True,0.8366233651432187,5899.916562793891,0.7374895703492363,422.55561466509647,472.7530165736896,45.717777777777776,450.0,False,False
I-95 NB,GP,110P04155,2025-10-01,670.0,4,48.35903276534799,8000.0,96,1.05,50.776984403615394,True,5.272383362347523,34337.84024770622,4.292230030963277,332.8559403381282,649.1989420789796,18.313333333333336,585.0,False,False
I-95 NB,GP,110P04155,2025-10-02,670.0,4,48.35903276534799,8000.0,96,1.05,50.776984403615394,True,2.7229435487413878,18831.18346588348,2.353897933235435,345.6622189540531,509.03883187853637,30.24222222222222,465.0,False,False
I-95 NB,GP,110P04155,2025-10-03,670.0,4,48.35903276534799,8000.0,96,1.05,50.776984403615394,True,2.2750552181162322,16398.595234836896,2.049824404354612,373.16294241063616,509.6662554976101,28.63888888888889,450.0,False,False
I-95 NB,GP,110P04155,2025-10-06,670.0,4,48.35903276534799,8000.0,96,1.05,50.776984403615394,True,2.768746308614275,20655.63842049642,2.5819548025620525,358.64259638842543,524.7673749052819,28.607777777777773,450.0,False,False
I-95 NB,GP,110P04155,2025-10-07,670.0,4,48.35903276534799,8000.0,96,1.05,50.776984403615394,True,2.429627276314672,18149.242465222054,2.268655308152757,344.21707290114665,489.994709480027,26.22333333333334,435.0,False,False
I-95 NB,GP,110P04155,2025-10-08,670.0,4,48.35903276534799,8000.0,96,1.05,50.776984403615394,True,4.558739668624757,32013.68448404751,4.001710560505939,339.5726620862477,613.0970422037332,21.75777777777778,450.0,False,False
I-95 NB,GP,110P04155,2025-10-09,670.0,4,48.35903276534799,8000.0,96,1.05,50.776984403615394,True,3.5693462392700326,24698.91997768599,3.0873649972107486,350.9363693084051,565.0971436646071,21.805555555555554,450.0,False,False
I-95 NB,GP,110P04155,2025-10-10,670.0,4,48.35903276534799,8000.0,96,1.05,50.776984403615394,True,3.4064603696198437,20008.750209857655,2.501093776232207,339.2962461164445,543.6838682936351,6.157777777777778,420.0,False,False
I-95 NB,GP,110P04155,2025-10-13,670.0,4,48.35903276534799,8000.0,96,1.05,50.776984403615394,False,0.0,0.0,0.0,,,,,False,False
I-95 NB,GP,110P04155,2025-10-14,670.0,4,48.35903276534799,8000.0,96,1.05,50.776984403615394,True,4.558524574482307,29901.925429069663,3.737740678633708,335.2315896480452,608.7430641169836,18.73888888888889,435.0,False,False
I-95 NB,GP,110P04155,2025-10-15,670.0,4,48.35903276534799,8000.0,96,1.05,50.776984403615394,True,3.2728739478702806,23552.981708924774,2.9441227136155965,342.21991795385037,538.5923548260672,25.603333333333335,435.0,False,False
I-95 NB,GP,110P04155,2025-10-16,670.0,4,48.35903276534799,8000.0,96,1.05,50.776984403615394,True,4.534378677606641,32408.977088499487,4.051122136062435,336.271374027451,608.3340946838495,24.89222222222222,435.0,False,False
I-95 NB,GP,110P04155,2025-10-17,670.0,4,48.35903276534799,8000.0,96,1.05,50.776984403615394,True,2.6907518569727253,19982.670346141673,2.4978337932677093,364.88804315995293,526.3331545783165,25.78,480.0,False,False
I-95 NB,GP,110P04155,2025-10-20,670.0,4,48.35903276534799,8000.0,96,1.05,50.776984403615394,True,1.4666101539659062,9171.492927900097,1.1464366159875121,421.32688555419827,509.32349479215264,30.819999999999993,450.0,False,False
I-95 NB,GP,110P04155,2025-10-21,670.0,4,48.35903276534799,8000.0,96,1.05,50.776984403615394,True,1.7582174492816525,12566.291129227284,1.5707863911534106,362.1452810246628,467.63832798156193,28.606666666666673,435.0,False,False
I-95 NB,GP,110P04155,2025-10-22,670.0,4,48.35903276534799,8000.0,96,1.05,50.776984403615394,True,4.883112751646454,34328.807742767654,4.291100967845956,345.3176389091335,638.3044040079208,20.413333333333334,450.0,False,False
I-95 NB,GP,110P04155,2025-10-23,670.0,4,48.35903276534799,8000.0,96,1.05,50.776984403615394,True,4.348896150883288,30554.410881011238,3.8193013601264045,347.9248523656687,608.858621418666,20.12555555555556,450.0,False,False
I-95 NB,GP,110P04155,2025-10-24,670.0,4,48.35903276534799,8000.0,96,1.05,50.776984403615394,True,2.4449161155040544,18040.469511530628,2.2550586889413284,351.22521818255,497.92018511279326,26.56555555555555,450.0,False,False
I-95 NB,GP,110P04155,2025-10-27,670.0,4,48.35903276534799,8000.0,96,1.05,50.776984403615394,True,2.8350335848025905,19928.971853136623,2.491121481642078,346.3644461910319,516.4664612791873,27.74444444444444,450.0,False,False
I-95 NB,GP,110P04155,2025-10-28,670.0,4,48.35903276534799,8000.0,96,1.05,50.776984403615394,True,3.074949811986023,21624.384999392038,2.703048124924005,350.74338755006085,535.2403762692222,22.57444444444445,450.0,False,False
I-95 NB,GP,110P04155,2025-10-29,670.0,4,48.35903276534799,8000.0,96,1.05,50.776984403615394,True,4.238097936696794,31191.545488578995,3.8989431860723744,334.0606766147841,588.3465528165917,23.592222222222215,465.0,False,False
I-95 NB,GP,110P04155,2025-10-30,670.0,4,48.35903276534799,8000.0,96,1.05,50.776984403615394,True,5.6240619203131335,41931.39104115593,5.241423880144492,341.55966127904827,679.0033764978363,26.59777777777778,435.0,False,False
I-95 NB,GP,110P04155,2025-10-31,670.0,4,48.35903276534799,8000.0,96,1.05,50.776984403615394,True,2.3224857055446098,17525.14678465223,2.1906433480815286,364.65610581371857,504.00524814639516,37.1,465.0,False,False
I-95 NB,GP,110+04156,2025-10-01,671.0,4,48.08290756729464,8000.0,96,1.05,50.48705294565937,True,5.426237484993106,36917.99624512053,4.614749530640066,328.498679520674,654.0729286202603,18.712222222222223,585.0,False,False
I-95 NB,GP,110+04156,2025-10-02,671.0,4,48.08290756729464,8000.0,96,1.05,50.48705294565937,True,2.693471634617103,19077.22581664068,2.384653227080085,346.4393958214595,508.0476938984857,32.191111111111105,450.0,False,False
I-95 NB,GP,110+04156,2025-10-03,671.0,4,48.08290756729464,8000.0,96,1.05,50.48705294565937,True,2.338627662690548,16630.118008618974,2.078764751077372,369.241658568842,509.5593183302749,29.768888888888895,405.0,False,False
I-95 NB,GP,110+04156,2025-10-06,671.0,4,48.08290756729464,8000.0,96,1.05,50.48705294565937,True,2.870069612560903,22602.777565192548,2.8253471956490683,352.7975229746383,525.0016997282925,30.00000000000001,450.0,False,False
I-95 NB,GP,110+04156,2025-10-07,671.0,4,48.08290756729464,8000.0,96,1.05,50.48705294565937,True,2.534391472457062,18496.444661345962,2.312055582668245,346.259566164508,498.32305451193173,29.671111111111117,450.0,False,False
I-95 NB,GP,110+04156,2025-10-08,671.0,4,48.08290756729464,8000.0,96,1.05,50.48705294565937,True,4.802374957361517,34266.93719961092,4.283367149951365,334.2691187895345,622.4116162312255,23.80222222222223,480.0,False,False
I-95 NB,GP,110+04156,2025-10-09,671.0,4,48.08290756729464,8000.0,96,1.05,50.48705294565937,True,3.6071628284563246,25517.117375977774,3.1896396719972215,345.88574579714054,562.31551550452,26.903333333333332,450.0,False,False
I-95 NB,GP,110+04156,2025-10-10,671.0,4,48.08290756729464,8000.0,96,1.05,50.48705294565937,True,14.135283697790127,96724.31799352866,12.090539749191082,336.7053476073442,1184.822369474752,5.579999999999999,420.0,False,False
I-95 NB,GP,110+04156,2025-10-13,671.0,4,48.08290756729464,8000.0,96,1.05,50.48705294565937,False,0.0,0.0,0.0,,,,,False,False
I-95 NB,GP,110+04156,2025-10-14,671.0,4,48.08290756729464,8000.0,96,1.05,50.48705294565937,True,4.542317354406516,30617.88204194268,3.8272352552428353,337.9937664359947,610.5328077003857,19.271111111111114,495.0,False,False
I-95 NB,GP,110+04156,2025-10-15,671.0,4,48.08290756729464,8000.0,96,1.05,50.48705294565937,True,5.489785609709548,41174.603951229874,5.146825493903735,341.4260724973425,670.8132090799154,28.233333333333334,450.0,False,False
I-95 NB,GP,110+04156,2025-10-16,671.0,4,48.08290756729464,8000.0,96,1.05,50.48705294565937,True,4.696640184787649,32456.913967025946,4.057114245878243,332.97299689254686,614.7714079798058,22.135555555555555,510.0,False,False
I-95 NB,GP,110+04156,2025-10-17,671.0,4,48.08290756729464,8000.0,96,1.05,50.48705294565937,False,0.0,0.0,0.0,,,,,False,False
I-95 NB,GP,110+04156,2025-10-20,671.0,4,48.08290756729464,8000.0,96,1.05,50.48705294565937,True,1.8684554781731009,13226.157798669756,1.6532697248337194,408.2490952041425,520.3564238945286,31.198888888888877,450.0,False,False
I-95 NB,GP,110+04156,2025-10-21,671.0,4,48.08290756729464,8000.0,96,1.05,50.48705294565937,True,1.8328203482311607,12971.081625993036,1.6213852032491296,361.76042985608615,471.7296507499558,30.74666666666667,435.0,False,False
I-95 NB,GP,110+04156,2025-10-22,671.0,4,48.08290756729464,8000.0,96,1.05,50.48705294565937,True,5.06769062953232,36891.78037289695,4.611472546612119,340.9295098100835,644.9909475820227,26.13,450.0,False,False
I-95 NB,GP,110+04156,2025-10-23,671.0,4,48.08290756729464,8000.0,96,1.05,50.48705294565937,False,0.0,0.0,0.0,,,,,False,False
I-95 NB,GP,110+04156,2025-10-24,671.0,4,48.08290756729464,8000.0,96,1.05,50.48705294565937,True,2.5409888035733323,18445.343016564835,2.3056678770706043,349.21370793338616,501.6730361477861,28.721111111111117,405.0,False,False
I-95 NB,GP,110+04156,2025-10-27,671.0,4,48.08290756729464,8000.0,96,1.05,50.48705294565937,True,2.9021054203037324,22335.360927494617,2.791920115936827,344.1183775591409,518.2447027773649,30.515555555555554,435.0,False,False
I-95 NB,GP,110+04156,2025-10-28,671.0,4,48.08290756729464,8000.0,96,1.05,50.48705294565937,True,3.1508265554711508,21904.058509424984,2.738007313678123,346.47129019122764,535.5208835194967,28.21333333333334,435.0,False,False
I-95 NB,GP,110+04156,2025-10-29,671.0,4,48.08290756729464,8000.0,96,1.05,50.48705294565937,True,4.365795964310796,33808.89963922317,4.226112454902896,329.70690976411373,591.6546676227615,26.86222222222223,465.0,False,False
I-95 NB,GP,110+04156,2025-10-30,671.0,4,48.08290756729464,8000.0,96,1.05,50.48705294565937,True,5.789794699575511,43109.3739301414,5.388671741267675,333.0117912010297,680.3994731755604,28.223333333333333,435.0,False,False
I-95 NB,GP,110+04156,2025-10-31,671.0,4,48.08290756729464,8000.0,96,1.05,50.48705294565937,True,2.5850522401934994,20904.514281024854,2.613064285128107,358.22200561254124,513.3251400241512,31.572222222222223,465.0,False,False
I-95 NB,GP,110P04156,2025-10-01,672.0,4,48.64187547782261,7600.0,96,1.05,51.07396925171374,True,5.191912316484802,34342.080590288635,4.5186948145116625,333.8608825717967,645.3756215608848,19.052222222222223,570.0,False,False
I-95 NB,GP,110P04156,2025-10-02,672.0,4,48.64187547782261,7600.0,96,1.05,51.07396925171374,True,2.3053247708432423,16871.644740905616,2.219953255382318,353.6456023233638,491.9650885739583,39.94777777777778,390.0,False,False
I-95 NB,GP,110P04156,2025-10-03,672.0,4,48.64187547782261,7600.0,96,1.05,51.07396925171374,True,2.0410500818805275,16648.2426758643,2.19055824682425,372.6471190483681,495.11012396119975,36.40888888888889,405.0,False,False
I-95 NB,GP,110P04156,2025-10-06,672.0,4,48.64187547782261,7600.0,96,1.05,51.07396925171374,True,2.6683386581525212,20302.034821140052,2.6713203712026385,357.1555456988865,517.2558651880378,38.07333333333333,450.0,False,False
I-95 NB,GP,110P04156,2025-10-07,672.0,4,48.64187547782261,7600.0,96,1.05,51.07396925171374,True,3.8255671557906425,29787.421389064293,3.91939755119267,355.64455175754387,585.1785811049824,39.565555555555555,450.0,False,False
I-95 NB,GP,110P04156,2025-10-08,672.0,4,48.64187547782261,7600.0,96,1.05,51.07396925171374,True,4.002144805501566,28079.838712754747,3.6947156200993088,335.9446538872253,576.0733422173192,28.176666666666673,510.0,False,False
I-95 NB,GP,110P04156,2025-10-09,672.0,4,48.64187547782261,7600.0,96,1.05,51.07396925171374,True,3.364899347396274,25502.21116514354,3.3555541006767817,344.57599117202824,546.4699520158047,35.276666666666664,510.0,False,False
I-95 NB,GP,110P04156,2025-10-10,672.0,4,48.64187547782261,7600.0,96,1.05,51.07396925171374,True,3.272220648417678,17835.490265924684,2.34677503499009,335.6288589539684,531.9620978590291,6.067777777777773,420.0,False,False
I-95 NB,GP,110P04156,2025-10-13,672.0,4,48.64187547782261,7600.0,96,1.05,51.07396925171374,False,0.0,0.0,0.0,,,,,False,False
I-95 NB,GP,110P04156,2025-10-14,672.0,4,48.64187547782261,7600.0,96,1.05,51.07396925171374,True,4.083724106381684,26627.00594116471,3.503553413311146,345.9850092205262,591.0084556034273,22.377777777777776,495.0,False,False
I-95 NB,GP,110P04156,2025-10-15,672.0,4,48.64187547782261,7600.0,96,1.05,51.07396925171374,True,3.2392388295438774,22808.70811717821,3.0011458048918693,342.80456603375075,537.1588958063834,29.74555555555556,465.0,False,False
I-95 NB,GP,110P04156,2025-10-16,672.0,4,48.64187547782261,7600.0,96,1.05,51.07396925171374,True,4.371226880379222,30501.088256006507,4.013301086316646,336.77449728761087,599.0481101103642,23.04444444444444,510.0,False,False
I-95 NB,GP,110P04156,2025-10-17,672.0,4,48.64187547782261,7600.0,96,1.05,51.07396925171374,True,2.225854493956272,16677.04272897647,2.194347727496904,370.79995938090167,504.351229018278,39.065555555555555,420.0,False,False
I-95 NB,GP,110P04156,2025-10-20,672.0,4,48.64187547782261,7600.0,96,1.05,51.07396925171374,True,1.2897692360445272,9355.659480880844,1.23100782643169,415.0340569932082,492.4202111558798,42.06111111111111,450.0,False,False
I-95 NB,GP,110P04156,2025-10-21,672.0,4,48.64187547782261,7600.0,96,1.05,51.07396925171374,True,1.6386868333108926,12882.42121032209,1.6950554224108014,371.30262721270157,469.6238372113551,36.436666666666675,405.0,False,False
I-95 NB,GP,110P04156,2025-10-22,672.0,4,48.64187547782261,7600.0,96,1.05,51.07396925171374,True,3.211706672441385,21474.390353396495,2.8255776780784863,345.79802438209646,538.5004247285796,33.11555555555555,450.0,False,False
I-95 NB,GP,110P04156,2025-10-23,672.0,4,48.64187547782261,7600.0,96,1.05,51.07396925171374,True,3.153396810945935,21253.102891404877,2.7964609067637998,349.61885723533874,538.8226658920948,30.707777777777782,390.0,False,False
I-95 NB,GP,110P04156,2025-10-24,672.0,4,48.64187547782261,7600.0,96,1.05,51.07396925171374,True,2.5867006979317013,18352.484029320072,2.414800530173694,352.06702702087375,507.2690688967758,33.91444444444445,405.0,False,False
I-95 NB,GP,110P04156,2025-10-27,672.0,4,48.64187547782261,7600.0,96,1.05,51.07396925171374,True,2.7303157012343746,20121.707421985306,2.6475930818401716,340.45505300053185,504.2739950745943,36.48555555555555,390.0,False,False
I-95 NB,GP,110P04156,2025-10-28,672.0,4,48.64187547782261,7600.0,96,1.05,51.07396925171374,True,2.9110429131049758,21806.058072567106,2.8692181674430404,351.7990702917429,526.4616450780414,33.25888888888889,390.0,False,False
I-95 NB,GP,110P04156,2025-10-29,672.0,4,48.64187547782261,7600.0,96,1.05,51.07396925171374,True,3.78809190588175,27418.781662659378,3.6077344292972864,327.66720626157553,554.9527206144805,32.312222222222225,495.0,False,False
I-95 NB,GP,110P04156,2025-10-30,672.0,4,48.64187547782261,7600.0,96,1.05,51.07396925171374,True,4.6205008112250905,33207.04915148523,4.369348572563847,330.69413057241974,607.9241792459252,33.86000000000001,450.0,False,False
I-95 NB,GP,110P04156,2025-10-31,672.0,4,48.64187547782261,7600.0,96,1.05,51.07396925171374,True,2.252715903386029,16327.916817045503,2.1484101075059874,387.7691291169287,522.9320833200904,32.955555555555556,480.0,False,False
I-95 NB,GP,110+04157,2025-10-01,673.0,4,48.92471819029723,7600.0,96,1.05,51.37095409981209,True,5.133363223637847,33262.3328325016,4.376622741118632,333.12386404454935,641.1256574628202,20.87888888888888,570.0,False,False
I-95 NB,GP,110+04157,2025-10-02,673.0,4,48.92471819029723,7600.0,96,1.05,51.37095409981209,True,2.144250059129405,16825.02344399267,2.213818874209562,355.3246718321097,483.979675379874,38.25555555555555,390.0,False,False
I-95 NB,GP,110+04157,2025-10-03,673.0,4,48.92471819029723,7600.0,96,1.05,51.37095409981209,True,1.7945887954305941,14992.477562465589,1.9726944161138933,372.36964760703853,480.0449753328742,41.00555555555555,405.0,False,False
I-95 NB,GP,110+04157,2025-10-06,673.0,4,48.92471819029723,7600.0,96,1.05,51.37095409981209,True,2.6871911128044275,20557.67116235008,2.7049567318881684,354.9088679882015,516.1403347564672,41.04666666666666,480.0,False,False
I-95 NB,GP,110+04157,2025-10-07,673.0,4,48.92471819029723,7600.0,96,1.05,51.37095409981209,True,2.880151690098856,22410.780318087025,2.948786883958819,354.64152886946266,527.450630275394,42.27777777777778,405.0,False,False
I-95 NB,GP,110+04157,2025-10-08,673.0,4,48.92471819029723,7600.0,96,1.05,51.37095409981209,True,3.8905705572125764,26894.06507319225,3.538692772788454,334.14442373239456,567.5786571651491,29.78222222222222,510.0,False,False
I-95 NB,GP,110+04157,2025-10-09,673.0,4,48.92471819029723,7600.0,96,1.05,51.37095409981209,True,3.4420315349287742,25897.927494612606,3.4076220387648166,339.80232424160636,546.3242163373328,38.577777777777776,510.0,False,False
I-95 NB,GP,110+04157,2025-10-10,673.0,4,48.92471819029723,7600.0,96,1.05,51.37095409981209,True,2.868275139742635,14615.637527635363,1.923110201004653,333.5347651459161,505.6312735304742,7.375555555555555,405.0,False,False
I-95 NB,GP,110+04157,2025-10-13,673.0,4,48.92471819029723,7600.0,96,1.05,51.37095409981209,False,0.0,0.0,0.0,,,,,False,False
I-95 NB,GP,110+04157,2025-10-14,673.0,4,48.92471819029723,7600.0,96,1.05,51.37095409981209,True,4.114725356415149,29977.51830712563,3.944410303569162,342.8359911518721,589.719512536781,27.631111111111114,525.0,False,False
I-95 NB,GP,110+04157,2025-10-15,673.0,4,48.92471819029723,7600.0,96,1.05,51.37095409981209,True,3.2588706459709766,23512.370495099767,3.093732959881548,342.98986592746087,538.5221046857195,34.52555555555556,480.0,False,False
I-95 NB,GP,110+04157,2025-10-16,673.0,4,48.92471819029723,7600.0,96,1.05,51.37095409981209,True,4.332087853458879,30877.78676648101,4.062866679800133,333.52677537010777,593.4520465776405,25.582222222222224,510.0,False,False
I-95 NB,GP,110+04157,2025-10-17,673.0,4,48.92471819029723,7600.0,96,1.05,51.37095409981209,True,2.149667148853571,16813.68726932406,2.2123272722794813,366.6207224081039,495.60075133931815,41.15111111111111,390.0,False,False
I-95 NB,GP,110+04157,2025-10-20,673.0,4,48.92471819029723,7600.0,96,1.05,51.37095409981209,True,0.9008582850923508,7506.852807422589,0.9877437904503407,418.6618584211164,472.71335552665744,47.608888888888885,450.0,False,False
I-95 NB,GP,110+04157,2025-10-21,673.0,4,48.92471819029723,7600.0,96,1.05,51.37095409981209,True,1.462214990864365,11180.631717654884,1.471135752323011,373.0708331415522,460.8037325934141,39.607777777777784,405.0,False,False
I-95 NB,GP,110+04157,2025-10-22,673.0,4,48.92471819029723,7600.0,96,1.05,51.37095409981209,True,3.210842607576976,23737.609203333894,3.1233696320176176,341.6831989076472,534.3337553622657,35.31444444444443,390.0,False,False
I-95 NB,GP,110+04157,2025-10-23,673.0,4,48.92471819029723,7600.0,96,1.05,51.37095409981209,True,3.2131808073551933,23513.67875901521,3.093905099870422,352.2729043552629,545.0637527965745,32.083333333333336,390.0,False,False
I-95 NB,GP,110+04157,2025-10-24,673.0,4,48.92471819029723,7600.0,96,1.05,51.37095409981209,True,2.6339804829359528,18437.575386556964,2.425996761389074,345.1956469462364,503.2344759223936,36.410000000000004,405.0,False,False
I-95 NB,GP,110+04157,2025-10-27,673.0,4,48.92471819029723,7600.0,96,1.05,51.37095409981209,True,2.3113895948628795,16534.79386842067,2.1756307721606145,340.0155421998455,478.6989178916183,36.94111111111111,375.0,False,False
I-95 NB,GP,110+04157,2025-10-28,673.0,4,48.92471819029723,7600.0,96,1.05,51.37095409981209,True,2.8053620889614903,20326.306038998562,2.6745139524998107,353.4048690625561,521.7265944002455,36.65333333333333,390.0,False,False
I-95 NB,GP,110+04157,2025-10-29,673.0,4,48.92471819029723,7600.0,96,1.05,51.37095409981209,True,3.4808048461019117,25985.01256784523,3.419080601032267,326.77666810890014,535.6249588750148,38.47777777777778,495.0,False,False
I-95 NB,GP,110+04157,2025-10-30,673.0,4,48.92471819029723,7600.0,96,1.05,51.37095409981209,True,4.244248897056326,31261.79841626489,4.113394528455906,328.15572620046,582.8106600238395,34.668888888888894,420.0,False,False
I-95 NB,GP,110+04157,2025-10-31,673.0,4,48.92471819029723,7600.0,96,1.05,51.37095409981209,True,2.1324208722351536,16153.258365721085,2.125428732331722,400.13059399687734,528.0758463309866,31.087777777777774,495.0,False,False
I-95 NB,GP,110P04157,2025-10-01,674.0,4,48.076190052873365,7600.0,96,1.05,50.47999955551703,True,5.03789108914189,33123.44942849412,4.358348609012384,340.8659229051248,643.1393882536382,19.492222222222235,525.0,False,False
I-95 NB,GP,110P04157,2025-10-02,674.0,4,48.076190052873365,7600.0,96,1.05,50.47999955551703,True,2.2639648471718394,16902.365195623497,2.223995420476776,347.5171636156598,483.35505444597015,40.79111111111111,375.0,False,False
I-95 NB,GP,110P04157,2025-10-03,674.0,4,48.076190052873365,7600.0,96,1.05,50.47999955551703,True,1.4225685578821679,11326.87403796177,1.4903781628897066,374.6040281880358,459.95814166096585,44.84222222222221,405.0,False,False
I-95 NB,GP,110P04157,2025-10-06,674.0,4,48.076190052873365,7600.0,96,1.05,50.47999955551703,True,2.7045181104749814,20707.36015212555,2.724652651595467,351.75317576309203,514.0242623915909,42.03444444444444,495.0,False,False
I-95 NB,GP,110P04157,2025-10-07,674.0,4,48.076190052873365,7600.0,96,1.05,50.47999955551703,True,2.8684643857540766,22321.53875238596,2.937044572682363,355.6688757617272,527.7767389069718,35.55111111111111,495.0,False,False
I-95 NB,GP,110P04157,2025-10-08,674.0,4,48.076190052873365,7600.0,96,1.05,50.47999955551703,True,3.999694671032545,29293.030932617577,3.854346175344418,332.64222207002973,572.6239023319824,30.054444444444442,510.0,False,False
I-95 NB,GP,110P04157,2025-10-09,674.0,4,48.076190052873365,7600.0,96,1.05,50.47999955551703,True,3.396971385768206,26233.08347961014,3.4517215104750187,340.66056806230137,544.4788512083937,38.39222222222222,510.0,False,False
I-95 NB,GP,110P04157,2025-10-10,674.0,4,48.076190052873365,7600.0,96,1.05,50.47999955551703,True,2.9701843913343215,17378.920682555028,2.286700089809872,332.26979814881867,510.48086162887796,10.657777777777776,405.0,False,False
I-95 NB,GP,110P04157,2025-10-13,674.0,4,48.076190052873365,7600.0,96,1.05,50.47999955551703,False,0.0,0.0,0.0,,,,,False,False
I-95 NB,GP,110P04157,2025-10-14,674.0,4,48.076190052873365,7600.0,96,1.05,50.47999955551703,True,4.151751360596866,30501.478851054097,4.0133524804018545,341.2672838712074,590.3723655070194,26.055555555555554,495.0,False,False
I-95 NB,GP,110P04157,2025-10-15,674.0,4,48.076190052873365,7600.0,96,1.05,50.47999955551703,True,3.2438503866125483,23818.64436614003,3.1340321534394775,344.39181726467115,539.022840461424,32.54555555555555,480.0,False,False
I-95 NB,GP,110P04157,2025-10-16,674.0,4,48.076190052873365,7600.0,96,1.05,50.47999955551703,True,4.210725039804407,30936.664941868792,4.070613808140631,337.27128430757944,589.9147866958439,23.474444444444455,510.0,False,False
I-95 NB,GP,110P04157,2025-10-17,674.0,4,48.076190052873365,7600.0,96,1.05,50.47999955551703,True,2.118642561298264,17055.486449187338,2.244142953840439,368.2873726106299,495.40592628852573,45.80444444444444,390.0,False,False
I-95 NB,GP,110P04157,2025-10-20,674.0,4,48.076190052873365,7600.0,96,1.05,50.47999955551703,True,0.6903652436892088,5660.500484108923,0.7448026952774899,419.3959071393776,460.8178217607301,47.90777777777777,435.0,False,False
I-95 NB,GP,110P04157,2025-10-21,674.0,4,48.076190052873365,7600.0,96,1.05,50.47999955551703,True,1.3015486872906044,11369.224596241294,1.4959506047685913,374.15265528127173,452.245576518708,44.72777777777778,405.0,False,False
I-95 NB,GP,110P04157,2025-10-22,674.0,4,48.076190052873365,7600.0,96,1.05,50.47999955551703,True,3.290589712704003,24122.081539772596,3.1739580973384993,341.0737684900848,538.509151252325,35.422222222222224,510.0,False,False
I-95 NB,GP,110P04157,2025-10-23,674.0,4,48.076190052873365,7600.0,96,1.05,50.47999955551703,True,3.283643299738176,24194.255220634026,3.183454634293951,353.31634730779234,550.3349452920829,39.25222222222222,510.0,False,False
I-95 NB,GP,110P04157,2025-10-24,674.0,4,48.076190052873365,7600.0,96,1.05,50.47999955551703,True,2.434143269465871,18910.40712592387,2.4882114639373514,350.37475967130564,496.4233558392579,42.66777777777778,405.0,False,False
I-95 NB,GP,110P04157,2025-10-27,674.0,4,48.076190052873365,7600.0,96,1.05,50.47999955551703,True,2.014751844930067,14980.51519779972,1.971120420763121,343.02408737550167,463.9091980713057,39.51888888888889,375.0,False,False
I-95 NB,GP,110P04157,2025-10-28,674.0,4,48.076190052873365,7600.0,96,1.05,50.47999955551703,True,2.734210419055528,20643.120496298052,2.7162000653023752,357.81765841598457,521.8702835593162,41.70888888888888,390.0,False,False
I-95 NB,GP,110P04157,2025-10-29,674.0,4,48.076190052873365,7600.0,96,1.05,50.47999955551703,True,3.4250459955376424,26173.451013568756,3.44387513336431,329.3504712942783,534.8532310265368,37.55888888888889,495.0,False,False
I-95 NB,GP,110P04157,2025-10-30,674.0,4,48.076190052873365,7600.0,96,1.05,50.47999955551703,True,4.248226668658175,31724.57520944326,4.17428621176885,326.21198248855916,581.1055826080496,37.33777777777778,405.0,False,False
I-95 NB,GP,110P04157,2025-10-31,674.0,4,48.076190052873365,7600.0,96,1.05,50.47999955551703,True,2.2508830044912096,16086.303449581528,2.1166188749449377,390.7831604212716,525.8361406907442,29.54444444444444,495.0,False,False
I-95 NB,GP,110+04158,2025-10-01,675.0,4,46.66162293710968,7600.0,96,1.05,48.99470408396516,True,4.61861812570461,30340.338762794774,3.9921498372098387,363.64532275431174,640.7624102965883,18.433333333333334,555.0,False,False
I-95 NB,GP,110+04158,2025-10-02,675.0,4,46.66162293710968,7600.0,96,1.05,48.99470408396516,True,1.110703715392009,9467.533585584917,1.2457281033664365,354.1830734933061,420.82529641682663,44.85333333333333,375.0,False,False
I-95 NB,GP,110+04158,2025-10-03,675.0,4,46.66162293710968,7600.0,96,1.05,48.99470408396516,True,0.6075436754315101,3795.7328276839717,0.4994385299584173,392.61597939874616,429.06859992463677,47.87555555555556,405.0,False,False
I-95 NB,GP,110+04158,2025-10-06,675.0,4,46.66162293710968,7600.0,96,1.05,48.99470408396516,True,0.9490181328198228,7456.474438313958,0.9811150576728892,460.13267932250955,517.0737672916989,41.78333333333334,495.0,False,False
I-95 NB,GP,110+04158,2025-10-07,675.0,4,46.66162293710968,7600.0,96,1.05,48.99470408396516,True,1.3325010424683144,8941.60374520061,1.1765268085790275,452.38300575191994,532.3330683000188,30.733333333333338,495.0,False,False
I-95 NB,GP,110+04158,2025-10-08,675.0,4,46.66162293710968,7600.0,96,1.05,48.99470408396516,True,3.9184707454372614,27599.531742448795,3.6315173345327363,333.08239219710555,568.1906369233412,29.585555555555555,510.0,False,False
I-95 NB,GP,110+04158,2025-10-09,675.0,4,46.66162293710968,7600.0,96,1.05,48.99470408396516,True,2.7518182446425716,20583.931887377363,2.70841209044439,376.901803043244,542.0108977217983,38.835555555555565,510.0,False,False
I-95 NB,GP,110+04158,2025-10-10,675.0,4,46.66162293710968,7600.0,96,1.05,48.99470408396516,True,2.7201340421795113,15638.484598329253,2.057695341885428,331.5555682967716,494.76361082754227,18.052222222222227,405.0,False,False
I-95 NB,GP,110+04158,2025-10-13,675.0,4,46.66162293710968,7600.0,96,1.05,48.99470408396516,False,0.0,0.0,0.0,,,,,False,False
I-95 NB,GP,110+04158,2025-10-14,675.0,4,46.66162293710968,7600.0,96,1.05,48.99470408396516,True,3.932138651506881,28988.908892469986,3.8143301174302615,352.8319463508394,588.7602654412523,25.257777777777786,510.0,False,False
I-95 NB,GP,110+04158,2025-10-15,675.0,4,46.66162293710968,7600.0,96,1.05,48.99470408396516,True,3.0141416284904485,23930.30537527903,3.148724391484083,359.5924642246785,540.4409619341054,32.71,480.0,False,False
I-95 NB,GP,110+04158,2025-10-16,675.0,4,46.66162293710968,7600.0,96,1.05,48.99470408396516,True,1.7965115945442705,12024.668903087,1.5821932767219737,459.27375178357903,567.0644474562353,22.461111111111112,510.0,False,False
I-95 NB,GP,110+04158,2025-10-17,675.0,4,46.66162293710968,7600.0,96,1.05,48.99470408396516,False,0.0,0.0,0.0,,,,,False,False
I-95 NB,GP,110+04158,2025-10-20,675.0,4,46.66162293710968,7600.0,96,1.05,48.99470408396516,False,0.0,0.0,0.0,,,,,False,False
I-95 NB,GP,110+04158,2025-10-21,675.0,4,46.66162293710968,7600.0,96,1.05,48.99470408396516,False,0.0,0.0,0.0,,,,,False,False
I-95 NB,GP,110+04158,2025-10-22,675.0,4,46.66162293710968,7600.0,96,1.05,48.99470408396516,True,1.5668232433483866,11379.49695446069,1.4973022308500907,352.2659880760132,446.27538267691637,46.71,375.0,False,False
I-95 NB,GP,110+04158,2025-10-23,675.0,4,46.66162293710968,7600.0,96,1.05,48.99470408396516,True,1.0978606587748345,7338.197192152161,0.9655522621252843,481.03822214263835,546.9098616691284,38.32,510.0,False,False
I-95 NB,GP,110+04158,2025-10-24,675.0,4,46.66162293710968,7600.0,96,1.05,48.99470408396516,False,0.0,0.0,0.0,,,,,False,False
I-95 NB,GP,110+04158,2025-10-27,675.0,4,46.66162293710968,7600.0,96,1.05,48.99470408396516,True,1.4129235031452083,11392.401153567158,1.4990001517851523,356.52843647018506,441.30384665889756,45.24666666666666,375.0,False,False
I-95 NB,GP,110+04158,2025-10-28,675.0,4,46.66162293710968,7600.0,96,1.05,48.99470408396516,True,2.4500086403684462,18841.72339807343,2.4791741313254514,373.3885006184461,520.3890190405529,41.801111111111105,495.0,False,False
I-95 NB,GP,110+04158,2025-10-29,675.0,4,46.66162293710968,7600.0,96,1.05,48.99470408396516,True,1.391476648694326,11133.976321011909,1.4649968843436723,449.24706863291726,532.7356675545768,37.33111111111111,495.0,False,False
I-95 NB,GP,110+04158,2025-10-30,675.0,4,46.66162293710968,7600.0,96,1.05,48.99470408396516,True,3.4479670205624604,26340.789381454226,3.4658933396650298,329.55028496181126,536.4283061955589,39.623333333333335,405.0,False,False
I-95 NB,GP,110+04158,2025-10-31,675.0,4,46.66162293710968,7600.0,96,1.05,48.99470408396516,True,1.9180330418526979,12813.486643321541,1.6859850846475712,408.6454523748289,523.7274348859908,33.72222222222222,495.0,False,False
I-95 NB,GP,110P04159,2025-10-01,676.001,4,47.517575695736,7600.0,96,1.05,49.8934544805228,True,2.549250473043126,14249.218475504751,1.8748971678295725,439.5699617724514,592.524990155039,8.831111111111111,525.0,False,False
I-95 NB,GP,110P04159,2025-10-02,676.001,4,47.517575695736,7600.0,96,1.05,49.8934544805228,True,1.7498125605863275,8923.08936461622,1.1740907058705554,480.59633751685004,585.5850911520297,8.32111111111111,525.0,False,False
I-95 NB,GP,110P04159,2025-10-03,676.001,4,47.517575695736,7600.0,96,1.05,49.8934544805228,False,0.0,0.0,0.0,,,,,False,False
I-95 NB,GP,110P04159,2025-10-06,676.001,4,47.517575695736,7600.0,96,1.05,49.8934544805228,False,0.0,0.0,0.0,,,,,False,False
I-95 NB,GP,110P04159,2025-10-07,676.001,4,47.517575695736,7600.0,96,1.05,49.8934544805228,False,0.0,0.0,0.0,,,,,False,False
I-95 NB,GP,110P04159,2025-10-08,676.001,4,47.517575695736,7600.0,96,1.05,49.8934544805228,True,1.2461813770948775,7910.584232041312,1.0408663463212253,485.08502101394066,559.8559036396333,19.063333333333333,525.0,False,False
I-95 NB,GP,110P04159,2025-10-09,676.001,4,47.517575695736,7600.0,96,1.05,49.8934544805228,True,1.7355728382986237,11691.307551590551,1.5383299409987568,455.95116942298847,560.0855397209059,20.412222222222226,510.0,False,False
I-95 NB,GP,110P04159,2025-10-10,676.001,4,47.517575695736,7600.0,96,1.05,49.8934544805228,False,0.0,0.0,0.0,,,,,False,False
I-95 NB,GP,110P04159,2025-10-13,676.001,4,47.517575695736,7600.0,96,1.05,49.8934544805228,False,0.0,0.0,0.0,,,,,False,False
I-95 NB,GP,110P04159,2025-10-14,676.001,4,47.517575695736,7600.0,96,1.05,49.8934544805228,True,1.0404304898865273,6708.839633842663,0.8827420570845609,500.552923525152,562.9787529183436,30.38,540.0,False,False
I-95 NB,GP,110P04159,2025-10-15,676.001,4,47.517575695736,7600.0,96,1.05,49.8934544805228,True,1.4164848606090714,9293.35364190887,1.2228096897248515,472.8271167716627,557.816208408207,17.748888888888885,510.0,False,False
I-95 NB,GP,110P04159,2025-10-16,676.001,4,47.517575695736,7600.0,96,1.05,49.8934544805228,True,1.7793452209983125,9522.008702784224,1.2528958819452927,469.14054524432976,575.9012585042285,11.124444444444444,510.0,False,False
I-95 NB,GP,110P04159,2025-10-17,676.001,4,47.517575695736,7600.0,96,1.05,49.8934544805228,False,0.0,0.0,0.0,,,,,False,False
I-95 NB,GP,110P04159,2025-10-20,676.001,4,47.517575695736,7600.0,87,1.05,49.8934544805228,False,0.0,0.0,0.0,,,,,False,False
I-95 NB,GP,110P04159,2025-10-21,676.001,4,47.517575695736,7600.0,96,1.05,49.8934544805228,False,0.0,0.0,0.0,,,,,False,False
I-95 NB,GP,110P04159,2025-10-22,676.001,4,47.517575695736,7600.0,96,1.05,49.8934544805228,False,0.0,0.0,0.0,,,,,False,False
I-95 NB,GP,110P04159,2025-10-23,676.001,4,47.517575695736,7600.0,96,1.05,49.8934544805228,True,0.6703991514207767,3563.038951271089,0.4688209146409328,497.20546360996826,537.4294126952149,42.19777777777778,510.0,False,False
I-95 NB,GP,110P04159,2025-10-24,676.001,4,47.517575695736,7600.0,96,1.05,49.8934544805228,False,0.0,0.0,0.0,,,,,False,False
I-95 NB,GP,110P04159,2025-10-27,676.001,4,47.517575695736,7600.0,96,1.05,49.8934544805228,False,0.0,0.0,0.0,,,,,False,False
I-95 NB,GP,110P04159,2025-10-28,676.001,4,47.517575695736,7600.0,96,1.05,49.8934544805228,True,1.7661517995228384,12211.857206037686,1.606823316583906,443.67486602272623,549.6439739940965,33.87777777777777,525.0,False,False
I-95 NB,GP,110P04159,2025-10-29,676.001,4,47.517575695736,7600.0,96,1.05,49.8934544805228,False,0.0,0.0,0.0,,,,,False,False
I-95 NB,GP,110P04159,2025-10-30,676.001,4,47.517575695736,7600.0,96,1.05,49.8934544805228,False,0.0,0.0,0.0,,,,,False,False
I-95 NB,GP,110P04159,2025-10-31,676.001,4,47.517575695736,7600.0,96,1.05,49.8934544805228,True,0.5534518537412377,3728.8027993379255,0.490631947281306,521.0664065406992,554.2735177651734,45.63888888888889,540.0,False,False
I-95 NB,GP,110P04146,2025-10-01,652.0,3,50.904617177619556,6000.0,96,1.1,55.99507889538152,False,0.0,0.0,0.0,,,,,False,False
I-95 NB,GP,110P04146,2025-10-02,652.0,3,50.904617177619556,6000.0,96,1.1,55.99507889538152,False,0.0,0.0,0.0,,,,,False,False
I-95 NB,GP,110P04146,2025-10-03,652.0,3,50.904617177619556,6000.0,96,1.1,55.99507889538152,False,0.0,0.0,0.0,,,,,False,False
I-95 NB,GP,110P04146,2025-10-06,652.0,3,50.904617177619556,6000.0,96,1.1,55.99507889538152,False,0.0,0.0,0.0,,,,,False,False
I-95 NB,GP,110P04146,2025-10-07,652.0,3,50.904617177619556,6000.0,96,1.1,55.99507889538152,False,0.0,0.0,0.0,,,,,False,False
I-95 NB,GP,110P04146,2025-10-08,652.0,3,50.904617177619556,6000.0,96,1.1,55.99507889538152,False,0.0,0.0,0.0,,,,,False,False
I-95 NB,GP,110P04146,2025-10-09,652.0,3,50.904617177619556,6000.0,96,1.1,55.99507889538152,False,0.0,0.0,0.0,,,,,False,False
I-95 NB,GP,110P04146,2025-10-10,652.0,3,50.904617177619556,6000.0,96,1.1,55.99507889538152,False,0.0,0.0,0.0,,,,,False,False
I-95 NB,GP,110P04146,2025-10-13,652.0,3,50.904617177619556,6000.0,96,1.1,55.99507889538152,False,0.0,0.0,0.0,,,,,False,False
I-95 NB,GP,110P04146,2025-10-14,652.0,3,50.904617177619556,6000.0,96,1.1,55.99507889538152,False,0.0,0.0,0.0,,,,,False,False
I-95 NB,GP,110P04146,2025-10-15,652.0,3,50.904617177619556,6000.0,96,1.1,55.99507889538152,False,0.0,0.0,0.0,,,,,False,False
I-95 NB,GP,110P04146,2025-10-16,652.0,3,50.904617177619556,6000.0,96,1.1,55.99507889538152,False,0.0,0.0,0.0,,,,,False,False
I-95 NB,GP,110P04146,2025-10-17,652.0,3,50.904617177619556,6000.0,96,1.1,55.99507889538152,False,0.0,0.0,0.0,,,,,False,False
I-95 NB,GP,110P04146,2025-10-20,652.0,3,50.904617177619556,6000.0,96,1.1,55.99507889538152,False,0.0,0.0,0.0,,,,,False,False
I-95 NB,GP,110P04146,2025-10-21,652.0,3,50.904617177619556,6000.0,96,1.1,55.99507889538152,False,0.0,0.0,0.0,,,,,False,False
I-95 NB,GP,110P04146,2025-10-22,652.0,3,50.904617177619556,6000.0,96,1.1,55.99507889538152,False,0.0,0.0,0.0,,,,,False,False
I-95 NB,GP,110P04146,2025-10-23,652.0,3,50.904617177619556,6000.0,96,1.1,55.99507889538152,False,0.0,0.0,0.0,,,,,False,False
I-95 NB,GP,110P04146,2025-10-24,652.0,3,50.904617177619556,6000.0,96,1.1,55.99507889538152,False,0.0,0.0,0.0,,,,,False,False
I-95 NB,GP,110P04146,2025-10-27,652.0,3,50.904617177619556,6000.0,96,1.1,55.99507889538152,False,0.0,0.0,0.0,,,,,False,False
I-95 NB,GP,110P04146,2025-10-28,652.0,3,50.904617177619556,6000.0,96,1.1,55.99507889538152,False,0.0,0.0,0.0,,,,,False,False
I-95 NB,GP,110P04146,2025-10-29,652.0,3,50.904617177619556,6000.0,96,1.1,55.99507889538152,False,0.0,0.0,0.0,,,,,False,False
I-95 NB,GP,110P04146,2025-10-30,652.0,3,50.904617177619556,6000.0,96,1.1,55.99507889538152,True,2.576873300619916,11027.239102687405,1.837873183781234,370.16573020456036,524.7781282417553,9.64111111111111,420.0,False,False
I-95 NB,GP,110P04146,2025-10-31,652.0,3,50.904617177619556,6000.0,96,1.1,55.99507889538152,False,0.0,0.0,0.0,,,,,False,False
I-95 NB,GP,110+04147,2025-10-01,653.0,3,50.91168824543143,6000.0,96,1.1,56.002857069974574,False,0.0,0.0,0.0,,,,,False,False
I-95 NB,GP,110+04147,2025-10-02,653.0,3,50.91168824543143,6000.0,96,1.1,56.002857069974574,False,0.0,0.0,0.0,,,,,False,False
I-95 NB,GP,110+04147,2025-10-03,653.0,3,50.91168824543143,6000.0,96,1.1,56.002857069974574,False,0.0,0.0,0.0,,,,,False,False
I-95 NB,GP,110+04147,2025-10-06,653.0,3,50.91168824543143,6000.0,96,1.1,56.002857069974574,False,0.0,0.0,0.0,,,,,False,False
I-95 NB,GP,110+04147,2025-10-07,653.0,3,50.91168824543143,6000.0,96,1.1,56.002857069974574,False,0.0,0.0,0.0,,,,,False,False
I-95 NB,GP,110+04147,2025-10-08,653.0,3,50.91168824543143,6000.0,96,1.1,56.002857069974574,False,0.0,0.0,0.0,,,,,False,False
I-95 NB,GP,110+04147,2025-10-09,653.0,3,50.91168824543143,6000.0,96,1.1,56.002857069974574,False,0.0,0.0,0.0,,,,,False,False
I-95 NB,GP,110+04147,2025-10-10,653.0,3,50.91168824543143,6000.0,96,1.1,56.002857069974574,False,0.0,0.0,0.0,,,,,False,False
I-95 NB,GP,110+04147,2025-10-13,653.0,3,50.91168824543143,6000.0,96,1.1,56.002857069974574,False,0.0,0.0,0.0,,,,,False,False
I-95 NB,GP,110+04147,2025-10-14,653.0,3,50.91168824543143,6000.0,96,1.1,56.002857069974574,False,0.0,0.0,0.0,,,,,False,False
I-95 NB,GP,110+04147,2025-10-15,653.0,3,50.91168824543143,6000.0,96,1.1,56.002857069974574,False,0.0,0.0,0.0,,,,,False,False
I-95 NB,GP,110+04147,2025-10-16,653.0,3,50.91168824543143,6000.0,96,1.1,56.002857069974574,False,0.0,0.0,0.0,,,,,False,False
I-95 NB,GP,110+04147,2025-10-17,653.0,3,50.91168824543143,6000.0,96,1.1,56.002857069974574,False,0.0,0.0,0.0,,,,,False,False
I-95 NB,GP,110+04147,2025-10-20,653.0,3,50.91168824543143,6000.0,96,1.1,56.002857069974574,False,0.0,0.0,0.0,,,,,False,False
I-95 NB,GP,110+04147,2025-10-21,653.0,3,50.91168824543143,6000.0,96,1.1,56.002857069974574,False,0.0,0.0,0.0,,,,,False,False
I-95 NB,GP,110+04147,2025-10-22,653.0,3,50.91168824543143,6000.0,96,1.1,56.002857069974574,False,0.0,0.0,0.0,,,,,False,False
I-95 NB,GP,110+04147,2025-10-23,653.0,3,50.91168824543143,6000.0,96,1.1,56.002857069974574,False,0.0,0.0,0.0,,,,,False,False
I-95 NB,GP,110+04147,2025-10-24,653.0,3,50.91168824543143,6000.0,96,1.1,56.002857069974574,False,0.0,0.0,0.0,,,,,False,False
I-95 NB,GP,110+04147,2025-10-27,653.0,3,50.91168824543143,6000.0,96,1.1,56.002857069974574,False,0.0,0.0,0.0,,,,,False,False
I-95 NB,GP,110+04147,2025-10-28,653.0,3,50.91168824543143,6000.0,96,1.1,56.002857069974574,False,0.0,0.0,0.0,,,,,False,False
I-95 NB,GP,110+04147,2025-10-29,653.0,3,50.91168824543143,6000.0,96,1.1,56.002857069974574,False,0.0,0.0,0.0,,,,,False,False
I-95 NB,GP,110+04147,2025-10-30,653.0,3,50.91168824543143,6000.0,96,1.1,56.002857069974574,True,2.7312039263331713,11892.319420763653,1.9820532367939423,364.91776816245965,528.7900037424499,8.363333333333328,420.0,False,False
I-95 NB,GP,110+04147,2025-10-31,653.0,3,50.91168824543143,6000.0,96,1.1,56.002857069974574,False,0.0,0.0,0.0,,,,,False,False
I-95 NB,GP,110P04147,2025-10-01,654.0,3,51.18038882228231,6000.0,96,1.1,56.298427704510544,False,0.0,0.0,0.0,,,,,False,False
I-95 NB,GP,110P04147,2025-10-02,654.0,3,51.18038882228231,6000.0,96,1.1,56.298427704510544,False,0.0,0.0,0.0,,,,,False,False
I-95 NB,GP,110P04147,2025-10-03,654.0,3,51.18038882228231,6000.0,96,1.1,56.298427704510544,False,0.0,0.0,0.0,,,,,False,False
I-95 NB,GP,110P04147,2025-10-06,654.0,3,51.18038882228231,6000.0,96,1.1,56.298427704510544,False,0.0,0.0,0.0,,,,,False,False
I-95 NB,GP,110P04147,2025-10-07,654.0,3,51.18038882228231,6000.0,96,1.1,56.298427704510544,False,0.0,0.0,0.0,,,,,False,False
I-95 NB,GP,110P04147,2025-10-08,654.0,3,51.18038882228231,6000.0,96,1.1,56.298427704510544,False,0.0,0.0,0.0,,,,,False,False
I-95 NB,GP,110P04147,2025-10-09,654.0,3,51.18038882228231,6000.0,96,1.1,56.298427704510544,False,0.0,0.0,0.0,,,,,False,False
I-95 NB,GP,110P04147,2025-10-10,654.0,3,51.18038882228231,6000.0,96,1.1,56.298427704510544,False,0.0,0.0,0.0,,,,,False,False
I-95 NB,GP,110P04147,2025-10-13,654.0,3,51.18038882228231,6000.0,96,1.1,56.298427704510544,False,0.0,0.0,0.0,,,,,False,False
I-95 NB,GP,110P04147,2025-10-14,654.0,3,51.18038882228231,6000.0,96,1.1,56.298427704510544,False,0.0,0.0,0.0,,,,,False,False
I-95 NB,GP,110P04147,2025-10-15,654.0,3,51.18038882228231,6000.0,96,1.1,56.298427704510544,False,0.0,0.0,0.0,,,,,False,False
I-95 NB,GP,110P04147,2025-10-16,654.0,3,51.18038882228231,6000.0,96,1.1,56.298427704510544,False,0.0,0.0,0.0,,,,,False,False
I-95 NB,GP,110P04147,2025-10-17,654.0,3,51.18038882228231,6000.0,96,1.1,56.298427704510544,False,0.0,0.0,0.0,,,,,False,False
I-95 NB,GP,110P04147,2025-10-20,654.0,3,51.18038882228231,6000.0,96,1.1,56.298427704510544,False,0.0,0.0,0.0,,,,,False,False
I-95 NB,GP,110P04147,2025-10-21,654.0,3,51.18038882228231,6000.0,96,1.1,56.298427704510544,False,0.0,0.0,0.0,,,,,False,False
I-95 NB,GP,110P04147,2025-10-22,654.0,3,51.18038882228231,6000.0,96,1.1,56.298427704510544,False,0.0,0.0,0.0,,,,,False,False
I-95 NB,GP,110P04147,2025-10-23,654.0,3,51.18038882228231,6000.0,96,1.1,56.298427704510544,False,0.0,0.0,0.0,,,,,False,False
I-95 NB,GP,110P04147,2025-10-24,654.0,3,51.18038882228231,6000.0,96,1.1,56.298427704510544,False,0.0,0.0,0.0,,,,,False,False
I-95 NB,GP,110P04147,2025-10-27,654.0,3,51.18038882228231,6000.0,96,1.1,56.298427704510544,False,0.0,0.0,0.0,,,,,False,False
I-95 NB,GP,110P04147,2025-10-28,654.0,3,51.18038882228231,6000.0,96,1.1,56.298427704510544,False,0.0,0.0,0.0,,,,,False,False
I-95 NB,GP,110P04147,2025-10-29,654.0,3,51.18038882228231,6000.0,96,1.1,56.298427704510544,False,0.0,0.0,0.0,,,,,False,False
I-95 NB,GP,110P04147,2025-10-30,654.0,3,51.18038882228231,6000.0,96,1.1,56.298427704510544,True,2.8659682078595883,11154.208670324151,1.8590347783873584,360.9504504974239,532.9085429689992,7.834444444444446,405.0,False,False
I-95 NB,GP,110P04147,2025-10-31,654.0,3,51.18038882228231,6000.0,96,1.1,56.298427704510544,False,0.0,0.0,0.0,,,,,False,False
I-95 NB,GP,110+04148,2025-10-01,655.0,3,50.621774465144945,6000.0,96,1.1,55.68395191165944,False,0.0,0.0,0.0,,,,,False,False
I-95 NB,GP,110+04148,2025-10-02,655.0,3,50.621774465144945,6000.0,96,1.1,55.68395191165944,False,0.0,0.0,0.0,,,,,False,False
I-95 NB,GP,110+04148,2025-10-03,655.0,3,50.621774465144945,6000.0,96,1.1,55.68395191165944,False,0.0,0.0,0.0,,,,,False,False
I-95 NB,GP,110+04148,2025-10-06,655.0,3,50.621774465144945,6000.0,96,1.1,55.68395191165944,False,0.0,0.0,0.0,,,,,False,False
I-95 NB,GP,110+04148,2025-10-07,655.0,3,50.621774465144945,6000.0,96,1.1,55.68395191165944,True,1.1042002916072287,5610.512293962041,0.9350853823270069,487.47214719415103,553.7241646905848,34.44555555555556,525.0,False,False
I-95 NB,GP,110+04148,2025-10-08,655.0,3,50.621774465144945,6000.0,96,1.1,55.68395191165944,False,0.0,0.0,0.0,,,,,False,False
I-95 NB,GP,110+04148,2025-10-09,655.0,3,50.621774465144945,6000.0,96,1.1,55.68395191165944,False,0.0,0.0,0.0,,,,,False,False
I-95 NB,GP,110+04148,2025-10-10,655.0,3,50.621774465144945,6000.0,96,1.1,55.68395191165944,False,0.0,0.0,0.0,,,,,False,False
I-95 NB,GP,110+04148,2025-10-13,655.0,3,50.621774465144945,6000.0,96,1.1,55.68395191165944,False,0.0,0.0,0.0,,,,,False,False
I-95 NB,GP,110+04148,2025-10-14,655.0,3,50.621774465144945,6000.0,96,1.1,55.68395191165944,False,0.0,0.0,0.0,,,,,False,False
I-95 NB,GP,110+04148,2025-10-15,655.0,3,50.621774465144945,6000.0,96,1.1,55.68395191165944,False,0.0,0.0,0.0,,,,,False,False
I-95 NB,GP,110+04148,2025-10-16,655.0,3,50.621774465144945,6000.0,96,1.1,55.68395191165944,False,0.0,0.0,0.0,,,,,False,False
I-95 NB,GP,110+04148,2025-10-17,655.0,3,50.621774465144945,6000.0,96,1.1,55.68395191165944,False,0.0,0.0,0.0,,,,,False,False
I-95 NB,GP,110+04148,2025-10-20,655.0,3,50.621774465144945,6000.0,96,1.1,55.68395191165944,False,0.0,0.0,0.0,,,,,False,False
I-95 NB,GP,110+04148,2025-10-21,655.0,3,50.621774465144945,6000.0,96,1.1,55.68395191165944,False,0.0,0.0,0.0,,,,,False,False
I-95 NB,GP,110+04148,2025-10-22,655.0,3,50.621774465144945,6000.0,96,1.1,55.68395191165944,False,0.0,0.0,0.0,,,,,False,False
I-95 NB,GP,110+04148,2025-10-23,655.0,3,50.621774465144945,6000.0,96,1.1,55.68395191165944,False,0.0,0.0,0.0,,,,,False,False
I-95 NB,GP,110+04148,2025-10-24,655.0,3,50.621774465144945,6000.0,96,1.1,55.68395191165944,False,0.0,0.0,0.0,,,,,False,False
I-95 NB,GP,110+04148,2025-10-27,655.0,3,50.621774465144945,6000.0,96,1.1,55.68395191165944,False,0.0,0.0,0.0,,,,,False,False
I-95 NB,GP,110+04148,2025-10-28,655.0,3,50.621774465144945,6000.0,96,1.1,55.68395191165944,False,0.0,0.0,0.0,,,,,False,False
I-95 NB,GP,110+04148,2025-10-29,655.0,3,50.621774465144945,6000.0,96,1.1,55.68395191165944,False,0.0,0.0,0.0,,,,,False,False
I-95 NB,GP,110+04148,2025-10-30,655.0,3,50.621774465144945,6000.0,96,1.1,55.68395191165944,True,2.864133597263364,14447.86474190139,2.407977456983565,358.8271480971353,530.6751639329372,10.311111111111112,420.0,False,False
I-95 NB,GP,110+04148,2025-10-31,655.0,3,50.621774465144945,6000.0,96,1.1,55.68395191165944,False,0.0,0.0,0.0,,,,,False,False
I-95 NB,GP,110+04150,2025-10-01,659.0,2,50.063160108007565,4000.0,96,1.1,55.069476118808325,True,1.9435460096054242,7073.978514239659,1.7684946285599146,328.02204623819534,444.6348068145208,23.51222222222222,390.0,False,False
I-95 NB,GP,110+04150,2025-10-02,659.0,2,50.063160108007565,4000.0,96,1.1,55.069476118808325,False,0.0,0.0,0.0,,,,,False,False
I-95 NB,GP,110+04150,2025-10-03,659.0,2,50.063160108007565,4000.0,96,1.1,55.069476118808325,True,0.8478657405987301,2485.04292144897,0.6212607303622425,435.5143964474452,486.38634088336903,36.98222222222222,465.0,False,False
I-95 NB,GP,110+04150,2025-10-06,659.0,2,50.063160108007565,4000.0,96,1.1,55.069476118808325,True,0.6134233813677971,2947.693887017414,0.7369234717543535,403.22367979528315,440.02908267735097,48.44333333333333,420.0,False,False
I-95 NB,GP,110+04150,2025-10-07,659.0,2,50.063160108007565,4000.0,96,1.1,55.069476118808325,True,2.31008565808667,6053.772244752141,1.5134430611880352,397.1879404560792,535.7930799412794,11.072222222222221,450.0,False,False
I-95 NB,GP,110+04150,2025-10-08,659.0,2,50.063160108007565,4000.0,96,1.1,55.069476118808325,True,0.7439978293155615,2955.9527665960973,0.7389881916490243,322.49462586017836,367.13449561911204,45.67333333333334,345.0,False,False
I-95 NB,GP,110+04150,2025-10-09,659.0,2,50.063160108007565,4000.0,96,1.1,55.069476118808325,False,0.0,0.0,0.0,,,,,False,False
I-95 NB,GP,110+04150,2025-10-10,659.0,2,50.063160108007565,4000.0,96,1.1,55.069476118808325,False,0.0,0.0,0.0,,,,,False,False
I-95 NB,GP,110+04150,2025-10-13,659.0,2,50.063160108007565,4000.0,96,1.1,55.069476118808325,False,0.0,0.0,0.0,,,,,False,False
I-95 NB,GP,110+04150,2025-10-14,659.0,2,50.063160108007565,4000.0,96,1.1,55.069476118808325,True,0.7092369903893636,2954.4388688907175,0.7386097172226793,353.36466943657365,395.91888885993546,50.31111111111111,375.0,False,False
I-95 NB,GP,110+04150,2025-10-15,659.0,2,50.063160108007565,4000.0,96,1.1,55.069476118808325,False,0.0,0.0,0.0,,,,,False,False
I-95 NB,GP,110+04150,2025-10-16,659.0,2,50.063160108007565,4000.0,96,1.1,55.069476118808325,True,0.665580640989657,2818.8465518576118,0.704711637964403,311.251801534124,351.18663999350343,47.06111111111111,330.0,False,False
I-95 NB,GP,110+04150,2025-10-17,659.0,2,50.063160108007565,4000.0,96,1.1,55.069476118808325,False,0.0,0.0,0.0,,,,,False,False
I-95 NB,GP,110+04150,2025-10-20,659.0,2,50.063160108007565,4000.0,96,1.1,55.069476118808325,False,0.0,0.0,0.0,,,,,False,False
I-95 NB,GP,110+04150,2025-10-21,659.0,2,50.063160108007565,4000.0,96,1.1,55.069476118808325,True,1.801647712795085,5088.994652625811,1.2722486631564527,330.22076827241847,438.31963104012357,11.5,390.0,False,False
I-95 NB,GP,110+04150,2025-10-22,659.0,2,50.063160108007565,4000.0,96,1.1,55.069476118808325,False,0.0,0.0,0.0,,,,,False,False
I-95 NB,GP,110+04150,2025-10-23,659.0,2,50.063160108007565,4000.0,96,1.1,55.069476118808325,False,0.0,0.0,0.0,,,,,False,False
I-95 NB,GP,110+04150,2025-10-24,659.0,2,50.063160108007565,4000.0,96,1.1,55.069476118808325,True,1.5661695213818063,4223.466169908046,1.0558665424770115,528.9987094577181,622.9688807406264,11.662222222222221,570.0,False,False
I-95 NB,GP,110+04150,2025-10-27,659.0,2,50.063160108007565,4000.0,96,1.1,55.069476118808325,False,0.0,0.0,0.0,,,,,False,False
I-95 NB,GP,110+04150,2025-10-28,659.0,2,50.063160108007565,4000.0,96,1.1,55.069476118808325,True,1.8043990946055535,6359.627963930995,1.5899069909827488,420.3705460584068,528.63449173474,35.26111111111111,450.0,False,False
I-95 NB,GP,110+04150,2025-10-29,659.0,2,50.063160108007565,4000.0,96,1.1,55.069476118808325,True,0.9400272684696148,2570.787267827464,0.642696816956866,423.3574065491939,479.7590426573708,32.07222222222222,450.0,False,False
I-95 NB,GP,110+04150,2025-10-30,659.0,2,50.063160108007565,4000.0,96,1.1,55.069476118808325,True,2.0100111176869584,6421.014378974056,1.605253594743514,460.4105806716787,581.0112477328962,16.2,525.0,False,False
I-95 NB,GP,110+04150,2025-10-31,659.0,2,50.063160108007565,4000.0,96,1.1,55.069476118808325,False,0.0,0.0,0.0,,,,,False,False
I-95 NB,GP,110P04150,2025-10-01,660.0,3,50.204227910854286,5700.0,96,1.1,55.224650701939716,True,2.5262003361115632,10540.567746470508,1.8492224116614926,310.4077239590207,461.9797441257145,14.229999999999999,405.0,False,False
I-95 NB,GP,110P04150,2025-10-02,660.0,3,50.204227910854286,5700.0,96,1.1,55.224650701939716,True,1.1815076094494468,7065.9698735890715,1.2396438374717669,369.89036997987074,440.78082654683755,48.70444444444445,420.0,False,False
I-95 NB,GP,110P04150,2025-10-03,660.0,3,50.204227910854286,5700.0,96,1.1,55.224650701939716,True,2.5383468932294155,11646.338949994755,2.0432173596482026,335.97278408801185,488.2735976817768,18.506666666666668,450.0,False,False
I-95 NB,GP,110P04150,2025-10-06,660.0,3,50.204227910854286,5700.0,96,1.1,55.224650701939716,True,1.3772686845811828,7220.144074342163,1.266691942867046,384.74159225288156,467.37771332775253,20.884444444444444,420.0,False,False
I-95 NB,GP,110P04150,2025-10-07,660.0,3,50.204227910854286,5700.0,96,1.1,55.224650701939716,True,0.9300307683862162,3911.823077825995,0.6862847504957886,376.22344783733564,432.0252939405086,40.06777777777778,405.0,False,False
I-95 NB,GP,110P04150,2025-10-08,660.0,3,50.204227910854286,5700.0,96,1.1,55.224650701939716,True,2.3978954823992393,12337.833131798752,2.164532128385746,307.83732252248814,451.7110514664425,20.52333333333333,345.0,False,False
I-95 NB,GP,110P04150,2025-10-09,660.0,3,50.204227910854286,5700.0,96,1.1,55.224650701939716,True,2.2201090119053077,12149.297422562777,2.1314556881689084,317.8308857998822,451.03742651420066,34.633333333333326,345.0,False,False
I-95 NB,GP,110P04150,2025-10-10,660.0,3,50.204227910854286,5700.0,96,1.1,55.224650701939716,False,0.0,0.0,0.0,,,,,False,False
I-95 NB,GP,110P04150,2025-10-13,660.0,3,50.204227910854286,5700.0,96,1.1,55.224650701939716,False,0.0,0.0,0.0,,,,,False,False
I-95 NB,GP,110P04150,2025-10-14,660.0,3,50.204227910854286,5700.0,96,1.1,55.224650701939716,True,2.464184941778489,12246.239195114713,2.1484630166867915,311.74089181255454,459.59198831926386,19.806666666666665,375.0,False,False
I-95 NB,GP,110P04150,2025-10-15,660.0,3,50.204227910854286,5700.0,96,1.1,55.224650701939716,True,1.2801350272920027,6576.3133748388755,1.1537391885682238,354.41507760569226,431.2231792432124,34.408888888888896,390.0,False,False
I-95 NB,GP,110P04150,2025-10-16,660.0,3,50.204227910854286,5700.0,96,1.1,55.224650701939716,True,1.1531255098439062,6207.860643068728,1.0890983584331102,476.7576817132047,545.9452123038391,27.627777777777776,510.0,False,False
I-95 NB,GP,110P04150,2025-10-17,660.0,3,50.204227910854286,5700.0,96,1.1,55.224650701939716,False,0.0,0.0,0.0,,,,,False,False
I-95 NB,GP,110P04150,2025-10-20,660.0,3,50.204227910854286,5700.0,96,1.1,55.224650701939716,False,0.0,0.0,0.0,,,,,False,False
I-95 NB,GP,110P04150,2025-10-21,660.0,3,50.204227910854286,5700.0,96,1.1,55.224650701939716,True,2.080333311106481,7784.374483562675,1.365679733958364,319.30348107543267,444.12347974182154,9.96111111111111,390.0,False,False
I-95 NB,GP,110P04150,2025-10-22,660.0,3,50.204227910854286,5700.0,96,1.1,55.224650701939716,True,2.5323371776476846,13175.275530803814,2.311451847509441,308.41456869424513,460.3547993531062,31.70888888888889,390.0,False,False
I-95 NB,GP,110P04150,2025-10-23,660.0,3,50.204227910854286,5700.0,96,1.1,55.224650701939716,True,1.5395222847585879,9677.480815280482,1.6978036518035933,344.47401826466495,436.8453553501802,46.07555555555555,375.0,False,False
I-95 NB,GP,110P04150,2025-10-24,660.0,3,50.204227910854286,5700.0,96,1.1,55.224650701939716,True,1.954558609043476,6743.054666706703,1.1829920467906496,510.0416644299866,627.3151809725952,10.202222222222224,570.0,False,False
I-95 NB,GP,110P04150,2025-10-27,660.0,3,50.204227910854286,5700.0,96,1.1,55.224650701939716,False,0.0,0.0,0.0,,,,,False,False
I-95 NB,GP,110P04150,2025-10-28,660.0,3,50.204227910854286,5700.0,96,1.1,55.224650701939716,True,2.798153486249932,13119.03565608144,2.3015852028213053,366.0048426198957,533.8940517948917,14.658888888888889,450.0,False,False
I-95 NB,GP,110P04150,2025-10-29,660.0,3,50.204227910854286,5700.0,96,1.1,55.224650701939716,True,2.412053182383905,10850.73290791474,1.903637352265744,364.07105905419473,508.79424999722903,13.604444444444445,450.0,False,False
I-95 NB,GP,110P04150,2025-10-30,660.0,3,50.204227910854286,5700.0,96,1.1,55.224650701939716,True,2.3175595362581105,9700.08912664103,1.7017700222177248,452.2836747484882,591.3372469239748,13.933333333333337,510.0,False,False
I-95 NB,GP,110P04150,2025-10-31,660.0,3,50.204227910854286,5700.0,96,1.1,55.224650701939716,False,0.0,0.0,0.0,,,,,False,False
I-95 NB,GP,110+04151,2025-10-01,661.0,3,49.490403615246464,5700.0,96,1.1,54.439443976771116,True,3.7779356231134216,17450.7417963014,3.06153364847393,303.88263715109326,530.5587745378986,16.517777777777784,375.0,False,False
I-95 NB,GP,110+04151,2025-10-02,661.0,3,49.490403615246464,5700.0,96,1.1,54.439443976771116,True,4.1351131622146236,21050.948822251725,3.693148916184513,315.49482270346635,563.6016124363438,22.89,405.0,False,False
I-95 NB,GP,110+04151,2025-10-03,661.0,3,49.490403615246464,5700.0,96,1.1,54.439443976771116,True,4.498615364643735,20576.17149395592,3.6098546480624423,320.20860686376443,590.1255287423885,13.418888888888889,375.0,False,False
I-95 NB,GP,110+04151,2025-10-06,661.0,3,49.490403615246464,5700.0,96,1.1,54.439443976771116,True,2.7410122405505244,12046.105082756398,2.1133517689046313,315.17720387146744,479.6379383044989,16.75111111111111,435.0,False,False
I-95 NB,GP,110+04151,2025-10-07,661.0,3,49.490403615246464,5700.0,96,1.1,54.439443976771116,True,1.9624972893152668,9960.272169575357,1.7474161701009399,307.8657643657303,425.6156017246463,26.517777777777777,390.0,False,False
I-95 NB,GP,110+04151,2025-10-08,661.0,3,49.490403615246464,5700.0,96,1.1,54.439443976771116,True,2.6678167198755167,11346.25494763648,1.9905710434449966,303.27684359324167,463.34584678577266,18.605555555555558,345.0,False,False
I-95 NB,GP,110+04151,2025-10-09,661.0,3,49.490403615246464,5700.0,96,1.1,54.439443976771116,True,2.62021989473987,11658.773229739696,2.0453988122350344,307.26728139803265,464.48047508242485,21.47111111111111,345.0,False,False
I-95 NB,GP,110+04151,2025-10-10,661.0,3,49.490403615246464,5700.0,96,1.1,54.439443976771116,True,1.0292501642711065,5493.758634916407,0.9638173043712994,546.2715323686014,608.0265422248677,40.71666666666667,585.0,False,False
I-95 NB,GP,110+04151,2025-10-13,661.0,3,49.490403615246464,5700.0,96,1.1,54.439443976771116,False,0.0,0.0,0.0,,,,,False,False
I-95 NB,GP,110+04151,2025-10-14,661.0,3,49.490403615246464,5700.0,96,1.1,54.439443976771116,True,2.870310575381981,12123.312614494333,2.1268969499112864,302.8081359041734,475.0267704270923,16.883333333333336,375.0,False,False
I-95 NB,GP,110+04151,2025-10-15,661.0,3,49.490403615246464,5700.0,96,1.1,54.439443976771116,True,2.3384103025085796,12205.07998355493,2.1412421023780577,314.43929293509217,454.74391108560695,21.265555555555554,390.0,False,False
I-95 NB,GP,110+04151,2025-10-16,661.0,3,49.490403615246464,5700.0,96,1.1,54.439443976771116,True,4.187170536952916,19806.249823124923,3.474780670723671,300.844230407748,552.074462624923,22.939999999999998,510.0,False,False
I-95 NB,GP,110+04151,2025-10-17,661.0,3,49.490403615246464,5700.0,96,1.1,54.439443976771116,True,1.4046025294714108,6862.784512557704,1.2039972829048604,468.84343855987413,553.1195903281588,40.776666666666664,510.0,False,False
I-95 NB,GP,110+04151,2025-10-20,661.0,3,49.490403615246464,5700.0,96,1.1,54.439443976771116,True,0.9519753486415605,5050.606393820699,0.8860712971615261,482.9947841046051,540.1133050230987,32.80111111111111,510.0,False,False
I-95 NB,GP,110+04151,2025-10-21,661.0,3,49.490403615246464,5700.0,96,1.1,54.439443976771116,True,2.28374746864435,9051.464149539079,1.5879761665858032,308.4435156059876,445.4683637246486,11.64,375.0,False,False
I-95 NB,GP,110+04151,2025-10-22,661.0,3,49.490403615246464,5700.0,96,1.1,54.439443976771116,True,3.014589675667435,13546.183619149158,2.376523441955993,304.93318875171536,485.80856929176144,19.456666666666667,420.0,False,False
I-95 NB,GP,110+04151,2025-10-23,661.0,3,49.490403615246464,5700.0,96,1.1,54.439443976771116,True,2.7084008168441214,12239.685264592177,2.147313204314417,315.1411051078195,477.6451541184668,22.487777777777776,375.0,False,False
I-95 NB,GP,110+04151,2025-10-24,661.0,3,49.490403615246464,5700.0,96,1.1,54.439443976771116,True,2.2630774107773703,9037.789465560949,1.585577099221219,500.07053173487026,635.8551763815125,10.392222222222221,555.0,False,False
I-95 NB,GP,110+04151,2025-10-27,661.0,3,49.490403615246464,5700.0,96,1.1,54.439443976771116,True,2.667217756725455,14801.922196537582,2.596828455532909,310.2777529955806,470.3108183991079,35.148888888888884,345.0,False,False
I-95 NB,GP,110+04151,2025-10-28,661.0,3,49.490403615246464,5700.0,96,1.1,54.439443976771116,True,4.1504985448825105,20057.859226676967,3.5189226713468362,308.6557235094247,557.6856362023753,14.544444444444444,450.0,False,False
I-95 NB,GP,110+04151,2025-10-29,661.0,3,49.490403615246464,5700.0,96,1.1,54.439443976771116,True,3.312726617671309,14847.688768004395,2.6048576785972624,322.6381636979532,521.4017607582317,13.163333333333332,435.0,False,False
I-95 NB,GP,110+04151,2025-10-30,661.0,3,49.490403615246464,5700.0,96,1.1,54.439443976771116,True,2.509015632477004,11206.371319456302,1.9660300560449653,447.54471955490976,598.08565750353,16.173333333333336,510.0,False,False
I-95 NB,GP,110+04151,2025-10-31,661.0,3,49.490403615246464,5700.0,96,1.1,54.439443976771116,False,0.0,0.0,0.0,,,,,False,False
I-95 NB,GP,110P04151,2025-10-01,662.0,3,50.063160108007565,5700.0,96,1.1,55.069476118808325,True,5.191795762719385,25270.992507898532,4.4335074575260585,297.0044468314336,608.5121925945967,19.68,405.0,False,False
I-95 NB,GP,110P04151,2025-10-02,662.0,3,50.063160108007565,5700.0,96,1.1,55.069476118808325,True,5.1399051773845,23785.204291498096,4.17284285815756,303.15039671262866,611.5447073556986,21.63888888888889,390.0,False,False
I-95 NB,GP,110P04151,2025-10-03,662.0,3,50.063160108007565,5700.0,96,1.1,55.069476118808325,True,4.898079824014409,22602.1538679709,3.9652901522755966,317.93496220602344,611.819751646888,20.334444444444443,360.0,False,False
I-95 NB,GP,110P04151,2025-10-06,662.0,3,50.063160108007565,5700.0,96,1.1,55.069476118808325,True,4.887973400176134,22722.02332998292,3.986319882453144,305.4625751164398,598.7409791270078,18.10777777777778,405.0,False,False
I-95 NB,GP,110P04151,2025-10-07,662.0,3,50.063160108007565,5700.0,96,1.1,55.069476118808325,True,2.0948800870527844,9393.447394806917,1.6479732271591083,303.744214787244,429.43702001041106,20.189999999999998,390.0,False,False
I-95 NB,GP,110P04151,2025-10-08,662.0,3,50.063160108007565,5700.0,96,1.1,55.069476118808325,True,3.1935332168554,15056.434126403985,2.641479671298945,297.7814552662422,489.39344827756616,20.48,375.0,False,False
I-95 NB,GP,110P04151,2025-10-09,662.0,3,50.063160108007565,5700.0,96,1.1,55.069476118808325,True,5.134021315409962,24029.392819787583,4.215682950839927,302.15566654576264,610.1969454703603,20.258888888888887,435.0,False,False
I-95 NB,GP,110P04151,2025-10-10,662.0,3,50.063160108007565,5700.0,96,1.1,55.069476118808325,True,0.848836352900807,4258.907931148201,0.7471768300260002,407.6964176327901,458.6265988068385,46.98111111111112,435.0,False,False
I-95 NB,GP,110P04151,2025-10-13,662.0,3,50.063160108007565,5700.0,96,1.1,55.069476118808325,False,0.0,0.0,0.0,,,,,False,False
I-95 NB,GP,110P04151,2025-10-14,662.0,3,50.063160108007565,5700.0,96,1.1,55.069476118808325,True,4.10262160204067,18854.598787588424,3.3078243486997234,303.09015217101586,549.247448293456,18.506666666666668,405.0,False,False
I-95 NB,GP,110P04151,2025-10-15,662.0,3,50.063160108007565,5700.0,96,1.1,55.069476118808325,True,5.0142088919175185,23890.126683177798,4.19125029529435,304.8162273779653,605.6687608930164,20.19333333333333,420.0,False,False
I-95 NB,GP,110P04151,2025-10-16,662.0,3,50.063160108007565,5700.0,96,1.1,55.069476118808325,True,4.916716917788661,23307.403868681755,4.0890182225757465,296.35906102621004,591.3620760935297,20.307777777777776,405.0,False,False
I-95 NB,GP,110P04151,2025-10-17,662.0,3,50.063160108007565,5700.0,96,1.1,55.069476118808325,True,4.905351683299249,24602.060340564833,4.316150936941199,310.105933569823,604.4270345677779,23.112222222222226,405.0,False,False
I-95 NB,GP,110P04151,2025-10-20,662.0,3,50.063160108007565,5700.0,96,1.1,55.069476118808325,True,4.011526124613562,20085.01695968181,3.5236871859090892,308.97067639219745,549.6622438690111,20.2,510.0,False,False
I-95 NB,GP,110P04151,2025-10-21,662.0,3,50.063160108007565,5700.0,96,1.1,55.069476118808325,True,2.5423235773510604,10585.510207543462,1.8571070539549934,304.8123852528104,457.351799893874,13.514444444444445,405.0,False,False
I-95 NB,GP,110P04151,2025-10-22,662.0,3,50.063160108007565,5700.0,96,1.1,55.069476118808325,True,4.861706211827429,22087.054628202586,3.8749218645969448,304.28785946069917,595.9902321703449,19.655555555555555,420.0,False,False
I-95 NB,GP,110P04151,2025-10-23,662.0,3,50.063160108007565,5700.0,96,1.1,55.069476118808325,True,4.983511321370727,24339.43346712119,4.270076046863367,305.4544592255625,604.4651385078062,21.403333333333332,390.0,False,False
I-95 NB,GP,110P04151,2025-10-24,662.0,3,50.063160108007565,5700.0,96,1.1,55.069476118808325,True,5.742386147230474,27295.227437238973,4.7886363924980655,315.95848566889345,660.5016545027219,11.126666666666665,555.0,False,False
I-95 NB,GP,110P04151,2025-10-27,662.0,3,50.063160108007565,5700.0,96,1.1,55.069476118808325,True,4.177621181908933,19628.88596619067,3.443664204594855,303.1201678283669,553.7774387429029,20.645555555555557,405.0,False,False
I-95 NB,GP,110P04151,2025-10-28,662.0,3,50.063160108007565,5700.0,96,1.1,55.069476118808325,True,4.388353170704807,19296.52655458281,3.3853555358917213,302.8209507615506,566.122141003839,15.394444444444446,450.0,False,False
I-95 NB,GP,110P04151,2025-10-29,662.0,3,50.063160108007565,5700.0,96,1.1,55.069476118808325,True,3.6725732046194888,16630.42249748294,2.917617982014551,313.59715284364125,533.9515451208106,12.403333333333334,435.0,False,False
I-95 NB,GP,110P04151,2025-10-30,662.0,3,50.063160108007565,5700.0,96,1.1,55.069476118808325,True,2.738218854118974,12430.965401043548,2.180871122990096,437.17334218912384,601.4664734362623,18.441111111111113,540.0,False,False
I-95 NB,GP,110P04151,2025-10-31,662.0,3,50.063160108007565,5700.0,96,1.1,55.069476118808325,True,2.7407340244624123,13211.089856820256,2.317735062600045,360.3245134872397,524.7685549549844,30.58666666666667,390.0,False,False
I-95 NB,GP,110+04152,2025-10-01,663.0,3,49.49005006185587,6000.0,96,1.1,54.43905506804146,True,5.062161402356868,29852.11374798981,4.975352291331635,299.44392703208155,603.1736111734937,32.21888888888889,405.0,False,False
I-95 NB,GP,110+04152,2025-10-02,663.0,3,49.49005006185587,6000.0,96,1.1,54.43905506804146,True,5.0344437176985455,28658.088683510556,4.776348113918426,306.6072612267057,608.6738842886184,33.23888888888889,390.0,False,False
I-95 NB,GP,110+04152,2025-10-03,663.0,3,49.49005006185587,6000.0,96,1.1,54.43905506804146,True,2.5107850315968223,14608.712272587505,2.4347853787645843,456.18879154831154,606.8358934441209,35.22,495.0,False,False
I-95 NB,GP,110+04152,2025-10-06,663.0,3,49.49005006185587,6000.0,96,1.1,54.43905506804146,True,4.7699027435232,27151.88507444973,4.525314179074955,309.28591320872385,595.4800778201159,30.14333333333333,405.0,False,False
I-95 NB,GP,110+04152,2025-10-07,663.0,3,49.49005006185587,6000.0,96,1.1,54.43905506804146,True,2.0382846186507124,11502.827037885223,1.9171378396475371,305.4147266867218,427.71180380576453,34.07888888888889,390.0,False,False
I-95 NB,GP,110+04152,2025-10-08,663.0,3,49.49005006185587,6000.0,96,1.1,54.43905506804146,True,3.392337240542645,18499.608533464634,3.0832680889107724,300.06169791484865,503.60193234740734,33.682222222222215,375.0,False,False
I-95 NB,GP,110+04152,2025-10-09,663.0,3,49.49005006185587,6000.0,96,1.1,54.43905506804146,True,4.997068640484977,28666.314391174543,4.7777190651957575,305.6468547167716,605.4709731458702,33.76222222222223,405.0,False,False
I-95 NB,GP,110+04152,2025-10-10,663.0,3,49.49005006185587,6000.0,96,1.1,54.43905506804146,True,5.279457429672926,30424.846206049886,5.070807701008314,323.2224204160439,639.9898661964195,31.544444444444448,435.0,False,False
I-95 NB,GP,110+04152,2025-10-13,663.0,3,49.49005006185587,6000.0,96,1.1,54.43905506804146,False,0.0,0.0,0.0,,,,,False,False
I-95 NB,GP,110+04152,2025-10-14,663.0,3,49.49005006185587,6000.0,96,1.1,54.43905506804146,True,4.078134998224756,23391.883500372773,3.8986472500621288,308.04754677409886,552.7356466675842,36.59111111111111,375.0,False,False
I-95 NB,GP,110+04152,2025-10-15,663.0,3,49.49005006185587,6000.0,96,1.1,54.43905506804146,True,4.8777327470359815,28852.782992126617,4.808797165354436,308.13670562538,600.8006704475389,34.809999999999995,420.0,False,False
I-95 NB,GP,110+04152,2025-10-16,663.0,3,49.49005006185587,6000.0,96,1.1,54.43905506804146,True,4.933961564291547,28270.985988788114,4.711830998131353,291.6450788562449,587.6827727137377,31.362222222222226,420.0,False,False
I-95 NB,GP,110+04152,2025-10-17,663.0,3,49.49005006185587,6000.0,96,1.1,54.43905506804146,True,5.007207678413462,28850.82711837034,4.808471186395057,311.64680313971303,612.0792638445207,35.675555555555555,405.0,False,False
I-95 NB,GP,110+04152,2025-10-20,663.0,3,49.49005006185587,6000.0,96,1.1,54.43905506804146,True,3.9158962472220034,21565.969065727055,3.594328177621176,311.6657493137589,546.6195241470791,25.373333333333335,420.0,False,False
I-95 NB,GP,110+04152,2025-10-21,663.0,3,49.49005006185587,6000.0,96,1.1,54.43905506804146,True,4.389364179732888,24070.287626468322,4.011714604411387,305.79298852078597,569.1548393047592,33.91777777777778,420.0,False,False
I-95 NB,GP,110+04152,2025-10-22,663.0,3,49.49005006185587,6000.0,96,1.1,54.43905506804146,True,4.673205640626082,27196.953154815415,4.532825525802569,309.1983711133007,589.5907095508657,31.842222222222222,405.0,False,False
I-95 NB,GP,110+04152,2025-10-23,663.0,3,49.49005006185587,6000.0,96,1.1,54.43905506804146,True,4.812774030385026,27333.577332877856,4.555596222146309,310.786137603203,599.5525794263045,34.87111111111111,390.0,False,False
I-95 NB,GP,110+04152,2025-10-24,663.0,3,49.49005006185587,6000.0,96,1.1,54.43905506804146,True,5.720763602971289,32279.53043619699,5.379921739366165,314.2292333689297,657.475049547207,25.7,555.0,False,False
I-95 NB,GP,110+04152,2025-10-27,663.0,3,49.49005006185587,6000.0,96,1.1,54.43905506804146,True,4.11267622354842,22890.051456812347,3.815008576135391,306.4282890599673,553.1888624728725,31.802222222222223,390.0,False,False
I-95 NB,GP,110+04152,2025-10-28,663.0,3,49.49005006185587,6000.0,96,1.1,54.43905506804146,True,4.338745875427404,23961.963856099665,3.9936606426832775,306.66079868788455,566.9855512135288,32.02888888888889,405.0,False,False
I-95 NB,GP,110+04152,2025-10-29,663.0,3,49.49005006185587,6000.0,96,1.1,54.43905506804146,True,3.711797194646827,18412.0687793267,3.068678129887783,315.4495920085724,538.157423687382,13.476666666666665,420.0,False,False
I-95 NB,GP,110+04152,2025-10-30,663.0,3,49.49005006185587,6000.0,96,1.1,54.43905506804146,True,4.851240394343921,27182.45819852994,4.5304096997549905,306.1648559091584,597.2392795697937,33.40111111111111,495.0,False,False
I-95 NB,GP,110+04152,2025-10-31,663.0,3,49.49005006185587,6000.0,96,1.1,54.43905506804146,True,2.898495486439478,16010.690824392132,2.668448470732022,350.4704006314873,524.380129817856,34.838888888888896,390.0,False,False
I-95 NB,GP,110P04153,2025-10-01,666.0,4,49.921738751770256,8000.0,96,1.1,54.91391262694729,True,2.6021713938960533,16259.285368322051,2.0324106710402563,353.51325933403956,509.6435429678028,18.497777777777785,450.0,False,False
I-95 NB,GP,110P04153,2025-10-02,666.0,4,49.921738751770256,8000.0,96,1.1,54.91391262694729,False,0.0,0.0,0.0,,,,,False,False
I-95 NB,GP,110P04153,2025-10-03,666.0,4,49.921738751770256,8000.0,96,1.1,54.91391262694729,False,0.0,0.0,0.0,,,,,False,False
I-95 NB,GP,110P04153,2025-10-06,666.0,4,49.921738751770256,8000.0,96,1.1,54.91391262694729,True,0.8493613689990658,5535.447707234436,0.6919309634043045,438.3336536633807,489.29533580332463,40.906666666666666,465.0,False,False
I-95 NB,GP,110P04153,2025-10-07,666.0,4,49.921738751770256,8000.0,96,1.1,54.91391262694729,True,1.1547725432096636,9302.311721681854,1.1627889652102317,371.0212163909468,440.3075689835266,35.14,405.0,False,False
I-95 NB,GP,110P04153,2025-10-08,666.0,4,49.921738751770256,8000.0,96,1.1,54.91391262694729,True,1.9489252158062338,10625.384935807404,1.3281731169759254,406.3301924864601,523.2657054348341,14.191111111111107,465.0,False,False
I-95 NB,GP,110P04153,2025-10-09,666.0,4,49.921738751770256,8000.0,96,1.1,54.91391262694729,True,1.8274675897214592,12029.713615063876,1.5037142018829845,384.59843413817686,494.2464895214644,19.591111111111115,450.0,False,False
I-95 NB,GP,110P04153,2025-10-10,666.0,4,49.921738751770256,8000.0,96,1.1,54.91391262694729,True,0.9678352702563738,6856.910547063238,0.8571138183829047,429.8719425632225,487.9420587786049,34.23888888888889,450.0,False,False
I-95 NB,GP,110P04153,2025-10-13,666.0,4,49.921738751770256,8000.0,96,1.1,54.91391262694729,False,0.0,0.0,0.0,,,,,False,False
I-95 NB,GP,110P04153,2025-10-14,666.0,4,49.921738751770256,8000.0,96,1.1,54.91391262694729,True,2.9033819980284545,18056.13027401529,2.257016284251911,360.89858924852825,535.1015091302355,14.778888888888888,465.0,False,False
I-95 NB,GP,110P04153,2025-10-15,666.0,4,49.921738751770256,8000.0,96,1.1,54.91391262694729,True,0.8356192364380538,5750.552265265953,0.7188190331582441,427.40835396483016,477.5455081511134,45.54888888888889,450.0,False,False
I-95 NB,GP,110P04153,2025-10-16,666.0,4,49.921738751770256,8000.0,96,1.1,54.91391262694729,False,0.0,0.0,0.0,,,,,False,False
I-95 NB,GP,110P04153,2025-10-17,666.0,4,49.921738751770256,8000.0,96,1.1,54.91391262694729,False,0.0,0.0,0.0,,,,,False,False
I-95 NB,GP,110P04153,2025-10-20,666.0,4,49.921738751770256,8000.0,96,1.1,54.91391262694729,True,1.5819104712580487,9170.430935108912,1.146303866888614,375.93901419716804,470.85364247265096,15.186666666666667,420.0,False,False
I-95 NB,GP,110P04153,2025-10-21,666.0,4,49.921738751770256,8000.0,96,1.1,54.91391262694729,True,2.3241194943437153,11855.972744840537,1.4819965931050672,420.68364001818253,560.1308096788055,9.735555555555555,510.0,False,False
I-95 NB,GP,110P04153,2025-10-22,666.0,4,49.921738751770256,8000.0,96,1.1,54.91391262694729,True,1.5253085158680904,11170.001675501324,1.3962502094376654,405.44655690566645,496.9650678577519,36.67444444444445,450.0,False,False
I-95 NB,GP,110P04153,2025-10-23,666.0,4,49.921738751770256,8000.0,96,1.1,54.91391262694729,True,1.2323219930457847,9726.583257625869,1.2158229072032336,417.6885584938937,491.6278780766408,42.38,465.0,False,False
I-95 NB,GP,110P04153,2025-10-24,666.0,4,49.921738751770256,8000.0,96,1.1,54.91391262694729,False,0.0,0.0,0.0,,,,,False,False
I-95 NB,GP,110P04153,2025-10-27,666.0,4,49.921738751770256,8000.0,96,1.1,54.91391262694729,False,0.0,0.0,0.0,,,,,False,False
I-95 NB,GP,110P04153,2025-10-28,666.0,4,49.921738751770256,8000.0,96,1.1,54.91391262694729,False,0.0,0.0,0.0,,,,,False,False
I-95 NB,GP,110P04153,2025-10-29,666.0,4,49.921738751770256,8000.0,96,1.1,54.91391262694729,True,2.642308128867619,14368.881893165548,1.7961102366456936,366.0202644352585,524.5587521673157,9.893333333333329,420.0,False,False
I-95 NB,GP,110P04153,2025-10-30,666.0,4,49.921738751770256,8000.0,96,1.1,54.91391262694729,False,0.0,0.0,0.0,,,,,False,False
I-95 NB,GP,110P04153,2025-10-31,666.0,4,49.921738751770256,8000.0,96,1.1,54.91391262694729,False,0.0,0.0,0.0,,,,,False,False
I-95 NB,GP,110+04154,2025-10-01,667.0,4,49.780317395532954,8000.0,96,1.1,54.758349135086256,True,3.127500923120281,19162.34551345017,2.395293189181271,336.7778859980008,524.4279413852177,18.39888888888889,450.0,False,False
I-95 NB,GP,110+04154,2025-10-02,667.0,4,49.780317395532954,8000.0,96,1.1,54.758349135086256,True,1.1857255470426102,9420.660179998464,1.177582522499808,410.3132820619359,481.45681488449253,36.39222222222222,450.0,False,False
I-95 NB,GP,110+04154,2025-10-03,667.0,4,49.780317395532954,8000.0,96,1.1,54.758349135086256,True,1.0228903078454872,7793.655882919013,0.9742069853648766,399.0644726556149,460.43789112634414,42.28888888888889,435.0,False,False
I-95 NB,GP,110+04154,2025-10-06,667.0,4,49.780317395532954,8000.0,96,1.1,54.758349135086256,True,1.8932670970918517,14782.796847586207,1.8478496059482759,388.22189128901425,501.81791711452536,25.709999999999997,465.0,False,False
I-95 NB,GP,110+04154,2025-10-07,667.0,4,49.780317395532954,8000.0,96,1.1,54.758349135086256,True,1.936096260181724,12165.337864142253,1.5206672330177817,346.7006657629875,462.86644137389095,23.365555555555556,420.0,False,False
I-95 NB,GP,110+04154,2025-10-08,667.0,4,49.780317395532954,8000.0,96,1.1,54.758349135086256,True,2.9982285860258986,19181.680547765038,2.3977100684706296,361.10310388511255,540.9968190466665,16.39,465.0,False,False
I-95 NB,GP,110+04154,2025-10-09,667.0,4,49.780317395532954,8000.0,96,1.1,54.758349135086256,True,2.625655676490944,16469.20141498139,2.058650176872674,350.682547986802,508.2218885762586,18.43444444444444,465.0,False,False
I-95 NB,GP,110+04154,2025-10-10,667.0,4,49.780317395532954,8000.0,96,1.1,54.758349135086256,True,2.1994765070975992,13824.701990737369,1.728087748842171,384.6933127192366,516.6619031450925,10.564444444444444,435.0,False,False
I-95 NB,GP,110+04154,2025-10-13,667.0,4,49.780317395532954,8000.0,96,1.1,54.758349135086256,False,0.0,0.0,0.0,,,,,False,False
I-95 NB,GP,110+04154,2025-10-14,667.0,4,49.780317395532954,8000.0,96,1.1,54.758349135086256,True,3.9651975621420994,23689.830082727836,2.9612287603409797,331.0563792814905,568.9682330100164,15.341111111111111,465.0,False,False
I-95 NB,GP,110+04154,2025-10-15,667.0,4,49.780317395532954,8000.0,96,1.1,54.758349135086256,True,2.4898744605627505,17666.087497959754,2.2082609372449693,357.7087691477826,507.10123678154764,22.235555555555553,450.0,False,False
I-95 NB,GP,110+04154,2025-10-16,667.0,4,49.780317395532954,8000.0,96,1.1,54.758349135086256,True,2.559785092927056,19784.26481191776,2.47303310148972,342.96131778303175,496.5484233586551,23.03,450.0,False,False
I-95 NB,GP,110+04154,2025-10-17,667.0,4,49.780317395532954,8000.0,96,1.1,54.758349135086256,False,0.0,0.0,0.0,,,,,False,False
I-95 NB,GP,110+04154,2025-10-20,667.0,4,49.780317395532954,8000.0,96,1.1,54.758349135086256,True,2.0975880474468522,13165.59073859396,1.6456988423242451,359.32663027599716,485.1819131228083,12.964444444444444,405.0,False,False
I-95 NB,GP,110+04154,2025-10-21,667.0,4,49.780317395532954,8000.0,96,1.1,54.758349135086256,True,3.1726508249531764,20224.117020872312,2.528014627609039,398.6349208148776,588.9939703120682,12.64,480.0,False,False
I-95 NB,GP,110+04154,2025-10-22,667.0,4,49.780317395532954,8000.0,96,1.1,54.758349135086256,True,2.3859502298813493,15127.09833048612,1.890887291310765,376.1121348557164,519.2691486485974,20.17222222222222,450.0,False,False
I-95 NB,GP,110+04154,2025-10-23,667.0,4,49.780317395532954,8000.0,96,1.1,54.758349135086256,True,2.25291068910924,15148.447555558321,1.8935559444447903,379.3925279936776,514.567169340232,19.641111111111112,450.0,False,False
I-95 NB,GP,110+04154,2025-10-24,667.0,4,49.780317395532954,8000.0,96,1.1,54.758349135086256,True,1.2467268266569969,9425.218388254892,1.1781522985318615,399.08862590711084,473.89223550653065,34.01444444444444,435.0,False,False
I-95 NB,GP,110+04154,2025-10-27,667.0,4,49.780317395532954,8000.0,96,1.1,54.758349135086256,True,2.0559025949098024,15199.725794958591,1.8999657243698238,363.28715883106014,486.6413145256483,34.81,450.0,False,False
I-95 NB,GP,110+04154,2025-10-28,667.0,4,49.780317395532954,8000.0,96,1.1,54.758349135086256,True,2.3352877825501963,16503.979901218576,2.062997487652322,368.66254425511136,508.77981120812314,25.85666666666667,435.0,False,False
I-95 NB,GP,110+04154,2025-10-29,667.0,4,49.780317395532954,8000.0,96,1.1,54.758349135086256,True,1.8964022604383255,13718.277316373289,1.7147846645466611,431.9486502343466,545.7327858606461,20.04222222222222,480.0,False,False
I-95 NB,GP,110+04154,2025-10-30,667.0,4,49.780317395532954,8000.0,96,1.1,54.758349135086256,True,1.0572306840462602,7908.546712147451,0.9885683390184314,347.17940978369313,410.61325082646874,44.81999999999999,375.0,False,False
I-95 NB,GP,110+04154,2025-10-31,667.0,4,49.780317395532954,8000.0,96,1.1,54.758349135086256,False,0.0,0.0,0.0,,,,,False,False
I-95 NB,GP,110P04154,2025-10-01,668.0,4,50.063160108007565,8000.0,96,1.1,55.069476118808325,True,3.419033746509954,23705.045788375315,2.9631307235469144,338.60993950834757,543.7519642989448,18.197777777777777,450.0,False,False
I-95 NB,GP,110P04154,2025-10-02,668.0,4,50.063160108007565,8000.0,96,1.1,55.069476118808325,True,1.770745506658481,12982.076146243382,1.6227595182804229,383.43181540708747,489.6765458065963,29.594444444444445,450.0,False,False
I-95 NB,GP,110P04154,2025-10-03,668.0,4,50.063160108007565,8000.0,96,1.1,55.069476118808325,True,1.5300720922157487,10856.471004598832,1.357058875574854,382.60993080441983,474.41425633736475,27.686666666666667,435.0,False,False
I-95 NB,GP,110P04154,2025-10-06,668.0,4,50.063160108007565,8000.0,96,1.1,55.069476118808325,True,2.2410937625806953,16724.32774037746,2.090540967547182,377.21903422573473,511.68465998057644,29.32111111111111,465.0,False,False
I-95 NB,GP,110P04154,2025-10-07,668.0,4,50.063160108007565,8000.0,96,1.1,55.069476118808325,True,1.9833281440083435,14149.228005822897,1.768653500727862,351.2043363224351,470.2040249629357,26.142222222222227,420.0,False,False
I-95 NB,GP,110P04154,2025-10-08,668.0,4,50.063160108007565,8000.0,96,1.1,55.069476118808325,True,3.2995331460376396,21082.221274810105,2.6352776593512632,349.1785143385965,547.1505031008548,16.595555555555556,450.0,False,False
I-95 NB,GP,110P04154,2025-10-09,668.0,4,50.063160108007565,8000.0,96,1.1,55.069476118808325,True,2.891633267458506,20429.886112756452,2.5537357640945566,344.33111943984864,517.829115487359,18.75,465.0,False,False
I-95 NB,GP,110P04154,2025-10-10,668.0,4,50.063160108007565,8000.0,96,1.1,55.069476118808325,True,2.8165047007928923,17535.32894047824,2.19191611755978,358.10452162297946,527.094803670553,7.37,435.0,False,False
I-95 NB,GP,110P04154,2025-10-13,668.0,4,50.063160108007565,8000.0,96,1.1,55.069476118808325,False,0.0,0.0,0.0,,,,,False,False
I-95 NB,GP,110P04154,2025-10-14,668.0,4,50.063160108007565,8000.0,96,1.1,55.069476118808325,True,4.183747723747733,25699.537792820898,3.2124422241026123,332.1133608168007,583.1382242416647,15.348888888888888,450.0,False,False
I-95 NB,GP,110P04154,2025-10-15,668.0,4,50.063160108007565,8000.0,96,1.1,55.069476118808325,True,2.6677464180644375,19471.89781643535,2.433987227054419,354.2371669282155,514.3019520120818,23.265555555555554,465.0,False,False
I-95 NB,GP,110P04154,2025-10-16,668.0,4,50.063160108007565,8000.0,96,1.1,55.069476118808325,True,2.6383387121697166,17592.420804935304,2.199052600616913,347.5228792838027,505.8232020139857,22.947777777777777,450.0,False,False
I-95 NB,GP,110P04154,2025-10-17,668.0,4,50.063160108007565,8000.0,96,1.1,55.069476118808325,True,1.005389777144915,7750.721371614655,0.9688401714518319,428.79923288986083,489.1226195185557,40.70333333333333,465.0,False,False
I-95 NB,GP,110P04154,2025-10-20,668.0,4,50.063160108007565,8000.0,96,1.1,55.069476118808325,True,2.3081455088279434,13176.263642942777,1.647032955367847,353.75033894707843,492.23906947675505,14.06444444444445,405.0,False,False
I-95 NB,GP,110P04154,2025-10-21,668.0,4,50.063160108007565,8000.0,96,1.1,55.069476118808325,True,1.1936054703780807,9368.516572073986,1.1710645715092483,532.3771625849487,603.9934908076335,33.48444444444445,570.0,False,False
I-95 NB,GP,110P04154,2025-10-22,668.0,4,50.063160108007565,8000.0,96,1.1,55.069476118808325,True,2.9295380965717737,20695.21706325899,2.586902132907374,357.5414618098274,533.3137476041338,20.581111111111113,450.0,False,False
I-95 NB,GP,110P04154,2025-10-23,668.0,4,50.063160108007565,8000.0,96,1.1,55.069476118808325,True,2.5226891549791826,16841.541042225803,2.1051926302782253,366.8601540602,518.2215033589509,19.521111111111107,450.0,False,False
I-95 NB,GP,110P04154,2025-10-24,668.0,4,50.063160108007565,8000.0,96,1.1,55.069476118808325,True,1.7446724015880146,13449.609384620124,1.6812011730775154,373.83903633399746,478.5193804292783,41.73222222222223,405.0,False,False
I-95 NB,GP,110P04154,2025-10-27,668.0,4,50.063160108007565,8000.0,96,1.1,55.069476118808325,True,2.176876831763271,15815.918951642594,1.9769898689553242,358.555832520479,489.16844242627525,23.77,450.0,False,False
I-95 NB,GP,110P04154,2025-10-28,668.0,4,50.063160108007565,8000.0,96,1.1,55.069476118808325,True,2.63336349441459,17279.47954748186,2.1599349434352324,360.733167349931,518.7349770148064,24.165555555555553,450.0,False,False
I-95 NB,GP,110P04154,2025-10-29,668.0,4,50.063160108007565,8000.0,96,1.1,55.069476118808325,True,1.9643509575074651,11812.903035808908,1.4766128794761135,435.62483892242653,553.4858963728744,21.51888888888888,480.0,False,False
I-95 NB,GP,110P04154,2025-10-30,668.0,4,50.063160108007565,8000.0,96,1.1,55.069476118808325,True,1.2881247575600858,9753.647132973529,1.219205891621691,351.25501172570034,428.5424971793055,42.61666666666667,390.0,False,False
I-95 NB,GP,110P04154,2025-10-31,668.0,4,50.063160108007565,8000.0,96,1.1,55.069476118808325,False,0.0,0.0,0.0,,,,,False,False
I-95 NB,GP,110+04155,2025-10-01,669.0,4,48.92471819029723,8000.0,96,1.1,53.81719000932696,True,4.987057690964845,32255.29652684799,4.031912065855999,330.0338076740328,629.2572691319235,20.982222222222223,420.0,False,False
I-95 NB,GP,110+04155,2025-10-02,669.0,4,48.92471819029723,8000.0,96,1.1,53.81719000932696,True,2.552953015006358,18741.9016221561,2.3427377027695124,353.92597183118613,507.1031527315676,30.19333333333334,450.0,False,False
I-95 NB,GP,110+04155,2025-10-03,669.0,4,48.92471819029723,8000.0,96,1.1,53.81719000932696,True,2.2664457873714827,16352.185043173702,2.0440231303967127,373.83325825349885,509.8200054957878,27.883333333333336,420.0,False,False
I-95 NB,GP,110+04155,2025-10-06,669.0,4,48.92471819029723,8000.0,96,1.1,53.81719000932696,True,2.63495597744255,18386.448166025715,2.2983060207532144,362.7327317484857,520.8300903950387,28.937777777777786,465.0,False,False
I-95 NB,GP,110+04155,2025-10-07,669.0,4,48.92471819029723,8000.0,96,1.1,53.81719000932696,True,2.4156776399298527,18257.287422126657,2.2821609277658323,337.6073796971833,482.5480380929745,27.37111111111111,435.0,False,False
I-95 NB,GP,110+04155,2025-10-08,669.0,4,48.92471819029723,8000.0,96,1.1,53.81719000932696,True,3.5453866949215977,23986.243304953463,2.9982804131191827,347.5039893661143,560.2271910614102,21.75111111111111,450.0,False,False
I-95 NB,GP,110+04155,2025-10-09,669.0,4,48.92471819029723,8000.0,96,1.1,53.81719000932696,True,3.3174292022294956,24903.38443423274,3.112923054279092,344.65308727711067,543.6988394108804,23.69111111111111,465.0,False,False
I-95 NB,GP,110+04155,2025-10-10,669.0,4,48.92471819029723,8000.0,96,1.1,53.81719000932696,True,3.112596045576487,18605.526420684433,2.3256908025855543,344.80861458459015,531.5643773191794,7.628888888888889,435.0,False,False
I-95 NB,GP,110+04155,2025-10-13,669.0,4,48.92471819029723,8000.0,96,1.1,53.81719000932696,False,0.0,0.0,0.0,,,,,False,False
I-95 NB,GP,110+04155,2025-10-14,669.0,4,48.92471819029723,8000.0,96,1.1,53.81719000932696,True,4.5763211956244705,31726.06756984732,3.965758446230915,326.4667035590215,601.0459752964897,18.60777777777778,450.0,False,False
I-95 NB,GP,110+04155,2025-10-15,669.0,4,48.92471819029723,8000.0,96,1.1,53.81719000932696,True,3.16387385999177,23467.939700026913,2.9334924625033643,338.633173239926,528.4656048394322,25.442222222222224,450.0,False,False
I-95 NB,GP,110+04155,2025-10-16,669.0,4,48.92471819029723,8000.0,96,1.1,53.81719000932696,True,3.010813378375615,21711.820464207496,2.713977558025937,341.8569652909137,522.5057679934506,25.90111111111111,450.0,False,False
I-95 NB,GP,110+04155,2025-10-17,669.0,4,48.92471819029723,8000.0,96,1.1,53.81719000932696,True,2.4119742783912583,18929.542443840666,2.3661928054800834,372.30296777236464,517.0214244758401,30.298888888888886,450.0,False,False
I-95 NB,GP,110+04155,2025-10-20,669.0,4,48.92471819029723,8000.0,96,1.1,53.81719000932696,True,2.480226807974215,16411.895881668137,2.051486985208517,348.8602573788248,497.67386585727775,18.7188888888889,390.0,False,False
I-95 NB,GP,110+04155,2025-10-21,669.0,4,48.92471819029723,8000.0,96,1.1,53.81719000932696,True,1.5427192997642067,11254.729365774088,1.406841170721761,363.7461082396143,456.3092662254667,31.885555555555555,405.0,False,False
I-95 NB,GP,110+04155,2025-10-22,669.0,4,48.92471819029723,8000.0,96,1.1,53.81719000932696,True,3.239547817276362,22764.918350108892,2.8456147937636116,345.83554068847843,540.2084097250602,23.155555555555555,450.0,False,False
I-95 NB,GP,110+04155,2025-10-23,669.0,4,48.92471819029723,8000.0,96,1.1,53.81719000932696,True,2.9284681919274655,18968.401772295638,2.371050221536955,360.1625918679077,535.8706833835556,21.939999999999998,450.0,False,False
I-95 NB,GP,110+04155,2025-10-24,669.0,4,48.92471819029723,8000.0,96,1.1,53.81719000932696,True,2.228578840363755,16827.72910401193,2.103466138001491,359.2404058606528,492.9551362824781,31.344444444444445,405.0,False,False
I-95 NB,GP,110+04155,2025-10-27,669.0,4,48.92471819029723,8000.0,96,1.1,53.81719000932696,True,2.4846324152956667,18329.3287647214,2.291166095590175,350.3008414385415,499.3787863562815,28.24888888888889,450.0,False,False
I-95 NB,GP,110+04155,2025-10-28,669.0,4,48.92471819029723,8000.0,96,1.1,53.81719000932696,True,2.8364784275888857,19684.269544477393,2.460533693059674,349.2256376182788,519.414343273612,24.66111111111111,450.0,False,False
I-95 NB,GP,110+04155,2025-10-29,669.0,4,48.92471819029723,8000.0,96,1.1,53.81719000932696,True,3.839615165707816,27227.789072481173,3.4034736340601466,336.0807602652162,566.4576702076852,25.496666666666666,480.0,False,False
I-95 NB,GP,110+04155,2025-10-30,669.0,4,48.92471819029723,8000.0,96,1.1,53.81719000932696,True,4.665771492741877,34833.5260343394,4.354190754292425,345.7599355334839,625.7062250979965,29.763333333333335,390.0,False,False
I-95 NB,GP,110+04155,2025-10-31,669.0,4,48.92471819029723,8000.0,96,1.1,53.81719000932696,True,1.5095453827487073,11878.273583272416,1.484784197909052,387.0090967639727,477.58181972889514,45.717777777777776,450.0,False,False
I-95 NB,GP,110P04155,2025-10-01,670.0,4,48.35903276534799,8000.0,96,1.1,53.19493604188279,True,5.405996887908402,36280.100177939414,4.535012522242427,328.25467208339245,652.6144853578966,18.313333333333336,585.0,False,False
I-95 NB,GP,110P04155,2025-10-02,670.0,4,48.35903276534799,8000.0,96,1.1,53.19493604188279,True,2.942876032199399,22769.855844448837,2.8462319805561047,340.2234748075598,516.7960367395237,30.24222222222222,465.0,False,False
I-95 NB,GP,110P04155,2025-10-03,670.0,4,48.35903276534799,8000.0,96,1.1,53.19493604188279,False,0.0,0.0,0.0,,,,,False,False
I-95 NB,GP,110P04155,2025-10-06,670.0,4,48.35903276534799,8000.0,96,1.1,53.19493604188279,True,2.976452805145926,22564.0700651533,2.820508758144163,352.38807500183606,530.9752433105916,28.607777777777773,450.0,False,False
I-95 NB,GP,110P04155,2025-10-07,670.0,4,48.35903276534799,8000.0,96,1.1,53.19493604188279,True,2.589543608515539,18149.242465222054,2.268655308152757,338.86411338710764,494.23672989804,26.22333333333334,435.0,False,False
I-95 NB,GP,110P04155,2025-10-08,670.0,4,48.35903276534799,8000.0,96,1.1,53.19493604188279,True,4.763553642338518,33913.42596948816,4.23917824618602,333.6975096174554,619.5107281577665,21.75777777777778,450.0,False,False
I-95 NB,GP,110P04155,2025-10-09,670.0,4,48.35903276534799,8000.0,96,1.1,53.19493604188279,True,4.50427812316266,32633.007562432304,4.079125945304038,347.63048039645355,617.8871677862131,21.805555555555554,450.0,False,False
I-95 NB,GP,110P04155,2025-10-10,670.0,4,48.35903276534799,8000.0,96,1.1,53.19493604188279,True,14.342511893016228,92289.69836142167,11.536212295177709,336.66613193413764,1197.2168455151113,6.157777777777778,420.0,False,False
I-95 NB,GP,110P04155,2025-10-13,670.0,4,48.35903276534799,8000.0,96,1.1,53.19493604188279,False,0.0,0.0,0.0,,,,,False,False
I-95 NB,GP,110P04155,2025-10-14,670.0,4,48.35903276534799,8000.0,96,1.1,53.19493604188279,True,4.790762123679597,31901.889581607044,3.9877361977008805,326.53687876949994,613.9826061902758,18.73888888888889,435.0,False,False
I-95 NB,GP,110P04155,2025-10-15,670.0,4,48.35903276534799,8000.0,96,1.1,53.19493604188279,True,5.502620002011032,41181.66917122001,5.147708646402501,336.2611105210994,666.4183106417613,25.603333333333335,435.0,False,False
I-95 NB,GP,110P04155,2025-10-16,670.0,4,48.35903276534799,8000.0,96,1.1,53.19493604188279,True,4.704441176670304,32408.977088499487,4.051122136062435,331.86143791334536,614.1279085135636,24.89222222222222,435.0,False,False
I-95 NB,GP,110P04155,2025-10-17,670.0,4,48.35903276534799,8000.0,96,1.1,53.19493604188279,True,4.357320483496408,33746.32372202578,4.218290465253222,357.02803961165563,618.4672686214401,25.78,480.0,False,False
I-95 NB,GP,110P04155,2025-10-20,670.0,4,48.35903276534799,8000.0,96,1.1,53.19493604188279,True,1.7408125731663575,13083.979901936502,1.6354974877420627,415.2550888008152,519.7038431907966,30.819999999999993,450.0,False,False
I-95 NB,GP,110P04155,2025-10-21,670.0,4,48.35903276534799,8000.0,96,1.1,53.19493604188279,True,1.9044473164204618,14460.192919879279,1.8075241149849097,357.35226303494517,471.6191020201729,28.606666666666673,435.0,False,False
I-95 NB,GP,110P04155,2025-10-22,670.0,4,48.35903276534799,8000.0,96,1.1,53.19493604188279,True,5.075331000177758,36301.99276291349,4.537749095364187,340.1204032978396,644.640263308505,20.413333333333334,450.0,False,False
I-95 NB,GP,110P04155,2025-10-23,670.0,4,48.35903276534799,8000.0,96,1.1,53.19493604188279,True,5.107745913759023,38381.50193100333,4.797687741375416,340.71766874420496,647.1824235697463,20.12555555555556,450.0,False,False
I-95 NB,GP,110P04155,2025-10-24,670.0,4,48.35903276534799,8000.0,96,1.1,53.19493604188279,True,2.5857613318047443,18040.469511530628,2.2550586889413284,347.06165349930893,502.2073334075936,26.56555555555555,450.0,False,False
I-95 NB,GP,110P04155,2025-10-27,670.0,4,48.35903276534799,8000.0,96,1.1,53.19493604188279,True,2.966591026695977,21892.378173793884,2.7365472717242354,342.24337308741485,520.2388346891735,27.74444444444444,450.0,False,False
I-95 NB,GP,110P04155,2025-10-28,670.0,4,48.35903276534799,8000.0,96,1.1,53.19493604188279,True,4.55907498214533,33253.093402701365,4.156636675337671,346.250290906343,619.7947898350628,22.57444444444445,450.0,False,False
I-95 NB,GP,110P04155,2025-10-29,670.0,4,48.35903276534799,8000.0,96,1.1,53.19493604188279,True,4.4017249264998055,33185.00445404956,4.148125556756195,329.5732902632804,593.6767858532687,23.592222222222215,465.0,False,False
I-95 NB,GP,110P04155,2025-10-30,670.0,4,48.35903276534799,8000.0,96,1.1,53.19493604188279,True,5.815515150380246,41931.39104115593,5.241423880144492,333.4858677800105,682.4167768028252,26.59777777777778,435.0,False,False
I-95 NB,GP,110P04155,2025-10-31,670.0,4,48.35903276534799,8000.0,96,1.1,53.19493604188279,True,2.5353932829855164,19439.824416470434,2.429978052058804,357.35671777521617,509.48031475434715,37.1,465.0,False,False
I-95 NB,GP,110+04156,2025-10-01,671.0,4,48.08290756729464,8000.0,96,1.1,52.89119832402411,True,5.56430648781322,36917.99624512053,4.614749530640066,324.08710379579645,657.9454930645896,18.712222222222223,585.0,False,False
I-95 NB,GP,110+04156,2025-10-02,671.0,4,48.08290756729464,8000.0,96,1.1,52.89119832402411,True,2.942553624727238,22983.983259461922,2.8729979074327403,341.34792958290916,517.9011470665434,32.191111111111105,450.0,False,False
I-95 NB,GP,110+04156,2025-10-03,671.0,4,48.08290756729464,8000.0,96,1.1,52.89119832402411,False,0.0,0.0,0.0,,,,,False,False
I-95 NB,GP,110+04156,2025-10-06,671.0,4,48.08290756729464,8000.0,96,1.1,52.89119832402411,True,4.4768190330192885,34436.098300924474,4.304512287615559,348.28473618265775,616.8938781638151,30.00000000000001,450.0,False,False
I-95 NB,GP,110+04156,2025-10-07,671.0,4,48.08290756729464,8000.0,96,1.1,52.89119832402411,True,4.966500390824461,38259.33411053387,4.782416763816734,339.9206546869762,637.9106781364438,29.671111111111117,450.0,False,False
I-95 NB,GP,110+04156,2025-10-08,671.0,4,48.08290756729464,8000.0,96,1.1,52.89119832402411,True,13.535864785665433,101248.38080809843,12.656047601012304,329.03248887301146,1141.1843760129375,23.80222222222223,480.0,False,False
I-95 NB,GP,110+04156,2025-10-09,671.0,4,48.08290756729464,8000.0,96,1.1,52.89119832402411,True,3.874916447674828,27501.19690080767,3.437649612600959,337.1918578759004,569.6868447363901,26.903333333333332,450.0,False,False
I-95 NB,GP,110+04156,2025-10-10,671.0,4,48.08290756729464,8000.0,96,1.1,52.89119832402411,True,14.307383311496388,98702.59497501512,12.33782437187689,334.54622289952596,1192.9892215893092,5.579999999999999,420.0,False,False
I-95 NB,GP,110+04156,2025-10-13,671.0,4,48.08290756729464,8000.0,96,1.1,52.89119832402411,False,0.0,0.0,0.0,,,,,False,False
I-95 NB,GP,110+04156,2025-10-14,671.0,4,48.08290756729464,8000.0,96,1.1,52.89119832402411,True,4.8319089134937965,34580.57120988211,4.322571401235264,329.9597684680195,619.8743032776473,19.271111111111114,495.0,False,False
I-95 NB,GP,110+04156,2025-10-15,671.0,4,48.08290756729464,8000.0,96,1.1,52.89119832402411,True,5.803736851969469,43141.62926104806,5.3927036576310075,335.2215298462387,683.4457409644068,28.233333333333334,450.0,False,False
I-95 NB,GP,110+04156,2025-10-16,671.0,4,48.08290756729464,8000.0,96,1.1,52.89119832402411,True,4.891158902365487,36389.284573853874,4.548660571731734,328.55043392218306,622.0199680641123,22.135555555555555,510.0,False,False
I-95 NB,GP,110+04156,2025-10-17,671.0,4,48.08290756729464,8000.0,96,1.1,52.89119832402411,False,0.0,0.0,0.0,,,,,False,False
I-95 NB,GP,110+04156,2025-10-20,671.0,4,48.08290756729464,8000.0,96,1.1,52.89119832402411,True,4.274609478741396,32930.54042142539,4.116317552678173,341.8387797255873,598.315348450071,31.198888888888877,450.0,False,False
I-95 NB,GP,110+04156,2025-10-21,671.0,4,48.08290756729464,8000.0,96,1.1,52.89119832402411,True,1.992059549373794,14876.46063693261,1.8595575796165762,356.32015594799515,475.8437289104228,30.74666666666667,435.0,False,False
I-95 NB,GP,110+04156,2025-10-22,671.0,4,48.08290756729464,8000.0,96,1.1,52.89119832402411,True,5.25033504432613,38818.55539051428,4.8523194238142855,335.5992482551609,650.6193509147287,26.13,450.0,False,False
I-95 NB,GP,110+04156,2025-10-23,671.0,4,48.08290756729464,8000.0,96,1.1,52.89119832402411,False,0.0,0.0,0.0,,,,,False,False
I-95 NB,GP,110+04156,2025-10-24,671.0,4,48.08290756729464,8000.0,96,1.1,52.89119832402411,True,2.703370442021309,20423.847086374466,2.552980885796808,344.83365870250293,507.03588522378146,28.721111111111117,405.0,False,False
I-95 NB,GP,110+04156,2025-10-27,671.0,4,48.08290756729464,8000.0,96,1.1,52.89119832402411,True,3.063497100313157,22335.360927494617,2.791920115936827,338.83926848172973,522.6490945005191,30.515555555555554,435.0,False,False
I-95 NB,GP,110+04156,2025-10-28,671.0,4,48.08290756729464,8000.0,96,1.1,52.89119832402411,True,4.752644006238915,35590.629811694904,4.448828726461863,339.0874828963023,624.2461232706372,28.21333333333334,435.0,False,False
I-95 NB,GP,110+04156,2025-10-29,671.0,4,48.08290756729464,8000.0,96,1.1,52.89119832402411,True,4.566722748631447,33808.89963922317,4.226112454902896,325.22032383545405,599.2236887533409,26.86222222222223,465.0,False,False
I-95 NB,GP,110+04156,2025-10-30,671.0,4,48.08290756729464,8000.0,96,1.1,52.89119832402411,True,6.01099534732162,45102.50078029186,5.637812597536483,324.256935719412,684.9166565587092,28.223333333333333,435.0,False,False
I-95 NB,GP,110+04156,2025-10-31,671.0,4,48.08290756729464,8000.0,96,1.1,52.89119832402411,True,2.745101517322536,20904.514281024854,2.613064285128107,353.3296386231044,518.0357296624566,31.572222222222223,465.0,False,False
I-95 NB,GP,110P04156,2025-10-01,672.0,4,48.64187547782261,7600.0,96,1.1,53.506063025604874,True,5.368619983235064,36240.020752472505,4.768423783220066,328.25435469513315,650.371553689237,19.052222222222223,570.0,False,False
I-95 NB,GP,110P04156,2025-10-02,672.0,4,48.64187547782261,7600.0,96,1.1,53.506063025604874,True,2.5768744347762804,18766.91538803003,2.4693309721092143,348.5943306391284,503.2067967257052,39.94777777777778,390.0,False,False
I-95 NB,GP,110P04156,2025-10-03,672.0,4,48.64187547782261,7600.0,96,1.1,53.506063025604874,True,2.2679912538774847,16970.91198335494,2.2330147346519658,534.1441768464674,670.2236520791165,45.64333333333334,570.0,False,False
I-95 NB,GP,110P04156,2025-10-06,672.0,4,48.64187547782261,7600.0,96,1.1,53.506063025604874,True,2.8210105711607176,20302.034821140052,2.6713203712026385,352.7695897881825,522.0302240578255,38.07333333333333,450.0,False,False
I-95 NB,GP,110P04156,2025-10-07,672.0,4,48.64187547782261,7600.0,96,1.1,53.506063025604874,True,4.284432211742338,31683.197559118184,4.168841784094498,350.3023347143401,607.3682674188804,39.565555555555555,450.0,False,False
I-95 NB,GP,110P04156,2025-10-08,672.0,4,48.64187547782261,7600.0,96,1.1,53.506063025604874,True,4.50384807716261,31853.711264606165,4.191277797974496,330.6710808150232,600.9019654447798,28.176666666666673,510.0,False,False
I-95 NB,GP,110P04156,2025-10-09,672.0,4,48.64187547782261,7600.0,96,1.1,53.506063025604874,True,3.5301522718039897,25502.21116514354,3.3555541006767817,338.6483388976953,550.4574752059347,35.276666666666664,510.0,False,False
I-95 NB,GP,110P04156,2025-10-10,672.0,4,48.64187547782261,7600.0,96,1.1,53.506063025604874,True,3.5219453699586967,19721.495399783664,2.5949336052346927,333.5446041486913,544.8613263462131,6.067777777777773,420.0,False,False
I-95 NB,GP,110P04156,2025-10-13,672.0,4,48.64187547782261,7600.0,96,1.1,53.506063025604874,False,0.0,0.0,0.0,,,,,False,False
I-95 NB,GP,110P04156,2025-10-14,672.0,4,48.64187547782261,7600.0,96,1.1,53.506063025604874,True,4.290578776336066,28505.196022673055,3.750683687193823,338.4800748014358,595.9148013815998,22.377777777777776,495.0,False,False
I-95 NB,GP,110P04156,2025-10-15,672.0,4,48.64187547782261,7600.0,96,1.1,53.506063025604874,True,5.2837991176325225,37806.89729063107,4.974591748767246,338.47357197656436,655.5015190345157,29.74555555555556,465.0,False,False
I-95 NB,GP,110P04156,2025-10-16,672.0,4,48.64187547782261,7600.0,96,1.1,53.506063025604874,True,4.654295150425377,32399.97429644085,4.263154512689586,331.9339745178143,611.1916835433369,23.04444444444444,510.0,False,False
I-95 NB,GP,110P04156,2025-10-17,672.0,4,48.64187547782261,7600.0,96,1.1,53.506063025604874,True,2.4899647585961078,18556.716533287457,2.4416732280641393,363.5870274943617,512.9849130101281,39.065555555555555,420.0,False,False
I-95 NB,GP,110P04156,2025-10-20,672.0,4,48.64187547782261,7600.0,96,1.1,53.506063025604874,True,1.7758892494198733,13044.781543609679,1.7164186241591683,410.673150372471,517.2265053376634,42.06111111111111,450.0,False,False
I-95 NB,GP,110P04156,2025-10-21,672.0,4,48.64187547782261,7600.0,96,1.1,53.506063025604874,True,1.7906652179006888,12882.42121032209,1.6950554224108014,366.8596954200723,474.2996084941136,36.436666666666675,405.0,False,False
I-95 NB,GP,110P04156,2025-10-22,672.0,4,48.64187547782261,7600.0,96,1.1,53.506063025604874,True,4.964225449432732,36528.36103984324,4.806363294716216,339.92752924017356,637.7810562061375,33.11555555555555,450.0,False,False
I-95 NB,GP,110P04156,2025-10-23,672.0,4,48.64187547782261,7600.0,96,1.1,53.506063025604874,True,4.480117372402266,30649.90166745795,4.03288179834973,345.8983738418509,614.7054161859869,30.707777777777782,390.0,False,False
I-95 NB,GP,110P04156,2025-10-24,672.0,4,48.64187547782261,7600.0,96,1.1,53.506063025604874,True,2.7967869399147456,20227.012489361667,2.661449011758114,345.9946641676224,513.8018805625071,33.91444444444445,405.0,False,False
I-95 NB,GP,110P04156,2025-10-27,672.0,4,48.64187547782261,7600.0,96,1.1,53.506063025604874,True,2.973182025181016,21991.487525394867,2.8936167796572194,335.9362990853749,514.3272205962359,36.48555555555555,390.0,False,False
I-95 NB,GP,110P04156,2025-10-28,672.0,4,48.64187547782261,7600.0,96,1.1,53.506063025604874,True,3.0836281272313926,21806.058072567106,2.8692181674430404,347.42887650130893,532.4465641351925,33.25888888888889,390.0,False,False
I-95 NB,GP,110P04156,2025-10-29,672.0,4,48.64187547782261,7600.0,96,1.1,53.506063025604874,True,4.106676592921867,31194.446228552544,4.104532398493756,323.93615331299253,570.3367488883046,32.312222222222225,495.0,False,False
I-95 NB,GP,110P04156,2025-10-30,672.0,4,48.64187547782261,7600.0,96,1.1,53.506063025604874,True,4.903383071304205,36990.34203906583,4.867150268298135,325.4764488219721,619.6794331002244,33.86000000000001,450.0,False,False
I-95 NB,GP,110P04156,2025-10-31,672.0,4,48.64187547782261,7600.0,96,1.1,53.506063025604874,True,2.538011534432811,18117.431623540644,2.3838725820448214,375.72906092934886,528.0097529953175,32.955555555555556,480.0,False,False
I-95 NB,GP,110+04157,2025-10-01,673.0,4,48.92471819029723,7600.0,96,1.1,53.81719000932696,True,5.281450088378838,35161.508052471036,4.626514217430399,327.93098051188446,644.8179858146148,20.87888888888888,570.0,False,False
I-95 NB,GP,110+04157,2025-10-02,673.0,4,48.92471819029723,7600.0,96,1.1,53.81719000932696,True,2.3667175216021925,16825.02344399267,2.213818874209562,350.35414432180704,492.3571956179386,38.25555555555555,390.0,False,False
I-95 NB,GP,110+04157,2025-10-03,673.0,4,48.92471819029723,7600.0,96,1.1,53.81719000932696,True,2.0777683222971435,14992.477562465589,1.9726944161138933,367.9787175740043,492.6448169118329,41.00555555555555,405.0,False,False
I-95 NB,GP,110+04157,2025-10-06,673.0,4,48.92471819029723,7600.0,96,1.1,53.81719000932696,True,2.8601419803202,20557.67116235008,2.7049567318881684,349.745612081627,521.354130900839,41.04666666666666,480.0,False,False
I-95 NB,GP,110+04157,2025-10-07,673.0,4,48.92471819029723,7600.0,96,1.1,53.81719000932696,True,3.995337074637587,29899.33232795658,3.934122674731129,344.45095376306915,584.1711782413244,42.27777777777778,405.0,False,False
I-95 NB,GP,110+04157,2025-10-08,673.0,4,48.92471819029723,7600.0,96,1.1,53.81719000932696,True,4.755025639680315,34368.64617201574,4.522190285791544,329.4199927438633,614.7215311246822,29.78222222222222,510.0,False,False
I-95 NB,GP,110+04157,2025-10-09,673.0,4,48.92471819029723,7600.0,96,1.1,53.81719000932696,True,3.5917392552974983,25897.927494612606,3.4076220387648166,334.4421254462078,549.9464807640577,38.577777777777776,510.0,False,False
I-95 NB,GP,110+04157,2025-10-10,673.0,4,48.92471819029723,7600.0,96,1.1,53.81719000932696,True,3.1458163966366715,16513.493896584198,2.1728281442873945,331.4776962049387,520.226680003139,7.375555555555555,405.0,False,False
I-95 NB,GP,110+04157,2025-10-13,673.0,4,48.92471819029723,7600.0,96,1.1,53.81719000932696,False,0.0,0.0,0.0,,,,,False,False
I-95 NB,GP,110+04157,2025-10-14,673.0,4,48.92471819029723,7600.0,96,1.1,53.81719000932696,True,4.317235616071894,29977.51830712563,3.944410303569162,335.5938453671242,594.6279823314378,27.631111111111114,525.0,False,False
I-95 NB,GP,110+04157,2025-10-15,673.0,4,48.92471819029723,7600.0,96,1.1,53.81719000932696,True,5.0389718247187325,36609.735889865435,4.817070511824399,338.6926395411953,641.0309490243193,34.52555555555556,480.0,False,False
I-95 NB,GP,110+04157,2025-10-16,673.0,4,48.92471819029723,7600.0,96,1.1,53.81719000932696,True,4.554413979680052,34621.36400694077,4.555442632492206,328.80976234798294,602.0746011287861,25.582222222222224,510.0,False,False
I-95 NB,GP,110+04157,2025-10-17,673.0,4,48.92471819029723,7600.0,96,1.1,53.81719000932696,True,2.392626624295459,18656.408651694463,2.454790612065061,359.6070990896646,503.1646965473921,41.15111111111111,390.0,False,False
I-95 NB,GP,110+04157,2025-10-20,673.0,4,48.92471819029723,7600.0,96,1.1,53.81719000932696,True,1.2702566148751753,9406.506732585223,1.2376982542875294,413.7831193491042,489.9985162416147,47.608888888888885,450.0,False,False
I-95 NB,GP,110+04157,2025-10-21,673.0,4,48.92471819029723,7600.0,96,1.1,53.81719000932696,True,1.6661491611405372,13046.399929218509,1.7166315696340144,367.7071520016382,467.6761016700704,39.607777777777784,405.0,False,False
I-95 NB,GP,110+04157,2025-10-22,673.0,4,48.92471819029723,7600.0,96,1.1,53.81719000932696,True,3.3805929894198217,23737.609203333894,3.1233696320176176,336.3368843895234,539.1724637547127,35.31444444444443,390.0,False,False
I-95 NB,GP,110+04157,2025-10-23,673.0,4,48.92471819029723,7600.0,96,1.1,53.81719000932696,True,5.111563583653382,36462.16695456413,4.797653546653175,348.76081408849154,655.4546291076945,32.083333333333336,390.0,False,False
I-95 NB,GP,110+04157,2025-10-24,673.0,4,48.92471819029723,7600.0,96,1.1,53.81719000932696,True,2.8355825583046483,22136.29095964039,2.912669863110578,340.41354504312704,510.54849854140593,36.410000000000004,405.0,False,False
I-95 NB,GP,110+04157,2025-10-27,673.0,4,48.92471819029723,7600.0,96,1.1,53.81719000932696,True,2.6353088612419193,18426.64791697836,2.424558936444521,335.9778621926991,494.09639386721426,36.94111111111111,375.0,False,False
I-95 NB,GP,110+04157,2025-10-28,673.0,4,48.92471819029723,7600.0,96,1.1,53.81719000932696,True,3.0034363366638273,22148.474483015012,2.914272958291449,348.10148303743154,528.3076632372612,36.65333333333333,390.0,False,False
I-95 NB,GP,110+04157,2025-10-29,673.0,4,48.92471819029723,7600.0,96,1.1,53.81719000932696,True,3.6668196228297765,27836.877969705012,3.6627471012769752,323.10894434407885,543.1181217138654,38.47777777777778,495.0,False,False
I-95 NB,GP,110+04157,2025-10-30,673.0,4,48.92471819029723,7600.0,96,1.1,53.81719000932696,True,4.929620665173835,36921.87475452747,4.858141415069404,324.09071084122183,619.867950751652,34.668888888888894,420.0,False,False
I-95 NB,GP,110+04157,2025-10-31,673.0,4,48.92471819029723,7600.0,96,1.1,53.81719000932696,True,2.474769303035316,18049.05705249871,2.3748759279603564,383.69666300006156,532.1828211821805,31.087777777777774,495.0,False,False
I-95 NB,GP,110P04157,2025-10-01,674.0,4,48.076190052873365,7600.0,96,1.1,52.88380905816071,True,5.242801425284797,34967.54381459652,4.600992607183753,334.8228263900988,649.3909119071866,19.492222222222235,525.0,False,False
I-95 NB,GP,110P04157,2025-10-02,674.0,4,48.076190052873365,7600.0,96,1.1,52.88380905816071,True,2.4817360824916053,18767.705437394547,2.469434925972967,341.27271591768255,490.17688086717885,40.79111111111111,375.0,False,False
I-95 NB,GP,110P04157,2025-10-03,674.0,4,48.076190052873365,7600.0,96,1.1,52.88380905816071,True,2.08480045884752,15094.499864070622,1.986118403167187,367.3442008310583,492.4322283619095,44.84222222222221,405.0,False,False
I-95 NB,GP,110P04157,2025-10-06,674.0,4,48.076190052873365,7600.0,96,1.1,52.88380905816071,True,2.918336619210666,22562.092606589198,2.9686963956038417,344.5482295865575,519.6484267391975,42.03444444444444,495.0,False,False
I-95 NB,GP,110P04157,2025-10-07,674.0,4,48.076190052873365,7600.0,96,1.1,52.88380905816071,True,3.095944111214671,22321.53875238596,2.937044572682363,347.07247091783586,532.8291175907161,35.55111111111111,495.0,False,False
I-95 NB,GP,110P04157,2025-10-08,674.0,4,48.076190052873365,7600.0,96,1.1,52.88380905816071,True,4.817955413638357,36814.551719588824,4.844019963103793,325.9933968376809,615.0707216559823,30.054444444444442,510.0,False,False
I-95 NB,GP,110P04157,2025-10-09,674.0,4,48.076190052873365,7600.0,96,1.1,52.88380905816071,True,3.600642263312546,26233.08347961014,3.4517215104750187,332.5253391112636,548.5638749100164,38.39222222222222,510.0,False,False
I-95 NB,GP,110P04157,2025-10-10,674.0,4,48.076190052873365,7600.0,96,1.1,52.88380905816071,True,3.184191653653512,17378.920682555028,2.286700089809872,330.04481163625854,521.0963108554693,10.657777777777776,405.0,False,False
I-95 NB,GP,110P04157,2025-10-13,674.0,4,48.076190052873365,7600.0,96,1.1,52.88380905816071,False,0.0,0.0,0.0,,,,,False,False
I-95 NB,GP,110P04157,2025-10-14,674.0,4,48.076190052873365,7600.0,96,1.1,52.88380905816071,True,4.468904409250446,32385.82509647359,4.261292775851788,327.53802391225554,595.6722884672823,26.055555555555554,495.0,False,False
I-95 NB,GP,110P04157,2025-10-15,674.0,4,48.076190052873365,7600.0,96,1.1,52.88380905816071,True,4.600475049029719,33171.37894526466,4.364655124376929,338.32839643401167,614.3568993757948,32.54555555555555,480.0,False,False
I-95 NB,GP,110P04157,2025-10-16,674.0,4,48.076190052873365,7600.0,96,1.1,52.88380905816071,True,4.445298733977535,30936.664941868792,4.070613808140631,332.11699137783205,598.8349154164841,23.474444444444455,510.0,False,False
I-95 NB,GP,110P04157,2025-10-17,674.0,4,48.076190052873365,7600.0,96,1.1,52.88380905816071,True,2.4243846238483733,18936.08875079347,2.491590625104404,358.3066190343475,503.76969646524987,45.80444444444444,390.0,False,False
I-95 NB,GP,110P04157,2025-10-20,674.0,4,48.076190052873365,7600.0,96,1.1,52.88380905816071,True,1.0733709222073646,7538.051608623635,0.9918488958715309,413.99543646444175,478.39769179688363,47.90777777777777,435.0,False,False
I-95 NB,GP,110P04157,2025-10-21,674.0,4,48.076190052873365,7600.0,96,1.1,52.88380905816071,True,1.5823009017676468,11369.224596241294,1.4959506047685913,365.62626844845784,460.56432255451665,44.72777777777778,405.0,False,False
I-95 NB,GP,110P04157,2025-10-22,674.0,4,48.076190052873365,7600.0,96,1.1,52.88380905816071,True,3.534487062280086,25998.481149532436,3.420852782833215,334.823493396539,546.8927171333441,35.422222222222224,510.0,False,False
I-95 NB,GP,110P04157,2025-10-23,674.0,4,48.076190052873365,7600.0,96,1.1,52.88380905816071,True,3.4547498266120007,24194.255220634026,3.183454634293951,347.0756880220828,554.3606776188028,39.25222222222222,510.0,False,False
I-95 NB,GP,110P04157,2025-10-24,674.0,4,48.076190052873365,7600.0,96,1.1,52.88380905816071,True,2.728855467145483,20809.49126651865,2.738090956120875,342.56168361517905,506.293011643908,42.66777777777778,405.0,False,False
I-95 NB,GP,110P04157,2025-10-27,674.0,4,48.076190052873365,7600.0,96,1.1,52.88380905816071,True,2.5874091545085918,18754.402065534847,2.4676844823072166,337.63348467023764,492.87803394075314,39.51888888888889,375.0,False,False
I-95 NB,GP,110P04157,2025-10-28,674.0,4,48.076190052873365,7600.0,96,1.1,52.88380905816071,True,3.009448239060116,22443.892597090628,2.9531437627750825,348.89262313389173,529.4595174774987,41.70888888888888,390.0,False,False
I-95 NB,GP,110P04157,2025-10-29,674.0,4,48.076190052873365,7600.0,96,1.1,52.88380905816071,True,3.595021682062574,26173.451013568756,3.44387513336431,324.0875085492751,539.7888094730296,37.55888888888889,495.0,False,False
I-95 NB,GP,110P04157,2025-10-30,674.0,4,48.076190052873365,7600.0,96,1.1,52.88380905816071,True,5.068473575934186,37383.943329508504,4.918939911777435,321.22712407293864,625.3355386289898,37.33777777777778,405.0,False,False
I-95 NB,GP,110P04157,2025-10-31,674.0,4,48.076190052873365,7600.0,96,1.1,52.88380905816071,True,2.6358417253886484,19864.450079968134,2.6137434315747545,372.24214212188883,530.3926456452077,29.54444444444444,495.0,False,False
I-95 NB,GP,110+04158,2025-10-01,675.0,4,46.66162293710968,7600.0,96,1.1,51.327785230820645,True,4.850465546817924,34067.52868062309,4.482569563239879,356.53619749588154,647.564130304957,18.433333333333334,555.0,False,False
I-95 NB,GP,110+04158,2025-10-02,675.0,4,46.66162293710968,7600.0,96,1.1,51.327785230820645,True,3.792696152644034,30082.900495959664,3.958276381047324,344.683204815881,572.2449739745231,43.194444444444436,540.0,False,False
I-95 NB,GP,110+04158,2025-10-03,675.0,4,46.66162293710968,7600.0,96,1.1,51.327785230820645,True,1.7509156446877587,13208.450731508337,1.737954043619518,380.93075917459834,485.98569785586386,47.87555555555556,405.0,False,False
I-95 NB,GP,110+04158,2025-10-06,675.0,4,46.66162293710968,7600.0,96,1.1,51.327785230820645,True,2.787925220422641,20683.78903430729,2.7215511887246433,354.97861516544395,522.2541283908024,41.78333333333334,495.0,False,False
I-95 NB,GP,110+04158,2025-10-07,675.0,4,46.66162293710968,7600.0,96,1.1,51.327785230820645,True,2.9102692126954652,20265.850849647988,2.6665593223221036,362.2829630132908,536.8991157750187,30.733333333333338,495.0,False,False
I-95 NB,GP,110+04158,2025-10-08,675.0,4,46.66162293710968,7600.0,96,1.1,51.327785230820645,True,4.751350696395885,35084.603652178186,4.616395217391867,324.78748518054033,609.8685269642934,29.585555555555555,510.0,False,False
I-95 NB,GP,110+04158,2025-10-09,675.0,4,46.66162293710968,7600.0,96,1.1,51.327785230820645,True,3.3540215616206788,24365.438208236777,3.2059787116101024,345.43922529698887,546.6805189942296,38.835555555555565,510.0,False,False
I-95 NB,GP,110+04158,2025-10-10,675.0,4,46.66162293710968,7600.0,96,1.1,51.327785230820645,True,3.01889822592381,19332.381327953277,2.54373438525701,328.61191788092907,509.74581143635766,18.052222222222227,405.0,False,False
I-95 NB,GP,110+04158,2025-10-13,675.0,4,46.66162293710968,7600.0,96,1.1,51.327785230820645,False,0.0,0.0,0.0,,,,,False,False
I-95 NB,GP,110+04158,2025-10-14,675.0,4,46.66162293710968,7600.0,96,1.1,51.327785230820645,True,4.3899180350713145,30866.56472425899,4.061390095297235,330.7760398019363,594.1711219062151,25.257777777777786,510.0,False,False
I-95 NB,GP,110+04158,2025-10-15,675.0,4,46.66162293710968,7600.0,96,1.1,51.327785230820645,True,3.294685316674054,23930.30537527903,3.148724391484083,350.2128943966412,547.8940133970844,32.71,480.0,False,False
I-95 NB,GP,110+04158,2025-10-16,675.0,4,46.66162293710968,7600.0,96,1.1,51.327785230820645,True,2.2535306790830476,15791.987243999913,2.0778930584210413,452.7540673533267,587.9659080983096,22.461111111111112,510.0,False,False
I-95 NB,GP,110+04158,2025-10-17,675.0,4,46.66162293710968,7600.0,96,1.1,51.327785230820645,True,2.1724551892611337,16977.882170043362,2.2339318644793895,369.7913608866081,500.13867224227613,48.22444444444444,420.0,False,False
I-95 NB,GP,110+04158,2025-10-20,675.0,4,46.66162293710968,7600.0,96,1.1,51.327785230820645,True,0.5334995823925216,3786.988363145889,0.4982879425191959,423.6113737782456,455.6213487217969,49.86666666666667,435.0,False,False
I-95 NB,GP,110+04158,2025-10-21,675.0,4,46.66162293710968,7600.0,96,1.1,51.327785230820645,True,1.1576878148234622,9475.663645496747,1.2467978480916773,382.741895413748,452.20316430315575,48.21999999999999,435.0,False,False
I-95 NB,GP,110+04158,2025-10-22,675.0,4,46.66162293710968,7600.0,96,1.1,51.327785230820645,True,3.344900810592414,26308.898919017098,3.4616972261864603,342.13777408224894,542.8318227177938,39.18111111111111,510.0,False,False
I-95 NB,GP,110+04158,2025-10-23,675.0,4,46.66162293710968,7600.0,96,1.1,51.327785230820645,True,1.5422371326016284,11238.496331419648,1.478749517292059,355.94006799997015,448.47429595606786,44.35999999999999,420.0,False,False
I-95 NB,GP,110+04158,2025-10-24,675.0,4,46.66162293710968,7600.0,96,1.1,51.327785230820645,True,1.2626967303015428,9451.45068963293,1.2436119328464381,382.0255729423027,457.78737676039526,49.77666666666667,420.0,False,False
I-95 NB,GP,110+04158,2025-10-27,675.0,4,46.66162293710968,7600.0,96,1.1,51.327785230820645,True,2.871204631887711,20785.191112532968,2.7348935674385486,349.3341478720697,521.6064257853324,45.24666666666666,375.0,False,False
I-95 NB,GP,110+04158,2025-10-28,675.0,4,46.66162293710968,7600.0,96,1.1,51.327785230820645,True,2.7817712483136225,20667.390215113403,2.7193934493570264,362.9522529436452,529.8585278424625,41.801111111111105,495.0,False,False
I-95 NB,GP,110+04158,2025-10-29,675.0,4,46.66162293710968,7600.0,96,1.1,51.327785230820645,True,1.6888345186672542,11133.976321011909,1.4649968843436723,436.521171468251,537.8512425882863,37.33111111111111,495.0,False,False
I-95 NB,GP,110+04158,2025-10-30,675.0,4,46.66162293710968,7600.0,96,1.1,51.327785230820645,True,4.951023161272671,37650.766422923,4.9540482135425,322.61881588554604,619.6802055619063,39.623333333333335,405.0,False,False
I-95 NB,GP,110+04158,2025-10-31,675.0,4,46.66162293710968,7600.0,96,1.1,51.327785230820645,True,2.264532337347818,16455.782308786627,2.16523451431403,392.3268140631143,528.1987543039834,33.72222222222222,495.0,False,False
I-95 NB,GP,110P04159,2025-10-01,676.001,4,47.517575695736,7600.0,96,1.1,52.269333265309605,True,2.6886088595162163,15943.868156929799,2.09787738906971,433.47183898027106,594.788370551244,8.831111111111111,525.0,False,False
I-95 NB,GP,110P04159,2025-10-02,676.001,4,47.517575695736,7600.0,96,1.1,52.269333265309605,True,1.8543452253380128,10568.4652986146,1.3905875392913947,477.14782513127557,588.4085386515563,8.32111111111111,525.0,False,False
I-95 NB,GP,110P04159,2025-10-03,676.001,4,47.517575695736,7600.0,96,1.1,52.269333265309605,False,0.0,0.0,0.0,,,,,False,False
I-95 NB,GP,110P04159,2025-10-06,676.001,4,47.517575695736,7600.0,96,1.1,52.269333265309605,False,0.0,0.0,0.0,,,,,False,False
I-95 NB,GP,110P04159,2025-10-07,676.001,4,47.517575695736,7600.0,96,1.1,52.269333265309605,False,0.0,0.0,0.0,,,,,False,False
I-95 NB,GP,110P04159,2025-10-08,676.001,4,47.517575695736,7600.0,96,1.1,52.269333265309605,True,1.3401489333580647,7910.584232041312,1.0408663463212253,482.08292782837145,562.4918638298553,19.063333333333333,525.0,False,False
I-95 NB,GP,110P04159,2025-10-09,676.001,4,47.517575695736,7600.0,96,1.1,52.269333265309605,True,1.8922815154625388,11691.307551590551,1.5383299409987568,450.4870529673459,564.0239438950982,20.412222222222226,510.0,False,False
I-95 NB,GP,110P04159,2025-10-10,676.001,4,47.517575695736,7600.0,96,1.1,52.269333265309605,False,0.0,0.0,0.0,,,,,False,False
I-95 NB,GP,110P04159,2025-10-13,676.001,4,47.517575695736,7600.0,96,1.1,52.269333265309605,False,0.0,0.0,0.0,,,,,False,False
I-95 NB,GP,110P04159,2025-10-14,676.001,4,47.517575695736,7600.0,96,1.1,52.269333265309605,True,1.1511385638043161,6708.839633842663,0.8827420570845609,496.5481334646423,565.6164472929013,30.38,540.0,False,False
I-95 NB,GP,110P04159,2025-10-15,676.001,4,47.517575695736,7600.0,96,1.1,52.269333265309605,True,1.506421293741307,9293.35364190887,1.2228096897248515,470.0882931362241,560.4735707607025,17.748888888888885,510.0,False,False
I-95 NB,GP,110P04159,2025-10-16,676.001,4,47.517575695736,7600.0,96,1.1,52.269333265309605,True,1.8522576457906277,9522.008702784224,1.2528958819452927,467.2069568916277,578.3424156390654,11.124444444444444,510.0,False,False
I-95 NB,GP,110P04159,2025-10-17,676.001,4,47.517575695736,7600.0,96,1.1,52.269333265309605,False,0.0,0.0,0.0,,,,,False,False
I-95 NB,GP,110P04159,2025-10-20,676.001,4,47.517575695736,7600.0,87,1.1,52.269333265309605,False,0.0,0.0,0.0,,,,,False,False
I-95 NB,GP,110P04159,2025-10-21,676.001,4,47.517575695736,7600.0,96,1.1,52.269333265309605,False,0.0,0.0,0.0,,,,,False,False
I-95 NB,GP,110P04159,2025-10-22,676.001,4,47.517575695736,7600.0,96,1.1,52.269333265309605,False,0.0,0.0,0.0,,,,,False,False
I-95 NB,GP,110P04159,2025-10-23,676.001,4,47.517575695736,7600.0,96,1.1,52.269333265309605,True,0.8128499589766894,7006.682629207593,0.9219319248957359,492.7192080048817,541.4902055434831,42.19777777777778,510.0,False,False
I-95 NB,GP,110P04159,2025-10-24,676.001,4,47.517575695736,7600.0,96,1.1,52.269333265309605,False,0.0,0.0,0.0,,,,,False,False
I-95 NB,GP,110P04159,2025-10-27,676.001,4,47.517575695736,7600.0,96,1.1,52.269333265309605,False,0.0,0.0,0.0,,,,,False,False
I-95 NB,GP,110P04159,2025-10-28,676.001,4,47.517575695736,7600.0,96,1.1,52.269333265309605,True,1.855809121792071,12211.857206037686,1.606823316583906,440.9645091193443,552.3130564268686,33.87777777777777,525.0,False,False
I-95 NB,GP,110P04159,2025-10-29,676.001,4,47.517575695736,7600.0,96,1.1,52.269333265309605,False,0.0,0.0,0.0,,,,,False,False
I-95 NB,GP,110P04159,2025-10-30,676.001,4,47.517575695736,7600.0,96,1.1,52.269333265309605,False,0.0,0.0,0.0,,,,,False,False
I-95 NB,GP,110P04159,2025-10-31,676.001,4,47.517575695736,7600.0,96,1.1,52.269333265309605,True,0.8135250729983189,5619.533758502032,0.7394123366450042,513.4963419679774,562.3078463478765,45.63888888888889,540.0,False,False
