corridor,facility,tmc_code,date_local,threshold_multiplier,d_over_c_h,observed_duration_h,predicted_duration_h,residual_h
I-95 NB,GP,110P04146,2025-10-30,0.9,1.6033319897859282,2.1482486790162882,1.9114672292174972,0.236781449798791
I-95 NB,GP,110+04147,2025-10-30,0.9,1.5085812847082882,2.3366979058820703,1.8052021990173603,0.5314957068647099
I-95 NB,GP,110P04147,2025-10-30,0.9,1.6306934652108813,2.501119668260725,1.9420814880820054,0.5590381801787196
I-95 NB,GP,110+04148,2025-10-07,0.9,0.690625898683936,0.6102531571821004,0.866760030000333,-0.2565068728182326
I-95 NB,GP,110+04148,2025-10-30,0.9,1.9353428879914247,2.383937731204182,2.2809486989534733,0.10298903225070877
I-95 NB,GP,110+04150,2025-10-01,0.9,1.281068612592399,1.4851716774071424,1.5483185065185372,-0.0631468291113948
I-95 NB,GP,110+04150,2025-10-03,0.9,0.3844003571449309,0.5320885534807398,0.49999055645546964,0.032097997025270164
I-95 NB,GP,110+04150,2025-10-07,0.9,1.280499682026398,2.0051717599920504,1.5476728245521842,0.4574989354398662
I-95 NB,GP,110+04150,2025-10-21,0.9,1.0495139416924038,1.4810938693438336,1.2839785280645206,0.19711534127931296
I-95 NB,GP,110+04150,2025-10-24,0.9,0.8130863891067369,1.2922608155101007,1.0103414786118627,0.281919336898238
I-95 NB,GP,110+04150,2025-10-28,0.9,0.6721603649693914,0.6481376437879447,0.8449808820988267,-0.19684323831088202
I-95 NB,GP,110+04150,2025-10-29,0.9,0.6448200646353267,0.621020153983154,0.812666994234823,-0.191646840251669
I-95 NB,GP,110+04150,2025-10-30,0.9,1.360833649615617,1.6221248145590323,1.6386747512652393,-0.01654993670620697
I-95 NB,GP,110P04150,2025-10-01,0.9,1.6125888248779632,2.195328303856035,1.92182807457383,0.27350022928220485
I-95 NB,GP,110P04150,2025-10-03,0.9,1.5515729659691775,2.2355239497873707,1.8534673049203043,0.38205664486706636
I-95 NB,GP,110P04150,2025-10-06,0.9,0.7867749974528244,1.0209886894713378,0.979610646880065,0.04137804259127276
I-95 NB,GP,110P04150,2025-10-08,0.9,1.7200584198031574,2.0297858910785833,2.04185497385524,-0.012069082776656526
I-95 NB,GP,110P04150,2025-10-09,0.9,0.683205980569057,0.6677646231308718,0.8580129408655534,-0.19024831773468154
I-95 NB,GP,110P04150,2025-10-14,0.9,1.6580758043194659,2.0466775184077646,1.9726877354134116,0.07398978299435299
I-95 NB,GP,110P04150,2025-10-15,0.9,0.44673215113438675,0.6663574772537241,0.5757635398150757,0.09059393743864841
I-95 NB,GP,110P04150,2025-10-16,0.9,0.6369406352595229,0.7390364965235582,0.8033388130669752,-0.064302316543417
I-95 NB,GP,110P04150,2025-10-21,0.9,1.1221479589478387,1.7684237197234363,1.3672467390944176,0.40117698062901863
I-95 NB,GP,110P04150,2025-10-22,0.9,1.821693169780389,2.0225305211430813,2.1549444076763966,-0.13241388653331532
I-95 NB,GP,110P04150,2025-10-24,0.9,1.1898331680341598,1.657069126068823,1.444545583533484,0.21252354253533912
I-95 NB,GP,110P04150,2025-10-28,0.9,1.390226476211843,1.9187019078967562,1.671887944653295,0.24681396324346117
I-95 NB,GP,110P04150,2025-10-29,0.9,0.9487708574002114,1.3288427614322254,1.1678964135506946,0.16094634788153073
I-95 NB,GP,110P04150,2025-10-30,0.9,1.2158810843867578,1.92568079478674,1.4742209371797808,0.4514598576069593
I-95 NB,GP,110+04151,2025-10-01,0.9,1.8720177835881733,2.4519901983480206,2.2107971285925103,0.24119306975551025
I-95 NB,GP,110+04151,2025-10-02,0.9,1.710419667350804,2.048367484818244,2.0311090815958006,0.01725840322244343
I-95 NB,GP,110+04151,2025-10-03,0.9,1.9207633787845897,2.755564959010281,2.2648100886540785,0.4907548703562026
I-95 NB,GP,110+04151,2025-10-06,0.9,1.1426910605075014,1.5588146354097423,1.3907369747086307,0.16807766070111163
I-95 NB,GP,110+04151,2025-10-07,0.9,1.2556549388772977,1.6156627461052095,1.5194592252934522,0.09620352081175731
I-95 NB,GP,110+04151,2025-10-08,0.9,1.9904636242537737,2.3237801306207198,2.3418974096589396,-0.018117279038219802
I-95 NB,GP,110+04151,2025-10-09,0.9,1.7957875623210329,2.28101499874529,2.1261565403266722,0.15485845841861767
I-95 NB,GP,110+04151,2025-10-14,0.9,1.8772309726565537,2.49657133938459,2.216577704883253,0.27999363450133696
I-95 NB,GP,110+04151,2025-10-15,0.9,1.6655859268821218,1.9403334797682874,1.9810766674247289,-0.04074318765644147
I-95 NB,GP,110+04151,2025-10-16,0.9,1.8988765292311143,2.32667287023217,2.240568655561275,0.08610421467089502
I-95 NB,GP,110+04151,2025-10-17,0.9,0.4544897608614154,0.5222264026087657,0.5851469735181745,-0.06292057090940872
I-95 NB,GP,110+04151,2025-10-20,0.9,0.6718973370382074,0.5994457479414479,0.8446703928058207,-0.2452246448643728
I-95 NB,GP,110+04151,2025-10-21,0.9,1.3393777247893477,1.9764753195019154,1.6144024740752578,0.3620728454266575
I-95 NB,GP,110+04151,2025-10-22,0.9,2.1616483544178235,2.603964697006691,2.530538730706219,0.07342596630047193
I-95 NB,GP,110+04151,2025-10-23,0.9,2.1472029285461454,2.3318800969548503,2.5146564596829912,-0.1827763627281409
I-95 NB,GP,110+04151,2025-10-24,0.9,1.3450048294384893,1.9357875773568927,1.6207704843520518,0.3150170930048408
I-95 NB,GP,110+04151,2025-10-27,0.9,1.3843892225060201,1.5559691761917729,1.6652954244554785,-0.10932624826370563
I-95 NB,GP,110+04151,2025-10-28,0.9,3.0209724310448336,3.640637732220758,3.4650351092883627,0.17560262293239548
I-95 NB,GP,110+04151,2025-10-29,0.9,2.3579239062583115,2.9347909574387017,2.7457140033764325,0.1890769540622692
I-95 NB,GP,110+04151,2025-10-30,0.9,1.724157921989598,2.1299676598975075,2.046424244314974,0.08354341558253342
I-95 NB,GP,110P04151,2025-10-01,0.9,3.0060432276382976,3.7909021766986046,3.448953530811363,0.34194864588724183
I-95 NB,GP,110P04151,2025-10-02,0.9,3.94958627026549,4.695459845558028,4.45668343474296,0.23877641081506784
I-95 NB,GP,110P04151,2025-10-03,0.9,3.7371998953046655,4.510092052069229,4.231270907209565,0.27882114485966447
I-95 NB,GP,110P04151,2025-10-06,0.9,3.75349349519961,4.4932634308107176,4.2485909706493254,0.2446724601613921
I-95 NB,GP,110P04151,2025-10-07,0.9,1.4056262365366048,1.7429228509506904,1.68927215563704,0.05365069531365041
I-95 NB,GP,110P04151,2025-10-08,0.9,2.1706766189160187,2.772129562505782,2.540461720934082,0.23166784157170017
I-95 NB,GP,110P04151,2025-10-09,0.9,3.05464260302443,3.7338810747536284,3.501286504448277,0.23259457030535158
I-95 NB,GP,110P04151,2025-10-14,0.9,3.0713465059033185,3.661886763043187,3.5192619015587328,0.14262486148445408
I-95 NB,GP,110P04151,2025-10-15,0.9,1.7730780901468008,2.30308725986958,2.1008995766486387,0.2021876832209415
I-95 NB,GP,110P04151,2025-10-16,0.9,3.396509944520556,4.379149671412228,3.868028934218321,0.5111207371939068
I-95 NB,GP,110P04151,2025-10-17,0.9,3.8450416636563447,4.440492712945637,4.345821817770689,0.09467089517494731
I-95 NB,GP,110P04151,2025-10-20,0.9,1.7341923689377834,1.9624100045624138,2.057605761221411,-0.09519575665899715
I-95 NB,GP,110P04151,2025-10-21,0.9,1.617725969123914,2.2071051900424523,1.9275763304058302,0.2795288596366221
I-95 NB,GP,110P04151,2025-10-22,0.9,3.6478115749790483,4.49108691943186,4.13616876639601,0.3549181530358494
I-95 NB,GP,110P04151,2025-10-23,0.9,2.8930884710586278,3.5086489606739937,3.32712011514243,0.18152884553156357
I-95 NB,GP,110P04151,2025-10-24,0.9,1.7522093760794175,2.521332335364544,2.0776724633715764,0.4436598719929674
I-95 NB,GP,110P04151,2025-10-27,0.9,2.248103571314103,2.639725121559089,2.6254596627160693,0.014265458843019552
I-95 NB,GP,110P04151,2025-10-28,0.9,3.1523884942611407,4.002499629971094,3.606388752512373,0.3961108774587214
I-95 NB,GP,110P04151,2025-10-29,0.9,2.433814569200359,3.2830372908540615,2.8286146072698934,0.45442268358416804
I-95 NB,GP,110P04151,2025-10-30,0.9,1.7212143161109508,2.285417687781266,2.043143393281297,0.24227429449996896
I-95 NB,GP,110P04151,2025-10-31,0.9,0.6539221910128066,0.6861954937944726,0.8234340370974219,-0.13723854330294927
I-95 NB,GP,110+04152,2025-10-01,0.9,3.26112415611368,3.598565125773237,3.723074751208047,-0.12450962543480992
I-95 NB,GP,110+04152,2025-10-02,0.9,4.278639216962344,4.347114667535862,4.804474046645717,-0.4573593791098558
I-95 NB,GP,110+04152,2025-10-03,0.9,1.6880803108893396,1.6993848539860816,2.0061895090259387,-0.3068046550398571
I-95 NB,GP,110+04152,2025-10-06,0.9,3.7801772251089933,4.048518905006019,4.276945826392086,-0.2284269213860668
I-95 NB,GP,110+04152,2025-10-07,0.9,1.4211661909843745,1.4339415213529605,1.706802853540521,-0.2728613321875606
I-95 NB,GP,110+04152,2025-10-08,0.9,2.587240058236628,2.7054624988441685,2.9957358482028504,-0.290273349358682
I-95 NB,GP,110+04152,2025-10-09,0.9,3.058616926965689,3.331770945457951,3.5055638946867607,-0.1737929492288095
I-95 NB,GP,110+04152,2025-10-10,0.9,1.7017194119102224,1.6669236657343844,2.0214063134012084,-0.3544826476668239
I-95 NB,GP,110+04152,2025-10-14,0.9,3.153164700900015,3.288101054753318,3.607222572862208,-0.31912151810889
I-95 NB,GP,110+04152,2025-10-15,0.9,1.887948214198313,2.042960291983952,2.2284583051551445,-0.18549801317119252
I-95 NB,GP,110+04152,2025-10-16,0.9,3.969788074656811,4.193711566832737,4.478085136163901,-0.284373569331164
I-95 NB,GP,110+04152,2025-10-17,0.9,4.070477100070383,4.238434864153413,4.58465628100376,-0.346221416850347
I-95 NB,GP,110+04152,2025-10-20,0.9,3.098923814862625,3.359069627746361,3.5489253525449773,-0.18985572479861634
I-95 NB,GP,110+04152,2025-10-21,0.9,2.1086880831095938,2.2275462575868556,2.472278662845906,-0.24473240525905027
I-95 NB,GP,110+04152,2025-10-22,0.9,3.7858405949545566,3.97271764138315,4.282962303515357,-0.31024466213220725
I-95 NB,GP,110+04152,2025-10-23,0.9,3.3136337743371063,3.3889678934126057,3.7793382512976965,-0.3903703578850908
I-95 NB,GP,110+04152,2025-10-24,0.9,2.488984442723589,2.5701139074997004,2.888781265453406,-0.3186673579537058
I-95 NB,GP,110+04152,2025-10-27,0.9,3.321665442853777,3.4413273813547276,3.7879392829028466,-0.34661190154811905
I-95 NB,GP,110+04152,2025-10-28,0.9,3.500795879582718,3.701083978573692,3.979444434327958,-0.27836045575426605
I-95 NB,GP,110+04152,2025-10-29,0.9,2.5788723104505658,2.9710186528458555,2.9866370538155493,-0.015618400969693802
I-95 NB,GP,110+04152,2025-10-30,0.9,1.866570318591654,2.089247586268372,2.2047557292302495,-0.11550814296187761
I-95 NB,GP,110+04152,2025-10-31,0.9,0.6964122271700947,0.8420367743544157,0.8735773554289534,-0.03154058107453772
I-95 NB,GP,110P04153,2025-10-01,0.9,1.7930209850095666,2.239222695808626,2.123080662382305,0.11614203342632123
I-95 NB,GP,110P04153,2025-10-07,0.9,0.43024958742762043,0.5931000595831042,0.5557933475376053,0.03730671204549885
I-95 NB,GP,110P04153,2025-10-08,0.9,1.332146200763386,1.6006814174306612,1.6062163972419365,-0.005534979811275376
I-95 NB,GP,110P04153,2025-10-09,0.9,1.0115389996028654,1.296744911648028,1.2403050756319218,0.05643983601610625
I-95 NB,GP,110P04153,2025-10-10,0.9,0.37810586940851487,0.6274063821638094,0.4922988603733166,0.1351075217904928
I-95 NB,GP,110P04153,2025-10-14,0.9,1.7634258973817172,2.3027016686170714,2.09015866237853,0.2125430062385414
I-95 NB,GP,110P04153,2025-10-20,0.9,0.9109074699216079,1.276437434723735,1.1240772631971394,0.15236017152659564
I-95 NB,GP,110P04153,2025-10-21,0.9,1.24629250959341,2.02631969741808,1.5088184836478995,0.5175012137701807
I-95 NB,GP,110P04153,2025-10-22,0.9,1.1649445189481955,1.0632283729284107,1.416153899371639,-0.3529255264432283
I-95 NB,GP,110P04153,2025-10-29,0.9,1.5581769649734576,2.306426420022087,1.8608740776463049,0.4455523423757821
I-95 NB,GP,110+04154,2025-10-01,0.9,2.151664149696587,2.7386834802692155,2.5195621193383944,0.21912136093082113
I-95 NB,GP,110+04154,2025-10-02,0.9,0.7008719672377687,0.5916097338898955,0.8788293646155952,-0.2872196307256998
I-95 NB,GP,110+04154,2025-10-06,0.9,1.113654554905177,1.2105334339720477,1.3575272225300457,-0.14699378855799794
I-95 NB,GP,110+04154,2025-10-07,0.9,1.2772500627781913,1.5025010283216915,1.5439844807439937,-0.041483452422302225
I-95 NB,GP,110+04154,2025-10-08,0.9,1.9267401098662327,2.5430150790942596,2.271426858953503,0.2715882201407567
I-95 NB,GP,110+04154,2025-10-09,0.9,1.8132503065628376,2.215845150563764,2.1455649511849484,0.07028019937881558
I-95 NB,GP,110+04154,2025-10-10,0.9,1.2401400511417628,1.804531670674652,1.5018233375020051,0.3027083331726468
I-95 NB,GP,110+04154,2025-10-14,0.9,2.723125252871678,3.4624167025960455,3.143245647624195,0.3191710549718505
I-95 NB,GP,110+04154,2025-10-15,0.9,1.7230135168674405,1.9573026175808697,2.0451487667923507,-0.08784614921148104
I-95 NB,GP,110+04154,2025-10-16,0.9,1.5039998062547282,1.8251852207634471,1.8000538420959415,0.02513137866750559
I-95 NB,GP,110+04154,2025-10-20,0.9,1.190179607677164,1.779631532276022,1.4449405266035862,0.3346910056724359
I-95 NB,GP,110+04154,2025-10-21,0.9,2.0416756536801777,2.628059515552126,2.398431879908355,0.22962763564377076
I-95 NB,GP,110+04154,2025-10-22,0.9,1.3945301012864793,1.892668616608977,1.6767473225150358,0.21592129409394123
I-95 NB,GP,110+04154,2025-10-23,0.9,1.4029852748413705,1.821446170497896,1.686291702028526,0.13515446846936996
I-95 NB,GP,110+04154,2025-10-24,0.9,0.6862040906920168,0.7421237918898707,0.8615480051080149,-0.11942421321814423
I-95 NB,GP,110+04154,2025-10-27,0.9,1.403286529877262,1.450043144936899,1.6866317002566547,-0.23658855531975576
I-95 NB,GP,110+04154,2025-10-28,0.9,1.331127892557307,1.6559066914125775,1.605063456122632,0.0508432352899455
I-95 NB,GP,110+04154,2025-10-29,0.9,1.2324124751164447,1.495474980927141,1.4930343325936724,0.002440648333468687
I-95 NB,GP,110P04154,2025-10-01,0.9,2.2517318860288453,2.6436928977983003,2.6294383353835538,0.014254562414746541
I-95 NB,GP,110P04154,2025-10-02,0.9,0.9014407104775201,1.0488971432604957,1.1131042227120636,-0.0642070794515679
I-95 NB,GP,110P04154,2025-10-03,0.9,0.8684526514909174,1.0039632172498973,1.0748118860207232,-0.07084866877082585
I-95 NB,GP,110P04154,2025-10-06,0.9,1.600648930892245,1.7025621395000978,1.9084634958732185,-0.20590135637312068
I-95 NB,GP,110P04154,2025-10-07,0.9,1.2856742065961642,1.4898268706133242,1.5535447735318588,-0.06371790291853463
I-95 NB,GP,110P04154,2025-10-08,0.9,2.149725916435844,2.802251452251786,2.517430870516191,0.28482058173559466
I-95 NB,GP,110P04154,2025-10-09,0.9,1.8209595437038486,2.343299669497398,2.1541295035290555,0.18917016596834246
I-95 NB,GP,110P04154,2025-10-10,0.9,1.7252392383757065,2.412358953291865,2.04762935989563,0.3647295933962349
I-95 NB,GP,110P04154,2025-10-14,0.9,2.7387953542578014,3.650958056355327,3.1602269904006044,0.4907310659547228
I-95 NB,GP,110P04154,2025-10-15,0.9,1.9479428152815212,2.1710386610800585,2.2948900601845135,-0.12385139910445497
I-95 NB,GP,110P04154,2025-10-16,0.9,1.4585793989020135,1.975434162568279,1.7489611825413747,0.2264729800269043
I-95 NB,GP,110P04154,2025-10-20,0.9,1.4262582503892811,1.950097799826446,1.7125446810773888,0.23755311874905716
I-95 NB,GP,110P04154,2025-10-21,0.9,0.6809721263375714,0.697383146430271,0.8553783938152434,-0.1579952473849724
I-95 NB,GP,110P04154,2025-10-22,0.9,1.863472492224865,2.384970352492568,2.2013196688706778,0.1836506836218903
I-95 NB,GP,110P04154,2025-10-23,0.9,1.6228689420704825,2.021704718471972,1.9333299930481063,0.0883747254238656
I-95 NB,GP,110P04154,2025-10-27,0.9,1.5010387167924635,1.7836779441404758,1.7967258603725025,-0.013047916232026724
I-95 NB,GP,110P04154,2025-10-28,0.9,1.6701282603232424,2.1931998676768956,1.9861494091763954,0.2070504585005002
I-95 NB,GP,110P04154,2025-10-29,0.9,1.4830846810703304,1.6112395932020518,1.7765386326088588,-0.165299039406807
I-95 NB,GP,110+04155,2025-10-01,0.9,3.770452424504373,4.519601400988508,4.266613407809976,0.2529879931785315
I-95 NB,GP,110+04155,2025-10-02,0.9,1.5883966045393687,1.9603603495127733,1.894742881028776,0.06561746848399719
I-95 NB,GP,110+04155,2025-10-03,0.9,1.5514685499322185,1.8179219906300783,1.85335018078031,-0.0354281901502318
I-95 NB,GP,110+04155,2025-10-06,0.9,1.792655537588943,2.127961409679645,2.1226743366606673,0.005287073018977573
I-95 NB,GP,110+04155,2025-10-07,0.9,1.7840150013015557,1.9301939917994295,2.1130658108183122,-0.18287181901888272
I-95 NB,GP,110+04155,2025-10-08,0.9,2.5021072902347488,3.0387910134271494,2.903080620115753,0.13571039331139634
I-95 NB,GP,110+04155,2025-10-09,0.9,2.6067125776531532,2.8136898665998853,3.016902642353312,-0.20321277575342656
I-95 NB,GP,110+04155,2025-10-10,0.9,1.8407169680405957,2.7526565131331884,2.1760688778179764,0.576587635315212
I-95 NB,GP,110+04155,2025-10-14,0.9,3.476933518146584,4.06845857033536,3.953968790715473,0.11448977961988716
I-95 NB,GP,110+04155,2025-10-15,0.9,2.4292640508011725,2.616385890725429,2.8236482547643127,-0.20726236403888354
I-95 NB,GP,110+04155,2025-10-16,0.9,1.9644416932411837,2.397208461321743,2.3131371584985625,0.08407130282318054
I-95 NB,GP,110+04155,2025-10-17,0.9,1.6281515904355923,1.6510372460695388,1.9392387586909854,-0.28820151262144655
I-95 NB,GP,110+04155,2025-10-20,0.9,1.823947302297849,2.077787080855383,2.1574481492099618,-0.07966106835457865
I-95 NB,GP,110+04155,2025-10-21,0.9,0.9045737244991653,1.0917458371940123,1.116736513508894,-0.02499067631488172
I-95 NB,GP,110+04155,2025-10-22,0.9,2.3537125124805987,2.7827916439566973,2.741108886797886,0.04168275715881142
I-95 NB,GP,110+04155,2025-10-23,0.9,2.1140730281618003,2.4913974316088843,2.478206525714161,0.013190905894723493
I-95 NB,GP,110+04155,2025-10-24,0.9,1.3576588690699785,1.7235487240802514,1.6350847223045781,0.08846400177567326
I-95 NB,GP,110+04155,2025-10-27,0.9,1.785945631250863,2.0170084056579327,2.115212972871423,-0.09820456721349036
I-95 NB,GP,110+04155,2025-10-28,0.9,1.952481671837223,2.323586265847738,2.2999107904700464,0.023675475377691768
I-95 NB,GP,110+04155,2025-10-29,0.9,1.509171960309258,1.7958870582217494,1.8058658910080436,-0.00997883278629419
I-95 NB,GP,110+04155,2025-10-30,0.9,0.9018879598528009,1.1723086799505344,1.1136227927575475,0.05868588719298695
I-95 NB,GP,110P04155,2025-10-01,0.9,4.023027300393125,4.897935394925228,4.534454807669976,0.36348058725525156
I-95 NB,GP,110P04155,2025-10-02,0.9,2.0940661297397813,2.272236538339625,2.4561778378451877,-0.18394129950556293
I-95 NB,GP,110P04155,2025-10-06,0.9,2.0745692490692957,2.2768241670665845,2.4346983530839186,-0.15787418601733405
I-95 NB,GP,110P04155,2025-10-07,0.9,1.7540540456333544,2.0618681089367357,2.0797262783463975,-0.017858169409661784
I-95 NB,GP,110P04155,2025-10-08,0.9,2.744671766299699,3.3392583645617937,3.1665935986473825,0.17266476591441116
I-95 NB,GP,110P04155,2025-10-09,0.9,2.8155001391646777,3.119930716620277,3.2432654404034924,-0.12333472378321542
I-95 NB,GP,110P04155,2025-10-10,0.9,1.9899371049485937,3.0697583462215685,2.341315712400574,0.7284426338209946
I-95 NB,GP,110P04155,2025-10-14,0.9,3.2086642070667066,4.027623951718271,3.6668092580379232,0.36081469368034735
I-95 NB,GP,110P04155,2025-10-15,0.9,2.426431628312484,2.828415322358586,2.82055671420656,0.007858608152026214
I-95 NB,GP,110P04155,2025-10-16,0.9,3.5224912811885534,4.105480181815207,4.002597421144365,0.10288276067084201
I-95 NB,GP,110P04155,2025-10-17,0.9,1.9855421535321205,2.2486911023517857,2.3364598141592103,-0.08776871180742463
I-95 NB,GP,110P04155,2025-10-20,0.9,0.8938141909942168,0.9866046197890285,1.1042591170115104,-0.11765449722248189
I-95 NB,GP,110P04155,2025-10-21,0.9,1.3341005365415937,1.4400419542486929,1.6084289697745824,-0.16838701552588953
I-95 NB,GP,110P04155,2025-10-22,0.9,2.570840477777274,2.969184237516179,2.977901827685615,-0.008717590169435852
I-95 NB,GP,110P04155,2025-10-24,0.9,1.742600040936006,2.103562022832378,2.06697150204551,0.03659052078686775
I-95 NB,GP,110P04155,2025-10-27,0.9,2.226277395543247,2.5225888390183,2.6015176144898393,-0.07892877547153931
I-95 NB,GP,110P04155,2025-10-28,0.9,2.185363069406943,2.590069876253359,2.556598265779368,0.03347161047399094
I-95 NB,GP,110P04155,2025-10-29,0.9,3.38421839050165,3.8768689807682564,3.8548834313457063,0.021985549422550044
I-95 NB,GP,110P04155,2025-10-30,0.9,4.034636397504781,4.425409555626502,4.546740452285892,-0.12133089665938979
I-95 NB,GP,110P04155,2025-10-31,0.9,1.682197783419374,1.7931400475884989,1.999624208357141,-0.20648416076864207
I-95 NB,GP,110+04156,2025-10-01,0.9,4.068686041644227,5.08160865410498,4.582762007692737,0.4988466464122432
I-95 NB,GP,110+04156,2025-10-06,0.9,2.3136906985144274,2.429376836367528,2.697320215161493,-0.2679433787939649
I-95 NB,GP,110+04156,2025-10-07,0.9,2.045598898638151,2.1202714446638877,2.4027592717207567,-0.2824878270568689
I-95 NB,GP,110+04156,2025-10-08,0.9,3.265883018385626,3.9630670302903943,3.728176086051127,0.23489094423926726
I-95 NB,GP,110+04156,2025-10-09,0.9,2.91123581156154,3.1628677511322754,3.3467131826145016,-0.1838454314822262
I-95 NB,GP,110+04156,2025-10-10,0.9,2.213212335260499,3.2335106922558983,2.5871791582893606,0.6463315339665376
I-95 NB,GP,110+04156,2025-10-14,0.9,3.29114976282824,3.9778086943288753,3.755253579573129,0.22255511475574608
I-95 NB,GP,110+04156,2025-10-15,0.9,2.6798352950263955,2.930920243853724,3.096302179020697,-0.1653819351669732
I-95 NB,GP,110+04156,2025-10-16,0.9,3.773336450382703,4.259874606004119,4.269677800689617,-0.009803194685498617
I-95 NB,GP,110+04156,2025-10-20,0.9,1.168844532812628,1.2154880635307375,1.4206052587521492,-0.2051171952214117
I-95 NB,GP,110+04156,2025-10-21,0.9,1.3620652412377736,1.482488839255377,1.6400672924757986,-0.15757845322042163
I-95 NB,GP,110+04156,2025-10-22,0.9,2.6573168374494136,2.990566355062784,3.0718649988619937,-0.08129864379920981
I-95 NB,GP,110+04156,2025-10-24,0.9,2.0366862653488105,2.160040217929286,2.3929277847401704,-0.2328875668108843
I-95 NB,GP,110+04156,2025-10-27,0.9,2.2722194715495925,2.5669590805028064,2.651896927820344,-0.08493784731753751
I-95 NB,GP,110+04156,2025-10-28,0.9,2.4643383721790117,2.735361904547018,2.86191314042602,-0.1265512358790022
I-95 NB,GP,110+04156,2025-10-29,0.9,3.699999881962559,3.937295641544223,4.191710068664007,-0.25441442711978457
I-95 NB,GP,110+04156,2025-10-30,0.9,3.9012360399612507,4.395699860779225,4.405434227399711,-0.00973436662048588
I-95 NB,GP,110+04156,2025-10-31,0.9,1.870093627086248,2.1280427156532626,2.208663304932582,-0.08062058927931925
I-95 NB,GP,110P04156,2025-10-01,0.9,4.0035152919904515,4.599970214604128,4.513800815190002,0.08616939941412571
I-95 NB,GP,110P04156,2025-10-02,0.9,0.7257875486842812,0.7672216026402414,0.9081340570019654,-0.14091245436172395
I-95 NB,GP,110P04156,2025-10-03,0.9,1.4415884329364648,1.3764786695940785,1.7298235297215698,-0.35334486012749133
I-95 NB,GP,110P04156,2025-10-06,0.9,1.9351955000385868,2.0897398888698473,2.280785586851441,-0.19104569798159377
I-95 NB,GP,110P04156,2025-10-07,0.9,2.19143231181395,2.0586667629144264,2.5632648322507454,-0.504598069336319
I-95 NB,GP,110P04156,2025-10-08,0.9,2.939019698507217,3.38587871335078,3.3766960867259184,0.0091826266248618
I-95 NB,GP,110P04156,2025-10-09,0.9,2.6032612259208614,2.767591533618122,3.01315169898519,-0.24556016536706782
I-95 NB,GP,110P04156,2025-10-10,0.9,1.5873741436571631,2.54307957994165,1.8935975997643582,0.6494819801772918
I-95 NB,GP,110P04156,2025-10-14,0.9,2.9851770007658187,3.6321673599246007,3.4264684837196313,0.2056988762049694
I-95 NB,GP,110P04156,2025-10-15,0.9,2.7368081068777665,2.8911566065448926,3.1580737831464187,-0.26691717660152614
I-95 NB,GP,110P04156,2025-10-16,0.9,3.257050897657486,3.397982087174975,3.7187079991424903,-0.3207259119675152
I-95 NB,GP,110P04156,2025-10-17,0.9,1.440554181703602,1.5243932844835266,1.7286581655647837,-0.20426488108125707
I-95 NB,GP,110P04156,2025-10-21,0.9,1.1908991208312585,1.1477009206701563,1.4457607530940566,-0.29805983242390033
I-95 NB,GP,110P04156,2025-10-22,0.9,2.3185154378119095,2.7112978467128084,2.702601493393566,0.008696353319242345
I-95 NB,GP,110P04156,2025-10-23,0.9,2.5331674077968724,2.6912767405949607,2.9369072017502886,-0.24563046115532794
I-95 NB,GP,110P04156,2025-10-24,0.9,1.6659591138243524,1.8849826104340508,1.981493463196326,-0.09651085276227511
I-95 NB,GP,110P04156,2025-10-27,0.9,1.890147223416062,2.0406902255702373,2.230895507879786,-0.1902052823095488
I-95 NB,GP,110P04156,2025-10-28,0.9,2.121148143817811,2.3841866420399733,2.485993565019625,-0.10180692297965166
I-95 NB,GP,110P04156,2025-10-29,0.9,1.3825324303318205,1.5791689585440953,1.6631980318018593,-0.08402907325776399
I-95 NB,GP,110P04156,2025-10-30,0.9,2.863826691424623,2.932074905699801,3.295511350062827,-0.363436444363026
I-95 NB,GP,110P04156,2025-10-31,0.9,1.3914932771877713,1.5154638952083086,1.6733184303718878,-0.15785453516357917
I-95 NB,GP,110+04157,2025-10-01,0.9,4.112009267204213,4.657499944597854,4.628567648575866,0.028932296021987547
I-95 NB,GP,110+04157,2025-10-02,0.9,0.7167127816536235,0.729207236752173,0.8974679029804896,-0.1682606662283166
I-95 NB,GP,110+04157,2025-10-03,0.9,0.7260535991759157,0.550504203459109,0.9084466399283713,-0.35794243646926227
I-95 NB,GP,110+04157,2025-10-06,0.9,1.9618461028949217,2.099791580400568,2.3102671611582095,-0.21047558075764172
I-95 NB,GP,110+04157,2025-10-07,0.9,0.7358713954728199,0.7781411183808785,0.919976712733771,-0.1418355943528925
I-95 NB,GP,110+04157,2025-10-08,0.9,3.029629332434119,3.3526744537637048,3.4743580091465733,-0.12168355538286857
I-95 NB,GP,110+04157,2025-10-09,0.9,2.659173696227559,2.641143325590827,3.0738805508280787,-0.43273722523725144
I-95 NB,GP,110+04157,2025-10-10,0.9,1.666941034824707,2.3978322038383624,1.9825900995539054,0.41524210428445696
I-95 NB,GP,110+04157,2025-10-14,0.9,3.1882038468457723,3.5884350784420915,3.64484949929784,-0.05641442085574866
I-95 NB,GP,110+04157,2025-10-15,0.9,2.5905326863495746,2.843652625896017,2.999315643669092,-0.15566301777307512
I-95 NB,GP,110+04157,2025-10-16,0.9,1.3538746773463453,1.5087261941311028,1.6308049045238426,-0.12207871039273988
I-95 NB,GP,110+04157,2025-10-17,0.9,1.4608007132620267,1.3675020248404242,1.7514621356524516,-0.3839601108120274
I-95 NB,GP,110+04157,2025-10-21,0.9,0.9724126358754529,0.8849077064238098,1.1952026222635825,-0.31029491583977276
I-95 NB,GP,110+04157,2025-10-22,0.9,2.616236745209352,2.731319346427416,3.0272519770020594,-0.29593263057464325
I-95 NB,GP,110+04157,2025-10-23,0.9,2.5882212814932952,2.7122219787130017,2.9968026781346437,-0.284580699421642
I-95 NB,GP,110+04157,2025-10-24,0.9,1.9340375949739237,2.0626728847889515,2.279504123803762,-0.2168312390148106
I-95 NB,GP,110+04157,2025-10-27,0.9,1.6703302835666884,1.7226027198897234,1.9863750031115974,-0.26377228322187407
I-95 NB,GP,110+04157,2025-10-28,0.9,2.1744747149351595,2.2201385137363387,2.5446354657830925,-0.3244969520467538
I-95 NB,GP,110+04157,2025-10-29,0.9,0.9577192163058219,1.0856507142459473,1.178236577918426,-0.09258586367247879
I-95 NB,GP,110+04157,2025-10-30,0.9,3.105993407857901,3.0487452463658675,3.5565271409023773,-0.5077818945365098
I-95 NB,GP,110+04157,2025-10-31,0.9,1.383293604980876,1.5131700524592777,1.6640578591441815,-0.15088780668490376
I-95 NB,GP,110P04157,2025-10-01,0.9,3.8247937044593328,4.45926901325528,4.32432928522767,0.13493972802761078
I-95 NB,GP,110P04157,2025-10-02,0.9,0.729904349581407,0.7300670430795255,0.912970108484769,-0.18290306540524348
I-95 NB,GP,110P04157,2025-10-07,0.9,0.7001897604379254,0.8062558212071347,0.8780260967316074,-0.07177027552447268
I-95 NB,GP,110P04157,2025-10-08,0.9,1.6157118843974116,1.883818604821215,1.9253227842669083,-0.04150417944569318
I-95 NB,GP,110P04157,2025-10-09,0.9,0.7117369582169015,0.7700390109812361,0.8916160082191434,-0.12157699723790738
I-95 NB,GP,110P04157,2025-10-10,0.9,1.7673929781428863,2.473572692945253,2.094573643978037,0.3789990489672159
I-95 NB,GP,110P04157,2025-10-14,0.9,3.2412057330709647,3.497369258214586,3.7017179581754722,-0.20434869996088612
I-95 NB,GP,110P04157,2025-10-15,0.9,2.8654144222667557,2.843982786288216,3.29722693099398,-0.453244144705764
I-95 NB,GP,110P04157,2025-10-16,0.9,1.3273846789826564,1.4948387270256964,1.6008248807878032,-0.10598615376210674
I-95 NB,GP,110P04157,2025-10-22,0.9,1.2234199288808767,1.1058222865353693,1.482802371692314,-0.3769800851569447
I-95 NB,GP,110P04157,2025-10-23,0.9,0.7213047817413268,0.9446082570213586,0.9028661974592718,0.041742059562086875
I-95 NB,GP,110P04157,2025-10-24,0.9,0.7371891493567931,0.7981398642640698,0.9215235730719001,-0.12338370880783034
I-95 NB,GP,110P04157,2025-10-27,0.9,1.215477377118731,1.2343585045599232,1.4737613075349698,-0.23940280297504657
I-95 NB,GP,110P04157,2025-10-28,0.9,0.733822248688566,0.7252675612760963,0.9175709627357198,-0.19230340145962355
I-95 NB,GP,110P04157,2025-10-29,0.9,0.960498141784523,0.9512464071183037,1.181446528864127,-0.23020012174582327
I-95 NB,GP,110P04157,2025-10-30,0.9,2.1655171741005645,2.2899560967805095,2.5347912699520654,-0.2448351731715559
I-95 NB,GP,110P04157,2025-10-31,0.9,1.369377409601871,1.5586930002593438,1.648333466628083,-0.08964046636873935
I-95 NB,GP,110+04158,2025-10-01,0.9,3.6810560108235233,4.275721833100861,4.171554651769207,0.10416718133165404
I-95 NB,GP,110+04158,2025-10-07,0.9,0.915652522425455,1.0130679079342617,1.1295746922768495,-0.11650678434258777
I-95 NB,GP,110+04158,2025-10-08,0.9,1.608549563745298,1.7327836091396174,1.9173075210311161,-0.18452391189149875
I-95 NB,GP,110+04158,2025-10-09,0.9,0.7129467446838571,0.7433043092990924,0.893039025425991,-0.1497347161268986
I-95 NB,GP,110+04158,2025-10-10,0.9,2.01443453201607,2.415196989972381,2.368370510897661,0.04682647907471971
I-95 NB,GP,110+04158,2025-10-14,0.9,1.787216316090426,2.007502590998121,2.116626095615024,-0.10912350461690323
I-95 NB,GP,110+04158,2025-10-15,0.9,1.3777259729000122,1.6341911155012383,1.6577679617503578,-0.023576846249119487
I-95 NB,GP,110+04158,2025-10-16,0.9,1.0611735637069108,1.4064594486096533,1.2973682946445293,0.10909115396512403
I-95 NB,GP,110+04158,2025-10-22,0.9,0.7193056600793575,0.7509720824521158,0.9005163149647548,-0.14954423251263904
I-95 NB,GP,110+04158,2025-10-23,0.9,0.46165052324240013,0.6920418843203568,0.5937998024939638,0.09824208182639305
I-95 NB,GP,110+04158,2025-10-28,0.9,0.7341827560088188,0.638874690940032,0.917994237094225,-0.279119546154193
I-95 NB,GP,110+04158,2025-10-29,0.9,0.706826317384598,0.8383117164395751,0.8858383252554702,-0.0475266088158951
I-95 NB,GP,110+04158,2025-10-30,0.9,1.9484615247656438,2.111352010768463,2.2954638752357224,-0.18411186446725925
I-95 NB,GP,110+04158,2025-10-31,0.9,1.4123239974700248,1.4142625284628394,1.6968293742915153,-0.28256684582867586
I-95 NB,GP,110P04159,2025-10-01,0.9,1.3815640170848726,1.912633051753276,1.662104064782268,0.2505289869710079
I-95 NB,GP,110P04159,2025-10-02,0.9,0.9319487141859388,1.5893990367400506,1.1484416397325259,0.4409573970075247
I-95 NB,GP,110P04159,2025-10-08,0.9,0.7915904969384221,1.036505399956541,0.9852396173988612,0.05126578255767977
I-95 NB,GP,110P04159,2025-10-09,0.9,1.0325211138737331,1.4243590268794435,1.2644478891577946,0.1599111377216489
I-95 NB,GP,110P04159,2025-10-14,0.9,0.877131973253398,0.7913373235715009,1.084895257363015,-0.2935579337915142
I-95 NB,GP,110P04159,2025-10-15,0.9,0.9704138982998601,1.223307348682236,1.1928956649514302,0.030411683730805716
I-95 NB,GP,110P04159,2025-10-16,0.9,1.2400531077109989,1.6152922652156017,1.5017244704898842,0.11356779472571743
I-95 NB,GP,110P04159,2025-10-28,0.9,1.5952638571368183,1.5644228244170628,1.9024338802017078,-0.33801105578464496
I-95 NB,GP,110P04146,2025-10-30,0.95,1.6033319897859282,2.2281439273024146,1.902959225501321,0.3251847018010936
I-95 NB,GP,110+04147,2025-10-30,0.95,1.7518623893753404,2.4147957313035278,2.065842592237538,0.3489531390659897
I-95 NB,GP,110P04147,2025-10-30,0.95,1.6306934652108813,2.5740156605365874,1.933044661440708,0.6409709990958794
I-95 NB,GP,110+04148,2025-10-07,0.95,0.690625898683936,0.7172807918075202,0.87166753109675,-0.15438673928922975
I-95 NB,GP,110+04148,2025-10-30,0.95,1.9353428879914247,2.4885130244233467,2.265673526529179,0.22283949789416768
I-95 NB,GP,110+04150,2025-10-01,0.95,1.281068612592399,1.5822851695847011,1.5455830405994642,0.03670212898523695
I-95 NB,GP,110+04150,2025-10-03,0.95,0.6207140260627874,0.6283570597994981,0.7895564992259138,-0.16119943942641568
I-95 NB,GP,110+04150,2025-10-07,0.95,1.517718261862337,2.0751982290471687,1.8085767462796531,0.2666214827675155
I-95 NB,GP,110+04150,2025-10-21,0.95,1.0495139416924038,1.553329233610046,1.2847801264099383,0.2685491072001076
I-95 NB,GP,110+04150,2025-10-24,0.95,1.0581647691088112,1.3568084565927867,1.294594163228095,0.06221429336469164
I-95 NB,GP,110+04150,2025-10-28,0.95,0.6721603649693914,0.7264109804984135,0.8500414741898352,-0.12363049369142176
I-95 NB,GP,110+04150,2025-10-29,0.95,0.6448200646353267,0.6960554295680065,0.8179415434290989,-0.12188611386109238
I-95 NB,GP,110+04150,2025-10-30,0.95,1.360833649615617,1.7025923164997674,1.6345944094194125,0.06799790708035491
I-95 NB,GP,110P04150,2025-10-01,0.95,1.6125888248779632,2.2690639374953965,1.9131417847308987,0.3559221527644978
I-95 NB,GP,110P04150,2025-10-03,0.95,2.0489475423320207,2.305028636387821,2.388701189539911,-0.08367255315208988
I-95 NB,GP,110P04150,2025-10-06,0.95,0.7867749974528244,1.095772761672102,0.9836173883049851,0.1121553733671169
I-95 NB,GP,110P04150,2025-10-08,0.95,1.7200584198031574,2.11500708854257,2.031053117620605,0.08395397092196522
I-95 NB,GP,110P04150,2025-10-09,0.95,0.683205980569057,0.7861021841539724,0.8629827717815379,-0.07688058762756556
I-95 NB,GP,110P04150,2025-10-14,0.95,1.9072489132518697,2.1456905289906643,2.2351690496556085,-0.08947852066494422
I-95 NB,GP,110P04150,2025-10-15,0.95,0.920404961975921,0.8362848404482813,1.1375781070385576,-0.3012932665902762
I-95 NB,GP,110P04150,2025-10-16,0.95,0.6369406352595229,0.8332923413976687,0.8086721196991945,0.02462022169847422
I-95 NB,GP,110P04150,2025-10-21,0.95,1.3720382632822836,1.8403117368622683,1.647066849784612,0.1932448870776564
I-95 NB,GP,110P04150,2025-10-22,0.95,1.821693169780389,2.214318619637541,2.142068109967149,0.07225050967039204
I-95 NB,GP,110P04150,2025-10-24,0.95,1.1898331680341598,1.7260261536699129,1.4432724629258167,0.2827536907440962
I-95 NB,GP,110P04150,2025-10-28,0.95,1.8117457427015984,2.2643204805780175,2.131222967437837,0.13309751314018037
I-95 NB,GP,110P04150,2025-10-29,0.95,1.1827714368959126,1.4334653316713608,1.4353301418795457,-0.0018648102081848528
I-95 NB,GP,110P04150,2025-10-30,0.95,1.4646566733346684,2.010962355819666,1.7498864015922528,0.26107595422741303
I-95 NB,GP,110+04151,2025-10-01,0.95,1.8720177835881733,2.534713304646804,2.1968685912107686,0.3378447134360356
I-95 NB,GP,110+04151,2025-10-02,0.95,2.199257472951741,2.3433049925353564,2.5507192530550817,-0.20741426051972534
I-95 NB,GP,110+04151,2025-10-03,0.95,2.158736514450463,2.935875679719757,2.507123926257058,0.428751753462699
I-95 NB,GP,110+04151,2025-10-06,0.95,2.1132847055172777,2.402984508862093,2.458152445369221,-0.05516793650712826
I-95 NB,GP,110+04151,2025-10-07,0.95,1.2556549388772977,1.7042105712532523,1.5171394944182959,0.18707107683495638
I-95 NB,GP,110+04151,2025-10-08,0.95,1.9904636242537737,2.409856909689401,2.32543027798295,0.08442663170645126
I-95 NB,GP,110+04151,2025-10-09,0.95,2.04529408655458,2.365950242179602,2.384752592119859,-0.0188023499402572
I-95 NB,GP,110+04151,2025-10-14,0.95,2.1267848488631147,2.5858942147576625,2.4727059594729974,0.11318825528466503
I-95 NB,GP,110+04151,2025-10-15,0.95,1.6655859268821218,2.0395626886177043,1.971357484474106,0.06820520414359832
I-95 NB,GP,110+04151,2025-10-16,0.95,3.474644232369358,3.918587254047871,3.8975942536685535,0.020993000379317284
I-95 NB,GP,110+04151,2025-10-17,0.95,0.7043704920251708,0.715900169722291,0.8877371756844955,-0.17183700596220453
I-95 NB,GP,110+04151,2025-10-20,0.95,0.6718973370382074,0.6875164525274423,0.8497331163299123,-0.16221666380247002
I-95 NB,GP,110+04151,2025-10-21,0.95,1.3393777247893477,2.048278925687861,1.6106897136130907,0.4375892120747702
I-95 NB,GP,110+04151,2025-10-22,0.95,2.1616483544178235,2.699896269336118,2.5102586698891085,0.18963759944700964
I-95 NB,GP,110+04151,2025-10-23,0.95,2.1472029285461454,2.426084294510962,2.494704398035713,-0.06862010352475068
I-95 NB,GP,110+04151,2025-10-24,0.95,1.3450048294384893,2.012646556556057,1.6169617278635091,0.39568482869254784
I-95 NB,GP,110+04151,2025-10-27,0.95,1.8799392421800378,2.0958161638334984,2.205484716777252,-0.10966855294375355
I-95 NB,GP,110+04151,2025-10-28,0.95,3.0209724310448336,3.7840069663917015,3.4234878102824178,0.36051915610928376
I-95 NB,GP,110+04151,2025-10-29,0.95,2.3579239062583115,3.0320723929062097,2.72087035460295,0.3112020383032599
I-95 NB,GP,110+04151,2025-10-30,0.95,1.724157921989598,2.2199581285815944,2.0355400672158006,0.18441806136579375
I-95 NB,GP,110P04151,2025-10-01,0.95,3.0060432276382976,3.882762578961738,3.4078016422836153,0.4749609366781229
I-95 NB,GP,110P04151,2025-10-02,0.95,4.191504455710487,4.813526385168391,4.637774887213874,0.17575149795451672
I-95 NB,GP,110P04151,2025-10-03,0.95,3.981864679091737,4.601375270153352,4.422348053174876,0.17902721697847657
I-95 NB,GP,110P04151,2025-10-06,0.95,4.003131930241051,4.5875879706331855,4.444239426413979,0.14334854421920618
I-95 NB,GP,110P04151,2025-10-07,0.95,1.654800426955498,1.8250324158327496,1.959521040901003,-0.13448862506825354
I-95 NB,GP,110P04151,2025-10-08,0.95,2.1706766189160187,2.8653386985997193,2.5199760977446624,0.345362600855057
I-95 NB,GP,110P04151,2025-10-09,0.95,3.05464260302443,3.8205724039869313,3.4588444580516273,0.361727945935304
I-95 NB,GP,110P04151,2025-10-14,0.95,3.0713465059033185,3.7642314428346215,3.4763744531883756,0.28785698964624595
I-95 NB,GP,110P04151,2025-10-15,0.95,2.021369250920436,2.3917324404418925,2.358882234616807,0.03285020582508569
I-95 NB,GP,110P04151,2025-10-16,0.95,3.6259196024928415,4.523220569628573,4.054650090880879,0.46857047874769364
I-95 NB,GP,110P04151,2025-10-17,0.95,3.8450416636563447,4.554768686988959,4.28130345053263,0.27346523645632903
I-95 NB,GP,110P04151,2025-10-20,0.95,3.283220869858114,3.7100072789929377,3.6981364385427784,0.011870840450159292
I-95 NB,GP,110P04151,2025-10-21,0.95,1.617725969123914,2.282605620902024,1.9187908235915907,0.3638147973104331
I-95 NB,GP,110P04151,2025-10-22,0.95,3.8928452768138815,4.578556363197339,4.330623007562392,0.247933355634947
I-95 NB,GP,110P04151,2025-10-23,0.95,3.1407852536706846,3.6109166466458342,3.549173162914185,0.061743483731649285
I-95 NB,GP,110P04151,2025-10-24,0.95,2.002209350408253,2.6299147162319714,2.3381481757221407,0.29176654050983064
I-95 NB,GP,110P04151,2025-10-27,0.95,2.248103571314103,2.734554179859637,2.6031935647496582,0.13136061510997887
I-95 NB,GP,110P04151,2025-10-28,0.95,3.399998436198902,4.093554683314262,3.819913322129641,0.27364136118462135
I-95 NB,GP,110P04151,2025-10-29,0.95,2.433814569200359,3.36917983755044,2.801955524942626,0.5672243126078143
I-95 NB,GP,110P04151,2025-10-30,0.95,1.7212143161109508,2.375302121780865,2.032318337609518,0.3429837841713468
I-95 NB,GP,110P04151,2025-10-31,0.95,0.6539221910128066,0.7843003648660944,0.8286390761625252,-0.044338711296430744
I-95 NB,GP,110+04152,2025-10-01,0.95,3.505439561842934,3.755150187404434,3.9296061056510734,-0.1744559182466392
I-95 NB,GP,110+04152,2025-10-02,0.95,4.278639216962344,4.530414691802429,4.727081512832963,-0.1966668210305338
I-95 NB,GP,110+04152,2025-10-03,0.95,1.935897324831661,1.9857233808942643,2.2662752080625226,-0.2805518271682583
I-95 NB,GP,110+04152,2025-10-06,0.95,4.027784146037851,4.245232772836507,4.4696044823333265,-0.22437170949681917
I-95 NB,GP,110+04152,2025-10-07,0.95,1.4211661909843745,1.59207490713758,1.7016668144516263,-0.10959190731404633
I-95 NB,GP,110+04152,2025-10-08,0.95,2.833635562017452,2.854988081497453,3.2262321905909688,-0.3712441090935159
I-95 NB,GP,110+04152,2025-10-09,0.95,3.3015005900396472,3.505291167135823,3.7172193228633024,-0.21192815572747925
I-95 NB,GP,110+04152,2025-10-10,0.95,1.7017194119102224,1.868374551733811,2.0109712879305346,-0.14259673619672353
I-95 NB,GP,110+04152,2025-10-14,0.95,3.399345797719148,3.5264304237480415,3.819233601823108,-0.2928031780750664
I-95 NB,GP,110+04152,2025-10-15,0.95,2.134303489393751,2.2094723675131918,2.480808328159433,-0.2713359606462413
I-95 NB,GP,110+04152,2025-10-16,0.95,3.969788074656811,4.430798251789306,4.409913243995726,0.020885007793579824
I-95 NB,GP,110+04152,2025-10-17,0.95,4.311846102211182,4.445363577257697,4.761081017924015,-0.3157174406663179
I-95 NB,GP,110+04152,2025-10-20,0.95,3.098923814862625,3.495356687038554,3.505300391344789,-0.009943704306234924
I-95 NB,GP,110+04152,2025-10-21,0.95,2.1086880831095938,2.370785966556617,2.4531956171161045,-0.08240965055948735
I-95 NB,GP,110+04152,2025-10-22,0.95,4.033337586234066,4.162942452453038,4.475316938668194,-0.3123744862151563
I-95 NB,GP,110+04152,2025-10-23,0.95,3.3136337743371063,3.582824806801351,3.7298813474322396,-0.14705654063088858
I-95 NB,GP,110+04152,2025-10-24,0.95,4.882465990806391,5.203256164594209,5.342460265550365,-0.13920410095615576
I-95 NB,GP,110+04152,2025-10-27,0.95,3.5675221517506306,3.6581593271149395,3.9940789794617273,-0.3359196523467878
I-95 NB,GP,110+04152,2025-10-28,0.95,3.500795879582718,3.850381811186191,3.9247803005897333,-0.0743984894035421
I-95 NB,GP,110+04152,2025-10-29,0.95,2.5788723104505658,3.1609827920535327,2.9564340694554083,0.2045487225981244
I-95 NB,GP,110+04152,2025-10-30,0.95,2.1143902276671263,2.247049849202733,2.4593444822551005,-0.2122946330523674
I-95 NB,GP,110+04152,2025-10-31,0.95,0.9449115683135684,1.034488562345022,1.1656290121569286,-0.13114044981190665
I-95 NB,GP,110P04153,2025-10-01,0.95,1.7930209850095666,2.3229204321837122,2.110796560129578,0.2121238720541343
I-95 NB,GP,110P04153,2025-10-07,0.95,0.6790406022955113,0.7275385456710713,0.8581043258761268,-0.1305657802050555
I-95 NB,GP,110P04153,2025-10-08,0.95,1.332146200763386,1.6838228426908595,1.6026265750271633,0.08119626766369614
I-95 NB,GP,110P04153,2025-10-09,0.95,1.2615389401619717,1.4059512597781199,1.52372870723467,-0.11777744745655006
I-95 NB,GP,110P04153,2025-10-10,0.95,0.6149613790283687,0.7079136232892022,0.7827709267950752,-0.07485730350587305
I-95 NB,GP,110P04153,2025-10-14,0.95,2.0130992879316505,2.451416641170702,2.349934587479859,0.10148205369084273
I-95 NB,GP,110P04153,2025-10-20,0.95,0.9109074699216079,1.3474597751550164,1.1266924387977597,0.22076733635725665
I-95 NB,GP,110P04153,2025-10-21,0.95,1.24629250959341,2.0930270238669295,1.506650303657621,0.5863767202093084
I-95 NB,GP,110P04153,2025-10-22,0.95,1.1649445189481955,1.1742259114389337,1.415264773907809,-0.2410388624688753
I-95 NB,GP,110P04153,2025-10-29,0.95,1.8009400263382718,2.381823337473937,2.119437151021446,0.262386186452491
I-95 NB,GP,110+04154,2025-10-01,0.95,2.151664149696587,2.8318762171802283,2.499508880102772,0.33236733707745625
I-95 NB,GP,110+04154,2025-10-02,0.95,0.7008719672377687,0.729625083154978,0.8836490258048861,-0.15402394264990815
I-95 NB,GP,110+04154,2025-10-06,0.95,1.113654554905177,1.3721204021664222,1.3574081388957413,0.01471226327068087
I-95 NB,GP,110+04154,2025-10-07,0.95,1.5236928463103332,1.6034047689988626,1.8151756364918923,-0.21177086749302965
I-95 NB,GP,110+04154,2025-10-08,0.95,2.176176789083871,2.6484198961048575,2.525894670927291,0.12252522517756637
I-95 NB,GP,110+04154,2025-10-09,0.95,1.8132503065628376,2.314264674480857,2.13286359059838,0.1814010838824771
I-95 NB,GP,110+04154,2025-10-10,0.95,1.2401400511417628,1.888374331186108,1.4997542713478087,0.3886200598382994
I-95 NB,GP,110+04154,2025-10-14,0.95,2.9678768972107012,3.573692301351676,3.36767421082401,0.20601809052766606
I-95 NB,GP,110+04154,2025-10-15,0.95,1.7230135168674405,2.0660803147452524,2.034287581837747,0.031792732907505616
I-95 NB,GP,110+04154,2025-10-16,0.95,1.7479466460734536,2.065704750365549,2.061561775414112,0.004142974951437228
I-95 NB,GP,110+04154,2025-10-20,0.95,1.190179607677164,1.8514220717471488,1.4436620144929284,0.4077600572542204
I-95 NB,GP,110+04154,2025-10-21,0.95,2.0416756536801777,2.753511574931299,2.3808413393620236,0.3726702355692755
I-95 NB,GP,110+04154,2025-10-22,0.95,1.6441372315339193,1.9963890147031955,1.9478132817647584,0.04857573293843709
I-95 NB,GP,110+04154,2025-10-23,0.95,1.4029852748413705,1.9239060767629335,1.6814771622750666,0.24242891448786685
I-95 NB,GP,110+04154,2025-10-24,0.95,0.6862040906920168,0.850930190230044,0.8664927815288238,-0.015562591298779793
I-95 NB,GP,110+04154,2025-10-27,0.95,1.403286529877262,1.599441783560234,1.6818118567216302,-0.08237007316139633
I-95 NB,GP,110+04154,2025-10-28,0.95,1.5788836976156226,1.8038089501396826,1.8760452866559736,-0.07223633651629102
I-95 NB,GP,110+04154,2025-10-29,0.95,1.2324124751164447,1.5834910538116787,1.4910892152299386,0.09240183858174
I-95 NB,GP,110P04154,2025-10-01,0.95,2.50068237543996,2.8412002713074314,2.873247237485474,-0.0320469661780427
I-95 NB,GP,110P04154,2025-10-02,0.95,0.9014407104775201,1.160016067520116,1.115833746714019,0.044182320806097186
I-95 NB,GP,110P04154,2025-10-03,0.95,0.8684526514909174,1.1119465289850239,1.0779296409450125,0.03401688804001135
I-95 NB,GP,110P04154,2025-10-06,0.95,1.600648930892245,1.8092043738850785,1.9000070477244286,-0.09080267383935015
I-95 NB,GP,110P04154,2025-10-07,0.95,1.2856742065961642,1.596170271419509,1.550733291878359,0.04543697954115
I-95 NB,GP,110P04154,2025-10-08,0.95,2.149725916435844,2.904893892148496,2.497421602274201,0.40747228987429507
I-95 NB,GP,110P04154,2025-10-09,0.95,1.8209595437038486,2.4447675548247476,2.141268425014224,0.3034991298105236
I-95 NB,GP,110P04154,2025-10-10,0.95,1.7252392383757065,2.502150988960037,2.0367234498516398,0.46542753910839707
I-95 NB,GP,110P04154,2025-10-14,0.95,2.977796059660109,3.770383034531333,3.378106653469344,0.39227638106198937
I-95 NB,GP,110P04154,2025-10-15,0.95,1.9479428152815212,2.27632472230585,2.2793440205056497,-0.003019298199799625
I-95 NB,GP,110P04154,2025-10-16,0.95,1.9563748635075602,2.1126367838493345,2.2884888997220996,-0.17585211587276506
I-95 NB,GP,110P04154,2025-10-20,0.95,1.4262582503892811,2.03060245265879,1.7073180853985912,0.3232843672601988
I-95 NB,GP,110P04154,2025-10-21,0.95,0.6809721263375714,0.7996158593379732,0.8603667767298848,-0.06075091739191163
I-95 NB,GP,110P04154,2025-10-22,0.95,2.1088058277257797,2.4978759369839696,2.453322598408749,0.04455333857522081
I-95 NB,GP,110P04154,2025-10-23,0.95,1.6228689420704825,2.1398992255776674,1.924444960353739,0.2154542652239284
I-95 NB,GP,110P04154,2025-10-27,0.95,1.7496588292013375,1.876148028852783,2.063433675248816,-0.18728564639603285
I-95 NB,GP,110P04154,2025-10-28,0.95,1.9183595024694535,2.2975101940080624,2.247236837393459,0.050273356614603415
I-95 NB,GP,110P04154,2025-10-29,0.95,1.4830846810703304,1.6942967017416293,1.7702865602219098,-0.0759898584802805
I-95 NB,GP,110+04155,2025-10-01,0.95,4.014431527036504,4.645118262523777,4.4558671720765055,0.1892510904472715
I-95 NB,GP,110+04155,2025-10-02,0.95,2.0860632908404537,2.1116007234551004,2.4287863425680216,-0.3171856191129212
I-95 NB,GP,110+04155,2025-10-03,0.95,1.794763573441617,1.9363383707757076,2.112698164493392,-0.17635979371768462
I-95 NB,GP,110+04155,2025-10-06,0.95,2.290237476965089,2.280990849358063,2.6483902285010568,-0.3673993791429937
I-95 NB,GP,110+04155,2025-10-07,0.95,1.7840150013015557,2.049196828795719,2.1009666023465625,-0.051769773550843556
I-95 NB,GP,110+04155,2025-10-08,0.95,2.7519429681389718,3.1627220393311934,3.1399193153066247,0.022802724024568732
I-95 NB,GP,110+04155,2025-10-09,0.95,2.6067125776531532,2.9414773887877894,2.9860088130654505,-0.0445314242776611
I-95 NB,GP,110+04155,2025-10-10,0.95,1.8407169680405957,2.8472695895535596,2.1627967140566464,0.6844728754969132
I-95 NB,GP,110+04155,2025-10-14,0.95,3.476933518146584,4.202540110001391,3.899974684600586,0.3025654254008052
I-95 NB,GP,110+04155,2025-10-15,0.95,2.4292640508011725,2.7643921661610014,2.7970987943126837,-0.03270662815168235
I-95 NB,GP,110+04155,2025-10-16,0.95,2.2093309726534383,2.545621996833766,2.561547900169577,-0.01592590333581123
I-95 NB,GP,110+04155,2025-10-17,0.95,1.6281515904355923,1.8262396199511783,1.9302512933670346,-0.10401167341585627
I-95 NB,GP,110+04155,2025-10-20,0.95,1.823947302297849,2.1833554271104134,2.144525067315822,0.038830359794591374
I-95 NB,GP,110+04155,2025-10-21,0.95,1.1538406846027631,1.2151418613399159,1.4027553661976244,-0.18761350485770856
I-95 NB,GP,110+04155,2025-10-22,0.95,2.602729787975431,2.902752409379999,2.9817793106513797,-0.0790269012713809
I-95 NB,GP,110+04155,2025-10-23,0.95,2.1140730281618003,2.5980455205521773,2.4590024643553527,0.13904305619682455
I-95 NB,GP,110+04155,2025-10-24,0.95,1.8531830497973194,1.8529622314682646,2.1763714466035884,-0.32340921513532384
I-95 NB,GP,110+04155,2025-10-27,0.95,1.785945631250863,2.1292319151765837,2.1030741736266414,0.026157741549942326
I-95 NB,GP,110+04155,2025-10-28,0.95,1.952481671837223,2.4464626273194106,2.284266942563445,0.16219568475596535
I-95 NB,GP,110+04155,2025-10-29,0.95,1.509171960309258,1.90547501786574,1.7991341121568099,0.10634090570893018
I-95 NB,GP,110+04155,2025-10-30,0.95,1.4014289703565448,1.4613496387076907,1.6797480238810731,-0.2183983851733824
I-95 NB,GP,110P04155,2025-10-01,0.95,4.023027300393125,5.058033350974686,4.464710972924867,0.5933223780498187
I-95 NB,GP,110P04155,2025-10-02,0.95,2.3390787104990887,2.4501274382762905,2.700705946094138,-0.2505785078178473
I-95 NB,GP,110P04155,2025-10-06,0.95,2.3206410267471935,2.468299717903339,2.6809660961712836,-0.21266637826794454
I-95 NB,GP,110P04155,2025-10-07,0.95,2.003863762447003,2.2050234922956746,2.3399390820310746,-0.13491558973539997
I-95 NB,GP,110P04155,2025-10-08,0.95,3.7244571733843315,4.274572767571865,4.156694668270321,0.11787809930154403
I-95 NB,GP,110P04155,2025-10-09,0.95,2.8155001391646777,3.300677583650589,3.207086954800433,0.09359062885015623
I-95 NB,GP,110P04155,2025-10-10,0.95,2.2342633346352754,3.1973705412021873,2.5883338253912735,0.6090367158109138
I-95 NB,GP,110P04155,2025-10-14,0.95,3.458235680613445,4.234617624424369,3.880529059036815,0.35408856538755407
I-95 NB,GP,110P04155,2025-10-15,0.95,2.673321214082522,2.9918720878670797,3.056674181487744,-0.06480209362066436
I-95 NB,GP,110P04155,2025-10-16,0.95,3.770250018734953,4.2712969929993285,4.204049948553427,0.06724704444590124
I-95 NB,GP,110P04155,2025-10-17,0.95,1.9855421535321205,2.3999963370453496,2.32009983939387,0.07989649765147977
I-95 NB,GP,110P04155,2025-10-20,0.95,0.8938141909942168,1.100104786780104,1.1070798193064928,-0.006975032526388869
I-95 NB,GP,110P04155,2025-10-21,0.95,1.3341005365415937,1.5624703543635405,1.6048059708919864,-0.04233561652844586
I-95 NB,GP,110P04155,2025-10-22,0.95,2.570840477777274,3.111024702736784,2.9478975237919554,0.16312717894482853
I-95 NB,GP,110P04155,2025-10-24,0.95,1.9925922282025323,2.236018505526625,2.327735467996491,-0.09171696246986594
I-95 NB,GP,110P04155,2025-10-27,0.95,2.4738424839791047,2.6517196377063166,2.84464857552213,-0.19292893781581322
I-95 NB,GP,110P04155,2025-10-28,0.95,2.435143185762261,2.772977226004258,2.803373421327179,-0.030396195322921038
I-95 NB,GP,110P04155,2025-10-29,0.95,3.6333517531194146,4.014675718028186,4.062353748608101,-0.04767803057991493
I-95 NB,GP,110P04155,2025-10-30,0.95,4.72936943037575,5.23569913702707,5.18698916542393,0.048709971603139834
I-95 NB,GP,110P04155,2025-10-31,0.95,1.930684942039366,2.0058296101715514,2.260618170214134,-0.25478856004258255
I-95 NB,GP,110+04156,2025-10-01,0.95,4.318276287635591,5.2261942239877435,4.767662473033591,0.4585317509541529
I-95 NB,GP,110+04156,2025-10-06,0.95,2.5626323039446195,2.6505023125104845,2.939171544079839,-0.2886692315693544
I-95 NB,GP,110+04156,2025-10-07,0.95,2.045598898638151,2.276269754394923,2.3850820478900276,-0.10881229349510457
I-95 NB,GP,110+04156,2025-10-08,0.95,3.99821316106464,4.419552738249178,4.439177064301041,-0.01962432605186315
I-95 NB,GP,110+04156,2025-10-09,0.95,2.91123581156154,3.3322864776039163,3.3080531092148777,0.024233368389038557
I-95 NB,GP,110+04156,2025-10-10,0.95,2.4591695465740515,3.390361985380132,2.8290045834363045,0.5613574019438277
I-95 NB,GP,110+04156,2025-10-14,0.95,3.29114976282824,4.187927701031049,3.706414656745052,0.48151304428599717
I-95 NB,GP,110+04156,2025-10-15,0.95,2.6798352950263955,3.0820776145690605,3.0635780465568203,0.018499568012240175
I-95 NB,GP,110+04156,2025-10-16,0.95,4.0173017355432,4.437548368675312,4.458820352848508,-0.021271984173195868
I-95 NB,GP,110+04156,2025-10-20,0.95,1.646185969336074,1.6327949399339123,1.95006314246423,-0.31726820253031773
I-95 NB,GP,110+04156,2025-10-21,0.95,1.6097620138491926,1.6288157545148332,1.910032733870594,-0.28121697935576084
I-95 NB,GP,110+04156,2025-10-22,0.95,4.325642346181592,4.8069899199179895,4.7752009385551615,0.03178898136282804
I-95 NB,GP,110+04156,2025-10-24,0.95,2.0366862653488105,2.3115688770100338,2.3754473570728964,-0.06387848006286267
I-95 NB,GP,110+04156,2025-10-27,0.95,2.5219391688864077,2.712402503336372,2.8958810436427362,-0.18347854030636412
I-95 NB,GP,110+04156,2025-10-28,0.95,2.7142336618627305,2.913820228718963,3.1000144759501644,-0.18619424723120126
I-95 NB,GP,110+04156,2025-10-29,0.95,3.699999881962559,4.10316626089697,4.131385518360228,-0.028219257463258707
I-95 NB,GP,110+04156,2025-10-30,0.95,4.145020403224575,4.606686368772886,4.590076915481623,0.016609453291263065
I-95 NB,GP,110+04156,2025-10-31,0.95,2.106214044449817,2.317722019399328,2.4505273785449915,-0.13280535914566327
I-95 NB,GP,110P04156,2025-10-01,0.95,4.252575935410431,4.924123532862369,4.700382634609159,0.22374089825320986
I-95 NB,GP,110P04156,2025-10-02,0.95,1.9644536575509317,1.9659983738017446,2.297247962500072,-0.33124958869832755
I-95 NB,GP,110P04156,2025-10-03,0.95,1.6911902000003867,1.6728819714322924,1.999434316820981,-0.3265523453886885
I-95 NB,GP,110P04156,2025-10-06,0.95,2.168924373755807,2.345010784503365,2.51809032785956,-0.1730795433561947
I-95 NB,GP,110P04156,2025-10-07,0.95,2.19143231181395,2.3668854538699873,2.5423049901459915,-0.17541953627600426
I-95 NB,GP,110P04156,2025-10-08,0.95,3.4320238884484504,3.5556227448825166,3.8532560371149582,-0.2976332922324416
I-95 NB,GP,110P04156,2025-10-09,0.95,2.6032612259208614,2.9591937870927456,2.982343695664177,-0.02314990857143151
I-95 NB,GP,110P04156,2025-10-10,0.95,1.8364171577105706,2.813618953654953,2.1581129525137523,0.6555060011412008
I-95 NB,GP,110P04156,2025-10-14,0.95,3.234147947634584,3.7985984984824115,3.646868881258201,0.1517296172242104
I-95 NB,GP,110P04156,2025-10-15,0.95,2.7368081068777665,3.0213851275545154,3.123908089568694,-0.10252296201417854
I-95 NB,GP,110P04156,2025-10-16,0.95,3.996738232328705,4.049890400137771,4.437658989598657,-0.38776858946088577
I-95 NB,GP,110P04156,2025-10-17,0.95,1.6887854238498132,1.7984285422786683,1.9967986432007823,-0.19837010092211393
I-95 NB,GP,110P04156,2025-10-21,0.95,1.1908991208312585,1.3518324506265968,1.4444710394438809,-0.09263858881728404
I-95 NB,GP,110P04156,2025-10-22,0.95,2.8113311947645006,2.894944626799125,3.2026846054516374,-0.30773997865251257
I-95 NB,GP,110P04156,2025-10-23,0.95,2.7830842666944653,2.8909078601101394,3.1728436354791625,-0.28193577536902303
I-95 NB,GP,110P04156,2025-10-24,0.95,1.9157240108207887,2.1878975464794386,2.2443747557788023,-0.05647720929936373
I-95 NB,GP,110P04156,2025-10-27,0.95,2.140135680373077,2.263772363457686,2.487091880419136,-0.22331951696145014
I-95 NB,GP,110P04156,2025-10-28,0.95,2.611959815698812,2.5835956281028567,2.991580369724155,-0.4079847416212985
I-95 NB,GP,110P04156,2025-10-29,0.95,3.0980426514397146,3.3154099507456682,3.5043764273559836,-0.1889664766103154
I-95 NB,GP,110P04156,2025-10-30,0.95,3.1068388542458485,3.221198684727992,3.513599027117631,-0.2924003423896391
I-95 NB,GP,110P04156,2025-10-31,0.95,1.641125512098793,1.7202301319178939,1.9445055326666758,-0.22427540074878194
I-95 NB,GP,110+04157,2025-10-01,0.95,4.360041217200429,4.870790805931574,4.810392557557021,0.0603982483745531
I-95 NB,GP,110+04157,2025-10-02,0.95,0.9666597145777963,0.9448060858004861,1.190478024627162,-0.24567193882667593
I-95 NB,GP,110+04157,2025-10-03,0.95,0.7260535991759157,0.8687864680454538,0.913041896408998,-0.044255428363544236
I-95 NB,GP,110+04157,2025-10-06,0.95,2.2007501729342502,2.335497434935446,2.552324079562926,-0.21682664462748003
I-95 NB,GP,110+04157,2025-10-07,0.95,2.222878220255226,2.2263973077839267,2.576105021590332,-0.3497077138064051
I-95 NB,GP,110+04157,2025-10-08,0.95,3.2777297182223597,3.499966202391367,3.6924025066776576,-0.19243630428629066
I-95 NB,GP,110+04157,2025-10-09,0.95,2.659173696227559,2.93478774856952,3.0416758817331386,-0.10688813316361845
I-95 NB,GP,110+04157,2025-10-10,0.95,1.666941034824707,2.545126057094774,1.9728442383351,0.5722818187596741
I-95 NB,GP,110+04157,2025-10-14,0.95,3.436293358654648,3.7791372617056935,3.857699397875411,-0.07856213616971752
I-95 NB,GP,110+04157,2025-10-15,0.95,2.8343403790827835,2.993656274247786,3.2269760722113254,-0.23331979796353952
I-95 NB,GP,110+04157,2025-10-16,0.95,3.5572481428103098,3.6886223407425063,3.9834150972573146,-0.2947927565148083
I-95 NB,GP,110+04157,2025-10-17,0.95,1.4608007132620267,1.6144749522596404,1.7456154165175344,-0.13114046425789394
I-95 NB,GP,110+04157,2025-10-21,0.95,0.9724126358754529,1.096694762652148,1.1970443406559703,-0.10034957800382238
I-95 NB,GP,110+04157,2025-10-22,0.95,2.86592063447596,2.900705598180198,3.2602928626409557,-0.3595872644607576
I-95 NB,GP,110+04157,2025-10-23,0.95,2.8365007016294905,2.9113638534304065,3.2292560467369604,-0.31789219330655394
I-95 NB,GP,110+04157,2025-10-24,0.95,2.1761387142532875,2.263963994762503,2.5258537034658253,-0.2618897087033223
I-95 NB,GP,110+04157,2025-10-27,0.95,1.6703302835666884,1.915400619024562,1.976562359429037,-0.06116174040447486
I-95 NB,GP,110+04157,2025-10-28,0.95,2.1744747149351595,2.4257707059925004,2.5240632352332857,-0.09829252924078524
I-95 NB,GP,110+04157,2025-10-29,0.95,1.4563525355138707,1.3496810717475778,1.740687449609037,-0.3910063778614592
I-95 NB,GP,110+04157,2025-10-30,0.95,3.105993407857901,3.307331889050151,3.5127126805003495,-0.2053807914501986
I-95 NB,GP,110+04157,2025-10-31,0.95,1.633175484375576,1.7211907456515443,1.9357719450794528,-0.21458119942790854
I-95 NB,GP,110P04157,2025-10-01,0.95,4.072616506886522,4.681201143534852,4.515704221662671,0.16549692187218135
I-95 NB,GP,110P04157,2025-10-02,0.95,0.9778835358928398,0.9948991217150033,1.2032861305026148,-0.20838700878761152
I-95 NB,GP,110P04157,2025-10-07,0.95,0.9500254383421485,1.026977208855023,1.1714757412303263,-0.1444985323753032
I-95 NB,GP,110P04157,2025-10-08,0.95,3.587623286470335,3.571640958143281,4.014936425675986,-0.44329546753270455
I-95 NB,GP,110P04157,2025-10-09,0.95,2.6951789387524965,2.8286106348205284,3.079834975262205,-0.25122434044167674
I-95 NB,GP,110P04157,2025-10-10,0.95,1.7673929781428863,2.6212813227919005,2.082814270296352,0.5384670524955486
I-95 NB,GP,110P04157,2025-10-14,0.95,3.4906590386877117,3.785369548239823,3.914244273678712,-0.12887472543888912
I-95 NB,GP,110P04157,2025-10-15,0.95,2.8654144222667557,3.0107131007463397,3.2597590269532164,-0.2490459262068767
I-95 NB,GP,110P04157,2025-10-16,0.95,1.5771353367667973,1.7918912222628782,1.874119440708708,-0.08222821844582984
I-95 NB,GP,110P04157,2025-10-22,0.95,2.911435867541944,3.0048481159345584,3.308263838683391,-0.30341572274883255
I-95 NB,GP,110P04157,2025-10-23,0.95,2.9217047133715326,2.9667687476158533,3.3190791352863456,-0.3523103876704923
I-95 NB,GP,110P04157,2025-10-24,0.95,1.4836724675635544,1.4923615612898355,1.7709369454636887,-0.2785753841738532
I-95 NB,GP,110P04157,2025-10-27,0.95,1.4625386262132833,1.575712049003936,1.747540486398113,-0.17182843739417697
I-95 NB,GP,110P04157,2025-10-28,0.95,2.2168735141681437,2.2893224115244046,2.569653498700892,-0.28033108717648725
I-95 NB,GP,110P04157,2025-10-29,0.95,1.2104646946851723,1.2521100074912492,1.4664570887023216,-0.21434708121107238
I-95 NB,GP,110P04157,2025-10-30,0.95,3.157104012044933,3.222116811166215,3.566264403002165,-0.34414759183595
I-95 NB,GP,110P04157,2025-10-31,0.95,1.6174913472292136,1.8359323709867719,1.9185328511901356,-0.08260048020336375
I-95 NB,GP,110+04158,2025-10-01,0.95,3.9297667127496343,4.467290688078014,4.368685015029216,0.09860567304879808
I-95 NB,GP,110+04158,2025-10-07,0.95,1.1650410986566466,1.190519242506638,1.4153735408113384,-0.22485429830470038
I-95 NB,GP,110+04158,2025-10-08,0.95,1.8570586176801847,2.086336448132536,2.180590321577072,-0.09425387344453595
I-95 NB,GP,110+04158,2025-10-09,0.95,0.9603252301473267,0.9788378439118646,1.1832446180263003,-0.20440677411443575
I-95 NB,GP,110+04158,2025-10-10,0.95,2.01443453201607,2.584903449725354,2.351379429831138,0.23352401989421612
I-95 NB,GP,110+04158,2025-10-14,0.95,3.2772880796153094,3.661780309663686,3.6919413114550816,-0.03016100179139558
I-95 NB,GP,110+04158,2025-10-15,0.95,2.620498388544263,2.781384369081105,3.000644944652875,-0.21926057557177003
I-95 NB,GP,110+04158,2025-10-16,0.95,1.5611477039971342,1.5914099753360376,1.8565015687820463,-0.26509159344600874
I-95 NB,GP,110+04158,2025-10-22,0.95,0.9674060458675979,0.9687147408600699,1.1913300389815005,-0.22261529812143055
I-95 NB,GP,110+04158,2025-10-23,0.95,0.9583058650863991,0.8994272847010422,1.1809379551426868,-0.2815106704416447
I-95 NB,GP,110+04158,2025-10-28,0.95,0.7341827560088188,0.8800364742739201,0.9225145236776359,-0.0424780494037158
I-95 NB,GP,110+04158,2025-10-29,0.95,1.206803378115537,1.130280850584334,1.4623448128093837,-0.33206396222504964
I-95 NB,GP,110+04158,2025-10-30,0.95,3.1862994441579087,3.175011568816159,3.5968257969056836,-0.4218142280895245
I-95 NB,GP,110+04158,2025-10-31,0.95,1.6616218420029916,1.6720276039036681,1.9670077897265674,-0.2949801858228993
I-95 NB,GP,110P04159,2025-10-01,0.95,1.8616495485702147,2.354455745212088,2.1855870966685864,0.16886864854350137
I-95 NB,GP,110P04159,2025-10-02,0.95,0.9319487141859388,1.6624251271928832,1.1507980941547442,0.511627033038139
I-95 NB,GP,110P04159,2025-10-08,0.95,1.0367078629493747,1.1326372466101902,1.270241253915293,-0.1376040073051028
I-95 NB,GP,110P04159,2025-10-09,0.95,1.5193198418222655,1.546216520058895,1.8103458668053511,-0.26412934674645605
I-95 NB,GP,110P04159,2025-10-14,0.95,0.877131973253398,0.9066582339025312,1.0879124302294534,-0.1812541963269222
I-95 NB,GP,110P04159,2025-10-15,0.95,0.9704138982998601,1.308957402644296,1.1947633276553629,0.11419407498893319
I-95 NB,GP,110P04159,2025-10-16,0.95,1.2400531077109989,1.691242707707596,1.4996568022395407,0.19158590546805532
I-95 NB,GP,110P04159,2025-10-28,0.95,1.5952638571368183,1.657815868447515,1.8940807440166996,-0.23626487556918452
I-95 NB,GP,110P04146,2025-10-30,1.0,1.6033319897859282,2.3080391755885445,1.839118540373147,0.4689206352153976
I-95 NB,GP,110+04147,2025-10-30,1.0,1.7518623893753404,2.4981251088303793,2.0050459989004494,0.49307910992992987
I-95 NB,GP,110P04147,2025-10-30,1.0,1.8803398719388595,2.6480468607780105,2.1482869863159477,0.4997598744620628
I-95 NB,GP,110+04148,2025-10-07,1.0,0.690625898683936,0.8243084264329383,0.8090467922027992,0.015261634230139154
I-95 NB,GP,110+04148,2025-10-30,1.0,1.9353428879914247,2.593088317642514,2.209534688528976,0.38355362911353774
I-95 NB,GP,110+04150,2025-10-01,1.0,1.5304483799958046,1.6842343984466528,1.7575596364291406,-0.0733252379824878
I-95 NB,GP,110+04150,2025-10-03,1.0,0.6207140260627874,0.6958685169873111,0.7290899661138949,-0.03322144912658376
I-95 NB,GP,110+04150,2025-10-07,1.0,1.517718261862337,2.147439529718368,1.743304423279099,0.4041351064392691
I-95 NB,GP,110+04150,2025-10-21,1.0,1.0495139416924038,1.6255645978762592,1.2166771676841075,0.4088874301921517
I-95 NB,GP,110+04150,2025-10-24,1.0,1.0581647691088112,1.4211989422484617,1.226454149014267,0.19474479323419458
I-95 NB,GP,110+04150,2025-10-28,1.0,0.6721603649693914,0.8046843172088813,0.7879486736442262,0.016735643564655178
I-95 NB,GP,110+04150,2025-10-29,1.0,0.6448200646353267,0.7710907051528598,0.756683790174115,0.0144069149787448
I-95 NB,GP,110+04150,2025-10-30,1.0,1.360833649615617,1.7830598184405042,1.567370848021947,0.21568897041855717
I-95 NB,GP,110P04150,2025-10-01,1.0,1.6125888248779632,2.342799571134758,1.8494704894166967,0.49332908171806134
I-95 NB,GP,110P04150,2025-10-03,1.0,2.0489475423320207,2.3754297242795377,2.3359009319591735,0.039528792320364214
I-95 NB,GP,110P04150,2025-10-06,1.0,0.7867749974528244,1.1705568338728682,0.9186839684882865,0.25187286538458176
I-95 NB,GP,110P04150,2025-10-08,1.0,1.9626002810234902,2.1998868705351753,2.239870508368741,-0.039983637833565844
I-95 NB,GP,110P04150,2025-10-09,1.0,0.9301224529758954,0.9542470797252861,1.0815297653398903,-0.1272826856146042
I-95 NB,GP,110P04150,2025-10-14,1.0,1.9072489132518697,2.23748555256297,2.178256622124081,0.059228930438889105
I-95 NB,GP,110P04150,2025-10-15,1.0,0.920404961975921,0.9764395671432056,1.0705114796968827,-0.09407191255367708
I-95 NB,GP,110P04150,2025-10-16,1.0,0.6369406352595229,0.9275481862717811,0.7476672093414249,0.1798809769303562
I-95 NB,GP,110P04150,2025-10-21,1.0,1.3720382632822836,1.9127354733200093,1.5799520939845595,0.33278337933544977
I-95 NB,GP,110P04150,2025-10-22,1.0,2.3188678816588393,2.320062841243962,2.6354571319857323,-0.31539429074177017
I-95 NB,GP,110P04150,2025-10-24,1.0,1.1898331680341598,1.7949831812710044,1.3750255585176898,0.4199576227533146
I-95 NB,GP,110P04150,2025-10-28,1.0,2.060228015397309,2.440679070239084,2.348438857211148,0.09224021302793606
I-95 NB,GP,110P04150,2025-10-29,1.0,1.1827714368959126,1.55598239546804,1.3670681294188658,0.18891426604917427
I-95 NB,GP,110P04150,2025-10-30,1.0,1.7086612290134886,2.1015465238531306,1.956822427311591,0.1447240965415395
I-95 NB,GP,110+04151,2025-10-01,1.0,2.12022910288739,2.6279639151066894,2.415099750099389,0.21286416500730043
I-95 NB,GP,110+04151,2025-10-02,1.0,2.6971750148595097,3.100160045326636,3.0538538649139935,0.04630618041264256
I-95 NB,GP,110+04151,2025-10-03,1.0,2.6526835328874867,3.3905075310010933,3.00472794910014,0.3857795819009531
I-95 NB,GP,110+04151,2025-10-06,1.0,2.1132847055172777,2.515778584647154,2.407386999977214,0.1083915846699397
I-95 NB,GP,110+04151,2025-10-07,1.0,1.747363451139868,1.7918931645150697,2.0000254297688063,-0.20813226525373651
I-95 NB,GP,110+04151,2025-10-08,1.0,1.9904636242537737,2.4959336887580834,2.2708698298438486,0.22506385891423486
I-95 NB,GP,110+04151,2025-10-09,1.0,2.04529408655458,2.450795678728457,2.3318398501667743,0.11895582856168252
I-95 NB,GP,110+04151,2025-10-14,1.0,2.1267848488631147,2.680799092456691,2.422380267533083,0.2584188249236079
I-95 NB,GP,110+04151,2025-10-15,1.0,1.6655859268821218,2.1387918974671227,1.9087089850806556,0.23008291238646716
I-95 NB,GP,110+04151,2025-10-16,1.0,3.474644232369358,4.008208904364169,3.9093039349132077,0.09890496945096139
I-95 NB,GP,110+04151,2025-10-17,1.0,0.954272909405581,0.9297668457083991,1.108900632946535,-0.1791337872381359
I-95 NB,GP,110+04151,2025-10-20,1.0,0.6718973370382074,0.7755871571134387,0.787648042729555,-0.01206088561611629
I-95 NB,GP,110+04151,2025-10-21,1.0,1.5879066909371322,2.1246008009532913,1.821865054014234,0.30273574693905725
I-95 NB,GP,110+04151,2025-10-22,1.0,2.1616483544178235,2.7958278416655467,2.4610887305137545,0.3347391111517921
I-95 NB,GP,110+04151,2025-10-23,1.0,2.1472029285461454,2.5202884920670736,2.445052084233045,0.07523640783402863
I-95 NB,GP,110+04151,2025-10-24,1.0,1.5855288549423512,2.0895942716829174,1.8192050280678616,0.2703892436150559
I-95 NB,GP,110+04151,2025-10-27,1.0,2.104145688415645,2.387386122092254,2.3972358436128185,-0.009849721520564625
I-95 NB,GP,110+04151,2025-10-28,1.0,3.270679132903439,3.9205550131117906,3.6853933082434023,0.23516170486838828
I-95 NB,GP,110+04151,2025-10-29,1.0,2.6047374651960338,3.1272055833573242,2.9517645259909315,0.1754410573663927
I-95 NB,GP,110+04151,2025-10-30,1.0,1.724157921989598,2.309948597265683,1.974124176432708,0.33582442083297503
I-95 NB,GP,110P04151,2025-10-01,1.0,4.211691135015988,4.95587661832276,4.715817101721119,0.24005951660164104
I-95 NB,GP,110P04151,2025-10-02,1.0,4.191504455710487,4.9139065057972475,4.693777892919158,0.2201286128780895
I-95 NB,GP,110P04151,2025-10-03,1.0,3.981864679091737,4.69262886756229,4.464740127546224,0.2278887400160654
I-95 NB,GP,110P04151,2025-10-06,1.0,4.003131930241051,4.6799736475576434,4.487988723052275,0.19198492450536886
I-95 NB,GP,110P04151,2025-10-07,1.0,1.654800426955498,1.908025987824851,1.8966571605151514,0.01136882730969968
I-95 NB,GP,110P04151,2025-10-08,1.0,2.414861903305621,2.961220811027838,2.741775200918224,0.21944561010961428
I-95 NB,GP,110P04151,2025-10-09,1.0,4.2273337251840895,4.9327641303730285,4.732893394159257,0.1998707362137715
I-95 NB,GP,110P04151,2025-10-14,1.0,3.3212932776873396,3.867028543327043,3.7409887063908402,0.12603983693620258
I-95 NB,GP,110P04151,2025-10-15,1.0,2.021369250920436,2.4800037696759185,2.3052411576875746,0.17476261198834386
I-95 NB,GP,110P04151,2025-10-16,1.0,3.6259196024928415,4.667473579882189,4.075159085197483,0.5923144946847057
I-95 NB,GP,110P04151,2025-10-17,1.0,3.8450416636563447,4.669044661032282,4.315095135360766,0.35394952567151616
I-95 NB,GP,110P04151,2025-10-20,1.0,3.283220869858114,3.8002024088963813,3.6991713474498167,0.1010310614465646
I-95 NB,GP,110P04151,2025-10-21,1.0,1.8638951663717087,2.361268970240843,2.129966614766911,0.23130235547393196
I-95 NB,GP,110P04151,2025-10-22,1.0,3.8928452768138815,4.665641114533483,4.367393420848073,0.2982476936854104
I-95 NB,GP,110P04151,2025-10-23,1.0,3.1407852536706846,3.7145010624459056,3.542616478518278,0.1718845839276275
I-95 NB,GP,110P04151,2025-10-24,1.0,2.002209350408253,2.7400847345325654,2.2839342611816353,0.45615047335093006
I-95 NB,GP,110P04151,2025-10-27,1.0,2.248103571314103,2.8293832381601853,2.557011957508856,0.27237128065132943
I-95 NB,GP,110P04151,2025-10-28,1.0,3.399998436198902,4.1842220564132875,3.8273977802867383,0.3568242761265492
I-95 NB,GP,110P04151,2025-10-29,1.0,2.6837762240080685,3.4597113011748415,3.0390615426404763,0.42064975853436515
I-95 NB,GP,110P04151,2025-10-30,1.0,1.9712051260381607,2.4839629958070484,2.2494449830805925,0.2345180127264559
I-95 NB,GP,110P04151,2025-10-31,1.0,0.6539221910128066,0.8824052359377181,0.7670961002990733,0.11530913563864487
I-95 NB,GP,110+04152,2025-10-01,1.0,4.481229489990779,4.735322375463463,5.009842895615483,-0.27452052015202
I-95 NB,GP,110+04152,2025-10-02,1.0,4.5273679761794705,4.7121401200623385,5.060127979292254,-0.3479878592299155
I-95 NB,GP,110+04152,2025-10-03,1.0,1.935897324831661,2.1603736330083234,2.2101518489174183,-0.049778215909094925
I-95 NB,GP,110+04152,2025-10-06,1.0,4.027784146037851,4.419419168979677,4.514933777649517,-0.0955146086698404
I-95 NB,GP,110+04152,2025-10-07,1.0,1.6674441004223095,1.7470758533057829,1.9107851292516835,-0.16370927594590068
I-95 NB,GP,110+04152,2025-10-08,1.0,2.833635562017452,3.003740985703152,3.2044038562658397,-0.2006628705626876
I-95 NB,GP,110+04152,2025-10-09,1.0,3.549681608543553,3.6790346725004883,3.9915954298660856,-0.3125607573655973
I-95 NB,GP,110+04152,2025-10-10,1.0,1.9517186907094621,2.039836136776782,2.2277612318418987,-0.18792509506511657
I-95 NB,GP,110+04152,2025-10-14,1.0,3.6485847737243784,3.7497703844982717,4.099993627138517,-0.35022324264024496
I-95 NB,GP,110+04152,2025-10-15,1.0,2.134303489393751,2.3799373623908897,2.430729441893184,-0.050792079502294474
I-95 NB,GP,110+04152,2025-10-16,1.0,4.463226385205299,4.611775060883206,4.990218296878011,-0.3784432359948049
I-95 NB,GP,110+04152,2025-10-17,1.0,4.559853139765739,4.642204297441785,5.095524984626619,-0.4533206871848332
I-95 NB,GP,110+04152,2025-10-20,1.0,3.098923814862625,3.6316437463307474,3.4965720228530506,0.1350717234776968
I-95 NB,GP,110+04152,2025-10-21,1.0,2.3564115136227235,2.496489054572409,2.6770513947578394,-0.18056234018543016
I-95 NB,GP,110+04152,2025-10-22,1.0,4.033337586234066,4.33401916338731,4.5210031590603235,-0.18698399567301305
I-95 NB,GP,110+04152,2025-10-23,1.0,4.305447261699906,4.492738742040795,4.818142809245895,-0.32540406720509996
I-95 NB,GP,110+04152,2025-10-24,1.0,5.130864075885918,5.3840580122010975,5.716728910249865,-0.33267089804876715
I-95 NB,GP,110+04152,2025-10-27,1.0,3.814859515814389,3.8266276148912852,4.282066790649123,-0.4554391757578382
I-95 NB,GP,110+04152,2025-10-28,1.0,3.7483633669150085,4.001283086715885,4.209276880746562,-0.20799379403067686
I-95 NB,GP,110+04152,2025-10-29,1.0,3.068536200475429,3.343447887682684,3.463138186684458,-0.11969029900177386
I-95 NB,GP,110+04152,2025-10-30,1.0,2.3610861828276297,2.4175629912600614,2.6822292548383913,-0.2646662635783299
I-95 NB,GP,110+04152,2025-10-31,1.0,2.668396357622366,2.5780705970972604,3.0220798278734886,-0.4440092307762282
I-95 NB,GP,110P04153,2025-10-01,1.0,2.037924476107912,2.4069964777767194,2.3236474399752454,0.08334903780147407
I-95 NB,GP,110P04153,2025-10-07,1.0,0.6790406022955113,0.8726097475707699,0.7958114819055274,0.0767982656652425
I-95 NB,GP,110P04153,2025-10-08,1.0,1.332146200763386,1.7669642679510578,1.5351469163233709,0.2318173516276869
I-95 NB,GP,110P04153,2025-10-09,1.0,1.2615389401619717,1.5275981857112082,1.4557607147420994,0.07183747096910875
I-95 NB,GP,110P04153,2025-10-10,1.0,0.6149613790283687,0.7793080974656836,0.7225010743286195,0.056807023137064094
I-95 NB,GP,110P04153,2025-10-14,1.0,2.0130992879316505,2.5750712957578683,2.2960451117452854,0.27902618401258295
I-95 NB,GP,110P04153,2025-10-20,1.0,1.1480643101983965,1.4194498750778328,1.3279414044493403,0.09150847062849254
I-95 NB,GP,110P04153,2025-10-21,1.0,1.24629250959341,2.1597343503157815,1.4386042418978036,0.721130108417978
I-95 NB,GP,110P04153,2025-10-22,1.0,1.1649445189481955,1.2852234499494577,1.3469747747250935,-0.06175132477563583
I-95 NB,GP,110P04153,2025-10-29,1.0,1.8009400263382718,2.463516596423568,2.0597932021456393,0.4037233942779288
I-95 NB,GP,110+04154,2025-10-01,1.0,2.400284262105461,2.9255964827792496,2.725636660518374,0.1999598222608756
I-95 NB,GP,110+04154,2025-10-02,1.0,0.7008719672377687,0.8676404324200623,0.8207475101662772,0.04689292225378505
I-95 NB,GP,110+04154,2025-10-06,1.0,1.608050972782068,1.5357856005154455,1.8443959806943497,-0.3086103801789042
I-95 NB,GP,110+04154,2025-10-07,1.0,1.5236928463103332,1.7098417177319534,1.7499951462748045,-0.04015342854285109
I-95 NB,GP,110+04154,2025-10-08,1.0,2.176176789083871,2.7591497352422416,2.477214827275598,0.2819349079666438
I-95 NB,GP,110+04154,2025-10-09,1.0,2.0627086144862954,2.4134812040194,2.3511957420873992,0.062285461932000796
I-95 NB,GP,110+04154,2025-10-10,1.0,1.4843376753043882,1.9728305691357633,1.7059105079370742,0.26692006119868905
I-95 NB,GP,110+04154,2025-10-14,1.0,2.9678768972107012,3.698945355535083,3.3523286398267462,0.34661671570833663
I-95 NB,GP,110+04154,2025-10-15,1.0,1.97005146949414,2.1925207056496294,2.24816138847519,-0.05564068282556045
I-95 NB,GP,110+04154,2025-10-16,1.0,1.997917022285297,2.2444281703993862,2.2791602515592437,-0.034732081159857486
I-95 NB,GP,110+04154,2025-10-20,1.0,1.190179607677164,1.9232126112182764,1.37541590953643,0.5477967016818464
I-95 NB,GP,110+04154,2025-10-21,1.0,2.0416756536801777,2.8789636343104728,2.3278175201193956,0.5511461141910772
I-95 NB,GP,110+04154,2025-10-22,1.0,1.8940569102375875,2.113861140034686,2.163565510422937,-0.04970437038825093
I-95 NB,GP,110+04154,2025-10-23,1.0,1.6524759892323755,2.02507152804277,1.8940595539669396,0.13101197407583043
I-95 NB,GP,110+04154,2025-10-24,1.0,0.9359749656470736,0.9614218508296517,1.088164311804491,-0.12674246097483932
I-95 NB,GP,110+04154,2025-10-27,1.0,1.6528522204051246,1.7494503962955226,1.8944800061661846,-0.14502960987066205
I-95 NB,GP,110+04154,2025-10-28,1.0,1.818397354641061,1.968552230833828,2.079258197870849,-0.11070596703702096
I-95 NB,GP,110+04154,2025-10-29,1.0,1.2324124751164447,1.6715071266962174,1.4229807826502459,0.24852634404597151
I-95 NB,GP,110P04154,2025-10-01,1.0,2.50068237543996,3.0223814683431454,2.836736006768774,0.18564546157437123
I-95 NB,GP,110P04154,2025-10-02,1.0,1.387964116219657,1.2859959684151667,1.597830230257294,-0.31183426184212726
I-95 NB,GP,110P04154,2025-10-03,1.0,0.8684526514909174,1.2199298407201506,1.0115546320628443,0.2083752086573063
I-95 NB,GP,110P04154,2025-10-06,1.0,1.849774769814104,1.9169474347491644,2.1142324369200014,-0.197285002170837
I-95 NB,GP,110P04154,2025-10-07,1.0,1.2856742065961642,1.7025136722256926,1.482909027806844,0.21960464441884864
I-95 NB,GP,110P04154,2025-10-08,1.0,2.3946408012686824,3.0099993826960874,2.7193882696442686,0.29061111305181875
I-95 NB,GP,110P04154,2025-10-09,1.0,2.3167660264096885,2.568690313048064,2.633128009690294,-0.06443769664222998
I-95 NB,GP,110P04154,2025-10-10,1.0,1.7252392383757065,2.5919430246282085,1.9753312991448964,0.6166117254833121
I-95 NB,GP,110P04154,2025-10-14,1.0,3.2262315484619117,3.8946589794037627,3.6365536299054613,0.25810534949830144
I-95 NB,GP,110P04154,2025-10-15,1.0,1.9479428152815212,2.3816107835316416,2.223558959414806,0.1580518241168356
I-95 NB,GP,110P04154,2025-10-16,1.0,1.9563748635075602,2.2513907449580484,2.2329429308827304,0.018447814075317925
I-95 NB,GP,110P04154,2025-10-20,1.0,1.65032536457934,2.112808578498807,1.8916561057130368,0.2211524727857701
I-95 NB,GP,110P04154,2025-10-21,1.0,0.6809721263375714,0.9018485722456774,0.7980184891796902,0.10383008306598718
I-95 NB,GP,110P04154,2025-10-22,1.0,2.3579763452135434,2.6291312362592207,2.6787846965634348,-0.049653460304214025
I-95 NB,GP,110P04154,2025-10-23,1.0,1.8728495830544878,2.2615511544435494,2.1399428617297107,0.12160829271383866
I-95 NB,GP,110P04154,2025-10-27,1.0,1.7496588292013375,1.9653243257092867,2.0025869865322834,-0.037262660822996674
I-95 NB,GP,110P04154,2025-10-28,1.0,2.1679251929973162,2.4007946909140636,2.4680561515088133,-0.06726146059474969
I-95 NB,GP,110P04154,2025-10-29,1.0,1.4830846810703304,1.7773538102812105,1.7045064604207394,0.07284734986047114
I-95 NB,GP,110+04155,2025-10-01,1.0,4.014431527036504,4.769666914781425,4.500339779518547,0.2693271352628779
I-95 NB,GP,110+04155,2025-10-02,1.0,2.0860632908404537,2.259599056638506,2.3771475811901075,-0.11754852455160147
I-95 NB,GP,110+04155,2025-10-03,1.0,1.794763573441617,2.0542947744838425,2.0529053033248092,0.0013894711590332065
I-95 NB,GP,110+04155,2025-10-06,1.0,2.290237476965089,2.4099197647806574,2.6037264534364346,-0.19380668865577722
I-95 NB,GP,110+04155,2025-10-07,1.0,1.7840150013015557,2.168199665792009,2.0409172231574897,0.12728244263451938
I-95 NB,GP,110+04155,2025-10-08,1.0,2.7519429681389718,3.300140276277503,3.114298917577243,0.18584135870026008
I-95 NB,GP,110+04155,2025-10-09,1.0,2.6067125776531532,3.0692649109756918,2.953946804022772,0.11531810695291966
I-95 NB,GP,110+04155,2025-10-10,1.0,2.0886749984069652,2.9422493891314607,2.3800492713269374,0.5622001178045233
I-95 NB,GP,110+04155,2025-10-14,1.0,3.476933518146584,4.33662164966742,3.911815186028293,0.42480646363912733
I-95 NB,GP,110+04155,2025-10-15,1.0,2.4292640508011725,2.912398441596572,2.7577170649947615,0.15468137660181025
I-95 NB,GP,110+04155,2025-10-16,1.0,2.4589826278847986,2.7112661539321996,2.790605368324708,-0.07933921439250824
I-95 NB,GP,110+04155,2025-10-17,1.0,1.8709007011410697,2.0200703053963904,2.1377716855244815,-0.11770138012809106
I-95 NB,GP,110+04155,2025-10-20,1.0,1.823947302297849,2.2889237733654437,2.0854454324571514,0.2034783409082923
I-95 NB,GP,110+04155,2025-10-21,1.0,1.1538406846027631,1.3336987811259073,1.3344553688174885,-0.0007565876915811565
I-95 NB,GP,110+04155,2025-10-22,1.0,2.602729787975431,3.024712138596098,2.9495462251444287,0.07516591345166956
I-95 NB,GP,110+04155,2025-10-23,1.0,2.3617400337132635,2.715353434474616,2.6829534671175934,0.032399967357022774
I-95 NB,GP,110+04155,2025-10-24,1.0,1.8531830497973194,1.9878348603707925,2.118030513904064,-0.13019565353327134
I-95 NB,GP,110+04155,2025-10-27,1.0,2.0359206274999875,2.246937196974874,2.321419738401067,-0.07448254142619293
I-95 NB,GP,110+04155,2025-10-28,1.0,2.451994962348179,2.5823704824244413,2.782873309824339,-0.20050282739989767
I-95 NB,GP,110+04155,2025-10-29,1.0,1.7579186569538157,2.0269603835402905,2.011803953607836,0.015156429932454696
I-95 NB,GP,110+04155,2025-10-30,1.0,4.346470322137656,4.415738782566729,4.8628979065928775,-0.44715912402614855
I-95 NB,GP,110P04155,2025-10-01,1.0,4.259113369344684,5.201888352368462,4.767580904127163,0.43430744824129874
I-95 NB,GP,110P04155,2025-10-02,1.0,2.3390787104990887,2.6299666673238162,2.657850608074802,-0.02788394075098566
I-95 NB,GP,110P04155,2025-10-06,1.0,2.3206410267471935,2.6685230540687237,2.6374219606723233,0.031101093396400437
I-95 NB,GP,110P04155,2025-10-07,1.0,2.003863762447003,2.351456669114461,2.28577426162269,0.06568240749177079
I-95 NB,GP,110P04155,2025-10-08,1.0,3.974379956730729,4.453738802842549,4.4565573600656965,-0.0028185572231471667
I-95 NB,GP,110P04155,2025-10-09,1.0,3.065143906314992,3.477943481853497,3.459405318157602,0.018538163695895005
I-95 NB,GP,110P04155,2025-10-10,1.0,2.48423381037661,3.3273848273022946,2.8185419809105867,0.5088428463917078
I-95 NB,GP,110P04155,2025-10-14,1.0,3.707972607815703,4.447313293549036,4.165047470358272,0.2822658231907642
I-95 NB,GP,110P04155,2025-10-15,1.0,2.673321214082522,3.1680920031436632,3.0275178850873,0.14057411805636333
I-95 NB,GP,110P04155,2025-10-16,1.0,4.020226331100665,4.444386546577045,4.506673469314673,-0.062286922737627926
I-95 NB,GP,110P04155,2025-10-17,1.0,2.2350354131303716,2.5812150672154615,2.5425186649012534,0.03869640231420801
I-95 NB,GP,110P04155,2025-10-20,1.0,1.1403757092960958,1.2801516866297002,1.3192697678887535,-0.03911808125905325
I-95 NB,GP,110P04155,2025-10-21,1.0,1.5660971154365708,1.6869191724575985,1.7974634731671904,-0.11054430070959187
I-95 NB,GP,110P04155,2025-10-22,1.0,4.263750894699113,4.783909285285158,4.772642225046521,0.01126706023863644
I-95 NB,GP,110P04155,2025-10-24,1.0,2.24088082205891,2.370384921207782,2.549001799972458,-0.17861687876467602
I-95 NB,GP,110P04155,2025-10-27,1.0,2.4738424839791047,2.7725594182575843,2.807046414323921,-0.03448699606633676
I-95 NB,GP,110P04155,2025-10-28,1.0,2.6844910931736568,2.9712049059806818,3.039850807793559,-0.06864590181287733
I-95 NB,GP,110P04155,2025-10-29,1.0,3.8809056819365733,4.152671839248557,4.354332733096844,-0.20166089384828734
I-95 NB,GP,110P04155,2025-10-30,1.0,4.968347002291802,5.5261501081039635,5.540111096534517,-0.013960988430553378
I-95 NB,GP,110P04155,2025-10-31,1.0,2.1790172163647137,2.2145320142033853,2.4803672954089397,-0.26583528120555444
I-95 NB,GP,110+04156,2025-10-01,1.0,4.318276287635591,5.369336401428227,4.8321400854816945,0.5371963159465327
I-95 NB,GP,110+04156,2025-10-06,1.0,2.5626323039446195,2.8073415210740365,2.905233145595135,-0.09789162452109856
I-95 NB,GP,110+04156,2025-10-07,1.0,2.045598898638151,2.432268064125958,2.3321786778946962,0.10008938623126173
I-95 NB,GP,110+04156,2025-10-08,1.0,3.99821316106464,4.641588790925216,4.482611976250963,0.1589768146742525
I-95 NB,GP,110+04156,2025-10-09,1.0,3.160982805340112,3.523778087247832,3.564826777428397,-0.04104869018056467
I-95 NB,GP,110+04156,2025-10-10,1.0,11.986721362071547,14.065139836392119,13.075091931270181,0.9900479051219371
I-95 NB,GP,110+04156,2025-10-14,1.0,3.7904154935993954,4.436795587275588,4.2553128947593395,0.1814826925162487
I-95 NB,GP,110+04156,2025-10-15,1.0,5.1119360907963065,5.39994822270401,5.696165926093247,-0.29621770338923703
I-95 NB,GP,110+04156,2025-10-16,1.0,4.0173017355432,4.622633782192716,4.503476930586745,0.11915685160597178
I-95 NB,GP,110+04156,2025-10-20,1.0,1.646185969336074,1.801141932996875,1.8870298700547812,-0.0858879370579062
I-95 NB,GP,110+04156,2025-10-21,1.0,1.6097620138491926,1.774548935724483,1.8463094153286819,-0.07176047960419885
I-95 NB,GP,110+04156,2025-10-22,1.0,4.575641856973486,4.9943335166113725,5.11272666075205,-0.11839314414067736
I-95 NB,GP,110+04156,2025-10-24,1.0,2.285609875711944,2.4746764437575743,2.5985968196568545,-0.12392037589928018
I-95 NB,GP,110+04156,2025-10-27,1.0,2.5219391688864077,2.8439049759348336,2.8602440641018494,-0.01633908816701579
I-95 NB,GP,110+04156,2025-10-28,1.0,2.7142336618627305,3.083128602296266,3.072684027044119,0.010444575252146926
I-95 NB,GP,110+04156,2025-10-29,1.0,3.9492764231646595,4.285029164608244,4.429109786888063,-0.14408062227981855
I-95 NB,GP,110+04156,2025-10-30,1.0,5.356516276518997,5.7014648171335915,5.96172884770446,-0.2602640305708688
I-95 NB,GP,110+04156,2025-10-31,1.0,2.355837688555878,2.516889198520004,2.676415784310989,-0.1595265857909851
I-95 NB,GP,110P04156,2025-10-01,1.0,4.252575935410431,5.086929673157204,4.760445819361605,0.3264838537955992
I-95 NB,GP,110P04156,2025-10-02,1.0,2.2144000913784216,2.178511182205279,2.5196286603618305,-0.34111747815655136
I-95 NB,GP,110P04156,2025-10-03,1.0,1.6911902000003867,1.9038590161027467,1.9373116643653763,-0.033452648262629614
I-95 NB,GP,110P04156,2025-10-06,1.0,2.6632162486459086,2.5693760094966773,3.0163596484647743,-0.446983638968097
I-95 NB,GP,110P04156,2025-10-07,1.0,2.67745599814802,2.76470454478138,3.032083346013711,-0.26737880123233104
I-95 NB,GP,110P04156,2025-10-08,1.0,3.6772571036554913,3.845337923498055,4.131404773918275,-0.28606685042021995
I-95 NB,GP,110P04156,2025-10-09,1.0,3.0969043158793856,3.1942157902004054,3.494350333305017,-0.30013454310461185
I-95 NB,GP,110P04156,2025-10-10,1.0,2.335858420007426,3.1380538294141522,2.6542828707398165,0.4837709586743357
I-95 NB,GP,110P04156,2025-10-14,1.0,3.4832601665239005,3.9713628645164722,3.918755040815937,0.052607823700535405
I-95 NB,GP,110P04156,2025-10-15,1.0,2.7368081068777665,3.151613648564141,3.0975982497986507,0.05401539876549011
I-95 NB,GP,110P04156,2025-10-16,1.0,3.996738232328705,4.2461863563023705,4.480999687372283,-0.23481333106991276
I-95 NB,GP,110P04156,2025-10-17,1.0,1.937758405990317,2.0636526566848423,2.2122234422483014,-0.14857078556345904
I-95 NB,GP,110P04156,2025-10-21,1.0,1.6901071910170715,1.5401737330222014,1.9361020492869885,-0.3959283162647871
I-95 NB,GP,110P04156,2025-10-22,1.0,2.8113311947645006,3.0884461818646476,3.1798092078580393,-0.09136302599339174
I-95 NB,GP,110P04156,2025-10-23,1.0,2.7830842666944653,3.0512554171265096,3.1486547914532337,-0.09739937432672408
I-95 NB,GP,110P04156,2025-10-24,1.0,2.4054972474626237,2.432198394509359,2.7314081063453166,-0.29920971183595757
I-95 NB,GP,110P04156,2025-10-27,1.0,2.3897058125624198,2.52472199977989,2.7139239912700184,-0.1892019914901284
I-95 NB,GP,110P04156,2025-10-28,1.0,2.611959815698812,2.7878177128769335,2.9597442136144374,-0.17192650073750393
I-95 NB,GP,110P04156,2025-10-29,1.0,3.3479939695929906,3.540668493666529,3.7703086260948675,-0.22964013242833836
I-95 NB,GP,110P04156,2025-10-30,1.0,4.35539856359937,4.410214983922999,4.872636984334643,-0.46242200041164416
I-95 NB,GP,110P04156,2025-10-31,1.0,1.8911081550848075,1.9418209536931452,2.160281316370705,-0.21846036267755986
I-95 NB,GP,110+04157,2025-10-01,1.0,4.360041217200429,5.020234413049544,4.877701072591279,0.14253334045826538
I-95 NB,GP,110+04157,2025-10-02,1.0,1.9638367228468212,1.906468260991187,2.2412463420534174,-0.3347780810622305
I-95 NB,GP,110+04157,2025-10-03,1.0,1.2242757388072047,1.3762590378234412,1.4138199757658272,-0.03756093794238602
I-95 NB,GP,110+04157,2025-10-06,1.0,2.70012251857335,2.5547345949599314,3.0571076747632593,-0.5023730798033279
I-95 NB,GP,110+04157,2025-10-07,1.0,2.4578136484418063,2.574753699250719,2.789311896313655,-0.214558197062936
I-95 NB,GP,110+04157,2025-10-08,1.0,3.5271586623811046,3.679005070772689,3.96689972367871,-0.2878946529060209
I-95 NB,GP,110+04157,2025-10-09,1.0,3.40144597886209,3.327376063005972,3.828986541250739,-0.5016104782447668
I-95 NB,GP,110+04157,2025-10-10,1.0,1.916180634949999,2.7081554990914687,2.188201880768515,0.5199536183229538
I-95 NB,GP,110+04157,2025-10-14,1.0,3.683019672059317,3.968231711504285,4.137717049601428,-0.16948533809714306
I-95 NB,GP,110+04157,2025-10-15,1.0,2.8343403790827835,3.1429081312167853,3.2051809670357008,-0.06227283581891552
I-95 NB,GP,110+04157,2025-10-16,1.0,4.0535706581546975,4.17535830198854,4.543114215385456,-0.36775591339691616
I-95 NB,GP,110+04157,2025-10-17,1.0,1.9588974077270367,1.901859006378286,2.235750057204419,-0.3338910508261328
I-95 NB,GP,110+04157,2025-10-21,1.0,1.2185033619905943,1.3041672799553699,1.4073201787200926,-0.10315289876472278
I-95 NB,GP,110+04157,2025-10-22,1.0,2.86592063447596,3.0797819903047894,3.239995497565847,-0.16021350726105776
I-95 NB,GP,110+04157,2025-10-23,1.0,2.8365007016294905,3.0774642959600755,3.2075628456686474,-0.13009854970857182
I-95 NB,GP,110+04157,2025-10-24,1.0,2.4193562314021912,2.4701558991359756,2.746750266799571,-0.27659436766359535
I-95 NB,GP,110+04157,2025-10-27,1.0,2.1702332929825547,2.1338323639252574,2.470618063463691,-0.33678569953843374
I-95 NB,GP,110+04157,2025-10-28,1.0,2.667710256272388,2.6403384907473764,3.021322210581849,-0.38098371983447255
I-95 NB,GP,110+04157,2025-10-29,1.0,1.4563525355138707,1.5665351495980397,1.6745445443747706,-0.10800939477673088
I-95 NB,GP,110+04157,2025-10-30,1.0,3.3558013114251675,3.681305558037236,3.778880729385855,-0.09757517134861882
I-95 NB,GP,110+04157,2025-10-31,1.0,1.633175484375576,1.9383365321573611,1.8724873055470934,0.06584922661026771
I-95 NB,GP,110P04157,2025-10-01,1.0,4.322466899454972,4.962100808090245,4.836712081815271,0.12538872627497355
I-95 NB,GP,110P04157,2025-10-02,1.0,2.2197475933286546,2.1753362930683284,2.5255609577929,-0.3502246647245717
I-95 NB,GP,110P04157,2025-10-07,1.0,2.9345259787170344,2.775485100998234,3.3155941211399016,-0.5401090201416676
I-95 NB,GP,110P04157,2025-10-08,1.0,3.587623286470335,3.8591056436315503,4.033188449033746,-0.1740828054021959
I-95 NB,GP,110P04157,2025-10-09,1.0,3.4422852242676196,3.3137236480574086,3.8738030135473536,-0.560079365489945
I-95 NB,GP,110P04157,2025-10-10,1.0,2.0170533118403324,2.859649165126714,2.3004420308192532,0.5592071343074609
I-95 NB,GP,110P04157,2025-10-14,1.0,3.739243624361362,4.031235195931653,4.199291463377281,-0.1680562674456283
I-95 NB,GP,110P04157,2025-10-15,1.0,2.8654144222667557,3.177443415204464,3.2394375178163943,-0.06199410261193039
I-95 NB,GP,110P04157,2025-10-16,1.0,4.0536039017246415,4.114846190546115,4.543150542268377,-0.4283043517222618
I-95 NB,GP,110P04157,2025-10-22,1.0,3.1609486424797892,3.212515270953089,3.5647892131372747,-0.3522739421841856
I-95 NB,GP,110P04157,2025-10-23,1.0,3.171347156899429,3.2137058033148254,3.5762225892539368,-0.3625167859391114
I-95 NB,GP,110P04157,2025-10-24,1.0,2.232188423005964,2.277400195774872,2.539360918597353,-0.2619607228224812
I-95 NB,GP,110P04157,2025-10-27,1.0,1.7123925377340998,1.889508101102937,1.960988716433324,-0.07148061533038685
I-95 NB,GP,110P04157,2025-10-28,1.0,2.456935318697504,2.5667111152881223,2.788340017144662,-0.2216289018565396
I-95 NB,GP,110P04157,2025-10-29,1.0,1.4574725705577452,1.5489076245773712,1.6758001759875747,-0.1268925514102035
I-95 NB,GP,110P04157,2025-10-30,1.0,3.6570620321852405,3.679022379430173,4.109281284327131,-0.43025890489695806
I-95 NB,GP,110P04157,2025-10-31,1.0,1.8673644354453005,2.1307192282701197,2.1338319201939884,-0.003112691923868649
I-95 NB,GP,110+04158,2025-10-01,1.0,3.9297667127496343,4.657197744144522,4.407775348520779,0.2494223956237427
I-95 NB,GP,110+04158,2025-10-07,1.0,1.1650410986566466,1.3686980715982817,1.3470836537633264,0.021614417834955324
I-95 NB,GP,110+04158,2025-10-08,1.0,3.596657335521702,3.9804428988429397,4.0430902702799525,-0.06264737143701282
I-95 NB,GP,110+04158,2025-10-09,1.0,2.955455282966629,2.893102667256191,3.3386480094008752,-0.4455453421446842
I-95 NB,GP,110+04158,2025-10-10,1.0,2.2642978323240257,2.7793316855827346,2.5749693461673866,0.20436233941534798
I-95 NB,GP,110+04158,2025-10-14,1.0,3.7766400964841704,3.9985699872213085,4.240233872669874,-0.24166388544856554
I-95 NB,GP,110+04158,2025-10-15,1.0,3.120191182929779,3.0745977846640073,3.5199664691778008,-0.4453686845137934
I-95 NB,GP,110+04158,2025-10-16,1.0,1.5611477039971342,1.8488004744365365,1.7919246597921892,0.05687581464434732
I-95 NB,GP,110+04158,2025-10-22,1.0,2.9615973947145524,3.1064024703783124,3.3454128457772194,-0.23901037539890702
I-95 NB,GP,110+04158,2025-10-23,1.0,1.2080101713108364,1.1567379650401013,1.3955026885843134,-0.23876472354421208
I-95 NB,GP,110+04158,2025-10-28,1.0,2.7174212769000574,2.566574835044524,3.076202342532104,-0.50962750748758
I-95 NB,GP,110+04158,2025-10-29,1.0,1.454150257920508,1.4555562005919778,1.6720755785550525,-0.21651937796307474
I-95 NB,GP,110+04158,2025-10-30,1.0,3.4362977027572525,3.5113002508498474,3.8672332183627494,-0.35593296751290193
I-95 NB,GP,110+04158,2025-10-31,1.0,1.6616218420029916,1.9807499957578802,1.9042797047629165,0.07647029099496372
I-95 NB,GP,110P04159,2025-10-01,1.0,1.8616495485702147,2.5223822347216034,2.1274645513362374,0.39491768338536604
I-95 NB,GP,110P04159,2025-10-02,1.0,1.1674709128276708,1.7359752046278174,1.3498228281515592,0.3861523764762582
I-95 NB,GP,110P04159,2025-10-08,1.0,1.0367078629493747,1.2305201177176788,1.2022003054117678,0.028319812305910963
I-95 NB,GP,110P04159,2025-10-09,1.0,1.5193198418222655,1.7094547254379715,1.745098039766287,-0.03564331432831547
I-95 NB,GP,110P04159,2025-10-14,1.0,0.877131973253398,1.0219791442335615,1.0214101517318552,0.000568992501706278
I-95 NB,GP,110P04159,2025-10-15,1.0,1.2156306651615798,1.4014954550870309,1.4040851852952876,-0.002589730208256702
I-95 NB,GP,110P04159,2025-10-16,1.0,1.2400531077109989,1.7671931501995932,1.4315816707035631,0.3356114794960301
I-95 NB,GP,110P04159,2025-10-28,1.0,1.5952638571368183,1.7512089124779655,1.83009470269945,-0.07888579022148456
I-95 NB,GP,110P04146,2025-10-30,1.05,1.6033319897859282,2.387934423874674,1.8042565145300757,0.5836779093445983
I-95 NB,GP,110+04147,2025-10-30,1.05,1.7518623893753404,2.5814544863572317,1.9705271844332537,0.610927301923978
I-95 NB,GP,110P04147,2025-10-30,1.05,1.8803398719388595,2.7273486610260362,2.11429272304509,0.6130559379809464
I-95 NB,GP,110+04148,2025-10-07,1.05,0.9396345044654056,0.9338749028445619,1.060215387340045,-0.12634048449548319
I-95 NB,GP,110+04148,2025-10-30,1.05,1.9353428879914247,2.697663610861679,2.1758255532602724,0.5218380576014066
I-95 NB,GP,110+04150,2025-10-01,1.05,1.5304483799958046,1.7972173794274018,1.7226400269603164,0.07457735246708541
I-95 NB,GP,110+04150,2025-10-03,1.05,0.6207140260627874,0.7633799741751243,0.7018221050542219,0.06155786912090233
I-95 NB,GP,110+04150,2025-10-07,1.05,1.517718261862337,2.2196808303895703,1.7083826241750573,0.511298206214513
I-95 NB,GP,110+04150,2025-10-21,1.05,1.2740003738890135,1.6987302423104278,1.435303187387933,0.26342705492249485
I-95 NB,GP,110+04150,2025-10-24,1.05,1.0581647691088112,1.4855894279041346,1.1932473348161667,0.2923420930879679
I-95 NB,GP,110+04150,2025-10-28,1.05,0.6721603649693914,0.8829576539193501,0.759688368676406,0.12326928524294412
I-95 NB,GP,110+04150,2025-10-29,1.05,0.6448200646353267,0.8461259807377123,0.7289391763048082,0.11718680443290408
I-95 NB,GP,110+04150,2025-10-30,1.05,1.360833649615617,1.8635273203812412,1.5326251785898004,0.33090214179144084
I-95 NB,GP,110P04150,2025-10-01,1.05,1.8576504398157814,2.419055973231305,2.0889070535644727,0.33014891966683235
I-95 NB,GP,110P04150,2025-10-03,1.05,2.0489475423320207,2.445830812171256,2.3028896453951924,0.1429411667760636
I-95 NB,GP,110P04150,2025-10-06,1.05,1.0277374133570387,1.2507072997808535,1.1591047818139966,0.09160251796685692
I-95 NB,GP,110P04150,2025-10-08,1.05,1.9626002810234902,2.2847148045861547,2.2063156167740146,0.07839918781214017
I-95 NB,GP,110P04150,2025-10-09,1.05,1.906244629541721,2.0091823533959468,2.143273931050929,-0.13409157765498225
I-95 NB,GP,110P04150,2025-10-14,1.05,1.9072489132518697,2.3292805761352753,2.1443974437241473,0.18488313241112797
I-95 NB,GP,110P04150,2025-10-15,1.05,0.920404961975921,1.1165942938381297,1.038625540967733,0.07796875287039673
I-95 NB,GP,110P04150,2025-10-16,1.05,0.8820301730352965,1.0244346332505245,0.9955337009415489,0.028900932308975613
I-95 NB,GP,110P04150,2025-10-21,1.05,1.3720382632822836,1.9851592097777513,1.5451809086125514,0.43997830116519987
I-95 NB,GP,110P04150,2025-10-22,1.05,2.3188678816588393,2.411792548497297,2.6046511613318497,-0.19285861283455263
I-95 NB,GP,110P04150,2025-10-24,1.05,1.1898331680341598,1.8639402088720942,1.3409376429196316,0.5230025659524626
I-95 NB,GP,110P04150,2025-10-28,1.05,2.302396777078,2.617576160205838,2.5862422927469417,0.031333867458896325
I-95 NB,GP,110P04150,2025-10-29,1.05,1.9043192785712388,2.1464882953087634,2.1411199933673757,0.00536830194138771
I-95 NB,GP,110P04150,2025-10-30,1.05,1.7086612290134886,2.1948918180913126,1.9221736825965043,0.2727181354948083
I-95 NB,GP,110+04151,2025-10-01,1.05,2.12022910288739,2.7319321432685837,2.3825982536546646,0.3493338896139191
I-95 NB,GP,110+04151,2025-10-02,1.05,3.445436749473781,3.8915445022154938,3.862406700712109,0.029137801503384964
I-95 NB,GP,110+04151,2025-10-03,1.05,2.6526835328874867,3.531638777480012,2.977604113997379,0.554034663482633
I-95 NB,GP,110+04151,2025-10-06,1.05,2.1132847055172777,2.628572660432217,2.3748334722777718,0.2537391881544453
I-95 NB,GP,110+04151,2025-10-07,1.05,1.747363451139868,1.8773294839886272,1.965491965669281,-0.08816248168065388
I-95 NB,GP,110+04151,2025-10-08,1.05,1.9904636242537737,2.5820104678267644,2.2374813067387875,0.3445291610879768
I-95 NB,GP,110+04151,2025-10-09,1.05,2.04529408655458,2.535641115277312,2.298803901314742,0.2368372139625703
I-95 NB,GP,110+04151,2025-10-14,1.05,2.1267848488631147,2.7757039701557193,2.3899283531873414,0.3857756169683779
I-95 NB,GP,110+04151,2025-10-15,1.05,1.900723295931399,2.2376420992347033,2.137097049605078,0.10054504962962518
I-95 NB,GP,110+04151,2025-10-16,1.05,3.474644232369358,4.097830554680469,3.894984500801916,0.2028460538785528
I-95 NB,GP,110+04151,2025-10-17,1.05,1.203981762722957,1.1923921285227521,1.3568028606939084,-0.16441073217115632
I-95 NB,GP,110+04151,2025-10-20,1.05,0.6718973370382074,0.8636578616994351,0.7593925756357129,0.1042652860637222
I-95 NB,GP,110+04151,2025-10-21,1.05,1.5879066909371322,2.2042993754158338,1.7869845407045502,0.4173148347112836
I-95 NB,GP,110+04151,2025-10-22,1.05,2.3764623037012256,2.8965703801665303,2.669016242444797,0.22755413772173316
I-95 NB,GP,110+04151,2025-10-23,1.05,2.1472029285461454,2.614492689623186,2.412757459397187,0.20173523022599893
I-95 NB,GP,110+04151,2025-10-24,1.05,1.5855288549423512,2.1764723639465577,1.7843219622028381,0.3921504017437196
I-95 NB,GP,110+04151,2025-10-27,1.05,2.5967929484936207,2.5602047078664527,2.9151780024238674,-0.35497329455741466
I-95 NB,GP,110+04151,2025-10-28,1.05,3.270679132903439,4.033088889630122,3.667454141495752,0.3656347481343696
I-95 NB,GP,110+04151,2025-10-29,1.05,2.6047374651960338,3.2201120964634837,2.924051912018462,0.2960601844450217
I-95 NB,GP,110+04151,2025-10-30,1.05,1.724157921989598,2.399939065949772,1.939519267692599,0.46041979825717316
I-95 NB,GP,110P04151,2025-10-01,1.05,4.211691135015988,5.05860027066586,4.7166556816380165,0.3419445890278432
I-95 NB,GP,110P04151,2025-10-02,1.05,4.191504455710487,5.014286626426102,4.694161466951644,0.3201251594744585
I-95 NB,GP,110P04151,2025-10-03,1.05,3.981864679091737,4.783882464971225,4.460525288267679,0.3233571767035466
I-95 NB,GP,110P04151,2025-10-06,1.05,4.003131930241051,4.7723593244821,4.484229644273861,0.2881296802082387
I-95 NB,GP,110P04151,2025-10-07,1.05,1.654800426955498,1.9910195598169538,1.8618806470631573,0.12913891275379652
I-95 NB,GP,110P04151,2025-10-08,1.05,2.414861903305621,3.058421126588408,2.711925659441052,0.3464954671473559
I-95 NB,GP,110P04151,2025-10-09,1.05,4.2273337251840895,5.022155012051869,4.734086002400245,0.2880690096516245
I-95 NB,GP,110P04151,2025-10-14,1.05,3.3212932776873396,3.9716701303191373,3.7239224813629805,0.24774764895615675
I-95 NB,GP,110P04151,2025-10-15,1.05,2.021369250920436,2.5682750989099445,2.2720472994373933,0.2962277994725513
I-95 NB,GP,110P04151,2025-10-16,1.05,4.102240862733038,4.790619062805754,4.5946876403744294,0.19593142243132444
I-95 NB,GP,110P04151,2025-10-17,1.05,4.0855992488301345,4.769493903317348,4.576141319517745,0.1933525837996024
I-95 NB,GP,110P04151,2025-10-20,1.05,3.5324935685063417,3.893814277399805,3.9595051715063967,-0.0656908941065919
I-95 NB,GP,110P04151,2025-10-21,1.05,1.8638951663717087,2.441686625683199,2.0958940091552365,0.34579261652796234
I-95 NB,GP,110P04151,2025-10-22,1.05,3.8928452768138815,4.752725865869625,4.361297863605686,0.3914280022639387
I-95 NB,GP,110P04151,2025-10-23,1.05,4.277444228944399,4.868167710348953,4.789921274742232,0.07824643560672051
I-95 NB,GP,110P04151,2025-10-24,1.05,2.002209350408253,2.8502547528331594,2.2506184739612,0.5996362788719596
I-95 NB,GP,110P04151,2025-10-27,1.05,3.4520296200084903,4.03989993064363,3.8697604576686198,0.1701394729750101
I-95 NB,GP,110P04151,2025-10-28,1.05,3.399998436198902,4.274889429512313,3.811722408685359,0.4631670208269538
I-95 NB,GP,110P04151,2025-10-29,1.05,2.6837762240080685,3.5510795235479264,3.012329751791621,0.5387497717563052
I-95 NB,GP,110P04151,2025-10-30,1.05,1.9712051260381607,2.5950155273588495,2.215940537522046,0.37907498983680377
I-95 NB,GP,110P04151,2025-10-31,1.05,0.9549388545306948,1.091306549563195,1.077396667911477,0.013909881651718026
I-95 NB,GP,110+04152,2025-10-01,1.05,4.481229489990779,4.898883756510186,5.016954253657906,-0.11807049714772067
I-95 NB,GP,110+04152,2025-10-02,1.05,4.776156792984472,4.872690929930358,5.345435877577792,-0.4727449476474339
I-95 NB,GP,110+04152,2025-10-03,1.05,2.4347184859407283,2.340578048363069,2.734112944599531,-0.3935348962364622
I-95 NB,GP,110+04152,2025-10-06,1.05,4.52513810830162,4.597423128070536,5.065865102931884,-0.46844197486134753
I-95 NB,GP,110+04152,2025-10-07,1.05,1.9170675697131738,1.8913317119223232,2.155381619411707,-0.26404990748938384
I-95 NB,GP,110+04152,2025-10-08,1.05,2.833635562017452,3.1524938899088513,3.179671219421101,-0.027177329512249937
I-95 NB,GP,110+04152,2025-10-09,1.05,4.527603491651838,4.802282738480197,5.068611281227776,-0.266328542747579
I-95 NB,GP,110+04152,2025-10-10,1.05,2.1999341435895143,2.220707520569,2.471710334155339,-0.2510028135863389
I-95 NB,GP,110+04152,2025-10-14,1.05,3.8985286004171638,3.916452032959746,4.3676332409527605,-0.4511812079930144
I-95 NB,GP,110+04152,2025-10-15,1.05,4.562612797246731,4.723669331681618,5.107607168234953,-0.3839378365533346
I-95 NB,GP,110+04152,2025-10-16,1.05,4.463226385205299,4.775809263723177,4.996899477754025,-0.2210902140308475
I-95 NB,GP,110+04152,2025-10-17,1.05,4.559853139765739,4.83482381041607,5.104533317366037,-0.2697095069499671
I-95 NB,GP,110+04152,2025-10-20,1.05,3.344298172185738,3.770590509651343,3.749586769890156,0.021003739761186857
I-95 NB,GP,110+04152,2025-10-21,1.05,4.011639339593167,4.261526054089775,4.493711777378519,-0.23218572328874387
I-95 NB,GP,110+04152,2025-10-22,1.05,4.282716284453333,4.503701921977165,4.795795434276351,-0.2920935122991857
I-95 NB,GP,110+04152,2025-10-23,1.05,4.305447261699906,4.647329771810772,4.821122027819963,-0.17379225600919135
I-95 NB,GP,110+04152,2025-10-24,1.05,5.130864075885918,5.552225646332013,5.740364880666139,-0.18813923433412594
I-95 NB,GP,110+04152,2025-10-27,1.05,3.814859515814389,3.9698882993492086,4.2743600130253645,-0.3044717136761559
I-95 NB,GP,110+04152,2025-10-28,1.05,3.9935020650384287,4.169962000919653,4.473496330025542,-0.3035343291058892
I-95 NB,GP,110+04152,2025-10-29,1.05,3.068536200475429,3.527926931587198,3.4418864336633557,0.08604049792384227
I-95 NB,GP,110+04152,2025-10-30,1.05,2.3610861828276297,2.587612338436067,2.6518333135783805,-0.06422097514231329
I-95 NB,GP,110+04152,2025-10-31,1.05,2.668396357622366,2.7385478292013414,2.9951531167829653,-0.2566052875816238
I-95 NB,GP,110P04153,2025-10-01,1.05,2.037924476107912,2.496175616995736,2.290562184420135,0.20561343257560072
I-95 NB,GP,110P04153,2025-10-07,1.05,0.9139135255534411,0.9982848312821971,1.0313368151906106,-0.03305198390841346
I-95 NB,GP,110P04153,2025-10-08,1.05,1.332146200763386,1.850105693211256,1.5004760669591228,0.34962962625213323
I-95 NB,GP,110P04153,2025-10-09,1.05,1.2615389401619717,1.6492451116442965,1.421333848875816,0.2279112627684805
I-95 NB,GP,110P04153,2025-10-10,1.05,0.855784651291527,0.8568037738879393,0.9660566896023413,-0.10925291571440199
I-95 NB,GP,110P04153,2025-10-14,1.05,2.2630087537185966,2.724782500696774,2.542217736266297,0.18256476443047687
I-95 NB,GP,110P04153,2025-10-20,1.05,1.1480643101983965,1.4936812179800198,1.294095499351378,0.19958571862864183
I-95 NB,GP,110P04153,2025-10-21,1.05,1.485417976694741,2.234240382651683,1.6722044457900118,0.5620359368616712
I-95 NB,GP,110P04153,2025-10-22,1.05,1.1649445189481955,1.3962209884599814,1.3130270033840814,0.08319398507590003
I-95 NB,GP,110P04153,2025-10-29,1.05,1.8009400263382718,2.5452098553731997,2.0254507888111744,0.5197590665620253
I-95 NB,GP,110+04154,2025-10-01,1.05,2.400284262105461,3.020578410359037,2.6956363608194964,0.32494204953954053
I-95 NB,GP,110+04154,2025-10-02,1.05,0.9415047773613591,1.0119429682400143,1.0623151057111773,-0.05037213747116298
I-95 NB,GP,110+04154,2025-10-06,1.05,1.608050972782068,1.7073247983180608,1.8095402750448162,-0.10221547672675535
I-95 NB,GP,110+04154,2025-10-07,1.05,1.5236928463103332,1.816278666465044,1.7150740782581053,0.10120458820693878
I-95 NB,GP,110+04154,2025-10-08,1.05,2.176176789083871,2.8698795743796257,2.445150777598693,0.4247287967809328
I-95 NB,GP,110+04154,2025-10-09,1.05,2.0627086144862954,2.513294463918648,2.318278644149337,0.19501581976931126
I-95 NB,GP,110+04154,2025-10-10,1.05,1.4843376753043882,2.058467407393047,1.670994378549082,0.3874730288439652
I-95 NB,GP,110+04154,2025-10-14,1.05,2.9678768972107012,3.8241984097184902,3.3295350827535444,0.49466332696494586
I-95 NB,GP,110+04154,2025-10-15,1.05,1.97005146949414,2.328048192126214,2.214650131049578,0.11339806107663586
I-95 NB,GP,110+04154,2025-10-16,1.05,1.997917022285297,2.3878541322956113,2.2458177059715996,0.1420364263240117
I-95 NB,GP,110+04154,2025-10-20,1.05,1.4206706878093402,2.001834855966369,1.599671820500572,0.402163035465797
I-95 NB,GP,110+04154,2025-10-21,1.05,2.282759699710399,3.001285817813625,2.564294125575867,0.43699169223775813
I-95 NB,GP,110+04154,2025-10-22,1.05,1.8940569102375875,2.2418600398281416,2.1296390444855637,0.1122209953425779
I-95 NB,GP,110+04154,2025-10-23,1.05,1.8961998384876708,2.129333320203235,2.1320364552967916,-0.0027031350935566856
I-95 NB,GP,110+04154,2025-10-24,1.05,1.1788855046314566,1.0873471700131365,1.3286610727975177,-0.24131390278438114
I-95 NB,GP,110+04154,2025-10-27,1.05,1.902278766662117,1.8943230972542418,2.138837210412185,-0.24451411315794336
I-95 NB,GP,110+04154,2025-10-28,1.05,1.818397354641061,2.134309775954634,2.044985761788376,0.0893240141662579
I-95 NB,GP,110+04154,2025-10-29,1.05,1.4819189993499915,1.7621186382855456,1.6682851551618876,0.09383348312365802
I-95 NB,GP,110P04154,2025-10-01,1.05,2.50068237543996,3.20356266537886,2.8078130112567043,0.39574965412215546
I-95 NB,GP,110P04154,2025-10-02,1.05,1.6245240428344736,1.5905889496538417,1.8279842695437054,-0.23739531988986373
I-95 NB,GP,110P04154,2025-10-03,1.05,1.3588256981117677,1.3513771629051226,1.530375042323073,-0.17899787941795053
I-95 NB,GP,110P04154,2025-10-06,1.05,1.849774769814104,2.0568469391032664,2.0800951380939687,-0.023248198990702296
I-95 NB,GP,110P04154,2025-10-07,1.05,1.7716702107840552,1.8215071900282425,1.9926953626409678,-0.17118817261272534
I-95 NB,GP,110P04154,2025-10-08,1.05,2.6446404018437253,3.138122645479872,2.9686208733260733,0.16950177215379858
I-95 NB,GP,110P04154,2025-10-09,1.05,2.3167660264096885,2.712202118183157,2.6023020671434653,0.10990005103969169
I-95 NB,GP,110P04154,2025-10-10,1.05,1.7252392383757065,2.6817350602963823,1.9407295654836443,0.741005494812738
I-95 NB,GP,110P04154,2025-10-14,1.05,3.2262315484619117,4.023061340470248,3.6178620050134285,0.4051993354568193
I-95 NB,GP,110P04154,2025-10-15,1.05,1.9479428152815212,2.486896844757434,2.1899200709298046,0.29697677382762944
I-95 NB,GP,110P04154,2025-10-16,1.05,2.2063515312976016,2.4008843576207073,2.478884412051781,-0.07800005443107372
I-95 NB,GP,110P04154,2025-10-20,1.05,1.65032536457934,2.1995699054216478,1.8568707208888844,0.3426991845327634
I-95 NB,GP,110P04154,2025-10-21,1.05,0.9245984706305568,1.0081324637539675,1.0433339667809145,-0.03520150302694702
I-95 NB,GP,110P04154,2025-10-22,1.05,2.3579763452135434,2.761890172983564,2.6483579791239396,0.11353219385962454
I-95 NB,GP,110P04154,2025-10-23,1.05,2.111018642929818,2.377943939212963,2.372299678311421,0.005644260901541909
I-95 NB,GP,110P04154,2025-10-27,1.05,1.7496588292013375,2.0545006225657905,1.9680609645022085,0.086439658063582
I-95 NB,GP,110P04154,2025-10-28,1.05,2.1679251929973162,2.504093017341964,2.4359255596602627,0.0681674576817013
I-95 NB,GP,110P04154,2025-10-29,1.05,1.4830846810703304,1.860410918820791,1.6695908690766583,0.19082004974413258
I-95 NB,GP,110+04155,2025-10-01,1.05,4.014431527036504,4.8942155670390735,4.496823853613498,0.39739171342557533
I-95 NB,GP,110+04155,2025-10-02,1.05,2.3357735672040665,2.4086635204393447,2.6235450578580783,-0.21488153741873361
I-95 NB,GP,110+04155,2025-10-03,1.05,1.794763573441617,2.1722511781919756,2.018539032978204,0.15371214521377174
I-95 NB,GP,110+04155,2025-10-06,1.05,2.290237476965089,2.538848680203252,2.5726520741195813,-0.03380339391632914
I-95 NB,GP,110+04155,2025-10-07,1.05,2.0315794429436886,2.2992704114024662,2.2834661720766602,0.01580423932580599
I-95 NB,GP,110+04155,2025-10-08,1.05,2.988850778550695,3.439782252159292,3.352946728543599,0.0868355236156928
I-95 NB,GP,110+04155,2025-10-09,1.05,2.6067125776531532,3.1970524331635963,2.926258062882396,0.27079437028120035
I-95 NB,GP,110+04155,2025-10-10,1.05,2.0886749984069652,3.0390023029217605,2.347315440336107,0.6916868625856534
I-95 NB,GP,110+04155,2025-10-14,1.05,3.725625849491462,4.47091030276128,4.17487218173811,0.2960381210231704
I-95 NB,GP,110+04155,2025-10-15,1.05,2.6789038394140614,3.048667902562704,3.0068881992798753,0.04177970328282887
I-95 NB,GP,110+04155,2025-10-16,1.05,2.4589826278847986,2.884684654777708,2.761223906831543,0.12346074794616513
I-95 NB,GP,110+04155,2025-10-17,1.05,2.120496616437874,2.2576534302149676,2.382897367665845,-0.12524393745087758
I-95 NB,GP,110+04155,2025-10-20,1.05,1.823947302297849,2.3944921196204736,2.051196027112942,0.34329609250753146
I-95 NB,GP,110+04155,2025-10-21,1.05,1.4031475778845008,1.4534362007742279,1.5800388873428564,-0.1266026865686285
I-95 NB,GP,110+04155,2025-10-22,1.05,2.602729787975431,3.1466718678121994,2.921809378561565,0.22486248925063457
I-95 NB,GP,110+04155,2025-10-23,1.05,2.3617400337132635,2.837452247878607,2.652564008146447,0.18488823973215984
I-95 NB,GP,110+04155,2025-10-24,1.05,1.8531830497973194,2.1227074892733215,2.08390861124258,0.038798878030741335
I-95 NB,GP,110+04155,2025-10-27,1.05,2.284328967230018,2.373329334705547,2.566048114962262,-0.19271878025671496
I-95 NB,GP,110+04155,2025-10-28,1.05,2.451994962348179,2.7279553257826925,2.7534165425637096,-0.025461216781017093
I-95 NB,GP,110+04155,2025-10-29,1.05,1.9984846198814255,2.168816947483728,2.246452540257862,-0.07763559277413412
I-95 NB,GP,110+04155,2025-10-30,1.05,4.346470322137656,4.55898882113491,4.866827760527798,-0.3078389393928882
I-95 NB,GP,110P04155,2025-10-01,1.05,4.259113369344684,5.338242336854072,4.769496626243508,0.568745710610564
I-95 NB,GP,110P04155,2025-10-02,1.05,2.8345648332538693,2.82555482288363,3.180708756057687,-0.3551539331740572
I-95 NB,GP,110P04155,2025-10-06,1.05,2.8101580302290663,2.870691500507282,3.153457855294651,-0.2827663547873689
I-95 NB,GP,110P04155,2025-10-07,1.05,2.253862389510698,2.508685196942122,2.531994168587617,-0.023308971645494836
I-95 NB,GP,110P04155,2025-10-08,1.05,4.2155444973189855,4.658504299348595,4.720949459684173,-0.06244516033557801
I-95 NB,GP,110P04155,2025-10-09,1.05,3.065143906314992,3.654737983626293,3.438100412200806,0.21663757142548734
I-95 NB,GP,110P04155,2025-10-10,1.05,11.456256555592278,14.250387633625037,12.76578302972838,1.4846046038966563
I-95 NB,GP,110P04155,2025-10-14,1.05,3.707972607815703,4.6624221541549735,4.155188939118311,0.5072332150366625
I-95 NB,GP,110P04155,2025-10-15,1.05,5.1261083447997065,5.374477217238967,5.735070802298181,-0.36059358505921413
I-95 NB,GP,110P04155,2025-10-16,1.05,4.020226331100665,4.618452564042413,4.503282508688488,0.115170055353925
I-95 NB,GP,110P04155,2025-10-17,1.05,3.716290630823283,4.193504331751852,4.164463535596152,0.029040796155699766
I-95 NB,GP,110P04155,2025-10-20,1.05,1.6334261457621684,1.5895048607143971,1.837951076903499,-0.2484462161891019
I-95 NB,GP,110P04155,2025-10-21,1.05,1.5660971154365708,1.8248268645737569,1.762562548332267,0.06226431624148976
I-95 NB,GP,110P04155,2025-10-22,1.05,4.511850855564678,4.977973798094324,5.051064369046055,-0.07309057095173088
I-95 NB,GP,110P04155,2025-10-24,1.05,2.24088082205891,2.514545838608693,2.517483354257911,-0.0029375156492177368
I-95 NB,GP,110P04155,2025-10-27,1.05,2.7210601842293607,2.8952886872385344,3.0539674116263287,-0.1586787243877943
I-95 NB,GP,110P04155,2025-10-28,1.05,4.142255743128106,4.466846872750096,4.639280865525859,-0.17243399277576366
I-95 NB,GP,110P04155,2025-10-29,1.05,3.8809056819365733,4.3179060702896335,4.347988275635506,-0.030082205345872914
I-95 NB,GP,110P04155,2025-10-30,1.05,5.218029292291141,5.718710753601173,5.8373928497837735,-0.11868209618260028
I-95 NB,GP,110P04155,2025-10-31,1.05,2.1790172163647137,2.423339927822773,2.448326311913897,-0.02498638409112397
I-95 NB,GP,110+04156,2025-10-01,1.05,4.568260975023583,5.5115373451828775,5.11389837514018,0.39763897004269744
I-95 NB,GP,110+04156,2025-10-06,1.05,4.045653624470232,4.37052766392662,4.531622195794784,-0.16109453186816403
I-95 NB,GP,110+04156,2025-10-07,1.05,2.54448397451728,2.755975716297009,2.856746230469063,-0.10077051417205407
I-95 NB,GP,110+04156,2025-10-08,1.05,4.497857002294433,5.100098574289338,5.03547631382705,0.06462226046228814
I-95 NB,GP,110+04156,2025-10-09,1.05,3.410208548971244,3.766922188575897,3.8231116005851318,-0.056189412009234996
I-95 NB,GP,110+04156,2025-10-10,1.05,12.235509247057156,14.241593349500215,13.629624182667243,0.6119691668329725
I-95 NB,GP,110+04156,2025-10-14,1.05,4.038557250347657,4.701597838686425,4.523713106332919,0.17788473235350555
I-95 NB,GP,110+04156,2025-10-15,1.05,5.359815865884809,5.627118231384694,5.995205335020199,-0.3680871036355047
I-95 NB,GP,110+04156,2025-10-16,1.05,4.263552279725571,4.813088437501547,4.774442598456697,0.03864583904484942
I-95 NB,GP,110+04156,2025-10-20,1.05,2.889921139245575,3.149489783459067,3.242511338864944,-0.09302155540587709
I-95 NB,GP,110+04156,2025-10-21,1.05,1.8522098630376855,1.9266606337563559,2.08281973081207,-0.1561590970557143
I-95 NB,GP,110+04156,2025-10-22,1.05,4.820016618834782,5.180526587135285,5.394276882646176,-0.21375029551089142
I-95 NB,GP,110+04156,2025-10-24,1.05,2.285609875711944,2.6405195344559815,2.567479797480254,0.07303973697572763
I-95 NB,GP,110+04156,2025-10-27,1.05,2.7713153941230253,3.0018141707068366,3.110086485181246,-0.10827231447440955
I-95 NB,GP,110+04156,2025-10-28,1.05,4.429815546646877,4.643139017059494,4.959679997718682,-0.31654098065918834
I-95 NB,GP,110+04156,2025-10-29,1.05,4.1987926719174755,4.48992973989301,4.702282860077251,-0.21235312018424057
I-95 NB,GP,110+04156,2025-10-30,1.05,5.606333734072028,5.9250315136642,6.2695373470654285,-0.34450583340122876
I-95 NB,GP,110+04156,2025-10-31,1.05,2.5993721905501515,2.683931646024857,2.9180589931440304,-0.23412734711917338
I-95 NB,GP,110P04156,2025-10-01,1.05,4.4949582634185665,5.257275648652044,5.032247315730331,0.22502833292171331
I-95 NB,GP,110P04156,2025-10-02,1.05,2.2144000913784216,2.3775905992193507,2.48788185047885,-0.11029125125949912
I-95 NB,GP,110P04156,2025-10-03,1.05,2.186196883100842,2.1242935404977885,2.456352926894773,-0.3320593863969843
I-95 NB,GP,110P04156,2025-10-06,1.05,2.6632162486459086,2.72473338572249,2.9893677249782247,-0.26463433925573465
I-95 NB,GP,110P04156,2025-10-07,1.05,3.91536667694421,4.003668226999706,4.386402897035727,-0.3827346700360206
I-95 NB,GP,110P04156,2025-10-08,1.05,3.6772571036554913,4.091502573425075,4.12094024578897,-0.02943767236389494
I-95 NB,GP,110P04156,2025-10-09,1.05,3.344081792638027,3.4259413129319634,3.7493453807229993,-0.3234040677910359
I-95 NB,GP,110P04156,2025-10-10,1.05,2.335858420007426,3.3486767791842076,2.623639888136205,0.7250368910480027
I-95 NB,GP,110P04156,2025-10-14,1.05,3.731414680138127,4.15551663226088,4.1813265863139915,-0.025809954053111817
I-95 NB,GP,110P04156,2025-10-15,1.05,2.986146494955856,3.2899145124563574,3.349928176156625,-0.06001366370026773
I-95 NB,GP,110P04156,2025-10-16,1.05,4.246326959745946,4.466426886156281,4.755249466242359,-0.28882258008607753
I-95 NB,GP,110P04156,2025-10-17,1.05,2.187725534688704,2.3200964406077844,2.458061888590957,-0.13796544798317267
I-95 NB,GP,110P04156,2025-10-21,1.05,1.6901071910170715,1.694825381827053,1.9014049489357416,-0.20657956710868874
I-95 NB,GP,110P04156,2025-10-22,1.05,4.795850981163557,4.83087876175684,5.367367019330312,-0.5364882575734722
I-95 NB,GP,110P04156,2025-10-23,1.05,4.021893715796465,4.23897330825506,4.50514089984692,-0.2661675915918593
I-95 NB,GP,110P04156,2025-10-24,1.05,2.65327953511105,2.6731580013684444,2.978269773645737,-0.30511177227729247
I-95 NB,GP,110P04156,2025-10-27,1.05,2.637844029627102,2.8478135276813155,2.9610300106003846,-0.11321648291906916
I-95 NB,GP,110P04156,2025-10-28,1.05,2.858825073452494,2.9747933171019554,3.2077948525188,-0.23300153541684443
I-95 NB,GP,110P04156,2025-10-29,1.05,3.8474892123399496,3.9054527983118694,4.3107363868259085,-0.4052835885140391
I-95 NB,GP,110P04156,2025-10-30,1.05,4.604299795346859,4.72363784158397,5.154039199898584,-0.43040135831461424
I-95 NB,GP,110P04156,2025-10-31,1.05,2.1406753107416603,2.3531182386453975,2.405459159934838,-0.052340921289440345
I-95 NB,GP,110+04157,2025-10-01,1.05,4.360041217200429,5.169678020167513,4.881947261060606,0.28773075910690693
I-95 NB,GP,110+04157,2025-10-02,1.05,2.2119495987950852,2.1989425224429198,2.4851424764359487,-0.2861999539930289
I-95 NB,GP,110+04157,2025-10-03,1.05,1.9716707767166397,1.864207002570354,2.2164613835384483,-0.35225438096809425
I-95 NB,GP,110+04157,2025-10-06,1.05,2.70012251857335,2.729710179959267,3.0305851794795813,-0.3008749995203144
I-95 NB,GP,110+04157,2025-10-07,1.05,2.9470136313341992,2.954915403118924,3.3062460883806093,-0.3513306852616851
I-95 NB,GP,110+04157,2025-10-08,1.05,4.268389142914529,4.5097925018071985,4.779831952772562,-0.2700394509653634
I-95 NB,GP,110+04157,2025-10-09,1.05,3.40144597886209,3.478836395796993,3.813337126136906,-0.3345007303399128
I-95 NB,GP,110+04157,2025-10-10,1.05,1.916180634949999,2.919674178947699,2.1543894130324546,0.7652847659152444
I-95 NB,GP,110+04157,2025-10-14,1.05,3.9328927602754042,4.164511445687606,4.405939055966856,-0.24142761027925008
I-95 NB,GP,110+04157,2025-10-15,1.05,3.0841715941768393,3.296704423170516,3.459336282315876,-0.16263185914535994
I-95 NB,GP,110+04157,2025-10-16,1.05,4.0535706581546975,4.382398660601935,4.540445849356285,-0.15804718875434975
I-95 NB,GP,110+04157,2025-10-17,1.05,2.208788431508294,2.2094132026469064,2.481608625895549,-0.27219542324864276
I-95 NB,GP,110+04157,2025-10-21,1.05,1.4682425437739817,1.5137625135241004,1.6529653758088445,-0.1392028622847441
I-95 NB,GP,110+04157,2025-10-22,1.05,3.115580085904197,3.2525748520508415,3.494388329833919,-0.2418134777830776
I-95 NB,GP,110+04157,2025-10-23,1.05,3.086387372427729,3.257025736629914,3.461809161193847,-0.20478342456393284
I-95 NB,GP,110+04157,2025-10-24,1.05,2.669266419552016,2.6846651319426797,2.99612483777039,-0.3114597058277102
I-95 NB,GP,110+04157,2025-10-27,1.05,2.419547666605264,2.380482839330127,2.717161504689649,-0.3366786653595222
I-95 NB,GP,110+04157,2025-10-28,1.05,2.667710256272388,2.8583353179787023,2.9943868494282504,-0.13605153144954807
I-95 NB,GP,110+04157,2025-10-29,1.05,3.4146630474217647,3.5185786495588625,3.8280804577455485,-0.30950180818668604
I-95 NB,GP,110+04157,2025-10-30,1.05,4.354652541813028,4.435379732868037,4.875943699967853,-0.44056396709981627
I-95 NB,GP,110+04157,2025-10-31,1.05,2.1222959857889134,2.2058654638952553,2.384909285462187,-0.17904382156693188
I-95 NB,GP,110P04157,2025-10-01,1.05,4.568131573250845,5.160838277015804,5.113754241775647,0.04708403524015736
I-95 NB,GP,110P04157,2025-10-02,1.05,2.4673423005129673,2.398919713934721,2.7705640778569554,-0.37164436392223443
I-95 NB,GP,110P04157,2025-10-07,1.05,2.9345259787170344,3.0096898484940633,3.292306128372765,-0.2826162798787015
I-95 NB,GP,110P04157,2025-10-08,1.05,4.580817121607477,4.63054842736965,5.1278838643811975,-0.4973354370115475
I-95 NB,GP,110P04157,2025-10-09,1.05,3.4422852242676196,3.5234156825934244,3.8588914315899006,-0.33547574899647614
I-95 NB,GP,110P04157,2025-10-10,1.05,2.2670516579491844,3.1030457906944195,2.5467367234167195,0.5563090672777
I-95 NB,GP,110P04157,2025-10-14,1.05,3.989180668401444,4.361326878889441,4.468679719196792,-0.10735284030735048
I-95 NB,GP,110P04157,2025-10-15,1.05,3.363418724481383,3.390869847284006,3.7709170095148132,-0.38004716223080726
I-95 NB,GP,110P04157,2025-10-16,1.05,4.0536039017246415,4.356354626964985,4.540482899635067,-0.18412827267008147
I-95 NB,GP,110P04157,2025-10-22,1.05,3.4094972085519686,3.433970942914473,3.822318119039302,-0.38834717612482894
I-95 NB,GP,110P04157,2025-10-23,1.05,3.171347156899429,3.3898707817111737,3.5566203420614024,-0.1667495603502287
I-95 NB,GP,110P04157,2025-10-24,1.05,2.481040219016126,2.6174500378339074,2.7858682709595763,-0.16841823312566895
I-95 NB,GP,110P04157,2025-10-27,1.05,2.4610894761750908,2.3715356258395257,2.7635778803843096,-0.3920422545447839
I-95 NB,GP,110P04157,2025-10-28,1.05,2.948127682996655,2.9181745817386275,3.3074896892938765,-0.389315107555249
I-95 NB,GP,110P04157,2025-10-29,1.05,3.436847610627399,3.530571421750577,3.8528261795798358,-0.32225475782925894
I-95 NB,GP,110P04157,2025-10-30,1.05,4.904369747522645,4.916549492841773,5.488203803212695,-0.5716543103709224
I-95 NB,GP,110P04157,2025-10-31,1.05,2.3579496360828522,2.5186970452844273,2.6483281307902953,-0.129631085505868
I-95 NB,GP,110+04158,2025-10-01,1.05,4.427427434517099,4.960074820111785,4.957019601057779,0.0030552190540058533
I-95 NB,GP,110+04158,2025-10-07,1.05,2.91045172788058,2.9870358752345982,3.2654312167063817,-0.27839534147178346
I-95 NB,GP,110+04158,2025-10-08,1.05,4.8433648468021016,4.917822948491387,5.420275871262913,-0.5024529227715258
I-95 NB,GP,110+04158,2025-10-09,1.05,3.4549827466748715,3.4307366161590314,3.87305438335182,-0.4423177671927885
I-95 NB,GP,110+04158,2025-10-10,1.05,2.7588455168136945,3.0937994120516463,3.096162079561812,-0.0023626675101655614
I-95 NB,GP,110+04158,2025-10-14,1.05,4.275880097172449,4.481739104183777,4.7881785016919345,-0.3064393975081572
I-95 NB,GP,110+04158,2025-10-15,1.05,3.120191182929779,3.3721914650654696,3.4995341900213397,-0.12734272495587007
I-95 NB,GP,110+04158,2025-10-16,1.05,4.050536031898682,4.321337545071819,4.537063722774856,-0.21572617770303637
I-95 NB,GP,110+04158,2025-10-22,1.05,3.4592385521158486,3.4458116931855813,3.877801295798748,-0.43198960261316666
I-95 NB,GP,110+04158,2025-10-23,1.05,3.186987682235865,3.3194697249315133,3.574073048899684,-0.25460332396817087
I-95 NB,GP,110+04158,2025-10-28,1.05,2.7174212769000574,2.8575549375930924,3.049903710306986,-0.19234877271389372
I-95 NB,GP,110+04158,2025-10-29,1.05,3.441133218764618,3.496257634432347,3.8576064594691073,-0.36134882503676025
I-95 NB,GP,110+04158,2025-10-30,1.05,4.934604502885144,5.070462919581934,5.5218681262533265,-0.4514052066713923
I-95 NB,GP,110+04158,2025-10-31,1.05,2.4036071828806755,2.381929293679899,2.6993494911533755,-0.3174201974734765
I-95 NB,GP,110P04159,2025-10-01,1.05,2.095804679267661,2.675585440569798,2.355287858252181,0.32029758231761685
I-95 NB,GP,110P04159,2025-10-02,1.05,1.3975816344084557,1.8402519849467998,1.5738025354923622,0.2664494494544376
I-95 NB,GP,110P04159,2025-10-08,1.05,1.0367078629493747,1.3284029888251656,1.1691710471196626,0.15923194170550303
I-95 NB,GP,110P04159,2025-10-09,1.05,1.5193198418222655,1.8726929308170497,1.7101763850506393,0.1625165457664104
I-95 NB,GP,110P04159,2025-10-14,1.05,0.877131973253398,1.1373000545645917,0.9900327453313557,0.14726730923323605
I-95 NB,GP,110P04159,2025-10-15,1.05,1.2156306651615798,1.4951792395997776,1.369864402948982,0.12531483665079568
I-95 NB,GP,110P04159,2025-10-16,1.05,1.2400531077109989,1.8431435926915876,1.3972464834410003,0.44589710925058723
I-95 NB,GP,110P04159,2025-10-28,1.05,1.5952638571368183,1.8446019565084186,1.795222591048885,0.049379365459533586
I-95 NB,GP,110P04146,2025-10-30,1.1,1.6033319897859282,2.4678296721608035,1.8293014676128505,0.638528204547953
I-95 NB,GP,110+04147,2025-10-30,1.1,1.9951502398645022,2.671625781147616,2.2629435572373313,0.40868222391028475
I-95 NB,GP,110P04147,2025-10-30,1.1,1.8803398719388595,2.806650461274065,2.1361386209605375,0.6705118403135275
I-95 NB,GP,110+04148,2025-10-07,1.1,0.9396345044654056,1.0474467947609905,1.0876433849516844,-0.04019659019069399
I-95 NB,GP,110+04148,2025-10-30,1.1,2.185157527482039,2.8010039057190244,2.4723740397108127,0.32862986600821165
I-95 NB,GP,110+04150,2025-10-01,1.1,1.7723695403006088,1.912916571974598,2.016697549750542,-0.1037809777759442
I-95 NB,GP,110+04150,2025-10-03,1.1,0.6207140260627874,0.8308914313629373,0.7265758279093588,0.10431560345357849
I-95 NB,GP,110+04150,2025-10-07,1.1,1.517718261862337,2.29192213106077,1.7341891187897962,0.5577330122709736
I-95 NB,GP,110+04150,2025-10-21,1.1,1.2740003738890135,1.7809702301406343,1.4626062869626446,0.31836394317798966
I-95 NB,GP,110+04150,2025-10-24,1.1,1.0581647691088112,1.5499799135598076,1.2209217128341672,0.3290582007256404
I-95 NB,GP,110+04150,2025-10-28,1.1,1.581490242684247,1.7797545680057387,1.805049762605163,-0.025295194599424198
I-95 NB,GP,110+04150,2025-10-29,1.1,0.6448200646353267,0.9211612563225657,0.754017039980903,0.16714421634166277
I-95 NB,GP,110+04150,2025-10-30,1.1,1.6105255897807464,1.9736787233228776,1.8372868310072872,0.13639189231559046
I-95 NB,GP,110P04150,2025-10-01,1.1,1.8576504398157814,2.500588606498523,2.111054402276509,0.3895342042220138
I-95 NB,GP,110P04150,2025-10-03,1.1,2.0489475423320207,2.5162319000629725,2.3222927448893342,0.19393915517363824
I-95 NB,GP,110P04150,2025-10-06,1.1,1.267334355607694,1.3445880281132048,1.4551595167612974,-0.11057148864809263
I-95 NB,GP,110P04150,2025-10-08,1.1,2.1610456809722987,2.3703029671678157,2.4458255591713196,-0.07552259200350386
I-95 NB,GP,110P04150,2025-10-09,1.1,1.906244629541721,2.1889249688344656,2.1647675464826577,0.024157422351807956
I-95 NB,GP,110P04150,2025-10-14,1.1,2.1569287063048015,2.429636581755911,2.4412917447093445,-0.011655162953433607
I-95 NB,GP,110P04150,2025-10-15,1.1,1.1502158968109513,1.2413387599685894,1.3241457200670002,-0.08280696009841071
I-95 NB,GP,110P04150,2025-10-16,1.1,1.0833715929946823,1.122393130646961,1.2492113206324063,-0.12681818998544525
I-95 NB,GP,110P04150,2025-10-21,1.1,1.3720382632822836,2.057582946235492,1.5720081508287833,0.4855747954067089
I-95 NB,GP,110P04150,2025-10-22,1.1,2.3188678816588393,2.503522255750633,2.6194554192505,-0.11593316349986704
I-95 NB,GP,110P04150,2025-10-24,1.1,1.1898331680341598,1.932897236473184,1.3685019032747432,0.5643953331984408
I-95 NB,GP,110P04150,2025-10-28,1.1,2.302396777078,2.7549883814832365,2.6013498444886545,0.15363853699458208
I-95 NB,GP,110P04150,2025-10-29,1.1,1.9043192785712388,2.3485726977401393,2.1626400869517854,0.18593261078835388
I-95 NB,GP,110P04150,2025-10-30,1.1,1.7086612290134886,2.2882371123294916,1.9461293948998348,0.34210771742965673
I-95 NB,GP,110+04151,2025-10-01,1.1,3.0615152585745005,3.778311533640014,3.4325241635192,0.34578737012081406
I-95 NB,GP,110+04151,2025-10-02,1.1,3.6930738010529516,4.135870804082899,4.119703584018865,0.016167220064033927
I-95 NB,GP,110+04151,2025-10-03,1.1,3.609822334581136,4.498948131952885,4.0293145191417645,0.46963361281112004
I-95 NB,GP,110+04151,2025-10-06,1.1,2.1132847055172777,2.741366736217278,2.3932143711329954,0.3481523650842826
I-95 NB,GP,110+04151,2025-10-07,1.1,1.747363451139868,1.9627658034621835,1.9890072139265893,-0.026241410464405757
I-95 NB,GP,110+04151,2025-10-08,1.1,1.9904636242537737,2.6680872468954466,2.2577712528472555,0.4103159940481911
I-95 NB,GP,110+04151,2025-10-09,1.1,2.04529408655458,2.620486551826167,2.3182635963229514,0.30222295550321565
I-95 NB,GP,110+04151,2025-10-14,1.1,2.1267848488631147,2.8706088478547485,2.4080887020197173,0.4625201458350312
I-95 NB,GP,110+04151,2025-10-15,1.1,2.1411968357384565,2.3387752859350077,2.4239648807939824,-0.0851895948589747
I-95 NB,GP,110+04151,2025-10-16,1.1,3.474644232369358,4.187452204996765,3.8824263251225997,0.3050258798741652
I-95 NB,GP,110+04151,2025-10-17,1.1,1.203981762722957,1.4052715791734556,1.3843331835954493,0.020938395578006253
I-95 NB,GP,110+04151,2025-10-20,1.1,0.8861041020967811,0.9523064421635913,1.0273066923829197,-0.07500025021932843
I-95 NB,GP,110+04151,2025-10-21,1.1,1.5879066909371322,2.283997949878375,1.8121751165743654,0.47182283330400954
I-95 NB,GP,110+04151,2025-10-22,1.1,2.3764623037012256,3.014961762870217,2.6827379515358203,0.33222381133439693
I-95 NB,GP,110+04151,2025-10-23,1.1,2.1472029285461454,2.7086968871792987,2.4305803123289023,0.2781165748503964
I-95 NB,GP,110+04151,2025-10-24,1.1,1.5855288549423512,2.263350456210199,1.8095346619705552,0.4538157942396437
I-95 NB,GP,110+04151,2025-10-27,1.1,2.5967929484936207,2.6675551438098486,2.92445520759289,-0.2569000637830414
I-95 NB,GP,110+04151,2025-10-28,1.1,3.5187661298872834,4.150879190054827,3.93038705312454,0.2204921369302868
I-95 NB,GP,110+04151,2025-10-29,1.1,2.6047374651960338,3.313018609569643,2.9331602332373374,0.37985837633230535
I-95 NB,GP,110+04151,2025-10-30,1.1,1.965949608231313,2.5094261934808526,2.230711395247782,0.27871479823307066
I-95 NB,GP,110P04151,2025-10-01,1.1,4.442885378544343,5.164855918120551,4.93146107573069,0.23339484238986152
I-95 NB,GP,110P04151,2025-10-02,1.1,4.191504455710487,5.114666747054957,4.659758427215416,0.45490831983954116
I-95 NB,GP,110P04151,2025-10-03,1.1,3.981864679091737,4.875136062380163,4.432835546857112,0.4423005155230504
I-95 NB,GP,110P04151,2025-10-06,1.1,4.003131930241051,4.864745001406558,4.4558705388022295,0.40887446260432814
I-95 NB,GP,110P04151,2025-10-07,1.1,1.654800426955498,2.074013131809056,1.8864137392988316,0.1875993925102244
I-95 NB,GP,110P04151,2025-10-08,1.1,2.6485575545081708,3.162809403095012,2.98116229023342,0.18164711286159196
I-95 NB,GP,110P04151,2025-10-09,1.1,4.2273337251840895,5.11154589373071,4.698510442249487,0.4130354514812229
I-95 NB,GP,110P04151,2025-10-14,1.1,3.3212932776873396,4.07631171731123,3.7156037266625312,0.3607079906486992
I-95 NB,GP,110P04151,2025-10-15,1.1,2.021369250920436,2.6565464281439706,2.291873698487343,0.36467272965662767
I-95 NB,GP,110P04151,2025-10-16,1.1,4.102240862733038,4.8913821889336475,4.563174149561637,0.3282080393720106
I-95 NB,GP,110P04151,2025-10-17,1.1,4.32925819769544,4.877472741993357,4.808701091957991,0.0687716500353659
I-95 NB,GP,110P04151,2025-10-20,1.1,3.5324935685063417,3.9878762557669614,3.945305527940816,0.04257072782614557
I-95 NB,GP,110P04151,2025-10-21,1.1,1.8638951663717087,2.522104281125554,2.1179590577022362,0.4041452234233178
I-95 NB,GP,110P04151,2025-10-22,1.1,3.8928452768138815,4.839810617205769,4.336380555674934,0.5034300615308354
I-95 NB,GP,110P04151,2025-10-23,1.1,4.277444228944399,4.960337262535302,4.752693816433757,0.20764344610154506
I-95 NB,GP,110P04151,2025-10-24,1.1,4.559290598494656,5.714928442678923,5.057134519939664,0.6577939227392591
I-95 NB,GP,110P04151,2025-10-27,1.1,3.4520296200084903,4.149951158823666,3.857837764310075,0.29211339451359075
I-95 NB,GP,110P04151,2025-10-28,1.1,3.399998436198902,4.365556802611336,3.801248400075727,0.5643084025356093
I-95 NB,GP,110P04151,2025-10-29,1.1,2.9284894999846185,3.6448234264044856,3.287318248024139,0.3575051783803467
I-95 NB,GP,110P04151,2025-10-30,1.1,2.184385264955335,2.7080383190969814,2.4715238589000883,0.23651446019689315
I-95 NB,GP,110P04151,2025-10-31,1.1,2.3160623370000666,2.7153582310488624,2.6163717191911817,0.0989865118576807
I-95 NB,GP,110+04152,2025-10-01,1.1,4.975217789391349,5.0627203588238485,5.505485567679475,-0.44276520885562665
I-95 NB,GP,110+04152,2025-10-02,1.1,4.776156792984472,5.034979269218194,5.291038386973165,-0.2560591177549707
I-95 NB,GP,110+04152,2025-10-03,1.1,2.4347184859407283,2.5113485743325215,2.746705488353923,-0.23535691402140158
I-95 NB,GP,110+04152,2025-10-06,1.1,4.52513810830162,4.770473810776128,5.020271876415205,-0.24979806563907658
I-95 NB,GP,110+04152,2025-10-07,1.1,1.9170675697131738,2.0387711688586023,2.1767255178386664,-0.1379543489800641
I-95 NB,GP,110+04152,2025-10-08,1.1,3.083150388967602,3.393216302213499,3.456123956729431,-0.06290765451593217
I-95 NB,GP,110+04152,2025-10-09,1.1,4.777597292738413,4.997725243866919,5.292591083556988,-0.2948658396900692
I-95 NB,GP,110+04152,2025-10-10,1.1,5.07074901727405,5.2802301394164655,5.608317944262126,-0.32808780484566036
I-95 NB,GP,110+04152,2025-10-14,1.1,3.8985286004171638,4.07867031856726,4.3425403599875265,-0.26387004142026615
I-95 NB,GP,110+04152,2025-10-15,1.1,4.808694750507682,4.878301146444519,5.326107567204504,-0.447806420759985
I-95 NB,GP,110+04152,2025-10-16,1.1,4.711643513911775,4.934466399578071,5.221487311701302,-0.2870209121232312
I-95 NB,GP,110+04152,2025-10-17,1.1,4.80830226668673,5.00776360203651,5.3256845891829805,-0.3179209871464703
I-95 NB,GP,110+04152,2025-10-20,1.1,3.5941773941879567,3.916380490304176,4.012322008862326,-0.09594151855815003
I-95 NB,GP,110+04152,2025-10-21,1.1,4.011639339593167,4.389787442314028,4.465084160584782,-0.07529671827075379
I-95 NB,GP,110+04152,2025-10-22,1.1,4.532651137221932,4.67376970636008,5.028381740407214,-0.3546120340471344
I-95 NB,GP,110+04152,2025-10-23,1.1,4.55544572600842,4.813322829241383,5.052984913020472,-0.2396620837790886
I-95 NB,GP,110+04152,2025-10-24,1.1,5.3797411775912325,5.721337545781966,5.940572262862969,-0.21923471708100273
I-95 NB,GP,110+04152,2025-10-27,1.1,3.814859515814389,4.113148983807132,4.251831910739288,-0.13868292693215611
I-95 NB,GP,110+04152,2025-10-28,1.1,3.9935020650384287,4.339304706355341,4.445440646485888,-0.10613594013054772
I-95 NB,GP,110+04152,2025-10-29,1.1,3.068536200475429,3.7124059754917123,3.440183161573355,0.27222281391835734
I-95 NB,GP,110+04152,2025-10-30,1.1,4.530303298082649,4.851702392566068,5.025847427926266,-0.17414503536019765
I-95 NB,GP,110+04152,2025-10-31,1.1,2.668396357622366,2.899025061305421,3.0028873362855983,-0.1038622749801772
I-95 NB,GP,110P04153,2025-10-01,1.1,2.037924476107912,2.5853547562147545,2.3101355611160885,0.275219195098666
I-95 NB,GP,110P04153,2025-10-07,1.1,1.1623247979072722,1.1289411232819229,1.3377073685157708,-0.2087662452338479
I-95 NB,GP,110P04153,2025-10-08,1.1,1.332146200763386,1.9332471184714517,1.5275183915477464,0.4057287269237053
I-95 NB,GP,110P04153,2025-10-09,1.1,1.5063909698298374,1.79524910018615,1.7215944108139345,0.07365468937221542
I-95 NB,GP,110P04153,2025-10-10,1.1,0.855784651291527,0.9502196963133049,0.9930888598939351,-0.0428691635806302
I-95 NB,GP,110P04153,2025-10-14,1.1,2.2630087537185966,2.8750465008556403,2.5580390149357863,0.31700748591985395
I-95 NB,GP,110P04153,2025-10-20,1.1,1.1480643101983965,1.5679125608822082,1.3217355978655445,0.2461769630166637
I-95 NB,GP,110P04153,2025-10-21,1.1,1.485417976694741,2.309859827584883,1.6982679737976714,0.6115918537872118
I-95 NB,GP,110P04153,2025-10-22,1.1,1.3973582972666647,1.5052122858151666,1.6002282256969718,-0.09501593988180512
I-95 NB,GP,110P04153,2025-10-29,1.1,1.8009400263382718,2.62690311432283,2.048321998075942,0.5785811162468879
I-95 NB,GP,110+04154,2025-10-01,1.1,2.400284262105461,3.1155603379388235,2.708900440074251,0.40665989786457235
I-95 NB,GP,110+04154,2025-10-02,1.1,1.1768467784089505,1.1651216721883904,1.3539665754758416,-0.1888449032874513
I-95 NB,GP,110+04154,2025-10-06,1.1,1.8490378002480825,1.8747708306668216,2.1015305693413984,-0.22675973867457677
I-95 NB,GP,110+04154,2025-10-07,1.1,1.5236928463103332,1.9227156151981348,1.7408311787520354,0.18188443644609942
I-95 NB,GP,110+04154,2025-10-08,1.1,2.4005240892835675,2.982772742314117,2.7091637947406393,0.27360894757347776
I-95 NB,GP,110+04154,2025-10-09,1.1,2.0627086144862954,2.6131077238178944,2.33746715962801,0.27564056418988425
I-95 NB,GP,110+04154,2025-10-10,1.1,1.7299919867736422,2.1835118237670383,1.969764741929987,0.21374708183705127
I-95 NB,GP,110+04154,2025-10-14,1.1,2.9678768972107012,3.9494514639018994,3.330330254313322,0.6191212095885774
I-95 NB,GP,110+04154,2025-10-15,1.1,2.2113438215446894,2.4702956242722913,2.501197646574167,-0.030902022301875665
I-95 NB,GP,110+04154,2025-10-16,1.1,2.47475271832258,2.538122971819257,2.790640607696799,-0.25251763587754184
I-95 NB,GP,110+04154,2025-10-20,1.1,1.6454850169641613,2.0837666667668873,1.876080435261093,0.20768623150579435
I-95 NB,GP,110+04154,2025-10-21,1.1,2.5316123883757418,3.1527795297291257,2.853007714072348,0.29977181565677746
I-95 NB,GP,110+04154,2025-10-22,1.1,1.8940569102375875,2.3698589396215985,2.151299472757358,0.21855946686424055
I-95 NB,GP,110+04154,2025-10-23,1.1,1.8961998384876708,2.239110170754254,2.15366769080464,0.08544247994961385
I-95 NB,GP,110+04154,2025-10-24,1.1,1.1788855046314566,1.2289280832754486,1.3562487540240795,-0.12732067074863096
I-95 NB,GP,110+04154,2025-10-27,1.1,1.902278766662117,2.0378581840041052,2.1603853143788334,-0.12252713037472818
I-95 NB,GP,110+04154,2025-10-28,1.1,2.065951283458219,2.3126673305820855,2.3410424710788247,-0.02837514049673917
I-95 NB,GP,110+04154,2025-10-29,1.1,1.716217245222952,1.8766586537393835,1.9545026742377907,-0.07784402049840722
I-95 NB,GP,110P04154,2025-10-01,1.1,2.968890766419103,3.3761211351202842,3.3314372200810336,0.04468391503925062
I-95 NB,GP,110P04154,2025-10-02,1.1,1.6245240428344736,1.7345496687214763,1.8528232671988085,-0.11827359847733221
I-95 NB,GP,110P04154,2025-10-03,1.1,1.3588256981117677,1.4941699146373584,1.557276710998701,-0.06310679636134253
I-95 NB,GP,110P04154,2025-10-06,1.1,2.0957435697580826,2.2002273421784984,2.3738838775475455,-0.17365653536904713
I-95 NB,GP,110P04154,2025-10-07,1.1,1.7716702107840552,1.9508161715191903,2.0159232956649054,-0.06510712414571507
I-95 NB,GP,110P04154,2025-10-08,1.1,2.6446404018437253,3.2671036390762613,2.976872182308,0.29023145676826134
I-95 NB,GP,110P04154,2025-10-09,1.1,2.3167660264096885,2.8557139233182474,2.6171451852770744,0.23856873804117296
I-95 NB,GP,110P04154,2025-10-10,1.1,2.19577397638247,2.7814115406542084,2.4840608259253893,0.297350714728819
I-95 NB,GP,110P04154,2025-10-14,1.1,3.2262315484619117,4.151463701536731,3.6120870886539227,0.5393766128828079
I-95 NB,GP,110P04154,2025-10-15,1.1,2.4406773077516437,2.629721062183782,2.753246158438504,-0.12352509625472186
I-95 NB,GP,110P04154,2025-10-16,1.1,2.2063515312976016,2.590630987968089,2.4957032797339207,0.0949277082341684
I-95 NB,GP,110P04154,2025-10-20,1.1,1.65032536457934,2.286331232344487,1.881449883809149,0.40488134853533797
I-95 NB,GP,110P04154,2025-10-21,1.1,1.1718001208484896,1.156215362941371,1.3483168170830426,-0.19210145414167168
I-95 NB,GP,110P04154,2025-10-22,1.1,2.594386749789651,2.8953726583470862,2.92181852766022,-0.026445869313133752
I-95 NB,GP,110P04154,2025-10-23,1.1,2.111018642929818,2.4936079244142793,2.3907173936719555,0.1028905307423238
I-95 NB,GP,110P04154,2025-10-27,1.1,1.979826259103976,2.1444703312121383,2.246030282513894,-0.10155995130175555
I-95 NB,GP,110P04154,2025-10-28,1.1,2.1679251929973162,2.607391343769862,2.4534010950925147,0.15399024867734745
I-95 NB,GP,110P04154,2025-10-29,1.1,1.4830846810703304,1.9434680273603713,1.6956723044681714,0.24779572289219987
I-95 NB,GP,110+04155,2025-10-01,1.1,4.256192557492294,5.017604168106741,4.729716960985324,0.28788720712141735
I-95 NB,GP,110+04155,2025-10-02,1.1,2.3357735672040665,2.602229342970792,2.638035089135846,-0.03580574616505405
I-95 NB,GP,110+04155,2025-10-03,1.1,2.274969483806655,2.308830709047057,2.5711930964097633,-0.26236238736270634
I-95 NB,GP,110+04155,2025-10-06,1.1,2.290237476965089,2.6677775956258443,2.5879817031024412,0.07979589252340302
I-95 NB,GP,110+04155,2025-10-07,1.1,2.275820130610177,2.456905354824288,2.5721285430953795,-0.11522318827109146
I-95 NB,GP,110+04155,2025-10-08,1.1,2.988850778550695,3.5814516847649154,3.3532279474553537,0.2282237373095617
I-95 NB,GP,110+04155,2025-10-09,1.1,3.103207790499323,3.3674209947640765,3.4779987547566527,-0.11057775999257613
I-95 NB,GP,110+04155,2025-10-10,1.1,2.320246965711916,3.1458747838058563,2.6209711954968653,0.524903588308991
I-95 NB,GP,110+04155,2025-10-14,1.1,3.9535935702456078,4.611674867299061,4.402209387889421,0.20946547940963978
I-95 NB,GP,110+04155,2025-10-15,1.1,2.924701898762803,3.2035197749511277,3.283181274382764,-0.07966149943163625
I-95 NB,GP,110+04155,2025-10-16,1.1,2.7058564549877278,3.05371078608857,3.043897218265311,0.009813567823258929
I-95 NB,GP,110+04155,2025-10-17,1.1,2.362048801783238,2.4591469790370684,2.666904875186142,-0.20775789614907358
I-95 NB,GP,110+04155,2025-10-20,1.1,2.0479439668715202,2.5099604606642374,2.321185988923763,0.18877447174047424
I-95 NB,GP,110+04155,2025-10-21,1.1,1.4031475778845008,1.5732103849309642,1.606678635891492,-0.033468250960527746
I-95 NB,GP,110+04155,2025-10-22,1.1,3.083346931883295,3.2881303252335217,3.4563383269536954,-0.1682080017201737
I-95 NB,GP,110+04155,2025-10-23,1.1,2.6039828616343748,2.974480832863471,2.9323334241880445,0.04214740867542632
I-95 NB,GP,110+04155,2025-10-24,1.1,2.098361305726717,2.277214406268518,2.3767689231953617,-0.09955451692684392
I-95 NB,GP,110+04155,2025-10-27,1.1,2.284328967230018,2.5226435478390927,2.581485095754704,-0.05884154791561125
I-95 NB,GP,110+04155,2025-10-28,1.1,2.451994962348179,2.873540169140943,2.7656677375448018,0.10787243159614102
I-95 NB,GP,110+04155,2025-10-29,1.1,3.4024029860878877,3.8784659720375156,3.803864112649419,0.0746018593880966
I-95 NB,GP,110+04155,2025-10-30,1.1,4.590881317128852,4.71155418955778,5.0912254655753,-0.37967127601752004
I-95 NB,GP,110P04155,2025-10-01,1.1,4.504357531361029,5.475536889262403,4.997838594926807,0.4776982943355961
I-95 NB,GP,110P04155,2025-10-02,1.1,2.8345648332538693,3.063047149433767,3.1846867468719027,-0.12163959743813546
I-95 NB,GP,110P04155,2025-10-06,1.1,3.795516686779441,4.104653927600163,4.2308541006526,-0.12620017305243714
I-95 NB,GP,110P04155,2025-10-07,1.1,2.495677019676682,2.745145352206934,2.8135960927525185,-0.06845074054558475
I-95 NB,GP,110P04155,2025-10-08,1.1,4.2155444973189855,4.871154791231034,4.6857604996300655,0.18539429160096876
I-95 NB,GP,110P04155,2025-10-09,1.1,4.06063281305294,4.698948768966499,4.518134421778421,0.1808143471880781
I-95 NB,GP,110P04155,2025-10-10,1.1,11.701582341534612,14.450724604431912,12.653173042966886,1.797551561465026
I-95 NB,GP,110P04155,2025-10-14,1.1,4.202320263179503,4.971725501647383,4.671457464971505,0.3002680366758783
I-95 NB,GP,110P04155,2025-10-15,1.1,5.1261083447997065,5.633875566979992,5.6678842110585315,-0.034008644078539874
I-95 NB,GP,110P04155,2025-10-16,1.1,4.51250369294319,4.830883325554465,5.006632962933707,-0.17574963737924154
I-95 NB,GP,110P04155,2025-10-17,1.1,4.208939326370566,4.5631681024186985,4.678616646739724,-0.11544854432102536
I-95 NB,GP,110P04155,2025-10-20,1.1,2.8712706841482976,2.9792617601569304,3.2248060026398995,-0.24554424248296902
I-95 NB,GP,110P04155,2025-10-21,1.1,1.8066965407868139,1.9867035007954674,2.0546921926479706,-0.06798869185250322
I-95 NB,GP,110P04155,2025-10-22,1.1,4.750528587354363,5.184566128869481,5.26341194892049,-0.0788458200510096
I-95 NB,GP,110P04155,2025-10-24,1.1,2.4859815024719447,2.659979036132191,2.802960051802013,-0.14298101566982213
I-95 NB,GP,110P04155,2025-10-27,1.1,2.7210601842293607,3.0396254067880117,3.0605372946696945,-0.020911887881682745
I-95 NB,GP,110P04155,2025-10-28,1.1,4.38986518330768,4.682783846843841,4.874190056464151,-0.19140620962031019
I-95 NB,GP,110P04155,2025-10-29,1.1,4.130653781685452,4.502097967641404,4.593923366886798,-0.09182539924539324
I-95 NB,GP,110P04155,2025-10-30,1.1,5.466684440294563,5.923891785810464,6.033966790962482,-0.11007500515201762
I-95 NB,GP,110P04155,2025-10-31,1.1,2.6676714434345774,2.6689188956299574,3.002093575330658,-0.3331746797007007
I-95 NB,GP,110+04156,2025-10-01,1.1,4.814318489989248,5.696315173229839,5.3321681432355845,0.3641470299942542
I-95 NB,GP,110+04156,2025-10-06,1.1,4.293442956734699,4.640589386101013,4.769989266536772,-0.12939988043575923
I-95 NB,GP,110+04156,2025-10-07,1.1,4.7677774691407695,5.141629198514441,5.282006168276196,-0.1403769697617543
I-95 NB,GP,110+04156,2025-10-08,1.1,12.586958256470256,13.750290393503102,13.583772172342263,0.16651822116083892
I-95 NB,GP,110+04156,2025-10-09,1.1,4.650309599023417,5.11170934417165,5.155340032323044,-0.043630688151393926
I-95 NB,GP,110+04156,2025-10-10,1.1,12.235509247057156,14.418795140247532,13.214590595142242,1.2042045451052896
I-95 NB,GP,110+04156,2025-10-14,1.1,4.288339421343549,5.081978077784736,4.764472270808867,0.31750580697586894
I-95 NB,GP,110+04156,2025-10-15,1.1,9.69815545369131,10.393196960680298,10.540130617272997,-0.14693365659269908
I-95 NB,GP,110+04156,2025-10-16,1.1,4.51280169594726,5.027478502270054,5.0069546705029175,0.02052383176713679
I-95 NB,GP,110+04156,2025-10-20,1.1,4.367487696202831,4.512221849188745,4.850012891693602,-0.3377910425048567
I-95 NB,GP,110+04156,2025-10-21,1.1,1.8522098630376855,2.102809161718982,2.105038366609417,-0.002229204890435099
I-95 NB,GP,110+04156,2025-10-22,1.1,4.820016618834782,5.368551982624113,5.3383086920383755,0.03024329058573727
I-95 NB,GP,110+04156,2025-10-24,1.1,2.7787172658138917,2.8576193782245887,3.1236187446029398,-0.2659993663783511
I-95 NB,GP,110+04156,2025-10-27,1.1,4.487173154317682,4.821575784726668,4.979285413096809,-0.15770962837014135
I-95 NB,GP,110+04156,2025-10-28,1.1,4.429815546646877,4.938084926581195,4.917345109622767,0.02073981695842786
I-95 NB,GP,110+04156,2025-10-29,1.1,4.694901369766397,5.099701965584493,5.203433596874303,-0.10373163128981044
I-95 NB,GP,110+04156,2025-10-30,1.1,5.606333734072028,6.15657056310894,6.183894529147144,-0.027323966038204084
I-95 NB,GP,110+04156,2025-10-31,1.1,2.5993721905501515,2.84868946628872,2.9272814328371535,-0.07859196654843359
I-95 NB,GP,110P04156,2025-10-01,1.1,4.744904697246056,5.436794249600288,5.2573490261537215,0.17944522344656644
I-95 NB,GP,110P04156,2025-10-02,1.1,2.464160191561768,2.706368719347615,2.7790178377770345,-0.07264911842941935
I-95 NB,GP,110P04156,2025-10-03,1.1,2.2347486330854553,2.391292378090672,2.526951836462012,-0.13565945837133997
I-95 NB,GP,110P04156,2025-10-06,1.1,2.6632162486459086,2.880090761948304,2.9972151325054806,-0.1171243705571765
I-95 NB,GP,110P04156,2025-10-07,1.1,4.41305255614268,4.446581036959127,4.899238730910327,-0.4526576939511999
I-95 NB,GP,110P04156,2025-10-08,1.1,4.418331409052943,4.6684055204239945,4.9049408317527305,-0.23653531132873606
I-95 NB,GP,110P04156,2025-10-09,1.1,3.344081792638027,3.5941009976032823,3.740407108132291,-0.14630611052900866
I-95 NB,GP,110P04156,2025-10-10,1.1,13.032623330093193,14.305166662319955,14.051524407286074,0.25364225503388127
I-95 NB,GP,110P04156,2025-10-14,1.1,3.731414680138127,4.373459234502997,4.161313058599028,0.21214617590396934
I-95 NB,GP,110P04156,2025-10-15,1.1,4.961135395283974,5.358685828886383,5.49032241606965,-0.13163658718326676
I-95 NB,GP,110P04156,2025-10-16,1.1,4.486792068187822,4.76419903962478,4.978873950206356,-0.21467491058157595
I-95 NB,GP,110P04156,2025-10-17,1.1,2.4360293581086463,2.6001917654868008,2.748144397486469,-0.14795263199966824
I-95 NB,GP,110P04156,2025-10-21,1.1,1.6901071910170715,1.8494770306319046,1.9255642900752865,-0.0760872594433819
I-95 NB,GP,110P04156,2025-10-22,1.1,4.795850981163557,5.046053223197883,5.312265411330278,-0.26621218813239533
I-95 NB,GP,110P04156,2025-10-23,1.1,5.007489286599927,5.097344146181119,5.540229385513778,-0.442885239332659
I-95 NB,GP,110P04156,2025-10-24,1.1,2.899173520815599,2.8710775460484985,3.255294348524052,-0.38421680247555345
I-95 NB,GP,110P04156,2025-10-27,1.1,2.885137252866728,3.048311067469057,3.23995845880307,-0.19164739133401287
I-95 NB,GP,110P04156,2025-10-28,1.1,2.858825073452494,3.1504142647520363,3.2112045917916157,-0.06079032703957932
I-95 NB,GP,110P04156,2025-10-29,1.1,4.095420209277305,4.254360170712636,4.555791802381623,-0.30143163166898645
I-95 NB,GP,110P04156,2025-10-30,1.1,4.854223718352044,5.019177719684783,5.37516762251156,-0.355989902826777
I-95 NB,GP,110P04156,2025-10-31,1.1,2.629009463036445,2.668241085667352,2.9597512983299863,-0.2915102126626343
I-95 NB,GP,110+04157,2025-10-01,1.1,4.849627531682937,5.329405004674882,5.3702155353933865,-0.04081053071850427
I-95 NB,GP,110+04157,2025-10-02,1.1,2.2119495987950852,2.424014387930636,2.5018643242811742,-0.07784993635053805
I-95 NB,GP,110+04157,2025-10-03,1.1,2.2203392695346666,2.152597181022257,2.511096925446876,-0.35849974442461896
I-95 NB,GP,110+04157,2025-10-06,1.1,2.70012251857335,2.904685764958601,3.037620922864771,-0.13293515790616972
I-95 NB,GP,110+04157,2025-10-07,1.1,4.183323518937764,4.148212680396255,4.650908885159329,-0.5026962047630743
I-95 NB,GP,110+04157,2025-10-08,1.1,4.758799205219429,4.823438853079917,5.272327865988328,-0.44888901290841066
I-95 NB,GP,110+04157,2025-10-09,1.1,3.40144597886209,3.6302967285880112,3.802823068975162,-0.17252634038715087
I-95 NB,GP,110+04157,2025-10-10,1.1,2.1660673057482374,3.2298891144197444,2.4513553030600135,0.7785338113597309
I-95 NB,GP,110+04157,2025-10-14,1.1,3.9328927602754042,4.369392471500182,4.379780403686122,-0.010387932185939697
I-95 NB,GP,110+04157,2025-10-15,1.1,4.8103662899952395,5.112213780791896,5.327908967239561,-0.2156951864476655
I-95 NB,GP,110+04157,2025-10-16,1.1,4.547539914407128,4.664182941069792,5.044452210465206,-0.3802692693954137
I-95 NB,GP,110+04157,2025-10-17,1.1,2.4526088623153415,2.454926136876049,2.766341473015472,-0.31141533613942274
I-95 NB,GP,110+04157,2025-10-21,1.1,1.7146943322749877,1.7166186487300479,1.9528151223664003,-0.23619647363635243
I-95 NB,GP,110+04157,2025-10-22,1.1,3.3615538448030673,3.438748575524889,3.7594208748497744,-0.3206722993248854
I-95 NB,GP,110+04157,2025-10-23,1.1,4.796725143050658,5.174660071369985,5.313207556279717,-0.1385474849097319
I-95 NB,GP,110+04157,2025-10-24,1.1,2.9082161114943927,2.879323404503195,3.2651731327577984,-0.3858497282546036
I-95 NB,GP,110+04157,2025-10-27,1.1,2.667676617867251,2.7296088863342787,3.002099241211735,-0.2724903548774562
I-95 NB,GP,110+04157,2025-10-28,1.1,2.909160687499398,3.051079687814273,3.266205008453509,-0.21512532063923562
I-95 NB,GP,110+04157,2025-10-29,1.1,3.659532265409218,3.745735101129169,4.08329303919515,-0.3375579380659808
I-95 NB,GP,110+04157,2025-10-30,1.1,4.850792867923513,5.027431099306764,5.371471120097332,-0.34404002079056806
I-95 NB,GP,110+04157,2025-10-31,1.1,2.3720002920133507,2.593798629708138,2.6778367576582705,-0.08403812795013232
I-95 NB,GP,110P04157,2025-10-01,1.1,4.568131573250845,5.383391433681028,5.06667584871974,0.3167155849612877
I-95 NB,GP,110P04157,2025-10-02,1.1,2.4673423005129673,2.6237896052839007,2.782509584343129,-0.1587199790592284
I-95 NB,GP,110P04157,2025-10-07,1.1,3.18271217214116,3.2681641951548035,3.564669700377492,-0.29650550522268837
I-95 NB,GP,110P04157,2025-10-08,1.1,4.828234887212024,5.018882025549446,5.3471647064980825,-0.3282826809486368
I-95 NB,GP,110P04157,2025-10-09,1.1,3.691418700649201,3.7178533664766027,4.11790712300951,-0.4000537565329072
I-95 NB,GP,110P04157,2025-10-10,1.1,2.7534840624648065,3.363305285423927,3.096015998380398,0.2672892870435293
I-95 NB,GP,110P04157,2025-10-14,1.1,4.238370169017906,4.634590960970147,4.710445385723043,-0.07585442475289561
I-95 NB,GP,110P04157,2025-10-15,1.1,5.0982856821008555,5.2080340449474845,5.637949394607243,-0.4299153496597583
I-95 NB,GP,110P04157,2025-10-16,1.1,4.796068752620875,4.833166715640366,5.312500119181008,-0.47933340354064224
I-95 NB,GP,110P04157,2025-10-22,1.1,3.4094972085519686,3.7069006696636135,3.8115810445982112,-0.1046803749345977
I-95 NB,GP,110P04157,2025-10-23,1.1,3.665747739458443,3.71202696119623,4.09004083781894,-0.3780138766227097
I-95 NB,GP,110P04157,2025-10-24,1.1,2.9776590324045595,2.915216185992652,3.3410101895096966,-0.42579400351704466
I-95 NB,GP,110P04157,2025-10-27,1.1,2.9565503833256854,2.972482601970167,3.3179630104196427,-0.3454804084494758
I-95 NB,GP,110P04157,2025-10-28,1.1,3.194219386715501,3.174570508000799,3.5772093040145356,-0.40263879601373675
I-95 NB,GP,110P04157,2025-10-29,1.1,3.684468067186802,3.856708023710802,4.110362604771893,-0.2536545810610913
I-95 NB,GP,110P04157,2025-10-30,1.1,5.154367633590839,5.333284776690109,5.69828430981129,-0.36499953312118105
I-95 NB,GP,110P04157,2025-10-31,1.1,3.3345621852733878,3.6587380400406517,3.7300463731484483,-0.0713083331077966
I-95 NB,GP,110+04158,2025-10-01,1.1,4.675812206409532,5.348117923851234,5.1828468772650735,0.16527104658616043
I-95 NB,GP,110+04158,2025-10-07,1.1,4.399259504674076,4.661522621515648,4.884338910156431,-0.22281628864078318
I-95 NB,GP,110+04158,2025-10-08,1.1,13.913925387051666,14.13761286800133,14.975246764009178,-0.8376338960078478
I-95 NB,GP,110+04158,2025-10-09,1.1,3.4549827466748715,3.7065088937556303,3.861048905104557,-0.1545400113489266
I-95 NB,GP,110+04158,2025-10-10,1.1,3.0051434378996493,3.4148869231318866,3.3710120420631218,0.043874881068764804
I-95 NB,GP,110+04158,2025-10-14,1.1,4.77499938063253,4.839462810480811,5.289790817581937,-0.45032800710112664
I-95 NB,GP,110+04158,2025-10-15,1.1,5.356981833425209,5.41960298369249,5.916117451134975,-0.4965144674424842
I-95 NB,GP,110+04158,2025-10-16,1.1,5.043839767509114,5.0669042271626274,5.5793574406187085,-0.5124532134560811
I-95 NB,GP,110+04158,2025-10-22,1.1,5.203111644355367,5.366286570701024,5.750710410116486,-0.38442383941546243
I-95 NB,GP,110+04158,2025-10-23,1.1,3.683006239629418,3.6920938524158333,4.1087758250189585,-0.41668197260312523
I-95 NB,GP,110+04158,2025-10-28,1.1,3.213418817815545,3.324902353555824,3.5981285314371236,-0.27322617788129966
I-95 NB,GP,110+04158,2025-10-29,1.1,3.9368607215571814,3.970437986957498,4.384079870334528,-0.4136418833770299
I-95 NB,GP,110+04158,2025-10-30,1.1,5.431435091766429,5.516479705069597,5.996106780283507,-0.47962707521391046
I-95 NB,GP,110+04158,2025-10-31,1.1,3.628129171209722,3.703465976065745,4.049195682977846,-0.3457297069121008
I-95 NB,GP,110P04159,2025-10-01,1.1,2.095804679267661,2.784113931789949,2.373951228353379,0.41016270343657
I-95 NB,GP,110P04159,2025-10-02,1.1,1.3975816344084557,1.9576956548735704,1.6004770810605524,0.357218573813018
I-95 NB,GP,110P04159,2025-10-08,1.1,1.2846591535010143,1.4936109677407843,1.4745112839124421,0.01909968382834215
I-95 NB,GP,110P04159,2025-10-09,1.1,1.7603796472569098,2.0269021597383583,2.0034219425211073,0.02348021721725102
I-95 NB,GP,110P04159,2025-10-14,1.1,1.6129382919838107,1.9113699276166092,1.8399648713475403,0.0714050562690689
I-95 NB,GP,110P04159,2025-10-15,1.1,1.2156306651615798,1.588863024112525,1.3973637119718891,0.19149931214063587
I-95 NB,GP,110P04159,2025-10-16,1.1,1.2400531077109989,1.919094035183584,1.4246718914099548,0.49442214377362914
I-95 NB,GP,110P04159,2025-10-28,1.1,1.5952638571368183,1.9379950005388689,1.8203441649661056,0.11765083557276323
