corridor,facility,tmc_code,date_local,threshold_multiplier,d_over_c_h,observed_duration_h,predicted_duration_h,residual_h
I-95 NB,GP,110P04146,2025-10-30,0.9,1.588957607554383,2.1891322189249895,1.8925172437674973,0.29661497515749224
I-95 NB,GP,110+04147,2025-10-30,0.9,1.4899811205667395,2.375936450478224,1.7811496022896778,0.5947868481885461
I-95 NB,GP,110P04147,2025-10-30,0.9,1.6090367340098721,2.5457320155335528,1.915061104726531,0.6306709108070219
I-95 NB,GP,110+04148,2025-10-07,0.9,0.685448401358232,0.6540121700818077,0.8564758909472474,-0.20246372086543973
I-95 NB,GP,110+04148,2025-10-30,0.9,1.9204042742145715,2.426694086803217,2.262716888760225,0.16397719804299182
I-95 NB,GP,110+04150,2025-10-01,0.9,1.2755294646725852,1.5051493100836686,1.5383567921481285,-0.03320748206445989
I-95 NB,GP,110+04150,2025-10-03,0.9,0.38288852190871286,0.5520739647069585,0.4945704451616277,0.05750351954533078
I-95 NB,GP,110+04150,2025-10-07,0.9,1.2742715996384018,2.019483086316084,1.5369261713785327,0.4825569149375515
I-95 NB,GP,110+04150,2025-10-21,0.9,1.044301374903675,1.495953715707169,1.2739245665691492,0.22202914913801974
I-95 NB,GP,110+04150,2025-10-24,0.9,1.0558665424770115,1.3056640137005673,1.287224360800799,0.018439652899768344
I-95 NB,GP,110+04150,2025-10-28,0.9,0.6701716269212531,0.664239587339812,0.83846390106683,-0.17422431372701797
I-95 NB,GP,110+04150,2025-10-29,0.9,0.642696816956866,0.6364559821034665,0.8060105657345675,-0.16955458363110099
I-95 NB,GP,110+04150,2025-10-30,0.9,1.3557731924285499,1.638678129243984,1.6294585497235052,0.009219579520478804
I-95 NB,GP,110P04150,2025-10-01,0.9,1.6029423506444294,2.2142794150675456,1.908220333289685,0.30605908177786056
I-95 NB,GP,110P04150,2025-10-03,0.9,1.793642074134072,2.252735458997402,2.1216013326039884,0.13113412639341337
I-95 NB,GP,110P04150,2025-10-06,0.9,0.7822220589227121,1.0402092643708225,0.9700657740164016,0.07014349035442091
I-95 NB,GP,110P04150,2025-10-07,0.9,0.43740586866714265,0.5372544658792814,0.5607188025193987,-0.023464336640117267
I-95 NB,GP,110P04150,2025-10-08,0.9,1.713191043988351,2.0516889562725065,2.031747815092767,0.019941141179739663
I-95 NB,GP,110P04150,2025-10-09,0.9,0.6802159384372348,0.6981790668503948,0.850309189032317,-0.15213012218192223
I-95 NB,GP,110P04150,2025-10-14,0.9,1.6490086768338066,2.074986894210298,1.9598921325845393,0.11509476162575849
I-95 NB,GP,110P04150,2025-10-15,0.9,0.4443851081358657,0.7173003696972557,0.5691518368799603,0.14814853281729545
I-95 NB,GP,110P04150,2025-10-16,0.9,0.633286810216343,0.7632615951682737,0.7948774085756579,-0.031615813407384175
I-95 NB,GP,110P04150,2025-10-21,0.9,1.365679733958364,1.786501935298974,1.640683897735272,0.14581803756370193
I-95 NB,GP,110P04150,2025-10-22,0.9,1.8137861081250188,2.0718228022861362,2.1440632927252716,-0.07224049043913539
I-95 NB,GP,110P04150,2025-10-24,0.9,1.1829920467906496,1.6747920672626984,1.4328898199734357,0.24190224728926268
I-95 NB,GP,110P04150,2025-10-28,0.9,1.5613143360922337,2.056296306611147,1.8614541094429826,0.1948421971681642
I-95 NB,GP,110P04150,2025-10-29,0.9,0.9452675102540907,1.3543268311116283,1.1596823508771763,0.19464448023445202
I-95 NB,GP,110P04150,2025-10-30,0.9,1.2080636518416283,1.9451298728803863,1.4615094716426351,0.4836204012377512
I-95 NB,GP,110+04151,2025-10-01,0.9,1.8721311941276837,2.451777481788967,2.2090423816076306,0.24273510018133626
I-95 NB,GP,110+04151,2025-10-02,0.9,1.7104929257846853,2.046824094430908,2.0287302532845453,0.0180938411463627
I-95 NB,GP,110+04151,2025-10-03,0.9,1.920866985280201,2.755275674758003,2.263230998877951,0.49204467588005185
I-95 NB,GP,110+04151,2025-10-06,0.9,1.1427585426106095,1.5585818724669367,1.3868899711254685,0.17169190134146817
I-95 NB,GP,110+04151,2025-10-07,0.9,1.255728022861127,1.6154350516976856,1.515826426029156,0.09960862566852957
I-95 NB,GP,110+04151,2025-10-08,0.9,1.9905710434449966,2.3235587903316857,2.340598328903388,-0.017039538571702373
I-95 NB,GP,110+04151,2025-10-09,0.9,1.7958957653449563,2.2807965429234325,2.1241150621801754,0.15668148074325705
I-95 NB,GP,110+04151,2025-10-14,0.9,1.8773463656512785,2.4963472922485477,2.2148448610529714,0.2815024311955763
I-95 NB,GP,110+04151,2025-10-15,0.9,1.6656815841400663,1.9400783189455315,1.978573451590199,-0.03849513264466742
I-95 NB,GP,110+04151,2025-10-16,0.9,1.89898542327955,2.3263580285807395,2.2389110225821,0.08744700599863942
I-95 NB,GP,110+04151,2025-10-17,0.9,0.45450329146778945,0.5217116848819359,0.5813642983445425,-0.05965261346260664
I-95 NB,GP,110+04151,2025-10-20,0.9,0.6719293227814069,0.5992192804153689,0.8405374835750479,-0.241318203159679
I-95 NB,GP,110+04151,2025-10-21,0.9,1.3394536094961655,1.9762906816574373,1.6109562112581963,0.36533447039924094
I-95 NB,GP,110+04151,2025-10-22,0.9,2.1617731336158545,2.603718015820701,2.5299787588004627,0.0737392570202382
I-95 NB,GP,110+04151,2025-10-23,0.9,2.147313204314417,2.331637857589706,2.514017483022844,-0.1823796254331378
I-95 NB,GP,110+04151,2025-10-24,0.9,1.3450740117669149,1.935589939981808,1.617329789030217,0.318260150951591
I-95 NB,GP,110+04151,2025-10-27,0.9,1.3844486593972134,1.5556642309750524,1.6619387373264256,-0.10627450635137325
I-95 NB,GP,110+04151,2025-10-28,0.9,3.0211390721904854,3.6402690684757477,3.4689011398709853,0.17136792860476247
I-95 NB,GP,110+04151,2025-10-29,0.9,2.3580542874437715,2.9345408051760717,2.7460546060559428,0.18848619912012898
I-95 NB,GP,110+04151,2025-10-30,0.9,1.7242572784930816,2.129736255835176,2.044121407072351,0.08561484876282499
I-95 NB,GP,110P04151,2025-10-01,0.9,2.9916313534044825,3.8097991737355925,3.4369423867914835,0.37285678694410906
I-95 NB,GP,110P04151,2025-10-02,0.9,3.9316487104429823,4.720586710870198,4.447079415339128,0.2735072955310702
I-95 NB,GP,110P04151,2025-10-03,0.9,3.7212587981921494,4.528878861111632,4.222323340175096,0.30655552093653604
I-95 NB,GP,110P04151,2025-10-06,0.9,3.736906871410303,4.513133486966108,4.2390643712321205,0.2740691157339876
I-95 NB,GP,110P04151,2025-10-07,0.9,1.399112603284614,1.759471839163557,1.6785334602400712,0.08093837892348588
I-95 NB,GP,110P04151,2025-10-08,0.9,2.1601254848465063,2.791304013359392,2.528160345802702,0.26314366755668983
I-95 NB,GP,110P04151,2025-10-09,0.9,3.040889026035032,3.7517147196244793,3.490281659069397,0.26143306055508253
I-95 NB,GP,110P04151,2025-10-14,0.9,3.0579870312136204,3.6829405257431396,3.50878489039487,0.1741556353482694
I-95 NB,GP,110P04151,2025-10-15,0.9,1.7644246617266048,2.321615876703268,2.0889963344074185,0.2326195422958497
I-95 NB,GP,110P04151,2025-10-16,0.9,3.609121076008625,4.408642464341413,4.102234712970881,0.3064077513705321
I-95 NB,GP,110P04151,2025-10-17,0.9,3.8291985615778277,4.4640009133202625,4.33772158837719,0.1262793249430727
I-95 NB,GP,110P04151,2025-10-20,0.9,1.7285765320831858,1.9946365495871845,2.048949704720738,-0.054313155133553614
I-95 NB,GP,110P04151,2025-10-21,0.9,1.6100971141749465,2.2226367072478506,1.916251200217632,0.3063855070302186
I-95 NB,GP,110P04151,2025-10-22,0.9,3.630506374431786,4.50917989760956,4.125152509931998,0.3840273876775617
I-95 NB,GP,110P04151,2025-10-23,0.9,2.880256300801117,3.5294871533530947,3.3161525209071554,0.2133346324459393
I-95 NB,GP,110P04151,2025-10-24,0.9,1.9935476380186736,2.542408244553215,2.3438986947768297,0.19850954977638535
I-95 NB,GP,110P04151,2025-10-27,0.9,2.2376558280461465,2.6592328135523444,2.6136414422059278,0.045591371346416665
I-95 NB,GP,110P04151,2025-10-28,0.9,3.1382203772882273,4.021374633971393,3.595534153759792,0.4258404802116016
I-95 NB,GP,110P04151,2025-10-29,0.9,2.4218645029924186,3.300758043317316,2.8160751303291893,0.4846829129881267
I-95 NB,GP,110P04151,2025-10-30,0.9,1.712771299876111,2.303908199918326,2.0312783931953446,0.27262980672298154
I-95 NB,GP,110P04151,2025-10-31,0.9,0.651284150190409,0.7063770672720636,0.8161622933700398,-0.10978522609797614
I-95 NB,GP,110+04152,2025-10-01,0.9,3.261280722070446,3.5980523735135432,3.728344145726774,-0.13029177221323085
I-95 NB,GP,110+04152,2025-10-02,0.9,4.278821357555276,4.346619757470341,4.816478371533689,-0.46985861406334806
I-95 NB,GP,110+04152,2025-10-03,0.9,1.6881382812963008,1.6982919674422068,2.003718452280008,-0.30542648483780144
I-95 NB,GP,110+04152,2025-10-06,0.9,3.7803395768216626,4.047052766314557,4.285509804200314,-0.23845703788575712
I-95 NB,GP,110+04152,2025-10-07,0.9,1.421226591385432,1.4335145612113422,1.7035404549354407,-0.27002589372409846
I-95 NB,GP,110+04152,2025-10-08,0.9,2.587347643122801,2.7050587137349424,2.9971811959082504,-0.29212248217330794
I-95 NB,GP,110+04152,2025-10-09,0.9,3.058758284804943,3.3313151000429544,3.509619391421976,-0.1783042913790216
I-95 NB,GP,110+04152,2025-10-10,0.9,1.7017793724438268,1.666379748342187,2.01898320378475,-0.352603455442563
I-95 NB,GP,110+04152,2025-10-14,0.9,3.153271310764183,3.2872864164584956,3.6117932290918398,-0.32450681263334413
I-95 NB,GP,110+04152,2025-10-15,0.9,1.8880342848539828,2.042529566048763,2.226733535355605,-0.18420396930684202
I-95 NB,GP,110+04152,2025-10-16,0.9,3.9699689022959497,4.193071432783355,4.487941385624771,-0.2948699528414167
I-95 NB,GP,110+04152,2025-10-17,0.9,4.07063773036557,4.237849034427231,4.595181081279164,-0.3573320468519334
I-95 NB,GP,110+04152,2025-10-20,0.9,3.099089837018152,3.3587016526862716,3.55324173672314,-0.1945400840368685
I-95 NB,GP,110+04152,2025-10-21,0.9,2.1087861711825653,2.2271595103726365,2.4714602295247747,-0.24430071915213825
I-95 NB,GP,110+04152,2025-10-22,0.9,3.786006709253601,3.9721701196241743,4.2915677891304815,-0.3193976695063072
I-95 NB,GP,110+04152,2025-10-23,0.9,3.313781917354417,3.3884444797464566,3.7849173156480145,-0.3964728359015579
I-95 NB,GP,110+04152,2025-10-24,0.9,2.489090756396336,2.5688300604159013,2.8897305322271363,-0.32090047181123493
I-95 NB,GP,110+04152,2025-10-27,0.9,3.3218007254699216,3.4407409918785805,3.793553542862863,-0.3528125509842823
I-95 NB,GP,110+04152,2025-10-28,0.9,3.500940452348557,3.700680874425639,3.9861820666997034,-0.28550119227406423
I-95 NB,GP,110+04152,2025-10-29,0.9,2.5789980849919365,2.9705057496699947,2.9880595463043194,-0.01755379663432466
I-95 NB,GP,110+04152,2025-10-30,0.9,1.866661119376955,2.088822059337891,2.202955302821934,-0.11413324348404297
I-95 NB,GP,110+04152,2025-10-31,0.9,0.6964471190430055,0.8416235341659709,0.8694296729142706,-0.027806138748299736
I-95 NB,GP,110P04153,2025-10-01,0.9,1.7867312861530495,2.2521360608493532,2.1138920314655945,0.1382440293837588
I-95 NB,GP,110P04153,2025-10-07,0.9,0.428915048937901,0.6118576628197985,0.5504489623072313,0.061408700512567194
I-95 NB,GP,110P04153,2025-10-08,0.9,1.3281731169759254,1.6135089516136645,1.5981594416712126,0.015349509942451878
I-95 NB,GP,110P04153,2025-10-09,0.9,1.0081010627937534,1.3114687637845341,1.2322399273670313,0.07922883641750289
I-95 NB,GP,110P04153,2025-10-10,0.9,0.3767486769583603,0.6417887173850877,0.4870883285420013,0.1547003888430864
I-95 NB,GP,110P04153,2025-10-14,0.9,1.7576855163349905,2.325843945079569,2.081471474596147,0.24437247048342225
I-95 NB,GP,110P04153,2025-10-20,0.9,0.9076523241724305,1.2873951672474182,1.1161152638753005,0.17127990337211774
I-95 NB,GP,110P04153,2025-10-21,0.9,1.2415524528631996,2.036611684927331,1.4996848337647122,0.5369268511626188
I-95 NB,GP,110P04153,2025-10-22,0.9,1.1619196942554328,1.0803537074414626,1.4088086543992655,-0.32845494695780286
I-95 NB,GP,110P04153,2025-10-29,0.9,1.5523624801721254,2.3174927173562567,1.8513880876312085,0.4661046297250482
I-95 NB,GP,110+04154,2025-10-01,0.9,2.146439524129521,2.748269018922921,2.513052894446403,0.2352161244765183
I-95 NB,GP,110+04154,2025-10-02,0.9,0.699683342631153,0.6058055983857324,0.8732389196069238,-0.26743332122119134
I-95 NB,GP,110+04154,2025-10-06,0.9,1.1117099304259552,1.2271538078434692,1.3513284080824535,-0.1241746002389843
I-95 NB,GP,110+04154,2025-10-07,0.9,1.274496420970923,1.5125098438696198,1.5371818756770512,-0.024672031807431383
I-95 NB,GP,110+04154,2025-10-08,0.9,1.921987024478788,2.5536476461606146,2.264475425489882,0.28917222067073256
I-95 NB,GP,110+04154,2025-10-09,0.9,1.809056801218372,2.225968301595237,2.1387910788115696,0.08717722278366757
I-95 NB,GP,110+04154,2025-10-10,0.9,1.2371861816068,1.8131554871844022,1.4947108895129975,0.31844459767140476
I-95 NB,GP,110+04154,2025-10-14,0.9,2.7167898442876357,3.473771376612592,3.138381874530845,0.335389502081747
I-95 NB,GP,110+04154,2025-10-15,0.9,1.7194236489355115,1.9684911807177778,2.038717294272331,-0.07022611355455322
I-95 NB,GP,110+04154,2025-10-16,0.9,1.500826504990343,1.8397411983217684,1.7933728440998788,0.04636835422188956
I-95 NB,GP,110+04154,2025-10-20,0.9,1.187205877385537,1.7870157020501958,1.4377023749274418,0.349313327122754
I-95 NB,GP,110+04154,2025-10-21,0.9,2.0370947125858057,2.6409631559454123,2.3921506037522247,0.24881255219318765
I-95 NB,GP,110+04154,2025-10-22,0.9,1.3912043222459205,1.9035425920361708,1.6695851462039015,0.2339574458322693
I-95 NB,GP,110+04154,2025-10-23,0.9,1.3996050106041216,1.8319849037137288,1.6790905294709564,0.1528943742427724
I-95 NB,GP,110+04154,2025-10-24,0.9,0.684900011628281,0.7533153071477169,0.855829714260212,-0.10251440711249515
I-95 NB,GP,110+04154,2025-10-27,0.9,1.4007150316233956,1.4654098620524432,1.680346275186409,-0.21493641313396594
I-95 NB,GP,110+04154,2025-10-28,0.9,1.3284617639875957,1.6696009694253955,1.5984869644333546,0.0711140049920409
I-95 NB,GP,110+04154,2025-10-29,0.9,1.2296664247509395,1.504528062709549,1.4861422274488534,0.018385835260695593
I-95 NB,GP,110P04154,2025-10-01,0.9,2.242068012600736,2.684604639941559,2.618500965768637,0.06610367417292196
I-95 NB,GP,110P04154,2025-10-02,0.9,0.8987994189473987,1.0717558933939026,1.1058467367258025,-0.03409084333189982
I-95 NB,GP,110P04154,2025-10-03,0.9,0.8647315585260273,1.0261769270925527,1.066276924495046,-0.04009999740249337
I-95 NB,GP,110P04154,2025-10-06,0.9,1.594897881751953,1.7244999705735797,1.8991883753262848,-0.17468840475270508
I-95 NB,GP,110P04154,2025-10-07,0.9,1.2801526921071795,1.511703227350597,1.5436142853740633,-0.03191105802346628
I-95 NB,GP,110P04154,2025-10-08,0.9,2.1393741710880105,2.8233664684591084,2.5052515523812975,0.31811491607781095
I-95 NB,GP,110P04154,2025-10-09,0.9,1.8126959245242864,2.3641730630504525,2.14284802963216,0.22132503341829235
I-95 NB,GP,110P04154,2025-10-10,0.9,1.7170204172470311,2.430830457772174,2.036030101925746,0.39480035584642836
I-95 NB,GP,110P04154,2025-10-14,0.9,2.964410305292429,3.675554499144826,3.4074443113050763,0.2681101878397496
I-95 NB,GP,110P04154,2025-10-15,0.9,1.9397482450538504,2.1926975079607938,2.284203633411601,-0.09150612545080739
I-95 NB,GP,110P04154,2025-10-16,0.9,1.7016577608263137,2.0028303044477203,2.018847147974511,-0.01601684352679067
I-95 NB,GP,110P04154,2025-10-20,0.9,1.4194534140922999,1.9666587569805283,1.701536128613953,0.2651226283665753
I-95 NB,GP,110P04154,2025-10-21,0.9,0.678368373108567,0.7184138759427147,0.8481311020736747,-0.12971722613096004
I-95 NB,GP,110P04154,2025-10-22,0.9,1.8548598761916626,2.406762993139503,2.1898194559971444,0.2169435371423587
I-95 NB,GP,110P04154,2025-10-23,0.9,1.6152804542542971,2.0460190170765724,1.922067971158066,0.12395104591850648
I-95 NB,GP,110P04154,2025-10-27,0.9,1.4949830398081447,1.8035259320528838,1.7867876207915006,0.016738311261383254
I-95 NB,GP,110P04154,2025-10-28,0.9,1.910152124455636,2.215740923413868,2.2513240910657024,-0.03558316765183456
I-95 NB,GP,110P04154,2025-10-29,0.9,1.4766128794761135,1.628325626958765,1.7660760023687538,-0.1377503754099889
I-95 NB,GP,110+04155,2025-10-01,0.9,3.7872824555145703,4.493353721822325,4.292931450143938,0.200422271678387
I-95 NB,GP,110+04155,2025-10-02,0.9,1.5949681626717023,1.9242199521584515,1.899267294721019,0.02495265743743258
I-95 NB,GP,110+04155,2025-10-03,0.9,1.5580904667844913,1.7924257223761912,1.8578293709304892,-0.06540364855429792
I-95 NB,GP,110+04155,2025-10-06,0.9,1.8001360374939828,2.0943012351524364,2.1288441037911676,-0.03454286863873124
I-95 NB,GP,110+04155,2025-10-07,0.9,1.7911983279050994,1.9054074008936301,2.118875415369999,-0.21346801447636876
I-95 NB,GP,110+04155,2025-10-08,0.9,2.514044258327106,3.0133177340004313,2.9170414404600846,0.09627629354034672
I-95 NB,GP,110+04155,2025-10-09,0.9,2.617688238203573,2.7870735512641764,3.03031333142561,-0.24323978016143366
I-95 NB,GP,110+04155,2025-10-10,0.9,1.8498915120304795,2.732949960930203,2.184287795723488,0.5486621652067152
I-95 NB,GP,110+04155,2025-10-14,0.9,3.4931867070970566,4.040531301073494,3.9778563225372396,0.06267497853625414
I-95 NB,GP,110+04155,2025-10-15,0.9,2.4393970990765492,2.5855582979275633,2.8352955528561044,-0.24973725492854104
I-95 NB,GP,110+04155,2025-10-16,0.9,1.9731139572828924,2.3678467697605017,2.3212367162114957,0.046610053549005936
I-95 NB,GP,110+04155,2025-10-17,0.9,1.6335760921235567,1.6145450944810487,1.9425909497532763,-0.3280458552722276
I-95 NB,GP,110+04155,2025-10-20,0.9,1.8316213846681015,2.0557987024496933,2.163938962118779,-0.10814025966908547
I-95 NB,GP,110+04155,2025-10-21,0.9,0.9083976209688669,1.0651766577301003,1.1169794759105385,-0.05180281818043819
I-95 NB,GP,110+04155,2025-10-22,0.9,2.3642895363426666,2.758059712801768,2.7529014141808728,0.005158298620895341
I-95 NB,GP,110+04155,2025-10-23,0.9,2.1229382452363414,2.469184158226125,2.4870978255496388,-0.01791366732351385
I-95 NB,GP,110+04155,2025-10-24,0.9,1.3631752385558924,1.6968656361299632,1.6378464315454113,0.0590192045845519
I-95 NB,GP,110+04155,2025-10-27,0.9,1.7933602713619698,1.9936338518181904,2.121287001834883,-0.12765315001669264
I-95 NB,GP,110+04155,2025-10-28,0.9,1.96122649095877,2.297992875129782,2.308046771417185,-0.010053896287403052
I-95 NB,GP,110+04155,2025-10-29,0.9,1.515924059970596,1.7730614517701875,1.8103801029591573,-0.03731865118896982
I-95 NB,GP,110+04155,2025-10-30,0.9,0.9054875745999291,1.1375771837777355,1.1136048899077027,0.023972293870032857
I-95 NB,GP,110P04155,2025-10-01,0.9,3.8167728099638762,4.836895719715042,4.324446777079027,0.5124489426360155
I-95 NB,GP,110P04155,2025-10-02,0.9,1.8593761065616867,2.2053050577752846,2.1948469883160207,0.010458069459263974
I-95 NB,GP,110P04155,2025-10-06,0.9,2.0889799990585023,2.207886774769197,2.4495649776764186,-0.24167820290722153
I-95 NB,GP,110P04155,2025-10-07,0.9,1.7688344839549837,2.0075543575000885,2.093919409099428,-0.08636505159933971
I-95 NB,GP,110P04155,2025-10-08,0.9,2.7696455859681253,3.272589040171395,3.195927772237345,0.07666126793405015
I-95 NB,GP,110P04155,2025-10-09,0.9,2.588579427960369,3.0404955194542604,2.9985267428966527,0.04196877655760778
I-95 NB,GP,110P04155,2025-10-10,0.9,2.009556820463791,3.0176575370605585,2.3616444275757926,0.6560131094847659
I-95 NB,GP,110P04155,2025-10-14,0.9,3.2386745230652303,3.941783052945394,3.703968672990048,0.23781437995534604
I-95 NB,GP,110P04155,2025-10-15,0.9,2.446833547412764,2.770529034253093,2.843445511371455,-0.07291647711836191
I-95 NB,GP,110P04155,2025-10-16,0.9,3.552575793840936,4.036684816132255,4.041599895017081,-0.004915078884825341
I-95 NB,GP,110P04155,2025-10-17,0.9,2.0019146922013107,2.186050735188649,2.3531743504381644,-0.16712361524951547
I-95 NB,GP,110P04155,2025-10-20,0.9,0.8988620652053821,0.9396155506547236,1.1059194206090985,-0.16630386995437496
I-95 NB,GP,110P04155,2025-10-21,0.9,1.3451647818656616,1.3893565966011456,1.617432710521282,-0.22807611392013638
I-95 NB,GP,110P04155,2025-10-22,0.9,2.348536576329219,2.910541531580829,2.735601397675887,0.17494013390494212
I-95 NB,GP,110P04155,2025-10-23,0.9,2.0835245343518283,2.6850937233115917,2.4435320172265835,0.24156170608500815
I-95 NB,GP,110P04155,2025-10-24,0.9,1.7582239848176173,2.048824037427044,2.0820727832847155,-0.03324874585767157
I-95 NB,GP,110P04155,2025-10-27,0.9,2.2452189246493894,2.468485862278455,2.621971006263189,-0.15348514398473379
I-95 NB,GP,110P04155,2025-10-28,0.9,2.2040232273685794,2.5145239454810944,2.576580893004261,-0.062056947523166706
I-95 NB,GP,110P04155,2025-10-29,0.9,2.227512099450315,2.381795178136748,2.6024671962154993,-0.22067201807875136
I-95 NB,GP,110P04155,2025-10-30,0.9,3.8178834314891077,4.356596311747158,4.3256333882281375,0.03096292351902008
I-95 NB,GP,110P04155,2025-10-31,0.9,1.6924138912967739,1.7047415993424002,2.008503729853062,-0.3037621305106619
I-95 NB,GP,110+04156,2025-10-01,0.9,4.1164460667488525,5.001983093782314,4.643929174030205,0.3580539197521091
I-95 NB,GP,110+04156,2025-10-02,0.9,1.8893759040908362,2.1684298213935893,2.228225609998408,-0.0597957886048186
I-95 NB,GP,110+04156,2025-10-06,0.9,2.3346986887213026,2.309765538174567,2.720399071189602,-0.4106335330150346
I-95 NB,GP,110+04156,2025-10-07,0.9,1.813706012370539,2.039944289689144,2.1439740088018544,-0.10402971911271042
I-95 NB,GP,110+04156,2025-10-08,0.9,3.2986564884161993,3.815260600254906,3.7686240383935545,0.046636561861351566
I-95 NB,GP,110+04156,2025-10-09,0.9,2.6921351417231287,3.0760897461726766,3.1115176769864696,-0.03542793081379303
I-95 NB,GP,110+04156,2025-10-10,0.9,2.2350291185248663,3.163898769313811,2.61074815867397,0.553150610639841
I-95 NB,GP,110+04156,2025-10-14,0.9,3.3285868118821162,3.869720475581181,3.800861204875613,0.06885927070556797
I-95 NB,GP,110+04156,2025-10-15,0.9,2.706461891989958,2.853162732966745,3.1271300546471594,-0.2739673216804146
I-95 NB,GP,110+04156,2025-10-16,0.9,3.5630103237548405,4.1767698405333515,4.052793197186628,0.12397664334672331
I-95 NB,GP,110+04156,2025-10-20,0.9,0.9258688849626704,1.1310275471760225,1.1372268497550502,-0.006199302579027677
I-95 NB,GP,110+04156,2025-10-21,0.9,1.3757812597021672,1.4071449295614258,1.652125409064981,-0.24498047950355528
I-95 NB,GP,110+04156,2025-10-22,0.9,2.6848800129314765,2.903711509083841,3.1036096959119175,-0.1998981868280767
I-95 NB,GP,110+04156,2025-10-24,0.9,1.806427343658912,2.0834197613801755,2.135859429498212,-0.052439668118036575
I-95 NB,GP,110+04156,2025-10-27,0.9,2.2947202930511725,2.486977989748694,2.67644976573334,-0.18947177598464604
I-95 NB,GP,110+04156,2025-10-28,0.9,2.2387499958269537,2.636285752605724,2.614846595473436,0.021439157132288056
I-95 NB,GP,110+04156,2025-10-29,0.9,2.2862126122785207,2.395567289776438,2.6670914398248233,-0.27152415004838515
I-95 NB,GP,110+04156,2025-10-30,0.9,3.9375675733348303,4.297299666734213,4.4533923533763815,-0.15609268664216813
I-95 NB,GP,110+04156,2025-10-31,0.9,1.886447393108537,2.0402808734556297,2.2249686041847334,-0.18468773072910372
I-95 NB,GP,110P04156,2025-10-01,0.9,3.7831969013702245,4.5298048497425025,4.288564258222846,0.2412405915196567
I-95 NB,GP,110P04156,2025-10-02,0.9,0.7289700477895892,0.6528239096590909,0.9076662109465313,-0.25484230128744045
I-95 NB,GP,110P04156,2025-10-03,0.9,1.2007212515472645,1.2463943993082003,1.4531315373492786,-0.2067371380410783
I-95 NB,GP,110P04156,2025-10-06,0.9,1.9430703274253627,2.0113614668251283,2.2878924779605505,-0.2765310111354222
I-95 NB,GP,110P04156,2025-10-07,0.9,1.46230550138761,1.7131555212127105,1.7499348399607324,-0.03677931874802187
I-95 NB,GP,110P04156,2025-10-08,0.9,2.9567878494170308,3.3442802361944794,3.3991814793926736,-0.054901243198194116
I-95 NB,GP,110P04156,2025-10-09,0.9,2.6159653816425683,2.7079758610370184,3.028432548918672,-0.3204566878816535
I-95 NB,GP,110P04156,2025-10-10,0.9,1.5974591578942583,2.50178581046704,1.9020643389771417,0.5997214714898984
I-95 NB,GP,110P04156,2025-10-14,0.9,3.0057298281864373,3.5836969107626517,3.4522141704482947,0.13148274031435703
I-95 NB,GP,110P04156,2025-10-15,0.9,2.7524123886395166,2.850636932436471,3.177172322290734,-0.32653538985426334
I-95 NB,GP,110P04156,2025-10-16,0.9,3.0221720699904897,3.3339500141918657,3.4700196194600657,-0.1360696052682
I-95 NB,GP,110P04156,2025-10-17,0.9,1.4461396391043326,1.4540668142896152,1.7316861506043832,-0.2776193363147681
I-95 NB,GP,110P04156,2025-10-21,0.9,1.1967005794813363,1.084186853206567,1.4485425742047253,-0.3643557209981583
I-95 NB,GP,110P04156,2025-10-22,0.9,2.33119174132598,2.6638583490363117,2.716545518298215,-0.05268716926190331
I-95 NB,GP,110P04156,2025-10-23,0.9,2.2964717674251665,2.5873871322588626,2.6783761165248827,-0.09098898426602009
I-95 NB,GP,110P04156,2025-10-24,0.9,1.6733150157173,1.6357012877416148,1.9871228403933818,-0.351421552651767
I-95 NB,GP,110P04156,2025-10-27,0.9,1.899053997614442,1.9750402648477006,2.2389872634889163,-0.26394699864121574
I-95 NB,GP,110P04156,2025-10-28,0.9,2.1318516509845744,2.325420826239524,2.4969438062856706,-0.1715229800461464
I-95 NB,GP,110P04156,2025-10-29,0.9,1.389570439189006,1.5295200243041147,1.6677360272159503,-0.13821600291183556
I-95 NB,GP,110P04156,2025-10-30,0.9,2.6270542416744997,2.8272897687620855,3.0405366381173935,-0.213246869355308
I-95 NB,GP,110P04156,2025-10-31,0.9,1.3994797401783075,1.4532284033514942,1.6789488098514154,-0.2257204064999212
I-95 NB,GP,110+04157,2025-10-01,0.9,4.128177936075665,4.599048631706368,4.656408951057601,-0.057360319351233535
I-95 NB,GP,110+04157,2025-10-02,0.9,0.7190572008119509,0.6858508644266663,0.8960223858965636,-0.21017152146989726
I-95 NB,GP,110+04157,2025-10-06,0.9,1.9659142762924857,1.9443997947783884,2.3132487277505813,-0.3688489329721929
I-95 NB,GP,110+04157,2025-10-07,0.9,0.4919865970163127,0.5551610691363408,0.6264737402507419,-0.0713126711144011
I-95 NB,GP,110+04157,2025-10-08,0.9,3.040530081133676,3.3198491983462675,3.489893150281887,-0.1700439519356194
I-95 NB,GP,110+04157,2025-10-09,0.9,2.4170798150214448,2.5151878347684904,2.8108284551441005,-0.2956406203756101
I-95 NB,GP,110+04157,2025-10-10,0.9,1.6742776295922,2.367152998402956,1.9882008030050313,0.37895219539792446
I-95 NB,GP,110+04157,2025-10-14,0.9,3.2004015139498487,3.5446989562012248,3.6626780762724214,-0.1179791200711966
I-95 NB,GP,110+04157,2025-10-15,0.9,2.5996367711354735,2.809396174254246,3.01060366089478,-0.20120748664053378
I-95 NB,GP,110+04157,2025-10-16,0.9,1.1120965946070571,1.4313874729938363,1.3517716193091933,0.07961585368464297
I-95 NB,GP,110+04157,2025-10-17,0.9,1.2142640518926815,1.2967143997494361,1.468582083153206,-0.1718676834037698
I-95 NB,GP,110+04157,2025-10-21,0.9,0.9749966683069855,0.8407954881408225,1.1940455365088387,-0.3532500483680162
I-95 NB,GP,110+04157,2025-10-22,0.9,2.624136068782278,2.6963938220381873,3.037351577759023,-0.34095775572083564
I-95 NB,GP,110+04157,2025-10-23,0.9,2.5965361447938005,2.6658072292556567,3.0072174281283663,-0.3414101988727096
I-95 NB,GP,110+04157,2025-10-24,0.9,1.9392841817177233,2.0169194300935573,2.2836883082331165,-0.2667688781395592
I-95 NB,GP,110+04157,2025-10-27,0.9,1.675680096471978,1.6824456717556378,1.9897712623996402,-0.30732559064400244
I-95 NB,GP,110+04157,2025-10-28,0.9,2.1806917055748785,2.1773082656921257,2.550852428313332,-0.37354416262120615
I-95 NB,GP,110+04157,2025-10-29,0.9,0.9607192862291245,1.0179671769877454,1.1775502377778473,-0.15958306079010187
I-95 NB,GP,110+04157,2025-10-30,0.9,2.86607103485977,2.9059426676537794,3.3007492271824246,-0.3948065595286452
I-95 NB,GP,110+04157,2025-10-31,0.9,1.388632634807734,1.470580907671669,1.6666746272987576,-0.19609371962708866
I-95 NB,GP,110P04157,2025-10-01,0.9,3.6117167298495323,4.346993362458692,4.105016786607357,0.2419765758513348
I-95 NB,GP,110P04157,2025-10-02,0.9,0.48382364324569305,0.543400120688104,0.6166672149123473,-0.07326709422424338
I-95 NB,GP,110P04157,2025-10-07,0.9,0.7066408319411256,0.6513438284963116,0.8814249456709469,-0.2300811171746353
I-95 NB,GP,110P04157,2025-10-08,0.9,1.6298911623707981,1.6887307753426504,1.9384584689979691,-0.24972769365531877
I-95 NB,GP,110P04157,2025-10-09,0.9,0.7169318056944859,0.6322499220963446,0.8935246678403777,-0.2612747457440331
I-95 NB,GP,110P04157,2025-10-10,0.9,1.7869066579253783,2.397228432547372,2.1140876877169585,0.2831407448304133
I-95 NB,GP,110P04157,2025-10-14,0.9,3.2670457998012945,3.329456630843301,3.734558883420648,-0.4051022525773469
I-95 NB,GP,110P04157,2025-10-15,0.9,1.3989346555848965,1.464388211551836,1.6783321420674437,-0.21394393051560767
I-95 NB,GP,110P04157,2025-10-16,0.9,1.0891242192136406,1.394714036646754,1.3254243328972375,0.0692897037495166
I-95 NB,GP,110P04157,2025-10-22,0.9,0.6978171613167177,0.7988758652796216,0.8710424251036151,-0.07216655982399345
I-95 NB,GP,110P04157,2025-10-23,0.9,0.7256724905210331,0.8181576926410751,0.9037938431502561,-0.08563615050918105
I-95 NB,GP,110P04157,2025-10-27,0.9,1.2234681611811953,1.0356367077045225,1.4790771441254844,-0.44344043642096187
I-95 NB,GP,110P04157,2025-10-28,0.9,0.49053356791368213,0.5058656614263147,0.6247288336027308,-0.11886317217641607
I-95 NB,GP,110P04157,2025-10-29,0.9,0.7166732375673875,0.7397108328198063,0.8932207754354669,-0.15350994261566053
I-95 NB,GP,110P04157,2025-10-30,0.9,1.9397889824908208,2.106805624891502,2.284248870493763,-0.177443245602261
I-95 NB,GP,110P04157,2025-10-31,0.9,1.3825293943954124,1.4348200772126063,1.6597660263463307,-0.22494594913372445
I-95 NB,GP,110+04158,2025-10-01,0.9,2.309597569227343,2.8111102261204772,2.692809806727156,0.11830041939332103
I-95 NB,GP,110+04158,2025-10-07,0.9,0.6804712476101871,0.8319008273587201,0.8506101453988332,-0.01870931804011311
I-95 NB,GP,110+04158,2025-10-08,0.9,1.3883314042848367,1.5292084571938414,1.6663336881990671,-0.13712523100522578
I-95 NB,GP,110+04158,2025-10-09,0.9,0.4723715399959536,0.5056205296482366,0.6028933421810411,-0.09727281253280451
I-95 NB,GP,110+04158,2025-10-10,0.9,1.8079955130188778,2.2729359705384904,2.1376078507755802,0.13532811976291015
I-95 NB,GP,110+04158,2025-10-14,0.9,1.577271659514921,1.7686078161038314,1.879389368710739,-0.11078155260690759
I-95 NB,GP,110+04158,2025-10-15,0.9,1.4025552350846617,1.4568905407168737,1.682427937503911,-0.22553739678703733
I-95 NB,GP,110+04158,2025-10-16,0.9,1.083868796586015,1.2637327053211407,1.3193923974362358,-0.05565969211509514
I-95 NB,GP,110+04158,2025-10-22,0.9,0.47827361678169755,0.5043454240106134,0.6099943388874182,-0.10564891487680472
I-95 NB,GP,110+04158,2025-10-29,0.9,0.46817512531026606,0.5790586210610125,0.5978414142780986,-0.01878279321708609
I-95 NB,GP,110+04158,2025-10-30,0.9,1.226067192963616,1.433126489816623,1.4820398951876703,-0.04891340537104738
I-95 NB,GP,110+04158,2025-10-31,0.9,1.187605305378911,1.1642412559323863,1.4381585052872725,-0.27391724935488626
I-95 NB,GP,110P04159,2025-10-01,0.9,1.1495505630680285,1.7338778916835205,1.39466182794851,0.33921606373501056
I-95 NB,GP,110P04159,2025-10-02,0.9,0.9489484809414405,1.5368202516140115,1.1639403957407028,0.37287985587330863
I-95 NB,GP,110P04159,2025-10-08,0.9,0.8006371648666291,0.9692499199261306,0.9915870462062356,-0.02233712628010498
I-95 NB,GP,110P04159,2025-10-09,0.9,1.047932945845951,1.351342436822399,1.2781017264296695,0.0732407103927295
I-95 NB,GP,110P04159,2025-10-14,0.9,0.6338888569227439,0.7227659091914252,0.7955899823355393,-0.0728240731441141
I-95 NB,GP,110P04159,2025-10-15,0.9,0.7343695894630271,1.1623610577325583,0.914004814982484,0.24835624275007429
I-95 NB,GP,110P04159,2025-10-16,0.9,1.0087180605798642,1.562346552324979,1.2329511063746639,0.3293954459503152
I-95 NB,GP,110P04159,2025-10-28,0.9,1.3638253167257666,1.4690586210852576,1.638582965653804,-0.16952434456854637
I-95 NB,GP,110P04146,2025-10-30,0.95,1.588957607554383,2.271298774983824,1.8870785125216165,0.38422026246220753
I-95 NB,GP,110+04147,2025-10-30,0.95,1.7360147908473433,2.4600316791038184,2.0486290176653292,0.41140266143848914
I-95 NB,GP,110P04147,2025-10-30,0.95,1.6090367340098721,2.6211064715467938,1.9091979318833527,0.711908539663441
I-95 NB,GP,110+04148,2025-10-07,0.95,0.685448401358232,0.763470860979434,0.8648530668846082,-0.10138220590517422
I-95 NB,GP,110+04148,2025-10-30,0.95,1.9204042742145715,2.5336447331112186,2.249811525736802,0.28383320737441675
I-95 NB,GP,110+04150,2025-10-01,0.95,1.2755294646725852,1.603372670743257,1.5389996632943137,0.06437300744894325
I-95 NB,GP,110+04150,2025-10-03,0.95,0.6212607303622425,0.643016690503138,0.7894341819645111,-0.14641749146137306
I-95 NB,GP,110+04150,2025-10-07,0.95,1.5134430611880352,2.0908849114786308,1.803708174598829,0.2871767368798017
I-95 NB,GP,110+04150,2025-10-21,0.95,1.044301374903675,1.5690146269935668,1.278286298308953,0.29072832868461385
I-95 NB,GP,110+04150,2025-10-24,0.95,1.0558665424770115,1.370790390620876,1.291418262535735,0.07937212808514094
I-95 NB,GP,110+04150,2025-10-28,0.95,0.6701716269212531,0.7434074764698295,0.8469512000348032,-0.10354372356497366
I-95 NB,GP,110+04150,2025-10-29,0.95,0.642696816956866,0.7123488036950031,0.8146807443290279,-0.10233194063402484
I-95 NB,GP,110+04150,2025-10-30,0.95,1.3557731924285499,1.720065259778328,1.6286483385215618,0.09141692125676615
I-95 NB,GP,110P04150,2025-10-01,0.95,1.6029423506444294,2.2890678882186584,1.9024863941509529,0.3865814940677055
I-95 NB,GP,110P04150,2025-10-03,0.95,2.0432173596482026,2.3241279486679294,2.3830308575510952,-0.05890290888316585
I-95 NB,GP,110P04150,2025-10-06,0.95,0.7822220589227121,1.1160611462882257,0.9776154130320905,0.13844573325613518
I-95 NB,GP,110P04150,2025-10-07,0.95,0.6862847504957886,0.6357020869752735,0.8658322954702433,-0.2301302084949698
I-95 NB,GP,110P04150,2025-10-08,0.95,1.9573502523755508,2.138072149078413,2.289950823931823,-0.15187867485341
I-95 NB,GP,110P04150,2025-10-09,0.95,0.6802159384372348,0.8182063191912466,0.8587247479820118,-0.04051842879076517
I-95 NB,GP,110P04150,2025-10-14,0.95,1.8985709995837121,2.17059386320709,2.2260650716427013,-0.05547120843561126
I-95 NB,GP,110P04150,2025-10-15,0.95,0.9204632297677685,0.8743078166954235,1.1369875925351602,-0.2626797758397368
I-95 NB,GP,110P04150,2025-10-16,0.95,0.633286810216343,0.8588632788559816,0.8036056031211988,0.055257675734782796
I-95 NB,GP,110P04150,2025-10-21,0.95,1.365679733958364,1.85995977925085,1.639689032187601,0.220270747063249
I-95 NB,GP,110P04150,2025-10-22,0.95,2.063151792776674,2.2509371198703274,2.404599108494217,-0.15366198862388947
I-95 NB,GP,110P04150,2025-10-24,0.95,1.1829920467906496,1.7447337027078922,1.4351089692360557,0.3096247334718365
I-95 NB,GP,110P04150,2025-10-28,0.95,2.0577423678969153,2.3046273165240287,2.3987478188075375,-0.09412050228350877
I-95 NB,GP,110P04150,2025-10-29,0.95,1.1781805250618214,1.4667033359575157,1.4296914912005008,0.03701184475701491
I-95 NB,GP,110P04150,2025-10-30,0.95,1.4563756373951455,2.0352273602015147,1.7405057620605864,0.29472159814092835
I-95 NB,GP,110+04151,2025-10-01,0.95,1.8721311941276837,2.534488770501136,2.1972820747839177,0.3372066957172182
I-95 NB,GP,110+04151,2025-10-02,0.95,2.1993282397949607,2.3425462282205585,2.5515431208324064,-0.20899689261184795
I-95 NB,GP,110+04151,2025-10-03,0.95,2.1588151704107372,2.935352641282024,2.50789698474024,0.42745565654178375
I-95 NB,GP,110+04151,2025-10-06,0.95,2.1133517689046313,2.402678353513534,2.458847351060104,-0.05616899754657023
I-95 NB,GP,110+04151,2025-10-07,0.95,1.255728022861127,1.7039702271564219,1.5168158183263716,0.1871544088300503
I-95 NB,GP,110+04151,2025-10-08,0.95,1.9905710434449966,2.4096232727176425,2.325996378830025,0.08362689388761746
I-95 NB,GP,110+04151,2025-10-09,0.95,2.0453988122350344,2.3657199474232544,2.385391836768859,-0.019671889345604487
I-95 NB,GP,110+04151,2025-10-14,0.95,2.1268969499112864,2.5856366158039075,2.4734688728306526,0.11216774297325482
I-95 NB,GP,110+04151,2025-10-15,0.95,1.6656815841400663,2.039293352193684,1.9714923969243692,0.06780095526931462
I-95 NB,GP,110+04151,2025-10-16,0.95,3.474780670723671,3.9183439952827266,3.9006624504682117,0.017681544814514893
I-95 NB,GP,110+04151,2025-10-17,0.95,0.7043823866731236,0.7154884598036507,0.8870008210945305,-0.17151236129087977
I-95 NB,GP,110+04151,2025-10-20,0.95,0.6719293227814069,0.6872774034721384,0.8490124140526701,-0.16173501058053175
I-95 NB,GP,110+04151,2025-10-21,0.95,1.3394536094961655,2.048084030185357,1.6104477144817773,0.43763631570357986
I-95 NB,GP,110+04151,2025-10-22,0.95,2.1617731336158545,2.6996358836397953,2.5110856840178015,0.18855019962199382
I-95 NB,GP,110+04151,2025-10-23,0.95,2.147313204314417,2.42582859740331,2.495494812969217,-0.06966621556590713
I-95 NB,GP,110+04151,2025-10-24,0.95,1.3450740117669149,2.0124379393268024,1.6167177329359474,0.3957202063908549
I-95 NB,GP,110+04151,2025-10-27,0.95,1.8799849930584245,2.09469706304275,2.20583494322951,-0.11113788018675974
I-95 NB,GP,110+04151,2025-10-28,0.95,3.0211390721904854,3.783617821327524,3.4257539817945,0.3578638395330236
I-95 NB,GP,110+04151,2025-10-29,0.95,2.3580542874437715,3.031808343295654,2.7219971800349416,0.30981116326071234
I-95 NB,GP,110+04151,2025-10-30,0.95,1.7242572784930816,2.2197138687380233,2.035750097484655,0.18396377125336816
I-95 NB,GP,110P04151,2025-10-01,0.95,2.9916313534044825,3.9027094091674486,3.3946924922196087,0.5080169169478399
I-95 NB,GP,110P04151,2025-10-02,0.95,4.17284285815756,4.835323211362085,4.6229443902867935,0.2123788210752915
I-95 NB,GP,110P04151,2025-10-03,0.95,3.9652901522755966,4.621190337019292,4.409170760725108,0.21201957629418366
I-95 NB,GP,110P04151,2025-10-06,0.95,3.986319882453144,4.60764886047964,4.4308668198370595,0.17678204064258018
I-95 NB,GP,110P04151,2025-10-07,0.95,1.6479732271591083,1.8430538771796061,1.9520344871218778,-0.10898060994227166
I-95 NB,GP,110P04151,2025-10-08,0.95,2.1601254848465063,2.885578396722973,2.5093095491060873,0.3762688476168856
I-95 NB,GP,110P04151,2025-10-09,0.95,4.215682950839927,4.86278384014445,4.6669719953528475,0.19581184479160285
I-95 NB,GP,110P04151,2025-10-14,0.95,3.0579870312136204,3.7864548590179057,3.4645115893662712,0.32194326965163444
I-95 NB,GP,110P04151,2025-10-15,0.95,2.0122981890537948,2.4108999290755664,2.349547521297371,0.061352407778195506
I-95 NB,GP,110P04151,2025-10-16,0.95,3.609121076008625,4.554544080426499,4.0404179550883,0.5141261253381995
I-95 NB,GP,110P04151,2025-10-17,0.95,3.8291985615778277,4.579582898495508,4.26856465979963,0.31101823869587797
I-95 NB,GP,110P04151,2025-10-20,0.95,3.2741162511444277,3.729592507200542,3.691178655234802,0.03841385196573999
I-95 NB,GP,110P04151,2025-10-21,0.95,1.6100971141749465,2.299000000174388,1.9103655054836322,0.38863449469075584
I-95 NB,GP,110P04151,2025-10-22,0.95,3.8749218645969448,4.597466194916044,4.315844240177699,0.2816219547383447
I-95 NB,GP,110P04151,2025-10-23,0.95,3.1274848882935755,3.633409262648136,3.537520043957801,0.09588921869033484
I-95 NB,GP,110P04151,2025-10-24,0.95,1.9935476380186736,2.6538373487772438,2.329223948656512,0.3246134001207319
I-95 NB,GP,110P04151,2025-10-27,0.95,2.2376558280461465,2.755145632519185,2.592781488253029,0.16236414426615609
I-95 NB,GP,110P04151,2025-10-28,0.95,3.3853555358917213,4.1132424557586225,3.807417681560015,0.3058247741986073
I-95 NB,GP,110P04151,2025-10-29,0.95,2.671864314023325,3.3881830356599107,3.0566204046319916,0.33156263102791916
I-95 NB,GP,110P04151,2025-10-30,0.95,1.9627642532698288,2.3970247282493538,2.295828162438918,0.10119656581043568
I-95 NB,GP,110P04151,2025-10-31,0.95,0.651284150190409,0.8056031368702189,0.8247774485823053,-0.01917431171208639
I-95 NB,GP,110+04152,2025-10-01,0.95,3.505604506718797,3.754717577691332,3.9327626224650305,-0.17804504477369854
I-95 NB,GP,110+04152,2025-10-02,0.95,4.278821357555276,4.52989228673327,4.731801972603947,-0.20190968587067637
I-95 NB,GP,110+04152,2025-10-03,0.95,1.935961113520213,1.9852256276757412,2.2667196919736674,-0.2814940642979262
I-95 NB,GP,110+04152,2025-10-06,0.95,4.027952536947057,4.2447363416075,4.47379435167426,-0.22905801006676008
I-95 NB,GP,110+04152,2025-10-07,0.95,1.421226591385432,1.591624226988094,1.701489645313695,-0.10986541832560093
I-95 NB,GP,110+04152,2025-10-08,0.95,2.8337502395234355,2.8545641357204667,3.228117112400613,-0.3735529766801462
I-95 NB,GP,110+04152,2025-10-09,0.95,3.3016509922790784,3.504793771317859,3.719977086678901,-0.21518331536104185
I-95 NB,GP,110+04152,2025-10-10,0.95,1.7017793724438268,1.8678004167087134,2.011110650908903,-0.14331023420018973
I-95 NB,GP,110+04152,2025-10-14,0.95,3.399459657299634,3.525770590107817,3.8221358986830087,-0.29636530857519183
I-95 NB,GP,110+04152,2025-10-15,0.95,2.1343966826922696,2.2089865422777897,2.4815616708763764,-0.2725751285985867
I-95 NB,GP,110+04152,2025-10-16,0.95,3.9699689022959497,4.43012255473718,4.413998472404008,0.016124082333171863
I-95 NB,GP,110+04152,2025-10-17,0.95,4.312016356130339,4.444802272490547,4.7658586332439,-0.321056360753353
I-95 NB,GP,110+04152,2025-10-20,0.95,3.099089837018152,3.4949682689195716,3.507704913644323,-0.012736644724751223
I-95 NB,GP,110+04152,2025-10-21,0.95,2.1087861711825653,2.370377733386054,2.453917438727045,-0.08353970534099098
I-95 NB,GP,110+04152,2025-10-22,0.95,4.033509849821383,4.162454883826876,4.47952208692885,-0.3170672031019741
I-95 NB,GP,110+04152,2025-10-23,0.95,3.313781917354417,3.582272314598194,3.7326592582691918,-0.15038694367099792
I-95 NB,GP,110+04152,2025-10-24,0.95,4.882647199787742,5.20273104783264,5.348474203167209,-0.14574315533456872
I-95 NB,GP,110+04152,2025-10-27,0.95,3.5676649089976338,3.657676071772705,3.9973313522880254,-0.33965528051532035
I-95 NB,GP,110+04152,2025-10-28,0.95,3.500940452348557,3.849956312363246,3.927906750732709,-0.07795043836946292
I-95 NB,GP,110+04152,2025-10-29,0.95,2.5789980849919365,3.1604413942567904,2.957905476508569,0.20253591774822155
I-95 NB,GP,110+04152,2025-10-30,0.95,2.1144868435862207,2.246538359971739,2.460072880626674,-0.21353452065493528
I-95 NB,GP,110+04152,2025-10-31,0.95,0.9449514385441601,1.0339006285393082,1.1650317266451038,-0.1311310981057956
I-95 NB,GP,110P04153,2025-10-01,0.95,1.7867312861530495,2.336551206393369,2.1041113637813362,0.23243984261203288
I-95 NB,GP,110P04153,2025-10-07,0.95,0.6774358943896636,0.7511644271233081,0.8554673500520988,-0.10430292292879073
I-95 NB,GP,110P04153,2025-10-08,0.95,1.3281731169759254,1.6973630176618069,1.5978576765485686,0.09950534111323828
I-95 NB,GP,110P04153,2025-10-09,0.95,1.2580810713247592,1.4257623305729377,1.51945328410284,-0.09369095352990242
I-95 NB,GP,110P04153,2025-10-10,0.95,0.6151257113344438,0.7195407233693715,0.7821971443832246,-0.06265642101385316
I-95 NB,GP,110P04153,2025-10-14,0.95,2.0072009758924505,2.4715546849177543,2.344024047399021,0.1275306375187335
I-95 NB,GP,110P04153,2025-10-20,0.95,0.9076523241724305,1.3590262705966836,1.1222950917025936,0.23673117889409
I-95 NB,GP,110P04153,2025-10-21,0.95,1.2415524528631996,2.103890788460029,1.500919265967653,0.6029715224923762
I-95 NB,GP,110P04153,2025-10-22,0.95,1.1619196942554328,1.1923026534249326,1.4113709625656252,-0.21906830914069264
I-95 NB,GP,110P04153,2025-10-29,0.95,1.7961102366456936,2.3951276682171634,2.1143591433648465,0.28076852485231685
I-95 NB,GP,110+04154,2025-10-01,0.95,2.146439524129521,2.8419942857591396,2.4945525587274795,0.3474417270316601
I-95 NB,GP,110+04154,2025-10-02,0.95,0.699683342631153,0.7446096067894739,0.8815082262670874,-0.1368986194776135
I-95 NB,GP,110+04154,2025-10-06,0.95,1.1117099304259552,1.389664130141813,1.3546835068776069,0.034980623264206034
I-95 NB,GP,110+04154,2025-10-07,0.95,1.5206672330177817,1.6149607805755986,1.8116966098950091,-0.19673582931941058
I-95 NB,GP,110+04154,2025-10-08,0.95,2.171561870795362,2.660441992925487,2.5216357548323822,0.138806238093105
I-95 NB,GP,110+04154,2025-10-09,0.95,1.809056801218372,2.3249502227918555,2.1284987024408437,0.19645152035101177
I-95 NB,GP,110+04154,2025-10-10,0.95,1.2371861816068,1.897477248613066,1.496020282223028,0.40145696639003803
I-95 NB,GP,110+04154,2025-10-14,0.95,2.9612287603409797,3.5872912043773035,3.3626659240034944,0.22462528037380913
I-95 NB,GP,110+04154,2025-10-15,0.95,1.7194236489355115,2.0778904647231,2.0304536141928655,0.0474368505302345
I-95 NB,GP,110+04154,2025-10-16,0.95,1.744445008294153,2.093459529616133,2.0578594247295143,0.03560010488661858
I-95 NB,GP,110+04154,2025-10-20,0.95,1.187205877385537,1.8592164731754433,1.439852180609128,0.41936429256631524
I-95 NB,GP,110+04154,2025-10-21,0.95,2.0370947125858057,2.767132084235324,2.37640336580159,0.390728718433734
I-95 NB,GP,110+04154,2025-10-22,0.95,1.6409236081354133,2.007375538236376,1.9442841974261666,0.0630913408102094
I-95 NB,GP,110+04154,2025-10-23,0.95,1.3996050106041216,1.9350302951574225,1.6774548462088494,0.2575754489485731
I-95 NB,GP,110+04154,2025-10-24,0.95,0.684900011628281,0.8627434563355488,0.8642109451609226,-0.0014674888253737306
I-95 NB,GP,110+04154,2025-10-27,0.95,1.4007150316233956,1.615662207182197,1.6786894060123358,-0.06302719883013874
I-95 NB,GP,110+04154,2025-10-28,0.95,1.8151133003366802,1.8207912191832822,2.1351107891140595,-0.31431956993077725
I-95 NB,GP,110+04154,2025-10-29,0.95,1.2296664247509395,1.5930470845819997,1.4875801466856036,0.10546693789639616
I-95 NB,GP,110P04154,2025-10-01,0.95,2.4906735619001403,2.8805424740923304,2.8637806193138626,0.01676185477846781
I-95 NB,GP,110P04154,2025-10-02,0.95,0.8987994189473987,1.18414474821649,1.1121332053878779,0.07201154282861211
I-95 NB,GP,110P04154,2025-10-03,0.95,0.8647315585260273,1.1353943338189376,1.0729601683806615,0.06243416543827607
I-95 NB,GP,110P04154,2025-10-06,0.95,1.594897881751953,1.8323609733515327,1.8936244786181333,-0.061263505266600626
I-95 NB,GP,110P04154,2025-10-07,0.95,1.2801526921071795,1.6192619813088518,1.5441755488550828,0.075086432453769
I-95 NB,GP,110P04154,2025-10-08,0.95,2.1393741710880105,2.9271819648117825,2.4869316393515977,0.44025032546018483
I-95 NB,GP,110P04154,2025-10-09,0.95,1.8126959245242864,2.466800581352972,2.1324718482621443,0.3343287330908278
I-95 NB,GP,110P04154,2025-10-10,0.95,1.7170204172470311,2.5216486881336957,2.027819857467373,0.49382883066632255
I-95 NB,GP,110P04154,2025-10-14,0.95,2.964410305292429,3.7963073823348386,3.36601851838146,0.4302888639533786
I-95 NB,GP,110P04154,2025-10-15,0.95,1.9397482450538504,2.2991868384577363,2.2708343049285755,0.028352533529160784
I-95 NB,GP,110P04154,2025-10-16,0.95,1.9490534040275989,2.1427662154043694,2.280941647213082,-0.13817543180871272
I-95 NB,GP,110P04154,2025-10-20,0.95,1.4194534140922999,2.0480834629881004,1.6995195572584274,0.348563905729673
I-95 NB,GP,110P04154,2025-10-21,0.95,0.678368373108567,0.8218149627122178,0.856560049262174,-0.03474508654995623
I-95 NB,GP,110P04154,2025-10-22,0.95,2.0995880777863176,2.5260943300741587,2.4439830422307964,0.0821112878433623
I-95 NB,GP,110P04154,2025-10-23,0.95,1.6152804542542971,2.165564318549191,1.9160720314664346,0.24949228708275628
I-95 NB,GP,110P04154,2025-10-27,0.95,1.744044821586198,1.8955120247416242,2.0574213253444125,-0.1619093006027883
I-95 NB,GP,110P04154,2025-10-28,0.95,2.1599349434352324,2.3199268582247954,2.5091041426964207,-0.1891772844716253
I-95 NB,GP,110P04154,2025-10-29,0.95,1.4766128794761135,1.7123319595959392,1.7629386469488095,-0.05060668735287033
I-95 NB,GP,110+04155,2025-10-01,0.95,4.031912065855999,4.617735351691704,4.477875363026883,0.13985998866482063
I-95 NB,GP,110+04155,2025-10-02,0.95,2.0932821219398314,2.0790622327737784,2.4371704876116245,-0.35810825483784603
I-95 NB,GP,110+04155,2025-10-03,0.95,1.8020614904450232,1.9104048128747346,2.120859698891522,-0.2104548860167872
I-95 NB,GP,110+04155,2025-10-06,0.95,2.049991252282513,2.2526361374052177,2.390361627754659,-0.13772549034944115
I-95 NB,GP,110+04155,2025-10-07,0.95,1.7911983279050994,2.02303320506182,2.1089926965187553,-0.08595949145693549
I-95 NB,GP,110+04155,2025-10-08,0.95,2.514044258327106,3.1342022472744078,2.8887091296101257,0.24549311766428206
I-95 NB,GP,110+04155,2025-10-09,0.95,2.617688238203573,2.9133823892667627,2.999062914458267,-0.08568052519150404
I-95 NB,GP,110+04155,2025-10-10,0.95,1.8498915120304795,2.8264682288948526,2.1730487743651077,0.6534194545297449
I-95 NB,GP,110+04155,2025-10-14,0.95,3.4931867070970566,4.173061325780531,3.9198330880158347,0.2532282377646964
I-95 NB,GP,110+04155,2025-10-15,0.95,2.4393970990765492,2.7318519293188093,2.809026963958541,-0.07717503463973152
I-95 NB,GP,110+04155,2025-10-16,0.95,2.2186155169973176,2.5125195843082424,2.57230157725994,-0.059781992951697394
I-95 NB,GP,110+04155,2025-10-17,0.95,1.6335760921235567,1.787720126607773,1.9362038503836438,-0.14848372377587093
I-95 NB,GP,110+04155,2025-10-20,0.95,1.8316213846681015,2.1601454721266293,2.153125179679708,0.00702029244692115
I-95 NB,GP,110+04155,2025-10-21,0.95,1.1579226084308203,1.1890762756898245,1.4068647636182656,-0.21778848792844108
I-95 NB,GP,110+04155,2025-10-22,0.95,2.6136052862856274,2.875938691770915,2.994721669462248,-0.11878297769133317
I-95 NB,GP,110+04155,2025-10-23,0.95,2.1229382452363414,2.574598176425931,2.4691962928666986,0.10540188355923252
I-95 NB,GP,110+04155,2025-10-24,0.95,1.8594439589681153,1.8233095206281233,2.183460080867175,-0.36015056023905156
I-95 NB,GP,110+04155,2025-10-27,0.95,1.7933602713619698,2.104558775012412,2.111354832228717,-0.0067960572163050514
I-95 NB,GP,110+04155,2025-10-28,0.95,1.96122649095877,2.419447381561567,2.2941589151465953,0.12528846641497182
I-95 NB,GP,110+04155,2025-10-29,0.95,1.515924059970596,1.881381322166868,1.8064519534148167,0.07492936875205136
I-95 NB,GP,110+04155,2025-10-30,0.95,1.4050870361666759,1.3838638810107995,1.6835512429971855,-0.299687361986386
I-95 NB,GP,110P04155,2025-10-01,0.95,4.061313276212412,4.988070544181072,4.508169627088119,0.47990091709295335
I-95 NB,GP,110P04155,2025-10-02,0.95,2.353897933235435,2.371537695182521,2.7175444950232586,-0.3460067998407377
I-95 NB,GP,110P04155,2025-10-06,0.95,2.3361243830943574,2.3808021199990663,2.698497364773633,-0.31769524477456645
I-95 NB,GP,110P04155,2025-10-07,0.95,2.018828062987201,2.1410321940258656,2.3566219926418572,-0.2155897986159916
I-95 NB,GP,110P04155,2025-10-08,0.95,3.751717880594443,4.202838536288513,4.1883536598056,0.0144848764829133
I-95 NB,GP,110P04155,2025-10-09,0.95,2.8383735275268385,3.221691202758343,3.2330043239989257,-0.011313121240582813
I-95 NB,GP,110P04155,2025-10-10,0.95,2.2511324402170265,3.141093606990372,2.6072694524895974,0.5338241545007745
I-95 NB,GP,110P04155,2025-10-14,0.95,3.2386745230652303,4.14435928024274,3.654084652241648,0.4902746280010919
I-95 NB,GP,110P04155,2025-10-15,0.95,2.694692464743355,2.9148639848912135,3.0808481288245675,-0.16598414393335403
I-95 NB,GP,110P04155,2025-10-16,0.95,3.552575793840936,4.1990352322487885,3.981639866688653,0.21739536556013528
I-95 NB,GP,110P04155,2025-10-17,0.95,2.0019146922013107,2.3338759494842622,2.33829462477444,-0.004418675290177809
I-95 NB,GP,110P04155,2025-10-20,0.95,0.8988620652053821,1.0505052138050028,1.112205139691884,-0.06169992588688111
I-95 NB,GP,110P04155,2025-10-21,0.95,1.3451647818656616,1.5089691435133517,1.6168189789068017,-0.10784983539345006
I-95 NB,GP,110P04155,2025-10-22,0.95,2.593233805857668,3.049040419435381,2.9730541488497986,0.07598627058558227
I-95 NB,GP,110P04155,2025-10-23,0.95,2.5832036383093984,2.8328609313773416,2.9623813614117736,-0.12952043003443192
I-95 NB,GP,110P04155,2025-10-24,0.95,2.0081432861903443,2.1780467351228237,2.345045235576186,-0.1669985004533623
I-95 NB,GP,110P04155,2025-10-27,0.95,2.2452189246493894,2.596163660043741,2.6009129283903176,-0.004749268346576407
I-95 NB,GP,110P04155,2025-10-28,0.95,2.4532671862867144,2.6928559520492237,2.823845723391031,-0.13098977134180734
I-95 NB,GP,110P04155,2025-10-29,0.95,3.653056024896154,3.9556413298392403,4.086041959328188,-0.13040062948894793
I-95 NB,GP,110P04155,2025-10-30,0.95,4.066764959125863,4.52296999908886,4.513785164754551,0.0091848343343095
I-95 NB,GP,110P04155,2025-10-31,0.95,1.6924138912967739,1.9133533962903186,2.000837658083995,-0.08748426179367641
I-95 NB,GP,110+04156,2025-10-01,0.95,4.3651140919155935,5.1484690440816845,4.820295486331592,0.3281735577500928
I-95 NB,GP,110+04156,2025-10-02,0.95,2.384653227080085,2.330835315296567,2.750479180165628,-0.419643864869061
I-95 NB,GP,110+04156,2025-10-06,0.95,2.3346986887213026,2.5356398604682235,2.6969690599241547,-0.16132919945593116
I-95 NB,GP,110+04156,2025-10-07,0.95,2.0636557986820767,2.1915637864846125,2.405144227447611,-0.21358044096299844
I-95 NB,GP,110+04156,2025-10-08,0.95,4.034550434783992,4.298988747617895,4.480594519632371,-0.1816057720144757
I-95 NB,GP,110+04156,2025-10-09,0.95,2.940655116792958,3.2402933192635754,3.340979905069892,-0.1006865858063164
I-95 NB,GP,110+04156,2025-10-10,0.95,2.2350291185248663,3.2953541264217705,2.589956926895964,0.7053971995258066
I-95 NB,GP,110+04156,2025-10-14,0.95,3.3285868118821162,4.073834581241818,3.74813238106206,0.3257022001797578
I-95 NB,GP,110+04156,2025-10-15,0.95,2.706461891989958,3.000000241966137,3.0933333488965493,-0.09333310693041241
I-95 NB,GP,110+04156,2025-10-16,0.95,4.057114245878243,4.3370483111740326,4.503844021510385,-0.16679571033635288
I-95 NB,GP,110+04156,2025-10-20,0.95,1.175842246661471,1.2882286663844884,1.4270581584704891,-0.1388294920860007
I-95 NB,GP,110+04156,2025-10-21,0.95,1.3757812597021672,1.5494245870702088,1.6509410969429659,-0.10151650987275707
I-95 NB,GP,110+04156,2025-10-22,0.95,2.6848800129314765,3.0677284520465737,3.070435902542899,-0.0027074504963251478
I-95 NB,GP,110+04156,2025-10-24,0.95,2.0560580230448373,2.2292898974767534,2.3969256635262486,-0.16763576604949515
I-95 NB,GP,110+04156,2025-10-27,0.95,2.2947202930511725,2.6380145134159494,2.6540858039312214,-0.016071290515272008
I-95 NB,GP,110+04156,2025-10-28,0.95,2.738007313678123,2.821886991212014,3.1267780721535208,-0.30489108094150685
I-95 NB,GP,110+04156,2025-10-29,0.95,3.728084492730548,4.013099699378566,4.1638638264136825,-0.15076412703511632
I-95 NB,GP,110+04156,2025-10-30,0.95,4.182941876630284,4.49199563526553,4.633326269561551,-0.141330634296021
I-95 NB,GP,110+04156,2025-10-31,0.95,2.1246545948263,2.212704038272011,2.4710487976809397,-0.25834475940892876
I-95 NB,GP,110P04156,2025-10-01,0.95,4.029251763557675,4.866431082880335,4.475133471726748,0.3912976111535871
I-95 NB,GP,110P04156,2025-10-02,0.95,1.7202646383164257,1.8636678348352291,2.031375211122517,-0.16770737628728782
I-95 NB,GP,110P04156,2025-10-03,0.95,1.447753458173723,1.5764682213626193,1.7309413158255376,-0.15447309446291824
I-95 NB,GP,110P04156,2025-10-06,0.95,2.178118569083199,2.26091409490152,2.528700494520731,-0.26778639961921114
I-95 NB,GP,110P04156,2025-10-07,0.95,2.1989309677916555,2.265657629511868,2.551115408647875,-0.2854577791360069
I-95 NB,GP,110P04156,2025-10-08,0.95,2.9567878494170308,3.4756649581220227,3.3579858226163037,0.11767913550571896
I-95 NB,GP,110P04156,2025-10-09,0.95,2.6159653816425683,2.896266132701581,2.9972311271545045,-0.1009649944529234
I-95 NB,GP,110P04156,2025-10-10,0.95,1.8469252736534327,2.713144383683895,2.169815055029664,0.5433293286542309
I-95 NB,GP,110P04156,2025-10-14,0.95,3.255140038491649,3.7434141370924454,3.6713213971986933,0.07209273989375209
I-95 NB,GP,110P04156,2025-10-15,0.95,2.7524123886395166,2.9786143604400706,3.142041210580406,-0.1634268501403353
I-95 NB,GP,110P04156,2025-10-16,0.95,3.7674417881050535,3.977840247452405,4.20464122608655,-0.22680097863414517
I-95 NB,GP,110P04156,2025-10-17,0.95,1.6949445488218928,1.6935045913866247,2.003613938036085,-0.3101093466494602
I-95 NB,GP,110P04156,2025-10-21,0.95,1.1967005794813363,1.2847898238594742,1.4505352608297268,-0.16574543697025268
I-95 NB,GP,110P04156,2025-10-22,0.95,2.8255776780784863,2.831393187499747,3.2194766095576917,-0.38808342205794455
I-95 NB,GP,110P04156,2025-10-23,0.95,2.7964609067637998,2.8382451410271936,3.18867801552118,-0.3504328744939862
I-95 NB,GP,110P04156,2025-10-24,0.95,1.9232660881876404,2.0932563031330877,2.2529226657921386,-0.15966636265905088
I-95 NB,GP,110P04156,2025-10-27,0.95,1.899053997614442,2.1823892454768723,2.226590605102132,-0.044201359625259506
I-95 NB,GP,110P04156,2025-10-28,0.95,2.3737847398297998,2.515573221908779,2.738844041249352,-0.22327081934057302
I-95 NB,GP,110P04156,2025-10-29,0.95,1.638346277139043,1.7229883911508637,1.941450104240471,-0.21846171308960738
I-95 NB,GP,110P04156,2025-10-30,0.95,2.876208750427308,3.125510484632192,3.2729779495229576,-0.14746746489076568
I-95 NB,GP,110P04156,2025-10-31,0.95,1.6493594518082744,1.6528584300947784,1.9535582092686214,-0.30069977917384305
I-95 NB,GP,110+04157,2025-10-01,0.95,4.376622741118632,4.837934561452353,4.832088076533523,0.005846484918829553
I-95 NB,GP,110+04157,2025-10-02,0.95,0.7190572008119509,0.8916003432470935,0.9041369481490423,-0.012536604901948856
I-95 NB,GP,110+04157,2025-10-06,0.95,2.2056148953035097,2.284387841775391,2.558310739088929,-0.2739228973135379
I-95 NB,GP,110+04157,2025-10-07,0.95,2.2261726418119965,2.1657230710249022,2.5804315898026626,-0.4147085187777604
I-95 NB,GP,110+04157,2025-10-08,0.95,3.289036842545479,3.4694426422902853,3.706786173251021,-0.2373435309607359
I-95 NB,GP,110+04157,2025-10-09,0.95,2.6654312980841923,2.870227924717492,3.049790299537855,-0.17956237482036297
I-95 NB,GP,110+04157,2025-10-10,0.95,1.6742776295922,2.512742451357401,1.9809323374377408,0.5318101139196603
I-95 NB,GP,110+04157,2025-10-14,0.95,3.448898441625684,3.737413538827193,3.873692672120815,-0.13627913329362196
I-95 NB,GP,110+04157,2025-10-15,0.95,2.8441015957558453,2.96084218740846,3.23905858815715,-0.27821640074869025
I-95 NB,GP,110+04157,2025-10-16,0.95,3.5664402251258758,3.610899146081542,3.996057956422528,-0.385158810340986
I-95 NB,GP,110+04157,2025-10-17,0.95,1.4639463119814375,1.5601761900741877,1.7489004292893873,-0.18872423921519954
I-95 NB,GP,110+04157,2025-10-21,0.95,0.9749966683069855,1.0501318655756602,1.1993685358727442,-0.14923667029708398
I-95 NB,GP,110+04157,2025-10-22,0.95,2.624136068782278,2.862134359246059,3.0059176510384042,-0.1437832917923454
I-95 NB,GP,110+04157,2025-10-23,0.95,2.8441871565876813,2.874845484708526,3.23914901475711,-0.3643035300485842
I-95 NB,GP,110+04157,2025-10-24,0.95,2.18210050710148,2.219710603667854,2.532990222791803,-0.3132796191239491
I-95 NB,GP,110+04157,2025-10-27,0.95,1.675680096471978,1.8730126237719171,1.9824721564035275,-0.10945953263161035
I-95 NB,GP,110+04157,2025-10-28,0.95,2.1806917055748785,2.3805609997236115,2.5314725901841357,-0.15091159046052427
I-95 NB,GP,110+04157,2025-10-29,0.95,1.2097995258843386,1.2997083103038014,1.4652636966990367,-0.16555538639523526
I-95 NB,GP,110+04157,2025-10-30,0.95,3.11538848082914,3.2504797686085634,3.5248210702577074,-0.27434130164914405
I-95 NB,GP,110+04157,2025-10-31,0.95,1.6386052498149581,1.6734496934469112,1.9417348911247583,-0.2682851976778471
I-95 NB,GP,110P04157,2025-10-01,0.95,3.860307666405457,4.535510302459715,4.300737010807723,0.234773291651992
I-95 NB,GP,110P04157,2025-10-02,0.95,0.9827647047247912,0.8555841679262651,1.2082336538512153,-0.35264948592495016
I-95 NB,GP,110P04157,2025-10-07,0.95,0.9558199045481165,0.9097377785309201,1.1774615616556716,-0.26772378312475154
I-95 NB,GP,110P04157,2025-10-08,0.95,3.114144237644264,3.4342053128487833,3.5235146456321176,-0.0893093327833343
I-95 NB,GP,110P04157,2025-10-09,0.95,0.7169318056944859,0.8911852497161277,0.9016566454169492,-0.010471395700821562
I-95 NB,GP,110P04157,2025-10-10,0.95,1.7869066579253783,2.540695714594137,2.104303016777254,0.43639269781688306
I-95 NB,GP,110P04157,2025-10-14,0.95,3.516950806165289,3.642454298793829,3.944573617438098,-0.302119318644269
I-95 NB,GP,110P04157,2025-10-15,0.95,2.8840520660869498,2.9197498049012562,3.2812598069664296,-0.36151000206517336
I-95 NB,GP,110P04157,2025-10-16,0.95,1.3389772741903159,1.6142386951815895,1.6099162365187365,0.004322458662852968
I-95 NB,GP,110P04157,2025-10-22,0.95,1.2303171289030288,1.2720480953303384,1.4883106401602246,-0.21626254482988627
I-95 NB,GP,110P04157,2025-10-23,0.95,0.9754055560845264,1.1605568674518016,1.199835297418057,-0.03927842996625541
I-95 NB,GP,110P04157,2025-10-27,0.95,1.4716887860402668,1.3998640429391325,1.7574823624899873,-0.3576183195508549
I-95 NB,GP,110P04157,2025-10-28,0.95,0.9857510326187088,0.9335003400376849,1.211640396948777,-0.2781400569110921
I-95 NB,GP,110P04157,2025-10-29,0.95,0.9666443534186819,1.094849432862412,1.189830945192796,-0.09498151233038388
I-95 NB,GP,110P04157,2025-10-30,0.95,2.678266286896981,2.657491550313415,3.063416375102692,-0.40592482478927705
I-95 NB,GP,110P04157,2025-10-31,0.95,1.6315768896105753,1.6749062934428225,1.9340047977823336,-0.2590985043395111
I-95 NB,GP,110+04158,2025-10-01,0.95,3.7422297460630394,4.257559584909832,4.178523025136891,0.07903655977294122
I-95 NB,GP,110+04158,2025-10-07,0.95,0.9300932846704277,0.9975154053176017,1.1480223559456912,-0.1505069506280895
I-95 NB,GP,110+04158,2025-10-08,0.95,1.3883314042848367,1.7139450885830172,1.6649123935293433,0.049032695053673914
I-95 NB,GP,110+04158,2025-10-09,0.95,0.7223370231498617,0.7234375858186552,0.907963414243488,-0.18452582842483278
I-95 NB,GP,110+04158,2025-10-10,0.95,2.057695341885428,2.4001670585832575,2.3986969466598955,0.0014701119233619941
I-95 NB,GP,110+04158,2025-10-14,0.95,1.8209712380737817,1.9856047407925919,2.141504588432531,-0.15589984763993914
I-95 NB,GP,110+04158,2025-10-15,0.95,1.4025552350846617,1.618964766426231,1.6807359159076567,-0.0617711494814257
I-95 NB,GP,110+04158,2025-10-16,0.95,1.083868796586015,1.3942022564471757,1.3231714923093414,0.07103076413783427
I-95 NB,GP,110+04158,2025-10-22,0.95,0.7282686087107526,0.7327833295314908,0.9148804372472068,-0.18209710771571597
I-95 NB,GP,110+04158,2025-10-29,0.95,0.7177701907427083,0.8137926184013348,0.9026350907473898,-0.08884247234605502
I-95 NB,GP,110+04158,2025-10-30,0.95,1.972100319666538,2.0650280244385564,2.3059604824888615,-0.24093245805030516
I-95 NB,GP,110+04158,2025-10-31,0.95,1.4359875077595223,1.391465046967402,1.7178829106981277,-0.3264178637307258
I-95 NB,GP,110P04159,2025-10-01,0.95,1.6394260410585992,2.066991685082497,1.942637476834652,0.12435420824784527
I-95 NB,GP,110P04159,2025-10-02,0.95,0.9489484809414405,1.6069252984487312,1.1696041765393443,0.4373211219093869
I-95 NB,GP,110P04159,2025-10-08,0.95,0.8006371648666291,1.0589238933000094,0.9989554424661754,0.05996845083383395
I-95 NB,GP,110P04159,2025-10-09,0.95,1.047932945845951,1.4486978902317929,1.2824109804591732,0.16628690977261962
I-95 NB,GP,110P04159,2025-10-14,0.95,0.8827420570845609,0.8190143420509476,1.0936831692103186,-0.274668827159371
I-95 NB,GP,110P04159,2025-10-15,0.95,0.9824206837006692,1.2438633616331307,1.2078411537150164,0.03602220791811428
I-95 NB,GP,110P04159,2025-10-16,0.95,1.2528958819452927,1.633520371413681,1.5136408793200786,0.11987949209360238
I-95 NB,GP,110P04159,2025-10-28,0.95,1.606823316583906,1.5868371549843716,1.906760582350887,-0.31992342736651547
I-95 NB,GP,110P04146,2025-10-30,1.0,1.588957607554383,2.353465331042657,1.827805908441157,0.5256594226015001
I-95 NB,GP,110+04147,2025-10-30,1.0,1.7360147908473433,2.5457418959885794,1.992025236856242,0.5537166591323373
I-95 NB,GP,110P04147,2025-10-30,1.0,1.8590347783873584,2.7019720849466693,2.1291015447124026,0.5728705402342666
I-95 NB,GP,110+04148,2025-10-07,1.0,0.685448401358232,0.8729295518770585,0.8072654866250322,0.06566406525202628
I-95 NB,GP,110+04148,2025-10-30,1.0,1.9204042742145715,2.6405953794192203,2.19738714865424,0.4432082307649803
I-95 NB,GP,110+04150,2025-10-01,1.0,1.5251797228176749,1.7100590798136808,1.7564546653743065,-0.04639558556062573
I-95 NB,GP,110+04150,2025-10-03,1.0,0.6212607303622425,0.7112997072016687,0.7336875415187851,-0.02238783431711644
I-95 NB,GP,110+04150,2025-10-07,1.0,1.5134430611880352,2.1639518270146443,1.7433153214456036,0.42063650556904064
I-95 NB,GP,110+04150,2025-10-21,1.0,1.044301374903675,1.6420755382799646,1.2154794954714212,0.42659604280854335
I-95 NB,GP,110+04150,2025-10-24,1.0,1.0558665424770115,1.4359167675411848,1.2285614578609119,0.20735530968027294
I-95 NB,GP,110+04150,2025-10-28,1.0,0.6701716269212531,0.822575365599846,0.7897720118440565,0.032803353755789466
I-95 NB,GP,110+04150,2025-10-29,1.0,0.642696816956866,0.7882416252865406,0.7582822459726605,0.029959379313880152
I-95 NB,GP,110+04150,2025-10-30,1.0,1.3557731924285499,1.801452390312672,1.5665155711687657,0.2349368191439063
I-95 NB,GP,110P04150,2025-10-01,1.0,1.6029423506444294,2.3638563613697707,1.8434404506250104,0.5204159107447603
I-95 NB,GP,110P04150,2025-10-03,1.0,2.0432173596482026,2.395534263521759,2.3338593124824984,0.061674951039260684
I-95 NB,GP,110P04150,2025-10-06,1.0,0.7822220589227121,1.1919130282056292,0.9178373534439319,0.27407567476169725
I-95 NB,GP,110P04150,2025-10-07,1.0,0.6862847504957886,0.7338116474455878,0.8082228748464366,-0.07441122740084882
I-95 NB,GP,110P04150,2025-10-08,1.0,1.9573502523755508,2.2241113048448766,2.2384672139535953,-0.014355909108718645
I-95 NB,GP,110P04150,2025-10-09,1.0,0.9280259800823127,1.011170580859828,1.08372068195467,-0.07255010109484217
I-95 NB,GP,110P04150,2025-10-14,1.0,1.8985709995837121,2.2636995885802604,2.173100451927641,0.09059913665261954
I-95 NB,GP,110P04150,2025-10-15,1.0,0.9204632297677685,1.0164637526665132,1.0751354320938178,-0.05867167942730456
I-95 NB,GP,110P04150,2025-10-16,1.0,0.633286810216343,0.9544649625436894,0.7474885445414403,0.20697641800224909
I-95 NB,GP,110P04150,2025-10-21,1.0,1.365679733958364,1.933417623202727,1.577640357660357,0.3557772655423699
I-95 NB,GP,110P04150,2025-10-22,1.0,2.311451847509441,2.3462582247867356,2.6311462320986303,-0.2848880073118947
I-95 NB,GP,110P04150,2025-10-24,1.0,1.1829920467906496,1.8146753381530876,1.3721046770886085,0.44257066106447907
I-95 NB,GP,110P04150,2025-10-28,1.0,2.0577423678969153,2.4939960907306395,2.3499843092198063,0.14401178151083327
I-95 NB,GP,110P04150,2025-10-29,1.0,1.1781805250618214,1.5909697684008346,1.3666799374452985,0.22428983095553612
I-95 NB,GP,110P04150,2025-10-30,1.0,1.7017700222177248,2.128203272879148,1.95382002119972,0.1743832516794277
I-95 NB,GP,110+04151,2025-10-01,1.0,2.1203353309231123,2.6276668630262265,2.4194359726106303,0.20823089041559628
I-95 NB,GP,110+04151,2025-10-02,1.0,2.6972530843205598,3.099007161669191,3.0570659070688446,0.04194125460034659
I-95 NB,GP,110+04151,2025-10-03,1.0,2.6527746982638702,3.3901042988682963,3.0080542697936923,0.38205002907460406
I-95 NB,GP,110+04151,2025-10-06,1.0,2.1133517689046313,2.515456315859197,2.4116900546933744,0.10376626116582255
I-95 NB,GP,110+04151,2025-10-07,1.0,1.7474161701009399,1.7916490607451445,2.0047404963715296,-0.2130914356263851
I-95 NB,GP,110+04151,2025-10-08,1.0,1.9905710434449966,2.495687755103601,2.2753867143577695,0.22030104074583168
I-95 NB,GP,110+04151,2025-10-09,1.0,2.0453988122350344,2.4505532631954603,2.336281265180616,0.11427199801484411
I-95 NB,GP,110+04151,2025-10-14,1.0,2.1268969499112864,2.6805279356632656,2.4267132354506735,0.2538147002125921
I-95 NB,GP,110+04151,2025-10-15,1.0,1.6656815841400663,2.1385083854418383,1.9135346005425407,0.22497378489929765
I-95 NB,GP,110+04151,2025-10-16,1.0,3.474780670723671,4.007952842506123,3.910482446801135,0.09747039570498783
I-95 NB,GP,110+04151,2025-10-17,1.0,0.9542861562637232,0.9289546722479419,1.1135161828464986,-0.18456151059855663
I-95 NB,GP,110+04151,2025-10-20,1.0,0.6719293227814069,0.7753355265289078,0.7917853177336862,-0.016449791204778408
I-95 NB,GP,110+04151,2025-10-21,1.0,1.5879761665858032,2.124373090740541,1.8267085412533155,0.29766454948722565
I-95 NB,GP,110+04151,2025-10-22,1.0,2.1617731336158545,2.795553751458891,2.4653826926727875,0.33017105878610353
I-95 NB,GP,110+04151,2025-10-23,1.0,2.147313204314417,2.520019337216915,2.449352179575268,0.07066715764164666
I-95 NB,GP,110+04151,2025-10-24,1.0,1.585577099221219,2.089346048562164,1.8240260199621667,0.26532002859999726
I-95 NB,GP,110+04151,2025-10-27,1.0,2.1042033783182355,2.3866454817837215,2.4015419013193724,-0.014896419535650907
I-95 NB,GP,110+04151,2025-10-28,1.0,3.2708431466682995,3.920233487750311,3.6872124101879593,0.23302107756235158
I-95 NB,GP,110+04151,2025-10-29,1.0,2.6048576785972624,3.1269401361770215,2.955227766975801,0.17171236920122057
I-95 NB,GP,110+04151,2025-10-30,1.0,1.7242572784930816,2.3096914816408725,1.9789103545786082,0.33078112706226426
I-95 NB,GP,110P04151,2025-10-01,1.0,4.199656618825481,4.979356310286897,4.701243079965298,0.2781132303215985
I-95 NB,GP,110P04151,2025-10-02,1.0,4.17284285815756,4.936850533369557,4.672064656550151,0.26478587681940624
I-95 NB,GP,110P04151,2025-10-03,1.0,3.9652901522755966,4.71348683268433,4.446027894790387,0.26745893789394337
I-95 NB,GP,110P04151,2025-10-06,1.0,3.986319882453144,4.7010903737118035,4.468945275991977,0.23214509771982605
I-95 NB,GP,110P04151,2025-10-07,1.0,1.6479732271591083,1.9269959471373321,1.8937579044371355,0.03323804270019659
I-95 NB,GP,110P04151,2025-10-08,1.0,2.4054202882774725,2.9834380260131117,2.7350579556529255,0.24838007036018617
I-95 NB,GP,110P04151,2025-10-09,1.0,4.215682950839927,4.953196331899622,4.718680256039278,0.23451607586034395
I-95 NB,GP,110P04151,2025-10-14,1.0,3.3078243486997234,3.8909466203538075,3.727727540736385,0.16321907961742266
I-95 NB,GP,110P04151,2025-10-15,1.0,2.0122981890537948,2.500180073500838,2.2995235510872827,0.20065652241355547
I-95 NB,GP,110P04151,2025-10-16,1.0,3.609121076008625,4.700445696511587,4.057356063209547,0.6430896333020399
I-95 NB,GP,110P04151,2025-10-17,1.0,3.8291985615778277,4.6951648836707545,4.2976374667619055,0.39752741690884896
I-95 NB,GP,110P04151,2025-10-20,1.0,3.5236871859090892,3.8212521798022814,3.963969756297704,-0.14271757649542272
I-95 NB,GP,110P04151,2025-10-21,1.0,1.8571070539549934,2.3796501486276687,2.1269555611842312,0.2526945874434374
I-95 NB,GP,110P04151,2025-10-22,1.0,3.8749218645969448,4.685546200553173,4.347509082573276,0.3380371179798969
I-95 NB,GP,110P04151,2025-10-23,1.0,3.1274848882935755,3.7381775003430646,3.530032181630369,0.20814531871269581
I-95 NB,GP,110P04151,2025-10-24,1.0,1.9935476380186736,2.7652664530012725,2.2786938682092397,0.4865725847920328
I-95 NB,GP,110P04151,2025-10-27,1.0,2.2376558280461465,2.8510584514860255,2.5494587392864396,0.3015997121995859
I-95 NB,GP,110P04151,2025-10-28,1.0,3.3853555358917213,4.20494602740735,3.8126266276605674,0.3923193997467824
I-95 NB,GP,110P04151,2025-10-29,1.0,2.671864314023325,3.4805954662886895,3.0290923014682707,0.45150316482041886
I-95 NB,GP,110P04151,2025-10-30,1.0,1.9627642532698288,2.509346431590317,2.244485183390553,0.2648612481997641
I-95 NB,GP,110P04151,2025-10-31,1.0,0.8816739909225713,0.9076334871758917,1.0310703910777583,-0.12343690390186668
I-95 NB,GP,110+04152,2025-10-01,1.0,4.481384079239929,4.734831691320323,5.007506678416448,-0.27267498709612426
I-95 NB,GP,110+04152,2025-10-02,1.0,4.527554754781404,4.711664459090512,5.057646113617045,-0.3459816545265326
I-95 NB,GP,110+04152,2025-10-03,1.0,1.935961113520213,2.159849682251981,2.2146874005411963,-0.05483771828921524
I-95 NB,GP,110+04152,2025-10-06,1.0,4.027952536947057,4.418896609791247,4.51430495572049,-0.09540834592924341
I-95 NB,GP,110+04152,2025-10-07,1.0,1.6675116804846863,1.7466784842984056,1.9155781157596565,-0.16889963146125098
I-95 NB,GP,110+04152,2025-10-08,1.0,2.8337502395234355,3.003294726990535,3.2073352457919286,-0.20404051880139384
I-95 NB,GP,110+04152,2025-10-09,1.0,3.549837407928781,3.6785320050018546,3.9925607743902427,-0.3140287693883881
I-95 NB,GP,110+04152,2025-10-10,1.0,1.9517787726355498,2.039326949949548,2.2322737111943107,-0.19294676124476284
I-95 NB,GP,110+04152,2025-10-14,1.0,3.648702337343618,3.749216446240293,4.10060058792542,-0.35138414168512755
I-95 NB,GP,110+04152,2025-10-15,1.0,2.1343966826922696,2.3794259674062563,2.4350301578783173,-0.055604190472061
I-95 NB,GP,110+04152,2025-10-16,1.0,4.463420891608497,4.611282958274686,4.9879955024437495,-0.3767125441690631
I-95 NB,GP,110+04152,2025-10-17,1.0,4.560028998801097,4.641626438902864,5.092903209453029,-0.451276770550165
I-95 NB,GP,110+04152,2025-10-20,1.0,3.099089837018152,3.6312348851528715,3.4988757480761112,0.13235913707676028
I-95 NB,GP,110+04152,2025-10-21,1.0,2.3565155201719614,2.4961397777478007,2.6809927946819836,-0.18485301693418288
I-95 NB,GP,110+04152,2025-10-22,1.0,4.033509849821383,4.333505933254509,4.520358772565671,-0.18685283931116192
I-95 NB,GP,110+04152,2025-10-23,1.0,4.305597950372146,4.492274968951484,4.8164765184911,-0.324201549539616
I-95 NB,GP,110+04152,2025-10-24,1.0,5.131050402452979,5.383553509298706,5.711752965141662,-0.32819945584295596
I-95 NB,GP,110+04152,2025-10-27,1.0,3.815008576135391,3.8261978328379125,4.282156692983676,-0.4559588601457638
I-95 NB,GP,110+04152,2025-10-28,1.0,3.7485140187805923,4.000790498832125,4.209591893246611,-0.2088013944144862
I-95 NB,GP,110+04152,2025-10-29,1.0,3.068678129887783,3.342894450550971,3.465497673464214,-0.12260322291324277
I-95 NB,GP,110+04152,2025-10-30,1.0,2.3611896585178296,2.4170528432185345,2.6861614922099166,-0.2691086489913821
I-95 NB,GP,110+04152,2025-10-31,1.0,2.668448470732022,2.5775891654009473,3.0253281240285324,-0.44773895862758506
I-95 NB,GP,110P04153,2025-10-01,1.0,2.0324106710402563,2.422284330214265,2.3218601420821257,0.10042418813213949
I-95 NB,GP,110P04153,2025-10-07,1.0,0.9140065471720425,0.8954505222673116,1.0678042301399304,-0.17235370787261883
I-95 NB,GP,110P04153,2025-10-08,1.0,1.3281731169759254,1.7812170837099481,1.5355093501592634,0.24570773355068476
I-95 NB,GP,110P04153,2025-10-09,1.0,1.2580810713247592,1.5484519444425946,1.4566851654034543,0.09176677903914032
I-95 NB,GP,110P04153,2025-10-10,1.0,0.6151257113344438,0.7915471501816521,0.7266441851532318,0.0649029650284203
I-95 NB,GP,110P04153,2025-10-14,1.0,2.257016284251911,2.600278043422286,2.5708967308988644,0.029381312523421688
I-95 NB,GP,110P04153,2025-10-20,1.0,1.146303866888614,1.4321752481467789,1.3307248750183431,0.10145037312843574
I-95 NB,GP,110P04153,2025-10-21,1.0,1.4819965931050672,2.171584271135603,1.7080964671446335,0.46348780399096956
I-95 NB,GP,110P04153,2025-10-22,1.0,1.1619196942554328,1.3042515994084047,1.3483420930793464,-0.044090493670941644
I-95 NB,GP,110P04153,2025-10-29,1.0,1.7961102366456936,2.4775211551006473,2.0590200484597307,0.41850110664091655
I-95 NB,GP,110+04154,2025-10-01,1.0,2.395293189181271,2.9364515602169385,2.7238648005279917,0.2125867596889468
I-95 NB,GP,110+04154,2025-10-02,1.0,0.699683342631153,0.8834136151932152,0.8235561273285236,0.05985748786469158
I-95 NB,GP,110+04154,2025-10-06,1.0,1.6060829091218216,1.5553900802643161,1.8469509787301375,-0.29156089846582134
I-95 NB,GP,110+04154,2025-10-07,1.0,1.5206672330177817,1.7220059404443069,1.7514032110856237,-0.02939727064131681
I-95 NB,GP,110+04154,2025-10-08,1.0,2.171561870795362,2.7718045740008006,2.4762329408302692,0.29557163317053137
I-95 NB,GP,110+04154,2025-10-09,1.0,2.058650176872674,2.424888433722172,2.350992010982686,0.07389642273948605
I-95 NB,GP,110+04154,2025-10-10,1.0,1.4819585612084505,1.9826176363651673,1.708053860278276,0.2745637760868913
I-95 NB,GP,110+04154,2025-10-14,1.0,2.9612287603409797,3.713259990298902,3.3474928248672207,0.3657671654316812
I-95 NB,GP,110+04154,2025-10-15,1.0,1.9662076922905862,2.2080095612469535,2.24831251950943,-0.04030295826247654
I-95 NB,GP,110+04154,2025-10-16,1.0,1.9944385168410226,2.260819708901813,2.279683654761612,-0.018863945859799003
I-95 NB,GP,110+04154,2025-10-20,1.0,1.187205877385537,1.9314172443006916,1.3768550436717082,0.5545622006289834
I-95 NB,GP,110+04154,2025-10-21,1.0,2.0370947125858057,2.8933010125252365,2.3270612706741933,0.5662397418510432
I-95 NB,GP,110+04154,2025-10-22,1.0,1.890887291310765,2.1284895857253665,2.1645514634394547,-0.0360618777140882
I-95 NB,GP,110+04154,2025-10-23,1.0,1.6492260522384754,2.0366112673007915,1.895157254556401,0.1414540127443904
I-95 NB,GP,110+04154,2025-10-24,1.0,0.9345829994170167,0.9754298598078672,1.0911626379627657,-0.11573277815489846
I-95 NB,GP,110+04154,2025-10-27,1.0,1.8999657243698238,1.7671920204186486,2.1746521359124897,-0.4074601154938411
I-95 NB,GP,110+04154,2025-10-28,1.0,1.8151133003366802,1.9874959502762066,2.0801916335797337,-0.09269568330352707
I-95 NB,GP,110+04154,2025-10-29,1.0,1.2296664247509395,1.6815661064544505,1.42469592190152,0.2568701845529304
I-95 NB,GP,110P04154,2025-10-01,1.0,2.4906735619001403,3.0637943133798804,2.829233886017399,0.2345604273624815
I-95 NB,GP,110P04154,2025-10-02,1.0,1.3841697825589185,1.3579695696028484,1.5983981667126304,-0.24042859710978193
I-95 NB,GP,110P04154,2025-10-03,1.0,0.8647315585260273,1.2446117405453228,1.0118066820237555,0.2328050585215673
I-95 NB,GP,110P04154,2025-10-06,1.0,1.8437029591782426,1.9489244643158163,2.112032111595696,-0.1631076472798796
I-95 NB,GP,110P04154,2025-10-07,1.0,1.2801526921071795,1.7268207352671066,1.481519441998247,0.24530129326885963
I-95 NB,GP,110P04154,2025-10-08,1.0,2.6352776593512632,3.038623021848371,2.988767641287243,0.04985538056112793
I-95 NB,GP,110P04154,2025-10-09,1.0,2.308398089508395,2.6014930113646555,2.6277673809942663,-0.026274369629610828
I-95 NB,GP,110P04154,2025-10-10,1.0,1.7170204172470311,2.6124669184952194,1.9708367752167948,0.6416301432784246
I-95 NB,GP,110P04154,2025-10-14,1.0,3.2124422241026123,3.924008090504673,3.623204502851053,0.3008035876536197
I-95 NB,GP,110P04154,2025-10-15,1.0,1.9397482450538504,2.4056761689546797,2.218898355277988,0.18677781367669155
I-95 NB,GP,110P04154,2025-10-16,1.0,1.9490534040275989,2.28310593606861,2.229243890954123,0.053862045114487334
I-95 NB,GP,110P04154,2025-10-20,1.0,1.647032955367847,2.132639738938313,1.8927076429300365,0.23993209600827647
I-95 NB,GP,110P04154,2025-10-21,1.0,0.678368373108567,0.9252160494817228,0.7991594997978864,0.1260565496838364
I-95 NB,GP,110P04154,2025-10-22,1.0,2.3484444731334397,2.659476136081929,2.672067093688801,-0.0125909576068719
I-95 NB,GP,110P04154,2025-10-23,1.0,2.1051926302782253,2.288717436343375,2.402639321093219,-0.113921884749844
I-95 NB,GP,110P04154,2025-10-27,1.0,1.744044821586198,1.9857074792764877,2.0009808805681963,-0.015273401291708621
I-95 NB,GP,110P04154,2025-10-28,1.0,2.1599349434352324,2.424405736954726,2.4633450120951483,-0.0389392751404225
I-95 NB,GP,110P04154,2025-10-29,1.0,1.4766128794761135,1.7963382922331144,1.7020648256621236,0.09427346657099078
I-95 NB,GP,110+04155,2025-10-01,1.0,4.031912065855999,4.740842798116085,4.518618262594192,0.22222453552189325
I-95 NB,GP,110+04155,2025-10-02,1.0,2.0932821219398314,2.2253480138160606,2.389425519951582,-0.1640775061355213
I-95 NB,GP,110+04155,2025-10-03,1.0,1.8020614904450232,2.0269962924828167,2.0656510968978545,-0.03865480441503788
I-95 NB,GP,110+04155,2025-10-06,1.0,2.2983060207532144,2.380081930068571,2.616600052344627,-0.23651812227605573
I-95 NB,GP,110+04155,2025-10-07,1.0,1.7911983279050994,2.1406590092300104,2.0535466031320833,0.08711240609792714
I-95 NB,GP,110+04155,2025-10-08,1.0,2.7636823991385837,3.2683377700127845,3.130223704172195,0.13811406584058927
I-95 NB,GP,110+04155,2025-10-09,1.0,2.617688238203573,3.03969122726935,2.9693755673543425,0.07031565991500743
I-95 NB,GP,110+04155,2025-10-10,1.0,1.8498915120304795,2.919986496859502,2.1189225134004475,0.8010639834590547
I-95 NB,GP,110+04155,2025-10-14,1.0,3.4931867070970566,4.305591350487569,3.9306149295277266,0.37497642095984274
I-95 NB,GP,110+04155,2025-10-15,1.0,2.4393970990765492,2.8781455607100543,2.7726018191738695,0.10554374153618484
I-95 NB,GP,110+04155,2025-10-16,1.0,2.4679896043197362,2.6711321580222394,2.804184754281162,-0.13305259625892285
I-95 NB,GP,110+04155,2025-10-17,1.0,1.8770198868146946,1.9651209717274118,2.1491199535295546,-0.1839989818021428
I-95 NB,GP,110+04155,2025-10-20,1.0,1.8316213846681015,2.2644922418035653,2.0985784872805304,0.16591375452303492
I-95 NB,GP,110+04155,2025-10-21,1.0,1.1579226084308203,1.3062613225468633,1.3438333586203828,-0.037572036073519444
I-95 NB,GP,110+04155,2025-10-22,1.0,2.6136052862856274,2.9964871726918005,2.9648736530054283,0.03161351968637227
I-95 NB,GP,110+04155,2025-10-23,1.0,2.371050221536955,2.687096280515407,2.6970644384017555,-0.009968157886348639
I-95 NB,GP,110+04155,2025-10-24,1.0,1.8594439589681153,1.9566214805390643,2.129557045153308,-0.17293556461424364
I-95 NB,GP,110+04155,2025-10-27,1.0,2.0433596785281205,2.2187711015499567,2.33401732389723,-0.11524622234727344
I-95 NB,GP,110+04155,2025-10-28,1.0,2.460533693059674,2.5486779901043897,2.7959500372502504,-0.2472720471458607
I-95 NB,GP,110+04155,2025-10-29,1.0,1.7650062520444372,1.9963690065638693,2.024353086025085,-0.027984079461215616
I-95 NB,GP,110+04155,2025-10-30,1.0,4.354190754292425,4.382586630783808,4.869304721326796,-0.486718090542988
I-95 NB,GP,110P04155,2025-10-01,1.0,4.292230030963277,5.139165519505081,4.801940517149869,0.33722500235521213
I-95 NB,GP,110P04155,2025-10-02,1.0,2.353897933235435,2.5472406219619548,2.6780981218960886,-0.13085749993413387
I-95 NB,GP,110P04155,2025-10-06,1.0,2.3361243830943574,2.5764203194326476,2.658440755531496,-0.08202043609884857
I-95 NB,GP,110P04155,2025-10-07,1.0,2.018828062987201,2.2840974077778196,2.3067762037443744,-0.022678795966554866
I-95 NB,GP,110P04155,2025-10-08,1.0,3.751717880594443,4.3632146094322986,4.213089054845847,0.1501255545864515
I-95 NB,GP,110P04155,2025-10-09,1.0,3.0873649972107486,3.396618011038011,3.486008354963891,-0.08939034392588008
I-95 NB,GP,110P04155,2025-10-10,1.0,2.2511324402170265,3.266911832905577,2.5643820489067277,0.7025297839988491
I-95 NB,GP,110P04155,2025-10-14,1.0,3.737740678633708,4.348363217670308,4.197831685781231,0.15053153188907764
I-95 NB,GP,110P04155,2025-10-15,1.0,2.694692464743355,3.0870308421164356,3.054244925791266,0.032785916325169584
I-95 NB,GP,110P04155,2025-10-16,1.0,4.051122136062435,4.364316178542977,4.539543042368496,-0.175226863825519
I-95 NB,GP,110P04155,2025-10-17,1.0,2.2517791356425505,2.4948180119590213,2.5650981032593028,-0.07028009130028146
I-95 NB,GP,110P04155,2025-10-20,1.0,0.8988620652053821,1.161394876955284,1.0506028090969757,0.11079206785830831
I-95 NB,GP,110P04155,2025-10-21,1.0,1.3451647818656616,1.6285816904255588,1.5546000797547899,0.07398161067076892
I-95 NB,GP,110P04155,2025-10-22,1.0,4.291100967845956,4.6956431450023794,4.800712739078688,-0.10506959407630845
I-95 NB,GP,110P04155,2025-10-23,1.0,2.5832036383093984,3.0043023087594367,2.9313461983346114,0.0729561104248253
I-95 NB,GP,110P04155,2025-10-24,1.0,2.0081432861903443,2.3076541028219433,2.2949084073869765,0.01274569543496673
I-95 NB,GP,110P04155,2025-10-27,1.0,2.491121481642078,2.716973119204003,2.8297284442276274,-0.1127553250236244
I-95 NB,GP,110P04155,2025-10-28,1.0,2.703048124924005,2.8788980263627746,3.063449905884978,-0.18455187952220342
I-95 NB,GP,110P04155,2025-10-29,1.0,3.653056024896154,4.087624389932147,4.105356406796705,-0.017732016864558275
I-95 NB,GP,110P04155,2025-10-30,1.0,4.992363382737844,5.451539876839331,5.561635553822825,-0.11009567698349354
I-95 NB,GP,110P04155,2025-10-31,1.0,2.1906433480815286,2.118480373938466,2.4973797224153684,-0.37889934847690254
I-95 NB,GP,110+04156,2025-10-01,1.0,4.3651140919155935,5.287520422579744,4.881177869401172,0.4063425531785727
I-95 NB,GP,110+04156,2025-10-02,1.0,2.384653227080085,2.5121534749568353,2.712103366895098,-0.19994989193826251
I-95 NB,GP,110+04156,2025-10-06,1.0,2.5822327371553717,2.717696710579356,2.9302752906459437,-0.2125785800665878
I-95 NB,GP,110+04156,2025-10-07,1.0,2.0636557986820767,2.3431038873782617,2.3565482142652616,-0.013444326886999924
I-95 NB,GP,110+04156,2025-10-08,1.0,4.034550434783992,4.5146793271028125,4.521492299973889,-0.006812972871076184
I-95 NB,GP,110+04156,2025-10-09,1.0,2.940655116792958,3.404870300559409,3.3248845453632216,0.07998575519618756
I-95 NB,GP,110+04156,2025-10-10,1.0,12.090539749191082,13.964871668167097,13.139720304240656,0.825151363926441
I-95 NB,GP,110+04156,2025-10-14,1.0,3.578569972167415,4.2892577840739206,4.023968366752758,0.2652894173211626
I-95 NB,GP,110+04156,2025-10-15,1.0,2.706461891989958,3.146837750965532,3.067210439531574,0.07962731143395807
I-95 NB,GP,110+04156,2025-10-16,1.0,4.057114245878243,4.51684424798084,4.5460694446769665,-0.029225196696126332
I-95 NB,GP,110+04156,2025-10-20,1.0,1.6532697248337194,1.7049196016761736,1.8996736547776323,-0.19475405310145866
I-95 NB,GP,110+04156,2025-10-21,1.0,1.6213852032491296,1.6912520131502258,1.8640531981075499,-0.1728011849573241
I-95 NB,GP,110+04156,2025-10-22,1.0,4.361718371157086,4.88811764455989,4.877486971772415,0.010630672787475426
I-95 NB,GP,110+04156,2025-10-24,1.0,2.3056678770706043,2.379885271488383,2.6247464130923457,-0.24486114160396255
I-95 NB,GP,110+04156,2025-10-27,1.0,2.543647188310606,2.7687419198110566,2.8877061091445855,-0.11896418933352892
I-95 NB,GP,110+04156,2025-10-28,1.0,2.738007313678123,2.9863567733415826,3.1019539476336093,-0.11559717429202676
I-95 NB,GP,110+04156,2025-10-29,1.0,3.728084492730548,4.1742299733882415,4.1872901604020765,-0.013060187013834934
I-95 NB,GP,110+04156,2025-10-30,1.0,5.388671741267675,5.575200375235694,5.990307978245576,-0.4151076030098819
I-95 NB,GP,110+04156,2025-10-31,1.0,2.1246545948263,2.400582600412187,2.424226388411493,-0.02364378799930611
I-95 NB,GP,110P04156,2025-10-01,1.0,4.27873143841783,5.030645264655277,4.787261138197176,0.2433841264581007
I-95 NB,GP,110P04156,2025-10-02,1.0,2.219953255382318,2.1096865837518437,2.5298519907512733,-0.4201654069994296
I-95 NB,GP,110P04156,2025-10-03,1.0,1.697614878938965,1.8240069520881037,1.9491828747373863,-0.12517592264928257
I-95 NB,GP,110P04156,2025-10-06,1.0,2.4270888963234825,2.493658037474327,2.7590031428303363,-0.2653451053560092
I-95 NB,GP,110P04156,2025-10-07,1.0,2.4376469835584396,2.6237292275408532,2.770668327329195,-0.14693909978834174
I-95 NB,GP,110P04156,2025-10-08,1.0,3.4512645442556495,3.7454338686978637,3.8847562114814527,-0.13932234278358901
I-95 NB,GP,110P04156,2025-10-09,1.0,3.10967718107806,3.0973027604801473,3.510493628395251,-0.4131908679151035
I-95 NB,GP,110P04156,2025-10-10,1.0,2.0968967992059917,3.026761986573596,2.393435950807743,0.6333260357658532
I-95 NB,GP,110P04156,2025-10-14,1.0,3.503553413311146,3.9103818810417454,3.9419527018249485,-0.03157082078320306
I-95 NB,GP,110P04156,2025-10-15,1.0,2.7524123886395166,3.1065917884436716,3.1178156792565606,-0.011223890812888992
I-95 NB,GP,110P04156,2025-10-16,1.0,4.013301086316646,4.178324040028325,4.49834338658342,-0.3200193465550951
I-95 NB,GP,110P04156,2025-10-17,1.0,1.9443563480268102,1.9908494406656823,2.224021847111353,-0.23317240644567083
I-95 NB,GP,110P04156,2025-10-21,1.0,1.1967005794813363,1.4853927945123833,1.3875569536586267,0.09783584085375652
I-95 NB,GP,110P04156,2025-10-22,1.0,2.8255776780784863,3.021549929970566,3.1983438979651613,-0.17679396799459512
I-95 NB,GP,110P04156,2025-10-23,1.0,2.7964609067637998,2.9958209759865637,3.166304063760866,-0.17048308777430243
I-95 NB,GP,110P04156,2025-10-24,1.0,2.414800530173694,2.348346505233273,2.7454244564997388,-0.39707795126646594
I-95 NB,GP,110P04156,2025-10-27,1.0,2.398867190931288,2.430916265569554,2.72781518009339,-0.2968989145238359
I-95 NB,GP,110P04156,2025-10-28,1.0,2.6237354564736584,2.717215220712182,2.976042945442636,-0.258827724730454
I-95 NB,GP,110P04156,2025-10-29,1.0,3.1081968199047925,3.441458702622098,3.5088692405613777,-0.06741053793927954
I-95 NB,GP,110P04156,2025-10-30,1.0,4.11978012708381,4.176328715073923,4.614306898641326,-0.43797818356740326
I-95 NB,GP,110P04156,2025-10-31,1.0,1.6493594518082744,1.854446049425448,1.895306254213127,-0.04086020478767893
I-95 NB,GP,110+04157,2025-10-01,1.0,4.376622741118632,4.9856488925451,4.893686323390896,0.09196256915420431
I-95 NB,GP,110+04157,2025-10-02,1.0,1.7166438269583288,1.8000730025261864,1.9704166179172466,-0.17034361539106024
I-95 NB,GP,110+04157,2025-10-06,1.0,2.455392283205683,2.5134988301249668,2.7902711755243748,-0.276772345399408
I-95 NB,GP,110+04157,2025-10-07,1.0,2.461974926157267,2.4673329115484735,2.797541868482154,-0.3302089569336806
I-95 NB,GP,110+04157,2025-10-08,1.0,3.538692772788454,3.6143256806929362,3.9803766506121163,-0.36605096991918007
I-95 NB,GP,110+04157,2025-10-09,1.0,3.1576343376812566,3.278751158981881,3.5631049592137436,-0.2843538002318624
I-95 NB,GP,110+04157,2025-10-10,1.0,1.923110201004653,2.6592040331818834,2.2003966023155974,0.45880743086628595
I-95 NB,GP,110+04157,2025-10-14,1.0,3.448898441625684,3.924994070728651,3.882167464935368,0.0428266057932829
I-95 NB,GP,110+04157,2025-10-15,1.0,2.8441015957558453,3.1083669871753887,3.2187226339299406,-0.1103556467545519
I-95 NB,GP,110+04157,2025-10-16,1.0,4.062866679800133,4.127443247566583,4.552334546232111,-0.42489129866552844
I-95 NB,GP,110+04157,2025-10-17,1.0,1.9626022652475603,1.8239176072386594,2.2443051312566435,-0.4203875240179842
I-95 NB,GP,110+04157,2025-10-21,1.0,1.2216392549475215,1.2565353432500719,1.4156551948258325,-0.15911985157576058
I-95 NB,GP,110+04157,2025-10-22,1.0,2.8739848072190224,3.038338596698814,3.25159025873298,-0.21325166203416623
I-95 NB,GP,110+04157,2025-10-23,1.0,2.8441871565876813,3.0390239078317802,3.21881675341191,-0.17979284558012987
I-95 NB,GP,110+04157,2025-10-24,1.0,2.425996761389074,2.4200717651944843,2.7577964080995345,-0.3377246429050502
I-95 NB,GP,110+04157,2025-10-27,1.0,2.1756307721606145,2.0795499117420255,2.4807426790308003,-0.40119276728877473
I-95 NB,GP,110+04157,2025-10-28,1.0,2.6745139524998107,2.589887796445269,3.0320120467603733,-0.4421242503151044
I-95 NB,GP,110+04157,2025-10-29,1.0,1.4595210126444282,1.5163489201526479,1.682911867376915,-0.16656294722426712
I-95 NB,GP,110+04157,2025-10-30,1.0,3.365319721499104,3.573249751505538,3.790692048225158,-0.21744229671962012
I-95 NB,GP,110+04157,2025-10-31,1.0,1.6386052498149581,1.8880827929945876,1.8832933429963592,0.00478944999822839
I-95 NB,GP,110P04157,2025-10-01,1.0,4.109134039840049,4.814771668714166,4.602716337849362,0.21205533086480433
I-95 NB,GP,110P04157,2025-10-02,1.0,0.9827647047247912,1.103607831400899,1.145802786853944,-0.04219495545304497
I-95 NB,GP,110P04157,2025-10-07,1.0,0.9558199045481165,1.118460189312168,1.1152556991259712,0.003204490186196729
I-95 NB,GP,110P04157,2025-10-08,1.0,3.6114548672510662,3.694018781394002,4.05990621487612,-0.36588743348211805
I-95 NB,GP,110P04157,2025-10-09,1.0,2.9517633694482406,2.994039543484943,3.3370918997318326,-0.34305235624688946
I-95 NB,GP,110P04157,2025-10-10,1.0,2.0368862623805106,2.6955948164865786,2.3268298160771237,0.3687650004094549
I-95 NB,GP,110P04157,2025-10-14,1.0,3.7639022746777235,3.8965240541121373,4.226388114780005,-0.3298640606678678
I-95 NB,GP,110P04157,2025-10-15,1.0,2.8840520660869498,3.0816925774727983,3.2626607673385366,-0.18096818986573826
I-95 NB,GP,110P04157,2025-10-16,1.0,1.8371540361436511,1.9813437705475698,2.1047397643887615,-0.12339599384119171
I-95 NB,GP,110P04157,2025-10-22,1.0,2.925443031292221,3.094524096960892,3.30816521010597,-0.21364111314507817
I-95 NB,GP,110P04157,2025-10-23,1.0,3.183454634293951,3.112536772864351,3.5914217928635273,-0.4788850199991761
I-95 NB,GP,110P04157,2025-10-27,1.0,1.7216839732225424,1.7120623785419278,1.9760396354308847,-0.2639772568889569
I-95 NB,GP,110P04157,2025-10-28,1.0,2.225532951446492,2.382997047551683,2.536032337221606,-0.15303528966992275
I-95 NB,GP,110P04157,2025-10-29,1.0,1.4643736812745645,1.3770852068026775,1.6883503497987122,-0.3112651429960347
I-95 NB,GP,110P04157,2025-10-30,1.0,3.1760365026610313,3.4106049623079286,3.583287070637328,-0.17268210832939923
I-95 NB,GP,110P04157,2025-10-31,1.0,1.8808481080431407,1.9615591189629205,2.1533802780575715,-0.19182115909465103
I-95 NB,GP,110+04158,2025-10-01,1.0,3.9921498372098387,4.439591387471742,4.47529793365607,-0.035706546184328225
I-95 NB,GP,110+04158,2025-10-07,1.0,1.1765268085790275,1.1645305875776992,1.3648153153009452,-0.20028472772324601
I-95 NB,GP,110+04158,2025-10-08,1.0,1.887158447505639,2.0317692559601825,2.1604023555522085,-0.12863309959202596
I-95 NB,GP,110+04158,2025-10-09,1.0,0.7223370231498617,0.9349054701822648,0.8494622222867245,0.08544324789554025
I-95 NB,GP,110+04158,2025-10-10,1.0,2.057695341885428,2.5601505503813846,2.349932108257106,0.21021844212427876
I-95 NB,GP,110+04158,2025-10-14,1.0,3.3180158538489266,3.6050480765438673,3.7388907123703135,-0.13384263582644618
I-95 NB,GP,110+04158,2025-10-15,1.0,2.6507222298060817,2.739017373707236,3.005792060601978,-0.26677468689474226
I-95 NB,GP,110+04158,2025-10-16,1.0,1.3332103493690595,1.559141838780015,1.5411695661245686,0.01797227265544654
I-95 NB,GP,110+04158,2025-10-22,1.0,0.977963423553941,0.935548192195921,1.1403613514081712,-0.20481315921225018
I-95 NB,GP,110+04158,2025-10-29,1.0,1.2156855800964599,1.0823353720742241,1.4089487004404084,-0.3266133283661843
I-95 NB,GP,110+04158,2025-10-30,1.0,3.216787713007213,3.1246758848254625,3.627968310432121,-0.5032924256066584
I-95 NB,GP,110+04158,2025-10-31,1.0,1.4359875077595223,1.634128875525054,1.6565301860625792,-0.022401310537525143
I-95 NB,GP,110P04159,2025-10-01,1.0,1.8748971678295725,2.3880410431139922,2.1467575317916823,0.24128351132230996
I-95 NB,GP,110P04159,2025-10-02,1.0,0.9489484809414405,1.6770303452834487,1.1074617927501584,0.5695685525332903
I-95 NB,GP,110P04159,2025-10-08,1.0,1.0408663463212253,1.1522138208316894,1.2115931766249317,-0.05937935579324227
I-95 NB,GP,110P04159,2025-10-09,1.0,1.5383299409987568,1.5788641611347116,1.771173142370935,-0.1923089812362233
I-95 NB,GP,110P04159,2025-10-14,1.0,0.8827420570845609,0.9297224159687365,1.03228444323409,-0.10256202726535357
I-95 NB,GP,110P04159,2025-10-15,1.0,1.2228096897248515,1.326548427476833,1.4169735188505395,-0.09042509137370636
I-95 NB,GP,110P04159,2025-10-16,1.0,1.2528958819452927,1.7064327962059962,1.4508491953986176,0.25558360080737863
I-95 NB,GP,110P04159,2025-10-28,1.0,1.606823316583906,1.676494477253606,1.8477785809702192,-0.1712841037166133
I-95 NB,GP,110P04146,2025-10-30,1.05,1.588957607554383,2.4356318871014935,1.824636435070547,0.6109954520309464
I-95 NB,GP,110+04147,2025-10-30,1.05,1.9820532367939423,2.633712416029537,2.2619930343512107,0.3717193816783264
I-95 NB,GP,110P04147,2025-10-30,1.05,1.8590347783873584,2.7839701464031283,2.1254096151600765,0.6585605312430518
I-95 NB,GP,110+04148,2025-10-07,1.05,0.9350853823270069,0.9880486952886988,1.0898396629402765,-0.10179096765157769
I-95 NB,GP,110+04148,2025-10-30,1.05,2.170400161932575,2.7470287515483647,2.4706536919568647,0.2763750595915
I-95 NB,GP,110+04150,2025-10-01,1.05,1.5251797228176749,1.8243332948627815,1.7534089173203815,0.0709243775424
I-95 NB,GP,110+04150,2025-10-03,1.05,0.6212607303622425,0.7795827239001994,0.7324153040703488,0.04716741982985062
I-95 NB,GP,110+04150,2025-10-07,1.05,1.5134430611880352,2.2370187425506582,1.7402923574304527,0.4967263851202055
I-95 NB,GP,110+04150,2025-10-21,1.05,1.2722486631564527,1.7184678393896766,1.4700738893301861,0.2483939500594905
I-95 NB,GP,110+04150,2025-10-24,1.05,1.0558665424770115,1.5010431444614956,1.226431093358387,0.2746120511031085
I-95 NB,GP,110+04150,2025-10-28,1.05,0.6701716269212531,0.9017432547298616,0.7884025221466917,0.1133407325831699
I-95 NB,GP,110+04150,2025-10-29,1.05,0.642696816956866,0.8641344468780773,0.7569673605272652,0.10716708635081207
I-95 NB,GP,110+04150,2025-10-30,1.05,1.3557731924285499,1.882839520847018,1.5637991835235918,0.31904033732342607
I-95 NB,GP,110P04150,2025-10-01,1.05,1.8492224116614926,2.443503533316481,2.1145045739380115,0.32899895937846946
I-95 NB,GP,110P04150,2025-10-03,1.05,2.0432173596482026,2.4669405783755867,2.329812326471838,0.13712825190374867
I-95 NB,GP,110P04150,2025-10-06,1.05,1.0250392906969712,1.2767007373859844,1.1916122387599974,0.085088498625987
I-95 NB,GP,110P04150,2025-10-07,1.05,0.6862847504957886,0.8319212079159021,0.8068213907678955,0.025099817148006576
I-95 NB,GP,110P04150,2025-10-08,1.05,1.9573502523755508,2.310150460611341,2.2345856408648745,0.07556481974646667
I-95 NB,GP,110P04150,2025-10-09,1.05,1.9039554213766543,2.0630781766351864,2.175312036205603,-0.11223385957041643
I-95 NB,GP,110P04150,2025-10-14,1.05,1.8985709995837121,2.3568053139534317,2.169332226875825,0.18747308707760668
I-95 NB,GP,110P04150,2025-10-15,1.05,1.1537391885682238,1.1548671396286845,1.3367919055072448,-0.18192476587856032
I-95 NB,GP,110P04150,2025-10-16,1.05,1.0890983584331102,1.0538948237375148,1.263934013960372,-0.21003919022285733
I-95 NB,GP,110P04150,2025-10-21,1.05,1.365679733958364,2.0068754671546043,1.574904679282849,0.43197078787175536
I-95 NB,GP,110P04150,2025-10-22,1.05,2.311451847509441,2.43929770121721,2.626583741147975,-0.1872860399307652
I-95 NB,GP,110P04150,2025-10-24,1.05,1.1829920467906496,1.8846169735982812,1.3697254040948854,0.5148915695033958
I-95 NB,GP,110P04150,2025-10-28,1.05,2.3015852028213053,2.6587792147558673,2.615685205584509,0.043094009171358305
I-95 NB,GP,110P04150,2025-10-29,1.05,1.903637352265744,2.2070833033778117,2.1749588094740724,0.03212449390373928
I-95 NB,GP,110P04150,2025-10-30,1.05,1.7017700222177248,2.22288140456863,1.9504320353640476,0.2724493692045822
I-95 NB,GP,110+04151,2025-10-01,1.05,2.1203353309231123,2.7316202385840977,2.4152405939592803,0.3163796446248175
I-95 NB,GP,110+04151,2025-10-02,1.05,3.445506142211939,3.8907680481814584,3.871730507076902,0.019037541104556244
I-95 NB,GP,110+04151,2025-10-03,1.05,2.6527746982638702,3.531215383740575,3.0028382083610032,0.5283771753795716
I-95 NB,GP,110+04151,2025-10-06,1.05,2.1133517689046313,2.6282342782048613,2.4075081077091705,0.22072617049569088
I-95 NB,GP,110+04151,2025-10-07,1.05,1.7474161701009399,1.8770731750302057,2.001264212818178,-0.12419103778797247
I-95 NB,GP,110+04151,2025-10-08,1.05,1.9905710434449966,2.581752237489558,2.2714411216853247,0.3103111158042333
I-95 NB,GP,110+04151,2025-10-09,1.05,2.0453988122350344,2.5353865789676653,2.332230079427223,0.20315649954044224
I-95 NB,GP,110+04151,2025-10-14,1.05,2.1268969499112864,2.775419255522623,2.4225052377949337,0.35291401772768927
I-95 NB,GP,110+04151,2025-10-15,1.05,1.9007895807986173,2.2373466786879486,2.171796187251561,0.06555049143638758
I-95 NB,GP,110+04151,2025-10-16,1.05,3.474780670723671,4.097561689729519,3.9037015463104785,0.19386014341904012
I-95 NB,GP,110+04151,2025-10-17,1.05,1.2039972829048604,1.1917534901708013,1.3933594566697078,-0.2016059664989065
I-95 NB,GP,110+04151,2025-10-20,1.05,0.6719293227814069,0.8633936495856773,0.7904123369001046,0.07298131268557273
I-95 NB,GP,110+04151,2025-10-21,1.05,1.5879761665858032,2.2040602796924467,1.8235409707521861,0.38051930894026054
I-95 NB,GP,110+04151,2025-10-22,1.05,2.376523441955993,2.8962152060184185,2.6984284092218638,0.19778679679655475
I-95 NB,GP,110+04151,2025-10-23,1.05,2.147313204314417,2.614210077030518,2.445104925272961,0.1691051517575568
I-95 NB,GP,110+04151,2025-10-24,1.05,1.585577099221219,2.1762117296697663,1.8208631010379686,0.3553486286317977
I-95 NB,GP,110+04151,2025-10-27,1.05,2.596828455532909,2.559882656558622,2.941264132522401,-0.3813814759637788
I-95 NB,GP,110+04151,2025-10-28,1.05,3.2708431466682995,4.032751288000567,3.680818667016487,0.35193262098407985
I-95 NB,GP,110+04151,2025-10-29,1.05,2.6048576785972624,3.219833376924164,2.950103308373134,0.26973006855102977
I-95 NB,GP,110+04151,2025-10-30,1.05,1.7242572784930816,2.3996690945437193,1.9754788613097138,0.4241902332340055
I-95 NB,GP,110P04151,2025-10-01,1.05,4.4335074575260585,5.083424115128614,4.946906383488668,0.1365177316399464
I-95 NB,GP,110P04151,2025-10-02,1.05,4.17284285815756,5.0383778553770275,4.663963148372331,0.37441470700469637
I-95 NB,GP,110P04151,2025-10-03,1.05,3.9652901522755966,4.80578332834937,4.438318341520835,0.36746498682853446
I-95 NB,GP,110P04151,2025-10-06,1.05,3.986319882453144,4.794531886943969,4.461195983257143,0.33333590368682575
I-95 NB,GP,110P04151,2025-10-07,1.05,1.6479732271591083,2.010938017095058,1.8904740682153702,0.12046394887968792
I-95 NB,GP,110P04151,2025-10-08,1.05,2.4054202882774725,3.081749202322943,2.7303152784805396,0.3514339238424036
I-95 NB,GP,110P04151,2025-10-09,1.05,4.215682950839927,5.043608823654791,4.710497914934639,0.33311090872015203
I-95 NB,GP,110P04151,2025-10-14,1.05,3.3078243486997234,3.9967841111972393,3.721263543044568,0.27552056815267134
I-95 NB,GP,110P04151,2025-10-15,1.05,2.0122981890537948,2.5894602179261113,2.2955361043750235,0.2939241135510877
I-95 NB,GP,110P04151,2025-10-16,1.05,4.0890182225757465,4.8148022130764465,4.57287036143275,0.24193185164369613
I-95 NB,GP,110P04151,2025-10-17,1.05,4.316150936941199,4.7932023057732716,4.819578907338203,-0.026376601564931157
I-95 NB,GP,110P04151,2025-10-20,1.05,3.5236871859090892,3.916389152207921,3.957096107117303,-0.04070695490938192
I-95 NB,GP,110P04151,2025-10-21,1.05,1.8571070539549934,2.460986862989364,2.123267352835352,0.33771951015401225
I-95 NB,GP,110P04151,2025-10-22,1.05,3.8749218645969448,4.7736262061903005,4.33997036404629,0.43365584214401043
I-95 NB,GP,110P04151,2025-10-23,1.05,4.270076046863367,4.890288402873677,4.769562996378409,0.12072540649526786
I-95 NB,GP,110P04151,2025-10-24,1.05,4.553324707311837,5.636326119089574,5.076806342240971,0.5595197768486031
I-95 NB,GP,110P04151,2025-10-27,1.05,3.443664204594855,4.066312225406839,3.869718652778187,0.19659357262865207
I-95 NB,GP,110P04151,2025-10-28,1.05,3.3853555358917213,4.296649599056078,3.8060154122614693,0.4906341867946087
I-95 NB,GP,110P04151,2025-10-29,1.05,2.671864314023325,3.5730078969174666,3.023839759421938,0.5491681374955286
I-95 NB,GP,110P04151,2025-10-30,1.05,1.9627642532698288,2.621668134931282,2.2405931749521124,0.3810749599791694
I-95 NB,GP,110P04151,2025-10-31,1.05,0.9530970410569991,1.155696654311338,1.1102389481641979,0.045457706147140176
I-95 NB,GP,110+04152,2025-10-01,1.05,4.481384079239929,4.898368538159888,4.99882350314215,-0.10045496498226214
I-95 NB,GP,110+04152,2025-10-02,1.05,4.776348113918426,4.8721797216616,5.318344449106242,-0.44616472744464186
I-95 NB,GP,110+04152,2025-10-03,1.05,2.4347853787645843,2.340040121206265,2.7627078566088117,-0.42266773540254654
I-95 NB,GP,110+04152,2025-10-06,1.05,4.525314179074955,4.596878018420013,5.046447373167514,-0.44956935474750104
I-95 NB,GP,110+04152,2025-10-07,1.05,1.9171378396475371,1.8908672776329734,2.189950117004376,-0.2990828393714027
I-95 NB,GP,110+04152,2025-10-08,1.05,2.8337502395234355,3.1520253182606033,3.2017736248314046,-0.049748306570801315
I-95 NB,GP,110+04152,2025-10-09,1.05,4.527725647140136,4.801697523704495,5.049061228532703,-0.24736370482820824
I-95 NB,GP,110+04152,2025-10-10,1.05,2.1999995798901097,2.2201101869710453,2.503398236637802,-0.2832880496667567
I-95 NB,GP,110+04152,2025-10-14,1.05,3.8986472500621288,3.9159410453600807,4.365796902728426,-0.4498558573683451
I-95 NB,GP,110+04152,2025-10-15,1.05,4.562727362087987,4.723190266396594,5.086996154549136,-0.3638058881525419
I-95 NB,GP,110+04152,2025-10-16,1.05,4.463420891608497,4.775292555984233,4.979346160166921,-0.20405360418268792
I-95 NB,GP,110+04152,2025-10-17,1.05,4.560028998801097,4.8342170589502,5.0840719538875945,-0.24985489493739443
I-95 NB,GP,110+04152,2025-10-20,1.05,3.344450684964947,3.7701426206706192,3.7613078385549876,0.008834782115631601
I-95 NB,GP,110+04152,2025-10-21,1.05,4.011714604411387,4.26112203071687,4.488817672389614,-0.22769564167274403
I-95 NB,GP,110+04152,2025-10-22,1.05,4.282891929847606,4.503175535352583,4.783476597477841,-0.2803010621252575
I-95 NB,GP,110+04152,2025-10-23,1.05,4.305597950372146,4.646842810066995,4.8081245955680885,-0.1612817855010933
I-95 NB,GP,110+04152,2025-10-24,1.05,5.131050402452979,5.5516959182845,5.701848604487768,-0.15015268620326871
I-95 NB,GP,110+04152,2025-10-27,1.05,3.815008576135391,3.969437028193165,4.274731297571334,-0.30529426937816906
I-95 NB,GP,110+04152,2025-10-28,1.05,3.9936606426832775,4.169428571397531,4.46918098970465,-0.2997524183071194
I-95 NB,GP,110+04152,2025-10-29,1.05,3.068678129887783,3.5273458225988974,3.4594883906726275,0.06785743192626992
I-95 NB,GP,110+04152,2025-10-30,1.05,2.3611896585178296,2.5870766829924623,2.681503603054728,-0.09442692006226583
I-95 NB,GP,110+04152,2025-10-31,1.05,2.668448470732022,2.7380423259202114,3.020082109185171,-0.2820397832649597
I-95 NB,GP,110P04153,2025-10-01,1.05,2.0324106710402563,2.5122278620551595,2.3178339630132077,0.1943938990419518
I-95 NB,GP,110P04153,2025-10-07,1.05,0.9140065471720425,1.020624698413017,1.0659526237648644,-0.04532792535184749
I-95 NB,GP,110P04153,2025-10-08,1.05,1.3281731169759254,1.8650711497580896,1.5328467282839446,0.332224421474145
I-95 NB,GP,110P04153,2025-10-09,1.05,1.2580810713247592,1.6711415583122515,1.4541592271625357,0.21698233114971588
I-95 NB,GP,110P04153,2025-10-10,1.05,0.8571138183829047,0.8736186399245052,1.0014023258997529,-0.1277836859752477
I-95 NB,GP,110P04153,2025-10-14,1.05,2.257016284251911,2.7518300207253703,2.566438714492669,0.1853913062327015
I-95 NB,GP,110P04153,2025-10-20,1.05,1.146303866888614,1.5070428597024137,1.3284173559127856,0.17862550378962805
I-95 NB,GP,110P04153,2025-10-21,1.05,1.4819965931050672,2.2478518827396594,1.7051345737389683,0.5427173090006912
I-95 NB,GP,110P04153,2025-10-22,1.05,1.1619196942554328,1.4162005453918758,1.3460040251593604,0.07019652023251544
I-95 NB,GP,110P04153,2025-10-29,1.05,1.7961102366456936,2.559914641984132,2.055449642442874,0.5044649995412582
I-95 NB,GP,110+04154,2025-10-01,1.05,2.395293189181271,3.031976241668611,2.7191415326413164,0.3128347090272947
I-95 NB,GP,110+04154,2025-10-02,1.05,0.9411179157138265,1.0299204112065714,1.0966730842913226,-0.06675267308475119
I-95 NB,GP,110+04154,2025-10-06,1.05,1.6060829091218216,1.7279095020543744,1.8437483072009162,-0.11583880514654177
I-95 NB,GP,110+04154,2025-10-07,1.05,1.5206672330177817,1.829051100313015,1.748366222413522,0.08068487789949308
I-95 NB,GP,110+04154,2025-10-08,1.05,2.171561870795362,2.8831671550761144,2.471939074436062,0.41122808064005234
I-95 NB,GP,110+04154,2025-10-09,1.05,2.058650176872674,2.525272055106557,2.3469153163298704,0.17835673877668645
I-95 NB,GP,110+04154,2025-10-10,1.05,1.728087748842171,2.0717590404531117,1.979744412828859,0.09201462762425261
I-95 NB,GP,110+04154,2025-10-14,1.05,2.9612287603409797,3.8392287762205,3.3416881662228173,0.4975406099976829
I-95 NB,GP,110+04154,2025-10-15,1.05,1.9662076922905862,2.3443114905034035,2.244413874348866,0.09989761615453752
I-95 NB,GP,110+04154,2025-10-16,1.05,1.9944385168410226,2.405065247723158,2.2757306110583317,0.12933463666482625
I-95 NB,GP,110+04154,2025-10-20,1.05,1.419113511193243,2.0114978852337524,1.6347668858942794,0.37673099933947296
I-95 NB,GP,110+04154,2025-10-21,1.05,2.528014627609039,3.0136804631607665,2.865477027403146,0.14820343575762074
I-95 NB,GP,110+04154,2025-10-22,1.05,1.890887291310765,2.2572199078033566,2.160798062604605,0.09642184519875174
I-95 NB,GP,110+04154,2025-10-23,1.05,1.8935559444447903,2.1425065422693583,2.1637622001714893,-0.02125565790213102
I-95 NB,GP,110+04154,2025-10-24,1.05,1.1781522985318615,1.1043368796046147,1.3642783005417523,-0.25994142093713757
I-95 NB,GP,110+04154,2025-10-27,1.05,1.8999657243698238,1.9115473076642264,2.1708812201914696,-0.25933391252724314
I-95 NB,GP,110+04154,2025-10-28,1.05,2.062997487652322,2.154324166805308,2.3517324532183532,-0.1974082864130451
I-95 NB,GP,110+04154,2025-10-29,1.05,1.479300918525225,1.7730898171153266,1.7021197894075657,0.07097002770776095
I-95 NB,GP,110P04154,2025-10-01,1.05,2.7406632114789358,3.246442935518193,3.099494630134343,0.1469483053838503
I-95 NB,GP,110P04154,2025-10-02,1.05,1.6227595182804229,1.6251395222300735,1.8623539541568601,-0.2372144319267866
I-95 NB,GP,110P04154,2025-10-03,1.05,1.357058875574854,1.3856474233208587,1.5652405963804978,-0.17959317305963918
I-95 NB,GP,110P04154,2025-10-06,1.05,1.8437029591782426,2.090422820148251,2.1083697809813446,-0.017946960833093772
I-95 NB,GP,110P04154,2025-10-07,1.05,1.768653500727862,1.85254134558607,2.024901665731151,-0.17236032014508096
I-95 NB,GP,110P04154,2025-10-08,1.05,2.6352776593512632,3.169078083943006,2.9835850234796006,0.18549306046340552
I-95 NB,GP,110P04154,2025-10-09,1.05,2.308398089508395,2.746644951415578,2.6232107490785057,0.12343420233707247
I-95 NB,GP,110P04154,2025-10-10,1.05,1.7170204172470311,2.7032851488567426,1.9674192817903753,0.7358658670663674
I-95 NB,GP,110P04154,2025-10-14,1.05,3.2124422241026123,4.053877907126204,3.6169217514193903,0.436956155706814
I-95 NB,GP,110P04154,2025-10-15,1.05,2.433987227054419,2.5147807819081645,2.7618275621168613,-0.24704678020869686
I-95 NB,GP,110P04154,2025-10-16,1.05,2.199052600616913,2.446423548904079,2.5023508266759342,-0.055927277771855355
I-95 NB,GP,110P04154,2025-10-20,1.05,1.647032955367847,2.2203926238831286,1.8894256278950086,0.33096699598812007
I-95 NB,GP,110P04154,2025-10-21,1.05,1.1710645715092483,1.0431952654622232,1.3562999808185188,-0.3131047153562956
I-95 NB,GP,110P04154,2025-10-22,1.05,2.3484444731334397,2.793752317797406,2.6674336446673164,0.12631867313008982
I-95 NB,GP,110P04154,2025-10-23,1.05,2.1051926302782253,2.405703295661278,2.398473068367906,0.007230227293371971
I-95 NB,GP,110P04154,2025-10-27,1.05,1.744044821586198,2.075902933811351,1.9975111163077945,0.0783918175035565
I-95 NB,GP,110P04154,2025-10-28,1.05,2.1599349434352324,2.5288846156846576,2.459073493777802,0.06981112190685579
I-95 NB,GP,110P04154,2025-10-29,1.05,1.4766128794761135,1.8803446248702889,1.6991133913139391,0.18123123355634974
I-95 NB,GP,110+04155,2025-10-01,1.05,4.031912065855999,4.863950244540464,4.510782835326393,0.3531674092140715
I-95 NB,GP,110+04155,2025-10-02,1.05,2.0932821219398314,2.371633794858345,2.3852821803762105,-0.013648385517865513
I-95 NB,GP,110+04155,2025-10-03,1.05,1.8020614904450232,2.143587772090899,2.06206919243286,0.08151857965803888
I-95 NB,GP,110+04155,2025-10-06,1.05,2.2983060207532144,2.5075189537555618,2.612062784930651,-0.10454383117508925
I-95 NB,GP,110+04155,2025-10-07,1.05,2.0392161158623057,2.265921710314415,2.3253774700815337,-0.05945575976711881
I-95 NB,GP,110+04155,2025-10-08,1.05,2.9982804131191827,3.405356580036125,3.3823223980374464,0.023034181998678793
I-95 NB,GP,110+04155,2025-10-09,1.05,2.617688238203573,3.1660000652719353,2.964226576017458,0.20177348925447713
I-95 NB,GP,110+04155,2025-10-10,1.05,2.0971578065885104,3.0154913448707172,2.3895747312091005,0.6259166136616168
I-95 NB,GP,110+04155,2025-10-14,1.05,3.4931867070970566,4.438121375194607,3.9237991186739993,0.5143222565206074
I-95 NB,GP,110+04155,2025-10-15,1.05,2.688754896015715,3.0168896766424873,3.0424185268262143,-0.02552885018372697
I-95 NB,GP,110+04155,2025-10-16,1.05,2.4679896043197362,2.8425439590722505,2.799322209049243,0.043221750023007655
I-95 NB,GP,110+04155,2025-10-17,1.05,2.126317965536151,2.1999036445231033,2.4218642451588974,-0.22196060063579415
I-95 NB,GP,110+04155,2025-10-20,1.05,1.8316213846681015,2.3688390114805014,2.0949394856771035,0.2738995258033978
I-95 NB,GP,110+04155,2025-10-21,1.05,1.406841170721761,1.4243310740241413,1.621023773732262,-0.19669269970812064
I-95 NB,GP,110+04155,2025-10-22,1.05,2.6136052862856274,3.117035653612686,2.9597324681306962,0.15730318548198996
I-95 NB,GP,110+04155,2025-10-23,1.05,2.371050221536955,2.807782236221436,2.692387643192343,0.11539459302909316
I-95 NB,GP,110+04155,2025-10-24,1.05,1.8594439589681153,2.089933440450006,2.125864325748782,-0.03593088529877608
I-95 NB,GP,110+04155,2025-10-27,1.05,2.0433596785281205,2.339068147380206,2.3299700638897693,0.009098083490436615
I-95 NB,GP,110+04155,2025-10-28,1.05,2.460533693059674,2.6925782088466366,2.7911017712786306,-0.098523562431994
I-95 NB,GP,110+04155,2025-10-29,1.05,2.003759081768925,2.1330278971978562,2.286067273404351,-0.15303937620649455
I-95 NB,GP,110+04155,2025-10-30,1.05,4.354190754292425,4.52417906176284,4.860861192625878,-0.33668213086303744
I-95 NB,GP,110P04155,2025-10-01,1.05,4.292230030963277,5.272383362347523,4.793613800113847,0.4787695622336763
I-95 NB,GP,110P04155,2025-10-02,1.05,2.353897933235435,2.7229435487413878,2.6734542148805627,0.0494893338608251
I-95 NB,GP,110P04155,2025-10-06,1.05,2.5819548025620525,2.768746308614275,2.9248880670258117,-0.15614175841153655
I-95 NB,GP,110P04155,2025-10-07,1.05,2.268655308152757,2.429627276314672,2.579301876232271,-0.1496745999175988
I-95 NB,GP,110P04155,2025-10-08,1.05,4.001710560505939,4.558739668624757,4.477936919060853,0.08080274956390454
I-95 NB,GP,110P04155,2025-10-09,1.05,3.0873649972107486,3.5693462392700326,3.479963506000576,0.08938273326945678
I-95 NB,GP,110P04155,2025-10-10,1.05,2.501093776232207,3.4064603696198437,2.8358125034141026,0.570647866205741
I-95 NB,GP,110P04155,2025-10-14,1.05,3.737740678633708,4.558524574482307,4.190552512603738,0.3679720618785689
I-95 NB,GP,110P04155,2025-10-15,1.05,2.9441227136155965,3.2728739478702806,3.322923317306758,-0.05004936943647742
I-95 NB,GP,110P04155,2025-10-16,1.05,4.051122136062435,4.534378677606641,4.531671330869437,0.002707346737204297
I-95 NB,GP,110P04155,2025-10-17,1.05,2.4978337932677093,2.6907518569727253,2.8322196701622144,-0.1414678131894891
I-95 NB,GP,110P04155,2025-10-20,1.05,1.1464366159875121,1.4666101539659062,1.3285668871498537,0.1380432668160525
I-95 NB,GP,110P04155,2025-10-21,1.05,1.5707863911534106,1.7582174492816525,1.8043510106872918,-0.04613356140563929
I-95 NB,GP,110P04155,2025-10-22,1.05,4.291100967845956,4.883112751646454,4.792388151048751,0.09072460059770293
I-95 NB,GP,110P04155,2025-10-23,1.05,3.8193013601264045,4.348896150883288,4.279406622121603,0.06948952876168502
I-95 NB,GP,110P04155,2025-10-24,1.05,2.2550586889413284,2.4449161155040544,2.564275046296475,-0.11935893079242055
I-95 NB,GP,110P04155,2025-10-27,1.05,2.491121481642078,2.8350335848025905,2.8248216054278306,0.010211979374759927
I-95 NB,GP,110P04155,2025-10-28,1.05,2.703048124924005,3.074949811986023,3.0581377866637527,0.01681202532227033
I-95 NB,GP,110P04155,2025-10-29,1.05,3.8989431860723744,4.238097936696794,4.366119019401052,-0.12802108270425805
I-95 NB,GP,110P04155,2025-10-30,1.05,5.241423880144492,5.6240619203131335,5.821030568513466,-0.19696864820033255
I-95 NB,GP,110P04155,2025-10-31,1.05,2.1906433480815286,2.3224857055446098,2.4930491868317257,-0.17056348128711596
I-95 NB,GP,110+04156,2025-10-01,1.05,4.614749530640066,5.426237484993106,5.143362846548679,0.28287463844442673
I-95 NB,GP,110+04156,2025-10-02,1.05,2.384653227080085,2.693471634617103,2.7074004937070764,-0.013928859089973322
I-95 NB,GP,110+04156,2025-10-06,1.05,2.8253471956490683,2.870069612560903,3.1925447236341835,-0.32247511107328064
I-95 NB,GP,110+04156,2025-10-07,1.05,2.312055582668245,2.534391472457062,2.6272505748573973,-0.09285910240033513
I-95 NB,GP,110+04156,2025-10-08,1.05,4.283367149951365,4.802374957361517,4.783992499146645,0.018382458214871278
I-95 NB,GP,110+04156,2025-10-09,1.05,3.1896396719972215,3.6071628284563246,3.5919644990558086,0.01519832940051602
I-95 NB,GP,110+04156,2025-10-10,1.05,12.090539749191082,14.135283697790127,13.116935612819523,1.0183480849706044
I-95 NB,GP,110+04156,2025-10-14,1.05,3.8272352552428353,4.542317354406516,4.288047139045927,0.2542702153605889
I-95 NB,GP,110+04156,2025-10-15,1.05,5.146825493903735,5.489785609709548,5.718887007160045,-0.2291013974504965
I-95 NB,GP,110+04156,2025-10-16,1.05,4.057114245878243,4.696640184787649,4.538186416189475,0.15845376859817328
I-95 NB,GP,110+04156,2025-10-20,1.05,1.6532697248337194,1.8684554781731009,1.8963795604572995,-0.027924082284198626
I-95 NB,GP,110+04156,2025-10-21,1.05,1.6213852032491296,1.8328203482311607,1.8608208707879381,-0.02800052255677743
I-95 NB,GP,110+04156,2025-10-22,1.05,4.611472546612119,5.06769062953232,5.139812719158638,-0.07212208962631728
I-95 NB,GP,110+04156,2025-10-24,1.05,2.3056678770706043,2.5409888035733323,2.6201950196306654,-0.07920621605733302
I-95 NB,GP,110+04156,2025-10-27,1.05,2.791920115936827,2.9021054203037324,3.1558247728983853,-0.25371935259465284
I-95 NB,GP,110+04156,2025-10-28,1.05,2.738007313678123,3.1508265554711508,3.096575061183752,0.05425149428739884
I-95 NB,GP,110+04156,2025-10-29,1.05,4.226112454902896,4.365795964310796,4.721824885382091,-0.356028921071295
I-95 NB,GP,110+04156,2025-10-30,1.05,5.388671741267675,5.789794699575511,5.979920594371215,-0.1901258947957043
I-95 NB,GP,110+04156,2025-10-31,1.05,2.613064285128107,2.5850522401934994,2.9591369730547497,-0.3740847328612502
I-95 NB,GP,110P04156,2025-10-01,1.05,4.5186948145116625,5.191912316484802,5.039272264617,0.15264005186780238
I-95 NB,GP,110P04156,2025-10-02,1.05,2.219953255382318,2.3053247708432423,2.5254651472252507,-0.22014037638200845
I-95 NB,GP,110P04156,2025-10-03,1.05,2.19055824682425,2.0410500818805275,2.492955049551356,-0.45190496767082866
I-95 NB,GP,110P04156,2025-10-06,1.05,2.6713203712026385,2.6683386581525212,3.023241395878314,-0.35490273772579295
I-95 NB,GP,110P04156,2025-10-07,1.05,3.91939755119267,3.8255671557906425,4.388381271238774,-0.5628141154481319
I-95 NB,GP,110P04156,2025-10-08,1.05,3.6947156200993088,4.002144805501566,4.143658206378385,-0.14151340087681863
I-95 NB,GP,110P04156,2025-10-09,1.05,3.3555541006767817,3.364899347396274,3.7734449903713303,-0.40854564297505647
I-95 NB,GP,110P04156,2025-10-10,1.05,2.34677503499009,3.272220648417678,2.6655905219640275,0.6066301264536507
I-95 NB,GP,110P04156,2025-10-14,1.05,3.503553413311146,4.083724106381684,3.9351172309147504,0.14860687546693363
I-95 NB,GP,110P04156,2025-10-15,1.05,3.0011458048918693,3.2392388295438774,3.385464260862317,-0.14622543131843946
I-95 NB,GP,110P04156,2025-10-16,1.05,4.013301086316646,4.371226880379222,4.490543116593159,-0.11931623621393683
I-95 NB,GP,110P04156,2025-10-17,1.05,2.194347727496904,2.225854493956272,2.4971467968352696,-0.27129230287899775
I-95 NB,GP,110P04156,2025-10-21,1.05,1.6950554224108014,1.6386868333108926,1.9429513674974297,-0.3042645341865371
I-95 NB,GP,110P04156,2025-10-22,1.05,2.8255776780784863,3.211706672441385,3.1927978682867155,0.018908804154669667
I-95 NB,GP,110P04156,2025-10-23,1.05,2.7964609067637998,3.153396810945935,3.1608135921703115,-0.00741678122437639
I-95 NB,GP,110P04156,2025-10-24,1.05,2.414800530173694,2.5867006979317013,2.740663803486357,-0.15396310555465575
I-95 NB,GP,110P04156,2025-10-27,1.05,2.6475930818401716,2.7303157012343746,2.9971368941557817,-0.26682119292140705
I-95 NB,GP,110P04156,2025-10-28,1.05,2.8692181674430404,2.9110429131049758,3.240718951623487,-0.3296760385185111
I-95 NB,GP,110P04156,2025-10-29,1.05,3.6077344292972864,3.78809190588175,4.048807885247995,-0.2607159793662448
I-95 NB,GP,110P04156,2025-10-30,1.05,4.369348572563847,4.6205008112250905,4.877308226528404,-0.25680741530331375
I-95 NB,GP,110P04156,2025-10-31,1.05,2.1484101075059874,2.252715903386029,2.446318966864773,-0.193603063478744
I-95 NB,GP,110+04157,2025-10-01,1.05,4.376622741118632,5.133363223637847,4.885200516219317,0.24816270741852975
I-95 NB,GP,110+04157,2025-10-02,1.05,2.213818874209562,2.144250059129405,2.518681685333054,-0.3744316262036489
I-95 NB,GP,110+04157,2025-10-06,1.05,2.7049567318881684,2.6871911128044275,3.0602366383376016,-0.37304552553317416
I-95 NB,GP,110+04157,2025-10-07,1.05,2.948786883958819,2.880151690098856,3.3280400820822784,-0.44788839198342245
I-95 NB,GP,110+04157,2025-10-08,1.05,3.538692772788454,3.8905705572125764,3.97347455135702,-0.0829039941444436
I-95 NB,GP,110+04157,2025-10-09,1.05,3.4076220387648166,3.4420315349287742,3.8303455536110036,-0.38831401868222937
I-95 NB,GP,110+04157,2025-10-10,1.05,1.923110201004653,2.868275139742635,2.196581044873961,0.6716940948686738
I-95 NB,GP,110+04157,2025-10-14,1.05,3.944410303569162,4.114725356415149,4.415600390305217,-0.3008750338900681
I-95 NB,GP,110+04157,2025-10-15,1.05,3.093732959881548,3.2588706459709766,3.4869400599217593,-0.22806941395078262
I-95 NB,GP,110+04157,2025-10-16,1.05,4.062866679800133,4.332087853458879,4.544440653859975,-0.21235280040109572
I-95 NB,GP,110+04157,2025-10-17,1.05,2.2123272722794813,2.149667148853571,2.5170321770620556,-0.3673650282084848
I-95 NB,GP,110+04157,2025-10-21,1.05,1.471135752323011,1.462214990864365,1.692987103733036,-0.23077211286867105
I-95 NB,GP,110+04157,2025-10-22,1.05,3.1233696320176176,3.210842607576976,3.519403855853242,-0.3085612482762663
I-95 NB,GP,110+04157,2025-10-23,1.05,3.093905099870422,3.2131808073551933,3.4871286458809094,-0.27394783852571614
I-95 NB,GP,110+04157,2025-10-24,1.05,2.425996761389074,2.6339804829359528,2.753014301729997,-0.11903381879404407
I-95 NB,GP,110+04157,2025-10-27,1.05,2.1756307721606145,2.3113895948628795,2.4764409926076345,-0.16505139774475497
I-95 NB,GP,110+04157,2025-10-28,1.05,2.6745139524998107,2.8053620889614903,3.0267544417831735,-0.22139235282168324
I-95 NB,GP,110+04157,2025-10-29,1.05,3.419080601032267,3.4808048461019117,3.8428643480706284,-0.3620595019687167
I-95 NB,GP,110+04157,2025-10-30,1.05,4.113394528455906,4.244248897056326,4.599365599466787,-0.3551167024104611
I-95 NB,GP,110+04157,2025-10-31,1.05,2.125428732331722,2.1324208722351536,2.420879767044071,-0.2884588948089175
I-95 NB,GP,110P04157,2025-10-01,1.05,4.358348609012384,5.03789108914189,4.865372844064779,0.17251824507711166
I-95 NB,GP,110P04157,2025-10-02,1.05,2.223995420476776,2.2639648471718394,2.5299347280778006,-0.2659698809059612
I-95 NB,GP,110P04157,2025-10-07,1.05,2.937044572682363,2.8684643857540766,3.3151579051480184,-0.44669351939394186
I-95 NB,GP,110P04157,2025-10-08,1.05,3.854346175344418,3.999694671032545,4.317568878756868,-0.31787420772432284
I-95 NB,GP,110P04157,2025-10-09,1.05,3.4517215104750187,3.396971385768206,3.8785190139414163,-0.4815476281732103
I-95 NB,GP,110P04157,2025-10-10,1.05,2.286700089809872,2.9701843913343215,2.5992408738898654,0.3709435174444562
I-95 NB,GP,110P04157,2025-10-14,1.05,4.0133524804018545,4.151751360596866,4.490599012042957,-0.3388476514460912
I-95 NB,GP,110P04157,2025-10-15,1.05,3.1340321534394775,3.2438503866125483,3.531081390681065,-0.28723100406851687
I-95 NB,GP,110P04157,2025-10-16,1.05,4.070613808140631,4.210725039804407,4.55286319797062,-0.34213815816621285
I-95 NB,GP,110P04157,2025-10-22,1.05,3.1739580973384993,3.290589712704003,3.5747982152573767,-0.2842085025533736
I-95 NB,GP,110P04157,2025-10-23,1.05,3.183454634293951,3.283643299738176,3.5851941536582155,-0.30155085392003933
I-95 NB,GP,110P04157,2025-10-27,1.05,1.971120420763121,2.014751844930067,2.2498645131204422,-0.23511266819037502
I-95 NB,GP,110P04157,2025-10-28,1.05,2.7162000653023752,2.734210419055528,3.0725998357804483,-0.3383894167249202
I-95 NB,GP,110P04157,2025-10-29,1.05,3.44387513336431,3.4250459955376424,3.869949041017658,-0.44490304548001536
I-95 NB,GP,110P04157,2025-10-30,1.05,4.17428621176885,4.248226668658175,4.665531198655589,-0.4173045299974145
I-95 NB,GP,110P04157,2025-10-31,1.05,2.1166188749449377,2.2508830044912096,2.411125670413101,-0.16024266592189162
I-95 NB,GP,110+04158,2025-10-01,1.05,3.9921498372098387,4.61861812570461,4.4675376252115235,0.1510805004930864
I-95 NB,GP,110+04158,2025-10-07,1.05,1.1765268085790275,1.3325010424683144,1.3624486822915705,-0.0299476398232561
I-95 NB,GP,110+04158,2025-10-08,1.05,3.6315173345327363,3.9184707454372614,4.07474871040135,-0.1562779649640884
I-95 NB,GP,110+04158,2025-10-09,1.05,2.70841209044439,2.7518182446425716,3.064036312093245,-0.31221806745067315
I-95 NB,GP,110+04158,2025-10-10,1.05,2.057695341885428,2.7201340421795113,2.3458572515092064,0.37427679067030484
I-95 NB,GP,110+04158,2025-10-14,1.05,3.8143301174302615,3.932138651506881,4.273992366263251,-0.3418537147563696
I-95 NB,GP,110+04158,2025-10-15,1.05,3.148724391484083,3.0141416284904485,3.547170427396725,-0.5330287989062765
I-95 NB,GP,110+04158,2025-10-16,1.05,1.5821932767219737,1.7965115945442705,1.8170858421275464,-0.020574247583275973
I-95 NB,GP,110+04158,2025-10-22,1.05,1.4973022308500907,1.5668232433483866,1.7222491666329462,-0.15542592328455962
I-95 NB,GP,110+04158,2025-10-29,1.05,1.4649968843436723,1.391476648694326,1.68611988523738,-0.294643236543054
I-95 NB,GP,110+04158,2025-10-30,1.05,3.4658933396650298,3.4479670205624604,3.893996393069139,-0.4460293725066786
I-95 NB,GP,110+04158,2025-10-31,1.05,1.6859850846475712,1.9180330418526979,1.9328448776076288,-0.014811835754930947
I-95 NB,GP,110P04159,2025-10-01,1.05,1.8748971678295725,2.549250473043126,2.143034986198221,0.4062154868449048
I-95 NB,GP,110P04159,2025-10-02,1.05,1.1740907058705554,1.7498125605863275,1.3597065223425286,0.39010603824379886
I-95 NB,GP,110P04159,2025-10-08,1.05,1.0408663463212253,1.2461813770948775,1.2094922356598155,0.03668914143506208
I-95 NB,GP,110P04159,2025-10-09,1.05,1.5383299409987568,1.7355728382986237,1.7681018720114514,-0.03252903371282767
I-95 NB,GP,110P04159,2025-10-14,1.05,0.8827420570845609,1.0404304898865273,1.0304944292951836,0.009936060591343665
I-95 NB,GP,110P04159,2025-10-15,1.05,1.2228096897248515,1.4164848606090714,1.4145164418632534,0.0019684187458179903
I-95 NB,GP,110P04159,2025-10-16,1.05,1.2528958819452927,1.7793452209983125,1.448333376914636,0.33101184408367645
I-95 NB,GP,110P04159,2025-10-28,1.05,1.606823316583906,1.7661517995228384,1.8445744743524857,-0.07842267482964727
I-95 NB,GP,110P04146,2025-10-30,1.1,1.837873183781234,2.576873300619916,2.088592398885206,0.48828090173471006
I-95 NB,GP,110+04147,2025-10-30,1.1,1.9820532367939423,2.7312039263331713,2.248871662319454,0.48233226401371754
I-95 NB,GP,110P04147,2025-10-30,1.1,1.8590347783873584,2.8659682078595883,2.1121329664714863,0.753835241388102
I-95 NB,GP,110+04148,2025-10-07,1.1,0.9350853823270069,1.1042002916072287,1.077834721144768,0.026365570462460575
I-95 NB,GP,110+04148,2025-10-30,1.1,2.407977456983565,2.864133597263364,2.7209871730905766,0.14314642417278733
I-95 NB,GP,110+04150,2025-10-01,1.1,1.7684946285599146,1.9435460096054242,2.011374059839076,-0.06782805023365168
I-95 NB,GP,110+04150,2025-10-03,1.1,0.6212607303622425,0.8478657405987301,0.7222772392261386,0.12558850137259148
I-95 NB,GP,110+04150,2025-10-07,1.1,1.5134430611880352,2.31008565808667,1.7269333524459516,0.5831523056407184
I-95 NB,GP,110+04150,2025-10-21,1.1,1.2722486631564527,1.801647712795085,1.4570175050772909,0.34463020771779407
I-95 NB,GP,110+04150,2025-10-24,1.1,1.0558665424770115,1.5661695213818063,1.2139534042158215,0.3522161171659848
I-95 NB,GP,110+04150,2025-10-28,1.1,1.5899069909827488,1.8043990946055535,1.812306680351769,-0.007907585746215418
I-95 NB,GP,110+04150,2025-10-29,1.1,0.642696816956866,0.9400272684696148,0.7466667263094475,0.1933605421601673
I-95 NB,GP,110+04150,2025-10-30,1.1,1.605253594743514,2.0100111176869584,1.8294309110292,0.18058020665775842
I-95 NB,GP,110P04150,2025-10-01,1.1,1.8492224116614926,2.5262003361115632,2.1012182033384876,0.4249821327730756
I-95 NB,GP,110P04150,2025-10-03,1.1,2.0432173596482026,2.5383468932294155,2.316790385630961,0.22155650759845447
I-95 NB,GP,110P04150,2025-10-06,1.1,1.266691942867046,1.3772686845811828,1.4507871336192544,-0.07351844903807159
I-95 NB,GP,110P04150,2025-10-07,1.1,0.6862847504957886,0.9300307683862162,0.7962079981842901,0.13382277020192612
I-95 NB,GP,110P04150,2025-10-08,1.1,2.164532128385746,2.3978954823992393,2.451377356234425,-0.053481873835185656
I-95 NB,GP,110P04150,2025-10-09,1.1,2.1314556881689084,2.2201090119053077,2.414698343998304,-0.19458933209299634
I-95 NB,GP,110P04150,2025-10-14,1.1,2.1484630166867915,2.464184941778489,2.43355953354048,0.030625408238008855
I-95 NB,GP,110P04150,2025-10-15,1.1,1.1537391885682238,1.2801350272920027,1.3240127346528623,-0.04387770736085961
I-95 NB,GP,110P04150,2025-10-16,1.1,1.0890983584331102,1.1531255098439062,1.2513461814874942,-0.09822067164358805
I-95 NB,GP,110P04150,2025-10-21,1.1,1.365679733958364,2.080333311106481,1.5616917534203167,0.5186415576861643
I-95 NB,GP,110P04150,2025-10-22,1.1,2.311451847509441,2.5323371776476846,2.614159289934468,-0.08182211228678327
I-95 NB,GP,110P04150,2025-10-24,1.1,1.1829920467906496,1.954558609043476,1.3568692018768909,0.597689407166585
I-95 NB,GP,110P04150,2025-10-28,1.1,2.3015852028213053,2.798153486249932,2.6032343547174244,0.19491913153250762
I-95 NB,GP,110P04150,2025-10-29,1.1,1.903637352265744,2.412053182383905,2.161731383463536,0.250321798920369
I-95 NB,GP,110P04150,2025-10-30,1.1,1.7017700222177248,2.3175595362581105,1.9370495455673797,0.38050999069073077
I-95 NB,GP,110+04151,2025-10-01,1.1,3.06153364847393,3.7779356231134216,3.4420969275223756,0.33583869559104595
I-95 NB,GP,110+04151,2025-10-02,1.1,3.693148916184513,4.1351131622146236,4.135902241257172,-0.0007890790425486571
I-95 NB,GP,110+04151,2025-10-03,1.1,3.6098546480624423,4.498615364643735,4.044559322091544,0.4540560425521907
I-95 NB,GP,110+04151,2025-10-06,1.1,2.1133517689046313,2.7410122405505244,2.3946175576873414,0.346394682863183
I-95 NB,GP,110+04151,2025-10-07,1.1,1.7474161701009399,1.9624972893152668,1.9879012431402976,-0.0254039538250308
I-95 NB,GP,110+04151,2025-10-08,1.1,1.9905710434449966,2.6678167198755167,2.258332732359299,0.4094839875162175
I-95 NB,GP,110+04151,2025-10-09,1.1,2.0453988122350344,2.62021989473987,2.3192119486494773,0.3010079460903925
I-95 NB,GP,110+04151,2025-10-14,1.1,2.1268969499112864,2.870310575381981,2.409642150504089,0.46066842487789206
I-95 NB,GP,110+04151,2025-10-15,1.1,2.1412421023780577,2.3384103025085796,2.4255518976113453,-0.08714159510276565
I-95 NB,GP,110+04151,2025-10-16,1.1,3.474780670723671,4.187170536952916,3.8963386818196875,0.2908318551332285
I-95 NB,GP,110+04151,2025-10-17,1.1,1.2039972829048604,1.4046025294714108,1.3804514892831794,0.024151040188231443
I-95 NB,GP,110+04151,2025-10-20,1.1,0.8860712971615261,0.9519753486415605,1.0224936154335995,-0.07051826679203899
I-95 NB,GP,110+04151,2025-10-21,1.1,1.5879761665858032,2.28374746864435,1.8101519596610876,0.4735955089832624
I-95 NB,GP,110+04151,2025-10-22,1.1,2.376523441955993,3.014589675667435,2.6861860958265527,0.3284035798408822
I-95 NB,GP,110+04151,2025-10-23,1.1,2.147313204314417,2.7084008168441214,2.4322844865130815,0.2761163303310399
I-95 NB,GP,110+04151,2025-10-24,1.1,1.585577099221219,2.2630774107773703,1.8074746223994733,0.45560278837789703
I-95 NB,GP,110+04151,2025-10-27,1.1,2.596828455532909,2.667217756725455,2.929737644208363,-0.2625198874829078
I-95 NB,GP,110+04151,2025-10-28,1.1,3.5189226713468362,4.1504985448825105,3.944790081005433,0.20570846387707764
I-95 NB,GP,110+04151,2025-10-29,1.1,2.6048576785972624,3.312726617671309,2.938605683328486,0.3741209343428227
I-95 NB,GP,110+04151,2025-10-30,1.1,1.9660300560449653,2.509015632477004,2.2310717548363836,0.27794387764062023
I-95 NB,GP,110P04151,2025-10-01,1.1,4.4335074575260585,5.191795762719385,4.946004708121505,0.24579105459788053
I-95 NB,GP,110P04151,2025-10-02,1.1,4.17284285815756,5.1399051773845,4.6611355849708875,0.47876959241361217
I-95 NB,GP,110P04151,2025-10-03,1.1,3.9652901522755966,4.898079824014409,4.434043765970576,0.46403605804383297
I-95 NB,GP,110P04151,2025-10-06,1.1,3.986319882453144,4.887973400176134,4.457064398634779,0.43090900154135436
I-95 NB,GP,110P04151,2025-10-07,1.1,1.6479732271591083,2.0948800870527844,1.8770808417609162,0.21779924529186823
I-95 NB,GP,110P04151,2025-10-08,1.1,2.641479671298945,3.1935332168554,2.97904633702192,0.2144868798334798
I-95 NB,GP,110P04151,2025-10-09,1.1,4.215682950839927,5.134021315409962,4.707978740577926,0.426042574832036
I-95 NB,GP,110P04151,2025-10-14,1.1,3.3078243486997234,4.10262160204067,3.7129647561620676,0.3896568458786023
I-95 NB,GP,110P04151,2025-10-15,1.1,4.19125029529435,5.0142088919175185,4.6812642808187945,0.332944611098724
I-95 NB,GP,110P04151,2025-10-16,1.1,4.0890182225757465,4.916716917788661,4.569448894159285,0.34726802362937637
I-95 NB,GP,110P04151,2025-10-17,1.1,4.316150936941199,4.905351683299249,4.817795625920354,0.08755605737889471
I-95 NB,GP,110P04151,2025-10-20,1.1,3.5236871859090892,4.011526124613562,3.950018969170366,0.06150715544319585
I-95 NB,GP,110P04151,2025-10-21,1.1,1.8571070539549934,2.5423235773510604,2.109988762409612,0.43233481494144854
I-95 NB,GP,110P04151,2025-10-22,1.1,3.8749218645969448,4.861706211827429,4.335090877574879,0.5266153342525506
I-95 NB,GP,110P04151,2025-10-23,1.1,4.270076046863367,4.983511321370727,4.767440045878329,0.21607127549239813
I-95 NB,GP,110P04151,2025-10-24,1.1,4.7886363924980655,5.742386147230474,5.333547792781226,0.408838354449248
I-95 NB,GP,110P04151,2025-10-27,1.1,3.443664204594855,4.177621181908933,3.8621766870389376,0.31544449486999504
I-95 NB,GP,110P04151,2025-10-28,1.1,3.3853555358917213,4.388353170704807,3.79814354491155,0.590209625793257
I-95 NB,GP,110P04151,2025-10-29,1.1,2.917617982014551,3.6725732046194888,3.2836102935563867,0.3889629110631021
I-95 NB,GP,110P04151,2025-10-30,1.1,2.180871122990096,2.738218854118974,2.469491583810291,0.26872727030868315
I-95 NB,GP,110P04151,2025-10-31,1.1,2.317735062600045,2.7407340244624123,2.6211159283543166,0.1196180961080957
I-95 NB,GP,110+04152,2025-10-01,1.1,4.975352291331635,5.062161402356868,5.537061091960296,-0.47489968960342743
I-95 NB,GP,110+04152,2025-10-02,1.1,4.776348113918426,5.0344437176985455,5.320148256115786,-0.28570453841724053
I-95 NB,GP,110+04152,2025-10-03,1.1,2.4347853787645843,2.5107850315968223,2.7506402209233265,-0.23985518932650418
I-95 NB,GP,110+04152,2025-10-06,1.1,4.525314179074955,4.7699027435232,5.046251497728008,-0.27634875420480753
I-95 NB,GP,110+04152,2025-10-07,1.1,1.9171378396475371,2.0382846186507124,2.176739195630785,-0.13845457698007246
I-95 NB,GP,110+04152,2025-10-08,1.1,3.0832680889107724,3.392337240542645,3.466018125077781,-0.07368088453513622
I-95 NB,GP,110+04152,2025-10-09,1.1,4.7777190651957575,4.997068640484977,5.321643221602815,-0.32457458111783843
I-95 NB,GP,110+04152,2025-10-10,1.1,5.070807701008314,5.279457429672926,5.641041563898631,-0.3615841342257049
I-95 NB,GP,110+04152,2025-10-14,1.1,3.8986472500621288,4.078134998224756,4.3610747192880215,-0.2829397210632658
I-95 NB,GP,110+04152,2025-10-15,1.1,4.808797165354436,4.8777327470359815,5.35553018873286,-0.4777974416968789
I-95 NB,GP,110+04152,2025-10-16,1.1,4.711830998131353,4.933961564291547,5.2497847817401535,-0.31582321744860664
I-95 NB,GP,110+04152,2025-10-17,1.1,4.808471186395057,5.007207678413462,5.355174771416991,-0.347967093003529
I-95 NB,GP,110+04152,2025-10-20,1.1,3.594328177621176,3.9158962472220034,4.0275276781635,-0.1116314309414963
I-95 NB,GP,110+04152,2025-10-21,1.1,4.011714604411387,4.389364179732888,4.484859862696898,-0.09549568296401034
I-95 NB,GP,110+04152,2025-10-22,1.1,4.532825525802569,4.673205640626082,5.054451483363383,-0.3812458427373011
I-95 NB,GP,110+04152,2025-10-23,1.1,4.555596222146309,4.812774030385026,5.079308051325348,-0.2665340209403215
I-95 NB,GP,110+04152,2025-10-24,1.1,5.379921739366165,5.720763602971289,5.977484263033849,-0.25672066006256067
I-95 NB,GP,110+04152,2025-10-27,1.1,3.815008576135391,4.11267622354842,4.269459430323168,-0.15678320677474744
I-95 NB,GP,110+04152,2025-10-28,1.1,3.9936606426832775,4.338745875427404,4.46509951373036,-0.1263536383029562
I-95 NB,GP,110+04152,2025-10-29,1.1,3.068678129887783,3.711797194646827,3.4499606255514466,0.26183656909538033
I-95 NB,GP,110+04152,2025-10-30,1.1,4.5304096997549905,4.851240394343921,5.051814205973257,-0.20057381162933652
I-95 NB,GP,110+04152,2025-10-31,1.1,2.668448470732022,2.898495486439478,3.00881969999949,-0.11032421356001176
I-95 NB,GP,110P04153,2025-10-01,1.1,2.0324106710402563,2.6021713938960533,2.3047934131334626,0.2973779807625907
I-95 NB,GP,110P04153,2025-10-07,1.1,1.1627889652102317,1.1547725432096636,1.3341791861979195,-0.17940664298825593
I-95 NB,GP,110P04153,2025-10-08,1.1,1.3281731169759254,1.9489252158062338,1.51969038469879,0.42923483110744387
I-95 NB,GP,110P04153,2025-10-09,1.1,1.5037142018829845,1.8274675897214592,1.716064505272009,0.11140308444945024
I-95 NB,GP,110P04153,2025-10-10,1.1,0.8571138183829047,0.9678352702563738,0.9897681327043123,-0.02193286244793846
I-95 NB,GP,110P04153,2025-10-14,1.1,2.257016284251911,2.9033819980284545,2.5538726805799326,0.349509317448522
I-95 NB,GP,110P04153,2025-10-20,1.1,1.146303866888614,1.5819104712580487,1.3156586970930475,0.26625177416500123
I-95 NB,GP,110P04153,2025-10-21,1.1,1.4819965931050672,2.3241194943437153,1.691796773550206,0.6323227207935094
I-95 NB,GP,110P04153,2025-10-22,1.1,1.3962502094376654,1.5253085158680904,1.5959078149354762,-0.07059929906738582
I-95 NB,GP,110P04153,2025-10-29,1.1,1.7961102366456936,2.642308128867619,2.0421177195638154,0.6001904093038037
I-95 NB,GP,110+04154,2025-10-01,1.1,2.395293189181271,3.127500923120281,2.706954311702246,0.4205466114180352
I-95 NB,GP,110+04154,2025-10-02,1.1,1.177582522499808,1.1857255470426102,1.35079458613345,-0.1650690390908398
I-95 NB,GP,110+04154,2025-10-06,1.1,1.8478496059482759,1.8932670970918517,2.0996910692829975,-0.20642397219114583
I-95 NB,GP,110+04154,2025-10-07,1.1,1.5206672330177817,1.936096260181724,1.7350030734043276,0.2010931867773964
I-95 NB,GP,110+04154,2025-10-08,1.1,2.3977100684706296,2.9982285860258986,2.7096282741168887,0.2886003119090099
I-95 NB,GP,110+04154,2025-10-09,1.1,2.058650176872674,2.625655676490944,2.3339207152858426,0.29173496120510123
I-95 NB,GP,110+04154,2025-10-10,1.1,1.728087748842171,2.1994765070975992,1.9663720300108305,0.23310447708676874
I-95 NB,GP,110+04154,2025-10-14,1.1,2.9612287603409797,3.9651975621420994,3.331653489313829,0.6335440728282702
I-95 NB,GP,110+04154,2025-10-15,1.1,2.2082609372449693,2.4898744605627505,2.499850921720307,-0.009976461157556571
I-95 NB,GP,110+04154,2025-10-16,1.1,2.47303310148972,2.559785092927056,2.792935326986248,-0.23315023405919177
I-95 NB,GP,110+04154,2025-10-20,1.1,1.6456988423242451,2.0975880474468522,1.8745446285274565,0.22304341891939572
I-95 NB,GP,110+04154,2025-10-21,1.1,2.528014627609039,3.1726508249531764,2.8537110028399146,0.3189398221132618
I-95 NB,GP,110+04154,2025-10-22,1.1,1.890887291310765,2.3859502298813493,2.1475557304635386,0.23839449941781066
I-95 NB,GP,110+04154,2025-10-23,1.1,1.8935559444447903,2.25291068910924,2.1505229329739963,0.10238775613524354
I-95 NB,GP,110+04154,2025-10-24,1.1,1.1781522985318615,1.2467268266569969,1.3514344426866989,-0.10470761602970202
I-95 NB,GP,110+04154,2025-10-27,1.1,1.8999657243698238,2.0559025949098024,2.1576494336260796,-0.10174683871627721
I-95 NB,GP,110+04154,2025-10-28,1.1,2.062997487652322,2.3352877825501963,2.3387457151091455,-0.003457932558949217
I-95 NB,GP,110+04154,2025-10-29,1.1,1.7147846645466611,1.8964022604383255,1.9515512818788834,-0.05514902144055789
I-95 NB,GP,110P04154,2025-10-01,1.1,2.9631307235469144,3.419033746509954,3.333748420403618,0.08528532610633599
I-95 NB,GP,110P04154,2025-10-02,1.1,1.6227595182804229,1.770745506658481,1.8489603843806492,-0.07821487772216829
I-95 NB,GP,110P04154,2025-10-03,1.1,1.357058875574854,1.5300720922157487,1.5520399492517194,-0.021967857035970706
I-95 NB,GP,110P04154,2025-10-06,1.1,2.090540967547182,2.2410937625806953,2.369310771008812,-0.12821700842811667
I-95 NB,GP,110P04154,2025-10-07,1.1,1.768653500727862,1.9833281440083435,2.011550956324256,-0.028222812315912504
I-95 NB,GP,110P04154,2025-10-08,1.1,2.6352776593512632,3.2995331460376396,2.972198459387945,0.32733468664969445
I-95 NB,GP,110P04154,2025-10-09,1.1,2.5537357640945566,2.891633267458506,2.882133158518308,0.00950010894019826
I-95 NB,GP,110P04154,2025-10-10,1.1,2.19191611755978,2.8165047007928923,2.481735002219804,0.33476969857308836
I-95 NB,GP,110P04154,2025-10-14,1.1,3.2124422241026123,4.183747723747733,3.6081165868768212,0.5756311368709119
I-95 NB,GP,110P04154,2025-10-15,1.1,2.433987227054419,2.6677464180644375,2.7497574607335147,-0.08201104266907722
I-95 NB,GP,110P04154,2025-10-16,1.1,2.199052600616913,2.6383387121697166,2.489645131401405,0.1486935807683114
I-95 NB,GP,110P04154,2025-10-20,1.1,1.647032955367847,2.3081455088279434,1.8760323342966054,0.432113174531338
I-95 NB,GP,110P04154,2025-10-21,1.1,1.1710645715092483,1.1936054703780807,1.3434744858698837,-0.14986901549180298
I-95 NB,GP,110P04154,2025-10-22,1.1,2.586902132907374,2.9295380965717737,2.9187735186203634,0.010764577951410281
I-95 NB,GP,110P04154,2025-10-23,1.1,2.1051926302782253,2.5226891549791826,2.3855662984685,0.13712285651068257
I-95 NB,GP,110P04154,2025-10-27,1.1,1.9769898689553242,2.176876831763271,2.2432471718324347,-0.06637034006916354
I-95 NB,GP,110P04154,2025-10-28,1.1,2.1599349434352324,2.63336349441459,2.446280170092209,0.18708332432238084
I-95 NB,GP,110P04154,2025-10-29,1.1,1.4766128794761135,1.9643509575074651,1.685779743013598,0.27857121449386724
I-95 NB,GP,110+04155,2025-10-01,1.1,4.031912065855999,4.987057690964845,4.506964093551967,0.4800935974128784
I-95 NB,GP,110+04155,2025-10-02,1.1,2.3427377027695124,2.552953015006358,2.6487943923856876,-0.09584137737932963
I-95 NB,GP,110+04155,2025-10-03,1.1,2.0440231303967127,2.2664457873714827,2.317684853127243,-0.051239065755760205
I-95 NB,GP,110+04155,2025-10-06,1.1,2.2983060207532144,2.63495597744255,2.5996032319501485,0.03535274549240164
I-95 NB,GP,110+04155,2025-10-07,1.1,2.2821609277658323,2.4156776399298527,2.5817237650636935,-0.16604612513384076
I-95 NB,GP,110+04155,2025-10-08,1.1,2.9982804131191827,3.5453866949215977,3.3724592356289578,0.17292745929263997
I-95 NB,GP,110+04155,2025-10-09,1.1,3.112923054279092,3.3174292022294956,3.4986510450517643,-0.18122184282226872
I-95 NB,GP,110+04155,2025-10-10,1.1,2.3256908025855543,3.112596045576487,2.629923781736568,0.4826722638399188
I-95 NB,GP,110+04155,2025-10-14,1.1,3.965758446230915,4.5763211956244705,4.434556421574762,0.1417647740497081
I-95 NB,GP,110+04155,2025-10-15,1.1,2.9334924625033643,3.16387385999177,3.301099923831586,-0.13722606383981617
I-95 NB,GP,110+04155,2025-10-16,1.1,2.713977558025937,3.010813378375615,3.059069185099225,-0.04825580672360985
I-95 NB,GP,110+04155,2025-10-17,1.1,2.3661928054800834,2.4119742783912583,2.674754058942854,-0.26277978055159545
I-95 NB,GP,110+04155,2025-10-20,1.1,2.051486985208517,2.480226807974215,2.325969954375164,0.15425685359905117
I-95 NB,GP,110+04155,2025-10-21,1.1,1.406841170721761,1.5427192997642067,1.6077580815196322,-0.06503878175542543
I-95 NB,GP,110+04155,2025-10-22,1.1,2.8456147937636116,3.239547817276362,3.2042558811616413,0.03529193611472081
I-95 NB,GP,110+04155,2025-10-23,1.1,2.371050221536955,2.9284681919274655,2.6801294784981256,0.24833871342934
I-95 NB,GP,110+04155,2025-10-24,1.1,2.103466138001491,2.228578840363755,2.3836509371064323,-0.15507209674267708
I-95 NB,GP,110+04155,2025-10-27,1.1,2.291166095590175,2.4846324152956667,2.5916966323492328,-0.10706421705356606
I-95 NB,GP,110+04155,2025-10-28,1.1,2.460533693059674,2.8364784275888857,2.779114749566649,0.05736367802223663
I-95 NB,GP,110+04155,2025-10-29,1.1,3.4034736340601466,3.839615165707816,3.818042855344345,0.021572310363471292
I-95 NB,GP,110+04155,2025-10-30,1.1,4.354190754292425,4.665771492741877,4.859361105194261,-0.19358961245238415
I-95 NB,GP,110P04155,2025-10-01,1.1,4.535012522242427,5.405996887908402,5.056838929583683,0.3491579583247191
I-95 NB,GP,110P04155,2025-10-02,1.1,2.8462319805561047,2.942876032199399,3.204936257821344,-0.26206022562194464
I-95 NB,GP,110P04155,2025-10-06,1.1,2.820508758144163,2.976452805145926,3.176576762060819,-0.20012395691489315
I-95 NB,GP,110P04155,2025-10-07,1.1,2.268655308152757,2.589543608515539,2.5667652751773815,0.022778333338157708
I-95 NB,GP,110P04155,2025-10-08,1.1,4.23917824618602,4.763553642338518,4.733665231860251,0.02988841047826707
I-95 NB,GP,110P04155,2025-10-09,1.1,4.079125945304038,4.50427812316266,4.558626214800859,-0.054348091638199314
I-95 NB,GP,110P04155,2025-10-10,1.1,11.536212295177709,14.342511893016228,12.613879850552596,1.728632042463632
I-95 NB,GP,110P04155,2025-10-14,1.1,3.9877361977008805,4.790762123679597,4.458614705841461,0.3321474178381365
I-95 NB,GP,110P04155,2025-10-15,1.1,5.147708646402501,5.502620002011032,5.724780554626011,-0.22216055261497925
I-95 NB,GP,110P04155,2025-10-16,1.1,4.051122136062435,4.704441176670304,4.527985559481316,0.1764556171889886
I-95 NB,GP,110P04155,2025-10-17,1.1,4.218290465253222,4.357320483496408,4.710829582530653,-0.35350909903424554
I-95 NB,GP,110P04155,2025-10-20,1.1,1.6354974877420627,1.7408125731663575,1.8631679815547275,-0.12235540838837
I-95 NB,GP,110P04155,2025-10-21,1.1,1.8075241149849097,1.9044473164204618,2.0548215532559575,-0.15037423683549567
I-95 NB,GP,110P04155,2025-10-22,1.1,4.537749095364187,5.075331000177758,5.059826290039275,0.015504710138482203
I-95 NB,GP,110P04155,2025-10-23,1.1,4.797687741375416,5.107745913759023,5.343417214620144,-0.23567130086112176
I-95 NB,GP,110P04155,2025-10-24,1.1,2.2550586889413284,2.5857613318047443,2.5517041072418176,0.0340572245629267
I-95 NB,GP,110P04155,2025-10-27,1.1,2.7365472717242354,2.966591026695977,3.0839723171786972,-0.11738129048272006
I-95 NB,GP,110P04155,2025-10-28,1.1,4.156636675337671,4.55907498214533,4.643412436950016,-0.08433745480468602
I-95 NB,GP,110P04155,2025-10-29,1.1,4.148125556756195,4.4017249264998055,4.634104061932934,-0.2323791354331286
I-95 NB,GP,110P04155,2025-10-30,1.1,5.241423880144492,5.815515150380246,5.82679349229482,-0.011278341914574774
I-95 NB,GP,110P04155,2025-10-31,1.1,2.429978052058804,2.5353932829855164,2.745323199095936,-0.20992991611041978
I-95 NB,GP,110+04156,2025-10-01,1.1,4.614749530640066,5.56430648781322,5.143867840707434,0.4204386471057866
I-95 NB,GP,110+04156,2025-10-02,1.1,2.8729979074327403,2.942553624727238,3.2344396079087403,-0.29188598318150216
I-95 NB,GP,110+04156,2025-10-06,1.1,4.304512287615559,4.4768190330192885,4.805076732394215,-0.32825769937492666
I-95 NB,GP,110+04156,2025-10-07,1.1,4.782416763816734,4.966500390824461,5.326765798736274,-0.3602654079118137
I-95 NB,GP,110+04156,2025-10-08,1.1,12.656047601012304,13.535864785665433,13.811429086689133,-0.27556430102369944
I-95 NB,GP,110+04156,2025-10-09,1.1,3.437649612600959,3.874916447674828,3.8555726701608375,0.019343777513990634
I-95 NB,GP,110+04156,2025-10-10,1.1,12.33782437187689,14.307383311496388,13.471357203990332,0.836026107506056
I-95 NB,GP,110+04156,2025-10-14,1.1,4.322571401235264,4.8319089134937965,4.824811698874782,0.007097214619014913
I-95 NB,GP,110+04156,2025-10-15,1.1,5.3927036576310075,5.803736851969469,5.991387322671348,-0.1876504707018789
I-95 NB,GP,110+04156,2025-10-16,1.1,4.548660571731734,4.891158902365487,5.071737349157361,-0.1805784467918743
I-95 NB,GP,110+04156,2025-10-20,1.1,4.116317552678173,4.274609478741396,4.599312970275445,-0.3247034915340494
I-95 NB,GP,110+04156,2025-10-21,1.1,1.8595575796165762,1.992059549373794,2.11271446919105,-0.12065491981725596
I-95 NB,GP,110+04156,2025-10-22,1.1,4.8523194238142855,5.25033504432613,5.402978305691634,-0.15264326136550377
I-95 NB,GP,110+04156,2025-10-24,1.1,2.552980885796808,2.703370442021309,2.881299095120314,-0.17792865309900519
I-95 NB,GP,110+04156,2025-10-27,1.1,2.791920115936827,3.063497100313157,3.1450518051270477,-0.08155470481389093
I-95 NB,GP,110+04156,2025-10-28,1.1,4.448828726461863,4.752644006238915,4.962737513866932,-0.2100935076280166
I-95 NB,GP,110+04156,2025-10-29,1.1,4.226112454902896,4.566722748631447,4.7193812812196505,-0.1526585325882035
I-95 NB,GP,110+04156,2025-10-30,1.1,5.637812597536483,6.01099534732162,6.257863571132236,-0.24686822381061635
I-95 NB,GP,110+04156,2025-10-31,1.1,2.613064285128107,2.745101517322536,2.94766904407181,-0.20256752674927414
I-95 NB,GP,110P04156,2025-10-01,1.1,4.768423783220066,5.368619983235064,5.311506925613053,0.057113057622010466
I-95 NB,GP,110P04156,2025-10-02,1.1,2.4693309721092143,2.5768744347762804,2.788842041233818,-0.21196760645753754
I-95 NB,GP,110P04156,2025-10-03,1.1,2.2330147346519658,2.2679912538774847,2.527281648738852,-0.2592903948613672
I-95 NB,GP,110P04156,2025-10-06,1.1,2.6713203712026385,2.8210105711607176,3.0119898843209802,-0.19097931316026262
I-95 NB,GP,110P04156,2025-10-07,1.1,4.168841784094498,4.284432211742338,4.656760128557076,-0.3723279168147382
I-95 NB,GP,110P04156,2025-10-08,1.1,4.191277797974496,4.50384807716261,4.681294353852623,-0.1774462766900129
I-95 NB,GP,110P04156,2025-10-09,1.1,3.3555541006767817,3.5301522718039897,3.7654074235762236,-0.23525515177223388
I-95 NB,GP,110P04156,2025-10-10,1.1,2.5949336052346927,3.5219453699586967,2.927644754249447,0.5943006157092499
I-95 NB,GP,110P04156,2025-10-14,1.1,3.750683687193823,4.290578776336066,4.198971227923617,0.09160754841244856
I-95 NB,GP,110P04156,2025-10-15,1.1,4.974591748767246,5.2837991176325225,5.53623245864255,-0.25243334101002723
I-95 NB,GP,110P04156,2025-10-16,1.1,4.263154512689586,4.654295150425377,4.759874468358817,-0.10557931793343922
I-95 NB,GP,110P04156,2025-10-17,1.1,2.4416732280641393,2.4899647585961078,2.7582579679159522,-0.26829320931984446
I-95 NB,GP,110P04156,2025-10-21,1.1,1.6950554224108014,1.7906652179006888,1.9295668047612478,-0.13890158686055898
I-95 NB,GP,110P04156,2025-10-22,1.1,4.806363294716216,4.964225449432732,5.352876509019156,-0.3886510595864241
I-95 NB,GP,110P04156,2025-10-23,1.1,4.03288179834973,4.480117372402266,4.508025316394844,-0.027907943992577344
I-95 NB,GP,110P04156,2025-10-24,1.1,2.661449011758114,2.7967869399147456,3.0010929567894156,-0.20430601687466998
I-95 NB,GP,110P04156,2025-10-27,1.1,2.8936167796572194,2.973182025181016,3.257163289104692,-0.28398126392367606
I-95 NB,GP,110P04156,2025-10-28,1.1,2.8692181674430404,3.0836281272313926,3.2302736550025197,-0.14664552777112716
I-95 NB,GP,110P04156,2025-10-29,1.1,4.104532398493756,4.106676592921867,4.5864211239214345,-0.47974453099956715
I-95 NB,GP,110P04156,2025-10-30,1.1,4.867150268298135,4.903383071304205,5.419144898161844,-0.5157618268576387
I-95 NB,GP,110P04156,2025-10-31,1.1,2.3838725820448214,2.538011534432811,2.6943181286894213,-0.15630659425661042
I-95 NB,GP,110+04157,2025-10-01,1.1,4.626514217430399,5.281450088378838,5.156705714842962,0.12474437353587575
I-95 NB,GP,110+04157,2025-10-02,1.1,2.213818874209562,2.3667175216021925,2.5060104657130253,-0.13929294411083282
I-95 NB,GP,110+04157,2025-10-06,1.1,2.7049567318881684,2.8601419803202,3.0491145068981704,-0.18897252657797026
I-95 NB,GP,110+04157,2025-10-07,1.1,3.934122674731129,3.995337074637587,4.399920916640708,-0.40458384200312114
I-95 NB,GP,110+04157,2025-10-08,1.1,4.522190285791544,4.755025639680315,5.042841122345468,-0.28781548266515333
I-95 NB,GP,110+04157,2025-10-09,1.1,3.4076220387648166,3.5917392552974983,3.8225987813530904,-0.23085952605559212
I-95 NB,GP,110+04157,2025-10-10,1.1,2.1728281442873945,3.1458163966366715,2.4605750923659655,0.685241304270706
I-95 NB,GP,110+04157,2025-10-14,1.1,3.944410303569162,4.317235616071894,4.411184667542221,-0.09394905147032695
I-95 NB,GP,110+04157,2025-10-15,1.1,4.817070511824399,5.0389718247187325,5.364550511455024,-0.3255786867362911
I-95 NB,GP,110+04157,2025-10-16,1.1,4.555442632492206,4.554413979680052,5.079140401101906,-0.5247264214218541
I-95 NB,GP,110+04157,2025-10-17,1.1,2.454790612065061,2.392626624295459,2.7727641394965907,-0.3801375152011319
I-95 NB,GP,110+04157,2025-10-21,1.1,1.7166315696340144,1.6661491611405372,1.9536090324776114,-0.2874598713370742
I-95 NB,GP,110+04157,2025-10-22,1.1,3.1233696320176176,3.3805929894198217,3.510145111106552,-0.12955212168673036
I-95 NB,GP,110+04157,2025-10-23,1.1,4.797653546653175,5.111563583653382,5.343379930069651,-0.23181634641626925
I-95 NB,GP,110+04157,2025-10-24,1.1,2.912669863110578,2.8355825583046483,3.2781583200270887,-0.4425757617224404
I-95 NB,GP,110+04157,2025-10-27,1.1,2.424558936444521,2.6353088612419193,2.7393292587750904,-0.10402039753317105
I-95 NB,GP,110+04157,2025-10-28,1.1,2.914272958291449,3.0034363366638273,3.2799246756815483,-0.2764883390177211
I-95 NB,GP,110+04157,2025-10-29,1.1,3.6627471012769752,3.6668196228297765,4.102567791553457,-0.4357481687236806
I-95 NB,GP,110+04157,2025-10-30,1.1,4.858141415069404,4.929620665173835,5.409324781264207,-0.4797041160903719
I-95 NB,GP,110+04157,2025-10-31,1.1,2.3748759279603564,2.474769303035316,2.68436300225085,-0.20959369921553384
I-95 NB,GP,110P04157,2025-10-01,1.1,4.600992607183753,5.242801425284797,5.128855124055632,0.1139463012291646
I-95 NB,GP,110P04157,2025-10-02,1.1,2.469434925972967,2.4817360824916053,2.7889569803223058,-0.3072208978307005
I-95 NB,GP,110P04157,2025-10-07,1.1,2.937044572682363,3.095944111214671,3.305013171133176,-0.20906905991850477
I-95 NB,GP,110P04157,2025-10-08,1.1,4.844019963103793,4.817955413638357,5.393930896962034,-0.5759754833236768
I-95 NB,GP,110P04157,2025-10-09,1.1,3.4517215104750187,3.600642263312546,3.8710232225162886,-0.2703809592037425
I-95 NB,GP,110P04157,2025-10-10,1.1,2.286700089809872,3.184191653653512,2.586750810629154,0.5974408430243581
I-95 NB,GP,110P04157,2025-10-14,1.1,4.261292775851788,4.468904409250446,4.757839454357936,-0.2889350451074897
I-95 NB,GP,110P04157,2025-10-15,1.1,4.364655124376929,4.600475049029719,4.870794009118255,-0.2703189600885354
I-95 NB,GP,110P04157,2025-10-16,1.1,4.070613808140631,4.445298733977535,4.549313041242688,-0.10401430726515315
I-95 NB,GP,110P04157,2025-10-22,1.1,3.420852782833215,3.534487062280086,3.8371284789877835,-0.3026414167076976
I-95 NB,GP,110P04157,2025-10-23,1.1,3.183454634293951,3.4547498266120007,3.576239303093957,-0.12148947648195652
I-95 NB,GP,110P04157,2025-10-27,1.1,2.4676844823072166,2.5874091545085918,2.7870215466499175,-0.19961239214132576
I-95 NB,GP,110P04157,2025-10-28,1.1,2.9531437627750825,3.009448239060116,3.3227478948568843,-0.3132996557967682
I-95 NB,GP,110P04157,2025-10-29,1.1,3.44387513336431,3.595021682062574,3.862408282249161,-0.2673866001865872
I-95 NB,GP,110P04157,2025-10-30,1.1,4.918939911777435,5.068473575934186,5.475590911162708,-0.40711733522852267
I-95 NB,GP,110P04157,2025-10-31,1.1,2.6137434315747545,2.6358417253886484,2.9484190653178453,-0.3125773399291969
I-95 NB,GP,110+04158,2025-10-01,1.1,4.482569563239879,4.850465546817924,4.999582607341262,-0.14911706052333784
I-95 NB,GP,110+04158,2025-10-07,1.1,2.6665593223221036,2.9102692126954652,3.006734300134061,-0.09646508743859572
I-95 NB,GP,110+04158,2025-10-08,1.1,4.616395217391867,4.751350696395885,5.145663690076291,-0.39431299368040573
I-95 NB,GP,110+04158,2025-10-09,1.1,3.2059787116101024,3.3540215616206788,3.601009269616769,-0.24698770799609004
I-95 NB,GP,110+04158,2025-10-10,1.1,2.54373438525701,3.01889822592381,2.8710822359572807,0.14781598996652923
I-95 NB,GP,110+04158,2025-10-14,1.1,4.061390095297235,4.3899180350713145,4.539220867307288,-0.14930283223597307
I-95 NB,GP,110+04158,2025-10-15,1.1,3.148724391484083,3.294685316674054,3.5380388644733807,-0.24335354779932672
I-95 NB,GP,110+04158,2025-10-16,1.1,2.0778930584210413,2.2535306790830476,2.3552764172504133,-0.10174573816736565
I-95 NB,GP,110+04158,2025-10-22,1.1,3.4616972261864603,3.344900810592414,3.881975479293777,-0.5370746687013628
I-95 NB,GP,110+04158,2025-10-29,1.1,1.4649968843436723,1.6888345186672542,1.6727957205115023,0.016038798155751932
I-95 NB,GP,110+04158,2025-10-30,1.1,4.9540482135425,4.951023161272671,5.513848669667295,-0.5628255083946243
I-95 NB,GP,110+04158,2025-10-31,1.1,2.16523451431403,2.264532337347818,2.4521561153588074,-0.18762377801098928
I-95 NB,GP,110P04159,2025-10-01,1.1,2.09787738906971,2.6886088595162163,2.37745058217733,0.31115827733888635
I-95 NB,GP,110P04159,2025-10-02,1.1,1.3905875392913947,1.8543452253380128,1.5895710583385398,0.264774166999473
I-95 NB,GP,110P04159,2025-10-08,1.1,1.0408663463212253,1.3401489333580647,1.1970669793263788,0.1430819540316859
I-95 NB,GP,110P04159,2025-10-09,1.1,1.5383299409987568,1.8922815154625388,1.7547297207186643,0.13755179474387447
I-95 NB,GP,110P04159,2025-10-14,1.1,0.8827420570845609,1.1511385638043161,1.0187323247573232,0.1324062390469929
I-95 NB,GP,110P04159,2025-10-15,1.1,1.2228096897248515,1.506421293741307,1.4015645800762595,0.10485671366504756
I-95 NB,GP,110P04159,2025-10-16,1.1,1.2528958819452927,1.8522576457906277,1.435316064349378,0.4169415814412496
I-95 NB,GP,110P04159,2025-10-28,1.1,1.606823316583906,1.855809121792071,1.8311822624408038,0.024626859351267072
