corridor,facility,tmc_code,date_local,road_order,length_mi,lanes,free_flow_speed_mph,capacity_speed_mph,capacity_vph_link,observed_15min_bins,threshold_multiplier,threshold_basis,threshold_speed_mph,threshold_speed_ratio_to_vf,threshold_speed_ratio_to_vc,episode_identified,duration_h,demand_veh_link,d_over_c_h,episode_start_minute,episode_end_minute,minimum_speed_mph,minimum_speed_minute,touches_data_start,touches_data_end,uncensored_episode,congested_link_mile_hours,qualifying_link_miles
I-95 HOV NB,HOV,110+04658,2025-10-01,1.0,5.922145,2,73.0,51.618795026617974,4000.0,96,0.25,free_flow_speed,18.25,0.25,0.35355339059327373,False,0.0,0.0,0.0,,,,,False,False,False,0.0,0.0
I-95 HOV NB,HOV,110+04658,2025-10-02,1.0,5.922145,2,73.0,51.618795026617974,4000.0,96,0.25,free_flow_speed,18.25,0.25,0.35355339059327373,False,0.0,0.0,0.0,,,,,False,False,False,0.0,0.0
I-95 HOV NB,HOV,110+04658,2025-10-03,1.0,5.922145,2,73.0,51.618795026617974,4000.0,96,0.25,free_flow_speed,18.25,0.25,0.35355339059327373,False,0.0,0.0,0.0,,,,,False,False,False,0.0,0.0
I-95 HOV NB,HOV,110+04658,2025-10-06,1.0,5.922145,2,73.0,51.618795026617974,4000.0,96,0.25,free_flow_speed,18.25,0.25,0.35355339059327373,False,0.0,0.0,0.0,,,,,False,False,False,0.0,0.0
I-95 HOV NB,HOV,110+04658,2025-10-07,1.0,5.922145,2,73.0,51.618795026617974,4000.0,96,0.25,free_flow_speed,18.25,0.25,0.35355339059327373,False,0.0,0.0,0.0,,,,,False,False,False,0.0,0.0
I-95 HOV NB,HOV,110+04658,2025-10-08,1.0,5.922145,2,73.0,51.618795026617974,4000.0,96,0.25,free_flow_speed,18.25,0.25,0.35355339059327373,False,0.0,0.0,0.0,,,,,False,False,False,0.0,0.0
I-95 HOV NB,HOV,110+04658,2025-10-09,1.0,5.922145,2,73.0,51.618795026617974,4000.0,96,0.25,free_flow_speed,18.25,0.25,0.35355339059327373,False,0.0,0.0,0.0,,,,,False,False,False,0.0,0.0
I-95 HOV NB,HOV,110+04658,2025-10-10,1.0,5.922145,2,73.0,51.618795026617974,4000.0,96,0.25,free_flow_speed,18.25,0.25,0.35355339059327373,False,0.0,0.0,0.0,,,,,False,False,False,0.0,0.0
I-95 HOV NB,HOV,110+04658,2025-10-13,1.0,5.922145,2,73.0,51.618795026617974,4000.0,96,0.25,free_flow_speed,18.25,0.25,0.35355339059327373,False,0.0,0.0,0.0,,,,,False,False,False,0.0,0.0
I-95 HOV NB,HOV,110+04658,2025-10-14,1.0,5.922145,2,73.0,51.618795026617974,4000.0,96,0.25,free_flow_speed,18.25,0.25,0.35355339059327373,False,0.0,0.0,0.0,,,,,False,False,False,0.0,0.0
I-95 HOV NB,HOV,110+04658,2025-10-15,1.0,5.922145,2,73.0,51.618795026617974,4000.0,96,0.25,free_flow_speed,18.25,0.25,0.35355339059327373,False,0.0,0.0,0.0,,,,,False,False,False,0.0,0.0
I-95 HOV NB,HOV,110+04658,2025-10-16,1.0,5.922145,2,73.0,51.618795026617974,4000.0,96,0.25,free_flow_speed,18.25,0.25,0.35355339059327373,False,0.0,0.0,0.0,,,,,False,False,False,0.0,0.0
I-95 HOV NB,HOV,110+04658,2025-10-17,1.0,5.922145,2,73.0,51.618795026617974,4000.0,96,0.25,free_flow_speed,18.25,0.25,0.35355339059327373,False,0.0,0.0,0.0,,,,,False,False,False,0.0,0.0
I-95 HOV NB,HOV,110+04658,2025-10-20,1.0,5.922145,2,73.0,51.618795026617974,4000.0,96,0.25,free_flow_speed,18.25,0.25,0.35355339059327373,False,0.0,0.0,0.0,,,,,False,False,False,0.0,0.0
I-95 HOV NB,HOV,110+04658,2025-10-21,1.0,5.922145,2,73.0,51.618795026617974,4000.0,96,0.25,free_flow_speed,18.25,0.25,0.35355339059327373,False,0.0,0.0,0.0,,,,,False,False,False,0.0,0.0
I-95 HOV NB,HOV,110+04658,2025-10-22,1.0,5.922145,2,73.0,51.618795026617974,4000.0,96,0.25,free_flow_speed,18.25,0.25,0.35355339059327373,False,0.0,0.0,0.0,,,,,False,False,False,0.0,0.0
I-95 HOV NB,HOV,110+04658,2025-10-23,1.0,5.922145,2,73.0,51.618795026617974,4000.0,96,0.25,free_flow_speed,18.25,0.25,0.35355339059327373,False,0.0,0.0,0.0,,,,,False,False,False,0.0,0.0
I-95 HOV NB,HOV,110+04658,2025-10-24,1.0,5.922145,2,73.0,51.618795026617974,4000.0,96,0.25,free_flow_speed,18.25,0.25,0.35355339059327373,False,0.0,0.0,0.0,,,,,False,False,False,0.0,0.0
I-95 HOV NB,HOV,110+04658,2025-10-27,1.0,5.922145,2,73.0,51.618795026617974,4000.0,96,0.25,free_flow_speed,18.25,0.25,0.35355339059327373,False,0.0,0.0,0.0,,,,,False,False,False,0.0,0.0
I-95 HOV NB,HOV,110+04658,2025-10-28,1.0,5.922145,2,73.0,51.618795026617974,4000.0,96,0.25,free_flow_speed,18.25,0.25,0.35355339059327373,False,0.0,0.0,0.0,,,,,False,False,False,0.0,0.0
I-95 HOV NB,HOV,110+04658,2025-10-29,1.0,5.922145,2,73.0,51.618795026617974,4000.0,96,0.25,free_flow_speed,18.25,0.25,0.35355339059327373,False,0.0,0.0,0.0,,,,,False,False,False,0.0,0.0
I-95 HOV NB,HOV,110+04658,2025-10-30,1.0,5.922145,2,73.0,51.618795026617974,4000.0,96,0.25,free_flow_speed,18.25,0.25,0.35355339059327373,False,0.0,0.0,0.0,,,,,False,False,False,0.0,0.0
I-95 HOV NB,HOV,110+04658,2025-10-31,1.0,5.922145,2,73.0,51.618795026617974,4000.0,96,0.25,free_flow_speed,18.25,0.25,0.35355339059327373,False,0.0,0.0,0.0,,,,,False,False,False,0.0,0.0
I-95 HOV NB,HOV,110P04660,2025-10-01,4.0,0.969226,2,71.0,50.204581464244875,4000.0,96,0.25,free_flow_speed,17.75,0.25,0.3535533905932738,False,0.0,0.0,0.0,,,,,False,False,False,0.0,0.0
I-95 HOV NB,HOV,110P04660,2025-10-02,4.0,0.969226,2,71.0,50.204581464244875,4000.0,96,0.25,free_flow_speed,17.75,0.25,0.3535533905932738,False,0.0,0.0,0.0,,,,,False,False,False,0.0,0.0
I-95 HOV NB,HOV,110P04660,2025-10-03,4.0,0.969226,2,71.0,50.204581464244875,4000.0,96,0.25,free_flow_speed,17.75,0.25,0.3535533905932738,False,0.0,0.0,0.0,,,,,False,False,False,0.0,0.0
I-95 HOV NB,HOV,110P04660,2025-10-06,4.0,0.969226,2,71.0,50.204581464244875,4000.0,96,0.25,free_flow_speed,17.75,0.25,0.3535533905932738,False,0.0,0.0,0.0,,,,,False,False,False,0.0,0.0
I-95 HOV NB,HOV,110P04660,2025-10-07,4.0,0.969226,2,71.0,50.204581464244875,4000.0,96,0.25,free_flow_speed,17.75,0.25,0.3535533905932738,False,0.0,0.0,0.0,,,,,False,False,False,0.0,0.0
I-95 HOV NB,HOV,110P04660,2025-10-08,4.0,0.969226,2,71.0,50.204581464244875,4000.0,96,0.25,free_flow_speed,17.75,0.25,0.3535533905932738,False,0.0,0.0,0.0,,,,,False,False,False,0.0,0.0
I-95 HOV NB,HOV,110P04660,2025-10-09,4.0,0.969226,2,71.0,50.204581464244875,4000.0,96,0.25,free_flow_speed,17.75,0.25,0.3535533905932738,False,0.0,0.0,0.0,,,,,False,False,False,0.0,0.0
I-95 HOV NB,HOV,110P04660,2025-10-10,4.0,0.969226,2,71.0,50.204581464244875,4000.0,96,0.25,free_flow_speed,17.75,0.25,0.3535533905932738,False,0.0,0.0,0.0,,,,,False,False,False,0.0,0.0
I-95 HOV NB,HOV,110P04660,2025-10-13,4.0,0.969226,2,71.0,50.204581464244875,4000.0,96,0.25,free_flow_speed,17.75,0.25,0.3535533905932738,False,0.0,0.0,0.0,,,,,False,False,False,0.0,0.0
I-95 HOV NB,HOV,110P04660,2025-10-14,4.0,0.969226,2,71.0,50.204581464244875,4000.0,96,0.25,free_flow_speed,17.75,0.25,0.3535533905932738,False,0.0,0.0,0.0,,,,,False,False,False,0.0,0.0
I-95 HOV NB,HOV,110P04660,2025-10-15,4.0,0.969226,2,71.0,50.204581464244875,4000.0,96,0.25,free_flow_speed,17.75,0.25,0.3535533905932738,False,0.0,0.0,0.0,,,,,False,False,False,0.0,0.0
I-95 HOV NB,HOV,110P04660,2025-10-16,4.0,0.969226,2,71.0,50.204581464244875,4000.0,96,0.25,free_flow_speed,17.75,0.25,0.3535533905932738,False,0.0,0.0,0.0,,,,,False,False,False,0.0,0.0
I-95 HOV NB,HOV,110P04660,2025-10-17,4.0,0.969226,2,71.0,50.204581464244875,4000.0,96,0.25,free_flow_speed,17.75,0.25,0.3535533905932738,False,0.0,0.0,0.0,,,,,False,False,False,0.0,0.0
I-95 HOV NB,HOV,110P04660,2025-10-20,4.0,0.969226,2,71.0,50.204581464244875,4000.0,96,0.25,free_flow_speed,17.75,0.25,0.3535533905932738,False,0.0,0.0,0.0,,,,,False,False,False,0.0,0.0
I-95 HOV NB,HOV,110P04660,2025-10-21,4.0,0.969226,2,71.0,50.204581464244875,4000.0,96,0.25,free_flow_speed,17.75,0.25,0.3535533905932738,False,0.0,0.0,0.0,,,,,False,False,False,0.0,0.0
I-95 HOV NB,HOV,110P04660,2025-10-22,4.0,0.969226,2,71.0,50.204581464244875,4000.0,96,0.25,free_flow_speed,17.75,0.25,0.3535533905932738,False,0.0,0.0,0.0,,,,,False,False,False,0.0,0.0
I-95 HOV NB,HOV,110P04660,2025-10-23,4.0,0.969226,2,71.0,50.204581464244875,4000.0,96,0.25,free_flow_speed,17.75,0.25,0.3535533905932738,False,0.0,0.0,0.0,,,,,False,False,False,0.0,0.0
I-95 HOV NB,HOV,110P04660,2025-10-24,4.0,0.969226,2,71.0,50.204581464244875,4000.0,96,0.25,free_flow_speed,17.75,0.25,0.3535533905932738,False,0.0,0.0,0.0,,,,,False,False,False,0.0,0.0
I-95 HOV NB,HOV,110P04660,2025-10-27,4.0,0.969226,2,71.0,50.204581464244875,4000.0,96,0.25,free_flow_speed,17.75,0.25,0.3535533905932738,False,0.0,0.0,0.0,,,,,False,False,False,0.0,0.0
I-95 HOV NB,HOV,110P04660,2025-10-28,4.0,0.969226,2,71.0,50.204581464244875,4000.0,96,0.25,free_flow_speed,17.75,0.25,0.3535533905932738,False,0.0,0.0,0.0,,,,,False,False,False,0.0,0.0
I-95 HOV NB,HOV,110P04660,2025-10-29,4.0,0.969226,2,71.0,50.204581464244875,4000.0,96,0.25,free_flow_speed,17.75,0.25,0.3535533905932738,False,0.0,0.0,0.0,,,,,False,False,False,0.0,0.0
I-95 HOV NB,HOV,110P04660,2025-10-30,4.0,0.969226,2,71.0,50.204581464244875,4000.0,96,0.25,free_flow_speed,17.75,0.25,0.3535533905932738,False,0.0,0.0,0.0,,,,,False,False,False,0.0,0.0
I-95 HOV NB,HOV,110P04660,2025-10-31,4.0,0.969226,2,71.0,50.204581464244875,4000.0,96,0.25,free_flow_speed,17.75,0.25,0.3535533905932738,False,0.0,0.0,0.0,,,,,False,False,False,0.0,0.0
I-95 HOV NB,HOV,110+04661,2025-10-01,5.0,0.021561,2,71.0,50.204581464244875,4000.0,96,0.25,free_flow_speed,17.75,0.25,0.3535533905932738,False,0.0,0.0,0.0,,,,,False,False,False,0.0,0.0
I-95 HOV NB,HOV,110+04661,2025-10-02,5.0,0.021561,2,71.0,50.204581464244875,4000.0,96,0.25,free_flow_speed,17.75,0.25,0.3535533905932738,False,0.0,0.0,0.0,,,,,False,False,False,0.0,0.0
I-95 HOV NB,HOV,110+04661,2025-10-03,5.0,0.021561,2,71.0,50.204581464244875,4000.0,96,0.25,free_flow_speed,17.75,0.25,0.3535533905932738,False,0.0,0.0,0.0,,,,,False,False,False,0.0,0.0
I-95 HOV NB,HOV,110+04661,2025-10-06,5.0,0.021561,2,71.0,50.204581464244875,4000.0,96,0.25,free_flow_speed,17.75,0.25,0.3535533905932738,False,0.0,0.0,0.0,,,,,False,False,False,0.0,0.0
I-95 HOV NB,HOV,110+04661,2025-10-07,5.0,0.021561,2,71.0,50.204581464244875,4000.0,96,0.25,free_flow_speed,17.75,0.25,0.3535533905932738,False,0.0,0.0,0.0,,,,,False,False,False,0.0,0.0
I-95 HOV NB,HOV,110+04661,2025-10-08,5.0,0.021561,2,71.0,50.204581464244875,4000.0,96,0.25,free_flow_speed,17.75,0.25,0.3535533905932738,False,0.0,0.0,0.0,,,,,False,False,False,0.0,0.0
I-95 HOV NB,HOV,110+04661,2025-10-09,5.0,0.021561,2,71.0,50.204581464244875,4000.0,96,0.25,free_flow_speed,17.75,0.25,0.3535533905932738,False,0.0,0.0,0.0,,,,,False,False,False,0.0,0.0
I-95 HOV NB,HOV,110+04661,2025-10-10,5.0,0.021561,2,71.0,50.204581464244875,4000.0,96,0.25,free_flow_speed,17.75,0.25,0.3535533905932738,False,0.0,0.0,0.0,,,,,False,False,False,0.0,0.0
I-95 HOV NB,HOV,110+04661,2025-10-13,5.0,0.021561,2,71.0,50.204581464244875,4000.0,96,0.25,free_flow_speed,17.75,0.25,0.3535533905932738,False,0.0,0.0,0.0,,,,,False,False,False,0.0,0.0
I-95 HOV NB,HOV,110+04661,2025-10-14,5.0,0.021561,2,71.0,50.204581464244875,4000.0,96,0.25,free_flow_speed,17.75,0.25,0.3535533905932738,False,0.0,0.0,0.0,,,,,False,False,False,0.0,0.0
I-95 HOV NB,HOV,110+04661,2025-10-15,5.0,0.021561,2,71.0,50.204581464244875,4000.0,96,0.25,free_flow_speed,17.75,0.25,0.3535533905932738,False,0.0,0.0,0.0,,,,,False,False,False,0.0,0.0
I-95 HOV NB,HOV,110+04661,2025-10-16,5.0,0.021561,2,71.0,50.204581464244875,4000.0,96,0.25,free_flow_speed,17.75,0.25,0.3535533905932738,False,0.0,0.0,0.0,,,,,False,False,False,0.0,0.0
I-95 HOV NB,HOV,110+04661,2025-10-17,5.0,0.021561,2,71.0,50.204581464244875,4000.0,96,0.25,free_flow_speed,17.75,0.25,0.3535533905932738,False,0.0,0.0,0.0,,,,,False,False,False,0.0,0.0
I-95 HOV NB,HOV,110+04661,2025-10-20,5.0,0.021561,2,71.0,50.204581464244875,4000.0,96,0.25,free_flow_speed,17.75,0.25,0.3535533905932738,False,0.0,0.0,0.0,,,,,False,False,False,0.0,0.0
I-95 HOV NB,HOV,110+04661,2025-10-21,5.0,0.021561,2,71.0,50.204581464244875,4000.0,96,0.25,free_flow_speed,17.75,0.25,0.3535533905932738,False,0.0,0.0,0.0,,,,,False,False,False,0.0,0.0
I-95 HOV NB,HOV,110+04661,2025-10-22,5.0,0.021561,2,71.0,50.204581464244875,4000.0,96,0.25,free_flow_speed,17.75,0.25,0.3535533905932738,False,0.0,0.0,0.0,,,,,False,False,False,0.0,0.0
I-95 HOV NB,HOV,110+04661,2025-10-23,5.0,0.021561,2,71.0,50.204581464244875,4000.0,96,0.25,free_flow_speed,17.75,0.25,0.3535533905932738,False,0.0,0.0,0.0,,,,,False,False,False,0.0,0.0
I-95 HOV NB,HOV,110+04661,2025-10-24,5.0,0.021561,2,71.0,50.204581464244875,4000.0,96,0.25,free_flow_speed,17.75,0.25,0.3535533905932738,False,0.0,0.0,0.0,,,,,False,False,False,0.0,0.0
I-95 HOV NB,HOV,110+04661,2025-10-27,5.0,0.021561,2,71.0,50.204581464244875,4000.0,96,0.25,free_flow_speed,17.75,0.25,0.3535533905932738,False,0.0,0.0,0.0,,,,,False,False,False,0.0,0.0
I-95 HOV NB,HOV,110+04661,2025-10-28,5.0,0.021561,2,71.0,50.204581464244875,4000.0,96,0.25,free_flow_speed,17.75,0.25,0.3535533905932738,False,0.0,0.0,0.0,,,,,False,False,False,0.0,0.0
I-95 HOV NB,HOV,110+04661,2025-10-29,5.0,0.021561,2,71.0,50.204581464244875,4000.0,96,0.25,free_flow_speed,17.75,0.25,0.3535533905932738,False,0.0,0.0,0.0,,,,,False,False,False,0.0,0.0
I-95 HOV NB,HOV,110+04661,2025-10-30,5.0,0.021561,2,71.0,50.204581464244875,4000.0,96,0.25,free_flow_speed,17.75,0.25,0.3535533905932738,False,0.0,0.0,0.0,,,,,False,False,False,0.0,0.0
I-95 HOV NB,HOV,110+04661,2025-10-31,5.0,0.021561,2,71.0,50.204581464244875,4000.0,96,0.25,free_flow_speed,17.75,0.25,0.3535533905932738,False,0.0,0.0,0.0,,,,,False,False,False,0.0,0.0
I-95 HOV NB,HOV,110P04661,2025-10-01,6.0,0.254748,2,71.0,50.204581464244875,4000.0,96,0.25,free_flow_speed,17.75,0.25,0.3535533905932738,False,0.0,0.0,0.0,,,,,False,False,False,0.0,0.0
I-95 HOV NB,HOV,110P04661,2025-10-02,6.0,0.254748,2,71.0,50.204581464244875,4000.0,96,0.25,free_flow_speed,17.75,0.25,0.3535533905932738,False,0.0,0.0,0.0,,,,,False,False,False,0.0,0.0
I-95 HOV NB,HOV,110P04661,2025-10-03,6.0,0.254748,2,71.0,50.204581464244875,4000.0,96,0.25,free_flow_speed,17.75,0.25,0.3535533905932738,False,0.0,0.0,0.0,,,,,False,False,False,0.0,0.0
I-95 HOV NB,HOV,110P04661,2025-10-06,6.0,0.254748,2,71.0,50.204581464244875,4000.0,96,0.25,free_flow_speed,17.75,0.25,0.3535533905932738,False,0.0,0.0,0.0,,,,,False,False,False,0.0,0.0
I-95 HOV NB,HOV,110P04661,2025-10-07,6.0,0.254748,2,71.0,50.204581464244875,4000.0,96,0.25,free_flow_speed,17.75,0.25,0.3535533905932738,False,0.0,0.0,0.0,,,,,False,False,False,0.0,0.0
I-95 HOV NB,HOV,110P04661,2025-10-08,6.0,0.254748,2,71.0,50.204581464244875,4000.0,96,0.25,free_flow_speed,17.75,0.25,0.3535533905932738,False,0.0,0.0,0.0,,,,,False,False,False,0.0,0.0
I-95 HOV NB,HOV,110P04661,2025-10-09,6.0,0.254748,2,71.0,50.204581464244875,4000.0,96,0.25,free_flow_speed,17.75,0.25,0.3535533905932738,False,0.0,0.0,0.0,,,,,False,False,False,0.0,0.0
I-95 HOV NB,HOV,110P04661,2025-10-10,6.0,0.254748,2,71.0,50.204581464244875,4000.0,96,0.25,free_flow_speed,17.75,0.25,0.3535533905932738,False,0.0,0.0,0.0,,,,,False,False,False,0.0,0.0
I-95 HOV NB,HOV,110P04661,2025-10-13,6.0,0.254748,2,71.0,50.204581464244875,4000.0,96,0.25,free_flow_speed,17.75,0.25,0.3535533905932738,False,0.0,0.0,0.0,,,,,False,False,False,0.0,0.0
I-95 HOV NB,HOV,110P04661,2025-10-14,6.0,0.254748,2,71.0,50.204581464244875,4000.0,96,0.25,free_flow_speed,17.75,0.25,0.3535533905932738,False,0.0,0.0,0.0,,,,,False,False,False,0.0,0.0
I-95 HOV NB,HOV,110P04661,2025-10-15,6.0,0.254748,2,71.0,50.204581464244875,4000.0,96,0.25,free_flow_speed,17.75,0.25,0.3535533905932738,False,0.0,0.0,0.0,,,,,False,False,False,0.0,0.0
I-95 HOV NB,HOV,110P04661,2025-10-16,6.0,0.254748,2,71.0,50.204581464244875,4000.0,96,0.25,free_flow_speed,17.75,0.25,0.3535533905932738,False,0.0,0.0,0.0,,,,,False,False,False,0.0,0.0
I-95 HOV NB,HOV,110P04661,2025-10-17,6.0,0.254748,2,71.0,50.204581464244875,4000.0,96,0.25,free_flow_speed,17.75,0.25,0.3535533905932738,False,0.0,0.0,0.0,,,,,False,False,False,0.0,0.0
I-95 HOV NB,HOV,110P04661,2025-10-20,6.0,0.254748,2,71.0,50.204581464244875,4000.0,96,0.25,free_flow_speed,17.75,0.25,0.3535533905932738,False,0.0,0.0,0.0,,,,,False,False,False,0.0,0.0
I-95 HOV NB,HOV,110P04661,2025-10-21,6.0,0.254748,2,71.0,50.204581464244875,4000.0,96,0.25,free_flow_speed,17.75,0.25,0.3535533905932738,False,0.0,0.0,0.0,,,,,False,False,False,0.0,0.0
I-95 HOV NB,HOV,110P04661,2025-10-22,6.0,0.254748,2,71.0,50.204581464244875,4000.0,96,0.25,free_flow_speed,17.75,0.25,0.3535533905932738,False,0.0,0.0,0.0,,,,,False,False,False,0.0,0.0
I-95 HOV NB,HOV,110P04661,2025-10-23,6.0,0.254748,2,71.0,50.204581464244875,4000.0,96,0.25,free_flow_speed,17.75,0.25,0.3535533905932738,False,0.0,0.0,0.0,,,,,False,False,False,0.0,0.0
I-95 HOV NB,HOV,110P04661,2025-10-24,6.0,0.254748,2,71.0,50.204581464244875,4000.0,96,0.25,free_flow_speed,17.75,0.25,0.3535533905932738,False,0.0,0.0,0.0,,,,,False,False,False,0.0,0.0
I-95 HOV NB,HOV,110P04661,2025-10-27,6.0,0.254748,2,71.0,50.204581464244875,4000.0,96,0.25,free_flow_speed,17.75,0.25,0.3535533905932738,False,0.0,0.0,0.0,,,,,False,False,False,0.0,0.0
I-95 HOV NB,HOV,110P04661,2025-10-28,6.0,0.254748,2,71.0,50.204581464244875,4000.0,96,0.25,free_flow_speed,17.75,0.25,0.3535533905932738,False,0.0,0.0,0.0,,,,,False,False,False,0.0,0.0
I-95 HOV NB,HOV,110P04661,2025-10-29,6.0,0.254748,2,71.0,50.204581464244875,4000.0,96,0.25,free_flow_speed,17.75,0.25,0.3535533905932738,False,0.0,0.0,0.0,,,,,False,False,False,0.0,0.0
I-95 HOV NB,HOV,110P04661,2025-10-30,6.0,0.254748,2,71.0,50.204581464244875,4000.0,96,0.25,free_flow_speed,17.75,0.25,0.3535533905932738,False,0.0,0.0,0.0,,,,,False,False,False,0.0,0.0
I-95 HOV NB,HOV,110P04661,2025-10-31,6.0,0.254748,2,71.0,50.204581464244875,4000.0,96,0.25,free_flow_speed,17.75,0.25,0.3535533905932738,False,0.0,0.0,0.0,,,,,False,False,False,0.0,0.0
I-95 HOV NB,HOV,110+04662,2025-10-01,7.0,0.930388,2,70.0,49.49747468305833,4000.0,96,0.25,free_flow_speed,17.5,0.25,0.35355339059327373,False,0.0,0.0,0.0,,,,,False,False,False,0.0,0.0
I-95 HOV NB,HOV,110+04662,2025-10-02,7.0,0.930388,2,70.0,49.49747468305833,4000.0,96,0.25,free_flow_speed,17.5,0.25,0.35355339059327373,False,0.0,0.0,0.0,,,,,False,False,False,0.0,0.0
I-95 HOV NB,HOV,110+04662,2025-10-03,7.0,0.930388,2,70.0,49.49747468305833,4000.0,96,0.25,free_flow_speed,17.5,0.25,0.35355339059327373,False,0.0,0.0,0.0,,,,,False,False,False,0.0,0.0
I-95 HOV NB,HOV,110+04662,2025-10-06,7.0,0.930388,2,70.0,49.49747468305833,4000.0,96,0.25,free_flow_speed,17.5,0.25,0.35355339059327373,False,0.0,0.0,0.0,,,,,False,False,False,0.0,0.0
I-95 HOV NB,HOV,110+04662,2025-10-07,7.0,0.930388,2,70.0,49.49747468305833,4000.0,96,0.25,free_flow_speed,17.5,0.25,0.35355339059327373,False,0.0,0.0,0.0,,,,,False,False,False,0.0,0.0
I-95 HOV NB,HOV,110+04662,2025-10-08,7.0,0.930388,2,70.0,49.49747468305833,4000.0,96,0.25,free_flow_speed,17.5,0.25,0.35355339059327373,False,0.0,0.0,0.0,,,,,False,False,False,0.0,0.0
I-95 HOV NB,HOV,110+04662,2025-10-09,7.0,0.930388,2,70.0,49.49747468305833,4000.0,96,0.25,free_flow_speed,17.5,0.25,0.35355339059327373,False,0.0,0.0,0.0,,,,,False,False,False,0.0,0.0
I-95 HOV NB,HOV,110+04662,2025-10-10,7.0,0.930388,2,70.0,49.49747468305833,4000.0,96,0.25,free_flow_speed,17.5,0.25,0.35355339059327373,False,0.0,0.0,0.0,,,,,False,False,False,0.0,0.0
I-95 HOV NB,HOV,110+04662,2025-10-13,7.0,0.930388,2,70.0,49.49747468305833,4000.0,96,0.25,free_flow_speed,17.5,0.25,0.35355339059327373,False,0.0,0.0,0.0,,,,,False,False,False,0.0,0.0
I-95 HOV NB,HOV,110+04662,2025-10-14,7.0,0.930388,2,70.0,49.49747468305833,4000.0,96,0.25,free_flow_speed,17.5,0.25,0.35355339059327373,False,0.0,0.0,0.0,,,,,False,False,False,0.0,0.0
I-95 HOV NB,HOV,110+04662,2025-10-15,7.0,0.930388,2,70.0,49.49747468305833,4000.0,96,0.25,free_flow_speed,17.5,0.25,0.35355339059327373,False,0.0,0.0,0.0,,,,,False,False,False,0.0,0.0
I-95 HOV NB,HOV,110+04662,2025-10-16,7.0,0.930388,2,70.0,49.49747468305833,4000.0,96,0.25,free_flow_speed,17.5,0.25,0.35355339059327373,False,0.0,0.0,0.0,,,,,False,False,False,0.0,0.0
I-95 HOV NB,HOV,110+04662,2025-10-17,7.0,0.930388,2,70.0,49.49747468305833,4000.0,96,0.25,free_flow_speed,17.5,0.25,0.35355339059327373,False,0.0,0.0,0.0,,,,,False,False,False,0.0,0.0
I-95 HOV NB,HOV,110+04662,2025-10-20,7.0,0.930388,2,70.0,49.49747468305833,4000.0,96,0.25,free_flow_speed,17.5,0.25,0.35355339059327373,False,0.0,0.0,0.0,,,,,False,False,False,0.0,0.0
I-95 HOV NB,HOV,110+04662,2025-10-21,7.0,0.930388,2,70.0,49.49747468305833,4000.0,96,0.25,free_flow_speed,17.5,0.25,0.35355339059327373,False,0.0,0.0,0.0,,,,,False,False,False,0.0,0.0
I-95 HOV NB,HOV,110+04662,2025-10-22,7.0,0.930388,2,70.0,49.49747468305833,4000.0,96,0.25,free_flow_speed,17.5,0.25,0.35355339059327373,False,0.0,0.0,0.0,,,,,False,False,False,0.0,0.0
I-95 HOV NB,HOV,110+04662,2025-10-23,7.0,0.930388,2,70.0,49.49747468305833,4000.0,96,0.25,free_flow_speed,17.5,0.25,0.35355339059327373,False,0.0,0.0,0.0,,,,,False,False,False,0.0,0.0
I-95 HOV NB,HOV,110+04662,2025-10-24,7.0,0.930388,2,70.0,49.49747468305833,4000.0,96,0.25,free_flow_speed,17.5,0.25,0.35355339059327373,False,0.0,0.0,0.0,,,,,False,False,False,0.0,0.0
I-95 HOV NB,HOV,110+04662,2025-10-27,7.0,0.930388,2,70.0,49.49747468305833,4000.0,96,0.25,free_flow_speed,17.5,0.25,0.35355339059327373,False,0.0,0.0,0.0,,,,,False,False,False,0.0,0.0
I-95 HOV NB,HOV,110+04662,2025-10-28,7.0,0.930388,2,70.0,49.49747468305833,4000.0,96,0.25,free_flow_speed,17.5,0.25,0.35355339059327373,False,0.0,0.0,0.0,,,,,False,False,False,0.0,0.0
I-95 HOV NB,HOV,110+04662,2025-10-29,7.0,0.930388,2,70.0,49.49747468305833,4000.0,96,0.25,free_flow_speed,17.5,0.25,0.35355339059327373,False,0.0,0.0,0.0,,,,,False,False,False,0.0,0.0
I-95 HOV NB,HOV,110+04662,2025-10-30,7.0,0.930388,2,70.0,49.49747468305833,4000.0,96,0.25,free_flow_speed,17.5,0.25,0.35355339059327373,False,0.0,0.0,0.0,,,,,False,False,False,0.0,0.0
I-95 HOV NB,HOV,110+04662,2025-10-31,7.0,0.930388,2,70.0,49.49747468305833,4000.0,96,0.25,free_flow_speed,17.5,0.25,0.35355339059327373,False,0.0,0.0,0.0,,,,,False,False,False,0.0,0.0
I-95 HOV NB,HOV,110P04662,2025-10-01,8.0,1.002587,2,71.0,50.204581464244875,4000.0,96,0.25,free_flow_speed,17.75,0.25,0.3535533905932738,False,0.0,0.0,0.0,,,,,False,False,False,0.0,0.0
I-95 HOV NB,HOV,110P04662,2025-10-02,8.0,1.002587,2,71.0,50.204581464244875,4000.0,96,0.25,free_flow_speed,17.75,0.25,0.3535533905932738,False,0.0,0.0,0.0,,,,,False,False,False,0.0,0.0
I-95 HOV NB,HOV,110P04662,2025-10-03,8.0,1.002587,2,71.0,50.204581464244875,4000.0,96,0.25,free_flow_speed,17.75,0.25,0.3535533905932738,False,0.0,0.0,0.0,,,,,False,False,False,0.0,0.0
I-95 HOV NB,HOV,110P04662,2025-10-06,8.0,1.002587,2,71.0,50.204581464244875,4000.0,96,0.25,free_flow_speed,17.75,0.25,0.3535533905932738,False,0.0,0.0,0.0,,,,,False,False,False,0.0,0.0
I-95 HOV NB,HOV,110P04662,2025-10-07,8.0,1.002587,2,71.0,50.204581464244875,4000.0,96,0.25,free_flow_speed,17.75,0.25,0.3535533905932738,False,0.0,0.0,0.0,,,,,False,False,False,0.0,0.0
I-95 HOV NB,HOV,110P04662,2025-10-08,8.0,1.002587,2,71.0,50.204581464244875,4000.0,96,0.25,free_flow_speed,17.75,0.25,0.3535533905932738,False,0.0,0.0,0.0,,,,,False,False,False,0.0,0.0
I-95 HOV NB,HOV,110P04662,2025-10-09,8.0,1.002587,2,71.0,50.204581464244875,4000.0,96,0.25,free_flow_speed,17.75,0.25,0.3535533905932738,False,0.0,0.0,0.0,,,,,False,False,False,0.0,0.0
I-95 HOV NB,HOV,110P04662,2025-10-10,8.0,1.002587,2,71.0,50.204581464244875,4000.0,96,0.25,free_flow_speed,17.75,0.25,0.3535533905932738,False,0.0,0.0,0.0,,,,,False,False,False,0.0,0.0
I-95 HOV NB,HOV,110P04662,2025-10-13,8.0,1.002587,2,71.0,50.204581464244875,4000.0,96,0.25,free_flow_speed,17.75,0.25,0.3535533905932738,False,0.0,0.0,0.0,,,,,False,False,False,0.0,0.0
I-95 HOV NB,HOV,110P04662,2025-10-14,8.0,1.002587,2,71.0,50.204581464244875,4000.0,96,0.25,free_flow_speed,17.75,0.25,0.3535533905932738,False,0.0,0.0,0.0,,,,,False,False,False,0.0,0.0
I-95 HOV NB,HOV,110P04662,2025-10-15,8.0,1.002587,2,71.0,50.204581464244875,4000.0,96,0.25,free_flow_speed,17.75,0.25,0.3535533905932738,False,0.0,0.0,0.0,,,,,False,False,False,0.0,0.0
I-95 HOV NB,HOV,110P04662,2025-10-16,8.0,1.002587,2,71.0,50.204581464244875,4000.0,96,0.25,free_flow_speed,17.75,0.25,0.3535533905932738,False,0.0,0.0,0.0,,,,,False,False,False,0.0,0.0
I-95 HOV NB,HOV,110P04662,2025-10-17,8.0,1.002587,2,71.0,50.204581464244875,4000.0,96,0.25,free_flow_speed,17.75,0.25,0.3535533905932738,False,0.0,0.0,0.0,,,,,False,False,False,0.0,0.0
I-95 HOV NB,HOV,110P04662,2025-10-20,8.0,1.002587,2,71.0,50.204581464244875,4000.0,96,0.25,free_flow_speed,17.75,0.25,0.3535533905932738,False,0.0,0.0,0.0,,,,,False,False,False,0.0,0.0
I-95 HOV NB,HOV,110P04662,2025-10-21,8.0,1.002587,2,71.0,50.204581464244875,4000.0,96,0.25,free_flow_speed,17.75,0.25,0.3535533905932738,False,0.0,0.0,0.0,,,,,False,False,False,0.0,0.0
I-95 HOV NB,HOV,110P04662,2025-10-22,8.0,1.002587,2,71.0,50.204581464244875,4000.0,96,0.25,free_flow_speed,17.75,0.25,0.3535533905932738,False,0.0,0.0,0.0,,,,,False,False,False,0.0,0.0
I-95 HOV NB,HOV,110P04662,2025-10-23,8.0,1.002587,2,71.0,50.204581464244875,4000.0,96,0.25,free_flow_speed,17.75,0.25,0.3535533905932738,False,0.0,0.0,0.0,,,,,False,False,False,0.0,0.0
I-95 HOV NB,HOV,110P04662,2025-10-24,8.0,1.002587,2,71.0,50.204581464244875,4000.0,96,0.25,free_flow_speed,17.75,0.25,0.3535533905932738,False,0.0,0.0,0.0,,,,,False,False,False,0.0,0.0
I-95 HOV NB,HOV,110P04662,2025-10-27,8.0,1.002587,2,71.0,50.204581464244875,4000.0,96,0.25,free_flow_speed,17.75,0.25,0.3535533905932738,False,0.0,0.0,0.0,,,,,False,False,False,0.0,0.0
I-95 HOV NB,HOV,110P04662,2025-10-28,8.0,1.002587,2,71.0,50.204581464244875,4000.0,96,0.25,free_flow_speed,17.75,0.25,0.3535533905932738,False,0.0,0.0,0.0,,,,,False,False,False,0.0,0.0
I-95 HOV NB,HOV,110P04662,2025-10-29,8.0,1.002587,2,71.0,50.204581464244875,4000.0,96,0.25,free_flow_speed,17.75,0.25,0.3535533905932738,False,0.0,0.0,0.0,,,,,False,False,False,0.0,0.0
I-95 HOV NB,HOV,110P04662,2025-10-30,8.0,1.002587,2,71.0,50.204581464244875,4000.0,96,0.25,free_flow_speed,17.75,0.25,0.3535533905932738,False,0.0,0.0,0.0,,,,,False,False,False,0.0,0.0
I-95 HOV NB,HOV,110P04662,2025-10-31,8.0,1.002587,2,71.0,50.204581464244875,4000.0,96,0.25,free_flow_speed,17.75,0.25,0.3535533905932738,False,0.0,0.0,0.0,,,,,False,False,False,0.0,0.0
I-95 HOV NB,HOV,110P04665,2025-10-01,13.1,0.386681,3,72.0,50.91168824543143,6000.0,96,0.25,free_flow_speed,18.0,0.25,0.35355339059327373,False,0.0,0.0,0.0,,,,,False,False,False,0.0,0.0
I-95 HOV NB,HOV,110P04665,2025-10-02,13.1,0.386681,3,72.0,50.91168824543143,6000.0,96,0.25,free_flow_speed,18.0,0.25,0.35355339059327373,False,0.0,0.0,0.0,,,,,False,False,False,0.0,0.0
I-95 HOV NB,HOV,110P04665,2025-10-03,13.1,0.386681,3,72.0,50.91168824543143,6000.0,96,0.25,free_flow_speed,18.0,0.25,0.35355339059327373,False,0.0,0.0,0.0,,,,,False,False,False,0.0,0.0
I-95 HOV NB,HOV,110P04665,2025-10-06,13.1,0.386681,3,72.0,50.91168824543143,6000.0,96,0.25,free_flow_speed,18.0,0.25,0.35355339059327373,False,0.0,0.0,0.0,,,,,False,False,False,0.0,0.0
I-95 HOV NB,HOV,110P04665,2025-10-07,13.1,0.386681,3,72.0,50.91168824543143,6000.0,96,0.25,free_flow_speed,18.0,0.25,0.35355339059327373,False,0.0,0.0,0.0,,,,,False,False,False,0.0,0.0
I-95 HOV NB,HOV,110P04665,2025-10-08,13.1,0.386681,3,72.0,50.91168824543143,6000.0,96,0.25,free_flow_speed,18.0,0.25,0.35355339059327373,False,0.0,0.0,0.0,,,,,False,False,False,0.0,0.0
I-95 HOV NB,HOV,110P04665,2025-10-09,13.1,0.386681,3,72.0,50.91168824543143,6000.0,96,0.25,free_flow_speed,18.0,0.25,0.35355339059327373,False,0.0,0.0,0.0,,,,,False,False,False,0.0,0.0
I-95 HOV NB,HOV,110P04665,2025-10-10,13.1,0.386681,3,72.0,50.91168824543143,6000.0,96,0.25,free_flow_speed,18.0,0.25,0.35355339059327373,False,0.0,0.0,0.0,,,,,False,False,False,0.0,0.0
I-95 HOV NB,HOV,110P04665,2025-10-13,13.1,0.386681,3,72.0,50.91168824543143,6000.0,96,0.25,free_flow_speed,18.0,0.25,0.35355339059327373,False,0.0,0.0,0.0,,,,,False,False,False,0.0,0.0
I-95 HOV NB,HOV,110P04665,2025-10-14,13.1,0.386681,3,72.0,50.91168824543143,6000.0,96,0.25,free_flow_speed,18.0,0.25,0.35355339059327373,False,0.0,0.0,0.0,,,,,False,False,False,0.0,0.0
I-95 HOV NB,HOV,110P04665,2025-10-15,13.1,0.386681,3,72.0,50.91168824543143,6000.0,96,0.25,free_flow_speed,18.0,0.25,0.35355339059327373,False,0.0,0.0,0.0,,,,,False,False,False,0.0,0.0
I-95 HOV NB,HOV,110P04665,2025-10-16,13.1,0.386681,3,72.0,50.91168824543143,6000.0,96,0.25,free_flow_speed,18.0,0.25,0.35355339059327373,False,0.0,0.0,0.0,,,,,False,False,False,0.0,0.0
I-95 HOV NB,HOV,110P04665,2025-10-17,13.1,0.386681,3,72.0,50.91168824543143,6000.0,96,0.25,free_flow_speed,18.0,0.25,0.35355339059327373,False,0.0,0.0,0.0,,,,,False,False,False,0.0,0.0
I-95 HOV NB,HOV,110P04665,2025-10-20,13.1,0.386681,3,72.0,50.91168824543143,6000.0,96,0.25,free_flow_speed,18.0,0.25,0.35355339059327373,False,0.0,0.0,0.0,,,,,False,False,False,0.0,0.0
I-95 HOV NB,HOV,110P04665,2025-10-21,13.1,0.386681,3,72.0,50.91168824543143,6000.0,96,0.25,free_flow_speed,18.0,0.25,0.35355339059327373,False,0.0,0.0,0.0,,,,,False,False,False,0.0,0.0
I-95 HOV NB,HOV,110P04665,2025-10-22,13.1,0.386681,3,72.0,50.91168824543143,6000.0,96,0.25,free_flow_speed,18.0,0.25,0.35355339059327373,False,0.0,0.0,0.0,,,,,False,False,False,0.0,0.0
I-95 HOV NB,HOV,110P04665,2025-10-23,13.1,0.386681,3,72.0,50.91168824543143,6000.0,96,0.25,free_flow_speed,18.0,0.25,0.35355339059327373,False,0.0,0.0,0.0,,,,,False,False,False,0.0,0.0
I-95 HOV NB,HOV,110P04665,2025-10-24,13.1,0.386681,3,72.0,50.91168824543143,6000.0,96,0.25,free_flow_speed,18.0,0.25,0.35355339059327373,False,0.0,0.0,0.0,,,,,False,False,False,0.0,0.0
I-95 HOV NB,HOV,110P04665,2025-10-27,13.1,0.386681,3,72.0,50.91168824543143,6000.0,96,0.25,free_flow_speed,18.0,0.25,0.35355339059327373,False,0.0,0.0,0.0,,,,,False,False,False,0.0,0.0
I-95 HOV NB,HOV,110P04665,2025-10-28,13.1,0.386681,3,72.0,50.91168824543143,6000.0,96,0.25,free_flow_speed,18.0,0.25,0.35355339059327373,False,0.0,0.0,0.0,,,,,False,False,False,0.0,0.0
I-95 HOV NB,HOV,110P04665,2025-10-29,13.1,0.386681,3,72.0,50.91168824543143,6000.0,96,0.25,free_flow_speed,18.0,0.25,0.35355339059327373,False,0.0,0.0,0.0,,,,,False,False,False,0.0,0.0
I-95 HOV NB,HOV,110P04665,2025-10-30,13.1,0.386681,3,72.0,50.91168824543143,6000.0,96,0.25,free_flow_speed,18.0,0.25,0.35355339059327373,False,0.0,0.0,0.0,,,,,False,False,False,0.0,0.0
I-95 HOV NB,HOV,110P04665,2025-10-31,13.1,0.386681,3,72.0,50.91168824543143,6000.0,96,0.25,free_flow_speed,18.0,0.25,0.35355339059327373,False,0.0,0.0,0.0,,,,,False,False,False,0.0,0.0
I-95 HOV NB,HOV,110+04666,2025-10-01,14.0,2.393864,3,71.0,50.204581464244875,6000.0,96,0.25,free_flow_speed,17.75,0.25,0.3535533905932738,False,0.0,0.0,0.0,,,,,False,False,False,0.0,0.0
I-95 HOV NB,HOV,110+04666,2025-10-02,14.0,2.393864,3,71.0,50.204581464244875,6000.0,96,0.25,free_flow_speed,17.75,0.25,0.3535533905932738,False,0.0,0.0,0.0,,,,,False,False,False,0.0,0.0
I-95 HOV NB,HOV,110+04666,2025-10-03,14.0,2.393864,3,71.0,50.204581464244875,6000.0,96,0.25,free_flow_speed,17.75,0.25,0.3535533905932738,False,0.0,0.0,0.0,,,,,False,False,False,0.0,0.0
I-95 HOV NB,HOV,110+04666,2025-10-06,14.0,2.393864,3,71.0,50.204581464244875,6000.0,96,0.25,free_flow_speed,17.75,0.25,0.3535533905932738,False,0.0,0.0,0.0,,,,,False,False,False,0.0,0.0
I-95 HOV NB,HOV,110+04666,2025-10-07,14.0,2.393864,3,71.0,50.204581464244875,6000.0,96,0.25,free_flow_speed,17.75,0.25,0.3535533905932738,False,0.0,0.0,0.0,,,,,False,False,False,0.0,0.0
I-95 HOV NB,HOV,110+04666,2025-10-08,14.0,2.393864,3,71.0,50.204581464244875,6000.0,96,0.25,free_flow_speed,17.75,0.25,0.3535533905932738,False,0.0,0.0,0.0,,,,,False,False,False,0.0,0.0
I-95 HOV NB,HOV,110+04666,2025-10-09,14.0,2.393864,3,71.0,50.204581464244875,6000.0,96,0.25,free_flow_speed,17.75,0.25,0.3535533905932738,False,0.0,0.0,0.0,,,,,False,False,False,0.0,0.0
I-95 HOV NB,HOV,110+04666,2025-10-10,14.0,2.393864,3,71.0,50.204581464244875,6000.0,96,0.25,free_flow_speed,17.75,0.25,0.3535533905932738,False,0.0,0.0,0.0,,,,,False,False,False,0.0,0.0
I-95 HOV NB,HOV,110+04666,2025-10-13,14.0,2.393864,3,71.0,50.204581464244875,6000.0,96,0.25,free_flow_speed,17.75,0.25,0.3535533905932738,False,0.0,0.0,0.0,,,,,False,False,False,0.0,0.0
I-95 HOV NB,HOV,110+04666,2025-10-14,14.0,2.393864,3,71.0,50.204581464244875,6000.0,96,0.25,free_flow_speed,17.75,0.25,0.3535533905932738,False,0.0,0.0,0.0,,,,,False,False,False,0.0,0.0
I-95 HOV NB,HOV,110+04666,2025-10-15,14.0,2.393864,3,71.0,50.204581464244875,6000.0,96,0.25,free_flow_speed,17.75,0.25,0.3535533905932738,False,0.0,0.0,0.0,,,,,False,False,False,0.0,0.0
I-95 HOV NB,HOV,110+04666,2025-10-16,14.0,2.393864,3,71.0,50.204581464244875,6000.0,96,0.25,free_flow_speed,17.75,0.25,0.3535533905932738,False,0.0,0.0,0.0,,,,,False,False,False,0.0,0.0
I-95 HOV NB,HOV,110+04666,2025-10-17,14.0,2.393864,3,71.0,50.204581464244875,6000.0,96,0.25,free_flow_speed,17.75,0.25,0.3535533905932738,False,0.0,0.0,0.0,,,,,False,False,False,0.0,0.0
I-95 HOV NB,HOV,110+04666,2025-10-20,14.0,2.393864,3,71.0,50.204581464244875,6000.0,96,0.25,free_flow_speed,17.75,0.25,0.3535533905932738,False,0.0,0.0,0.0,,,,,False,False,False,0.0,0.0
I-95 HOV NB,HOV,110+04666,2025-10-21,14.0,2.393864,3,71.0,50.204581464244875,6000.0,96,0.25,free_flow_speed,17.75,0.25,0.3535533905932738,False,0.0,0.0,0.0,,,,,False,False,False,0.0,0.0
I-95 HOV NB,HOV,110+04666,2025-10-22,14.0,2.393864,3,71.0,50.204581464244875,6000.0,96,0.25,free_flow_speed,17.75,0.25,0.3535533905932738,False,0.0,0.0,0.0,,,,,False,False,False,0.0,0.0
I-95 HOV NB,HOV,110+04666,2025-10-23,14.0,2.393864,3,71.0,50.204581464244875,6000.0,96,0.25,free_flow_speed,17.75,0.25,0.3535533905932738,False,0.0,0.0,0.0,,,,,False,False,False,0.0,0.0
I-95 HOV NB,HOV,110+04666,2025-10-24,14.0,2.393864,3,71.0,50.204581464244875,6000.0,96,0.25,free_flow_speed,17.75,0.25,0.3535533905932738,False,0.0,0.0,0.0,,,,,False,False,False,0.0,0.0
I-95 HOV NB,HOV,110+04666,2025-10-27,14.0,2.393864,3,71.0,50.204581464244875,6000.0,96,0.25,free_flow_speed,17.75,0.25,0.3535533905932738,False,0.0,0.0,0.0,,,,,False,False,False,0.0,0.0
I-95 HOV NB,HOV,110+04666,2025-10-28,14.0,2.393864,3,71.0,50.204581464244875,6000.0,96,0.25,free_flow_speed,17.75,0.25,0.3535533905932738,False,0.0,0.0,0.0,,,,,False,False,False,0.0,0.0
I-95 HOV NB,HOV,110+04666,2025-10-29,14.0,2.393864,3,71.0,50.204581464244875,6000.0,96,0.25,free_flow_speed,17.75,0.25,0.3535533905932738,False,0.0,0.0,0.0,,,,,False,False,False,0.0,0.0
I-95 HOV NB,HOV,110+04666,2025-10-30,14.0,2.393864,3,71.0,50.204581464244875,6000.0,96,0.25,free_flow_speed,17.75,0.25,0.3535533905932738,False,0.0,0.0,0.0,,,,,False,False,False,0.0,0.0
I-95 HOV NB,HOV,110+04666,2025-10-31,14.0,2.393864,3,71.0,50.204581464244875,6000.0,96,0.25,free_flow_speed,17.75,0.25,0.3535533905932738,False,0.0,0.0,0.0,,,,,False,False,False,0.0,0.0
I-95 HOV NB,HOV,110P04666,2025-10-01,15.0,0.517445,3,70.0,49.49747468305833,6000.0,96,0.25,free_flow_speed,17.5,0.25,0.35355339059327373,False,0.0,0.0,0.0,,,,,False,False,False,0.0,0.0
I-95 HOV NB,HOV,110P04666,2025-10-02,15.0,0.517445,3,70.0,49.49747468305833,6000.0,96,0.25,free_flow_speed,17.5,0.25,0.35355339059327373,False,0.0,0.0,0.0,,,,,False,False,False,0.0,0.0
I-95 HOV NB,HOV,110P04666,2025-10-03,15.0,0.517445,3,70.0,49.49747468305833,6000.0,96,0.25,free_flow_speed,17.5,0.25,0.35355339059327373,False,0.0,0.0,0.0,,,,,False,False,False,0.0,0.0
I-95 HOV NB,HOV,110P04666,2025-10-06,15.0,0.517445,3,70.0,49.49747468305833,6000.0,96,0.25,free_flow_speed,17.5,0.25,0.35355339059327373,False,0.0,0.0,0.0,,,,,False,False,False,0.0,0.0
I-95 HOV NB,HOV,110P04666,2025-10-07,15.0,0.517445,3,70.0,49.49747468305833,6000.0,96,0.25,free_flow_speed,17.5,0.25,0.35355339059327373,False,0.0,0.0,0.0,,,,,False,False,False,0.0,0.0
I-95 HOV NB,HOV,110P04666,2025-10-08,15.0,0.517445,3,70.0,49.49747468305833,6000.0,96,0.25,free_flow_speed,17.5,0.25,0.35355339059327373,False,0.0,0.0,0.0,,,,,False,False,False,0.0,0.0
I-95 HOV NB,HOV,110P04666,2025-10-09,15.0,0.517445,3,70.0,49.49747468305833,6000.0,96,0.25,free_flow_speed,17.5,0.25,0.35355339059327373,False,0.0,0.0,0.0,,,,,False,False,False,0.0,0.0
I-95 HOV NB,HOV,110P04666,2025-10-10,15.0,0.517445,3,70.0,49.49747468305833,6000.0,96,0.25,free_flow_speed,17.5,0.25,0.35355339059327373,False,0.0,0.0,0.0,,,,,False,False,False,0.0,0.0
I-95 HOV NB,HOV,110P04666,2025-10-13,15.0,0.517445,3,70.0,49.49747468305833,6000.0,96,0.25,free_flow_speed,17.5,0.25,0.35355339059327373,False,0.0,0.0,0.0,,,,,False,False,False,0.0,0.0
I-95 HOV NB,HOV,110P04666,2025-10-14,15.0,0.517445,3,70.0,49.49747468305833,6000.0,96,0.25,free_flow_speed,17.5,0.25,0.35355339059327373,False,0.0,0.0,0.0,,,,,False,False,False,0.0,0.0
I-95 HOV NB,HOV,110P04666,2025-10-15,15.0,0.517445,3,70.0,49.49747468305833,6000.0,96,0.25,free_flow_speed,17.5,0.25,0.35355339059327373,False,0.0,0.0,0.0,,,,,False,False,False,0.0,0.0
I-95 HOV NB,HOV,110P04666,2025-10-16,15.0,0.517445,3,70.0,49.49747468305833,6000.0,96,0.25,free_flow_speed,17.5,0.25,0.35355339059327373,False,0.0,0.0,0.0,,,,,False,False,False,0.0,0.0
I-95 HOV NB,HOV,110P04666,2025-10-17,15.0,0.517445,3,70.0,49.49747468305833,6000.0,96,0.25,free_flow_speed,17.5,0.25,0.35355339059327373,False,0.0,0.0,0.0,,,,,False,False,False,0.0,0.0
I-95 HOV NB,HOV,110P04666,2025-10-20,15.0,0.517445,3,70.0,49.49747468305833,6000.0,96,0.25,free_flow_speed,17.5,0.25,0.35355339059327373,False,0.0,0.0,0.0,,,,,False,False,False,0.0,0.0
I-95 HOV NB,HOV,110P04666,2025-10-21,15.0,0.517445,3,70.0,49.49747468305833,6000.0,96,0.25,free_flow_speed,17.5,0.25,0.35355339059327373,False,0.0,0.0,0.0,,,,,False,False,False,0.0,0.0
I-95 HOV NB,HOV,110P04666,2025-10-22,15.0,0.517445,3,70.0,49.49747468305833,6000.0,96,0.25,free_flow_speed,17.5,0.25,0.35355339059327373,False,0.0,0.0,0.0,,,,,False,False,False,0.0,0.0
I-95 HOV NB,HOV,110P04666,2025-10-23,15.0,0.517445,3,70.0,49.49747468305833,6000.0,96,0.25,free_flow_speed,17.5,0.25,0.35355339059327373,False,0.0,0.0,0.0,,,,,False,False,False,0.0,0.0
I-95 HOV NB,HOV,110P04666,2025-10-24,15.0,0.517445,3,70.0,49.49747468305833,6000.0,96,0.25,free_flow_speed,17.5,0.25,0.35355339059327373,False,0.0,0.0,0.0,,,,,False,False,False,0.0,0.0
I-95 HOV NB,HOV,110P04666,2025-10-27,15.0,0.517445,3,70.0,49.49747468305833,6000.0,96,0.25,free_flow_speed,17.5,0.25,0.35355339059327373,False,0.0,0.0,0.0,,,,,False,False,False,0.0,0.0
I-95 HOV NB,HOV,110P04666,2025-10-28,15.0,0.517445,3,70.0,49.49747468305833,6000.0,96,0.25,free_flow_speed,17.5,0.25,0.35355339059327373,False,0.0,0.0,0.0,,,,,False,False,False,0.0,0.0
I-95 HOV NB,HOV,110P04666,2025-10-29,15.0,0.517445,3,70.0,49.49747468305833,6000.0,96,0.25,free_flow_speed,17.5,0.25,0.35355339059327373,False,0.0,0.0,0.0,,,,,False,False,False,0.0,0.0
I-95 HOV NB,HOV,110P04666,2025-10-30,15.0,0.517445,3,70.0,49.49747468305833,6000.0,96,0.25,free_flow_speed,17.5,0.25,0.35355339059327373,False,0.0,0.0,0.0,,,,,False,False,False,0.0,0.0
I-95 HOV NB,HOV,110P04666,2025-10-31,15.0,0.517445,3,70.0,49.49747468305833,6000.0,96,0.25,free_flow_speed,17.5,0.25,0.35355339059327373,False,0.0,0.0,0.0,,,,,False,False,False,0.0,0.0
I-95 HOV NB,HOV,110+04667,2025-10-01,16.0,0.06036,3,71.0,50.204581464244875,6000.0,96,0.25,free_flow_speed,17.75,0.25,0.3535533905932738,False,0.0,0.0,0.0,,,,,False,False,False,0.0,0.0
I-95 HOV NB,HOV,110+04667,2025-10-02,16.0,0.06036,3,71.0,50.204581464244875,6000.0,96,0.25,free_flow_speed,17.75,0.25,0.3535533905932738,False,0.0,0.0,0.0,,,,,False,False,False,0.0,0.0
I-95 HOV NB,HOV,110+04667,2025-10-03,16.0,0.06036,3,71.0,50.204581464244875,6000.0,96,0.25,free_flow_speed,17.75,0.25,0.3535533905932738,False,0.0,0.0,0.0,,,,,False,False,False,0.0,0.0
I-95 HOV NB,HOV,110+04667,2025-10-06,16.0,0.06036,3,71.0,50.204581464244875,6000.0,96,0.25,free_flow_speed,17.75,0.25,0.3535533905932738,False,0.0,0.0,0.0,,,,,False,False,False,0.0,0.0
I-95 HOV NB,HOV,110+04667,2025-10-07,16.0,0.06036,3,71.0,50.204581464244875,6000.0,96,0.25,free_flow_speed,17.75,0.25,0.3535533905932738,False,0.0,0.0,0.0,,,,,False,False,False,0.0,0.0
I-95 HOV NB,HOV,110+04667,2025-10-08,16.0,0.06036,3,71.0,50.204581464244875,6000.0,96,0.25,free_flow_speed,17.75,0.25,0.3535533905932738,False,0.0,0.0,0.0,,,,,False,False,False,0.0,0.0
I-95 HOV NB,HOV,110+04667,2025-10-09,16.0,0.06036,3,71.0,50.204581464244875,6000.0,96,0.25,free_flow_speed,17.75,0.25,0.3535533905932738,False,0.0,0.0,0.0,,,,,False,False,False,0.0,0.0
I-95 HOV NB,HOV,110+04667,2025-10-10,16.0,0.06036,3,71.0,50.204581464244875,6000.0,96,0.25,free_flow_speed,17.75,0.25,0.3535533905932738,False,0.0,0.0,0.0,,,,,False,False,False,0.0,0.0
I-95 HOV NB,HOV,110+04667,2025-10-13,16.0,0.06036,3,71.0,50.204581464244875,6000.0,96,0.25,free_flow_speed,17.75,0.25,0.3535533905932738,False,0.0,0.0,0.0,,,,,False,False,False,0.0,0.0
I-95 HOV NB,HOV,110+04667,2025-10-14,16.0,0.06036,3,71.0,50.204581464244875,6000.0,96,0.25,free_flow_speed,17.75,0.25,0.3535533905932738,False,0.0,0.0,0.0,,,,,False,False,False,0.0,0.0
I-95 HOV NB,HOV,110+04667,2025-10-15,16.0,0.06036,3,71.0,50.204581464244875,6000.0,96,0.25,free_flow_speed,17.75,0.25,0.3535533905932738,False,0.0,0.0,0.0,,,,,False,False,False,0.0,0.0
I-95 HOV NB,HOV,110+04667,2025-10-16,16.0,0.06036,3,71.0,50.204581464244875,6000.0,96,0.25,free_flow_speed,17.75,0.25,0.3535533905932738,False,0.0,0.0,0.0,,,,,False,False,False,0.0,0.0
I-95 HOV NB,HOV,110+04667,2025-10-17,16.0,0.06036,3,71.0,50.204581464244875,6000.0,96,0.25,free_flow_speed,17.75,0.25,0.3535533905932738,False,0.0,0.0,0.0,,,,,False,False,False,0.0,0.0
I-95 HOV NB,HOV,110+04667,2025-10-20,16.0,0.06036,3,71.0,50.204581464244875,6000.0,96,0.25,free_flow_speed,17.75,0.25,0.3535533905932738,False,0.0,0.0,0.0,,,,,False,False,False,0.0,0.0
I-95 HOV NB,HOV,110+04667,2025-10-21,16.0,0.06036,3,71.0,50.204581464244875,6000.0,96,0.25,free_flow_speed,17.75,0.25,0.3535533905932738,False,0.0,0.0,0.0,,,,,False,False,False,0.0,0.0
I-95 HOV NB,HOV,110+04667,2025-10-22,16.0,0.06036,3,71.0,50.204581464244875,6000.0,96,0.25,free_flow_speed,17.75,0.25,0.3535533905932738,False,0.0,0.0,0.0,,,,,False,False,False,0.0,0.0
I-95 HOV NB,HOV,110+04667,2025-10-23,16.0,0.06036,3,71.0,50.204581464244875,6000.0,96,0.25,free_flow_speed,17.75,0.25,0.3535533905932738,False,0.0,0.0,0.0,,,,,False,False,False,0.0,0.0
I-95 HOV NB,HOV,110+04667,2025-10-24,16.0,0.06036,3,71.0,50.204581464244875,6000.0,96,0.25,free_flow_speed,17.75,0.25,0.3535533905932738,False,0.0,0.0,0.0,,,,,False,False,False,0.0,0.0
I-95 HOV NB,HOV,110+04667,2025-10-27,16.0,0.06036,3,71.0,50.204581464244875,6000.0,96,0.25,free_flow_speed,17.75,0.25,0.3535533905932738,False,0.0,0.0,0.0,,,,,False,False,False,0.0,0.0
I-95 HOV NB,HOV,110+04667,2025-10-28,16.0,0.06036,3,71.0,50.204581464244875,6000.0,96,0.25,free_flow_speed,17.75,0.25,0.3535533905932738,False,0.0,0.0,0.0,,,,,False,False,False,0.0,0.0
I-95 HOV NB,HOV,110+04667,2025-10-29,16.0,0.06036,3,71.0,50.204581464244875,6000.0,96,0.25,free_flow_speed,17.75,0.25,0.3535533905932738,False,0.0,0.0,0.0,,,,,False,False,False,0.0,0.0
I-95 HOV NB,HOV,110+04667,2025-10-30,16.0,0.06036,3,71.0,50.204581464244875,6000.0,96,0.25,free_flow_speed,17.75,0.25,0.3535533905932738,False,0.0,0.0,0.0,,,,,False,False,False,0.0,0.0
I-95 HOV NB,HOV,110+04667,2025-10-31,16.0,0.06036,3,71.0,50.204581464244875,6000.0,96,0.25,free_flow_speed,17.75,0.25,0.3535533905932738,False,0.0,0.0,0.0,,,,,False,False,False,0.0,0.0
I-95 HOV NB,HOV,110P04667,2025-10-01,17.0,1.150254,3,71.0,50.204581464244875,6000.0,96,0.25,free_flow_speed,17.75,0.25,0.3535533905932738,False,0.0,0.0,0.0,,,,,False,False,False,0.0,0.0
I-95 HOV NB,HOV,110P04667,2025-10-02,17.0,1.150254,3,71.0,50.204581464244875,6000.0,96,0.25,free_flow_speed,17.75,0.25,0.3535533905932738,False,0.0,0.0,0.0,,,,,False,False,False,0.0,0.0
I-95 HOV NB,HOV,110P04667,2025-10-03,17.0,1.150254,3,71.0,50.204581464244875,6000.0,96,0.25,free_flow_speed,17.75,0.25,0.3535533905932738,False,0.0,0.0,0.0,,,,,False,False,False,0.0,0.0
I-95 HOV NB,HOV,110P04667,2025-10-06,17.0,1.150254,3,71.0,50.204581464244875,6000.0,96,0.25,free_flow_speed,17.75,0.25,0.3535533905932738,False,0.0,0.0,0.0,,,,,False,False,False,0.0,0.0
I-95 HOV NB,HOV,110P04667,2025-10-07,17.0,1.150254,3,71.0,50.204581464244875,6000.0,96,0.25,free_flow_speed,17.75,0.25,0.3535533905932738,False,0.0,0.0,0.0,,,,,False,False,False,0.0,0.0
I-95 HOV NB,HOV,110P04667,2025-10-08,17.0,1.150254,3,71.0,50.204581464244875,6000.0,96,0.25,free_flow_speed,17.75,0.25,0.3535533905932738,False,0.0,0.0,0.0,,,,,False,False,False,0.0,0.0
I-95 HOV NB,HOV,110P04667,2025-10-09,17.0,1.150254,3,71.0,50.204581464244875,6000.0,96,0.25,free_flow_speed,17.75,0.25,0.3535533905932738,False,0.0,0.0,0.0,,,,,False,False,False,0.0,0.0
I-95 HOV NB,HOV,110P04667,2025-10-10,17.0,1.150254,3,71.0,50.204581464244875,6000.0,96,0.25,free_flow_speed,17.75,0.25,0.3535533905932738,False,0.0,0.0,0.0,,,,,False,False,False,0.0,0.0
I-95 HOV NB,HOV,110P04667,2025-10-13,17.0,1.150254,3,71.0,50.204581464244875,6000.0,96,0.25,free_flow_speed,17.75,0.25,0.3535533905932738,False,0.0,0.0,0.0,,,,,False,False,False,0.0,0.0
I-95 HOV NB,HOV,110P04667,2025-10-14,17.0,1.150254,3,71.0,50.204581464244875,6000.0,96,0.25,free_flow_speed,17.75,0.25,0.3535533905932738,False,0.0,0.0,0.0,,,,,False,False,False,0.0,0.0
I-95 HOV NB,HOV,110P04667,2025-10-15,17.0,1.150254,3,71.0,50.204581464244875,6000.0,96,0.25,free_flow_speed,17.75,0.25,0.3535533905932738,False,0.0,0.0,0.0,,,,,False,False,False,0.0,0.0
I-95 HOV NB,HOV,110P04667,2025-10-16,17.0,1.150254,3,71.0,50.204581464244875,6000.0,96,0.25,free_flow_speed,17.75,0.25,0.3535533905932738,False,0.0,0.0,0.0,,,,,False,False,False,0.0,0.0
I-95 HOV NB,HOV,110P04667,2025-10-17,17.0,1.150254,3,71.0,50.204581464244875,6000.0,96,0.25,free_flow_speed,17.75,0.25,0.3535533905932738,False,0.0,0.0,0.0,,,,,False,False,False,0.0,0.0
I-95 HOV NB,HOV,110P04667,2025-10-20,17.0,1.150254,3,71.0,50.204581464244875,6000.0,96,0.25,free_flow_speed,17.75,0.25,0.3535533905932738,False,0.0,0.0,0.0,,,,,False,False,False,0.0,0.0
I-95 HOV NB,HOV,110P04667,2025-10-21,17.0,1.150254,3,71.0,50.204581464244875,6000.0,96,0.25,free_flow_speed,17.75,0.25,0.3535533905932738,False,0.0,0.0,0.0,,,,,False,False,False,0.0,0.0
I-95 HOV NB,HOV,110P04667,2025-10-22,17.0,1.150254,3,71.0,50.204581464244875,6000.0,96,0.25,free_flow_speed,17.75,0.25,0.3535533905932738,False,0.0,0.0,0.0,,,,,False,False,False,0.0,0.0
I-95 HOV NB,HOV,110P04667,2025-10-23,17.0,1.150254,3,71.0,50.204581464244875,6000.0,96,0.25,free_flow_speed,17.75,0.25,0.3535533905932738,False,0.0,0.0,0.0,,,,,False,False,False,0.0,0.0
I-95 HOV NB,HOV,110P04667,2025-10-24,17.0,1.150254,3,71.0,50.204581464244875,6000.0,96,0.25,free_flow_speed,17.75,0.25,0.3535533905932738,False,0.0,0.0,0.0,,,,,False,False,False,0.0,0.0
I-95 HOV NB,HOV,110P04667,2025-10-27,17.0,1.150254,3,71.0,50.204581464244875,6000.0,96,0.25,free_flow_speed,17.75,0.25,0.3535533905932738,False,0.0,0.0,0.0,,,,,False,False,False,0.0,0.0
I-95 HOV NB,HOV,110P04667,2025-10-28,17.0,1.150254,3,71.0,50.204581464244875,6000.0,96,0.25,free_flow_speed,17.75,0.25,0.3535533905932738,False,0.0,0.0,0.0,,,,,False,False,False,0.0,0.0
I-95 HOV NB,HOV,110P04667,2025-10-29,17.0,1.150254,3,71.0,50.204581464244875,6000.0,96,0.25,free_flow_speed,17.75,0.25,0.3535533905932738,False,0.0,0.0,0.0,,,,,False,False,False,0.0,0.0
I-95 HOV NB,HOV,110P04667,2025-10-30,17.0,1.150254,3,71.0,50.204581464244875,6000.0,96,0.25,free_flow_speed,17.75,0.25,0.3535533905932738,False,0.0,0.0,0.0,,,,,False,False,False,0.0,0.0
I-95 HOV NB,HOV,110P04667,2025-10-31,17.0,1.150254,3,71.0,50.204581464244875,6000.0,96,0.25,free_flow_speed,17.75,0.25,0.3535533905932738,False,0.0,0.0,0.0,,,,,False,False,False,0.0,0.0
I-95 HOV NB,HOV,110+04668,2025-10-01,18.0,0.285469,3,71.0,50.204581464244875,6000.0,96,0.25,free_flow_speed,17.75,0.25,0.3535533905932738,False,0.0,0.0,0.0,,,,,False,False,False,0.0,0.0
I-95 HOV NB,HOV,110+04668,2025-10-02,18.0,0.285469,3,71.0,50.204581464244875,6000.0,96,0.25,free_flow_speed,17.75,0.25,0.3535533905932738,False,0.0,0.0,0.0,,,,,False,False,False,0.0,0.0
I-95 HOV NB,HOV,110+04668,2025-10-03,18.0,0.285469,3,71.0,50.204581464244875,6000.0,96,0.25,free_flow_speed,17.75,0.25,0.3535533905932738,False,0.0,0.0,0.0,,,,,False,False,False,0.0,0.0
I-95 HOV NB,HOV,110+04668,2025-10-06,18.0,0.285469,3,71.0,50.204581464244875,6000.0,96,0.25,free_flow_speed,17.75,0.25,0.3535533905932738,False,0.0,0.0,0.0,,,,,False,False,False,0.0,0.0
I-95 HOV NB,HOV,110+04668,2025-10-07,18.0,0.285469,3,71.0,50.204581464244875,6000.0,96,0.25,free_flow_speed,17.75,0.25,0.3535533905932738,False,0.0,0.0,0.0,,,,,False,False,False,0.0,0.0
I-95 HOV NB,HOV,110+04668,2025-10-08,18.0,0.285469,3,71.0,50.204581464244875,6000.0,96,0.25,free_flow_speed,17.75,0.25,0.3535533905932738,False,0.0,0.0,0.0,,,,,False,False,False,0.0,0.0
I-95 HOV NB,HOV,110+04668,2025-10-09,18.0,0.285469,3,71.0,50.204581464244875,6000.0,96,0.25,free_flow_speed,17.75,0.25,0.3535533905932738,False,0.0,0.0,0.0,,,,,False,False,False,0.0,0.0
I-95 HOV NB,HOV,110+04668,2025-10-10,18.0,0.285469,3,71.0,50.204581464244875,6000.0,96,0.25,free_flow_speed,17.75,0.25,0.3535533905932738,False,0.0,0.0,0.0,,,,,False,False,False,0.0,0.0
I-95 HOV NB,HOV,110+04668,2025-10-13,18.0,0.285469,3,71.0,50.204581464244875,6000.0,96,0.25,free_flow_speed,17.75,0.25,0.3535533905932738,False,0.0,0.0,0.0,,,,,False,False,False,0.0,0.0
I-95 HOV NB,HOV,110+04668,2025-10-14,18.0,0.285469,3,71.0,50.204581464244875,6000.0,96,0.25,free_flow_speed,17.75,0.25,0.3535533905932738,False,0.0,0.0,0.0,,,,,False,False,False,0.0,0.0
I-95 HOV NB,HOV,110+04668,2025-10-15,18.0,0.285469,3,71.0,50.204581464244875,6000.0,96,0.25,free_flow_speed,17.75,0.25,0.3535533905932738,False,0.0,0.0,0.0,,,,,False,False,False,0.0,0.0
I-95 HOV NB,HOV,110+04668,2025-10-16,18.0,0.285469,3,71.0,50.204581464244875,6000.0,96,0.25,free_flow_speed,17.75,0.25,0.3535533905932738,False,0.0,0.0,0.0,,,,,False,False,False,0.0,0.0
I-95 HOV NB,HOV,110+04668,2025-10-17,18.0,0.285469,3,71.0,50.204581464244875,6000.0,96,0.25,free_flow_speed,17.75,0.25,0.3535533905932738,False,0.0,0.0,0.0,,,,,False,False,False,0.0,0.0
I-95 HOV NB,HOV,110+04668,2025-10-20,18.0,0.285469,3,71.0,50.204581464244875,6000.0,96,0.25,free_flow_speed,17.75,0.25,0.3535533905932738,False,0.0,0.0,0.0,,,,,False,False,False,0.0,0.0
I-95 HOV NB,HOV,110+04668,2025-10-21,18.0,0.285469,3,71.0,50.204581464244875,6000.0,96,0.25,free_flow_speed,17.75,0.25,0.3535533905932738,False,0.0,0.0,0.0,,,,,False,False,False,0.0,0.0
I-95 HOV NB,HOV,110+04668,2025-10-22,18.0,0.285469,3,71.0,50.204581464244875,6000.0,96,0.25,free_flow_speed,17.75,0.25,0.3535533905932738,False,0.0,0.0,0.0,,,,,False,False,False,0.0,0.0
I-95 HOV NB,HOV,110+04668,2025-10-23,18.0,0.285469,3,71.0,50.204581464244875,6000.0,96,0.25,free_flow_speed,17.75,0.25,0.3535533905932738,False,0.0,0.0,0.0,,,,,False,False,False,0.0,0.0
I-95 HOV NB,HOV,110+04668,2025-10-24,18.0,0.285469,3,71.0,50.204581464244875,6000.0,96,0.25,free_flow_speed,17.75,0.25,0.3535533905932738,False,0.0,0.0,0.0,,,,,False,False,False,0.0,0.0
I-95 HOV NB,HOV,110+04668,2025-10-27,18.0,0.285469,3,71.0,50.204581464244875,6000.0,96,0.25,free_flow_speed,17.75,0.25,0.3535533905932738,False,0.0,0.0,0.0,,,,,False,False,False,0.0,0.0
I-95 HOV NB,HOV,110+04668,2025-10-28,18.0,0.285469,3,71.0,50.204581464244875,6000.0,96,0.25,free_flow_speed,17.75,0.25,0.3535533905932738,False,0.0,0.0,0.0,,,,,False,False,False,0.0,0.0
I-95 HOV NB,HOV,110+04668,2025-10-29,18.0,0.285469,3,71.0,50.204581464244875,6000.0,96,0.25,free_flow_speed,17.75,0.25,0.3535533905932738,False,0.0,0.0,0.0,,,,,False,False,False,0.0,0.0
I-95 HOV NB,HOV,110+04668,2025-10-30,18.0,0.285469,3,71.0,50.204581464244875,6000.0,96,0.25,free_flow_speed,17.75,0.25,0.3535533905932738,False,0.0,0.0,0.0,,,,,False,False,False,0.0,0.0
I-95 HOV NB,HOV,110+04668,2025-10-31,18.0,0.285469,3,71.0,50.204581464244875,6000.0,96,0.25,free_flow_speed,17.75,0.25,0.3535533905932738,False,0.0,0.0,0.0,,,,,False,False,False,0.0,0.0
I-95 HOV NB,HOV,110P04668,2025-10-01,19.0,0.690683,3,70.0,49.49747468305833,6000.0,96,0.25,free_flow_speed,17.5,0.25,0.35355339059327373,False,0.0,0.0,0.0,,,,,False,False,False,0.0,0.0
I-95 HOV NB,HOV,110P04668,2025-10-02,19.0,0.690683,3,70.0,49.49747468305833,6000.0,96,0.25,free_flow_speed,17.5,0.25,0.35355339059327373,False,0.0,0.0,0.0,,,,,False,False,False,0.0,0.0
I-95 HOV NB,HOV,110P04668,2025-10-03,19.0,0.690683,3,70.0,49.49747468305833,6000.0,96,0.25,free_flow_speed,17.5,0.25,0.35355339059327373,False,0.0,0.0,0.0,,,,,False,False,False,0.0,0.0
I-95 HOV NB,HOV,110P04668,2025-10-06,19.0,0.690683,3,70.0,49.49747468305833,6000.0,96,0.25,free_flow_speed,17.5,0.25,0.35355339059327373,False,0.0,0.0,0.0,,,,,False,False,False,0.0,0.0
I-95 HOV NB,HOV,110P04668,2025-10-07,19.0,0.690683,3,70.0,49.49747468305833,6000.0,96,0.25,free_flow_speed,17.5,0.25,0.35355339059327373,False,0.0,0.0,0.0,,,,,False,False,False,0.0,0.0
I-95 HOV NB,HOV,110P04668,2025-10-08,19.0,0.690683,3,70.0,49.49747468305833,6000.0,96,0.25,free_flow_speed,17.5,0.25,0.35355339059327373,False,0.0,0.0,0.0,,,,,False,False,False,0.0,0.0
I-95 HOV NB,HOV,110P04668,2025-10-09,19.0,0.690683,3,70.0,49.49747468305833,6000.0,96,0.25,free_flow_speed,17.5,0.25,0.35355339059327373,False,0.0,0.0,0.0,,,,,False,False,False,0.0,0.0
I-95 HOV NB,HOV,110P04668,2025-10-10,19.0,0.690683,3,70.0,49.49747468305833,6000.0,95,0.25,free_flow_speed,17.5,0.25,0.35355339059327373,False,0.0,0.0,0.0,,,,,False,False,False,0.0,0.0
I-95 HOV NB,HOV,110P04668,2025-10-13,19.0,0.690683,3,70.0,49.49747468305833,6000.0,96,0.25,free_flow_speed,17.5,0.25,0.35355339059327373,False,0.0,0.0,0.0,,,,,False,False,False,0.0,0.0
I-95 HOV NB,HOV,110P04668,2025-10-14,19.0,0.690683,3,70.0,49.49747468305833,6000.0,96,0.25,free_flow_speed,17.5,0.25,0.35355339059327373,False,0.0,0.0,0.0,,,,,False,False,False,0.0,0.0
I-95 HOV NB,HOV,110P04668,2025-10-15,19.0,0.690683,3,70.0,49.49747468305833,6000.0,96,0.25,free_flow_speed,17.5,0.25,0.35355339059327373,False,0.0,0.0,0.0,,,,,False,False,False,0.0,0.0
I-95 HOV NB,HOV,110P04668,2025-10-16,19.0,0.690683,3,70.0,49.49747468305833,6000.0,96,0.25,free_flow_speed,17.5,0.25,0.35355339059327373,False,0.0,0.0,0.0,,,,,False,False,False,0.0,0.0
I-95 HOV NB,HOV,110P04668,2025-10-17,19.0,0.690683,3,70.0,49.49747468305833,6000.0,96,0.25,free_flow_speed,17.5,0.25,0.35355339059327373,False,0.0,0.0,0.0,,,,,False,False,False,0.0,0.0
I-95 HOV NB,HOV,110P04668,2025-10-20,19.0,0.690683,3,70.0,49.49747468305833,6000.0,96,0.25,free_flow_speed,17.5,0.25,0.35355339059327373,False,0.0,0.0,0.0,,,,,False,False,False,0.0,0.0
I-95 HOV NB,HOV,110P04668,2025-10-21,19.0,0.690683,3,70.0,49.49747468305833,6000.0,96,0.25,free_flow_speed,17.5,0.25,0.35355339059327373,False,0.0,0.0,0.0,,,,,False,False,False,0.0,0.0
I-95 HOV NB,HOV,110P04668,2025-10-22,19.0,0.690683,3,70.0,49.49747468305833,6000.0,96,0.25,free_flow_speed,17.5,0.25,0.35355339059327373,False,0.0,0.0,0.0,,,,,False,False,False,0.0,0.0
I-95 HOV NB,HOV,110P04668,2025-10-23,19.0,0.690683,3,70.0,49.49747468305833,6000.0,96,0.25,free_flow_speed,17.5,0.25,0.35355339059327373,False,0.0,0.0,0.0,,,,,False,False,False,0.0,0.0
I-95 HOV NB,HOV,110P04668,2025-10-24,19.0,0.690683,3,70.0,49.49747468305833,6000.0,96,0.25,free_flow_speed,17.5,0.25,0.35355339059327373,False,0.0,0.0,0.0,,,,,False,False,False,0.0,0.0
I-95 HOV NB,HOV,110P04668,2025-10-27,19.0,0.690683,3,70.0,49.49747468305833,6000.0,96,0.25,free_flow_speed,17.5,0.25,0.35355339059327373,False,0.0,0.0,0.0,,,,,False,False,False,0.0,0.0
I-95 HOV NB,HOV,110P04668,2025-10-28,19.0,0.690683,3,70.0,49.49747468305833,6000.0,96,0.25,free_flow_speed,17.5,0.25,0.35355339059327373,False,0.0,0.0,0.0,,,,,False,False,False,0.0,0.0
I-95 HOV NB,HOV,110P04668,2025-10-29,19.0,0.690683,3,70.0,49.49747468305833,6000.0,96,0.25,free_flow_speed,17.5,0.25,0.35355339059327373,False,0.0,0.0,0.0,,,,,False,False,False,0.0,0.0
I-95 HOV NB,HOV,110P04668,2025-10-30,19.0,0.690683,3,70.0,49.49747468305833,6000.0,96,0.25,free_flow_speed,17.5,0.25,0.35355339059327373,False,0.0,0.0,0.0,,,,,False,False,False,0.0,0.0
I-95 HOV NB,HOV,110P04668,2025-10-31,19.0,0.690683,3,70.0,49.49747468305833,6000.0,96,0.25,free_flow_speed,17.5,0.25,0.35355339059327373,False,0.0,0.0,0.0,,,,,False,False,False,0.0,0.0
I-95 HOV NB,HOV,110+04669,2025-10-01,20.0,0.233731,3,69.7665,49.33236524965127,6000.0,96,0.25,free_flow_speed,17.441625,0.25,0.35355339059327373,False,0.0,0.0,0.0,,,,,False,False,False,0.0,0.0
I-95 HOV NB,HOV,110+04669,2025-10-02,20.0,0.233731,3,69.7665,49.33236524965127,6000.0,96,0.25,free_flow_speed,17.441625,0.25,0.35355339059327373,False,0.0,0.0,0.0,,,,,False,False,False,0.0,0.0
I-95 HOV NB,HOV,110+04669,2025-10-03,20.0,0.233731,3,69.7665,49.33236524965127,6000.0,96,0.25,free_flow_speed,17.441625,0.25,0.35355339059327373,False,0.0,0.0,0.0,,,,,False,False,False,0.0,0.0
I-95 HOV NB,HOV,110+04669,2025-10-06,20.0,0.233731,3,69.7665,49.33236524965127,6000.0,96,0.25,free_flow_speed,17.441625,0.25,0.35355339059327373,False,0.0,0.0,0.0,,,,,False,False,False,0.0,0.0
I-95 HOV NB,HOV,110+04669,2025-10-07,20.0,0.233731,3,69.7665,49.33236524965127,6000.0,96,0.25,free_flow_speed,17.441625,0.25,0.35355339059327373,False,0.0,0.0,0.0,,,,,False,False,False,0.0,0.0
I-95 HOV NB,HOV,110+04669,2025-10-08,20.0,0.233731,3,69.7665,49.33236524965127,6000.0,96,0.25,free_flow_speed,17.441625,0.25,0.35355339059327373,False,0.0,0.0,0.0,,,,,False,False,False,0.0,0.0
I-95 HOV NB,HOV,110+04669,2025-10-09,20.0,0.233731,3,69.7665,49.33236524965127,6000.0,96,0.25,free_flow_speed,17.441625,0.25,0.35355339059327373,False,0.0,0.0,0.0,,,,,False,False,False,0.0,0.0
I-95 HOV NB,HOV,110+04669,2025-10-10,20.0,0.233731,3,69.7665,49.33236524965127,6000.0,95,0.25,free_flow_speed,17.441625,0.25,0.35355339059327373,False,0.0,0.0,0.0,,,,,False,False,False,0.0,0.0
I-95 HOV NB,HOV,110+04669,2025-10-13,20.0,0.233731,3,69.7665,49.33236524965127,6000.0,96,0.25,free_flow_speed,17.441625,0.25,0.35355339059327373,False,0.0,0.0,0.0,,,,,False,False,False,0.0,0.0
I-95 HOV NB,HOV,110+04669,2025-10-14,20.0,0.233731,3,69.7665,49.33236524965127,6000.0,96,0.25,free_flow_speed,17.441625,0.25,0.35355339059327373,False,0.0,0.0,0.0,,,,,False,False,False,0.0,0.0
I-95 HOV NB,HOV,110+04669,2025-10-15,20.0,0.233731,3,69.7665,49.33236524965127,6000.0,96,0.25,free_flow_speed,17.441625,0.25,0.35355339059327373,False,0.0,0.0,0.0,,,,,False,False,False,0.0,0.0
I-95 HOV NB,HOV,110+04669,2025-10-16,20.0,0.233731,3,69.7665,49.33236524965127,6000.0,96,0.25,free_flow_speed,17.441625,0.25,0.35355339059327373,False,0.0,0.0,0.0,,,,,False,False,False,0.0,0.0
I-95 HOV NB,HOV,110+04669,2025-10-17,20.0,0.233731,3,69.7665,49.33236524965127,6000.0,96,0.25,free_flow_speed,17.441625,0.25,0.35355339059327373,False,0.0,0.0,0.0,,,,,False,False,False,0.0,0.0
I-95 HOV NB,HOV,110+04669,2025-10-20,20.0,0.233731,3,69.7665,49.33236524965127,6000.0,96,0.25,free_flow_speed,17.441625,0.25,0.35355339059327373,False,0.0,0.0,0.0,,,,,False,False,False,0.0,0.0
I-95 HOV NB,HOV,110+04669,2025-10-21,20.0,0.233731,3,69.7665,49.33236524965127,6000.0,96,0.25,free_flow_speed,17.441625,0.25,0.35355339059327373,False,0.0,0.0,0.0,,,,,False,False,False,0.0,0.0
I-95 HOV NB,HOV,110+04669,2025-10-22,20.0,0.233731,3,69.7665,49.33236524965127,6000.0,96,0.25,free_flow_speed,17.441625,0.25,0.35355339059327373,False,0.0,0.0,0.0,,,,,False,False,False,0.0,0.0
I-95 HOV NB,HOV,110+04669,2025-10-23,20.0,0.233731,3,69.7665,49.33236524965127,6000.0,96,0.25,free_flow_speed,17.441625,0.25,0.35355339059327373,False,0.0,0.0,0.0,,,,,False,False,False,0.0,0.0
I-95 HOV NB,HOV,110+04669,2025-10-24,20.0,0.233731,3,69.7665,49.33236524965127,6000.0,96,0.25,free_flow_speed,17.441625,0.25,0.35355339059327373,False,0.0,0.0,0.0,,,,,False,False,False,0.0,0.0
I-95 HOV NB,HOV,110+04669,2025-10-27,20.0,0.233731,3,69.7665,49.33236524965127,6000.0,96,0.25,free_flow_speed,17.441625,0.25,0.35355339059327373,False,0.0,0.0,0.0,,,,,False,False,False,0.0,0.0
I-95 HOV NB,HOV,110+04669,2025-10-28,20.0,0.233731,3,69.7665,49.33236524965127,6000.0,96,0.25,free_flow_speed,17.441625,0.25,0.35355339059327373,False,0.0,0.0,0.0,,,,,False,False,False,0.0,0.0
I-95 HOV NB,HOV,110+04669,2025-10-29,20.0,0.233731,3,69.7665,49.33236524965127,6000.0,96,0.25,free_flow_speed,17.441625,0.25,0.35355339059327373,False,0.0,0.0,0.0,,,,,False,False,False,0.0,0.0
I-95 HOV NB,HOV,110+04669,2025-10-30,20.0,0.233731,3,69.7665,49.33236524965127,6000.0,96,0.25,free_flow_speed,17.441625,0.25,0.35355339059327373,False,0.0,0.0,0.0,,,,,False,False,False,0.0,0.0
I-95 HOV NB,HOV,110+04669,2025-10-31,20.0,0.233731,3,69.7665,49.33236524965127,6000.0,96,0.25,free_flow_speed,17.441625,0.25,0.35355339059327373,False,0.0,0.0,0.0,,,,,False,False,False,0.0,0.0
I-95 HOV NB,HOV,110+04658,2025-10-01,1.0,5.922145,2,73.0,51.618795026617974,4000.0,96,0.5,free_flow_speed,36.5,0.5,0.7071067811865475,False,0.0,0.0,0.0,,,,,False,False,False,0.0,0.0
I-95 HOV NB,HOV,110+04658,2025-10-02,1.0,5.922145,2,73.0,51.618795026617974,4000.0,96,0.5,free_flow_speed,36.5,0.5,0.7071067811865475,False,0.0,0.0,0.0,,,,,False,False,False,0.0,0.0
I-95 HOV NB,HOV,110+04658,2025-10-03,1.0,5.922145,2,73.0,51.618795026617974,4000.0,96,0.5,free_flow_speed,36.5,0.5,0.7071067811865475,False,0.0,0.0,0.0,,,,,False,False,False,0.0,0.0
I-95 HOV NB,HOV,110+04658,2025-10-06,1.0,5.922145,2,73.0,51.618795026617974,4000.0,96,0.5,free_flow_speed,36.5,0.5,0.7071067811865475,False,0.0,0.0,0.0,,,,,False,False,False,0.0,0.0
I-95 HOV NB,HOV,110+04658,2025-10-07,1.0,5.922145,2,73.0,51.618795026617974,4000.0,96,0.5,free_flow_speed,36.5,0.5,0.7071067811865475,False,0.0,0.0,0.0,,,,,False,False,False,0.0,0.0
I-95 HOV NB,HOV,110+04658,2025-10-08,1.0,5.922145,2,73.0,51.618795026617974,4000.0,96,0.5,free_flow_speed,36.5,0.5,0.7071067811865475,False,0.0,0.0,0.0,,,,,False,False,False,0.0,0.0
I-95 HOV NB,HOV,110+04658,2025-10-09,1.0,5.922145,2,73.0,51.618795026617974,4000.0,96,0.5,free_flow_speed,36.5,0.5,0.7071067811865475,False,0.0,0.0,0.0,,,,,False,False,False,0.0,0.0
I-95 HOV NB,HOV,110+04658,2025-10-10,1.0,5.922145,2,73.0,51.618795026617974,4000.0,96,0.5,free_flow_speed,36.5,0.5,0.7071067811865475,False,0.0,0.0,0.0,,,,,False,False,False,0.0,0.0
I-95 HOV NB,HOV,110+04658,2025-10-13,1.0,5.922145,2,73.0,51.618795026617974,4000.0,96,0.5,free_flow_speed,36.5,0.5,0.7071067811865475,False,0.0,0.0,0.0,,,,,False,False,False,0.0,0.0
I-95 HOV NB,HOV,110+04658,2025-10-14,1.0,5.922145,2,73.0,51.618795026617974,4000.0,96,0.5,free_flow_speed,36.5,0.5,0.7071067811865475,False,0.0,0.0,0.0,,,,,False,False,False,0.0,0.0
I-95 HOV NB,HOV,110+04658,2025-10-15,1.0,5.922145,2,73.0,51.618795026617974,4000.0,96,0.5,free_flow_speed,36.5,0.5,0.7071067811865475,False,0.0,0.0,0.0,,,,,False,False,False,0.0,0.0
I-95 HOV NB,HOV,110+04658,2025-10-16,1.0,5.922145,2,73.0,51.618795026617974,4000.0,96,0.5,free_flow_speed,36.5,0.5,0.7071067811865475,False,0.0,0.0,0.0,,,,,False,False,False,0.0,0.0
I-95 HOV NB,HOV,110+04658,2025-10-17,1.0,5.922145,2,73.0,51.618795026617974,4000.0,96,0.5,free_flow_speed,36.5,0.5,0.7071067811865475,False,0.0,0.0,0.0,,,,,False,False,False,0.0,0.0
I-95 HOV NB,HOV,110+04658,2025-10-20,1.0,5.922145,2,73.0,51.618795026617974,4000.0,96,0.5,free_flow_speed,36.5,0.5,0.7071067811865475,False,0.0,0.0,0.0,,,,,False,False,False,0.0,0.0
I-95 HOV NB,HOV,110+04658,2025-10-21,1.0,5.922145,2,73.0,51.618795026617974,4000.0,96,0.5,free_flow_speed,36.5,0.5,0.7071067811865475,False,0.0,0.0,0.0,,,,,False,False,False,0.0,0.0
I-95 HOV NB,HOV,110+04658,2025-10-22,1.0,5.922145,2,73.0,51.618795026617974,4000.0,96,0.5,free_flow_speed,36.5,0.5,0.7071067811865475,False,0.0,0.0,0.0,,,,,False,False,False,0.0,0.0
I-95 HOV NB,HOV,110+04658,2025-10-23,1.0,5.922145,2,73.0,51.618795026617974,4000.0,96,0.5,free_flow_speed,36.5,0.5,0.7071067811865475,False,0.0,0.0,0.0,,,,,False,False,False,0.0,0.0
I-95 HOV NB,HOV,110+04658,2025-10-24,1.0,5.922145,2,73.0,51.618795026617974,4000.0,96,0.5,free_flow_speed,36.5,0.5,0.7071067811865475,False,0.0,0.0,0.0,,,,,False,False,False,0.0,0.0
I-95 HOV NB,HOV,110+04658,2025-10-27,1.0,5.922145,2,73.0,51.618795026617974,4000.0,96,0.5,free_flow_speed,36.5,0.5,0.7071067811865475,False,0.0,0.0,0.0,,,,,False,False,False,0.0,0.0
I-95 HOV NB,HOV,110+04658,2025-10-28,1.0,5.922145,2,73.0,51.618795026617974,4000.0,96,0.5,free_flow_speed,36.5,0.5,0.7071067811865475,False,0.0,0.0,0.0,,,,,False,False,False,0.0,0.0
I-95 HOV NB,HOV,110+04658,2025-10-29,1.0,5.922145,2,73.0,51.618795026617974,4000.0,96,0.5,free_flow_speed,36.5,0.5,0.7071067811865475,False,0.0,0.0,0.0,,,,,False,False,False,0.0,0.0
I-95 HOV NB,HOV,110+04658,2025-10-30,1.0,5.922145,2,73.0,51.618795026617974,4000.0,96,0.5,free_flow_speed,36.5,0.5,0.7071067811865475,False,0.0,0.0,0.0,,,,,False,False,False,0.0,0.0
I-95 HOV NB,HOV,110+04658,2025-10-31,1.0,5.922145,2,73.0,51.618795026617974,4000.0,96,0.5,free_flow_speed,36.5,0.5,0.7071067811865475,False,0.0,0.0,0.0,,,,,False,False,False,0.0,0.0
I-95 HOV NB,HOV,110P04660,2025-10-01,4.0,0.969226,2,71.0,50.204581464244875,4000.0,96,0.5,free_flow_speed,35.5,0.5,0.7071067811865476,False,0.0,0.0,0.0,,,,,False,False,False,0.0,0.0
I-95 HOV NB,HOV,110P04660,2025-10-02,4.0,0.969226,2,71.0,50.204581464244875,4000.0,96,0.5,free_flow_speed,35.5,0.5,0.7071067811865476,False,0.0,0.0,0.0,,,,,False,False,False,0.0,0.0
I-95 HOV NB,HOV,110P04660,2025-10-03,4.0,0.969226,2,71.0,50.204581464244875,4000.0,96,0.5,free_flow_speed,35.5,0.5,0.7071067811865476,False,0.0,0.0,0.0,,,,,False,False,False,0.0,0.0
I-95 HOV NB,HOV,110P04660,2025-10-06,4.0,0.969226,2,71.0,50.204581464244875,4000.0,96,0.5,free_flow_speed,35.5,0.5,0.7071067811865476,False,0.0,0.0,0.0,,,,,False,False,False,0.0,0.0
I-95 HOV NB,HOV,110P04660,2025-10-07,4.0,0.969226,2,71.0,50.204581464244875,4000.0,96,0.5,free_flow_speed,35.5,0.5,0.7071067811865476,False,0.0,0.0,0.0,,,,,False,False,False,0.0,0.0
I-95 HOV NB,HOV,110P04660,2025-10-08,4.0,0.969226,2,71.0,50.204581464244875,4000.0,96,0.5,free_flow_speed,35.5,0.5,0.7071067811865476,False,0.0,0.0,0.0,,,,,False,False,False,0.0,0.0
I-95 HOV NB,HOV,110P04660,2025-10-09,4.0,0.969226,2,71.0,50.204581464244875,4000.0,96,0.5,free_flow_speed,35.5,0.5,0.7071067811865476,False,0.0,0.0,0.0,,,,,False,False,False,0.0,0.0
I-95 HOV NB,HOV,110P04660,2025-10-10,4.0,0.969226,2,71.0,50.204581464244875,4000.0,96,0.5,free_flow_speed,35.5,0.5,0.7071067811865476,False,0.0,0.0,0.0,,,,,False,False,False,0.0,0.0
I-95 HOV NB,HOV,110P04660,2025-10-13,4.0,0.969226,2,71.0,50.204581464244875,4000.0,96,0.5,free_flow_speed,35.5,0.5,0.7071067811865476,False,0.0,0.0,0.0,,,,,False,False,False,0.0,0.0
I-95 HOV NB,HOV,110P04660,2025-10-14,4.0,0.969226,2,71.0,50.204581464244875,4000.0,96,0.5,free_flow_speed,35.5,0.5,0.7071067811865476,False,0.0,0.0,0.0,,,,,False,False,False,0.0,0.0
I-95 HOV NB,HOV,110P04660,2025-10-15,4.0,0.969226,2,71.0,50.204581464244875,4000.0,96,0.5,free_flow_speed,35.5,0.5,0.7071067811865476,False,0.0,0.0,0.0,,,,,False,False,False,0.0,0.0
I-95 HOV NB,HOV,110P04660,2025-10-16,4.0,0.969226,2,71.0,50.204581464244875,4000.0,96,0.5,free_flow_speed,35.5,0.5,0.7071067811865476,False,0.0,0.0,0.0,,,,,False,False,False,0.0,0.0
I-95 HOV NB,HOV,110P04660,2025-10-17,4.0,0.969226,2,71.0,50.204581464244875,4000.0,96,0.5,free_flow_speed,35.5,0.5,0.7071067811865476,False,0.0,0.0,0.0,,,,,False,False,False,0.0,0.0
I-95 HOV NB,HOV,110P04660,2025-10-20,4.0,0.969226,2,71.0,50.204581464244875,4000.0,96,0.5,free_flow_speed,35.5,0.5,0.7071067811865476,False,0.0,0.0,0.0,,,,,False,False,False,0.0,0.0
I-95 HOV NB,HOV,110P04660,2025-10-21,4.0,0.969226,2,71.0,50.204581464244875,4000.0,96,0.5,free_flow_speed,35.5,0.5,0.7071067811865476,False,0.0,0.0,0.0,,,,,False,False,False,0.0,0.0
I-95 HOV NB,HOV,110P04660,2025-10-22,4.0,0.969226,2,71.0,50.204581464244875,4000.0,96,0.5,free_flow_speed,35.5,0.5,0.7071067811865476,False,0.0,0.0,0.0,,,,,False,False,False,0.0,0.0
I-95 HOV NB,HOV,110P04660,2025-10-23,4.0,0.969226,2,71.0,50.204581464244875,4000.0,96,0.5,free_flow_speed,35.5,0.5,0.7071067811865476,False,0.0,0.0,0.0,,,,,False,False,False,0.0,0.0
I-95 HOV NB,HOV,110P04660,2025-10-24,4.0,0.969226,2,71.0,50.204581464244875,4000.0,96,0.5,free_flow_speed,35.5,0.5,0.7071067811865476,False,0.0,0.0,0.0,,,,,False,False,False,0.0,0.0
I-95 HOV NB,HOV,110P04660,2025-10-27,4.0,0.969226,2,71.0,50.204581464244875,4000.0,96,0.5,free_flow_speed,35.5,0.5,0.7071067811865476,False,0.0,0.0,0.0,,,,,False,False,False,0.0,0.0
I-95 HOV NB,HOV,110P04660,2025-10-28,4.0,0.969226,2,71.0,50.204581464244875,4000.0,96,0.5,free_flow_speed,35.5,0.5,0.7071067811865476,False,0.0,0.0,0.0,,,,,False,False,False,0.0,0.0
I-95 HOV NB,HOV,110P04660,2025-10-29,4.0,0.969226,2,71.0,50.204581464244875,4000.0,96,0.5,free_flow_speed,35.5,0.5,0.7071067811865476,False,0.0,0.0,0.0,,,,,False,False,False,0.0,0.0
I-95 HOV NB,HOV,110P04660,2025-10-30,4.0,0.969226,2,71.0,50.204581464244875,4000.0,96,0.5,free_flow_speed,35.5,0.5,0.7071067811865476,False,0.0,0.0,0.0,,,,,False,False,False,0.0,0.0
I-95 HOV NB,HOV,110P04660,2025-10-31,4.0,0.969226,2,71.0,50.204581464244875,4000.0,96,0.5,free_flow_speed,35.5,0.5,0.7071067811865476,False,0.0,0.0,0.0,,,,,False,False,False,0.0,0.0
I-95 HOV NB,HOV,110+04661,2025-10-01,5.0,0.021561,2,71.0,50.204581464244875,4000.0,96,0.5,free_flow_speed,35.5,0.5,0.7071067811865476,False,0.0,0.0,0.0,,,,,False,False,False,0.0,0.0
I-95 HOV NB,HOV,110+04661,2025-10-02,5.0,0.021561,2,71.0,50.204581464244875,4000.0,96,0.5,free_flow_speed,35.5,0.5,0.7071067811865476,False,0.0,0.0,0.0,,,,,False,False,False,0.0,0.0
I-95 HOV NB,HOV,110+04661,2025-10-03,5.0,0.021561,2,71.0,50.204581464244875,4000.0,96,0.5,free_flow_speed,35.5,0.5,0.7071067811865476,False,0.0,0.0,0.0,,,,,False,False,False,0.0,0.0
I-95 HOV NB,HOV,110+04661,2025-10-06,5.0,0.021561,2,71.0,50.204581464244875,4000.0,96,0.5,free_flow_speed,35.5,0.5,0.7071067811865476,False,0.0,0.0,0.0,,,,,False,False,False,0.0,0.0
I-95 HOV NB,HOV,110+04661,2025-10-07,5.0,0.021561,2,71.0,50.204581464244875,4000.0,96,0.5,free_flow_speed,35.5,0.5,0.7071067811865476,False,0.0,0.0,0.0,,,,,False,False,False,0.0,0.0
I-95 HOV NB,HOV,110+04661,2025-10-08,5.0,0.021561,2,71.0,50.204581464244875,4000.0,96,0.5,free_flow_speed,35.5,0.5,0.7071067811865476,False,0.0,0.0,0.0,,,,,False,False,False,0.0,0.0
I-95 HOV NB,HOV,110+04661,2025-10-09,5.0,0.021561,2,71.0,50.204581464244875,4000.0,96,0.5,free_flow_speed,35.5,0.5,0.7071067811865476,False,0.0,0.0,0.0,,,,,False,False,False,0.0,0.0
I-95 HOV NB,HOV,110+04661,2025-10-10,5.0,0.021561,2,71.0,50.204581464244875,4000.0,96,0.5,free_flow_speed,35.5,0.5,0.7071067811865476,False,0.0,0.0,0.0,,,,,False,False,False,0.0,0.0
I-95 HOV NB,HOV,110+04661,2025-10-13,5.0,0.021561,2,71.0,50.204581464244875,4000.0,96,0.5,free_flow_speed,35.5,0.5,0.7071067811865476,False,0.0,0.0,0.0,,,,,False,False,False,0.0,0.0
I-95 HOV NB,HOV,110+04661,2025-10-14,5.0,0.021561,2,71.0,50.204581464244875,4000.0,96,0.5,free_flow_speed,35.5,0.5,0.7071067811865476,False,0.0,0.0,0.0,,,,,False,False,False,0.0,0.0
I-95 HOV NB,HOV,110+04661,2025-10-15,5.0,0.021561,2,71.0,50.204581464244875,4000.0,96,0.5,free_flow_speed,35.5,0.5,0.7071067811865476,False,0.0,0.0,0.0,,,,,False,False,False,0.0,0.0
I-95 HOV NB,HOV,110+04661,2025-10-16,5.0,0.021561,2,71.0,50.204581464244875,4000.0,96,0.5,free_flow_speed,35.5,0.5,0.7071067811865476,False,0.0,0.0,0.0,,,,,False,False,False,0.0,0.0
I-95 HOV NB,HOV,110+04661,2025-10-17,5.0,0.021561,2,71.0,50.204581464244875,4000.0,96,0.5,free_flow_speed,35.5,0.5,0.7071067811865476,False,0.0,0.0,0.0,,,,,False,False,False,0.0,0.0
I-95 HOV NB,HOV,110+04661,2025-10-20,5.0,0.021561,2,71.0,50.204581464244875,4000.0,96,0.5,free_flow_speed,35.5,0.5,0.7071067811865476,False,0.0,0.0,0.0,,,,,False,False,False,0.0,0.0
I-95 HOV NB,HOV,110+04661,2025-10-21,5.0,0.021561,2,71.0,50.204581464244875,4000.0,96,0.5,free_flow_speed,35.5,0.5,0.7071067811865476,False,0.0,0.0,0.0,,,,,False,False,False,0.0,0.0
I-95 HOV NB,HOV,110+04661,2025-10-22,5.0,0.021561,2,71.0,50.204581464244875,4000.0,96,0.5,free_flow_speed,35.5,0.5,0.7071067811865476,False,0.0,0.0,0.0,,,,,False,False,False,0.0,0.0
I-95 HOV NB,HOV,110+04661,2025-10-23,5.0,0.021561,2,71.0,50.204581464244875,4000.0,96,0.5,free_flow_speed,35.5,0.5,0.7071067811865476,False,0.0,0.0,0.0,,,,,False,False,False,0.0,0.0
I-95 HOV NB,HOV,110+04661,2025-10-24,5.0,0.021561,2,71.0,50.204581464244875,4000.0,96,0.5,free_flow_speed,35.5,0.5,0.7071067811865476,False,0.0,0.0,0.0,,,,,False,False,False,0.0,0.0
I-95 HOV NB,HOV,110+04661,2025-10-27,5.0,0.021561,2,71.0,50.204581464244875,4000.0,96,0.5,free_flow_speed,35.5,0.5,0.7071067811865476,False,0.0,0.0,0.0,,,,,False,False,False,0.0,0.0
I-95 HOV NB,HOV,110+04661,2025-10-28,5.0,0.021561,2,71.0,50.204581464244875,4000.0,96,0.5,free_flow_speed,35.5,0.5,0.7071067811865476,False,0.0,0.0,0.0,,,,,False,False,False,0.0,0.0
I-95 HOV NB,HOV,110+04661,2025-10-29,5.0,0.021561,2,71.0,50.204581464244875,4000.0,96,0.5,free_flow_speed,35.5,0.5,0.7071067811865476,False,0.0,0.0,0.0,,,,,False,False,False,0.0,0.0
I-95 HOV NB,HOV,110+04661,2025-10-30,5.0,0.021561,2,71.0,50.204581464244875,4000.0,96,0.5,free_flow_speed,35.5,0.5,0.7071067811865476,False,0.0,0.0,0.0,,,,,False,False,False,0.0,0.0
I-95 HOV NB,HOV,110+04661,2025-10-31,5.0,0.021561,2,71.0,50.204581464244875,4000.0,96,0.5,free_flow_speed,35.5,0.5,0.7071067811865476,False,0.0,0.0,0.0,,,,,False,False,False,0.0,0.0
I-95 HOV NB,HOV,110P04661,2025-10-01,6.0,0.254748,2,71.0,50.204581464244875,4000.0,96,0.5,free_flow_speed,35.5,0.5,0.7071067811865476,False,0.0,0.0,0.0,,,,,False,False,False,0.0,0.0
I-95 HOV NB,HOV,110P04661,2025-10-02,6.0,0.254748,2,71.0,50.204581464244875,4000.0,96,0.5,free_flow_speed,35.5,0.5,0.7071067811865476,False,0.0,0.0,0.0,,,,,False,False,False,0.0,0.0
I-95 HOV NB,HOV,110P04661,2025-10-03,6.0,0.254748,2,71.0,50.204581464244875,4000.0,96,0.5,free_flow_speed,35.5,0.5,0.7071067811865476,False,0.0,0.0,0.0,,,,,False,False,False,0.0,0.0
I-95 HOV NB,HOV,110P04661,2025-10-06,6.0,0.254748,2,71.0,50.204581464244875,4000.0,96,0.5,free_flow_speed,35.5,0.5,0.7071067811865476,False,0.0,0.0,0.0,,,,,False,False,False,0.0,0.0
I-95 HOV NB,HOV,110P04661,2025-10-07,6.0,0.254748,2,71.0,50.204581464244875,4000.0,96,0.5,free_flow_speed,35.5,0.5,0.7071067811865476,False,0.0,0.0,0.0,,,,,False,False,False,0.0,0.0
I-95 HOV NB,HOV,110P04661,2025-10-08,6.0,0.254748,2,71.0,50.204581464244875,4000.0,96,0.5,free_flow_speed,35.5,0.5,0.7071067811865476,False,0.0,0.0,0.0,,,,,False,False,False,0.0,0.0
I-95 HOV NB,HOV,110P04661,2025-10-09,6.0,0.254748,2,71.0,50.204581464244875,4000.0,96,0.5,free_flow_speed,35.5,0.5,0.7071067811865476,False,0.0,0.0,0.0,,,,,False,False,False,0.0,0.0
I-95 HOV NB,HOV,110P04661,2025-10-10,6.0,0.254748,2,71.0,50.204581464244875,4000.0,96,0.5,free_flow_speed,35.5,0.5,0.7071067811865476,False,0.0,0.0,0.0,,,,,False,False,False,0.0,0.0
I-95 HOV NB,HOV,110P04661,2025-10-13,6.0,0.254748,2,71.0,50.204581464244875,4000.0,96,0.5,free_flow_speed,35.5,0.5,0.7071067811865476,False,0.0,0.0,0.0,,,,,False,False,False,0.0,0.0
I-95 HOV NB,HOV,110P04661,2025-10-14,6.0,0.254748,2,71.0,50.204581464244875,4000.0,96,0.5,free_flow_speed,35.5,0.5,0.7071067811865476,False,0.0,0.0,0.0,,,,,False,False,False,0.0,0.0
I-95 HOV NB,HOV,110P04661,2025-10-15,6.0,0.254748,2,71.0,50.204581464244875,4000.0,96,0.5,free_flow_speed,35.5,0.5,0.7071067811865476,False,0.0,0.0,0.0,,,,,False,False,False,0.0,0.0
I-95 HOV NB,HOV,110P04661,2025-10-16,6.0,0.254748,2,71.0,50.204581464244875,4000.0,96,0.5,free_flow_speed,35.5,0.5,0.7071067811865476,False,0.0,0.0,0.0,,,,,False,False,False,0.0,0.0
I-95 HOV NB,HOV,110P04661,2025-10-17,6.0,0.254748,2,71.0,50.204581464244875,4000.0,96,0.5,free_flow_speed,35.5,0.5,0.7071067811865476,False,0.0,0.0,0.0,,,,,False,False,False,0.0,0.0
I-95 HOV NB,HOV,110P04661,2025-10-20,6.0,0.254748,2,71.0,50.204581464244875,4000.0,96,0.5,free_flow_speed,35.5,0.5,0.7071067811865476,False,0.0,0.0,0.0,,,,,False,False,False,0.0,0.0
I-95 HOV NB,HOV,110P04661,2025-10-21,6.0,0.254748,2,71.0,50.204581464244875,4000.0,96,0.5,free_flow_speed,35.5,0.5,0.7071067811865476,False,0.0,0.0,0.0,,,,,False,False,False,0.0,0.0
I-95 HOV NB,HOV,110P04661,2025-10-22,6.0,0.254748,2,71.0,50.204581464244875,4000.0,96,0.5,free_flow_speed,35.5,0.5,0.7071067811865476,False,0.0,0.0,0.0,,,,,False,False,False,0.0,0.0
I-95 HOV NB,HOV,110P04661,2025-10-23,6.0,0.254748,2,71.0,50.204581464244875,4000.0,96,0.5,free_flow_speed,35.5,0.5,0.7071067811865476,False,0.0,0.0,0.0,,,,,False,False,False,0.0,0.0
I-95 HOV NB,HOV,110P04661,2025-10-24,6.0,0.254748,2,71.0,50.204581464244875,4000.0,96,0.5,free_flow_speed,35.5,0.5,0.7071067811865476,False,0.0,0.0,0.0,,,,,False,False,False,0.0,0.0
I-95 HOV NB,HOV,110P04661,2025-10-27,6.0,0.254748,2,71.0,50.204581464244875,4000.0,96,0.5,free_flow_speed,35.5,0.5,0.7071067811865476,False,0.0,0.0,0.0,,,,,False,False,False,0.0,0.0
I-95 HOV NB,HOV,110P04661,2025-10-28,6.0,0.254748,2,71.0,50.204581464244875,4000.0,96,0.5,free_flow_speed,35.5,0.5,0.7071067811865476,False,0.0,0.0,0.0,,,,,False,False,False,0.0,0.0
I-95 HOV NB,HOV,110P04661,2025-10-29,6.0,0.254748,2,71.0,50.204581464244875,4000.0,96,0.5,free_flow_speed,35.5,0.5,0.7071067811865476,False,0.0,0.0,0.0,,,,,False,False,False,0.0,0.0
I-95 HOV NB,HOV,110P04661,2025-10-30,6.0,0.254748,2,71.0,50.204581464244875,4000.0,96,0.5,free_flow_speed,35.5,0.5,0.7071067811865476,False,0.0,0.0,0.0,,,,,False,False,False,0.0,0.0
I-95 HOV NB,HOV,110P04661,2025-10-31,6.0,0.254748,2,71.0,50.204581464244875,4000.0,96,0.5,free_flow_speed,35.5,0.5,0.7071067811865476,False,0.0,0.0,0.0,,,,,False,False,False,0.0,0.0
I-95 HOV NB,HOV,110+04662,2025-10-01,7.0,0.930388,2,70.0,49.49747468305833,4000.0,96,0.5,free_flow_speed,35.0,0.5,0.7071067811865475,False,0.0,0.0,0.0,,,,,False,False,False,0.0,0.0
I-95 HOV NB,HOV,110+04662,2025-10-02,7.0,0.930388,2,70.0,49.49747468305833,4000.0,96,0.5,free_flow_speed,35.0,0.5,0.7071067811865475,False,0.0,0.0,0.0,,,,,False,False,False,0.0,0.0
I-95 HOV NB,HOV,110+04662,2025-10-03,7.0,0.930388,2,70.0,49.49747468305833,4000.0,96,0.5,free_flow_speed,35.0,0.5,0.7071067811865475,False,0.0,0.0,0.0,,,,,False,False,False,0.0,0.0
I-95 HOV NB,HOV,110+04662,2025-10-06,7.0,0.930388,2,70.0,49.49747468305833,4000.0,96,0.5,free_flow_speed,35.0,0.5,0.7071067811865475,False,0.0,0.0,0.0,,,,,False,False,False,0.0,0.0
I-95 HOV NB,HOV,110+04662,2025-10-07,7.0,0.930388,2,70.0,49.49747468305833,4000.0,96,0.5,free_flow_speed,35.0,0.5,0.7071067811865475,False,0.0,0.0,0.0,,,,,False,False,False,0.0,0.0
I-95 HOV NB,HOV,110+04662,2025-10-08,7.0,0.930388,2,70.0,49.49747468305833,4000.0,96,0.5,free_flow_speed,35.0,0.5,0.7071067811865475,False,0.0,0.0,0.0,,,,,False,False,False,0.0,0.0
I-95 HOV NB,HOV,110+04662,2025-10-09,7.0,0.930388,2,70.0,49.49747468305833,4000.0,96,0.5,free_flow_speed,35.0,0.5,0.7071067811865475,False,0.0,0.0,0.0,,,,,False,False,False,0.0,0.0
I-95 HOV NB,HOV,110+04662,2025-10-10,7.0,0.930388,2,70.0,49.49747468305833,4000.0,96,0.5,free_flow_speed,35.0,0.5,0.7071067811865475,False,0.0,0.0,0.0,,,,,False,False,False,0.0,0.0
I-95 HOV NB,HOV,110+04662,2025-10-13,7.0,0.930388,2,70.0,49.49747468305833,4000.0,96,0.5,free_flow_speed,35.0,0.5,0.7071067811865475,False,0.0,0.0,0.0,,,,,False,False,False,0.0,0.0
I-95 HOV NB,HOV,110+04662,2025-10-14,7.0,0.930388,2,70.0,49.49747468305833,4000.0,96,0.5,free_flow_speed,35.0,0.5,0.7071067811865475,False,0.0,0.0,0.0,,,,,False,False,False,0.0,0.0
I-95 HOV NB,HOV,110+04662,2025-10-15,7.0,0.930388,2,70.0,49.49747468305833,4000.0,96,0.5,free_flow_speed,35.0,0.5,0.7071067811865475,False,0.0,0.0,0.0,,,,,False,False,False,0.0,0.0
I-95 HOV NB,HOV,110+04662,2025-10-16,7.0,0.930388,2,70.0,49.49747468305833,4000.0,96,0.5,free_flow_speed,35.0,0.5,0.7071067811865475,False,0.0,0.0,0.0,,,,,False,False,False,0.0,0.0
I-95 HOV NB,HOV,110+04662,2025-10-17,7.0,0.930388,2,70.0,49.49747468305833,4000.0,96,0.5,free_flow_speed,35.0,0.5,0.7071067811865475,False,0.0,0.0,0.0,,,,,False,False,False,0.0,0.0
I-95 HOV NB,HOV,110+04662,2025-10-20,7.0,0.930388,2,70.0,49.49747468305833,4000.0,96,0.5,free_flow_speed,35.0,0.5,0.7071067811865475,False,0.0,0.0,0.0,,,,,False,False,False,0.0,0.0
I-95 HOV NB,HOV,110+04662,2025-10-21,7.0,0.930388,2,70.0,49.49747468305833,4000.0,96,0.5,free_flow_speed,35.0,0.5,0.7071067811865475,False,0.0,0.0,0.0,,,,,False,False,False,0.0,0.0
I-95 HOV NB,HOV,110+04662,2025-10-22,7.0,0.930388,2,70.0,49.49747468305833,4000.0,96,0.5,free_flow_speed,35.0,0.5,0.7071067811865475,False,0.0,0.0,0.0,,,,,False,False,False,0.0,0.0
I-95 HOV NB,HOV,110+04662,2025-10-23,7.0,0.930388,2,70.0,49.49747468305833,4000.0,96,0.5,free_flow_speed,35.0,0.5,0.7071067811865475,False,0.0,0.0,0.0,,,,,False,False,False,0.0,0.0
I-95 HOV NB,HOV,110+04662,2025-10-24,7.0,0.930388,2,70.0,49.49747468305833,4000.0,96,0.5,free_flow_speed,35.0,0.5,0.7071067811865475,False,0.0,0.0,0.0,,,,,False,False,False,0.0,0.0
I-95 HOV NB,HOV,110+04662,2025-10-27,7.0,0.930388,2,70.0,49.49747468305833,4000.0,96,0.5,free_flow_speed,35.0,0.5,0.7071067811865475,False,0.0,0.0,0.0,,,,,False,False,False,0.0,0.0
I-95 HOV NB,HOV,110+04662,2025-10-28,7.0,0.930388,2,70.0,49.49747468305833,4000.0,96,0.5,free_flow_speed,35.0,0.5,0.7071067811865475,False,0.0,0.0,0.0,,,,,False,False,False,0.0,0.0
I-95 HOV NB,HOV,110+04662,2025-10-29,7.0,0.930388,2,70.0,49.49747468305833,4000.0,96,0.5,free_flow_speed,35.0,0.5,0.7071067811865475,False,0.0,0.0,0.0,,,,,False,False,False,0.0,0.0
I-95 HOV NB,HOV,110+04662,2025-10-30,7.0,0.930388,2,70.0,49.49747468305833,4000.0,96,0.5,free_flow_speed,35.0,0.5,0.7071067811865475,False,0.0,0.0,0.0,,,,,False,False,False,0.0,0.0
I-95 HOV NB,HOV,110+04662,2025-10-31,7.0,0.930388,2,70.0,49.49747468305833,4000.0,96,0.5,free_flow_speed,35.0,0.5,0.7071067811865475,False,0.0,0.0,0.0,,,,,False,False,False,0.0,0.0
I-95 HOV NB,HOV,110P04662,2025-10-01,8.0,1.002587,2,71.0,50.204581464244875,4000.0,96,0.5,free_flow_speed,35.5,0.5,0.7071067811865476,False,0.0,0.0,0.0,,,,,False,False,False,0.0,0.0
I-95 HOV NB,HOV,110P04662,2025-10-02,8.0,1.002587,2,71.0,50.204581464244875,4000.0,96,0.5,free_flow_speed,35.5,0.5,0.7071067811865476,False,0.0,0.0,0.0,,,,,False,False,False,0.0,0.0
I-95 HOV NB,HOV,110P04662,2025-10-03,8.0,1.002587,2,71.0,50.204581464244875,4000.0,96,0.5,free_flow_speed,35.5,0.5,0.7071067811865476,False,0.0,0.0,0.0,,,,,False,False,False,0.0,0.0
I-95 HOV NB,HOV,110P04662,2025-10-06,8.0,1.002587,2,71.0,50.204581464244875,4000.0,96,0.5,free_flow_speed,35.5,0.5,0.7071067811865476,False,0.0,0.0,0.0,,,,,False,False,False,0.0,0.0
I-95 HOV NB,HOV,110P04662,2025-10-07,8.0,1.002587,2,71.0,50.204581464244875,4000.0,96,0.5,free_flow_speed,35.5,0.5,0.7071067811865476,False,0.0,0.0,0.0,,,,,False,False,False,0.0,0.0
I-95 HOV NB,HOV,110P04662,2025-10-08,8.0,1.002587,2,71.0,50.204581464244875,4000.0,96,0.5,free_flow_speed,35.5,0.5,0.7071067811865476,False,0.0,0.0,0.0,,,,,False,False,False,0.0,0.0
I-95 HOV NB,HOV,110P04662,2025-10-09,8.0,1.002587,2,71.0,50.204581464244875,4000.0,96,0.5,free_flow_speed,35.5,0.5,0.7071067811865476,False,0.0,0.0,0.0,,,,,False,False,False,0.0,0.0
I-95 HOV NB,HOV,110P04662,2025-10-10,8.0,1.002587,2,71.0,50.204581464244875,4000.0,96,0.5,free_flow_speed,35.5,0.5,0.7071067811865476,False,0.0,0.0,0.0,,,,,False,False,False,0.0,0.0
I-95 HOV NB,HOV,110P04662,2025-10-13,8.0,1.002587,2,71.0,50.204581464244875,4000.0,96,0.5,free_flow_speed,35.5,0.5,0.7071067811865476,False,0.0,0.0,0.0,,,,,False,False,False,0.0,0.0
I-95 HOV NB,HOV,110P04662,2025-10-14,8.0,1.002587,2,71.0,50.204581464244875,4000.0,96,0.5,free_flow_speed,35.5,0.5,0.7071067811865476,False,0.0,0.0,0.0,,,,,False,False,False,0.0,0.0
I-95 HOV NB,HOV,110P04662,2025-10-15,8.0,1.002587,2,71.0,50.204581464244875,4000.0,96,0.5,free_flow_speed,35.5,0.5,0.7071067811865476,False,0.0,0.0,0.0,,,,,False,False,False,0.0,0.0
I-95 HOV NB,HOV,110P04662,2025-10-16,8.0,1.002587,2,71.0,50.204581464244875,4000.0,96,0.5,free_flow_speed,35.5,0.5,0.7071067811865476,False,0.0,0.0,0.0,,,,,False,False,False,0.0,0.0
I-95 HOV NB,HOV,110P04662,2025-10-17,8.0,1.002587,2,71.0,50.204581464244875,4000.0,96,0.5,free_flow_speed,35.5,0.5,0.7071067811865476,False,0.0,0.0,0.0,,,,,False,False,False,0.0,0.0
I-95 HOV NB,HOV,110P04662,2025-10-20,8.0,1.002587,2,71.0,50.204581464244875,4000.0,96,0.5,free_flow_speed,35.5,0.5,0.7071067811865476,False,0.0,0.0,0.0,,,,,False,False,False,0.0,0.0
I-95 HOV NB,HOV,110P04662,2025-10-21,8.0,1.002587,2,71.0,50.204581464244875,4000.0,96,0.5,free_flow_speed,35.5,0.5,0.7071067811865476,False,0.0,0.0,0.0,,,,,False,False,False,0.0,0.0
I-95 HOV NB,HOV,110P04662,2025-10-22,8.0,1.002587,2,71.0,50.204581464244875,4000.0,96,0.5,free_flow_speed,35.5,0.5,0.7071067811865476,False,0.0,0.0,0.0,,,,,False,False,False,0.0,0.0
I-95 HOV NB,HOV,110P04662,2025-10-23,8.0,1.002587,2,71.0,50.204581464244875,4000.0,96,0.5,free_flow_speed,35.5,0.5,0.7071067811865476,False,0.0,0.0,0.0,,,,,False,False,False,0.0,0.0
I-95 HOV NB,HOV,110P04662,2025-10-24,8.0,1.002587,2,71.0,50.204581464244875,4000.0,96,0.5,free_flow_speed,35.5,0.5,0.7071067811865476,False,0.0,0.0,0.0,,,,,False,False,False,0.0,0.0
I-95 HOV NB,HOV,110P04662,2025-10-27,8.0,1.002587,2,71.0,50.204581464244875,4000.0,96,0.5,free_flow_speed,35.5,0.5,0.7071067811865476,False,0.0,0.0,0.0,,,,,False,False,False,0.0,0.0
I-95 HOV NB,HOV,110P04662,2025-10-28,8.0,1.002587,2,71.0,50.204581464244875,4000.0,96,0.5,free_flow_speed,35.5,0.5,0.7071067811865476,False,0.0,0.0,0.0,,,,,False,False,False,0.0,0.0
I-95 HOV NB,HOV,110P04662,2025-10-29,8.0,1.002587,2,71.0,50.204581464244875,4000.0,96,0.5,free_flow_speed,35.5,0.5,0.7071067811865476,False,0.0,0.0,0.0,,,,,False,False,False,0.0,0.0
I-95 HOV NB,HOV,110P04662,2025-10-30,8.0,1.002587,2,71.0,50.204581464244875,4000.0,96,0.5,free_flow_speed,35.5,0.5,0.7071067811865476,False,0.0,0.0,0.0,,,,,False,False,False,0.0,0.0
I-95 HOV NB,HOV,110P04662,2025-10-31,8.0,1.002587,2,71.0,50.204581464244875,4000.0,96,0.5,free_flow_speed,35.5,0.5,0.7071067811865476,False,0.0,0.0,0.0,,,,,False,False,False,0.0,0.0
I-95 HOV NB,HOV,110P04665,2025-10-01,13.1,0.386681,3,72.0,50.91168824543143,6000.0,96,0.5,free_flow_speed,36.0,0.5,0.7071067811865475,False,0.0,0.0,0.0,,,,,False,False,False,0.0,0.0
I-95 HOV NB,HOV,110P04665,2025-10-02,13.1,0.386681,3,72.0,50.91168824543143,6000.0,96,0.5,free_flow_speed,36.0,0.5,0.7071067811865475,False,0.0,0.0,0.0,,,,,False,False,False,0.0,0.0
I-95 HOV NB,HOV,110P04665,2025-10-03,13.1,0.386681,3,72.0,50.91168824543143,6000.0,96,0.5,free_flow_speed,36.0,0.5,0.7071067811865475,False,0.0,0.0,0.0,,,,,False,False,False,0.0,0.0
I-95 HOV NB,HOV,110P04665,2025-10-06,13.1,0.386681,3,72.0,50.91168824543143,6000.0,96,0.5,free_flow_speed,36.0,0.5,0.7071067811865475,False,0.0,0.0,0.0,,,,,False,False,False,0.0,0.0
I-95 HOV NB,HOV,110P04665,2025-10-07,13.1,0.386681,3,72.0,50.91168824543143,6000.0,96,0.5,free_flow_speed,36.0,0.5,0.7071067811865475,False,0.0,0.0,0.0,,,,,False,False,False,0.0,0.0
I-95 HOV NB,HOV,110P04665,2025-10-08,13.1,0.386681,3,72.0,50.91168824543143,6000.0,96,0.5,free_flow_speed,36.0,0.5,0.7071067811865475,False,0.0,0.0,0.0,,,,,False,False,False,0.0,0.0
I-95 HOV NB,HOV,110P04665,2025-10-09,13.1,0.386681,3,72.0,50.91168824543143,6000.0,96,0.5,free_flow_speed,36.0,0.5,0.7071067811865475,False,0.0,0.0,0.0,,,,,False,False,False,0.0,0.0
I-95 HOV NB,HOV,110P04665,2025-10-10,13.1,0.386681,3,72.0,50.91168824543143,6000.0,96,0.5,free_flow_speed,36.0,0.5,0.7071067811865475,False,0.0,0.0,0.0,,,,,False,False,False,0.0,0.0
I-95 HOV NB,HOV,110P04665,2025-10-13,13.1,0.386681,3,72.0,50.91168824543143,6000.0,96,0.5,free_flow_speed,36.0,0.5,0.7071067811865475,False,0.0,0.0,0.0,,,,,False,False,False,0.0,0.0
I-95 HOV NB,HOV,110P04665,2025-10-14,13.1,0.386681,3,72.0,50.91168824543143,6000.0,96,0.5,free_flow_speed,36.0,0.5,0.7071067811865475,False,0.0,0.0,0.0,,,,,False,False,False,0.0,0.0
I-95 HOV NB,HOV,110P04665,2025-10-15,13.1,0.386681,3,72.0,50.91168824543143,6000.0,96,0.5,free_flow_speed,36.0,0.5,0.7071067811865475,False,0.0,0.0,0.0,,,,,False,False,False,0.0,0.0
I-95 HOV NB,HOV,110P04665,2025-10-16,13.1,0.386681,3,72.0,50.91168824543143,6000.0,96,0.5,free_flow_speed,36.0,0.5,0.7071067811865475,False,0.0,0.0,0.0,,,,,False,False,False,0.0,0.0
I-95 HOV NB,HOV,110P04665,2025-10-17,13.1,0.386681,3,72.0,50.91168824543143,6000.0,96,0.5,free_flow_speed,36.0,0.5,0.7071067811865475,False,0.0,0.0,0.0,,,,,False,False,False,0.0,0.0
I-95 HOV NB,HOV,110P04665,2025-10-20,13.1,0.386681,3,72.0,50.91168824543143,6000.0,96,0.5,free_flow_speed,36.0,0.5,0.7071067811865475,False,0.0,0.0,0.0,,,,,False,False,False,0.0,0.0
I-95 HOV NB,HOV,110P04665,2025-10-21,13.1,0.386681,3,72.0,50.91168824543143,6000.0,96,0.5,free_flow_speed,36.0,0.5,0.7071067811865475,False,0.0,0.0,0.0,,,,,False,False,False,0.0,0.0
I-95 HOV NB,HOV,110P04665,2025-10-22,13.1,0.386681,3,72.0,50.91168824543143,6000.0,96,0.5,free_flow_speed,36.0,0.5,0.7071067811865475,False,0.0,0.0,0.0,,,,,False,False,False,0.0,0.0
I-95 HOV NB,HOV,110P04665,2025-10-23,13.1,0.386681,3,72.0,50.91168824543143,6000.0,96,0.5,free_flow_speed,36.0,0.5,0.7071067811865475,False,0.0,0.0,0.0,,,,,False,False,False,0.0,0.0
I-95 HOV NB,HOV,110P04665,2025-10-24,13.1,0.386681,3,72.0,50.91168824543143,6000.0,96,0.5,free_flow_speed,36.0,0.5,0.7071067811865475,False,0.0,0.0,0.0,,,,,False,False,False,0.0,0.0
I-95 HOV NB,HOV,110P04665,2025-10-27,13.1,0.386681,3,72.0,50.91168824543143,6000.0,96,0.5,free_flow_speed,36.0,0.5,0.7071067811865475,False,0.0,0.0,0.0,,,,,False,False,False,0.0,0.0
I-95 HOV NB,HOV,110P04665,2025-10-28,13.1,0.386681,3,72.0,50.91168824543143,6000.0,96,0.5,free_flow_speed,36.0,0.5,0.7071067811865475,False,0.0,0.0,0.0,,,,,False,False,False,0.0,0.0
I-95 HOV NB,HOV,110P04665,2025-10-29,13.1,0.386681,3,72.0,50.91168824543143,6000.0,96,0.5,free_flow_speed,36.0,0.5,0.7071067811865475,False,0.0,0.0,0.0,,,,,False,False,False,0.0,0.0
I-95 HOV NB,HOV,110P04665,2025-10-30,13.1,0.386681,3,72.0,50.91168824543143,6000.0,96,0.5,free_flow_speed,36.0,0.5,0.7071067811865475,False,0.0,0.0,0.0,,,,,False,False,False,0.0,0.0
I-95 HOV NB,HOV,110P04665,2025-10-31,13.1,0.386681,3,72.0,50.91168824543143,6000.0,96,0.5,free_flow_speed,36.0,0.5,0.7071067811865475,False,0.0,0.0,0.0,,,,,False,False,False,0.0,0.0
I-95 HOV NB,HOV,110+04666,2025-10-01,14.0,2.393864,3,71.0,50.204581464244875,6000.0,96,0.5,free_flow_speed,35.5,0.5,0.7071067811865476,False,0.0,0.0,0.0,,,,,False,False,False,0.0,0.0
I-95 HOV NB,HOV,110+04666,2025-10-02,14.0,2.393864,3,71.0,50.204581464244875,6000.0,96,0.5,free_flow_speed,35.5,0.5,0.7071067811865476,False,0.0,0.0,0.0,,,,,False,False,False,0.0,0.0
I-95 HOV NB,HOV,110+04666,2025-10-03,14.0,2.393864,3,71.0,50.204581464244875,6000.0,96,0.5,free_flow_speed,35.5,0.5,0.7071067811865476,False,0.0,0.0,0.0,,,,,False,False,False,0.0,0.0
I-95 HOV NB,HOV,110+04666,2025-10-06,14.0,2.393864,3,71.0,50.204581464244875,6000.0,96,0.5,free_flow_speed,35.5,0.5,0.7071067811865476,False,0.0,0.0,0.0,,,,,False,False,False,0.0,0.0
I-95 HOV NB,HOV,110+04666,2025-10-07,14.0,2.393864,3,71.0,50.204581464244875,6000.0,96,0.5,free_flow_speed,35.5,0.5,0.7071067811865476,False,0.0,0.0,0.0,,,,,False,False,False,0.0,0.0
I-95 HOV NB,HOV,110+04666,2025-10-08,14.0,2.393864,3,71.0,50.204581464244875,6000.0,96,0.5,free_flow_speed,35.5,0.5,0.7071067811865476,False,0.0,0.0,0.0,,,,,False,False,False,0.0,0.0
I-95 HOV NB,HOV,110+04666,2025-10-09,14.0,2.393864,3,71.0,50.204581464244875,6000.0,96,0.5,free_flow_speed,35.5,0.5,0.7071067811865476,False,0.0,0.0,0.0,,,,,False,False,False,0.0,0.0
I-95 HOV NB,HOV,110+04666,2025-10-10,14.0,2.393864,3,71.0,50.204581464244875,6000.0,96,0.5,free_flow_speed,35.5,0.5,0.7071067811865476,False,0.0,0.0,0.0,,,,,False,False,False,0.0,0.0
I-95 HOV NB,HOV,110+04666,2025-10-13,14.0,2.393864,3,71.0,50.204581464244875,6000.0,96,0.5,free_flow_speed,35.5,0.5,0.7071067811865476,False,0.0,0.0,0.0,,,,,False,False,False,0.0,0.0
I-95 HOV NB,HOV,110+04666,2025-10-14,14.0,2.393864,3,71.0,50.204581464244875,6000.0,96,0.5,free_flow_speed,35.5,0.5,0.7071067811865476,False,0.0,0.0,0.0,,,,,False,False,False,0.0,0.0
I-95 HOV NB,HOV,110+04666,2025-10-15,14.0,2.393864,3,71.0,50.204581464244875,6000.0,96,0.5,free_flow_speed,35.5,0.5,0.7071067811865476,False,0.0,0.0,0.0,,,,,False,False,False,0.0,0.0
I-95 HOV NB,HOV,110+04666,2025-10-16,14.0,2.393864,3,71.0,50.204581464244875,6000.0,96,0.5,free_flow_speed,35.5,0.5,0.7071067811865476,False,0.0,0.0,0.0,,,,,False,False,False,0.0,0.0
I-95 HOV NB,HOV,110+04666,2025-10-17,14.0,2.393864,3,71.0,50.204581464244875,6000.0,96,0.5,free_flow_speed,35.5,0.5,0.7071067811865476,False,0.0,0.0,0.0,,,,,False,False,False,0.0,0.0
I-95 HOV NB,HOV,110+04666,2025-10-20,14.0,2.393864,3,71.0,50.204581464244875,6000.0,96,0.5,free_flow_speed,35.5,0.5,0.7071067811865476,False,0.0,0.0,0.0,,,,,False,False,False,0.0,0.0
I-95 HOV NB,HOV,110+04666,2025-10-21,14.0,2.393864,3,71.0,50.204581464244875,6000.0,96,0.5,free_flow_speed,35.5,0.5,0.7071067811865476,False,0.0,0.0,0.0,,,,,False,False,False,0.0,0.0
I-95 HOV NB,HOV,110+04666,2025-10-22,14.0,2.393864,3,71.0,50.204581464244875,6000.0,96,0.5,free_flow_speed,35.5,0.5,0.7071067811865476,False,0.0,0.0,0.0,,,,,False,False,False,0.0,0.0
I-95 HOV NB,HOV,110+04666,2025-10-23,14.0,2.393864,3,71.0,50.204581464244875,6000.0,96,0.5,free_flow_speed,35.5,0.5,0.7071067811865476,False,0.0,0.0,0.0,,,,,False,False,False,0.0,0.0
I-95 HOV NB,HOV,110+04666,2025-10-24,14.0,2.393864,3,71.0,50.204581464244875,6000.0,96,0.5,free_flow_speed,35.5,0.5,0.7071067811865476,False,0.0,0.0,0.0,,,,,False,False,False,0.0,0.0
I-95 HOV NB,HOV,110+04666,2025-10-27,14.0,2.393864,3,71.0,50.204581464244875,6000.0,96,0.5,free_flow_speed,35.5,0.5,0.7071067811865476,False,0.0,0.0,0.0,,,,,False,False,False,0.0,0.0
I-95 HOV NB,HOV,110+04666,2025-10-28,14.0,2.393864,3,71.0,50.204581464244875,6000.0,96,0.5,free_flow_speed,35.5,0.5,0.7071067811865476,False,0.0,0.0,0.0,,,,,False,False,False,0.0,0.0
I-95 HOV NB,HOV,110+04666,2025-10-29,14.0,2.393864,3,71.0,50.204581464244875,6000.0,96,0.5,free_flow_speed,35.5,0.5,0.7071067811865476,False,0.0,0.0,0.0,,,,,False,False,False,0.0,0.0
I-95 HOV NB,HOV,110+04666,2025-10-30,14.0,2.393864,3,71.0,50.204581464244875,6000.0,96,0.5,free_flow_speed,35.5,0.5,0.7071067811865476,False,0.0,0.0,0.0,,,,,False,False,False,0.0,0.0
I-95 HOV NB,HOV,110+04666,2025-10-31,14.0,2.393864,3,71.0,50.204581464244875,6000.0,96,0.5,free_flow_speed,35.5,0.5,0.7071067811865476,False,0.0,0.0,0.0,,,,,False,False,False,0.0,0.0
I-95 HOV NB,HOV,110P04666,2025-10-01,15.0,0.517445,3,70.0,49.49747468305833,6000.0,96,0.5,free_flow_speed,35.0,0.5,0.7071067811865475,False,0.0,0.0,0.0,,,,,False,False,False,0.0,0.0
I-95 HOV NB,HOV,110P04666,2025-10-02,15.0,0.517445,3,70.0,49.49747468305833,6000.0,96,0.5,free_flow_speed,35.0,0.5,0.7071067811865475,False,0.0,0.0,0.0,,,,,False,False,False,0.0,0.0
I-95 HOV NB,HOV,110P04666,2025-10-03,15.0,0.517445,3,70.0,49.49747468305833,6000.0,96,0.5,free_flow_speed,35.0,0.5,0.7071067811865475,False,0.0,0.0,0.0,,,,,False,False,False,0.0,0.0
I-95 HOV NB,HOV,110P04666,2025-10-06,15.0,0.517445,3,70.0,49.49747468305833,6000.0,96,0.5,free_flow_speed,35.0,0.5,0.7071067811865475,False,0.0,0.0,0.0,,,,,False,False,False,0.0,0.0
I-95 HOV NB,HOV,110P04666,2025-10-07,15.0,0.517445,3,70.0,49.49747468305833,6000.0,96,0.5,free_flow_speed,35.0,0.5,0.7071067811865475,False,0.0,0.0,0.0,,,,,False,False,False,0.0,0.0
I-95 HOV NB,HOV,110P04666,2025-10-08,15.0,0.517445,3,70.0,49.49747468305833,6000.0,96,0.5,free_flow_speed,35.0,0.5,0.7071067811865475,False,0.0,0.0,0.0,,,,,False,False,False,0.0,0.0
I-95 HOV NB,HOV,110P04666,2025-10-09,15.0,0.517445,3,70.0,49.49747468305833,6000.0,96,0.5,free_flow_speed,35.0,0.5,0.7071067811865475,False,0.0,0.0,0.0,,,,,False,False,False,0.0,0.0
I-95 HOV NB,HOV,110P04666,2025-10-10,15.0,0.517445,3,70.0,49.49747468305833,6000.0,96,0.5,free_flow_speed,35.0,0.5,0.7071067811865475,False,0.0,0.0,0.0,,,,,False,False,False,0.0,0.0
I-95 HOV NB,HOV,110P04666,2025-10-13,15.0,0.517445,3,70.0,49.49747468305833,6000.0,96,0.5,free_flow_speed,35.0,0.5,0.7071067811865475,False,0.0,0.0,0.0,,,,,False,False,False,0.0,0.0
I-95 HOV NB,HOV,110P04666,2025-10-14,15.0,0.517445,3,70.0,49.49747468305833,6000.0,96,0.5,free_flow_speed,35.0,0.5,0.7071067811865475,False,0.0,0.0,0.0,,,,,False,False,False,0.0,0.0
I-95 HOV NB,HOV,110P04666,2025-10-15,15.0,0.517445,3,70.0,49.49747468305833,6000.0,96,0.5,free_flow_speed,35.0,0.5,0.7071067811865475,False,0.0,0.0,0.0,,,,,False,False,False,0.0,0.0
I-95 HOV NB,HOV,110P04666,2025-10-16,15.0,0.517445,3,70.0,49.49747468305833,6000.0,96,0.5,free_flow_speed,35.0,0.5,0.7071067811865475,False,0.0,0.0,0.0,,,,,False,False,False,0.0,0.0
I-95 HOV NB,HOV,110P04666,2025-10-17,15.0,0.517445,3,70.0,49.49747468305833,6000.0,96,0.5,free_flow_speed,35.0,0.5,0.7071067811865475,False,0.0,0.0,0.0,,,,,False,False,False,0.0,0.0
I-95 HOV NB,HOV,110P04666,2025-10-20,15.0,0.517445,3,70.0,49.49747468305833,6000.0,96,0.5,free_flow_speed,35.0,0.5,0.7071067811865475,False,0.0,0.0,0.0,,,,,False,False,False,0.0,0.0
I-95 HOV NB,HOV,110P04666,2025-10-21,15.0,0.517445,3,70.0,49.49747468305833,6000.0,96,0.5,free_flow_speed,35.0,0.5,0.7071067811865475,False,0.0,0.0,0.0,,,,,False,False,False,0.0,0.0
I-95 HOV NB,HOV,110P04666,2025-10-22,15.0,0.517445,3,70.0,49.49747468305833,6000.0,96,0.5,free_flow_speed,35.0,0.5,0.7071067811865475,False,0.0,0.0,0.0,,,,,False,False,False,0.0,0.0
I-95 HOV NB,HOV,110P04666,2025-10-23,15.0,0.517445,3,70.0,49.49747468305833,6000.0,96,0.5,free_flow_speed,35.0,0.5,0.7071067811865475,False,0.0,0.0,0.0,,,,,False,False,False,0.0,0.0
I-95 HOV NB,HOV,110P04666,2025-10-24,15.0,0.517445,3,70.0,49.49747468305833,6000.0,96,0.5,free_flow_speed,35.0,0.5,0.7071067811865475,False,0.0,0.0,0.0,,,,,False,False,False,0.0,0.0
I-95 HOV NB,HOV,110P04666,2025-10-27,15.0,0.517445,3,70.0,49.49747468305833,6000.0,96,0.5,free_flow_speed,35.0,0.5,0.7071067811865475,False,0.0,0.0,0.0,,,,,False,False,False,0.0,0.0
I-95 HOV NB,HOV,110P04666,2025-10-28,15.0,0.517445,3,70.0,49.49747468305833,6000.0,96,0.5,free_flow_speed,35.0,0.5,0.7071067811865475,False,0.0,0.0,0.0,,,,,False,False,False,0.0,0.0
I-95 HOV NB,HOV,110P04666,2025-10-29,15.0,0.517445,3,70.0,49.49747468305833,6000.0,96,0.5,free_flow_speed,35.0,0.5,0.7071067811865475,False,0.0,0.0,0.0,,,,,False,False,False,0.0,0.0
I-95 HOV NB,HOV,110P04666,2025-10-30,15.0,0.517445,3,70.0,49.49747468305833,6000.0,96,0.5,free_flow_speed,35.0,0.5,0.7071067811865475,False,0.0,0.0,0.0,,,,,False,False,False,0.0,0.0
I-95 HOV NB,HOV,110P04666,2025-10-31,15.0,0.517445,3,70.0,49.49747468305833,6000.0,96,0.5,free_flow_speed,35.0,0.5,0.7071067811865475,False,0.0,0.0,0.0,,,,,False,False,False,0.0,0.0
I-95 HOV NB,HOV,110+04667,2025-10-01,16.0,0.06036,3,71.0,50.204581464244875,6000.0,96,0.5,free_flow_speed,35.5,0.5,0.7071067811865476,False,0.0,0.0,0.0,,,,,False,False,False,0.0,0.0
I-95 HOV NB,HOV,110+04667,2025-10-02,16.0,0.06036,3,71.0,50.204581464244875,6000.0,96,0.5,free_flow_speed,35.5,0.5,0.7071067811865476,False,0.0,0.0,0.0,,,,,False,False,False,0.0,0.0
I-95 HOV NB,HOV,110+04667,2025-10-03,16.0,0.06036,3,71.0,50.204581464244875,6000.0,96,0.5,free_flow_speed,35.5,0.5,0.7071067811865476,False,0.0,0.0,0.0,,,,,False,False,False,0.0,0.0
I-95 HOV NB,HOV,110+04667,2025-10-06,16.0,0.06036,3,71.0,50.204581464244875,6000.0,96,0.5,free_flow_speed,35.5,0.5,0.7071067811865476,False,0.0,0.0,0.0,,,,,False,False,False,0.0,0.0
I-95 HOV NB,HOV,110+04667,2025-10-07,16.0,0.06036,3,71.0,50.204581464244875,6000.0,96,0.5,free_flow_speed,35.5,0.5,0.7071067811865476,False,0.0,0.0,0.0,,,,,False,False,False,0.0,0.0
I-95 HOV NB,HOV,110+04667,2025-10-08,16.0,0.06036,3,71.0,50.204581464244875,6000.0,96,0.5,free_flow_speed,35.5,0.5,0.7071067811865476,False,0.0,0.0,0.0,,,,,False,False,False,0.0,0.0
I-95 HOV NB,HOV,110+04667,2025-10-09,16.0,0.06036,3,71.0,50.204581464244875,6000.0,96,0.5,free_flow_speed,35.5,0.5,0.7071067811865476,False,0.0,0.0,0.0,,,,,False,False,False,0.0,0.0
I-95 HOV NB,HOV,110+04667,2025-10-10,16.0,0.06036,3,71.0,50.204581464244875,6000.0,96,0.5,free_flow_speed,35.5,0.5,0.7071067811865476,False,0.0,0.0,0.0,,,,,False,False,False,0.0,0.0
I-95 HOV NB,HOV,110+04667,2025-10-13,16.0,0.06036,3,71.0,50.204581464244875,6000.0,96,0.5,free_flow_speed,35.5,0.5,0.7071067811865476,False,0.0,0.0,0.0,,,,,False,False,False,0.0,0.0
I-95 HOV NB,HOV,110+04667,2025-10-14,16.0,0.06036,3,71.0,50.204581464244875,6000.0,96,0.5,free_flow_speed,35.5,0.5,0.7071067811865476,False,0.0,0.0,0.0,,,,,False,False,False,0.0,0.0
I-95 HOV NB,HOV,110+04667,2025-10-15,16.0,0.06036,3,71.0,50.204581464244875,6000.0,96,0.5,free_flow_speed,35.5,0.5,0.7071067811865476,False,0.0,0.0,0.0,,,,,False,False,False,0.0,0.0
I-95 HOV NB,HOV,110+04667,2025-10-16,16.0,0.06036,3,71.0,50.204581464244875,6000.0,96,0.5,free_flow_speed,35.5,0.5,0.7071067811865476,False,0.0,0.0,0.0,,,,,False,False,False,0.0,0.0
I-95 HOV NB,HOV,110+04667,2025-10-17,16.0,0.06036,3,71.0,50.204581464244875,6000.0,96,0.5,free_flow_speed,35.5,0.5,0.7071067811865476,False,0.0,0.0,0.0,,,,,False,False,False,0.0,0.0
I-95 HOV NB,HOV,110+04667,2025-10-20,16.0,0.06036,3,71.0,50.204581464244875,6000.0,96,0.5,free_flow_speed,35.5,0.5,0.7071067811865476,False,0.0,0.0,0.0,,,,,False,False,False,0.0,0.0
I-95 HOV NB,HOV,110+04667,2025-10-21,16.0,0.06036,3,71.0,50.204581464244875,6000.0,96,0.5,free_flow_speed,35.5,0.5,0.7071067811865476,False,0.0,0.0,0.0,,,,,False,False,False,0.0,0.0
I-95 HOV NB,HOV,110+04667,2025-10-22,16.0,0.06036,3,71.0,50.204581464244875,6000.0,96,0.5,free_flow_speed,35.5,0.5,0.7071067811865476,False,0.0,0.0,0.0,,,,,False,False,False,0.0,0.0
I-95 HOV NB,HOV,110+04667,2025-10-23,16.0,0.06036,3,71.0,50.204581464244875,6000.0,96,0.5,free_flow_speed,35.5,0.5,0.7071067811865476,False,0.0,0.0,0.0,,,,,False,False,False,0.0,0.0
I-95 HOV NB,HOV,110+04667,2025-10-24,16.0,0.06036,3,71.0,50.204581464244875,6000.0,96,0.5,free_flow_speed,35.5,0.5,0.7071067811865476,False,0.0,0.0,0.0,,,,,False,False,False,0.0,0.0
I-95 HOV NB,HOV,110+04667,2025-10-27,16.0,0.06036,3,71.0,50.204581464244875,6000.0,96,0.5,free_flow_speed,35.5,0.5,0.7071067811865476,False,0.0,0.0,0.0,,,,,False,False,False,0.0,0.0
I-95 HOV NB,HOV,110+04667,2025-10-28,16.0,0.06036,3,71.0,50.204581464244875,6000.0,96,0.5,free_flow_speed,35.5,0.5,0.7071067811865476,False,0.0,0.0,0.0,,,,,False,False,False,0.0,0.0
I-95 HOV NB,HOV,110+04667,2025-10-29,16.0,0.06036,3,71.0,50.204581464244875,6000.0,96,0.5,free_flow_speed,35.5,0.5,0.7071067811865476,False,0.0,0.0,0.0,,,,,False,False,False,0.0,0.0
I-95 HOV NB,HOV,110+04667,2025-10-30,16.0,0.06036,3,71.0,50.204581464244875,6000.0,96,0.5,free_flow_speed,35.5,0.5,0.7071067811865476,False,0.0,0.0,0.0,,,,,False,False,False,0.0,0.0
I-95 HOV NB,HOV,110+04667,2025-10-31,16.0,0.06036,3,71.0,50.204581464244875,6000.0,96,0.5,free_flow_speed,35.5,0.5,0.7071067811865476,False,0.0,0.0,0.0,,,,,False,False,False,0.0,0.0
I-95 HOV NB,HOV,110P04667,2025-10-01,17.0,1.150254,3,71.0,50.204581464244875,6000.0,96,0.5,free_flow_speed,35.5,0.5,0.7071067811865476,False,0.0,0.0,0.0,,,,,False,False,False,0.0,0.0
I-95 HOV NB,HOV,110P04667,2025-10-02,17.0,1.150254,3,71.0,50.204581464244875,6000.0,96,0.5,free_flow_speed,35.5,0.5,0.7071067811865476,False,0.0,0.0,0.0,,,,,False,False,False,0.0,0.0
I-95 HOV NB,HOV,110P04667,2025-10-03,17.0,1.150254,3,71.0,50.204581464244875,6000.0,96,0.5,free_flow_speed,35.5,0.5,0.7071067811865476,False,0.0,0.0,0.0,,,,,False,False,False,0.0,0.0
I-95 HOV NB,HOV,110P04667,2025-10-06,17.0,1.150254,3,71.0,50.204581464244875,6000.0,96,0.5,free_flow_speed,35.5,0.5,0.7071067811865476,False,0.0,0.0,0.0,,,,,False,False,False,0.0,0.0
I-95 HOV NB,HOV,110P04667,2025-10-07,17.0,1.150254,3,71.0,50.204581464244875,6000.0,96,0.5,free_flow_speed,35.5,0.5,0.7071067811865476,False,0.0,0.0,0.0,,,,,False,False,False,0.0,0.0
I-95 HOV NB,HOV,110P04667,2025-10-08,17.0,1.150254,3,71.0,50.204581464244875,6000.0,96,0.5,free_flow_speed,35.5,0.5,0.7071067811865476,False,0.0,0.0,0.0,,,,,False,False,False,0.0,0.0
I-95 HOV NB,HOV,110P04667,2025-10-09,17.0,1.150254,3,71.0,50.204581464244875,6000.0,96,0.5,free_flow_speed,35.5,0.5,0.7071067811865476,False,0.0,0.0,0.0,,,,,False,False,False,0.0,0.0
I-95 HOV NB,HOV,110P04667,2025-10-10,17.0,1.150254,3,71.0,50.204581464244875,6000.0,96,0.5,free_flow_speed,35.5,0.5,0.7071067811865476,False,0.0,0.0,0.0,,,,,False,False,False,0.0,0.0
I-95 HOV NB,HOV,110P04667,2025-10-13,17.0,1.150254,3,71.0,50.204581464244875,6000.0,96,0.5,free_flow_speed,35.5,0.5,0.7071067811865476,False,0.0,0.0,0.0,,,,,False,False,False,0.0,0.0
I-95 HOV NB,HOV,110P04667,2025-10-14,17.0,1.150254,3,71.0,50.204581464244875,6000.0,96,0.5,free_flow_speed,35.5,0.5,0.7071067811865476,False,0.0,0.0,0.0,,,,,False,False,False,0.0,0.0
I-95 HOV NB,HOV,110P04667,2025-10-15,17.0,1.150254,3,71.0,50.204581464244875,6000.0,96,0.5,free_flow_speed,35.5,0.5,0.7071067811865476,False,0.0,0.0,0.0,,,,,False,False,False,0.0,0.0
I-95 HOV NB,HOV,110P04667,2025-10-16,17.0,1.150254,3,71.0,50.204581464244875,6000.0,96,0.5,free_flow_speed,35.5,0.5,0.7071067811865476,False,0.0,0.0,0.0,,,,,False,False,False,0.0,0.0
I-95 HOV NB,HOV,110P04667,2025-10-17,17.0,1.150254,3,71.0,50.204581464244875,6000.0,96,0.5,free_flow_speed,35.5,0.5,0.7071067811865476,False,0.0,0.0,0.0,,,,,False,False,False,0.0,0.0
I-95 HOV NB,HOV,110P04667,2025-10-20,17.0,1.150254,3,71.0,50.204581464244875,6000.0,96,0.5,free_flow_speed,35.5,0.5,0.7071067811865476,False,0.0,0.0,0.0,,,,,False,False,False,0.0,0.0
I-95 HOV NB,HOV,110P04667,2025-10-21,17.0,1.150254,3,71.0,50.204581464244875,6000.0,96,0.5,free_flow_speed,35.5,0.5,0.7071067811865476,False,0.0,0.0,0.0,,,,,False,False,False,0.0,0.0
I-95 HOV NB,HOV,110P04667,2025-10-22,17.0,1.150254,3,71.0,50.204581464244875,6000.0,96,0.5,free_flow_speed,35.5,0.5,0.7071067811865476,False,0.0,0.0,0.0,,,,,False,False,False,0.0,0.0
I-95 HOV NB,HOV,110P04667,2025-10-23,17.0,1.150254,3,71.0,50.204581464244875,6000.0,96,0.5,free_flow_speed,35.5,0.5,0.7071067811865476,False,0.0,0.0,0.0,,,,,False,False,False,0.0,0.0
I-95 HOV NB,HOV,110P04667,2025-10-24,17.0,1.150254,3,71.0,50.204581464244875,6000.0,96,0.5,free_flow_speed,35.5,0.5,0.7071067811865476,False,0.0,0.0,0.0,,,,,False,False,False,0.0,0.0
I-95 HOV NB,HOV,110P04667,2025-10-27,17.0,1.150254,3,71.0,50.204581464244875,6000.0,96,0.5,free_flow_speed,35.5,0.5,0.7071067811865476,False,0.0,0.0,0.0,,,,,False,False,False,0.0,0.0
I-95 HOV NB,HOV,110P04667,2025-10-28,17.0,1.150254,3,71.0,50.204581464244875,6000.0,96,0.5,free_flow_speed,35.5,0.5,0.7071067811865476,False,0.0,0.0,0.0,,,,,False,False,False,0.0,0.0
I-95 HOV NB,HOV,110P04667,2025-10-29,17.0,1.150254,3,71.0,50.204581464244875,6000.0,96,0.5,free_flow_speed,35.5,0.5,0.7071067811865476,False,0.0,0.0,0.0,,,,,False,False,False,0.0,0.0
I-95 HOV NB,HOV,110P04667,2025-10-30,17.0,1.150254,3,71.0,50.204581464244875,6000.0,96,0.5,free_flow_speed,35.5,0.5,0.7071067811865476,False,0.0,0.0,0.0,,,,,False,False,False,0.0,0.0
I-95 HOV NB,HOV,110P04667,2025-10-31,17.0,1.150254,3,71.0,50.204581464244875,6000.0,96,0.5,free_flow_speed,35.5,0.5,0.7071067811865476,False,0.0,0.0,0.0,,,,,False,False,False,0.0,0.0
I-95 HOV NB,HOV,110+04668,2025-10-01,18.0,0.285469,3,71.0,50.204581464244875,6000.0,96,0.5,free_flow_speed,35.5,0.5,0.7071067811865476,False,0.0,0.0,0.0,,,,,False,False,False,0.0,0.0
I-95 HOV NB,HOV,110+04668,2025-10-02,18.0,0.285469,3,71.0,50.204581464244875,6000.0,96,0.5,free_flow_speed,35.5,0.5,0.7071067811865476,False,0.0,0.0,0.0,,,,,False,False,False,0.0,0.0
I-95 HOV NB,HOV,110+04668,2025-10-03,18.0,0.285469,3,71.0,50.204581464244875,6000.0,96,0.5,free_flow_speed,35.5,0.5,0.7071067811865476,False,0.0,0.0,0.0,,,,,False,False,False,0.0,0.0
I-95 HOV NB,HOV,110+04668,2025-10-06,18.0,0.285469,3,71.0,50.204581464244875,6000.0,96,0.5,free_flow_speed,35.5,0.5,0.7071067811865476,False,0.0,0.0,0.0,,,,,False,False,False,0.0,0.0
I-95 HOV NB,HOV,110+04668,2025-10-07,18.0,0.285469,3,71.0,50.204581464244875,6000.0,96,0.5,free_flow_speed,35.5,0.5,0.7071067811865476,False,0.0,0.0,0.0,,,,,False,False,False,0.0,0.0
I-95 HOV NB,HOV,110+04668,2025-10-08,18.0,0.285469,3,71.0,50.204581464244875,6000.0,96,0.5,free_flow_speed,35.5,0.5,0.7071067811865476,False,0.0,0.0,0.0,,,,,False,False,False,0.0,0.0
I-95 HOV NB,HOV,110+04668,2025-10-09,18.0,0.285469,3,71.0,50.204581464244875,6000.0,96,0.5,free_flow_speed,35.5,0.5,0.7071067811865476,False,0.0,0.0,0.0,,,,,False,False,False,0.0,0.0
I-95 HOV NB,HOV,110+04668,2025-10-10,18.0,0.285469,3,71.0,50.204581464244875,6000.0,96,0.5,free_flow_speed,35.5,0.5,0.7071067811865476,False,0.0,0.0,0.0,,,,,False,False,False,0.0,0.0
I-95 HOV NB,HOV,110+04668,2025-10-13,18.0,0.285469,3,71.0,50.204581464244875,6000.0,96,0.5,free_flow_speed,35.5,0.5,0.7071067811865476,False,0.0,0.0,0.0,,,,,False,False,False,0.0,0.0
I-95 HOV NB,HOV,110+04668,2025-10-14,18.0,0.285469,3,71.0,50.204581464244875,6000.0,96,0.5,free_flow_speed,35.5,0.5,0.7071067811865476,False,0.0,0.0,0.0,,,,,False,False,False,0.0,0.0
I-95 HOV NB,HOV,110+04668,2025-10-15,18.0,0.285469,3,71.0,50.204581464244875,6000.0,96,0.5,free_flow_speed,35.5,0.5,0.7071067811865476,False,0.0,0.0,0.0,,,,,False,False,False,0.0,0.0
I-95 HOV NB,HOV,110+04668,2025-10-16,18.0,0.285469,3,71.0,50.204581464244875,6000.0,96,0.5,free_flow_speed,35.5,0.5,0.7071067811865476,False,0.0,0.0,0.0,,,,,False,False,False,0.0,0.0
I-95 HOV NB,HOV,110+04668,2025-10-17,18.0,0.285469,3,71.0,50.204581464244875,6000.0,96,0.5,free_flow_speed,35.5,0.5,0.7071067811865476,False,0.0,0.0,0.0,,,,,False,False,False,0.0,0.0
I-95 HOV NB,HOV,110+04668,2025-10-20,18.0,0.285469,3,71.0,50.204581464244875,6000.0,96,0.5,free_flow_speed,35.5,0.5,0.7071067811865476,False,0.0,0.0,0.0,,,,,False,False,False,0.0,0.0
I-95 HOV NB,HOV,110+04668,2025-10-21,18.0,0.285469,3,71.0,50.204581464244875,6000.0,96,0.5,free_flow_speed,35.5,0.5,0.7071067811865476,False,0.0,0.0,0.0,,,,,False,False,False,0.0,0.0
I-95 HOV NB,HOV,110+04668,2025-10-22,18.0,0.285469,3,71.0,50.204581464244875,6000.0,96,0.5,free_flow_speed,35.5,0.5,0.7071067811865476,False,0.0,0.0,0.0,,,,,False,False,False,0.0,0.0
I-95 HOV NB,HOV,110+04668,2025-10-23,18.0,0.285469,3,71.0,50.204581464244875,6000.0,96,0.5,free_flow_speed,35.5,0.5,0.7071067811865476,False,0.0,0.0,0.0,,,,,False,False,False,0.0,0.0
I-95 HOV NB,HOV,110+04668,2025-10-24,18.0,0.285469,3,71.0,50.204581464244875,6000.0,96,0.5,free_flow_speed,35.5,0.5,0.7071067811865476,False,0.0,0.0,0.0,,,,,False,False,False,0.0,0.0
I-95 HOV NB,HOV,110+04668,2025-10-27,18.0,0.285469,3,71.0,50.204581464244875,6000.0,96,0.5,free_flow_speed,35.5,0.5,0.7071067811865476,False,0.0,0.0,0.0,,,,,False,False,False,0.0,0.0
I-95 HOV NB,HOV,110+04668,2025-10-28,18.0,0.285469,3,71.0,50.204581464244875,6000.0,96,0.5,free_flow_speed,35.5,0.5,0.7071067811865476,False,0.0,0.0,0.0,,,,,False,False,False,0.0,0.0
I-95 HOV NB,HOV,110+04668,2025-10-29,18.0,0.285469,3,71.0,50.204581464244875,6000.0,96,0.5,free_flow_speed,35.5,0.5,0.7071067811865476,False,0.0,0.0,0.0,,,,,False,False,False,0.0,0.0
I-95 HOV NB,HOV,110+04668,2025-10-30,18.0,0.285469,3,71.0,50.204581464244875,6000.0,96,0.5,free_flow_speed,35.5,0.5,0.7071067811865476,False,0.0,0.0,0.0,,,,,False,False,False,0.0,0.0
I-95 HOV NB,HOV,110+04668,2025-10-31,18.0,0.285469,3,71.0,50.204581464244875,6000.0,96,0.5,free_flow_speed,35.5,0.5,0.7071067811865476,False,0.0,0.0,0.0,,,,,False,False,False,0.0,0.0
I-95 HOV NB,HOV,110P04668,2025-10-01,19.0,0.690683,3,70.0,49.49747468305833,6000.0,96,0.5,free_flow_speed,35.0,0.5,0.7071067811865475,False,0.0,0.0,0.0,,,,,False,False,False,0.0,0.0
I-95 HOV NB,HOV,110P04668,2025-10-02,19.0,0.690683,3,70.0,49.49747468305833,6000.0,96,0.5,free_flow_speed,35.0,0.5,0.7071067811865475,False,0.0,0.0,0.0,,,,,False,False,False,0.0,0.0
I-95 HOV NB,HOV,110P04668,2025-10-03,19.0,0.690683,3,70.0,49.49747468305833,6000.0,96,0.5,free_flow_speed,35.0,0.5,0.7071067811865475,False,0.0,0.0,0.0,,,,,False,False,False,0.0,0.0
I-95 HOV NB,HOV,110P04668,2025-10-06,19.0,0.690683,3,70.0,49.49747468305833,6000.0,96,0.5,free_flow_speed,35.0,0.5,0.7071067811865475,False,0.0,0.0,0.0,,,,,False,False,False,0.0,0.0
I-95 HOV NB,HOV,110P04668,2025-10-07,19.0,0.690683,3,70.0,49.49747468305833,6000.0,96,0.5,free_flow_speed,35.0,0.5,0.7071067811865475,False,0.0,0.0,0.0,,,,,False,False,False,0.0,0.0
I-95 HOV NB,HOV,110P04668,2025-10-08,19.0,0.690683,3,70.0,49.49747468305833,6000.0,96,0.5,free_flow_speed,35.0,0.5,0.7071067811865475,False,0.0,0.0,0.0,,,,,False,False,False,0.0,0.0
I-95 HOV NB,HOV,110P04668,2025-10-09,19.0,0.690683,3,70.0,49.49747468305833,6000.0,96,0.5,free_flow_speed,35.0,0.5,0.7071067811865475,False,0.0,0.0,0.0,,,,,False,False,False,0.0,0.0
I-95 HOV NB,HOV,110P04668,2025-10-10,19.0,0.690683,3,70.0,49.49747468305833,6000.0,95,0.5,free_flow_speed,35.0,0.5,0.7071067811865475,False,0.0,0.0,0.0,,,,,False,False,False,0.0,0.0
I-95 HOV NB,HOV,110P04668,2025-10-13,19.0,0.690683,3,70.0,49.49747468305833,6000.0,96,0.5,free_flow_speed,35.0,0.5,0.7071067811865475,False,0.0,0.0,0.0,,,,,False,False,False,0.0,0.0
I-95 HOV NB,HOV,110P04668,2025-10-14,19.0,0.690683,3,70.0,49.49747468305833,6000.0,96,0.5,free_flow_speed,35.0,0.5,0.7071067811865475,True,0.7835160981762906,4107.330551014813,0.6845550918358022,464.59709814737096,511.6080640379484,14.50111111111111,495.0,False,False,True,0.541161249236695,0.690683
I-95 HOV NB,HOV,110P04668,2025-10-15,19.0,0.690683,3,70.0,49.49747468305833,6000.0,96,0.5,free_flow_speed,35.0,0.5,0.7071067811865475,False,0.0,0.0,0.0,,,,,False,False,False,0.0,0.0
I-95 HOV NB,HOV,110P04668,2025-10-16,19.0,0.690683,3,70.0,49.49747468305833,6000.0,96,0.5,free_flow_speed,35.0,0.5,0.7071067811865475,False,0.0,0.0,0.0,,,,,False,False,False,0.0,0.0
I-95 HOV NB,HOV,110P04668,2025-10-17,19.0,0.690683,3,70.0,49.49747468305833,6000.0,96,0.5,free_flow_speed,35.0,0.5,0.7071067811865475,False,0.0,0.0,0.0,,,,,False,False,False,0.0,0.0
I-95 HOV NB,HOV,110P04668,2025-10-20,19.0,0.690683,3,70.0,49.49747468305833,6000.0,96,0.5,free_flow_speed,35.0,0.5,0.7071067811865475,False,0.0,0.0,0.0,,,,,False,False,False,0.0,0.0
I-95 HOV NB,HOV,110P04668,2025-10-21,19.0,0.690683,3,70.0,49.49747468305833,6000.0,96,0.5,free_flow_speed,35.0,0.5,0.7071067811865475,False,0.0,0.0,0.0,,,,,False,False,False,0.0,0.0
I-95 HOV NB,HOV,110P04668,2025-10-22,19.0,0.690683,3,70.0,49.49747468305833,6000.0,96,0.5,free_flow_speed,35.0,0.5,0.7071067811865475,False,0.0,0.0,0.0,,,,,False,False,False,0.0,0.0
I-95 HOV NB,HOV,110P04668,2025-10-23,19.0,0.690683,3,70.0,49.49747468305833,6000.0,96,0.5,free_flow_speed,35.0,0.5,0.7071067811865475,False,0.0,0.0,0.0,,,,,False,False,False,0.0,0.0
I-95 HOV NB,HOV,110P04668,2025-10-24,19.0,0.690683,3,70.0,49.49747468305833,6000.0,96,0.5,free_flow_speed,35.0,0.5,0.7071067811865475,False,0.0,0.0,0.0,,,,,False,False,False,0.0,0.0
I-95 HOV NB,HOV,110P04668,2025-10-27,19.0,0.690683,3,70.0,49.49747468305833,6000.0,96,0.5,free_flow_speed,35.0,0.5,0.7071067811865475,False,0.0,0.0,0.0,,,,,False,False,False,0.0,0.0
I-95 HOV NB,HOV,110P04668,2025-10-28,19.0,0.690683,3,70.0,49.49747468305833,6000.0,96,0.5,free_flow_speed,35.0,0.5,0.7071067811865475,False,0.0,0.0,0.0,,,,,False,False,False,0.0,0.0
I-95 HOV NB,HOV,110P04668,2025-10-29,19.0,0.690683,3,70.0,49.49747468305833,6000.0,96,0.5,free_flow_speed,35.0,0.5,0.7071067811865475,False,0.0,0.0,0.0,,,,,False,False,False,0.0,0.0
I-95 HOV NB,HOV,110P04668,2025-10-30,19.0,0.690683,3,70.0,49.49747468305833,6000.0,96,0.5,free_flow_speed,35.0,0.5,0.7071067811865475,False,0.0,0.0,0.0,,,,,False,False,False,0.0,0.0
I-95 HOV NB,HOV,110P04668,2025-10-31,19.0,0.690683,3,70.0,49.49747468305833,6000.0,96,0.5,free_flow_speed,35.0,0.5,0.7071067811865475,False,0.0,0.0,0.0,,,,,False,False,False,0.0,0.0
I-95 HOV NB,HOV,110+04669,2025-10-01,20.0,0.233731,3,69.7665,49.33236524965127,6000.0,96,0.5,free_flow_speed,34.88325,0.5,0.7071067811865475,False,0.0,0.0,0.0,,,,,False,False,False,0.0,0.0
I-95 HOV NB,HOV,110+04669,2025-10-02,20.0,0.233731,3,69.7665,49.33236524965127,6000.0,96,0.5,free_flow_speed,34.88325,0.5,0.7071067811865475,False,0.0,0.0,0.0,,,,,False,False,False,0.0,0.0
I-95 HOV NB,HOV,110+04669,2025-10-03,20.0,0.233731,3,69.7665,49.33236524965127,6000.0,96,0.5,free_flow_speed,34.88325,0.5,0.7071067811865475,False,0.0,0.0,0.0,,,,,False,False,False,0.0,0.0
I-95 HOV NB,HOV,110+04669,2025-10-06,20.0,0.233731,3,69.7665,49.33236524965127,6000.0,96,0.5,free_flow_speed,34.88325,0.5,0.7071067811865475,False,0.0,0.0,0.0,,,,,False,False,False,0.0,0.0
I-95 HOV NB,HOV,110+04669,2025-10-07,20.0,0.233731,3,69.7665,49.33236524965127,6000.0,96,0.5,free_flow_speed,34.88325,0.5,0.7071067811865475,False,0.0,0.0,0.0,,,,,False,False,False,0.0,0.0
I-95 HOV NB,HOV,110+04669,2025-10-08,20.0,0.233731,3,69.7665,49.33236524965127,6000.0,96,0.5,free_flow_speed,34.88325,0.5,0.7071067811865475,False,0.0,0.0,0.0,,,,,False,False,False,0.0,0.0
I-95 HOV NB,HOV,110+04669,2025-10-09,20.0,0.233731,3,69.7665,49.33236524965127,6000.0,96,0.5,free_flow_speed,34.88325,0.5,0.7071067811865475,False,0.0,0.0,0.0,,,,,False,False,False,0.0,0.0
I-95 HOV NB,HOV,110+04669,2025-10-10,20.0,0.233731,3,69.7665,49.33236524965127,6000.0,95,0.5,free_flow_speed,34.88325,0.5,0.7071067811865475,False,0.0,0.0,0.0,,,,,False,False,False,0.0,0.0
I-95 HOV NB,HOV,110+04669,2025-10-13,20.0,0.233731,3,69.7665,49.33236524965127,6000.0,96,0.5,free_flow_speed,34.88325,0.5,0.7071067811865475,False,0.0,0.0,0.0,,,,,False,False,False,0.0,0.0
I-95 HOV NB,HOV,110+04669,2025-10-14,20.0,0.233731,3,69.7665,49.33236524965127,6000.0,96,0.5,free_flow_speed,34.88325,0.5,0.7071067811865475,True,0.984324377478175,3518.8021990029793,0.5864670331671632,458.66643592416443,517.7258985728549,11.040000000000001,495.0,False,False,True,0.23006712107235133,0.233731
I-95 HOV NB,HOV,110+04669,2025-10-15,20.0,0.233731,3,69.7665,49.33236524965127,6000.0,96,0.5,free_flow_speed,34.88325,0.5,0.7071067811865475,False,0.0,0.0,0.0,,,,,False,False,False,0.0,0.0
I-95 HOV NB,HOV,110+04669,2025-10-16,20.0,0.233731,3,69.7665,49.33236524965127,6000.0,96,0.5,free_flow_speed,34.88325,0.5,0.7071067811865475,False,0.0,0.0,0.0,,,,,False,False,False,0.0,0.0
I-95 HOV NB,HOV,110+04669,2025-10-17,20.0,0.233731,3,69.7665,49.33236524965127,6000.0,96,0.5,free_flow_speed,34.88325,0.5,0.7071067811865475,False,0.0,0.0,0.0,,,,,False,False,False,0.0,0.0
I-95 HOV NB,HOV,110+04669,2025-10-20,20.0,0.233731,3,69.7665,49.33236524965127,6000.0,96,0.5,free_flow_speed,34.88325,0.5,0.7071067811865475,False,0.0,0.0,0.0,,,,,False,False,False,0.0,0.0
I-95 HOV NB,HOV,110+04669,2025-10-21,20.0,0.233731,3,69.7665,49.33236524965127,6000.0,96,0.5,free_flow_speed,34.88325,0.5,0.7071067811865475,False,0.0,0.0,0.0,,,,,False,False,False,0.0,0.0
I-95 HOV NB,HOV,110+04669,2025-10-22,20.0,0.233731,3,69.7665,49.33236524965127,6000.0,96,0.5,free_flow_speed,34.88325,0.5,0.7071067811865475,False,0.0,0.0,0.0,,,,,False,False,False,0.0,0.0
I-95 HOV NB,HOV,110+04669,2025-10-23,20.0,0.233731,3,69.7665,49.33236524965127,6000.0,96,0.5,free_flow_speed,34.88325,0.5,0.7071067811865475,False,0.0,0.0,0.0,,,,,False,False,False,0.0,0.0
I-95 HOV NB,HOV,110+04669,2025-10-24,20.0,0.233731,3,69.7665,49.33236524965127,6000.0,96,0.5,free_flow_speed,34.88325,0.5,0.7071067811865475,False,0.0,0.0,0.0,,,,,False,False,False,0.0,0.0
I-95 HOV NB,HOV,110+04669,2025-10-27,20.0,0.233731,3,69.7665,49.33236524965127,6000.0,96,0.5,free_flow_speed,34.88325,0.5,0.7071067811865475,False,0.0,0.0,0.0,,,,,False,False,False,0.0,0.0
I-95 HOV NB,HOV,110+04669,2025-10-28,20.0,0.233731,3,69.7665,49.33236524965127,6000.0,96,0.5,free_flow_speed,34.88325,0.5,0.7071067811865475,False,0.0,0.0,0.0,,,,,False,False,False,0.0,0.0
I-95 HOV NB,HOV,110+04669,2025-10-29,20.0,0.233731,3,69.7665,49.33236524965127,6000.0,96,0.5,free_flow_speed,34.88325,0.5,0.7071067811865475,False,0.0,0.0,0.0,,,,,False,False,False,0.0,0.0
I-95 HOV NB,HOV,110+04669,2025-10-30,20.0,0.233731,3,69.7665,49.33236524965127,6000.0,96,0.5,free_flow_speed,34.88325,0.5,0.7071067811865475,False,0.0,0.0,0.0,,,,,False,False,False,0.0,0.0
I-95 HOV NB,HOV,110+04669,2025-10-31,20.0,0.233731,3,69.7665,49.33236524965127,6000.0,96,0.5,free_flow_speed,34.88325,0.5,0.7071067811865475,False,0.0,0.0,0.0,,,,,False,False,False,0.0,0.0
I-95 NB,GP,110P04146,2025-10-01,652.0,0.473619,3,71.99,50.904617177619556,6000.0,96,0.25,free_flow_speed,17.9975,0.25,0.35355339059327373,False,0.0,0.0,0.0,,,,,False,False,False,0.0,0.0
I-95 NB,GP,110P04146,2025-10-02,652.0,0.473619,3,71.99,50.904617177619556,6000.0,96,0.25,free_flow_speed,17.9975,0.25,0.35355339059327373,False,0.0,0.0,0.0,,,,,False,False,False,0.0,0.0
I-95 NB,GP,110P04146,2025-10-03,652.0,0.473619,3,71.99,50.904617177619556,6000.0,96,0.25,free_flow_speed,17.9975,0.25,0.35355339059327373,False,0.0,0.0,0.0,,,,,False,False,False,0.0,0.0
I-95 NB,GP,110P04146,2025-10-06,652.0,0.473619,3,71.99,50.904617177619556,6000.0,96,0.25,free_flow_speed,17.9975,0.25,0.35355339059327373,False,0.0,0.0,0.0,,,,,False,False,False,0.0,0.0
I-95 NB,GP,110P04146,2025-10-07,652.0,0.473619,3,71.99,50.904617177619556,6000.0,96,0.25,free_flow_speed,17.9975,0.25,0.35355339059327373,False,0.0,0.0,0.0,,,,,False,False,False,0.0,0.0
I-95 NB,GP,110P04146,2025-10-08,652.0,0.473619,3,71.99,50.904617177619556,6000.0,96,0.25,free_flow_speed,17.9975,0.25,0.35355339059327373,False,0.0,0.0,0.0,,,,,False,False,False,0.0,0.0
I-95 NB,GP,110P04146,2025-10-09,652.0,0.473619,3,71.99,50.904617177619556,6000.0,96,0.25,free_flow_speed,17.9975,0.25,0.35355339059327373,False,0.0,0.0,0.0,,,,,False,False,False,0.0,0.0
I-95 NB,GP,110P04146,2025-10-10,652.0,0.473619,3,71.99,50.904617177619556,6000.0,96,0.25,free_flow_speed,17.9975,0.25,0.35355339059327373,False,0.0,0.0,0.0,,,,,False,False,False,0.0,0.0
I-95 NB,GP,110P04146,2025-10-13,652.0,0.473619,3,71.99,50.904617177619556,6000.0,96,0.25,free_flow_speed,17.9975,0.25,0.35355339059327373,False,0.0,0.0,0.0,,,,,False,False,False,0.0,0.0
I-95 NB,GP,110P04146,2025-10-14,652.0,0.473619,3,71.99,50.904617177619556,6000.0,96,0.25,free_flow_speed,17.9975,0.25,0.35355339059327373,False,0.0,0.0,0.0,,,,,False,False,False,0.0,0.0
I-95 NB,GP,110P04146,2025-10-15,652.0,0.473619,3,71.99,50.904617177619556,6000.0,96,0.25,free_flow_speed,17.9975,0.25,0.35355339059327373,False,0.0,0.0,0.0,,,,,False,False,False,0.0,0.0
I-95 NB,GP,110P04146,2025-10-16,652.0,0.473619,3,71.99,50.904617177619556,6000.0,96,0.25,free_flow_speed,17.9975,0.25,0.35355339059327373,False,0.0,0.0,0.0,,,,,False,False,False,0.0,0.0
I-95 NB,GP,110P04146,2025-10-17,652.0,0.473619,3,71.99,50.904617177619556,6000.0,96,0.25,free_flow_speed,17.9975,0.25,0.35355339059327373,False,0.0,0.0,0.0,,,,,False,False,False,0.0,0.0
I-95 NB,GP,110P04146,2025-10-20,652.0,0.473619,3,71.99,50.904617177619556,6000.0,96,0.25,free_flow_speed,17.9975,0.25,0.35355339059327373,False,0.0,0.0,0.0,,,,,False,False,False,0.0,0.0
I-95 NB,GP,110P04146,2025-10-21,652.0,0.473619,3,71.99,50.904617177619556,6000.0,96,0.25,free_flow_speed,17.9975,0.25,0.35355339059327373,False,0.0,0.0,0.0,,,,,False,False,False,0.0,0.0
I-95 NB,GP,110P04146,2025-10-22,652.0,0.473619,3,71.99,50.904617177619556,6000.0,96,0.25,free_flow_speed,17.9975,0.25,0.35355339059327373,False,0.0,0.0,0.0,,,,,False,False,False,0.0,0.0
I-95 NB,GP,110P04146,2025-10-23,652.0,0.473619,3,71.99,50.904617177619556,6000.0,96,0.25,free_flow_speed,17.9975,0.25,0.35355339059327373,False,0.0,0.0,0.0,,,,,False,False,False,0.0,0.0
I-95 NB,GP,110P04146,2025-10-24,652.0,0.473619,3,71.99,50.904617177619556,6000.0,96,0.25,free_flow_speed,17.9975,0.25,0.35355339059327373,False,0.0,0.0,0.0,,,,,False,False,False,0.0,0.0
I-95 NB,GP,110P04146,2025-10-27,652.0,0.473619,3,71.99,50.904617177619556,6000.0,96,0.25,free_flow_speed,17.9975,0.25,0.35355339059327373,False,0.0,0.0,0.0,,,,,False,False,False,0.0,0.0
I-95 NB,GP,110P04146,2025-10-28,652.0,0.473619,3,71.99,50.904617177619556,6000.0,96,0.25,free_flow_speed,17.9975,0.25,0.35355339059327373,False,0.0,0.0,0.0,,,,,False,False,False,0.0,0.0
I-95 NB,GP,110P04146,2025-10-29,652.0,0.473619,3,71.99,50.904617177619556,6000.0,96,0.25,free_flow_speed,17.9975,0.25,0.35355339059327373,False,0.0,0.0,0.0,,,,,False,False,False,0.0,0.0
I-95 NB,GP,110P04146,2025-10-30,652.0,0.473619,3,71.99,50.904617177619556,6000.0,96,0.25,free_flow_speed,17.9975,0.25,0.35355339059327373,True,0.768983958457169,2408.8139626126604,0.4014689937687767,411.4264135886913,457.5654510961214,9.64111111111111,420.0,False,False,True,0.364205413420526,0.473619
I-95 NB,GP,110P04146,2025-10-31,652.0,0.473619,3,71.99,50.904617177619556,6000.0,96,0.25,free_flow_speed,17.9975,0.25,0.35355339059327373,False,0.0,0.0,0.0,,,,,False,False,False,0.0,0.0
I-95 NB,GP,110+04147,2025-10-01,653.0,1.829664,3,72.0,50.91168824543143,6000.0,96,0.25,free_flow_speed,18.0,0.25,0.35355339059327373,False,0.0,0.0,0.0,,,,,False,False,False,0.0,0.0
I-95 NB,GP,110+04147,2025-10-02,653.0,1.829664,3,72.0,50.91168824543143,6000.0,96,0.25,free_flow_speed,18.0,0.25,0.35355339059327373,False,0.0,0.0,0.0,,,,,False,False,False,0.0,0.0
I-95 NB,GP,110+04147,2025-10-03,653.0,1.829664,3,72.0,50.91168824543143,6000.0,96,0.25,free_flow_speed,18.0,0.25,0.35355339059327373,False,0.0,0.0,0.0,,,,,False,False,False,0.0,0.0
I-95 NB,GP,110+04147,2025-10-06,653.0,1.829664,3,72.0,50.91168824543143,6000.0,96,0.25,free_flow_speed,18.0,0.25,0.35355339059327373,False,0.0,0.0,0.0,,,,,False,False,False,0.0,0.0
I-95 NB,GP,110+04147,2025-10-07,653.0,1.829664,3,72.0,50.91168824543143,6000.0,96,0.25,free_flow_speed,18.0,0.25,0.35355339059327373,False,0.0,0.0,0.0,,,,,False,False,False,0.0,0.0
I-95 NB,GP,110+04147,2025-10-08,653.0,1.829664,3,72.0,50.91168824543143,6000.0,96,0.25,free_flow_speed,18.0,0.25,0.35355339059327373,False,0.0,0.0,0.0,,,,,False,False,False,0.0,0.0
I-95 NB,GP,110+04147,2025-10-09,653.0,1.829664,3,72.0,50.91168824543143,6000.0,96,0.25,free_flow_speed,18.0,0.25,0.35355339059327373,False,0.0,0.0,0.0,,,,,False,False,False,0.0,0.0
I-95 NB,GP,110+04147,2025-10-10,653.0,1.829664,3,72.0,50.91168824543143,6000.0,96,0.25,free_flow_speed,18.0,0.25,0.35355339059327373,False,0.0,0.0,0.0,,,,,False,False,False,0.0,0.0
I-95 NB,GP,110+04147,2025-10-13,653.0,1.829664,3,72.0,50.91168824543143,6000.0,96,0.25,free_flow_speed,18.0,0.25,0.35355339059327373,False,0.0,0.0,0.0,,,,,False,False,False,0.0,0.0
I-95 NB,GP,110+04147,2025-10-14,653.0,1.829664,3,72.0,50.91168824543143,6000.0,96,0.25,free_flow_speed,18.0,0.25,0.35355339059327373,False,0.0,0.0,0.0,,,,,False,False,False,0.0,0.0
I-95 NB,GP,110+04147,2025-10-15,653.0,1.829664,3,72.0,50.91168824543143,6000.0,96,0.25,free_flow_speed,18.0,0.25,0.35355339059327373,False,0.0,0.0,0.0,,,,,False,False,False,0.0,0.0
I-95 NB,GP,110+04147,2025-10-16,653.0,1.829664,3,72.0,50.91168824543143,6000.0,96,0.25,free_flow_speed,18.0,0.25,0.35355339059327373,False,0.0,0.0,0.0,,,,,False,False,False,0.0,0.0
I-95 NB,GP,110+04147,2025-10-17,653.0,1.829664,3,72.0,50.91168824543143,6000.0,96,0.25,free_flow_speed,18.0,0.25,0.35355339059327373,False,0.0,0.0,0.0,,,,,False,False,False,0.0,0.0
I-95 NB,GP,110+04147,2025-10-20,653.0,1.829664,3,72.0,50.91168824543143,6000.0,96,0.25,free_flow_speed,18.0,0.25,0.35355339059327373,False,0.0,0.0,0.0,,,,,False,False,False,0.0,0.0
I-95 NB,GP,110+04147,2025-10-21,653.0,1.829664,3,72.0,50.91168824543143,6000.0,96,0.25,free_flow_speed,18.0,0.25,0.35355339059327373,False,0.0,0.0,0.0,,,,,False,False,False,0.0,0.0
I-95 NB,GP,110+04147,2025-10-22,653.0,1.829664,3,72.0,50.91168824543143,6000.0,96,0.25,free_flow_speed,18.0,0.25,0.35355339059327373,False,0.0,0.0,0.0,,,,,False,False,False,0.0,0.0
I-95 NB,GP,110+04147,2025-10-23,653.0,1.829664,3,72.0,50.91168824543143,6000.0,96,0.25,free_flow_speed,18.0,0.25,0.35355339059327373,False,0.0,0.0,0.0,,,,,False,False,False,0.0,0.0
I-95 NB,GP,110+04147,2025-10-24,653.0,1.829664,3,72.0,50.91168824543143,6000.0,96,0.25,free_flow_speed,18.0,0.25,0.35355339059327373,False,0.0,0.0,0.0,,,,,False,False,False,0.0,0.0
I-95 NB,GP,110+04147,2025-10-27,653.0,1.829664,3,72.0,50.91168824543143,6000.0,96,0.25,free_flow_speed,18.0,0.25,0.35355339059327373,False,0.0,0.0,0.0,,,,,False,False,False,0.0,0.0
I-95 NB,GP,110+04147,2025-10-28,653.0,1.829664,3,72.0,50.91168824543143,6000.0,96,0.25,free_flow_speed,18.0,0.25,0.35355339059327373,False,0.0,0.0,0.0,,,,,False,False,False,0.0,0.0
I-95 NB,GP,110+04147,2025-10-29,653.0,1.829664,3,72.0,50.91168824543143,6000.0,96,0.25,free_flow_speed,18.0,0.25,0.35355339059327373,False,0.0,0.0,0.0,,,,,False,False,False,0.0,0.0
I-95 NB,GP,110+04147,2025-10-30,653.0,1.829664,3,72.0,50.91168824543143,6000.0,96,0.25,free_flow_speed,18.0,0.25,0.35355339059327373,True,1.0285430305983776,2929.034933493861,0.4881724889156435,400.7718902137868,462.48447204968943,8.363333333333328,420.0,False,False,True,1.88188815553675,1.829664
I-95 NB,GP,110+04147,2025-10-31,653.0,1.829664,3,72.0,50.91168824543143,6000.0,96,0.25,free_flow_speed,18.0,0.25,0.35355339059327373,False,0.0,0.0,0.0,,,,,False,False,False,0.0,0.0
I-95 NB,GP,110P04147,2025-10-01,654.0,0.398953,3,72.38,51.18038882228231,6000.0,96,0.25,free_flow_speed,18.095,0.25,0.35355339059327373,False,0.0,0.0,0.0,,,,,False,False,False,0.0,0.0
I-95 NB,GP,110P04147,2025-10-02,654.0,0.398953,3,72.38,51.18038882228231,6000.0,96,0.25,free_flow_speed,18.095,0.25,0.35355339059327373,False,0.0,0.0,0.0,,,,,False,False,False,0.0,0.0
I-95 NB,GP,110P04147,2025-10-03,654.0,0.398953,3,72.38,51.18038882228231,6000.0,96,0.25,free_flow_speed,18.095,0.25,0.35355339059327373,False,0.0,0.0,0.0,,,,,False,False,False,0.0,0.0
I-95 NB,GP,110P04147,2025-10-06,654.0,0.398953,3,72.38,51.18038882228231,6000.0,96,0.25,free_flow_speed,18.095,0.25,0.35355339059327373,False,0.0,0.0,0.0,,,,,False,False,False,0.0,0.0
I-95 NB,GP,110P04147,2025-10-07,654.0,0.398953,3,72.38,51.18038882228231,6000.0,96,0.25,free_flow_speed,18.095,0.25,0.35355339059327373,False,0.0,0.0,0.0,,,,,False,False,False,0.0,0.0
I-95 NB,GP,110P04147,2025-10-08,654.0,0.398953,3,72.38,51.18038882228231,6000.0,96,0.25,free_flow_speed,18.095,0.25,0.35355339059327373,False,0.0,0.0,0.0,,,,,False,False,False,0.0,0.0
I-95 NB,GP,110P04147,2025-10-09,654.0,0.398953,3,72.38,51.18038882228231,6000.0,96,0.25,free_flow_speed,18.095,0.25,0.35355339059327373,False,0.0,0.0,0.0,,,,,False,False,False,0.0,0.0
I-95 NB,GP,110P04147,2025-10-10,654.0,0.398953,3,72.38,51.18038882228231,6000.0,96,0.25,free_flow_speed,18.095,0.25,0.35355339059327373,False,0.0,0.0,0.0,,,,,False,False,False,0.0,0.0
I-95 NB,GP,110P04147,2025-10-13,654.0,0.398953,3,72.38,51.18038882228231,6000.0,96,0.25,free_flow_speed,18.095,0.25,0.35355339059327373,False,0.0,0.0,0.0,,,,,False,False,False,0.0,0.0
I-95 NB,GP,110P04147,2025-10-14,654.0,0.398953,3,72.38,51.18038882228231,6000.0,96,0.25,free_flow_speed,18.095,0.25,0.35355339059327373,False,0.0,0.0,0.0,,,,,False,False,False,0.0,0.0
I-95 NB,GP,110P04147,2025-10-15,654.0,0.398953,3,72.38,51.18038882228231,6000.0,96,0.25,free_flow_speed,18.095,0.25,0.35355339059327373,False,0.0,0.0,0.0,,,,,False,False,False,0.0,0.0
I-95 NB,GP,110P04147,2025-10-16,654.0,0.398953,3,72.38,51.18038882228231,6000.0,96,0.25,free_flow_speed,18.095,0.25,0.35355339059327373,False,0.0,0.0,0.0,,,,,False,False,False,0.0,0.0
I-95 NB,GP,110P04147,2025-10-17,654.0,0.398953,3,72.38,51.18038882228231,6000.0,96,0.25,free_flow_speed,18.095,0.25,0.35355339059327373,False,0.0,0.0,0.0,,,,,False,False,False,0.0,0.0
I-95 NB,GP,110P04147,2025-10-20,654.0,0.398953,3,72.38,51.18038882228231,6000.0,96,0.25,free_flow_speed,18.095,0.25,0.35355339059327373,False,0.0,0.0,0.0,,,,,False,False,False,0.0,0.0
I-95 NB,GP,110P04147,2025-10-21,654.0,0.398953,3,72.38,51.18038882228231,6000.0,96,0.25,free_flow_speed,18.095,0.25,0.35355339059327373,False,0.0,0.0,0.0,,,,,False,False,False,0.0,0.0
I-95 NB,GP,110P04147,2025-10-22,654.0,0.398953,3,72.38,51.18038882228231,6000.0,96,0.25,free_flow_speed,18.095,0.25,0.35355339059327373,False,0.0,0.0,0.0,,,,,False,False,False,0.0,0.0
I-95 NB,GP,110P04147,2025-10-23,654.0,0.398953,3,72.38,51.18038882228231,6000.0,96,0.25,free_flow_speed,18.095,0.25,0.35355339059327373,False,0.0,0.0,0.0,,,,,False,False,False,0.0,0.0
I-95 NB,GP,110P04147,2025-10-24,654.0,0.398953,3,72.38,51.18038882228231,6000.0,96,0.25,free_flow_speed,18.095,0.25,0.35355339059327373,False,0.0,0.0,0.0,,,,,False,False,False,0.0,0.0
I-95 NB,GP,110P04147,2025-10-27,654.0,0.398953,3,72.38,51.18038882228231,6000.0,96,0.25,free_flow_speed,18.095,0.25,0.35355339059327373,False,0.0,0.0,0.0,,,,,False,False,False,0.0,0.0
I-95 NB,GP,110P04147,2025-10-28,654.0,0.398953,3,72.38,51.18038882228231,6000.0,96,0.25,free_flow_speed,18.095,0.25,0.35355339059327373,False,0.0,0.0,0.0,,,,,False,False,False,0.0,0.0
I-95 NB,GP,110P04147,2025-10-29,654.0,0.398953,3,72.38,51.18038882228231,6000.0,96,0.25,free_flow_speed,18.095,0.25,0.35355339059327373,False,0.0,0.0,0.0,,,,,False,False,False,0.0,0.0
I-95 NB,GP,110P04147,2025-10-30,654.0,0.398953,3,72.38,51.18038882228231,6000.0,96,0.25,free_flow_speed,18.095,0.25,0.35355339059327373,True,1.3062659899103721,3903.450639803804,0.6505751066339673,393.5076329544512,471.8835923490735,7.834444444444446,405.0,False,False,True,0.5211387354727127,0.398953
I-95 NB,GP,110P04147,2025-10-31,654.0,0.398953,3,72.38,51.18038882228231,6000.0,96,0.25,free_flow_speed,18.095,0.25,0.35355339059327373,False,0.0,0.0,0.0,,,,,False,False,False,0.0,0.0
I-95 NB,GP,110+04148,2025-10-01,655.0,1.977963,3,71.59,50.621774465144945,6000.0,96,0.25,free_flow_speed,17.8975,0.25,0.35355339059327373,False,0.0,0.0,0.0,,,,,False,False,False,0.0,0.0
I-95 NB,GP,110+04148,2025-10-02,655.0,1.977963,3,71.59,50.621774465144945,6000.0,96,0.25,free_flow_speed,17.8975,0.25,0.35355339059327373,False,0.0,0.0,0.0,,,,,False,False,False,0.0,0.0
I-95 NB,GP,110+04148,2025-10-03,655.0,1.977963,3,71.59,50.621774465144945,6000.0,96,0.25,free_flow_speed,17.8975,0.25,0.35355339059327373,False,0.0,0.0,0.0,,,,,False,False,False,0.0,0.0
I-95 NB,GP,110+04148,2025-10-06,655.0,1.977963,3,71.59,50.621774465144945,6000.0,96,0.25,free_flow_speed,17.8975,0.25,0.35355339059327373,False,0.0,0.0,0.0,,,,,False,False,False,0.0,0.0
I-95 NB,GP,110+04148,2025-10-07,655.0,1.977963,3,71.59,50.621774465144945,6000.0,96,0.25,free_flow_speed,17.8975,0.25,0.35355339059327373,False,0.0,0.0,0.0,,,,,False,False,False,0.0,0.0
I-95 NB,GP,110+04148,2025-10-08,655.0,1.977963,3,71.59,50.621774465144945,6000.0,96,0.25,free_flow_speed,17.8975,0.25,0.35355339059327373,False,0.0,0.0,0.0,,,,,False,False,False,0.0,0.0
I-95 NB,GP,110+04148,2025-10-09,655.0,1.977963,3,71.59,50.621774465144945,6000.0,96,0.25,free_flow_speed,17.8975,0.25,0.35355339059327373,False,0.0,0.0,0.0,,,,,False,False,False,0.0,0.0
I-95 NB,GP,110+04148,2025-10-10,655.0,1.977963,3,71.59,50.621774465144945,6000.0,96,0.25,free_flow_speed,17.8975,0.25,0.35355339059327373,False,0.0,0.0,0.0,,,,,False,False,False,0.0,0.0
I-95 NB,GP,110+04148,2025-10-13,655.0,1.977963,3,71.59,50.621774465144945,6000.0,96,0.25,free_flow_speed,17.8975,0.25,0.35355339059327373,False,0.0,0.0,0.0,,,,,False,False,False,0.0,0.0
I-95 NB,GP,110+04148,2025-10-14,655.0,1.977963,3,71.59,50.621774465144945,6000.0,96,0.25,free_flow_speed,17.8975,0.25,0.35355339059327373,False,0.0,0.0,0.0,,,,,False,False,False,0.0,0.0
I-95 NB,GP,110+04148,2025-10-15,655.0,1.977963,3,71.59,50.621774465144945,6000.0,96,0.25,free_flow_speed,17.8975,0.25,0.35355339059327373,False,0.0,0.0,0.0,,,,,False,False,False,0.0,0.0
I-95 NB,GP,110+04148,2025-10-16,655.0,1.977963,3,71.59,50.621774465144945,6000.0,96,0.25,free_flow_speed,17.8975,0.25,0.35355339059327373,False,0.0,0.0,0.0,,,,,False,False,False,0.0,0.0
I-95 NB,GP,110+04148,2025-10-17,655.0,1.977963,3,71.59,50.621774465144945,6000.0,96,0.25,free_flow_speed,17.8975,0.25,0.35355339059327373,False,0.0,0.0,0.0,,,,,False,False,False,0.0,0.0
I-95 NB,GP,110+04148,2025-10-20,655.0,1.977963,3,71.59,50.621774465144945,6000.0,96,0.25,free_flow_speed,17.8975,0.25,0.35355339059327373,False,0.0,0.0,0.0,,,,,False,False,False,0.0,0.0
I-95 NB,GP,110+04148,2025-10-21,655.0,1.977963,3,71.59,50.621774465144945,6000.0,96,0.25,free_flow_speed,17.8975,0.25,0.35355339059327373,False,0.0,0.0,0.0,,,,,False,False,False,0.0,0.0
I-95 NB,GP,110+04148,2025-10-22,655.0,1.977963,3,71.59,50.621774465144945,6000.0,96,0.25,free_flow_speed,17.8975,0.25,0.35355339059327373,False,0.0,0.0,0.0,,,,,False,False,False,0.0,0.0
I-95 NB,GP,110+04148,2025-10-23,655.0,1.977963,3,71.59,50.621774465144945,6000.0,96,0.25,free_flow_speed,17.8975,0.25,0.35355339059327373,False,0.0,0.0,0.0,,,,,False,False,False,0.0,0.0
I-95 NB,GP,110+04148,2025-10-24,655.0,1.977963,3,71.59,50.621774465144945,6000.0,96,0.25,free_flow_speed,17.8975,0.25,0.35355339059327373,False,0.0,0.0,0.0,,,,,False,False,False,0.0,0.0
I-95 NB,GP,110+04148,2025-10-27,655.0,1.977963,3,71.59,50.621774465144945,6000.0,96,0.25,free_flow_speed,17.8975,0.25,0.35355339059327373,False,0.0,0.0,0.0,,,,,False,False,False,0.0,0.0
I-95 NB,GP,110+04148,2025-10-28,655.0,1.977963,3,71.59,50.621774465144945,6000.0,96,0.25,free_flow_speed,17.8975,0.25,0.35355339059327373,False,0.0,0.0,0.0,,,,,False,False,False,0.0,0.0
I-95 NB,GP,110+04148,2025-10-29,655.0,1.977963,3,71.59,50.621774465144945,6000.0,96,0.25,free_flow_speed,17.8975,0.25,0.35355339059327373,False,0.0,0.0,0.0,,,,,False,False,False,0.0,0.0
I-95 NB,GP,110+04148,2025-10-30,655.0,1.977963,3,71.59,50.621774465144945,6000.0,96,0.25,free_flow_speed,17.8975,0.25,0.35355339059327373,True,0.8080278558145172,2398.3474872826923,0.39972458121378207,393.99610441310284,442.4777757619739,10.311111111111112,420.0,False,False,True,1.5982492017704497,1.977963
I-95 NB,GP,110+04148,2025-10-31,655.0,1.977963,3,71.59,50.621774465144945,6000.0,96,0.25,free_flow_speed,17.8975,0.25,0.35355339059327373,False,0.0,0.0,0.0,,,,,False,False,False,0.0,0.0
I-95 NB,GP,110+04150,2025-10-01,659.0,0.523557,2,70.8,50.063160108007565,4000.0,96,0.25,free_flow_speed,17.7,0.25,0.35355339059327373,False,0.0,0.0,0.0,,,,,False,False,False,0.0,0.0
I-95 NB,GP,110+04150,2025-10-02,659.0,0.523557,2,70.8,50.063160108007565,4000.0,96,0.25,free_flow_speed,17.7,0.25,0.35355339059327373,False,0.0,0.0,0.0,,,,,False,False,False,0.0,0.0
I-95 NB,GP,110+04150,2025-10-03,659.0,0.523557,2,70.8,50.063160108007565,4000.0,96,0.25,free_flow_speed,17.7,0.25,0.35355339059327373,False,0.0,0.0,0.0,,,,,False,False,False,0.0,0.0
I-95 NB,GP,110+04150,2025-10-06,659.0,0.523557,2,70.8,50.063160108007565,4000.0,96,0.25,free_flow_speed,17.7,0.25,0.35355339059327373,False,0.0,0.0,0.0,,,,,False,False,False,0.0,0.0
I-95 NB,GP,110+04150,2025-10-07,659.0,0.523557,2,70.8,50.063160108007565,4000.0,96,0.25,free_flow_speed,17.7,0.25,0.35355339059327373,True,1.1979385319393856,2820.9323868969605,0.7052330967242401,430.6380406245682,502.5143525409313,11.072222222222221,450.0,False,False,True,0.627189103966589,0.523557
I-95 NB,GP,110+04150,2025-10-08,659.0,0.523557,2,70.8,50.063160108007565,4000.0,96,0.25,free_flow_speed,17.7,0.25,0.35355339059327373,False,0.0,0.0,0.0,,,,,False,False,False,0.0,0.0
I-95 NB,GP,110+04150,2025-10-09,659.0,0.523557,2,70.8,50.063160108007565,4000.0,96,0.25,free_flow_speed,17.7,0.25,0.35355339059327373,False,0.0,0.0,0.0,,,,,False,False,False,0.0,0.0
I-95 NB,GP,110+04150,2025-10-10,659.0,0.523557,2,70.8,50.063160108007565,4000.0,96,0.25,free_flow_speed,17.7,0.25,0.35355339059327373,False,0.0,0.0,0.0,,,,,False,False,False,0.0,0.0
I-95 NB,GP,110+04150,2025-10-13,659.0,0.523557,2,70.8,50.063160108007565,4000.0,96,0.25,free_flow_speed,17.7,0.25,0.35355339059327373,False,0.0,0.0,0.0,,,,,False,False,False,0.0,0.0
I-95 NB,GP,110+04150,2025-10-14,659.0,0.523557,2,70.8,50.063160108007565,4000.0,96,0.25,free_flow_speed,17.7,0.25,0.35355339059327373,False,0.0,0.0,0.0,,,,,False,False,False,0.0,0.0
I-95 NB,GP,110+04150,2025-10-15,659.0,0.523557,2,70.8,50.063160108007565,4000.0,96,0.25,free_flow_speed,17.7,0.25,0.35355339059327373,False,0.0,0.0,0.0,,,,,False,False,False,0.0,0.0
I-95 NB,GP,110+04150,2025-10-16,659.0,0.523557,2,70.8,50.063160108007565,4000.0,96,0.25,free_flow_speed,17.7,0.25,0.35355339059327373,False,0.0,0.0,0.0,,,,,False,False,False,0.0,0.0
I-95 NB,GP,110+04150,2025-10-17,659.0,0.523557,2,70.8,50.063160108007565,4000.0,96,0.25,free_flow_speed,17.7,0.25,0.35355339059327373,False,0.0,0.0,0.0,,,,,False,False,False,0.0,0.0
I-95 NB,GP,110+04150,2025-10-20,659.0,0.523557,2,70.8,50.063160108007565,4000.0,96,0.25,free_flow_speed,17.7,0.25,0.35355339059327373,False,0.0,0.0,0.0,,,,,False,False,False,0.0,0.0
I-95 NB,GP,110+04150,2025-10-21,659.0,0.523557,2,70.8,50.063160108007565,4000.0,96,0.25,free_flow_speed,17.7,0.25,0.35355339059327373,True,0.6116889932295161,1697.703606618837,0.4244259016547093,370.7657592080361,407.4670988018071,11.5,390.0,False,False,True,0.3202540542282658,0.523557
I-95 NB,GP,110+04150,2025-10-22,659.0,0.523557,2,70.8,50.063160108007565,4000.0,96,0.25,free_flow_speed,17.7,0.25,0.35355339059327373,False,0.0,0.0,0.0,,,,,False,False,False,0.0,0.0
I-95 NB,GP,110+04150,2025-10-23,659.0,0.523557,2,70.8,50.063160108007565,4000.0,96,0.25,free_flow_speed,17.7,0.25,0.35355339059327373,False,0.0,0.0,0.0,,,,,False,False,False,0.0,0.0
I-95 NB,GP,110+04150,2025-10-24,659.0,0.523557,2,70.8,50.063160108007565,4000.0,96,0.25,free_flow_speed,17.7,0.25,0.35355339059327373,False,0.0,0.0,0.0,,,,,False,False,False,0.0,0.0
I-95 NB,GP,110+04150,2025-10-27,659.0,0.523557,2,70.8,50.063160108007565,4000.0,96,0.25,free_flow_speed,17.7,0.25,0.35355339059327373,False,0.0,0.0,0.0,,,,,False,False,False,0.0,0.0
I-95 NB,GP,110+04150,2025-10-28,659.0,0.523557,2,70.8,50.063160108007565,4000.0,96,0.25,free_flow_speed,17.7,0.25,0.35355339059327373,False,0.0,0.0,0.0,,,,,False,False,False,0.0,0.0
I-95 NB,GP,110+04150,2025-10-29,659.0,0.523557,2,70.8,50.063160108007565,4000.0,96,0.25,free_flow_speed,17.7,0.25,0.35355339059327373,False,0.0,0.0,0.0,,,,,False,False,False,0.0,0.0
I-95 NB,GP,110+04150,2025-10-30,659.0,0.523557,2,70.8,50.063160108007565,4000.0,96,0.25,free_flow_speed,17.7,0.25,0.35355339059327373,True,0.5393355297476309,2001.0068051758587,0.5002517012939647,508.95668176670443,541.3168135515623,16.2,525.0,False,False,True,0.2823728919480804,0.523557
I-95 NB,GP,110+04150,2025-10-31,659.0,0.523557,2,70.8,50.063160108007565,4000.0,96,0.25,free_flow_speed,17.7,0.25,0.35355339059327373,False,0.0,0.0,0.0,,,,,False,False,False,0.0,0.0
I-95 NB,GP,110P04150,2025-10-01,660.0,0.567997,3,70.9995,50.204227910854286,5700.0,96,0.25,free_flow_speed,17.749875,0.25,0.35355339059327373,True,1.1342027066515632,4506.154914981819,0.7905534938564596,356.52787926235214,424.58004166144593,14.229999999999999,405.0,False,False,True,0.6442237347699679,0.567997
I-95 NB,GP,110P04150,2025-10-02,660.0,0.567997,3,70.9995,50.204227910854286,5700.0,96,0.25,free_flow_speed,17.749875,0.25,0.35355339059327373,False,0.0,0.0,0.0,,,,,False,False,False,0.0,0.0
I-95 NB,GP,110P04150,2025-10-03,660.0,0.567997,3,70.9995,50.204227910854286,5700.0,96,0.25,free_flow_speed,17.749875,0.25,0.35355339059327373,False,0.0,0.0,0.0,,,,,False,False,False,0.0,0.0
I-95 NB,GP,110P04150,2025-10-06,660.0,0.567997,3,70.9995,50.204227910854286,5700.0,96,0.25,free_flow_speed,17.749875,0.25,0.35355339059327373,False,0.0,0.0,0.0,,,,,False,False,False,0.0,0.0
I-95 NB,GP,110P04150,2025-10-07,660.0,0.567997,3,70.9995,50.204227910854286,5700.0,96,0.25,free_flow_speed,17.749875,0.25,0.35355339059327373,False,0.0,0.0,0.0,,,,,False,False,False,0.0,0.0
I-95 NB,GP,110P04150,2025-10-08,660.0,0.567997,3,70.9995,50.204227910854286,5700.0,96,0.25,free_flow_speed,17.749875,0.25,0.35355339059327373,False,0.0,0.0,0.0,,,,,False,False,False,0.0,0.0
I-95 NB,GP,110P04150,2025-10-09,660.0,0.567997,3,70.9995,50.204227910854286,5700.0,96,0.25,free_flow_speed,17.749875,0.25,0.35355339059327373,False,0.0,0.0,0.0,,,,,False,False,False,0.0,0.0
I-95 NB,GP,110P04150,2025-10-10,660.0,0.567997,3,70.9995,50.204227910854286,5700.0,96,0.25,free_flow_speed,17.749875,0.25,0.35355339059327373,False,0.0,0.0,0.0,,,,,False,False,False,0.0,0.0
I-95 NB,GP,110P04150,2025-10-13,660.0,0.567997,3,70.9995,50.204227910854286,5700.0,96,0.25,free_flow_speed,17.749875,0.25,0.35355339059327373,False,0.0,0.0,0.0,,,,,False,False,False,0.0,0.0
I-95 NB,GP,110P04150,2025-10-14,660.0,0.567997,3,70.9995,50.204227910854286,5700.0,96,0.25,free_flow_speed,17.749875,0.25,0.35355339059327373,False,0.0,0.0,0.0,,,,,False,False,False,0.0,0.0
I-95 NB,GP,110P04150,2025-10-15,660.0,0.567997,3,70.9995,50.204227910854286,5700.0,96,0.25,free_flow_speed,17.749875,0.25,0.35355339059327373,False,0.0,0.0,0.0,,,,,False,False,False,0.0,0.0
I-95 NB,GP,110P04150,2025-10-16,660.0,0.567997,3,70.9995,50.204227910854286,5700.0,96,0.25,free_flow_speed,17.749875,0.25,0.35355339059327373,False,0.0,0.0,0.0,,,,,False,False,False,0.0,0.0
I-95 NB,GP,110P04150,2025-10-17,660.0,0.567997,3,70.9995,50.204227910854286,5700.0,96,0.25,free_flow_speed,17.749875,0.25,0.35355339059327373,False,0.0,0.0,0.0,,,,,False,False,False,0.0,0.0
I-95 NB,GP,110P04150,2025-10-20,660.0,0.567997,3,70.9995,50.204227910854286,5700.0,96,0.25,free_flow_speed,17.749875,0.25,0.35355339059327373,False,0.0,0.0,0.0,,,,,False,False,False,0.0,0.0
I-95 NB,GP,110P04150,2025-10-21,660.0,0.567997,3,70.9995,50.204227910854286,5700.0,96,0.25,free_flow_speed,17.749875,0.25,0.35355339059327373,True,0.9641372972923563,3038.538685787271,0.5330769624188194,353.77589915373767,411.62413699127904,9.96111111111111,390.0,False,False,True,0.5476270924501665,0.567997
I-95 NB,GP,110P04150,2025-10-22,660.0,0.567997,3,70.9995,50.204227910854286,5700.0,96,0.25,free_flow_speed,17.749875,0.25,0.35355339059327373,False,0.0,0.0,0.0,,,,,False,False,False,0.0,0.0
I-95 NB,GP,110P04150,2025-10-23,660.0,0.567997,3,70.9995,50.204227910854286,5700.0,96,0.25,free_flow_speed,17.749875,0.25,0.35355339059327373,False,0.0,0.0,0.0,,,,,False,False,False,0.0,0.0
I-95 NB,GP,110P04150,2025-10-24,660.0,0.567997,3,70.9995,50.204227910854286,5700.0,96,0.25,free_flow_speed,17.749875,0.25,0.35355339059327373,True,0.8382881690216247,2276.886094985016,0.3994537008745642,544.4102319485002,594.7075220897976,10.202222222222224,570.0,False,False,True,0.4761451651397758,0.567997
I-95 NB,GP,110P04150,2025-10-27,660.0,0.567997,3,70.9995,50.204227910854286,5700.0,96,0.25,free_flow_speed,17.749875,0.25,0.35355339059327373,False,0.0,0.0,0.0,,,,,False,False,False,0.0,0.0
I-95 NB,GP,110P04150,2025-10-28,660.0,0.567997,3,70.9995,50.204227910854286,5700.0,96,0.25,free_flow_speed,17.749875,0.25,0.35355339059327373,False,0.0,0.0,0.0,,,,,False,False,False,0.0,0.0
I-95 NB,GP,110P04150,2025-10-29,660.0,0.567997,3,70.9995,50.204227910854286,5700.0,96,0.25,free_flow_speed,17.749875,0.25,0.35355339059327373,False,0.0,0.0,0.0,,,,,False,False,False,0.0,0.0
I-95 NB,GP,110P04150,2025-10-30,660.0,0.567997,3,70.9995,50.204227910854286,5700.0,96,0.25,free_flow_speed,17.749875,0.25,0.35355339059327373,True,0.8963665486192468,2740.910908074915,0.4808615628201605,499.52778201219513,553.3097749293499,13.933333333333337,510.0,False,False,True,0.5091335105160864,0.567997
I-95 NB,GP,110P04150,2025-10-31,660.0,0.567997,3,70.9995,50.204227910854286,5700.0,96,0.25,free_flow_speed,17.749875,0.25,0.35355339059327373,False,0.0,0.0,0.0,,,,,False,False,False,0.0,0.0
I-95 NB,GP,110+04151,2025-10-01,661.0,0.647826,3,69.99,49.490403615246464,5700.0,96,0.25,free_flow_speed,17.4975,0.25,0.35355339059327373,True,0.8680841923837515,2931.3978015265516,0.5142803160572897,365.7053759662685,417.7904275092936,16.517777777777784,375.0,False,False,True,0.5623675100151961,0.647826
I-95 NB,GP,110+04151,2025-10-02,661.0,0.647826,3,69.99,49.490403615246464,5700.0,96,0.25,free_flow_speed,17.4975,0.25,0.35355339059327373,False,0.0,0.0,0.0,,,,,False,False,False,0.0,0.0
I-95 NB,GP,110+04151,2025-10-03,661.0,0.647826,3,69.99,49.490403615246464,5700.0,96,0.25,free_flow_speed,17.4975,0.25,0.35355339059327373,True,1.6887724973352296,6285.867536453936,1.1027837783252519,355.33717535297194,456.6635251930857,13.418888888888889,375.0,False,False,True,1.0940307318586924,0.647826
I-95 NB,GP,110+04151,2025-10-06,661.0,0.647826,3,69.99,49.490403615246464,5700.0,96,0.25,free_flow_speed,17.4975,0.25,0.35355339059327373,False,0.0,0.0,0.0,,,,,False,False,False,0.0,0.0
I-95 NB,GP,110+04151,2025-10-07,661.0,0.647826,3,69.99,49.490403615246464,5700.0,96,0.25,free_flow_speed,17.4975,0.25,0.35355339059327373,False,0.0,0.0,0.0,,,,,False,False,False,0.0,0.0
I-95 NB,GP,110+04151,2025-10-08,661.0,0.647826,3,69.99,49.490403615246464,5700.0,96,0.25,free_flow_speed,17.4975,0.25,0.35355339059327373,False,0.0,0.0,0.0,,,,,False,False,False,0.0,0.0
I-95 NB,GP,110+04151,2025-10-09,661.0,0.647826,3,69.99,49.490403615246464,5700.0,96,0.25,free_flow_speed,17.4975,0.25,0.35355339059327373,False,0.0,0.0,0.0,,,,,False,False,False,0.0,0.0
I-95 NB,GP,110+04151,2025-10-10,661.0,0.647826,3,69.99,49.490403615246464,5700.0,96,0.25,free_flow_speed,17.4975,0.25,0.35355339059327373,False,0.0,0.0,0.0,,,,,False,False,False,0.0,0.0
I-95 NB,GP,110+04151,2025-10-13,661.0,0.647826,3,69.99,49.490403615246464,5700.0,96,0.25,free_flow_speed,17.4975,0.25,0.35355339059327373,False,0.0,0.0,0.0,,,,,False,False,False,0.0,0.0
I-95 NB,GP,110+04151,2025-10-14,661.0,0.647826,3,69.99,49.490403615246464,5700.0,96,0.25,free_flow_speed,17.4975,0.25,0.35355339059327373,False,0.0,0.0,0.0,,,,,False,False,False,0.0,0.0
I-95 NB,GP,110+04151,2025-10-15,661.0,0.647826,3,69.99,49.490403615246464,5700.0,96,0.25,free_flow_speed,17.4975,0.25,0.35355339059327373,False,0.0,0.0,0.0,,,,,False,False,False,0.0,0.0
I-95 NB,GP,110+04151,2025-10-16,661.0,0.647826,3,69.99,49.490403615246464,5700.0,96,0.25,free_flow_speed,17.4975,0.25,0.35355339059327373,False,0.0,0.0,0.0,,,,,False,False,False,0.0,0.0
I-95 NB,GP,110+04151,2025-10-17,661.0,0.647826,3,69.99,49.490403615246464,5700.0,96,0.25,free_flow_speed,17.4975,0.25,0.35355339059327373,False,0.0,0.0,0.0,,,,,False,False,False,0.0,0.0
I-95 NB,GP,110+04151,2025-10-20,661.0,0.647826,3,69.99,49.490403615246464,5700.0,96,0.25,free_flow_speed,17.4975,0.25,0.35355339059327373,False,0.0,0.0,0.0,,,,,False,False,False,0.0,0.0
I-95 NB,GP,110+04151,2025-10-21,661.0,0.647826,3,69.99,49.490403615246464,5700.0,96,0.25,free_flow_speed,17.4975,0.25,0.35355339059327373,True,1.1168154187815418,4189.164374890607,0.7349411184018609,344.2061998511043,411.2151249779968,11.64,375.0,False,False,True,0.7235020654875711,0.647826
I-95 NB,GP,110+04151,2025-10-22,661.0,0.647826,3,69.99,49.490403615246464,5700.0,96,0.25,free_flow_speed,17.4975,0.25,0.35355339059327373,False,0.0,0.0,0.0,,,,,False,False,False,0.0,0.0
I-95 NB,GP,110+04151,2025-10-23,661.0,0.647826,3,69.99,49.490403615246464,5700.0,96,0.25,free_flow_speed,17.4975,0.25,0.35355339059327373,False,0.0,0.0,0.0,,,,,False,False,False,0.0,0.0
I-95 NB,GP,110+04151,2025-10-24,661.0,0.647826,3,69.99,49.490403615246464,5700.0,96,0.25,free_flow_speed,17.4975,0.25,0.35355339059327373,True,1.0560685985892537,3172.9817371398453,0.5566634626561132,534.346713362069,597.7108292774242,10.392222222222221,555.0,False,False,True,0.6841486959496819,0.647826
I-95 NB,GP,110+04151,2025-10-27,661.0,0.647826,3,69.99,49.490403615246464,5700.0,96,0.25,free_flow_speed,17.4975,0.25,0.35355339059327373,False,0.0,0.0,0.0,,,,,False,False,False,0.0,0.0
I-95 NB,GP,110+04151,2025-10-28,661.0,0.647826,3,69.99,49.490403615246464,5700.0,96,0.25,free_flow_speed,17.4975,0.25,0.35355339059327373,True,0.5855322684079293,1832.2935467608486,0.32145500820365763,421.8633700895934,456.99530619406914,14.544444444444444,450.0,False,False,True,0.3793230273136352,0.647826
I-95 NB,GP,110+04151,2025-10-29,661.0,0.647826,3,69.99,49.490403615246464,5700.0,96,0.25,free_flow_speed,17.4975,0.25,0.35355339059327373,True,0.621581812435457,1563.7626547909285,0.2743443254019173,426.64840850699403,463.94331725312145,13.163333333333332,435.0,False,False,True,0.4026768592228123,0.647826
I-95 NB,GP,110+04151,2025-10-30,661.0,0.647826,3,69.99,49.490403615246464,5700.0,96,0.25,free_flow_speed,17.4975,0.25,0.35355339059327373,True,0.5106151466714958,1856.5415795909864,0.32570904905105025,493.6412461517869,524.2781549520766,16.173333333333336,510.0,False,False,True,0.3307897680076084,0.647826
I-95 NB,GP,110+04151,2025-10-31,661.0,0.647826,3,69.99,49.490403615246464,5700.0,96,0.25,free_flow_speed,17.4975,0.25,0.35355339059327373,False,0.0,0.0,0.0,,,,,False,False,False,0.0,0.0
I-95 NB,GP,110P04151,2025-10-01,662.0,0.836184,3,70.8,50.063160108007565,5700.0,96,0.25,free_flow_speed,17.7,0.25,0.35355339059327373,False,0.0,0.0,0.0,,,,,False,False,False,0.0,0.0
I-95 NB,GP,110P04151,2025-10-02,662.0,0.836184,3,70.8,50.063160108007565,5700.0,96,0.25,free_flow_speed,17.7,0.25,0.35355339059327373,False,0.0,0.0,0.0,,,,,False,False,False,0.0,0.0
I-95 NB,GP,110P04151,2025-10-03,662.0,0.836184,3,70.8,50.063160108007565,5700.0,96,0.25,free_flow_speed,17.7,0.25,0.35355339059327373,False,0.0,0.0,0.0,,,,,False,False,False,0.0,0.0
I-95 NB,GP,110P04151,2025-10-06,662.0,0.836184,3,70.8,50.063160108007565,5700.0,96,0.25,free_flow_speed,17.7,0.25,0.35355339059327373,False,0.0,0.0,0.0,,,,,False,False,False,0.0,0.0
I-95 NB,GP,110P04151,2025-10-07,662.0,0.836184,3,70.8,50.063160108007565,5700.0,96,0.25,free_flow_speed,17.7,0.25,0.35355339059327373,False,0.0,0.0,0.0,,,,,False,False,False,0.0,0.0
I-95 NB,GP,110P04151,2025-10-08,662.0,0.836184,3,70.8,50.063160108007565,5700.0,96,0.25,free_flow_speed,17.7,0.25,0.35355339059327373,False,0.0,0.0,0.0,,,,,False,False,False,0.0,0.0
I-95 NB,GP,110P04151,2025-10-09,662.0,0.836184,3,70.8,50.063160108007565,5700.0,96,0.25,free_flow_speed,17.7,0.25,0.35355339059327373,False,0.0,0.0,0.0,,,,,False,False,False,0.0,0.0
I-95 NB,GP,110P04151,2025-10-10,662.0,0.836184,3,70.8,50.063160108007565,5700.0,96,0.25,free_flow_speed,17.7,0.25,0.35355339059327373,False,0.0,0.0,0.0,,,,,False,False,False,0.0,0.0
I-95 NB,GP,110P04151,2025-10-13,662.0,0.836184,3,70.8,50.063160108007565,5700.0,96,0.25,free_flow_speed,17.7,0.25,0.35355339059327373,False,0.0,0.0,0.0,,,,,False,False,False,0.0,0.0
I-95 NB,GP,110P04151,2025-10-14,662.0,0.836184,3,70.8,50.063160108007565,5700.0,96,0.25,free_flow_speed,17.7,0.25,0.35355339059327373,False,0.0,0.0,0.0,,,,,False,False,False,0.0,0.0
I-95 NB,GP,110P04151,2025-10-15,662.0,0.836184,3,70.8,50.063160108007565,5700.0,96,0.25,free_flow_speed,17.7,0.25,0.35355339059327373,False,0.0,0.0,0.0,,,,,False,False,False,0.0,0.0
I-95 NB,GP,110P04151,2025-10-16,662.0,0.836184,3,70.8,50.063160108007565,5700.0,96,0.25,free_flow_speed,17.7,0.25,0.35355339059327373,False,0.0,0.0,0.0,,,,,False,False,False,0.0,0.0
I-95 NB,GP,110P04151,2025-10-17,662.0,0.836184,3,70.8,50.063160108007565,5700.0,96,0.25,free_flow_speed,17.7,0.25,0.35355339059327373,False,0.0,0.0,0.0,,,,,False,False,False,0.0,0.0
I-95 NB,GP,110P04151,2025-10-20,662.0,0.836184,3,70.8,50.063160108007565,5700.0,96,0.25,free_flow_speed,17.7,0.25,0.35355339059327373,False,0.0,0.0,0.0,,,,,False,False,False,0.0,0.0
I-95 NB,GP,110P04151,2025-10-21,662.0,0.836184,3,70.8,50.063160108007565,5700.0,96,0.25,free_flow_speed,17.7,0.25,0.35355339059327373,True,0.9926263940143258,3559.7009671027913,0.6245089415969809,360.62907339189576,420.1866570327553,13.514444444444445,405.0,False,False,True,0.8300183086524751,0.836184
I-95 NB,GP,110P04151,2025-10-22,662.0,0.836184,3,70.8,50.063160108007565,5700.0,96,0.25,free_flow_speed,17.7,0.25,0.35355339059327373,False,0.0,0.0,0.0,,,,,False,False,False,0.0,0.0
I-95 NB,GP,110P04151,2025-10-23,662.0,0.836184,3,70.8,50.063160108007565,5700.0,96,0.25,free_flow_speed,17.7,0.25,0.35355339059327373,False,0.0,0.0,0.0,,,,,False,False,False,0.0,0.0
I-95 NB,GP,110P04151,2025-10-24,662.0,0.836184,3,70.8,50.063160108007565,5700.0,96,0.25,free_flow_speed,17.7,0.25,0.35355339059327373,True,1.2925391430478441,4176.627987624914,0.7327417522148971,522.2867072111208,599.8390557939914,11.126666666666665,555.0,False,False,True,1.0808005507903184,0.836184
I-95 NB,GP,110P04151,2025-10-27,662.0,0.836184,3,70.8,50.063160108007565,5700.0,96,0.25,free_flow_speed,17.7,0.25,0.35355339059327373,False,0.0,0.0,0.0,,,,,False,False,False,0.0,0.0
I-95 NB,GP,110P04151,2025-10-28,662.0,0.836184,3,70.8,50.063160108007565,5700.0,96,0.25,free_flow_speed,17.7,0.25,0.35355339059327373,True,0.7575846418617402,2809.174732154518,0.49283767230781017,416.58554044380816,462.04061895551257,15.394444444444446,450.0,False,False,True,0.6334801561705174,0.836184
I-95 NB,GP,110P04151,2025-10-29,662.0,0.836184,3,70.8,50.063160108007565,5700.0,96,0.25,free_flow_speed,17.7,0.25,0.35355339059327373,True,0.9852594166671547,3482.175798028338,0.6109080347418137,400.371730825742,459.4872958257713,12.403333333333334,435.0,False,False,True,0.8238581600664081,0.836184
I-95 NB,GP,110P04151,2025-10-30,662.0,0.836184,3,70.8,50.063160108007565,5700.0,96,0.25,free_flow_speed,17.7,0.25,0.35355339059327373,False,0.0,0.0,0.0,,,,,False,False,False,0.0,0.0
I-95 NB,GP,110P04151,2025-10-31,662.0,0.836184,3,70.8,50.063160108007565,5700.0,96,0.25,free_flow_speed,17.7,0.25,0.35355339059327373,False,0.0,0.0,0.0,,,,,False,False,False,0.0,0.0
I-95 NB,GP,110+04152,2025-10-01,663.0,1.136548,3,69.98949999999999,49.49005006185587,6000.0,96,0.25,free_flow_speed,17.497374999999998,0.25,0.35355339059327373,False,0.0,0.0,0.0,,,,,False,False,False,0.0,0.0
I-95 NB,GP,110+04152,2025-10-02,663.0,1.136548,3,69.98949999999999,49.49005006185587,6000.0,96,0.25,free_flow_speed,17.497374999999998,0.25,0.35355339059327373,False,0.0,0.0,0.0,,,,,False,False,False,0.0,0.0
I-95 NB,GP,110+04152,2025-10-03,663.0,1.136548,3,69.98949999999999,49.49005006185587,6000.0,96,0.25,free_flow_speed,17.497374999999998,0.25,0.35355339059327373,False,0.0,0.0,0.0,,,,,False,False,False,0.0,0.0
I-95 NB,GP,110+04152,2025-10-06,663.0,1.136548,3,69.98949999999999,49.49005006185587,6000.0,96,0.25,free_flow_speed,17.497374999999998,0.25,0.35355339059327373,False,0.0,0.0,0.0,,,,,False,False,False,0.0,0.0
I-95 NB,GP,110+04152,2025-10-07,663.0,1.136548,3,69.98949999999999,49.49005006185587,6000.0,96,0.25,free_flow_speed,17.497374999999998,0.25,0.35355339059327373,False,0.0,0.0,0.0,,,,,False,False,False,0.0,0.0
I-95 NB,GP,110+04152,2025-10-08,663.0,1.136548,3,69.98949999999999,49.49005006185587,6000.0,96,0.25,free_flow_speed,17.497374999999998,0.25,0.35355339059327373,False,0.0,0.0,0.0,,,,,False,False,False,0.0,0.0
I-95 NB,GP,110+04152,2025-10-09,663.0,1.136548,3,69.98949999999999,49.49005006185587,6000.0,96,0.25,free_flow_speed,17.497374999999998,0.25,0.35355339059327373,False,0.0,0.0,0.0,,,,,False,False,False,0.0,0.0
I-95 NB,GP,110+04152,2025-10-10,663.0,1.136548,3,69.98949999999999,49.49005006185587,6000.0,96,0.25,free_flow_speed,17.497374999999998,0.25,0.35355339059327373,False,0.0,0.0,0.0,,,,,False,False,False,0.0,0.0
I-95 NB,GP,110+04152,2025-10-13,663.0,1.136548,3,69.98949999999999,49.49005006185587,6000.0,96,0.25,free_flow_speed,17.497374999999998,0.25,0.35355339059327373,False,0.0,0.0,0.0,,,,,False,False,False,0.0,0.0
I-95 NB,GP,110+04152,2025-10-14,663.0,1.136548,3,69.98949999999999,49.49005006185587,6000.0,96,0.25,free_flow_speed,17.497374999999998,0.25,0.35355339059327373,False,0.0,0.0,0.0,,,,,False,False,False,0.0,0.0
I-95 NB,GP,110+04152,2025-10-15,663.0,1.136548,3,69.98949999999999,49.49005006185587,6000.0,96,0.25,free_flow_speed,17.497374999999998,0.25,0.35355339059327373,False,0.0,0.0,0.0,,,,,False,False,False,0.0,0.0
I-95 NB,GP,110+04152,2025-10-16,663.0,1.136548,3,69.98949999999999,49.49005006185587,6000.0,96,0.25,free_flow_speed,17.497374999999998,0.25,0.35355339059327373,False,0.0,0.0,0.0,,,,,False,False,False,0.0,0.0
I-95 NB,GP,110+04152,2025-10-17,663.0,1.136548,3,69.98949999999999,49.49005006185587,6000.0,96,0.25,free_flow_speed,17.497374999999998,0.25,0.35355339059327373,False,0.0,0.0,0.0,,,,,False,False,False,0.0,0.0
I-95 NB,GP,110+04152,2025-10-20,663.0,1.136548,3,69.98949999999999,49.49005006185587,6000.0,96,0.25,free_flow_speed,17.497374999999998,0.25,0.35355339059327373,False,0.0,0.0,0.0,,,,,False,False,False,0.0,0.0
I-95 NB,GP,110+04152,2025-10-21,663.0,1.136548,3,69.98949999999999,49.49005006185587,6000.0,96,0.25,free_flow_speed,17.497374999999998,0.25,0.35355339059327373,False,0.0,0.0,0.0,,,,,False,False,False,0.0,0.0
I-95 NB,GP,110+04152,2025-10-22,663.0,1.136548,3,69.98949999999999,49.49005006185587,6000.0,96,0.25,free_flow_speed,17.497374999999998,0.25,0.35355339059327373,False,0.0,0.0,0.0,,,,,False,False,False,0.0,0.0
I-95 NB,GP,110+04152,2025-10-23,663.0,1.136548,3,69.98949999999999,49.49005006185587,6000.0,96,0.25,free_flow_speed,17.497374999999998,0.25,0.35355339059327373,False,0.0,0.0,0.0,,,,,False,False,False,0.0,0.0
I-95 NB,GP,110+04152,2025-10-24,663.0,1.136548,3,69.98949999999999,49.49005006185587,6000.0,96,0.25,free_flow_speed,17.497374999999998,0.25,0.35355339059327373,False,0.0,0.0,0.0,,,,,False,False,False,0.0,0.0
I-95 NB,GP,110+04152,2025-10-27,663.0,1.136548,3,69.98949999999999,49.49005006185587,6000.0,96,0.25,free_flow_speed,17.497374999999998,0.25,0.35355339059327373,False,0.0,0.0,0.0,,,,,False,False,False,0.0,0.0
I-95 NB,GP,110+04152,2025-10-28,663.0,1.136548,3,69.98949999999999,49.49005006185587,6000.0,96,0.25,free_flow_speed,17.497374999999998,0.25,0.35355339059327373,False,0.0,0.0,0.0,,,,,False,False,False,0.0,0.0
I-95 NB,GP,110+04152,2025-10-29,663.0,1.136548,3,69.98949999999999,49.49005006185587,6000.0,96,0.25,free_flow_speed,17.497374999999998,0.25,0.35355339059327373,False,0.0,0.0,0.0,,,,,False,False,False,0.0,0.0
I-95 NB,GP,110+04152,2025-10-30,663.0,1.136548,3,69.98949999999999,49.49005006185587,6000.0,96,0.25,free_flow_speed,17.497374999999998,0.25,0.35355339059327373,False,0.0,0.0,0.0,,,,,False,False,False,0.0,0.0
I-95 NB,GP,110+04152,2025-10-31,663.0,1.136548,3,69.98949999999999,49.49005006185587,6000.0,96,0.25,free_flow_speed,17.497374999999998,0.25,0.35355339059327373,False,0.0,0.0,0.0,,,,,False,False,False,0.0,0.0
I-95 NB,GP,110P04153,2025-10-01,666.0,1.015059,4,70.6,49.921738751770256,8000.0,96,0.25,free_flow_speed,17.65,0.25,0.35355339059327373,False,0.0,0.0,0.0,,,,,False,False,False,0.0,0.0
I-95 NB,GP,110P04153,2025-10-02,666.0,1.015059,4,70.6,49.921738751770256,8000.0,96,0.25,free_flow_speed,17.65,0.25,0.35355339059327373,False,0.0,0.0,0.0,,,,,False,False,False,0.0,0.0
I-95 NB,GP,110P04153,2025-10-03,666.0,1.015059,4,70.6,49.921738751770256,8000.0,96,0.25,free_flow_speed,17.65,0.25,0.35355339059327373,False,0.0,0.0,0.0,,,,,False,False,False,0.0,0.0
I-95 NB,GP,110P04153,2025-10-06,666.0,1.015059,4,70.6,49.921738751770256,8000.0,96,0.25,free_flow_speed,17.65,0.25,0.35355339059327373,False,0.0,0.0,0.0,,,,,False,False,False,0.0,0.0
I-95 NB,GP,110P04153,2025-10-07,666.0,1.015059,4,70.6,49.921738751770256,8000.0,96,0.25,free_flow_speed,17.65,0.25,0.35355339059327373,False,0.0,0.0,0.0,,,,,False,False,False,0.0,0.0
I-95 NB,GP,110P04153,2025-10-08,666.0,1.015059,4,70.6,49.921738751770256,8000.0,96,0.25,free_flow_speed,17.65,0.25,0.35355339059327373,True,0.5748993449955218,3753.4550094376254,0.4691818761797032,447.13555454130534,481.62951524103664,14.191111111111107,465.0,False,False,True,0.5835567542318093,1.015059
I-95 NB,GP,110P04153,2025-10-09,666.0,1.015059,4,70.6,49.921738751770256,8000.0,96,0.25,free_flow_speed,17.65,0.25,0.35355339059327373,False,0.0,0.0,0.0,,,,,False,False,False,0.0,0.0
I-95 NB,GP,110P04153,2025-10-10,666.0,1.015059,4,70.6,49.921738751770256,8000.0,96,0.25,free_flow_speed,17.65,0.25,0.35355339059327373,False,0.0,0.0,0.0,,,,,False,False,False,0.0,0.0
I-95 NB,GP,110P04153,2025-10-13,666.0,1.015059,4,70.6,49.921738751770256,8000.0,96,0.25,free_flow_speed,17.65,0.25,0.35355339059327373,False,0.0,0.0,0.0,,,,,False,False,False,0.0,0.0
I-95 NB,GP,110P04153,2025-10-14,666.0,1.015059,4,70.6,49.921738751770256,8000.0,96,0.25,free_flow_speed,17.65,0.25,0.35355339059327373,True,0.6848144846411931,3837.313364787213,0.4796641705984016,440.0169779286927,481.1058470071643,14.778888888888888,465.0,False,False,True,0.6951271059654048,1.015059
I-95 NB,GP,110P04153,2025-10-15,666.0,1.015059,4,70.6,49.921738751770256,8000.0,96,0.25,free_flow_speed,17.65,0.25,0.35355339059327373,False,0.0,0.0,0.0,,,,,False,False,False,0.0,0.0
I-95 NB,GP,110P04153,2025-10-16,666.0,1.015059,4,70.6,49.921738751770256,8000.0,96,0.25,free_flow_speed,17.65,0.25,0.35355339059327373,False,0.0,0.0,0.0,,,,,False,False,False,0.0,0.0
I-95 NB,GP,110P04153,2025-10-17,666.0,1.015059,4,70.6,49.921738751770256,8000.0,96,0.25,free_flow_speed,17.65,0.25,0.35355339059327373,False,0.0,0.0,0.0,,,,,False,False,False,0.0,0.0
I-95 NB,GP,110P04153,2025-10-20,666.0,1.015059,4,70.6,49.921738751770256,8000.0,96,0.25,free_flow_speed,17.65,0.25,0.35355339059327373,False,0.0,0.0,0.0,,,,,False,False,False,0.0,0.0
I-95 NB,GP,110P04153,2025-10-21,666.0,1.015059,4,70.6,49.921738751770256,8000.0,96,0.25,free_flow_speed,17.65,0.25,0.35355339059327373,True,1.233113480975906,5332.998874090789,0.6666248592613486,453.6808083343793,527.6676171929337,9.735555555555555,510.0,False,False,True,1.251682936885922,1.015059
I-95 NB,GP,110P04153,2025-10-22,666.0,1.015059,4,70.6,49.921738751770256,8000.0,96,0.25,free_flow_speed,17.65,0.25,0.35355339059327373,False,0.0,0.0,0.0,,,,,False,False,False,0.0,0.0
I-95 NB,GP,110P04153,2025-10-23,666.0,1.015059,4,70.6,49.921738751770256,8000.0,96,0.25,free_flow_speed,17.65,0.25,0.35355339059327373,False,0.0,0.0,0.0,,,,,False,False,False,0.0,0.0
I-95 NB,GP,110P04153,2025-10-24,666.0,1.015059,4,70.6,49.921738751770256,8000.0,96,0.25,free_flow_speed,17.65,0.25,0.35355339059327373,False,0.0,0.0,0.0,,,,,False,False,False,0.0,0.0
I-95 NB,GP,110P04153,2025-10-27,666.0,1.015059,4,70.6,49.921738751770256,8000.0,96,0.25,free_flow_speed,17.65,0.25,0.35355339059327373,False,0.0,0.0,0.0,,,,,False,False,False,0.0,0.0
I-95 NB,GP,110P04153,2025-10-28,666.0,1.015059,4,70.6,49.921738751770256,8000.0,96,0.25,free_flow_speed,17.65,0.25,0.35355339059327373,False,0.0,0.0,0.0,,,,,False,False,False,0.0,0.0
I-95 NB,GP,110P04153,2025-10-29,666.0,1.015059,4,70.6,49.921738751770256,8000.0,96,0.25,free_flow_speed,17.65,0.25,0.35355339059327373,True,0.6017107289524584,1801.5788294588906,0.22519735368236132,398.8651950278611,434.9678387650086,9.893333333333329,420.0,False,False,True,0.6107718908197534,1.015059
I-95 NB,GP,110P04153,2025-10-30,666.0,1.015059,4,70.6,49.921738751770256,8000.0,96,0.25,free_flow_speed,17.65,0.25,0.35355339059327373,False,0.0,0.0,0.0,,,,,False,False,False,0.0,0.0
I-95 NB,GP,110P04153,2025-10-31,666.0,1.015059,4,70.6,49.921738751770256,8000.0,96,0.25,free_flow_speed,17.65,0.25,0.35355339059327373,False,0.0,0.0,0.0,,,,,False,False,False,0.0,0.0
I-95 NB,GP,110+04154,2025-10-01,667.0,1.495359,4,70.4,49.780317395532954,8000.0,96,0.25,free_flow_speed,17.6,0.25,0.35355339059327373,False,0.0,0.0,0.0,,,,,False,False,False,0.0,0.0
I-95 NB,GP,110+04154,2025-10-02,667.0,1.495359,4,70.4,49.780317395532954,8000.0,96,0.25,free_flow_speed,17.6,0.25,0.35355339059327373,False,0.0,0.0,0.0,,,,,False,False,False,0.0,0.0
I-95 NB,GP,110+04154,2025-10-03,667.0,1.495359,4,70.4,49.780317395532954,8000.0,96,0.25,free_flow_speed,17.6,0.25,0.35355339059327373,False,0.0,0.0,0.0,,,,,False,False,False,0.0,0.0
I-95 NB,GP,110+04154,2025-10-06,667.0,1.495359,4,70.4,49.780317395532954,8000.0,96,0.25,free_flow_speed,17.6,0.25,0.35355339059327373,False,0.0,0.0,0.0,,,,,False,False,False,0.0,0.0
I-95 NB,GP,110+04154,2025-10-07,667.0,1.495359,4,70.4,49.780317395532954,8000.0,96,0.25,free_flow_speed,17.6,0.25,0.35355339059327373,False,0.0,0.0,0.0,,,,,False,False,False,0.0,0.0
I-95 NB,GP,110+04154,2025-10-08,667.0,1.495359,4,70.4,49.780317395532954,8000.0,96,0.25,free_flow_speed,17.6,0.25,0.35355339059327373,True,0.5210146829940944,2662.3380200973606,0.3327922525121701,440.5853051058531,471.84618608549874,16.39,465.0,False,False,True,0.779103995347366,1.495359
I-95 NB,GP,110+04154,2025-10-09,667.0,1.495359,4,70.4,49.780317395532954,8000.0,96,0.25,free_flow_speed,17.6,0.25,0.35355339059327373,False,0.0,0.0,0.0,,,,,False,False,False,0.0,0.0
I-95 NB,GP,110+04154,2025-10-10,667.0,1.495359,4,70.4,49.780317395532954,8000.0,96,0.25,free_flow_speed,17.6,0.25,0.35355339059327373,True,0.6698241422750849,3517.6436191664698,0.4397054523958087,425.16362883181444,465.35307736831953,10.564444444444444,435.0,False,False,True,1.0016275595683288,1.495359
I-95 NB,GP,110+04154,2025-10-13,667.0,1.495359,4,70.4,49.780317395532954,8000.0,96,0.25,free_flow_speed,17.6,0.25,0.35355339059327373,False,0.0,0.0,0.0,,,,,False,False,False,0.0,0.0
I-95 NB,GP,110+04154,2025-10-14,667.0,1.495359,4,70.4,49.780317395532954,8000.0,96,0.25,free_flow_speed,17.6,0.25,0.35355339059327373,True,1.0054834138316275,5217.079850765665,0.652134981345708,426.30938586326766,486.6383906931653,15.341111111111111,465.0,False,False,True,1.5035586722238488,1.495359
I-95 NB,GP,110+04154,2025-10-15,667.0,1.495359,4,70.4,49.780317395532954,8000.0,96,0.25,free_flow_speed,17.6,0.25,0.35355339059327373,False,0.0,0.0,0.0,,,,,False,False,False,0.0,0.0
I-95 NB,GP,110+04154,2025-10-16,667.0,1.495359,4,70.4,49.780317395532954,8000.0,96,0.25,free_flow_speed,17.6,0.25,0.35355339059327373,False,0.0,0.0,0.0,,,,,False,False,False,0.0,0.0
I-95 NB,GP,110+04154,2025-10-17,667.0,1.495359,4,70.4,49.780317395532954,8000.0,96,0.25,free_flow_speed,17.6,0.25,0.35355339059327373,False,0.0,0.0,0.0,,,,,False,False,False,0.0,0.0
I-95 NB,GP,110+04154,2025-10-20,667.0,1.495359,4,70.4,49.780317395532954,8000.0,96,0.25,free_flow_speed,17.6,0.25,0.35355339059327373,True,0.9503544564675025,4952.042518105482,0.6190053147631852,393.7526959022286,450.77396329027874,12.964444444444444,405.0,False,False,True,1.4211210896687883,1.495359
I-95 NB,GP,110+04154,2025-10-21,667.0,1.495359,4,70.4,49.780317395532954,8000.0,96,0.25,free_flow_speed,17.6,0.25,0.35355339059327373,True,1.231055478707638,6166.7799740423125,0.7708474967552891,447.69827586206895,521.5616045845272,12.64,480.0,False,False,True,1.840869889584775,1.495359
I-95 NB,GP,110+04154,2025-10-22,667.0,1.495359,4,70.4,49.780317395532954,8000.0,96,0.25,free_flow_speed,17.6,0.25,0.35355339059327373,False,0.0,0.0,0.0,,,,,False,False,False,0.0,0.0
I-95 NB,GP,110+04154,2025-10-23,667.0,1.495359,4,70.4,49.780317395532954,8000.0,96,0.25,free_flow_speed,17.6,0.25,0.35355339059327373,False,0.0,0.0,0.0,,,,,False,False,False,0.0,0.0
I-95 NB,GP,110+04154,2025-10-24,667.0,1.495359,4,70.4,49.780317395532954,8000.0,96,0.25,free_flow_speed,17.6,0.25,0.35355339059327373,False,0.0,0.0,0.0,,,,,False,False,False,0.0,0.0
I-95 NB,GP,110+04154,2025-10-27,667.0,1.495359,4,70.4,49.780317395532954,8000.0,96,0.25,free_flow_speed,17.6,0.25,0.35355339059327373,False,0.0,0.0,0.0,,,,,False,False,False,0.0,0.0
I-95 NB,GP,110+04154,2025-10-28,667.0,1.495359,4,70.4,49.780317395532954,8000.0,96,0.25,free_flow_speed,17.6,0.25,0.35355339059327373,False,0.0,0.0,0.0,,,,,False,False,False,0.0,0.0
I-95 NB,GP,110+04154,2025-10-29,667.0,1.495359,4,70.4,49.780317395532954,8000.0,96,0.25,free_flow_speed,17.6,0.25,0.35355339059327373,False,0.0,0.0,0.0,,,,,False,False,False,0.0,0.0
I-95 NB,GP,110+04154,2025-10-30,667.0,1.495359,4,70.4,49.780317395532954,8000.0,96,0.25,free_flow_speed,17.6,0.25,0.35355339059327373,False,0.0,0.0,0.0,,,,,False,False,False,0.0,0.0
I-95 NB,GP,110+04154,2025-10-31,667.0,1.495359,4,70.4,49.780317395532954,8000.0,96,0.25,free_flow_speed,17.6,0.25,0.35355339059327373,False,0.0,0.0,0.0,,,,,False,False,False,0.0,0.0
I-95 NB,GP,110P04154,2025-10-01,668.0,0.239936,4,70.8,50.063160108007565,8000.0,96,0.25,free_flow_speed,17.7,0.25,0.35355339059327373,False,0.0,0.0,0.0,,,,,False,False,False,0.0,0.0
I-95 NB,GP,110P04154,2025-10-02,668.0,0.239936,4,70.8,50.063160108007565,8000.0,96,0.25,free_flow_speed,17.7,0.25,0.35355339059327373,False,0.0,0.0,0.0,,,,,False,False,False,0.0,0.0
I-95 NB,GP,110P04154,2025-10-03,668.0,0.239936,4,70.8,50.063160108007565,8000.0,96,0.25,free_flow_speed,17.7,0.25,0.35355339059327373,False,0.0,0.0,0.0,,,,,False,False,False,0.0,0.0
I-95 NB,GP,110P04154,2025-10-06,668.0,0.239936,4,70.8,50.063160108007565,8000.0,96,0.25,free_flow_speed,17.7,0.25,0.35355339059327373,False,0.0,0.0,0.0,,,,,False,False,False,0.0,0.0
I-95 NB,GP,110P04154,2025-10-07,668.0,0.239936,4,70.8,50.063160108007565,8000.0,96,0.25,free_flow_speed,17.7,0.25,0.35355339059327373,False,0.0,0.0,0.0,,,,,False,False,False,0.0,0.0
I-95 NB,GP,110P04154,2025-10-08,668.0,0.239936,4,70.8,50.063160108007565,8000.0,96,0.25,free_flow_speed,17.7,0.25,0.35355339059327373,False,0.0,0.0,0.0,,,,,False,False,False,0.0,0.0
I-95 NB,GP,110P04154,2025-10-09,668.0,0.239936,4,70.8,50.063160108007565,8000.0,96,0.25,free_flow_speed,17.7,0.25,0.35355339059327373,False,0.0,0.0,0.0,,,,,False,False,False,0.0,0.0
I-95 NB,GP,110P04154,2025-10-10,668.0,0.239936,4,70.8,50.063160108007565,8000.0,96,0.25,free_flow_speed,17.7,0.25,0.35355339059327373,True,1.2067297233977758,5566.740995734628,0.6958426244668285,400.06623224014527,472.4700156440118,7.37,435.0,False,False,True,0.2895379029131688,0.239936
I-95 NB,GP,110P04154,2025-10-13,668.0,0.239936,4,70.8,50.063160108007565,8000.0,96,0.25,free_flow_speed,17.7,0.25,0.35355339059327373,False,0.0,0.0,0.0,,,,,False,False,False,0.0,0.0
I-95 NB,GP,110P04154,2025-10-14,668.0,0.239936,4,70.8,50.063160108007565,8000.0,96,0.25,free_flow_speed,17.7,0.25,0.35355339059327373,True,1.0342954990215267,5270.812903759612,0.6588516129699514,426.9422700587084,489.0,15.348888888888888,450.0,False,False,True,0.24816472485322905,0.239936
I-95 NB,GP,110P04154,2025-10-15,668.0,0.239936,4,70.8,50.063160108007565,8000.0,96,0.25,free_flow_speed,17.7,0.25,0.35355339059327373,False,0.0,0.0,0.0,,,,,False,False,False,0.0,0.0
I-95 NB,GP,110P04154,2025-10-16,668.0,0.239936,4,70.8,50.063160108007565,8000.0,96,0.25,free_flow_speed,17.7,0.25,0.35355339059327373,False,0.0,0.0,0.0,,,,,False,False,False,0.0,0.0
I-95 NB,GP,110P04154,2025-10-17,668.0,0.239936,4,70.8,50.063160108007565,8000.0,96,0.25,free_flow_speed,17.7,0.25,0.35355339059327373,False,0.0,0.0,0.0,,,,,False,False,False,0.0,0.0
I-95 NB,GP,110P04154,2025-10-20,668.0,0.239936,4,70.8,50.063160108007565,8000.0,96,0.25,free_flow_speed,17.7,0.25,0.35355339059327373,True,1.0061745067680297,4992.954670607542,0.6241193338259428,387.43191460243605,447.80238500851783,14.06444444444445,405.0,False,False,True,0.24141748645589398,0.239936
I-95 NB,GP,110P04154,2025-10-21,668.0,0.239936,4,70.8,50.063160108007565,8000.0,96,0.25,free_flow_speed,17.7,0.25,0.35355339059327373,False,0.0,0.0,0.0,,,,,False,False,False,0.0,0.0
I-95 NB,GP,110P04154,2025-10-22,668.0,0.239936,4,70.8,50.063160108007565,8000.0,96,0.25,free_flow_speed,17.7,0.25,0.35355339059327373,False,0.0,0.0,0.0,,,,,False,False,False,0.0,0.0
I-95 NB,GP,110P04154,2025-10-23,668.0,0.239936,4,70.8,50.063160108007565,8000.0,96,0.25,free_flow_speed,17.7,0.25,0.35355339059327373,False,0.0,0.0,0.0,,,,,False,False,False,0.0,0.0
I-95 NB,GP,110P04154,2025-10-24,668.0,0.239936,4,70.8,50.063160108007565,8000.0,96,0.25,free_flow_speed,17.7,0.25,0.35355339059327373,False,0.0,0.0,0.0,,,,,False,False,False,0.0,0.0
I-95 NB,GP,110P04154,2025-10-27,668.0,0.239936,4,70.8,50.063160108007565,8000.0,96,0.25,free_flow_speed,17.7,0.25,0.35355339059327373,False,0.0,0.0,0.0,,,,,False,False,False,0.0,0.0
I-95 NB,GP,110P04154,2025-10-28,668.0,0.239936,4,70.8,50.063160108007565,8000.0,96,0.25,free_flow_speed,17.7,0.25,0.35355339059327373,False,0.0,0.0,0.0,,,,,False,False,False,0.0,0.0
I-95 NB,GP,110P04154,2025-10-29,668.0,0.239936,4,70.8,50.063160108007565,8000.0,96,0.25,free_flow_speed,17.7,0.25,0.35355339059327373,False,0.0,0.0,0.0,,,,,False,False,False,0.0,0.0
I-95 NB,GP,110P04154,2025-10-30,668.0,0.239936,4,70.8,50.063160108007565,8000.0,96,0.25,free_flow_speed,17.7,0.25,0.35355339059327373,False,0.0,0.0,0.0,,,,,False,False,False,0.0,0.0
I-95 NB,GP,110P04154,2025-10-31,668.0,0.239936,4,70.8,50.063160108007565,8000.0,96,0.25,free_flow_speed,17.7,0.25,0.35355339059327373,False,0.0,0.0,0.0,,,,,False,False,False,0.0,0.0
I-95 NB,GP,110+04155,2025-10-01,669.0,2.396225,4,69.19,48.92471819029723,8000.0,96,0.25,free_flow_speed,17.2975,0.25,0.35355339059327373,False,0.0,0.0,0.0,,,,,False,False,False,0.0,0.0
I-95 NB,GP,110+04155,2025-10-02,669.0,2.396225,4,69.19,48.92471819029723,8000.0,96,0.25,free_flow_speed,17.2975,0.25,0.35355339059327373,False,0.0,0.0,0.0,,,,,False,False,False,0.0,0.0
I-95 NB,GP,110+04155,2025-10-03,669.0,2.396225,4,69.19,48.92471819029723,8000.0,96,0.25,free_flow_speed,17.2975,0.25,0.35355339059327373,False,0.0,0.0,0.0,,,,,False,False,False,0.0,0.0
I-95 NB,GP,110+04155,2025-10-06,669.0,2.396225,4,69.19,48.92471819029723,8000.0,96,0.25,free_flow_speed,17.2975,0.25,0.35355339059327373,False,0.0,0.0,0.0,,,,,False,False,False,0.0,0.0
I-95 NB,GP,110+04155,2025-10-07,669.0,2.396225,4,69.19,48.92471819029723,8000.0,96,0.25,free_flow_speed,17.2975,0.25,0.35355339059327373,False,0.0,0.0,0.0,,,,,False,False,False,0.0,0.0
I-95 NB,GP,110+04155,2025-10-08,669.0,2.396225,4,69.19,48.92471819029723,8000.0,96,0.25,free_flow_speed,17.2975,0.25,0.35355339059327373,False,0.0,0.0,0.0,,,,,False,False,False,0.0,0.0
I-95 NB,GP,110+04155,2025-10-09,669.0,2.396225,4,69.19,48.92471819029723,8000.0,96,0.25,free_flow_speed,17.2975,0.25,0.35355339059327373,False,0.0,0.0,0.0,,,,,False,False,False,0.0,0.0
I-95 NB,GP,110+04155,2025-10-10,669.0,2.396225,4,69.19,48.92471819029723,8000.0,96,0.25,free_flow_speed,17.2975,0.25,0.35355339059327373,True,1.4033307579665981,6651.584425307698,0.8314480531634623,381.83326451156205,466.03310998955794,7.628888888888889,435.0,False,False,True,3.3626962455085114,2.396225
I-95 NB,GP,110+04155,2025-10-13,669.0,2.396225,4,69.19,48.92471819029723,8000.0,96,0.25,free_flow_speed,17.2975,0.25,0.35355339059327373,False,0.0,0.0,0.0,,,,,False,False,False,0.0,0.0
I-95 NB,GP,110+04155,2025-10-14,669.0,2.396225,4,69.19,48.92471819029723,8000.0,96,0.25,free_flow_speed,17.2975,0.25,0.35355339059327373,False,0.0,0.0,0.0,,,,,False,False,False,0.0,0.0
I-95 NB,GP,110+04155,2025-10-15,669.0,2.396225,4,69.19,48.92471819029723,8000.0,96,0.25,free_flow_speed,17.2975,0.25,0.35355339059327373,False,0.0,0.0,0.0,,,,,False,False,False,0.0,0.0
I-95 NB,GP,110+04155,2025-10-16,669.0,2.396225,4,69.19,48.92471819029723,8000.0,96,0.25,free_flow_speed,17.2975,0.25,0.35355339059327373,False,0.0,0.0,0.0,,,,,False,False,False,0.0,0.0
I-95 NB,GP,110+04155,2025-10-17,669.0,2.396225,4,69.19,48.92471819029723,8000.0,96,0.25,free_flow_speed,17.2975,0.25,0.35355339059327373,False,0.0,0.0,0.0,,,,,False,False,False,0.0,0.0
I-95 NB,GP,110+04155,2025-10-20,669.0,2.396225,4,69.19,48.92471819029723,8000.0,96,0.25,free_flow_speed,17.2975,0.25,0.35355339059327373,False,0.0,0.0,0.0,,,,,False,False,False,0.0,0.0
I-95 NB,GP,110+04155,2025-10-21,669.0,2.396225,4,69.19,48.92471819029723,8000.0,96,0.25,free_flow_speed,17.2975,0.25,0.35355339059327373,False,0.0,0.0,0.0,,,,,False,False,False,0.0,0.0
I-95 NB,GP,110+04155,2025-10-22,669.0,2.396225,4,69.19,48.92471819029723,8000.0,96,0.25,free_flow_speed,17.2975,0.25,0.35355339059327373,False,0.0,0.0,0.0,,,,,False,False,False,0.0,0.0
I-95 NB,GP,110+04155,2025-10-23,669.0,2.396225,4,69.19,48.92471819029723,8000.0,96,0.25,free_flow_speed,17.2975,0.25,0.35355339059327373,False,0.0,0.0,0.0,,,,,False,False,False,0.0,0.0
I-95 NB,GP,110+04155,2025-10-24,669.0,2.396225,4,69.19,48.92471819029723,8000.0,96,0.25,free_flow_speed,17.2975,0.25,0.35355339059327373,False,0.0,0.0,0.0,,,,,False,False,False,0.0,0.0
I-95 NB,GP,110+04155,2025-10-27,669.0,2.396225,4,69.19,48.92471819029723,8000.0,96,0.25,free_flow_speed,17.2975,0.25,0.35355339059327373,False,0.0,0.0,0.0,,,,,False,False,False,0.0,0.0
I-95 NB,GP,110+04155,2025-10-28,669.0,2.396225,4,69.19,48.92471819029723,8000.0,96,0.25,free_flow_speed,17.2975,0.25,0.35355339059327373,False,0.0,0.0,0.0,,,,,False,False,False,0.0,0.0
I-95 NB,GP,110+04155,2025-10-29,669.0,2.396225,4,69.19,48.92471819029723,8000.0,96,0.25,free_flow_speed,17.2975,0.25,0.35355339059327373,False,0.0,0.0,0.0,,,,,False,False,False,0.0,0.0
I-95 NB,GP,110+04155,2025-10-30,669.0,2.396225,4,69.19,48.92471819029723,8000.0,96,0.25,free_flow_speed,17.2975,0.25,0.35355339059327373,False,0.0,0.0,0.0,,,,,False,False,False,0.0,0.0
I-95 NB,GP,110+04155,2025-10-31,669.0,2.396225,4,69.19,48.92471819029723,8000.0,96,0.25,free_flow_speed,17.2975,0.25,0.35355339059327373,False,0.0,0.0,0.0,,,,,False,False,False,0.0,0.0
I-95 NB,GP,110P04155,2025-10-01,670.0,0.556002,4,68.39,48.35903276534799,8000.0,96,0.25,free_flow_speed,17.0975,0.25,0.35355339059327373,False,0.0,0.0,0.0,,,,,False,False,False,0.0,0.0
I-95 NB,GP,110P04155,2025-10-02,670.0,0.556002,4,68.39,48.35903276534799,8000.0,96,0.25,free_flow_speed,17.0975,0.25,0.35355339059327373,False,0.0,0.0,0.0,,,,,False,False,False,0.0,0.0
I-95 NB,GP,110P04155,2025-10-03,670.0,0.556002,4,68.39,48.35903276534799,8000.0,96,0.25,free_flow_speed,17.0975,0.25,0.35355339059327373,False,0.0,0.0,0.0,,,,,False,False,False,0.0,0.0
I-95 NB,GP,110P04155,2025-10-06,670.0,0.556002,4,68.39,48.35903276534799,8000.0,96,0.25,free_flow_speed,17.0975,0.25,0.35355339059327373,False,0.0,0.0,0.0,,,,,False,False,False,0.0,0.0
I-95 NB,GP,110P04155,2025-10-07,670.0,0.556002,4,68.39,48.35903276534799,8000.0,96,0.25,free_flow_speed,17.0975,0.25,0.35355339059327373,False,0.0,0.0,0.0,,,,,False,False,False,0.0,0.0
I-95 NB,GP,110P04155,2025-10-08,670.0,0.556002,4,68.39,48.35903276534799,8000.0,96,0.25,free_flow_speed,17.0975,0.25,0.35355339059327373,False,0.0,0.0,0.0,,,,,False,False,False,0.0,0.0
I-95 NB,GP,110P04155,2025-10-09,670.0,0.556002,4,68.39,48.35903276534799,8000.0,96,0.25,free_flow_speed,17.0975,0.25,0.35355339059327373,False,0.0,0.0,0.0,,,,,False,False,False,0.0,0.0
I-95 NB,GP,110P04155,2025-10-10,670.0,0.556002,4,68.39,48.35903276534799,8000.0,96,0.25,free_flow_speed,17.0975,0.25,0.35355339059327373,True,1.5339518090394422,7560.999362426073,0.9451249203032591,373.3068263688761,465.3439349112426,6.157777777777778,420.0,False,False,True,0.8528802737295479,0.556002
I-95 NB,GP,110P04155,2025-10-13,670.0,0.556002,4,68.39,48.35903276534799,8000.0,96,0.25,free_flow_speed,17.0975,0.25,0.35355339059327373,False,0.0,0.0,0.0,,,,,False,False,False,0.0,0.0
I-95 NB,GP,110P04155,2025-10-14,670.0,0.556002,4,68.39,48.35903276534799,8000.0,96,0.25,free_flow_speed,17.0975,0.25,0.35355339059327373,False,0.0,0.0,0.0,,,,,False,False,False,0.0,0.0
I-95 NB,GP,110P04155,2025-10-15,670.0,0.556002,4,68.39,48.35903276534799,8000.0,96,0.25,free_flow_speed,17.0975,0.25,0.35355339059327373,False,0.0,0.0,0.0,,,,,False,False,False,0.0,0.0
I-95 NB,GP,110P04155,2025-10-16,670.0,0.556002,4,68.39,48.35903276534799,8000.0,96,0.25,free_flow_speed,17.0975,0.25,0.35355339059327373,False,0.0,0.0,0.0,,,,,False,False,False,0.0,0.0
I-95 NB,GP,110P04155,2025-10-17,670.0,0.556002,4,68.39,48.35903276534799,8000.0,96,0.25,free_flow_speed,17.0975,0.25,0.35355339059327373,False,0.0,0.0,0.0,,,,,False,False,False,0.0,0.0
I-95 NB,GP,110P04155,2025-10-20,670.0,0.556002,4,68.39,48.35903276534799,8000.0,96,0.25,free_flow_speed,17.0975,0.25,0.35355339059327373,False,0.0,0.0,0.0,,,,,False,False,False,0.0,0.0
I-95 NB,GP,110P04155,2025-10-21,670.0,0.556002,4,68.39,48.35903276534799,8000.0,96,0.25,free_flow_speed,17.0975,0.25,0.35355339059327373,False,0.0,0.0,0.0,,,,,False,False,False,0.0,0.0
I-95 NB,GP,110P04155,2025-10-22,670.0,0.556002,4,68.39,48.35903276534799,8000.0,96,0.25,free_flow_speed,17.0975,0.25,0.35355339059327373,False,0.0,0.0,0.0,,,,,False,False,False,0.0,0.0
I-95 NB,GP,110P04155,2025-10-23,670.0,0.556002,4,68.39,48.35903276534799,8000.0,96,0.25,free_flow_speed,17.0975,0.25,0.35355339059327373,False,0.0,0.0,0.0,,,,,False,False,False,0.0,0.0
I-95 NB,GP,110P04155,2025-10-24,670.0,0.556002,4,68.39,48.35903276534799,8000.0,96,0.25,free_flow_speed,17.0975,0.25,0.35355339059327373,False,0.0,0.0,0.0,,,,,False,False,False,0.0,0.0
I-95 NB,GP,110P04155,2025-10-27,670.0,0.556002,4,68.39,48.35903276534799,8000.0,96,0.25,free_flow_speed,17.0975,0.25,0.35355339059327373,False,0.0,0.0,0.0,,,,,False,False,False,0.0,0.0
I-95 NB,GP,110P04155,2025-10-28,670.0,0.556002,4,68.39,48.35903276534799,8000.0,96,0.25,free_flow_speed,17.0975,0.25,0.35355339059327373,False,0.0,0.0,0.0,,,,,False,False,False,0.0,0.0
I-95 NB,GP,110P04155,2025-10-29,670.0,0.556002,4,68.39,48.35903276534799,8000.0,96,0.25,free_flow_speed,17.0975,0.25,0.35355339059327373,False,0.0,0.0,0.0,,,,,False,False,False,0.0,0.0
I-95 NB,GP,110P04155,2025-10-30,670.0,0.556002,4,68.39,48.35903276534799,8000.0,96,0.25,free_flow_speed,17.0975,0.25,0.35355339059327373,False,0.0,0.0,0.0,,,,,False,False,False,0.0,0.0
I-95 NB,GP,110P04155,2025-10-31,670.0,0.556002,4,68.39,48.35903276534799,8000.0,96,0.25,free_flow_speed,17.0975,0.25,0.35355339059327373,False,0.0,0.0,0.0,,,,,False,False,False,0.0,0.0
I-95 NB,GP,110+04156,2025-10-01,671.0,0.43656,4,67.9995,48.08290756729464,8000.0,96,0.25,free_flow_speed,16.999875,0.25,0.35355339059327373,False,0.0,0.0,0.0,,,,,False,False,False,0.0,0.0
I-95 NB,GP,110+04156,2025-10-02,671.0,0.43656,4,67.9995,48.08290756729464,8000.0,96,0.25,free_flow_speed,16.999875,0.25,0.35355339059327373,False,0.0,0.0,0.0,,,,,False,False,False,0.0,0.0
I-95 NB,GP,110+04156,2025-10-03,671.0,0.43656,4,67.9995,48.08290756729464,8000.0,96,0.25,free_flow_speed,16.999875,0.25,0.35355339059327373,False,0.0,0.0,0.0,,,,,False,False,False,0.0,0.0
I-95 NB,GP,110+04156,2025-10-06,671.0,0.43656,4,67.9995,48.08290756729464,8000.0,96,0.25,free_flow_speed,16.999875,0.25,0.35355339059327373,False,0.0,0.0,0.0,,,,,False,False,False,0.0,0.0
I-95 NB,GP,110+04156,2025-10-07,671.0,0.43656,4,67.9995,48.08290756729464,8000.0,96,0.25,free_flow_speed,16.999875,0.25,0.35355339059327373,False,0.0,0.0,0.0,,,,,False,False,False,0.0,0.0
I-95 NB,GP,110+04156,2025-10-08,671.0,0.43656,4,67.9995,48.08290756729464,8000.0,96,0.25,free_flow_speed,16.999875,0.25,0.35355339059327373,False,0.0,0.0,0.0,,,,,False,False,False,0.0,0.0
I-95 NB,GP,110+04156,2025-10-09,671.0,0.43656,4,67.9995,48.08290756729464,8000.0,96,0.25,free_flow_speed,16.999875,0.25,0.35355339059327373,False,0.0,0.0,0.0,,,,,False,False,False,0.0,0.0
I-95 NB,GP,110+04156,2025-10-10,671.0,0.43656,4,67.9995,48.08290756729464,8000.0,96,0.25,free_flow_speed,16.999875,0.25,0.35355339059327373,True,1.4082359186132067,5677.554480207722,0.7096943100259653,367.1165578988548,451.6107130156472,5.579999999999999,420.0,False,False,True,0.6147794726297815,0.43656
I-95 NB,GP,110+04156,2025-10-13,671.0,0.43656,4,67.9995,48.08290756729464,8000.0,96,0.25,free_flow_speed,16.999875,0.25,0.35355339059327373,False,0.0,0.0,0.0,,,,,False,False,False,0.0,0.0
I-95 NB,GP,110+04156,2025-10-14,671.0,0.43656,4,67.9995,48.08290756729464,8000.0,96,0.25,free_flow_speed,16.999875,0.25,0.35355339059327373,False,0.0,0.0,0.0,,,,,False,False,False,0.0,0.0
I-95 NB,GP,110+04156,2025-10-15,671.0,0.43656,4,67.9995,48.08290756729464,8000.0,96,0.25,free_flow_speed,16.999875,0.25,0.35355339059327373,False,0.0,0.0,0.0,,,,,False,False,False,0.0,0.0
I-95 NB,GP,110+04156,2025-10-16,671.0,0.43656,4,67.9995,48.08290756729464,8000.0,96,0.25,free_flow_speed,16.999875,0.25,0.35355339059327373,False,0.0,0.0,0.0,,,,,False,False,False,0.0,0.0
I-95 NB,GP,110+04156,2025-10-17,671.0,0.43656,4,67.9995,48.08290756729464,8000.0,96,0.25,free_flow_speed,16.999875,0.25,0.35355339059327373,False,0.0,0.0,0.0,,,,,False,False,False,0.0,0.0
I-95 NB,GP,110+04156,2025-10-20,671.0,0.43656,4,67.9995,48.08290756729464,8000.0,96,0.25,free_flow_speed,16.999875,0.25,0.35355339059327373,False,0.0,0.0,0.0,,,,,False,False,False,0.0,0.0
I-95 NB,GP,110+04156,2025-10-21,671.0,0.43656,4,67.9995,48.08290756729464,8000.0,96,0.25,free_flow_speed,16.999875,0.25,0.35355339059327373,False,0.0,0.0,0.0,,,,,False,False,False,0.0,0.0
I-95 NB,GP,110+04156,2025-10-22,671.0,0.43656,4,67.9995,48.08290756729464,8000.0,96,0.25,free_flow_speed,16.999875,0.25,0.35355339059327373,False,0.0,0.0,0.0,,,,,False,False,False,0.0,0.0
I-95 NB,GP,110+04156,2025-10-23,671.0,0.43656,4,67.9995,48.08290756729464,8000.0,96,0.25,free_flow_speed,16.999875,0.25,0.35355339059327373,False,0.0,0.0,0.0,,,,,False,False,False,0.0,0.0
I-95 NB,GP,110+04156,2025-10-24,671.0,0.43656,4,67.9995,48.08290756729464,8000.0,96,0.25,free_flow_speed,16.999875,0.25,0.35355339059327373,False,0.0,0.0,0.0,,,,,False,False,False,0.0,0.0
I-95 NB,GP,110+04156,2025-10-27,671.0,0.43656,4,67.9995,48.08290756729464,8000.0,96,0.25,free_flow_speed,16.999875,0.25,0.35355339059327373,False,0.0,0.0,0.0,,,,,False,False,False,0.0,0.0
I-95 NB,GP,110+04156,2025-10-28,671.0,0.43656,4,67.9995,48.08290756729464,8000.0,96,0.25,free_flow_speed,16.999875,0.25,0.35355339059327373,False,0.0,0.0,0.0,,,,,False,False,False,0.0,0.0
I-95 NB,GP,110+04156,2025-10-29,671.0,0.43656,4,67.9995,48.08290756729464,8000.0,96,0.25,free_flow_speed,16.999875,0.25,0.35355339059327373,False,0.0,0.0,0.0,,,,,False,False,False,0.0,0.0
I-95 NB,GP,110+04156,2025-10-30,671.0,0.43656,4,67.9995,48.08290756729464,8000.0,96,0.25,free_flow_speed,16.999875,0.25,0.35355339059327373,False,0.0,0.0,0.0,,,,,False,False,False,0.0,0.0
I-95 NB,GP,110+04156,2025-10-31,671.0,0.43656,4,67.9995,48.08290756729464,8000.0,96,0.25,free_flow_speed,16.999875,0.25,0.35355339059327373,False,0.0,0.0,0.0,,,,,False,False,False,0.0,0.0
I-95 NB,GP,110P04156,2025-10-01,672.0,0.764486,4,68.79,48.64187547782261,7600.0,96,0.25,free_flow_speed,17.1975,0.25,0.3535533905932738,False,0.0,0.0,0.0,,,,,False,False,False,0.0,0.0
I-95 NB,GP,110P04156,2025-10-02,672.0,0.764486,4,68.79,48.64187547782261,7600.0,96,0.25,free_flow_speed,17.1975,0.25,0.3535533905932738,False,0.0,0.0,0.0,,,,,False,False,False,0.0,0.0
I-95 NB,GP,110P04156,2025-10-03,672.0,0.764486,4,68.79,48.64187547782261,7600.0,96,0.25,free_flow_speed,17.1975,0.25,0.3535533905932738,False,0.0,0.0,0.0,,,,,False,False,False,0.0,0.0
I-95 NB,GP,110P04156,2025-10-06,672.0,0.764486,4,68.79,48.64187547782261,7600.0,96,0.25,free_flow_speed,17.1975,0.25,0.3535533905932738,False,0.0,0.0,0.0,,,,,False,False,False,0.0,0.0
I-95 NB,GP,110P04156,2025-10-07,672.0,0.764486,4,68.79,48.64187547782261,7600.0,96,0.25,free_flow_speed,17.1975,0.25,0.3535533905932738,False,0.0,0.0,0.0,,,,,False,False,False,0.0,0.0
I-95 NB,GP,110P04156,2025-10-08,672.0,0.764486,4,68.79,48.64187547782261,7600.0,96,0.25,free_flow_speed,17.1975,0.25,0.3535533905932738,False,0.0,0.0,0.0,,,,,False,False,False,0.0,0.0
I-95 NB,GP,110P04156,2025-10-09,672.0,0.764486,4,68.79,48.64187547782261,7600.0,96,0.25,free_flow_speed,17.1975,0.25,0.3535533905932738,False,0.0,0.0,0.0,,,,,False,False,False,0.0,0.0
I-95 NB,GP,110P04156,2025-10-10,672.0,0.764486,4,68.79,48.64187547782261,7600.0,96,0.25,free_flow_speed,17.1975,0.25,0.3535533905932738,True,1.3296122716033911,4101.434479796262,0.5396624315521398,365.49614348677767,445.27287978298114,6.067777777777773,420.0,False,False,True,1.01646996706899,0.764486
I-95 NB,GP,110P04156,2025-10-13,672.0,0.764486,4,68.79,48.64187547782261,7600.0,96,0.25,free_flow_speed,17.1975,0.25,0.3535533905932738,False,0.0,0.0,0.0,,,,,False,False,False,0.0,0.0
I-95 NB,GP,110P04156,2025-10-14,672.0,0.764486,4,68.79,48.64187547782261,7600.0,96,0.25,free_flow_speed,17.1975,0.25,0.3535533905932738,False,0.0,0.0,0.0,,,,,False,False,False,0.0,0.0
I-95 NB,GP,110P04156,2025-10-15,672.0,0.764486,4,68.79,48.64187547782261,7600.0,96,0.25,free_flow_speed,17.1975,0.25,0.3535533905932738,False,0.0,0.0,0.0,,,,,False,False,False,0.0,0.0
I-95 NB,GP,110P04156,2025-10-16,672.0,0.764486,4,68.79,48.64187547782261,7600.0,96,0.25,free_flow_speed,17.1975,0.25,0.3535533905932738,False,0.0,0.0,0.0,,,,,False,False,False,0.0,0.0
I-95 NB,GP,110P04156,2025-10-17,672.0,0.764486,4,68.79,48.64187547782261,7600.0,96,0.25,free_flow_speed,17.1975,0.25,0.3535533905932738,False,0.0,0.0,0.0,,,,,False,False,False,0.0,0.0
I-95 NB,GP,110P04156,2025-10-20,672.0,0.764486,4,68.79,48.64187547782261,7600.0,96,0.25,free_flow_speed,17.1975,0.25,0.3535533905932738,False,0.0,0.0,0.0,,,,,False,False,False,0.0,0.0
I-95 NB,GP,110P04156,2025-10-21,672.0,0.764486,4,68.79,48.64187547782261,7600.0,96,0.25,free_flow_speed,17.1975,0.25,0.3535533905932738,False,0.0,0.0,0.0,,,,,False,False,False,0.0,0.0
I-95 NB,GP,110P04156,2025-10-22,672.0,0.764486,4,68.79,48.64187547782261,7600.0,96,0.25,free_flow_speed,17.1975,0.25,0.3535533905932738,False,0.0,0.0,0.0,,,,,False,False,False,0.0,0.0
I-95 NB,GP,110P04156,2025-10-23,672.0,0.764486,4,68.79,48.64187547782261,7600.0,96,0.25,free_flow_speed,17.1975,0.25,0.3535533905932738,False,0.0,0.0,0.0,,,,,False,False,False,0.0,0.0
I-95 NB,GP,110P04156,2025-10-24,672.0,0.764486,4,68.79,48.64187547782261,7600.0,96,0.25,free_flow_speed,17.1975,0.25,0.3535533905932738,False,0.0,0.0,0.0,,,,,False,False,False,0.0,0.0
I-95 NB,GP,110P04156,2025-10-27,672.0,0.764486,4,68.79,48.64187547782261,7600.0,96,0.25,free_flow_speed,17.1975,0.25,0.3535533905932738,False,0.0,0.0,0.0,,,,,False,False,False,0.0,0.0
I-95 NB,GP,110P04156,2025-10-28,672.0,0.764486,4,68.79,48.64187547782261,7600.0,96,0.25,free_flow_speed,17.1975,0.25,0.3535533905932738,False,0.0,0.0,0.0,,,,,False,False,False,0.0,0.0
I-95 NB,GP,110P04156,2025-10-29,672.0,0.764486,4,68.79,48.64187547782261,7600.0,96,0.25,free_flow_speed,17.1975,0.25,0.3535533905932738,False,0.0,0.0,0.0,,,,,False,False,False,0.0,0.0
I-95 NB,GP,110P04156,2025-10-30,672.0,0.764486,4,68.79,48.64187547782261,7600.0,96,0.25,free_flow_speed,17.1975,0.25,0.3535533905932738,False,0.0,0.0,0.0,,,,,False,False,False,0.0,0.0
I-95 NB,GP,110P04156,2025-10-31,672.0,0.764486,4,68.79,48.64187547782261,7600.0,96,0.25,free_flow_speed,17.1975,0.25,0.3535533905932738,False,0.0,0.0,0.0,,,,,False,False,False,0.0,0.0
I-95 NB,GP,110+04157,2025-10-01,673.0,0.329831,4,69.19,48.92471819029723,7600.0,96,0.25,free_flow_speed,17.2975,0.25,0.35355339059327373,False,0.0,0.0,0.0,,,,,False,False,False,0.0,0.0
I-95 NB,GP,110+04157,2025-10-02,673.0,0.329831,4,69.19,48.92471819029723,7600.0,96,0.25,free_flow_speed,17.2975,0.25,0.35355339059327373,False,0.0,0.0,0.0,,,,,False,False,False,0.0,0.0
I-95 NB,GP,110+04157,2025-10-03,673.0,0.329831,4,69.19,48.92471819029723,7600.0,96,0.25,free_flow_speed,17.2975,0.25,0.35355339059327373,False,0.0,0.0,0.0,,,,,False,False,False,0.0,0.0
I-95 NB,GP,110+04157,2025-10-06,673.0,0.329831,4,69.19,48.92471819029723,7600.0,96,0.25,free_flow_speed,17.2975,0.25,0.35355339059327373,False,0.0,0.0,0.0,,,,,False,False,False,0.0,0.0
I-95 NB,GP,110+04157,2025-10-07,673.0,0.329831,4,69.19,48.92471819029723,7600.0,96,0.25,free_flow_speed,17.2975,0.25,0.35355339059327373,False,0.0,0.0,0.0,,,,,False,False,False,0.0,0.0
I-95 NB,GP,110+04157,2025-10-08,673.0,0.329831,4,69.19,48.92471819029723,7600.0,96,0.25,free_flow_speed,17.2975,0.25,0.35355339059327373,False,0.0,0.0,0.0,,,,,False,False,False,0.0,0.0
I-95 NB,GP,110+04157,2025-10-09,673.0,0.329831,4,69.19,48.92471819029723,7600.0,96,0.25,free_flow_speed,17.2975,0.25,0.35355339059327373,False,0.0,0.0,0.0,,,,,False,False,False,0.0,0.0
I-95 NB,GP,110+04157,2025-10-10,673.0,0.329831,4,69.19,48.92471819029723,7600.0,96,0.25,free_flow_speed,17.2975,0.25,0.35355339059327373,True,1.2582887706995203,4487.722049424451,0.5904897433453226,363.4411719628078,438.938498204779,7.375555555555555,405.0,False,False,True,0.41502264352859347,0.329831
I-95 NB,GP,110+04157,2025-10-13,673.0,0.329831,4,69.19,48.92471819029723,7600.0,96,0.25,free_flow_speed,17.2975,0.25,0.35355339059327373,False,0.0,0.0,0.0,,,,,False,False,False,0.0,0.0
I-95 NB,GP,110+04157,2025-10-14,673.0,0.329831,4,69.19,48.92471819029723,7600.0,96,0.25,free_flow_speed,17.2975,0.25,0.35355339059327373,False,0.0,0.0,0.0,,,,,False,False,False,0.0,0.0
I-95 NB,GP,110+04157,2025-10-15,673.0,0.329831,4,69.19,48.92471819029723,7600.0,96,0.25,free_flow_speed,17.2975,0.25,0.35355339059327373,False,0.0,0.0,0.0,,,,,False,False,False,0.0,0.0
I-95 NB,GP,110+04157,2025-10-16,673.0,0.329831,4,69.19,48.92471819029723,7600.0,96,0.25,free_flow_speed,17.2975,0.25,0.35355339059327373,False,0.0,0.0,0.0,,,,,False,False,False,0.0,0.0
I-95 NB,GP,110+04157,2025-10-17,673.0,0.329831,4,69.19,48.92471819029723,7600.0,96,0.25,free_flow_speed,17.2975,0.25,0.35355339059327373,False,0.0,0.0,0.0,,,,,False,False,False,0.0,0.0
I-95 NB,GP,110+04157,2025-10-20,673.0,0.329831,4,69.19,48.92471819029723,7600.0,96,0.25,free_flow_speed,17.2975,0.25,0.35355339059327373,False,0.0,0.0,0.0,,,,,False,False,False,0.0,0.0
I-95 NB,GP,110+04157,2025-10-21,673.0,0.329831,4,69.19,48.92471819029723,7600.0,96,0.25,free_flow_speed,17.2975,0.25,0.35355339059327373,False,0.0,0.0,0.0,,,,,False,False,False,0.0,0.0
I-95 NB,GP,110+04157,2025-10-22,673.0,0.329831,4,69.19,48.92471819029723,7600.0,96,0.25,free_flow_speed,17.2975,0.25,0.35355339059327373,False,0.0,0.0,0.0,,,,,False,False,False,0.0,0.0
I-95 NB,GP,110+04157,2025-10-23,673.0,0.329831,4,69.19,48.92471819029723,7600.0,96,0.25,free_flow_speed,17.2975,0.25,0.35355339059327373,False,0.0,0.0,0.0,,,,,False,False,False,0.0,0.0
I-95 NB,GP,110+04157,2025-10-24,673.0,0.329831,4,69.19,48.92471819029723,7600.0,96,0.25,free_flow_speed,17.2975,0.25,0.35355339059327373,False,0.0,0.0,0.0,,,,,False,False,False,0.0,0.0
I-95 NB,GP,110+04157,2025-10-27,673.0,0.329831,4,69.19,48.92471819029723,7600.0,96,0.25,free_flow_speed,17.2975,0.25,0.35355339059327373,False,0.0,0.0,0.0,,,,,False,False,False,0.0,0.0
I-95 NB,GP,110+04157,2025-10-28,673.0,0.329831,4,69.19,48.92471819029723,7600.0,96,0.25,free_flow_speed,17.2975,0.25,0.35355339059327373,False,0.0,0.0,0.0,,,,,False,False,False,0.0,0.0
I-95 NB,GP,110+04157,2025-10-29,673.0,0.329831,4,69.19,48.92471819029723,7600.0,96,0.25,free_flow_speed,17.2975,0.25,0.35355339059327373,False,0.0,0.0,0.0,,,,,False,False,False,0.0,0.0
I-95 NB,GP,110+04157,2025-10-30,673.0,0.329831,4,69.19,48.92471819029723,7600.0,96,0.25,free_flow_speed,17.2975,0.25,0.35355339059327373,False,0.0,0.0,0.0,,,,,False,False,False,0.0,0.0
I-95 NB,GP,110+04157,2025-10-31,673.0,0.329831,4,69.19,48.92471819029723,7600.0,96,0.25,free_flow_speed,17.2975,0.25,0.35355339059327373,False,0.0,0.0,0.0,,,,,False,False,False,0.0,0.0
I-95 NB,GP,110P04157,2025-10-01,674.0,0.48243,4,67.99,48.076190052873365,7600.0,96,0.25,free_flow_speed,16.9975,0.25,0.35355339059327373,False,0.0,0.0,0.0,,,,,False,False,False,0.0,0.0
I-95 NB,GP,110P04157,2025-10-02,674.0,0.48243,4,67.99,48.076190052873365,7600.0,96,0.25,free_flow_speed,16.9975,0.25,0.35355339059327373,False,0.0,0.0,0.0,,,,,False,False,False,0.0,0.0
I-95 NB,GP,110P04157,2025-10-03,674.0,0.48243,4,67.99,48.076190052873365,7600.0,96,0.25,free_flow_speed,16.9975,0.25,0.35355339059327373,False,0.0,0.0,0.0,,,,,False,False,False,0.0,0.0
I-95 NB,GP,110P04157,2025-10-06,674.0,0.48243,4,67.99,48.076190052873365,7600.0,96,0.25,free_flow_speed,16.9975,0.25,0.35355339059327373,False,0.0,0.0,0.0,,,,,False,False,False,0.0,0.0
I-95 NB,GP,110P04157,2025-10-07,674.0,0.48243,4,67.99,48.076190052873365,7600.0,96,0.25,free_flow_speed,16.9975,0.25,0.35355339059327373,False,0.0,0.0,0.0,,,,,False,False,False,0.0,0.0
I-95 NB,GP,110P04157,2025-10-08,674.0,0.48243,4,67.99,48.076190052873365,7600.0,96,0.25,free_flow_speed,16.9975,0.25,0.35355339059327373,False,0.0,0.0,0.0,,,,,False,False,False,0.0,0.0
I-95 NB,GP,110P04157,2025-10-09,674.0,0.48243,4,67.99,48.076190052873365,7600.0,96,0.25,free_flow_speed,16.9975,0.25,0.35355339059327373,False,0.0,0.0,0.0,,,,,False,False,False,0.0,0.0
I-95 NB,GP,110P04157,2025-10-10,674.0,0.48243,4,67.99,48.076190052873365,7600.0,96,0.25,free_flow_speed,16.9975,0.25,0.35355339059327373,True,1.2001332901653465,5340.748296566062,0.7027300390218503,366.12118051640545,438.12917792632624,10.657777777777776,405.0,False,False,True,0.5789803031744681,0.48243
I-95 NB,GP,110P04157,2025-10-13,674.0,0.48243,4,67.99,48.076190052873365,7600.0,96,0.25,free_flow_speed,16.9975,0.25,0.35355339059327373,False,0.0,0.0,0.0,,,,,False,False,False,0.0,0.0
I-95 NB,GP,110P04157,2025-10-14,674.0,0.48243,4,67.99,48.076190052873365,7600.0,96,0.25,free_flow_speed,16.9975,0.25,0.35355339059327373,False,0.0,0.0,0.0,,,,,False,False,False,0.0,0.0
I-95 NB,GP,110P04157,2025-10-15,674.0,0.48243,4,67.99,48.076190052873365,7600.0,96,0.25,free_flow_speed,16.9975,0.25,0.35355339059327373,False,0.0,0.0,0.0,,,,,False,False,False,0.0,0.0
I-95 NB,GP,110P04157,2025-10-16,674.0,0.48243,4,67.99,48.076190052873365,7600.0,96,0.25,free_flow_speed,16.9975,0.25,0.35355339059327373,False,0.0,0.0,0.0,,,,,False,False,False,0.0,0.0
I-95 NB,GP,110P04157,2025-10-17,674.0,0.48243,4,67.99,48.076190052873365,7600.0,96,0.25,free_flow_speed,16.9975,0.25,0.35355339059327373,False,0.0,0.0,0.0,,,,,False,False,False,0.0,0.0
I-95 NB,GP,110P04157,2025-10-20,674.0,0.48243,4,67.99,48.076190052873365,7600.0,96,0.25,free_flow_speed,16.9975,0.25,0.35355339059327373,False,0.0,0.0,0.0,,,,,False,False,False,0.0,0.0
I-95 NB,GP,110P04157,2025-10-21,674.0,0.48243,4,67.99,48.076190052873365,7600.0,96,0.25,free_flow_speed,16.9975,0.25,0.35355339059327373,False,0.0,0.0,0.0,,,,,False,False,False,0.0,0.0
I-95 NB,GP,110P04157,2025-10-22,674.0,0.48243,4,67.99,48.076190052873365,7600.0,96,0.25,free_flow_speed,16.9975,0.25,0.35355339059327373,False,0.0,0.0,0.0,,,,,False,False,False,0.0,0.0
I-95 NB,GP,110P04157,2025-10-23,674.0,0.48243,4,67.99,48.076190052873365,7600.0,96,0.25,free_flow_speed,16.9975,0.25,0.35355339059327373,False,0.0,0.0,0.0,,,,,False,False,False,0.0,0.0
I-95 NB,GP,110P04157,2025-10-24,674.0,0.48243,4,67.99,48.076190052873365,7600.0,96,0.25,free_flow_speed,16.9975,0.25,0.35355339059327373,False,0.0,0.0,0.0,,,,,False,False,False,0.0,0.0
I-95 NB,GP,110P04157,2025-10-27,674.0,0.48243,4,67.99,48.076190052873365,7600.0,96,0.25,free_flow_speed,16.9975,0.25,0.35355339059327373,False,0.0,0.0,0.0,,,,,False,False,False,0.0,0.0
I-95 NB,GP,110P04157,2025-10-28,674.0,0.48243,4,67.99,48.076190052873365,7600.0,96,0.25,free_flow_speed,16.9975,0.25,0.35355339059327373,False,0.0,0.0,0.0,,,,,False,False,False,0.0,0.0
I-95 NB,GP,110P04157,2025-10-29,674.0,0.48243,4,67.99,48.076190052873365,7600.0,96,0.25,free_flow_speed,16.9975,0.25,0.35355339059327373,False,0.0,0.0,0.0,,,,,False,False,False,0.0,0.0
I-95 NB,GP,110P04157,2025-10-30,674.0,0.48243,4,67.99,48.076190052873365,7600.0,96,0.25,free_flow_speed,16.9975,0.25,0.35355339059327373,False,0.0,0.0,0.0,,,,,False,False,False,0.0,0.0
I-95 NB,GP,110P04157,2025-10-31,674.0,0.48243,4,67.99,48.076190052873365,7600.0,96,0.25,free_flow_speed,16.9975,0.25,0.35355339059327373,False,0.0,0.0,0.0,,,,,False,False,False,0.0,0.0
I-95 NB,GP,110+04158,2025-10-01,675.0,0.157477,4,65.98949999999999,46.66162293710968,7600.0,96,0.25,free_flow_speed,16.497374999999998,0.25,0.35355339059327373,False,0.0,0.0,0.0,,,,,False,False,False,0.0,0.0
I-95 NB,GP,110+04158,2025-10-02,675.0,0.157477,4,65.98949999999999,46.66162293710968,7600.0,96,0.25,free_flow_speed,16.497374999999998,0.25,0.35355339059327373,False,0.0,0.0,0.0,,,,,False,False,False,0.0,0.0
I-95 NB,GP,110+04158,2025-10-03,675.0,0.157477,4,65.98949999999999,46.66162293710968,7600.0,96,0.25,free_flow_speed,16.497374999999998,0.25,0.35355339059327373,False,0.0,0.0,0.0,,,,,False,False,False,0.0,0.0
I-95 NB,GP,110+04158,2025-10-06,675.0,0.157477,4,65.98949999999999,46.66162293710968,7600.0,96,0.25,free_flow_speed,16.497374999999998,0.25,0.35355339059327373,False,0.0,0.0,0.0,,,,,False,False,False,0.0,0.0
I-95 NB,GP,110+04158,2025-10-07,675.0,0.157477,4,65.98949999999999,46.66162293710968,7600.0,96,0.25,free_flow_speed,16.497374999999998,0.25,0.35355339059327373,False,0.0,0.0,0.0,,,,,False,False,False,0.0,0.0
I-95 NB,GP,110+04158,2025-10-08,675.0,0.157477,4,65.98949999999999,46.66162293710968,7600.0,96,0.25,free_flow_speed,16.497374999999998,0.25,0.35355339059327373,False,0.0,0.0,0.0,,,,,False,False,False,0.0,0.0
I-95 NB,GP,110+04158,2025-10-09,675.0,0.157477,4,65.98949999999999,46.66162293710968,7600.0,96,0.25,free_flow_speed,16.497374999999998,0.25,0.35355339059327373,False,0.0,0.0,0.0,,,,,False,False,False,0.0,0.0
I-95 NB,GP,110+04158,2025-10-10,675.0,0.157477,4,65.98949999999999,46.66162293710968,7600.0,96,0.25,free_flow_speed,16.497374999999998,0.25,0.35355339059327373,False,0.0,0.0,0.0,,,,,False,False,False,0.0,0.0
I-95 NB,GP,110+04158,2025-10-13,675.0,0.157477,4,65.98949999999999,46.66162293710968,7600.0,96,0.25,free_flow_speed,16.497374999999998,0.25,0.35355339059327373,False,0.0,0.0,0.0,,,,,False,False,False,0.0,0.0
I-95 NB,GP,110+04158,2025-10-14,675.0,0.157477,4,65.98949999999999,46.66162293710968,7600.0,96,0.25,free_flow_speed,16.497374999999998,0.25,0.35355339059327373,False,0.0,0.0,0.0,,,,,False,False,False,0.0,0.0
I-95 NB,GP,110+04158,2025-10-15,675.0,0.157477,4,65.98949999999999,46.66162293710968,7600.0,96,0.25,free_flow_speed,16.497374999999998,0.25,0.35355339059327373,False,0.0,0.0,0.0,,,,,False,False,False,0.0,0.0
I-95 NB,GP,110+04158,2025-10-16,675.0,0.157477,4,65.98949999999999,46.66162293710968,7600.0,96,0.25,free_flow_speed,16.497374999999998,0.25,0.35355339059327373,False,0.0,0.0,0.0,,,,,False,False,False,0.0,0.0
I-95 NB,GP,110+04158,2025-10-17,675.0,0.157477,4,65.98949999999999,46.66162293710968,7600.0,96,0.25,free_flow_speed,16.497374999999998,0.25,0.35355339059327373,False,0.0,0.0,0.0,,,,,False,False,False,0.0,0.0
I-95 NB,GP,110+04158,2025-10-20,675.0,0.157477,4,65.98949999999999,46.66162293710968,7600.0,96,0.25,free_flow_speed,16.497374999999998,0.25,0.35355339059327373,False,0.0,0.0,0.0,,,,,False,False,False,0.0,0.0
I-95 NB,GP,110+04158,2025-10-21,675.0,0.157477,4,65.98949999999999,46.66162293710968,7600.0,96,0.25,free_flow_speed,16.497374999999998,0.25,0.35355339059327373,False,0.0,0.0,0.0,,,,,False,False,False,0.0,0.0
I-95 NB,GP,110+04158,2025-10-22,675.0,0.157477,4,65.98949999999999,46.66162293710968,7600.0,96,0.25,free_flow_speed,16.497374999999998,0.25,0.35355339059327373,False,0.0,0.0,0.0,,,,,False,False,False,0.0,0.0
I-95 NB,GP,110+04158,2025-10-23,675.0,0.157477,4,65.98949999999999,46.66162293710968,7600.0,96,0.25,free_flow_speed,16.497374999999998,0.25,0.35355339059327373,False,0.0,0.0,0.0,,,,,False,False,False,0.0,0.0
I-95 NB,GP,110+04158,2025-10-24,675.0,0.157477,4,65.98949999999999,46.66162293710968,7600.0,96,0.25,free_flow_speed,16.497374999999998,0.25,0.35355339059327373,False,0.0,0.0,0.0,,,,,False,False,False,0.0,0.0
I-95 NB,GP,110+04158,2025-10-27,675.0,0.157477,4,65.98949999999999,46.66162293710968,7600.0,96,0.25,free_flow_speed,16.497374999999998,0.25,0.35355339059327373,False,0.0,0.0,0.0,,,,,False,False,False,0.0,0.0
I-95 NB,GP,110+04158,2025-10-28,675.0,0.157477,4,65.98949999999999,46.66162293710968,7600.0,96,0.25,free_flow_speed,16.497374999999998,0.25,0.35355339059327373,False,0.0,0.0,0.0,,,,,False,False,False,0.0,0.0
I-95 NB,GP,110+04158,2025-10-29,675.0,0.157477,4,65.98949999999999,46.66162293710968,7600.0,96,0.25,free_flow_speed,16.497374999999998,0.25,0.35355339059327373,False,0.0,0.0,0.0,,,,,False,False,False,0.0,0.0
I-95 NB,GP,110+04158,2025-10-30,675.0,0.157477,4,65.98949999999999,46.66162293710968,7600.0,96,0.25,free_flow_speed,16.497374999999998,0.25,0.35355339059327373,False,0.0,0.0,0.0,,,,,False,False,False,0.0,0.0
I-95 NB,GP,110+04158,2025-10-31,675.0,0.157477,4,65.98949999999999,46.66162293710968,7600.0,96,0.25,free_flow_speed,16.497374999999998,0.25,0.35355339059327373,False,0.0,0.0,0.0,,,,,False,False,False,0.0,0.0
I-95 NB,GP,110P04159,2025-10-01,676.001,1.247942,4,67.2,47.517575695736,7600.0,96,0.25,free_flow_speed,16.8,0.25,0.35355339059327373,True,0.8532133956174467,3947.4452723702743,0.5194006937329309,509.526304973284,560.7191087103308,8.831111111111111,525.0,False,False,True,1.0647608313536276,1.247942
I-95 NB,GP,110P04159,2025-10-02,676.001,1.247942,4,67.2,47.517575695736,7600.0,96,0.25,free_flow_speed,16.8,0.25,0.35355339059327373,True,0.7861569062997271,3869.470014002309,0.5091407913160934,509.31260380143937,556.482018179423,8.32111111111111,525.0,False,False,True,0.9810782219614942,1.247942
I-95 NB,GP,110P04159,2025-10-03,676.001,1.247942,4,67.2,47.517575695736,7600.0,96,0.25,free_flow_speed,16.8,0.25,0.35355339059327373,False,0.0,0.0,0.0,,,,,False,False,False,0.0,0.0
I-95 NB,GP,110P04159,2025-10-06,676.001,1.247942,4,67.2,47.517575695736,7600.0,96,0.25,free_flow_speed,16.8,0.25,0.35355339059327373,False,0.0,0.0,0.0,,,,,False,False,False,0.0,0.0
I-95 NB,GP,110P04159,2025-10-07,676.001,1.247942,4,67.2,47.517575695736,7600.0,96,0.25,free_flow_speed,16.8,0.25,0.35355339059327373,False,0.0,0.0,0.0,,,,,False,False,False,0.0,0.0
I-95 NB,GP,110P04159,2025-10-08,676.001,1.247942,4,67.2,47.517575695736,7600.0,96,0.25,free_flow_speed,16.8,0.25,0.35355339059327373,False,0.0,0.0,0.0,,,,,False,False,False,0.0,0.0
I-95 NB,GP,110P04159,2025-10-09,676.001,1.247942,4,67.2,47.517575695736,7600.0,96,0.25,free_flow_speed,16.8,0.25,0.35355339059327373,False,0.0,0.0,0.0,,,,,False,False,False,0.0,0.0
I-95 NB,GP,110P04159,2025-10-10,676.001,1.247942,4,67.2,47.517575695736,7600.0,96,0.25,free_flow_speed,16.8,0.25,0.35355339059327373,False,0.0,0.0,0.0,,,,,False,False,False,0.0,0.0
I-95 NB,GP,110P04159,2025-10-13,676.001,1.247942,4,67.2,47.517575695736,7600.0,96,0.25,free_flow_speed,16.8,0.25,0.35355339059327373,False,0.0,0.0,0.0,,,,,False,False,False,0.0,0.0
I-95 NB,GP,110P04159,2025-10-14,676.001,1.247942,4,67.2,47.517575695736,7600.0,96,0.25,free_flow_speed,16.8,0.25,0.35355339059327373,False,0.0,0.0,0.0,,,,,False,False,False,0.0,0.0
I-95 NB,GP,110P04159,2025-10-15,676.001,1.247942,4,67.2,47.517575695736,7600.0,96,0.25,free_flow_speed,16.8,0.25,0.35355339059327373,False,0.0,0.0,0.0,,,,,False,False,False,0.0,0.0
I-95 NB,GP,110P04159,2025-10-16,676.001,1.247942,4,67.2,47.517575695736,7600.0,96,0.25,free_flow_speed,16.8,0.25,0.35355339059327373,True,0.6751771792449991,3539.2613783031775,0.46569228661883916,501.88347457627117,542.3941053309711,11.124444444444444,510.0,False,False,True,0.8425819594213627,1.247942
I-95 NB,GP,110P04159,2025-10-17,676.001,1.247942,4,67.2,47.517575695736,7600.0,96,0.25,free_flow_speed,16.8,0.25,0.35355339059327373,False,0.0,0.0,0.0,,,,,False,False,False,0.0,0.0
I-95 NB,GP,110P04159,2025-10-20,676.001,1.247942,4,67.2,47.517575695736,7600.0,87,0.25,free_flow_speed,16.8,0.25,0.35355339059327373,False,0.0,0.0,0.0,,,,,False,False,False,0.0,0.0
I-95 NB,GP,110P04159,2025-10-21,676.001,1.247942,4,67.2,47.517575695736,7600.0,96,0.25,free_flow_speed,16.8,0.25,0.35355339059327373,False,0.0,0.0,0.0,,,,,False,False,False,0.0,0.0
I-95 NB,GP,110P04159,2025-10-22,676.001,1.247942,4,67.2,47.517575695736,7600.0,96,0.25,free_flow_speed,16.8,0.25,0.35355339059327373,False,0.0,0.0,0.0,,,,,False,False,False,0.0,0.0
I-95 NB,GP,110P04159,2025-10-23,676.001,1.247942,4,67.2,47.517575695736,7600.0,96,0.25,free_flow_speed,16.8,0.25,0.35355339059327373,False,0.0,0.0,0.0,,,,,False,False,False,0.0,0.0
I-95 NB,GP,110P04159,2025-10-24,676.001,1.247942,4,67.2,47.517575695736,7600.0,96,0.25,free_flow_speed,16.8,0.25,0.35355339059327373,False,0.0,0.0,0.0,,,,,False,False,False,0.0,0.0
I-95 NB,GP,110P04159,2025-10-27,676.001,1.247942,4,67.2,47.517575695736,7600.0,96,0.25,free_flow_speed,16.8,0.25,0.35355339059327373,False,0.0,0.0,0.0,,,,,False,False,False,0.0,0.0
I-95 NB,GP,110P04159,2025-10-28,676.001,1.247942,4,67.2,47.517575695736,7600.0,96,0.25,free_flow_speed,16.8,0.25,0.35355339059327373,False,0.0,0.0,0.0,,,,,False,False,False,0.0,0.0
I-95 NB,GP,110P04159,2025-10-29,676.001,1.247942,4,67.2,47.517575695736,7600.0,96,0.25,free_flow_speed,16.8,0.25,0.35355339059327373,False,0.0,0.0,0.0,,,,,False,False,False,0.0,0.0
I-95 NB,GP,110P04159,2025-10-30,676.001,1.247942,4,67.2,47.517575695736,7600.0,96,0.25,free_flow_speed,16.8,0.25,0.35355339059327373,False,0.0,0.0,0.0,,,,,False,False,False,0.0,0.0
I-95 NB,GP,110P04159,2025-10-31,676.001,1.247942,4,67.2,47.517575695736,7600.0,96,0.25,free_flow_speed,16.8,0.25,0.35355339059327373,False,0.0,0.0,0.0,,,,,False,False,False,0.0,0.0
I-95 NB,GP,110P04146,2025-10-01,652.0,0.473619,3,71.99,50.904617177619556,6000.0,96,0.5,free_flow_speed,35.995,0.5,0.7071067811865475,False,0.0,0.0,0.0,,,,,False,False,False,0.0,0.0
I-95 NB,GP,110P04146,2025-10-02,652.0,0.473619,3,71.99,50.904617177619556,6000.0,96,0.5,free_flow_speed,35.995,0.5,0.7071067811865475,False,0.0,0.0,0.0,,,,,False,False,False,0.0,0.0
I-95 NB,GP,110P04146,2025-10-03,652.0,0.473619,3,71.99,50.904617177619556,6000.0,96,0.5,free_flow_speed,35.995,0.5,0.7071067811865475,False,0.0,0.0,0.0,,,,,False,False,False,0.0,0.0
I-95 NB,GP,110P04146,2025-10-06,652.0,0.473619,3,71.99,50.904617177619556,6000.0,96,0.5,free_flow_speed,35.995,0.5,0.7071067811865475,False,0.0,0.0,0.0,,,,,False,False,False,0.0,0.0
I-95 NB,GP,110P04146,2025-10-07,652.0,0.473619,3,71.99,50.904617177619556,6000.0,96,0.5,free_flow_speed,35.995,0.5,0.7071067811865475,False,0.0,0.0,0.0,,,,,False,False,False,0.0,0.0
I-95 NB,GP,110P04146,2025-10-08,652.0,0.473619,3,71.99,50.904617177619556,6000.0,96,0.5,free_flow_speed,35.995,0.5,0.7071067811865475,False,0.0,0.0,0.0,,,,,False,False,False,0.0,0.0
I-95 NB,GP,110P04146,2025-10-09,652.0,0.473619,3,71.99,50.904617177619556,6000.0,96,0.5,free_flow_speed,35.995,0.5,0.7071067811865475,False,0.0,0.0,0.0,,,,,False,False,False,0.0,0.0
I-95 NB,GP,110P04146,2025-10-10,652.0,0.473619,3,71.99,50.904617177619556,6000.0,96,0.5,free_flow_speed,35.995,0.5,0.7071067811865475,False,0.0,0.0,0.0,,,,,False,False,False,0.0,0.0
I-95 NB,GP,110P04146,2025-10-13,652.0,0.473619,3,71.99,50.904617177619556,6000.0,96,0.5,free_flow_speed,35.995,0.5,0.7071067811865475,False,0.0,0.0,0.0,,,,,False,False,False,0.0,0.0
I-95 NB,GP,110P04146,2025-10-14,652.0,0.473619,3,71.99,50.904617177619556,6000.0,96,0.5,free_flow_speed,35.995,0.5,0.7071067811865475,False,0.0,0.0,0.0,,,,,False,False,False,0.0,0.0
I-95 NB,GP,110P04146,2025-10-15,652.0,0.473619,3,71.99,50.904617177619556,6000.0,96,0.5,free_flow_speed,35.995,0.5,0.7071067811865475,False,0.0,0.0,0.0,,,,,False,False,False,0.0,0.0
I-95 NB,GP,110P04146,2025-10-16,652.0,0.473619,3,71.99,50.904617177619556,6000.0,96,0.5,free_flow_speed,35.995,0.5,0.7071067811865475,False,0.0,0.0,0.0,,,,,False,False,False,0.0,0.0
I-95 NB,GP,110P04146,2025-10-17,652.0,0.473619,3,71.99,50.904617177619556,6000.0,96,0.5,free_flow_speed,35.995,0.5,0.7071067811865475,False,0.0,0.0,0.0,,,,,False,False,False,0.0,0.0
I-95 NB,GP,110P04146,2025-10-20,652.0,0.473619,3,71.99,50.904617177619556,6000.0,96,0.5,free_flow_speed,35.995,0.5,0.7071067811865475,False,0.0,0.0,0.0,,,,,False,False,False,0.0,0.0
I-95 NB,GP,110P04146,2025-10-21,652.0,0.473619,3,71.99,50.904617177619556,6000.0,96,0.5,free_flow_speed,35.995,0.5,0.7071067811865475,False,0.0,0.0,0.0,,,,,False,False,False,0.0,0.0
I-95 NB,GP,110P04146,2025-10-22,652.0,0.473619,3,71.99,50.904617177619556,6000.0,96,0.5,free_flow_speed,35.995,0.5,0.7071067811865475,False,0.0,0.0,0.0,,,,,False,False,False,0.0,0.0
I-95 NB,GP,110P04146,2025-10-23,652.0,0.473619,3,71.99,50.904617177619556,6000.0,96,0.5,free_flow_speed,35.995,0.5,0.7071067811865475,False,0.0,0.0,0.0,,,,,False,False,False,0.0,0.0
I-95 NB,GP,110P04146,2025-10-24,652.0,0.473619,3,71.99,50.904617177619556,6000.0,96,0.5,free_flow_speed,35.995,0.5,0.7071067811865475,False,0.0,0.0,0.0,,,,,False,False,False,0.0,0.0
I-95 NB,GP,110P04146,2025-10-27,652.0,0.473619,3,71.99,50.904617177619556,6000.0,96,0.5,free_flow_speed,35.995,0.5,0.7071067811865475,False,0.0,0.0,0.0,,,,,False,False,False,0.0,0.0
I-95 NB,GP,110P04146,2025-10-28,652.0,0.473619,3,71.99,50.904617177619556,6000.0,96,0.5,free_flow_speed,35.995,0.5,0.7071067811865475,False,0.0,0.0,0.0,,,,,False,False,False,0.0,0.0
I-95 NB,GP,110P04146,2025-10-29,652.0,0.473619,3,71.99,50.904617177619556,6000.0,96,0.5,free_flow_speed,35.995,0.5,0.7071067811865475,False,0.0,0.0,0.0,,,,,False,False,False,0.0,0.0
I-95 NB,GP,110P04146,2025-10-30,652.0,0.473619,3,71.99,50.904617177619556,6000.0,96,0.5,free_flow_speed,35.995,0.5,0.7071067811865475,True,1.7819846688138294,6668.356851841024,1.1113928086401705,393.512038581478,500.43111871030777,9.64111111111111,420.0,False,False,True,0.8439817968589371,0.473619
I-95 NB,GP,110P04146,2025-10-31,652.0,0.473619,3,71.99,50.904617177619556,6000.0,96,0.5,free_flow_speed,35.995,0.5,0.7071067811865475,False,0.0,0.0,0.0,,,,,False,False,False,0.0,0.0
I-95 NB,GP,110+04147,2025-10-01,653.0,1.829664,3,72.0,50.91168824543143,6000.0,96,0.5,free_flow_speed,36.0,0.5,0.7071067811865475,False,0.0,0.0,0.0,,,,,False,False,False,0.0,0.0
I-95 NB,GP,110+04147,2025-10-02,653.0,1.829664,3,72.0,50.91168824543143,6000.0,96,0.5,free_flow_speed,36.0,0.5,0.7071067811865475,False,0.0,0.0,0.0,,,,,False,False,False,0.0,0.0
I-95 NB,GP,110+04147,2025-10-03,653.0,1.829664,3,72.0,50.91168824543143,6000.0,96,0.5,free_flow_speed,36.0,0.5,0.7071067811865475,False,0.0,0.0,0.0,,,,,False,False,False,0.0,0.0
I-95 NB,GP,110+04147,2025-10-06,653.0,1.829664,3,72.0,50.91168824543143,6000.0,96,0.5,free_flow_speed,36.0,0.5,0.7071067811865475,False,0.0,0.0,0.0,,,,,False,False,False,0.0,0.0
I-95 NB,GP,110+04147,2025-10-07,653.0,1.829664,3,72.0,50.91168824543143,6000.0,96,0.5,free_flow_speed,36.0,0.5,0.7071067811865475,False,0.0,0.0,0.0,,,,,False,False,False,0.0,0.0
I-95 NB,GP,110+04147,2025-10-08,653.0,1.829664,3,72.0,50.91168824543143,6000.0,96,0.5,free_flow_speed,36.0,0.5,0.7071067811865475,False,0.0,0.0,0.0,,,,,False,False,False,0.0,0.0
I-95 NB,GP,110+04147,2025-10-09,653.0,1.829664,3,72.0,50.91168824543143,6000.0,96,0.5,free_flow_speed,36.0,0.5,0.7071067811865475,False,0.0,0.0,0.0,,,,,False,False,False,0.0,0.0
I-95 NB,GP,110+04147,2025-10-10,653.0,1.829664,3,72.0,50.91168824543143,6000.0,96,0.5,free_flow_speed,36.0,0.5,0.7071067811865475,False,0.0,0.0,0.0,,,,,False,False,False,0.0,0.0
I-95 NB,GP,110+04147,2025-10-13,653.0,1.829664,3,72.0,50.91168824543143,6000.0,96,0.5,free_flow_speed,36.0,0.5,0.7071067811865475,False,0.0,0.0,0.0,,,,,False,False,False,0.0,0.0
I-95 NB,GP,110+04147,2025-10-14,653.0,1.829664,3,72.0,50.91168824543143,6000.0,96,0.5,free_flow_speed,36.0,0.5,0.7071067811865475,False,0.0,0.0,0.0,,,,,False,False,False,0.0,0.0
I-95 NB,GP,110+04147,2025-10-15,653.0,1.829664,3,72.0,50.91168824543143,6000.0,96,0.5,free_flow_speed,36.0,0.5,0.7071067811865475,False,0.0,0.0,0.0,,,,,False,False,False,0.0,0.0
I-95 NB,GP,110+04147,2025-10-16,653.0,1.829664,3,72.0,50.91168824543143,6000.0,96,0.5,free_flow_speed,36.0,0.5,0.7071067811865475,False,0.0,0.0,0.0,,,,,False,False,False,0.0,0.0
I-95 NB,GP,110+04147,2025-10-17,653.0,1.829664,3,72.0,50.91168824543143,6000.0,96,0.5,free_flow_speed,36.0,0.5,0.7071067811865475,False,0.0,0.0,0.0,,,,,False,False,False,0.0,0.0
I-95 NB,GP,110+04147,2025-10-20,653.0,1.829664,3,72.0,50.91168824543143,6000.0,96,0.5,free_flow_speed,36.0,0.5,0.7071067811865475,False,0.0,0.0,0.0,,,,,False,False,False,0.0,0.0
I-95 NB,GP,110+04147,2025-10-21,653.0,1.829664,3,72.0,50.91168824543143,6000.0,96,0.5,free_flow_speed,36.0,0.5,0.7071067811865475,False,0.0,0.0,0.0,,,,,False,False,False,0.0,0.0
I-95 NB,GP,110+04147,2025-10-22,653.0,1.829664,3,72.0,50.91168824543143,6000.0,96,0.5,free_flow_speed,36.0,0.5,0.7071067811865475,False,0.0,0.0,0.0,,,,,False,False,False,0.0,0.0
I-95 NB,GP,110+04147,2025-10-23,653.0,1.829664,3,72.0,50.91168824543143,6000.0,96,0.5,free_flow_speed,36.0,0.5,0.7071067811865475,False,0.0,0.0,0.0,,,,,False,False,False,0.0,0.0
I-95 NB,GP,110+04147,2025-10-24,653.0,1.829664,3,72.0,50.91168824543143,6000.0,96,0.5,free_flow_speed,36.0,0.5,0.7071067811865475,False,0.0,0.0,0.0,,,,,False,False,False,0.0,0.0
I-95 NB,GP,110+04147,2025-10-27,653.0,1.829664,3,72.0,50.91168824543143,6000.0,96,0.5,free_flow_speed,36.0,0.5,0.7071067811865475,False,0.0,0.0,0.0,,,,,False,False,False,0.0,0.0
I-95 NB,GP,110+04147,2025-10-28,653.0,1.829664,3,72.0,50.91168824543143,6000.0,96,0.5,free_flow_speed,36.0,0.5,0.7071067811865475,False,0.0,0.0,0.0,,,,,False,False,False,0.0,0.0
I-95 NB,GP,110+04147,2025-10-29,653.0,1.829664,3,72.0,50.91168824543143,6000.0,96,0.5,free_flow_speed,36.0,0.5,0.7071067811865475,False,0.0,0.0,0.0,,,,,False,False,False,0.0,0.0
I-95 NB,GP,110+04147,2025-10-30,653.0,1.829664,3,72.0,50.91168824543143,6000.0,96,0.5,free_flow_speed,36.0,0.5,0.7071067811865475,True,2.0538352449008177,7575.595292909849,1.262599215484975,384.12373145979706,507.3538461538461,8.363333333333328,420.0,False,False,True,3.75782840952621,1.829664
I-95 NB,GP,110+04147,2025-10-31,653.0,1.829664,3,72.0,50.91168824543143,6000.0,96,0.5,free_flow_speed,36.0,0.5,0.7071067811865475,False,0.0,0.0,0.0,,,,,False,False,False,0.0,0.0
I-95 NB,GP,110P04147,2025-10-01,654.0,0.398953,3,72.38,51.18038882228231,6000.0,96,0.5,free_flow_speed,36.19,0.5,0.7071067811865475,False,0.0,0.0,0.0,,,,,False,False,False,0.0,0.0
I-95 NB,GP,110P04147,2025-10-02,654.0,0.398953,3,72.38,51.18038882228231,6000.0,96,0.5,free_flow_speed,36.19,0.5,0.7071067811865475,False,0.0,0.0,0.0,,,,,False,False,False,0.0,0.0
I-95 NB,GP,110P04147,2025-10-03,654.0,0.398953,3,72.38,51.18038882228231,6000.0,96,0.5,free_flow_speed,36.19,0.5,0.7071067811865475,False,0.0,0.0,0.0,,,,,False,False,False,0.0,0.0
I-95 NB,GP,110P04147,2025-10-06,654.0,0.398953,3,72.38,51.18038882228231,6000.0,96,0.5,free_flow_speed,36.19,0.5,0.7071067811865475,False,0.0,0.0,0.0,,,,,False,False,False,0.0,0.0
I-95 NB,GP,110P04147,2025-10-07,654.0,0.398953,3,72.38,51.18038882228231,6000.0,96,0.5,free_flow_speed,36.19,0.5,0.7071067811865475,False,0.0,0.0,0.0,,,,,False,False,False,0.0,0.0
I-95 NB,GP,110P04147,2025-10-08,654.0,0.398953,3,72.38,51.18038882228231,6000.0,96,0.5,free_flow_speed,36.19,0.5,0.7071067811865475,False,0.0,0.0,0.0,,,,,False,False,False,0.0,0.0
I-95 NB,GP,110P04147,2025-10-09,654.0,0.398953,3,72.38,51.18038882228231,6000.0,96,0.5,free_flow_speed,36.19,0.5,0.7071067811865475,False,0.0,0.0,0.0,,,,,False,False,False,0.0,0.0
I-95 NB,GP,110P04147,2025-10-10,654.0,0.398953,3,72.38,51.18038882228231,6000.0,96,0.5,free_flow_speed,36.19,0.5,0.7071067811865475,False,0.0,0.0,0.0,,,,,False,False,False,0.0,0.0
I-95 NB,GP,110P04147,2025-10-13,654.0,0.398953,3,72.38,51.18038882228231,6000.0,96,0.5,free_flow_speed,36.19,0.5,0.7071067811865475,False,0.0,0.0,0.0,,,,,False,False,False,0.0,0.0
I-95 NB,GP,110P04147,2025-10-14,654.0,0.398953,3,72.38,51.18038882228231,6000.0,96,0.5,free_flow_speed,36.19,0.5,0.7071067811865475,False,0.0,0.0,0.0,,,,,False,False,False,0.0,0.0
I-95 NB,GP,110P04147,2025-10-15,654.0,0.398953,3,72.38,51.18038882228231,6000.0,96,0.5,free_flow_speed,36.19,0.5,0.7071067811865475,False,0.0,0.0,0.0,,,,,False,False,False,0.0,0.0
I-95 NB,GP,110P04147,2025-10-16,654.0,0.398953,3,72.38,51.18038882228231,6000.0,96,0.5,free_flow_speed,36.19,0.5,0.7071067811865475,False,0.0,0.0,0.0,,,,,False,False,False,0.0,0.0
I-95 NB,GP,110P04147,2025-10-17,654.0,0.398953,3,72.38,51.18038882228231,6000.0,96,0.5,free_flow_speed,36.19,0.5,0.7071067811865475,False,0.0,0.0,0.0,,,,,False,False,False,0.0,0.0
I-95 NB,GP,110P04147,2025-10-20,654.0,0.398953,3,72.38,51.18038882228231,6000.0,96,0.5,free_flow_speed,36.19,0.5,0.7071067811865475,False,0.0,0.0,0.0,,,,,False,False,False,0.0,0.0
I-95 NB,GP,110P04147,2025-10-21,654.0,0.398953,3,72.38,51.18038882228231,6000.0,96,0.5,free_flow_speed,36.19,0.5,0.7071067811865475,False,0.0,0.0,0.0,,,,,False,False,False,0.0,0.0
I-95 NB,GP,110P04147,2025-10-22,654.0,0.398953,3,72.38,51.18038882228231,6000.0,96,0.5,free_flow_speed,36.19,0.5,0.7071067811865475,False,0.0,0.0,0.0,,,,,False,False,False,0.0,0.0
I-95 NB,GP,110P04147,2025-10-23,654.0,0.398953,3,72.38,51.18038882228231,6000.0,96,0.5,free_flow_speed,36.19,0.5,0.7071067811865475,False,0.0,0.0,0.0,,,,,False,False,False,0.0,0.0
I-95 NB,GP,110P04147,2025-10-24,654.0,0.398953,3,72.38,51.18038882228231,6000.0,96,0.5,free_flow_speed,36.19,0.5,0.7071067811865475,False,0.0,0.0,0.0,,,,,False,False,False,0.0,0.0
I-95 NB,GP,110P04147,2025-10-27,654.0,0.398953,3,72.38,51.18038882228231,6000.0,96,0.5,free_flow_speed,36.19,0.5,0.7071067811865475,False,0.0,0.0,0.0,,,,,False,False,False,0.0,0.0
I-95 NB,GP,110P04147,2025-10-28,654.0,0.398953,3,72.38,51.18038882228231,6000.0,96,0.5,free_flow_speed,36.19,0.5,0.7071067811865475,False,0.0,0.0,0.0,,,,,False,False,False,0.0,0.0
I-95 NB,GP,110P04147,2025-10-29,654.0,0.398953,3,72.38,51.18038882228231,6000.0,96,0.5,free_flow_speed,36.19,0.5,0.7071067811865475,False,0.0,0.0,0.0,,,,,False,False,False,0.0,0.0
I-95 NB,GP,110P04147,2025-10-30,654.0,0.398953,3,72.38,51.18038882228231,6000.0,96,0.5,free_flow_speed,36.19,0.5,0.7071067811865475,True,2.255139115836234,8156.306847010746,1.3593844745017911,377.6320945325415,512.9404414827155,7.834444444444446,405.0,False,False,True,0.8996945156802131,0.398953
I-95 NB,GP,110P04147,2025-10-31,654.0,0.398953,3,72.38,51.18038882228231,6000.0,96,0.5,free_flow_speed,36.19,0.5,0.7071067811865475,False,0.0,0.0,0.0,,,,,False,False,False,0.0,0.0
I-95 NB,GP,110+04148,2025-10-01,655.0,1.977963,3,71.59,50.621774465144945,6000.0,96,0.5,free_flow_speed,35.795,0.5,0.7071067811865475,False,0.0,0.0,0.0,,,,,False,False,False,0.0,0.0
I-95 NB,GP,110+04148,2025-10-02,655.0,1.977963,3,71.59,50.621774465144945,6000.0,96,0.5,free_flow_speed,35.795,0.5,0.7071067811865475,False,0.0,0.0,0.0,,,,,False,False,False,0.0,0.0
I-95 NB,GP,110+04148,2025-10-03,655.0,1.977963,3,71.59,50.621774465144945,6000.0,96,0.5,free_flow_speed,35.795,0.5,0.7071067811865475,False,0.0,0.0,0.0,,,,,False,False,False,0.0,0.0
I-95 NB,GP,110+04148,2025-10-06,655.0,1.977963,3,71.59,50.621774465144945,6000.0,96,0.5,free_flow_speed,35.795,0.5,0.7071067811865475,False,0.0,0.0,0.0,,,,,False,False,False,0.0,0.0
I-95 NB,GP,110+04148,2025-10-07,655.0,1.977963,3,71.59,50.621774465144945,6000.0,96,0.5,free_flow_speed,35.795,0.5,0.7071067811865475,False,0.0,0.0,0.0,,,,,False,False,False,0.0,0.0
I-95 NB,GP,110+04148,2025-10-08,655.0,1.977963,3,71.59,50.621774465144945,6000.0,96,0.5,free_flow_speed,35.795,0.5,0.7071067811865475,False,0.0,0.0,0.0,,,,,False,False,False,0.0,0.0
I-95 NB,GP,110+04148,2025-10-09,655.0,1.977963,3,71.59,50.621774465144945,6000.0,96,0.5,free_flow_speed,35.795,0.5,0.7071067811865475,False,0.0,0.0,0.0,,,,,False,False,False,0.0,0.0
I-95 NB,GP,110+04148,2025-10-10,655.0,1.977963,3,71.59,50.621774465144945,6000.0,96,0.5,free_flow_speed,35.795,0.5,0.7071067811865475,False,0.0,0.0,0.0,,,,,False,False,False,0.0,0.0
I-95 NB,GP,110+04148,2025-10-13,655.0,1.977963,3,71.59,50.621774465144945,6000.0,96,0.5,free_flow_speed,35.795,0.5,0.7071067811865475,False,0.0,0.0,0.0,,,,,False,False,False,0.0,0.0
I-95 NB,GP,110+04148,2025-10-14,655.0,1.977963,3,71.59,50.621774465144945,6000.0,96,0.5,free_flow_speed,35.795,0.5,0.7071067811865475,False,0.0,0.0,0.0,,,,,False,False,False,0.0,0.0
I-95 NB,GP,110+04148,2025-10-15,655.0,1.977963,3,71.59,50.621774465144945,6000.0,96,0.5,free_flow_speed,35.795,0.5,0.7071067811865475,False,0.0,0.0,0.0,,,,,False,False,False,0.0,0.0
I-95 NB,GP,110+04148,2025-10-16,655.0,1.977963,3,71.59,50.621774465144945,6000.0,96,0.5,free_flow_speed,35.795,0.5,0.7071067811865475,False,0.0,0.0,0.0,,,,,False,False,False,0.0,0.0
I-95 NB,GP,110+04148,2025-10-17,655.0,1.977963,3,71.59,50.621774465144945,6000.0,96,0.5,free_flow_speed,35.795,0.5,0.7071067811865475,False,0.0,0.0,0.0,,,,,False,False,False,0.0,0.0
I-95 NB,GP,110+04148,2025-10-20,655.0,1.977963,3,71.59,50.621774465144945,6000.0,96,0.5,free_flow_speed,35.795,0.5,0.7071067811865475,False,0.0,0.0,0.0,,,,,False,False,False,0.0,0.0
I-95 NB,GP,110+04148,2025-10-21,655.0,1.977963,3,71.59,50.621774465144945,6000.0,96,0.5,free_flow_speed,35.795,0.5,0.7071067811865475,False,0.0,0.0,0.0,,,,,False,False,False,0.0,0.0
I-95 NB,GP,110+04148,2025-10-22,655.0,1.977963,3,71.59,50.621774465144945,6000.0,96,0.5,free_flow_speed,35.795,0.5,0.7071067811865475,False,0.0,0.0,0.0,,,,,False,False,False,0.0,0.0
I-95 NB,GP,110+04148,2025-10-23,655.0,1.977963,3,71.59,50.621774465144945,6000.0,96,0.5,free_flow_speed,35.795,0.5,0.7071067811865475,False,0.0,0.0,0.0,,,,,False,False,False,0.0,0.0
I-95 NB,GP,110+04148,2025-10-24,655.0,1.977963,3,71.59,50.621774465144945,6000.0,96,0.5,free_flow_speed,35.795,0.5,0.7071067811865475,False,0.0,0.0,0.0,,,,,False,False,False,0.0,0.0
I-95 NB,GP,110+04148,2025-10-27,655.0,1.977963,3,71.59,50.621774465144945,6000.0,96,0.5,free_flow_speed,35.795,0.5,0.7071067811865475,False,0.0,0.0,0.0,,,,,False,False,False,0.0,0.0
I-95 NB,GP,110+04148,2025-10-28,655.0,1.977963,3,71.59,50.621774465144945,6000.0,96,0.5,free_flow_speed,35.795,0.5,0.7071067811865475,False,0.0,0.0,0.0,,,,,False,False,False,0.0,0.0
I-95 NB,GP,110+04148,2025-10-29,655.0,1.977963,3,71.59,50.621774465144945,6000.0,96,0.5,free_flow_speed,35.795,0.5,0.7071067811865475,False,0.0,0.0,0.0,,,,,False,False,False,0.0,0.0
I-95 NB,GP,110+04148,2025-10-30,655.0,1.977963,3,71.59,50.621774465144945,6000.0,96,0.5,free_flow_speed,35.795,0.5,0.7071067811865475,True,1.573707131127847,5733.495349949955,0.9555825583249925,376.70856131316384,471.13098918083466,10.311111111111112,420.0,False,False,True,3.1127344782070296,1.977963
I-95 NB,GP,110+04148,2025-10-31,655.0,1.977963,3,71.59,50.621774465144945,6000.0,96,0.5,free_flow_speed,35.795,0.5,0.7071067811865475,False,0.0,0.0,0.0,,,,,False,False,False,0.0,0.0
I-95 NB,GP,110+04150,2025-10-01,659.0,0.523557,2,70.8,50.063160108007565,4000.0,96,0.5,free_flow_speed,35.4,0.5,0.7071067811865475,True,1.0784191170390387,3224.431064069363,0.8061077660173407,355.0556876486047,419.760834670947,23.51222222222222,390.0,False,False,True,0.564613877659608,0.523557
I-95 NB,GP,110+04150,2025-10-02,659.0,0.523557,2,70.8,50.063160108007565,4000.0,96,0.5,free_flow_speed,35.4,0.5,0.7071067811865475,False,0.0,0.0,0.0,,,,,False,False,False,0.0,0.0
I-95 NB,GP,110+04150,2025-10-03,659.0,0.523557,2,70.8,50.063160108007565,4000.0,96,0.5,free_flow_speed,35.4,0.5,0.7071067811865475,False,0.0,0.0,0.0,,,,,False,False,False,0.0,0.0
I-95 NB,GP,110+04150,2025-10-06,659.0,0.523557,2,70.8,50.063160108007565,4000.0,96,0.5,free_flow_speed,35.4,0.5,0.7071067811865475,False,0.0,0.0,0.0,,,,,False,False,False,0.0,0.0
I-95 NB,GP,110+04150,2025-10-07,659.0,0.523557,2,70.8,50.063160108007565,4000.0,96,0.5,free_flow_speed,35.4,0.5,0.7071067811865475,True,1.7530507636422432,4115.0301931661625,1.0287575482915405,414.6027057926829,519.7857516112175,11.072222222222221,450.0,False,False,True,0.917821998660242,0.523557
I-95 NB,GP,110+04150,2025-10-08,659.0,0.523557,2,70.8,50.063160108007565,4000.0,96,0.5,free_flow_speed,35.4,0.5,0.7071067811865475,False,0.0,0.0,0.0,,,,,False,False,False,0.0,0.0
I-95 NB,GP,110+04150,2025-10-09,659.0,0.523557,2,70.8,50.063160108007565,4000.0,96,0.5,free_flow_speed,35.4,0.5,0.7071067811865475,False,0.0,0.0,0.0,,,,,False,False,False,0.0,0.0
I-95 NB,GP,110+04150,2025-10-10,659.0,0.523557,2,70.8,50.063160108007565,4000.0,96,0.5,free_flow_speed,35.4,0.5,0.7071067811865475,False,0.0,0.0,0.0,,,,,False,False,False,0.0,0.0
I-95 NB,GP,110+04150,2025-10-13,659.0,0.523557,2,70.8,50.063160108007565,4000.0,96,0.5,free_flow_speed,35.4,0.5,0.7071067811865475,False,0.0,0.0,0.0,,,,,False,False,False,0.0,0.0
I-95 NB,GP,110+04150,2025-10-14,659.0,0.523557,2,70.8,50.063160108007565,4000.0,96,0.5,free_flow_speed,35.4,0.5,0.7071067811865475,False,0.0,0.0,0.0,,,,,False,False,False,0.0,0.0
I-95 NB,GP,110+04150,2025-10-15,659.0,0.523557,2,70.8,50.063160108007565,4000.0,96,0.5,free_flow_speed,35.4,0.5,0.7071067811865475,False,0.0,0.0,0.0,,,,,False,False,False,0.0,0.0
I-95 NB,GP,110+04150,2025-10-16,659.0,0.523557,2,70.8,50.063160108007565,4000.0,96,0.5,free_flow_speed,35.4,0.5,0.7071067811865475,False,0.0,0.0,0.0,,,,,False,False,False,0.0,0.0
I-95 NB,GP,110+04150,2025-10-17,659.0,0.523557,2,70.8,50.063160108007565,4000.0,96,0.5,free_flow_speed,35.4,0.5,0.7071067811865475,False,0.0,0.0,0.0,,,,,False,False,False,0.0,0.0
I-95 NB,GP,110+04150,2025-10-20,659.0,0.523557,2,70.8,50.063160108007565,4000.0,96,0.5,free_flow_speed,35.4,0.5,0.7071067811865475,False,0.0,0.0,0.0,,,,,False,False,False,0.0,0.0
I-95 NB,GP,110+04150,2025-10-21,659.0,0.523557,2,70.8,50.063160108007565,4000.0,96,0.5,free_flow_speed,35.4,0.5,0.7071067811865475,True,1.2234814862418697,3255.3327672885525,0.8138331918221381,349.25011401394227,422.65900318845445,11.5,390.0,False,False,True,0.6405622964923346,0.523557
I-95 NB,GP,110+04150,2025-10-22,659.0,0.523557,2,70.8,50.063160108007565,4000.0,96,0.5,free_flow_speed,35.4,0.5,0.7071067811865475,False,0.0,0.0,0.0,,,,,False,False,False,0.0,0.0
I-95 NB,GP,110+04150,2025-10-23,659.0,0.523557,2,70.8,50.063160108007565,4000.0,96,0.5,free_flow_speed,35.4,0.5,0.7071067811865475,False,0.0,0.0,0.0,,,,,False,False,False,0.0,0.0
I-95 NB,GP,110+04150,2025-10-24,659.0,0.523557,2,70.8,50.063160108007565,4000.0,96,0.5,free_flow_speed,35.4,0.5,0.7071067811865475,True,1.0405372170177827,2240.8396705044966,0.5602099176261242,544.7633906931653,607.1956237142323,11.662222222222221,570.0,False,False,True,0.5447805437301793,0.523557
I-95 NB,GP,110+04150,2025-10-27,659.0,0.523557,2,70.8,50.063160108007565,4000.0,96,0.5,free_flow_speed,35.4,0.5,0.7071067811865475,False,0.0,0.0,0.0,,,,,False,False,False,0.0,0.0
I-95 NB,GP,110+04150,2025-10-28,659.0,0.523557,2,70.8,50.063160108007565,4000.0,96,0.5,free_flow_speed,35.4,0.5,0.7071067811865475,False,0.0,0.0,0.0,,,,,False,False,False,0.0,0.0
I-95 NB,GP,110+04150,2025-10-29,659.0,0.523557,2,70.8,50.063160108007565,4000.0,96,0.5,free_flow_speed,35.4,0.5,0.7071067811865475,False,0.0,0.0,0.0,,,,,False,False,False,0.0,0.0
I-95 NB,GP,110+04150,2025-10-30,659.0,0.523557,2,70.8,50.063160108007565,4000.0,96,0.5,free_flow_speed,35.4,0.5,0.7071067811865475,True,1.2994550990571345,3437.0129946295583,0.8592532486573896,485.1177428106348,563.0850487540629,16.2,525.0,False,False,True,0.6803388132970563,0.523557
I-95 NB,GP,110+04150,2025-10-31,659.0,0.523557,2,70.8,50.063160108007565,4000.0,96,0.5,free_flow_speed,35.4,0.5,0.7071067811865475,False,0.0,0.0,0.0,,,,,False,False,False,0.0,0.0
I-95 NB,GP,110P04150,2025-10-01,660.0,0.567997,3,70.9995,50.204227910854286,5700.0,96,0.5,free_flow_speed,35.49975,0.5,0.7071067811865475,True,1.9227014267162066,7742.525168156457,1.3583377487993784,329.7977601762484,445.1598457792208,14.229999999999999,405.0,False,False,True,1.0920886422705252,0.567997
I-95 NB,GP,110P04150,2025-10-02,660.0,0.567997,3,70.9995,50.204227910854286,5700.0,96,0.5,free_flow_speed,35.49975,0.5,0.7071067811865475,False,0.0,0.0,0.0,,,,,False,False,False,0.0,0.0
I-95 NB,GP,110P04150,2025-10-03,660.0,0.567997,3,70.9995,50.204227910854286,5700.0,96,0.5,free_flow_speed,35.49975,0.5,0.7071067811865475,True,0.7367744361101178,2931.4026887771656,0.5142811734696782,428.322867147708,472.52933331431507,18.506666666666668,450.0,False,False,True,0.4184856693872386,0.567997
I-95 NB,GP,110P04150,2025-10-06,660.0,0.567997,3,70.9995,50.204227910854286,5700.0,96,0.5,free_flow_speed,35.49975,0.5,0.7071067811865475,True,0.7448581059403059,3145.571382234993,0.5518546284622795,404.05548305084744,448.7469694072658,20.884444444444444,420.0,False,False,True,0.4230771695997759,0.567997
I-95 NB,GP,110P04150,2025-10-07,660.0,0.567997,3,70.9995,50.204227910854286,5700.0,96,0.5,free_flow_speed,35.49975,0.5,0.7071067811865475,False,0.0,0.0,0.0,,,,,False,False,False,0.0,0.0
I-95 NB,GP,110P04150,2025-10-08,660.0,0.567997,3,70.9995,50.204227910854286,5700.0,96,0.5,free_flow_speed,35.49975,0.5,0.7071067811865475,True,0.6749983681118361,3162.2910260178,0.5547878993013684,325.8892699115044,366.3891719982146,20.52333333333333,345.0,False,False,True,0.38339704809241854,0.567997
I-95 NB,GP,110P04150,2025-10-09,660.0,0.567997,3,70.9995,50.204227910854286,5700.0,96,0.5,free_flow_speed,35.49975,0.5,0.7071067811865475,False,0.0,0.0,0.0,,,,,False,False,False,0.0,0.0
I-95 NB,GP,110P04150,2025-10-10,660.0,0.567997,3,70.9995,50.204227910854286,5700.0,96,0.5,free_flow_speed,35.49975,0.5,0.7071067811865475,False,0.0,0.0,0.0,,,,,False,False,False,0.0,0.0
I-95 NB,GP,110P04150,2025-10-13,660.0,0.567997,3,70.9995,50.204227910854286,5700.0,96,0.5,free_flow_speed,35.49975,0.5,0.7071067811865475,False,0.0,0.0,0.0,,,,,False,False,False,0.0,0.0
I-95 NB,GP,110P04150,2025-10-14,660.0,0.567997,3,70.9995,50.204227910854286,5700.0,96,0.5,free_flow_speed,35.49975,0.5,0.7071067811865475,True,1.6208208956344359,8007.916478662977,1.40489762783561,338.3858731466227,435.6351268846889,19.806666666666665,375.0,False,False,True,0.9206214062576726,0.567997
I-95 NB,GP,110P04150,2025-10-15,660.0,0.567997,3,70.9995,50.204227910854286,5700.0,96,0.5,free_flow_speed,35.49975,0.5,0.7071067811865475,False,0.0,0.0,0.0,,,,,False,False,False,0.0,0.0
I-95 NB,GP,110P04150,2025-10-16,660.0,0.567997,3,70.9995,50.204227910854286,5700.0,96,0.5,free_flow_speed,35.49975,0.5,0.7071067811865475,False,0.0,0.0,0.0,,,,,False,False,False,0.0,0.0
I-95 NB,GP,110P04150,2025-10-17,660.0,0.567997,3,70.9995,50.204227910854286,5700.0,96,0.5,free_flow_speed,35.49975,0.5,0.7071067811865475,False,0.0,0.0,0.0,,,,,False,False,False,0.0,0.0
I-95 NB,GP,110P04150,2025-10-20,660.0,0.567997,3,70.9995,50.204227910854286,5700.0,96,0.5,free_flow_speed,35.49975,0.5,0.7071067811865475,False,0.0,0.0,0.0,,,,,False,False,False,0.0,0.0
I-95 NB,GP,110P04150,2025-10-21,660.0,0.567997,3,70.9995,50.204227910854286,5700.0,96,0.5,free_flow_speed,35.49975,0.5,0.7071067811865475,True,1.5271904871320952,4946.032009171682,0.8677249138897688,336.14564671347296,427.77707594139866,9.96111111111111,390.0,False,False,True,0.8674396151195686,0.567997
I-95 NB,GP,110P04150,2025-10-22,660.0,0.567997,3,70.9995,50.204227910854286,5700.0,96,0.5,free_flow_speed,35.49975,0.5,0.7071067811865475,False,0.0,0.0,0.0,,,,,False,False,False,0.0,0.0
I-95 NB,GP,110P04150,2025-10-23,660.0,0.567997,3,70.9995,50.204227910854286,5700.0,96,0.5,free_flow_speed,35.49975,0.5,0.7071067811865475,False,0.0,0.0,0.0,,,,,False,False,False,0.0,0.0
I-95 NB,GP,110P04150,2025-10-24,660.0,0.567997,3,70.9995,50.204227910854286,5700.0,96,0.5,free_flow_speed,35.49975,0.5,0.7071067811865475,True,1.4046624738487614,4047.780037774527,0.7101368487323731,527.212897280218,611.4926457111437,10.202222222222224,570.0,False,False,True,0.797844071158675,0.567997
I-95 NB,GP,110P04150,2025-10-27,660.0,0.567997,3,70.9995,50.204227910854286,5700.0,96,0.5,free_flow_speed,35.49975,0.5,0.7071067811865475,False,0.0,0.0,0.0,,,,,False,False,False,0.0,0.0
I-95 NB,GP,110P04150,2025-10-28,660.0,0.567997,3,70.9995,50.204227910854286,5700.0,96,0.5,free_flow_speed,35.49975,0.5,0.7071067811865475,True,1.1574236455414375,3887.1722240171975,0.6819600393012627,407.1771627007385,476.62258143322475,14.658888888888889,450.0,False,False,True,0.6574131583965999,0.567997
I-95 NB,GP,110P04150,2025-10-29,660.0,0.567997,3,70.9995,50.204227910854286,5700.0,96,0.5,free_flow_speed,35.49975,0.5,0.7071067811865475,True,0.9947546098927139,3967.0508464137665,0.6959738327041696,424.32228479036576,484.0075613839286,13.604444444444445,450.0,False,False,True,0.5650176341552318,0.567997
I-95 NB,GP,110P04150,2025-10-30,660.0,0.567997,3,70.9995,50.204227910854286,5700.0,96,0.5,free_flow_speed,35.49975,0.5,0.7071067811865475,True,1.6490247216053726,6885.962815497282,1.2080636518416283,474.27568036753877,573.2171636638611,13.933333333333337,510.0,False,False,True,0.9366410947976868,0.567997
I-95 NB,GP,110P04150,2025-10-31,660.0,0.567997,3,70.9995,50.204227910854286,5700.0,96,0.5,free_flow_speed,35.49975,0.5,0.7071067811865475,False,0.0,0.0,0.0,,,,,False,False,False,0.0,0.0
I-95 NB,GP,110+04151,2025-10-01,661.0,0.647826,3,69.99,49.490403615246464,5700.0,96,0.5,free_flow_speed,34.995,0.5,0.7071067811865475,True,2.142671198332919,9273.458096512157,1.6269224730723082,323.8702982662357,452.4305701662108,16.517777777777784,375.0,False,False,True,1.3880781117312215,0.647826
I-95 NB,GP,110+04151,2025-10-02,661.0,0.647826,3,69.99,49.490403615246464,5700.0,96,0.5,free_flow_speed,34.995,0.5,0.7071067811865475,True,1.2432500612226722,5643.187248168524,0.9900328505558814,370.4018592610026,444.9968629343629,22.89,405.0,False,False,True,0.8054097141616389,0.647826
I-95 NB,GP,110+04151,2025-10-03,661.0,0.647826,3,69.99,49.490403615246464,5700.0,96,0.5,free_flow_speed,34.995,0.5,0.7071067811865475,True,2.349282995874292,8259.832275387773,1.4490933816469778,337.3542127161617,478.31119246861925,13.418888888888889,375.0,False,False,True,1.5219266060852592,0.647826
I-95 NB,GP,110+04151,2025-10-06,661.0,0.647826,3,69.99,49.490403615246464,5700.0,96,0.5,free_flow_speed,34.995,0.5,0.7071067811865475,True,1.2090076172530806,5136.733443952722,0.9011813059566179,387.4258836944128,459.9663407295976,16.75111111111111,435.0,False,False,True,0.7832265686545942,0.647826
I-95 NB,GP,110+04151,2025-10-07,661.0,0.647826,3,69.99,49.490403615246464,5700.0,96,0.5,free_flow_speed,34.995,0.5,0.7071067811865475,True,1.2738783522486992,7157.649730308423,1.255728022861127,329.07454238921,405.507243524132,26.517777777777777,390.0,False,False,True,0.8252515174238658,0.647826
I-95 NB,GP,110+04151,2025-10-08,661.0,0.647826,3,69.99,49.490403615246464,5700.0,96,0.5,free_flow_speed,34.995,0.5,0.7071067811865475,True,1.9916698334572667,8520.880550337175,1.494891324620557,321.9444244862768,441.4446144937128,18.605555555555558,345.0,False,False,True,1.2902555015292874,0.647826
I-95 NB,GP,110+04151,2025-10-09,661.0,0.647826,3,69.99,49.490403615246464,5700.0,96,0.5,free_flow_speed,34.995,0.5,0.7071067811865475,True,1.9525957902518143,8876.252085128293,1.5572372079172445,326.4181638913234,443.57391130643225,21.47111111111111,345.0,False,False,True,1.2649423204156718,0.647826
I-95 NB,GP,110+04151,2025-10-10,661.0,0.647826,3,69.99,49.490403615246464,5700.0,96,0.5,free_flow_speed,34.995,0.5,0.7071067811865475,False,0.0,0.0,0.0,,,,,False,False,False,0.0,0.0
I-95 NB,GP,110+04151,2025-10-13,661.0,0.647826,3,69.99,49.490403615246464,5700.0,96,0.5,free_flow_speed,34.995,0.5,0.7071067811865475,False,0.0,0.0,0.0,,,,,False,False,False,0.0,0.0
I-95 NB,GP,110+04151,2025-10-14,661.0,0.647826,3,69.99,49.490403615246464,5700.0,96,0.5,free_flow_speed,34.995,0.5,0.7071067811865475,True,2.166446501611962,9322.339446314583,1.6354981484762428,323.1503773584906,453.13716745520827,16.883333333333336,375.0,False,False,True,1.4034803713532709,0.647826
I-95 NB,GP,110+04151,2025-10-15,661.0,0.647826,3,69.99,49.490403615246464,5700.0,96,0.5,free_flow_speed,34.995,0.5,0.7071067811865475,True,1.525321935502648,6901.3801807930195,1.2107684527707052,338.69278578066917,430.21210191082804,21.265555555555554,390.0,False,False,True,0.9881432081889384,0.647826
I-95 NB,GP,110+04151,2025-10-16,661.0,0.647826,3,69.99,49.490403615246464,5700.0,96,0.5,free_flow_speed,34.995,0.5,0.7071067811865475,True,1.841538338789987,8299.182123311715,1.4559968637388974,319.17755087314185,429.6698512005411,23.885555555555555,330.0,False,False,True,1.1929964158649622,0.647826
I-95 NB,GP,110+04151,2025-10-17,661.0,0.647826,3,69.99,49.490403615246464,5700.0,96,0.5,free_flow_speed,34.995,0.5,0.7071067811865475,False,0.0,0.0,0.0,,,,,False,False,False,0.0,0.0
I-95 NB,GP,110+04151,2025-10-20,661.0,0.647826,3,69.99,49.490403615246464,5700.0,96,0.5,free_flow_speed,34.995,0.5,0.7071067811865475,False,0.0,0.0,0.0,,,,,False,False,False,0.0,0.0
I-95 NB,GP,110+04151,2025-10-21,661.0,0.647826,3,69.99,49.490403615246464,5700.0,96,0.5,free_flow_speed,34.995,0.5,0.7071067811865475,True,1.7077261968784236,6211.277257413943,1.0896977644585863,325.98920751430705,428.4527793270125,11.64,375.0,False,False,True,1.1063094312189616,0.647826
I-95 NB,GP,110+04151,2025-10-22,661.0,0.647826,3,69.99,49.490403615246464,5700.0,96,0.5,free_flow_speed,34.995,0.5,0.7071067811865475,True,2.2628711158255146,9560.22216445317,1.6772319586759945,323.72235091914513,459.494617868676,19.456666666666667,420.0,False,False,True,1.4659467434807798,0.647826
I-95 NB,GP,110+04151,2025-10-23,661.0,0.647826,3,69.99,49.490403615246464,5700.0,96,0.5,free_flow_speed,34.995,0.5,0.7071067811865475,True,1.789201456014219,8363.465108375352,1.4672745804167284,337.98715813464236,445.3392454954955,22.487777777777776,375.0,False,False,True,1.1590912224438674,0.647826
I-95 NB,GP,110+04151,2025-10-24,661.0,0.647826,3,69.99,49.490403615246464,5700.0,96,0.5,free_flow_speed,34.995,0.5,0.7071067811865475,True,1.6518514697438624,6245.7477955709455,1.0957452272931483,517.3256356063903,616.436723791022,10.392222222222221,555.0,False,False,True,1.0701123302382873,0.647826
I-95 NB,GP,110+04151,2025-10-27,661.0,0.647826,3,69.99,49.490403615246464,5700.0,96,0.5,free_flow_speed,34.995,0.5,0.7071067811865475,False,0.0,0.0,0.0,,,,,False,False,False,0.0,0.0
I-95 NB,GP,110+04151,2025-10-28,661.0,0.647826,3,69.99,49.490403615246464,5700.0,96,0.5,free_flow_speed,34.995,0.5,0.7071067811865475,True,3.152040618499231,14591.977588910528,2.559996068229917,340.0944847962575,529.2169219062114,14.544444444444444,450.0,False,False,True,2.041973865719883,0.647826
I-95 NB,GP,110+04151,2025-10-29,661.0,0.647826,3,69.99,49.490403615246464,5700.0,96,0.5,free_flow_speed,34.995,0.5,0.7071067811865475,True,2.528223306583206,10784.797899914076,1.8920698070024695,349.4252926965248,501.1186910915172,13.163333333333332,435.0,False,False,True,1.637848791810572,0.647826
I-95 NB,GP,110+04151,2025-10-30,661.0,0.647826,3,69.99,49.490403615246464,5700.0,96,0.5,free_flow_speed,34.995,0.5,0.7071067811865475,True,1.8019512049826232,7069.119608555764,1.2401964225536428,469.73143971251625,577.8485120114736,16.173333333333336,510.0,False,False,True,1.167350841319073,0.647826
I-95 NB,GP,110+04151,2025-10-31,661.0,0.647826,3,69.99,49.490403615246464,5700.0,96,0.5,free_flow_speed,34.995,0.5,0.7071067811865475,False,0.0,0.0,0.0,,,,,False,False,False,0.0,0.0
I-95 NB,GP,110P04151,2025-10-01,662.0,0.836184,3,70.8,50.063160108007565,5700.0,96,0.5,free_flow_speed,35.4,0.5,0.7071067811865475,True,3.444097316530637,14568.91214197681,2.555949498592423,318.25389105058366,524.8997300424219,19.68,405.0,False,False,True,2.8798990705258545,0.836184
I-95 NB,GP,110P04151,2025-10-02,662.0,0.836184,3,70.8,50.063160108007565,5700.0,96,0.5,free_flow_speed,35.4,0.5,0.7071067811865475,True,4.111005495505503,19728.596220388332,3.461157231647076,324.5561453654553,571.2164750957854,21.63888888888889,390.0,False,False,True,3.4375570192537737,0.836184
I-95 NB,GP,110P04151,2025-10-03,662.0,0.836184,3,70.8,50.063160108007565,5700.0,96,0.5,free_flow_speed,35.4,0.5,0.7071067811865475,True,4.151936006248322,19786.436609295182,3.4713046682974005,338.19217141893034,587.3083317938297,20.334444444444443,360.0,False,False,True,3.471782457448747,0.836184
I-95 NB,GP,110P04151,2025-10-06,662.0,0.836184,3,70.8,50.063160108007565,5700.0,96,0.5,free_flow_speed,35.4,0.5,0.7071067811865475,True,4.079387968879583,19958.122640243502,3.5014250246041234,326.50977792509116,571.2730560578661,18.10777777777778,405.0,False,False,True,3.4111189493696057,0.836184
I-95 NB,GP,110P04151,2025-10-07,662.0,0.836184,3,70.8,50.063160108007565,5700.0,96,0.5,free_flow_speed,35.4,0.5,0.7071067811865475,True,1.4413355333588251,6591.316236431929,1.1563712695494612,324.3649479659413,410.84507996747084,20.189999999999998,390.0,False,False,True,1.205221711626116,0.836184
I-95 NB,GP,110P04151,2025-10-08,662.0,0.836184,3,70.8,50.063160108007565,5700.0,96,0.5,free_flow_speed,35.4,0.5,0.7071067811865475,True,2.4217674576799784,10975.928357913383,1.9256014663005934,319.73403805496827,465.040085515767,20.48,375.0,False,False,True,2.025043199832675,0.836184
I-95 NB,GP,110P04151,2025-10-09,662.0,0.836184,3,70.8,50.063160108007565,5700.0,96,0.5,free_flow_speed,35.4,0.5,0.7071067811865475,True,3.4059614310010704,15968.666692524152,2.8015204723726583,322.6213553348286,526.9790411948928,20.258888888888887,435.0,False,False,True,2.848010453220199,0.836184
I-95 NB,GP,110P04151,2025-10-10,662.0,0.836184,3,70.8,50.063160108007565,5700.0,96,0.5,free_flow_speed,35.4,0.5,0.7071067811865475,False,0.0,0.0,0.0,,,,,False,False,False,0.0,0.0
I-95 NB,GP,110P04151,2025-10-13,662.0,0.836184,3,70.8,50.063160108007565,5700.0,96,0.5,free_flow_speed,35.4,0.5,0.7071067811865475,False,0.0,0.0,0.0,,,,,False,False,False,0.0,0.0
I-95 NB,GP,110P04151,2025-10-14,662.0,0.836184,3,70.8,50.063160108007565,5700.0,96,0.5,free_flow_speed,35.4,0.5,0.7071067811865475,True,2.5631546386939124,10691.662687351254,1.8757302960265358,323.54014598540147,477.3294243070362,18.506666666666668,405.0,False,False,True,2.1432688984016304,0.836184
I-95 NB,GP,110P04151,2025-10-15,662.0,0.836184,3,70.8,50.063160108007565,5700.0,96,0.5,free_flow_speed,35.4,0.5,0.7071067811865475,True,1.986687181881217,8734.50581190248,1.5323694406846455,325.25391085606475,444.4551417689378,20.19333333333333,420.0,False,False,True,1.6612360344941637,0.836184
I-95 NB,GP,110P04151,2025-10-16,662.0,0.836184,3,70.8,50.063160108007565,5700.0,96,0.5,free_flow_speed,35.4,0.5,0.7071067811865475,True,3.786393126639922,16729.126072866202,2.9349343987484566,316.6738032028775,543.8573908012728,20.307777777777776,405.0,False,False,True,3.166121350206277,0.836184
I-95 NB,GP,110P04151,2025-10-17,662.0,0.836184,3,70.8,50.063160108007565,5700.0,96,0.5,free_flow_speed,35.4,0.5,0.7071067811865475,True,3.3548240782738277,16765.269678597248,2.9412753822100433,355.0149031296572,556.3043478260869,23.112222222222226,405.0,False,False,True,2.8052502170673224,0.836184
I-95 NB,GP,110P04151,2025-10-20,662.0,0.836184,3,70.8,50.063160108007565,5700.0,96,0.5,free_flow_speed,35.4,0.5,0.7071067811865475,True,0.8203943627374675,4552.092788090708,0.7986127698404751,479.69497956800933,528.9186413322574,20.2,510.0,False,False,True,0.6860006398112666,0.836184
I-95 NB,GP,110P04151,2025-10-21,662.0,0.836184,3,70.8,50.063160108007565,5700.0,96,0.5,free_flow_speed,35.4,0.5,0.7071067811865475,True,1.9117608585086145,7765.8947388420775,1.3624376734810661,323.9516314779271,438.65728298844397,13.514444444444445,405.0,False,False,True,1.5985838417111675,0.836184
I-95 NB,GP,110P04151,2025-10-22,662.0,0.836184,3,70.8,50.063160108007565,5700.0,96,0.5,free_flow_speed,35.4,0.5,0.7071067811865475,True,4.159109051169662,19313.154413216518,3.3882727040730733,323.28961909673615,572.8361621669159,19.655555555555555,420.0,False,False,True,3.477780442843253,0.836184
I-95 NB,GP,110P04151,2025-10-23,662.0,0.836184,3,70.8,50.063160108007565,5700.0,96,0.5,free_flow_speed,35.4,0.5,0.7071067811865475,True,2.7418855319306865,12349.142493110876,2.166516226861557,325.5068462897527,490.0199782055939,21.403333333333332,390.0,False,False,True,2.2927208116319293,0.836184
I-95 NB,GP,110P04151,2025-10-24,662.0,0.836184,3,70.8,50.063160108007565,5700.0,96,0.5,free_flow_speed,35.4,0.5,0.7071067811865475,True,2.205747776521987,8580.041718117085,1.5052704768626466,503.4670775001675,635.8119440914867,11.126666666666665,555.0,False,False,True,1.844410998763261,0.836184
I-95 NB,GP,110P04151,2025-10-27,662.0,0.836184,3,70.8,50.063160108007565,5700.0,96,0.5,free_flow_speed,35.4,0.5,0.7071067811865475,True,2.2796464860770054,10069.041479728216,1.7664985052154765,323.4334971400951,460.2122863047154,20.645555555555557,405.0,False,False,True,1.9062039173138148,0.836184
I-95 NB,GP,110P04151,2025-10-28,662.0,0.836184,3,70.8,50.063160108007565,5700.0,96,0.5,free_flow_speed,35.4,0.5,0.7071067811865475,True,3.6503754704431923,16525.375978996573,2.899188768245013,324.13798934641073,543.1605175730023,15.394444444444446,450.0,False,False,True,3.0523855623770704,0.836184
I-95 NB,GP,110P04151,2025-10-29,662.0,0.836184,3,70.8,50.063160108007565,5700.0,96,0.5,free_flow_speed,35.4,0.5,0.7071067811865475,True,2.9381646764726317,12437.937784519134,2.1820943481612516,336.17012404878557,512.4600046371435,12.403333333333334,435.0,False,False,True,2.456846291831591,0.836184
I-95 NB,GP,110P04151,2025-10-30,662.0,0.836184,3,70.8,50.063160108007565,5700.0,96,0.5,free_flow_speed,35.4,0.5,0.7071067811865475,True,1.9577976938105517,8497.5657511498,1.490801008973649,463.5469184723042,581.0147801009373,18.441111111111113,540.0,False,False,True,1.6370791068012824,0.836184
I-95 NB,GP,110P04151,2025-10-31,662.0,0.836184,3,70.8,50.063160108007565,5700.0,96,0.5,free_flow_speed,35.4,0.5,0.7071067811865475,False,0.0,0.0,0.0,,,,,False,False,False,0.0,0.0
I-95 NB,GP,110+04152,2025-10-01,663.0,1.136548,3,69.98949999999999,49.49005006185587,6000.0,96,0.5,free_flow_speed,34.994749999999996,0.5,0.7071067811865475,True,1.9871728438971739,10967.989380746281,1.8279982301243802,376.77035910518055,496.000729739011,32.21888888888889,405.0,False,False,True,2.258517321385645,1.136548
I-95 NB,GP,110+04152,2025-10-02,663.0,1.136548,3,69.98949999999999,49.49005006185587,6000.0,96,0.5,free_flow_speed,34.994749999999996,0.5,0.7071067811865475,False,0.0,0.0,0.0,,,,,False,False,False,0.0,0.0
I-95 NB,GP,110+04152,2025-10-03,663.0,1.136548,3,69.98949999999999,49.49005006185587,6000.0,96,0.5,free_flow_speed,34.994749999999996,0.5,0.7071067811865475,False,0.0,0.0,0.0,,,,,False,False,False,0.0,0.0
I-95 NB,GP,110+04152,2025-10-06,663.0,1.136548,3,69.98949999999999,49.49005006185587,6000.0,96,0.5,free_flow_speed,34.994749999999996,0.5,0.7071067811865475,True,1.2158077891124814,6717.714580682234,1.1196190967803723,378.8085054423667,451.7569727891156,30.14333333333333,405.0,False,False,True,1.3818239111002124,1.136548
I-95 NB,GP,110+04152,2025-10-07,663.0,1.136548,3,69.98949999999999,49.49005006185587,6000.0,96,0.5,free_flow_speed,34.994749999999996,0.5,0.7071067811865475,False,0.0,0.0,0.0,,,,,False,False,False,0.0,0.0
I-95 NB,GP,110+04152,2025-10-08,663.0,1.136548,3,69.98949999999999,49.49005006185587,6000.0,96,0.5,free_flow_speed,34.994749999999996,0.5,0.7071067811865475,False,0.0,0.0,0.0,,,,,False,False,False,0.0,0.0
I-95 NB,GP,110+04152,2025-10-09,663.0,1.136548,3,69.98949999999999,49.49005006185587,6000.0,96,0.5,free_flow_speed,34.994749999999996,0.5,0.7071067811865475,True,0.5010066453255386,2763.5077297163607,0.46058462161939345,388.93381911057696,418.9942178301093,33.76222222222223,405.0,False,False,True,0.5694181007314503,1.136548
I-95 NB,GP,110+04152,2025-10-10,663.0,1.136548,3,69.98949999999999,49.49005006185587,6000.0,96,0.5,free_flow_speed,34.994749999999996,0.5,0.7071067811865475,True,0.5682776390796381,2714.5392750624605,0.45242321251041007,413.95071560480153,448.0473739495798,31.544444444444448,435.0,False,False,True,0.6458748141406845,1.136548
I-95 NB,GP,110+04152,2025-10-13,663.0,1.136548,3,69.98949999999999,49.49005006185587,6000.0,96,0.5,free_flow_speed,34.994749999999996,0.5,0.7071067811865475,False,0.0,0.0,0.0,,,,,False,False,False,0.0,0.0
I-95 NB,GP,110+04152,2025-10-14,663.0,1.136548,3,69.98949999999999,49.49005006185587,6000.0,96,0.5,free_flow_speed,34.994749999999996,0.5,0.7071067811865475,False,0.0,0.0,0.0,,,,,False,False,False,0.0,0.0
I-95 NB,GP,110+04152,2025-10-15,663.0,1.136548,3,69.98949999999999,49.49005006185587,6000.0,96,0.5,free_flow_speed,34.994749999999996,0.5,0.7071067811865475,False,0.0,0.0,0.0,,,,,False,False,False,0.0,0.0
I-95 NB,GP,110+04152,2025-10-16,663.0,1.136548,3,69.98949999999999,49.49005006185587,6000.0,96,0.5,free_flow_speed,34.994749999999996,0.5,0.7071067811865475,True,2.228150371559002,12278.455318697113,2.046409219782852,368.3949120603015,502.08393435384164,31.362222222222226,420.0,False,False,True,2.5323998484946406,1.136548
I-95 NB,GP,110+04152,2025-10-17,663.0,1.136548,3,69.98949999999999,49.49005006185587,6000.0,96,0.5,free_flow_speed,34.994749999999996,0.5,0.7071067811865475,False,0.0,0.0,0.0,,,,,False,False,False,0.0,0.0
I-95 NB,GP,110+04152,2025-10-20,663.0,1.136548,3,69.98949999999999,49.49005006185587,6000.0,96,0.5,free_flow_speed,34.994749999999996,0.5,0.7071067811865475,True,2.2734687020936053,11409.74354068856,1.9016239234480934,378.49649672033394,514.9046188459503,25.373333333333335,420.0,False,False,True,2.5839063064270826,1.136548
I-95 NB,GP,110+04152,2025-10-21,663.0,1.136548,3,69.98949999999999,49.49005006185587,6000.0,96,0.5,free_flow_speed,34.994749999999996,0.5,0.7071067811865475,True,0.5230979413872187,2803.512007812888,0.467252001302148,400.11659582689333,431.50247231012645,33.91777777777778,420.0,False,False,True,0.5945259190877605,1.136548
I-95 NB,GP,110+04152,2025-10-22,663.0,1.136548,3,69.98949999999999,49.49005006185587,6000.0,96,0.5,free_flow_speed,34.994749999999996,0.5,0.7071067811865475,True,0.8756236315724881,5442.764151072196,0.9071273585120326,388.59475088967974,441.13216878402903,31.842222222222222,405.0,False,False,True,0.9951882872164481,1.136548
I-95 NB,GP,110+04152,2025-10-23,663.0,1.136548,3,69.98949999999999,49.49005006185587,6000.0,96,0.5,free_flow_speed,34.994749999999996,0.5,0.7071067811865475,False,0.0,0.0,0.0,,,,,False,False,False,0.0,0.0
I-95 NB,GP,110+04152,2025-10-24,663.0,1.136548,3,69.98949999999999,49.49005006185587,6000.0,96,0.5,free_flow_speed,34.994749999999996,0.5,0.7071067811865475,True,1.5183578004663028,7634.415310564222,1.2724025517607036,504.3084511189635,595.4099191469417,25.7,555.0,False,False,True,1.7256865214043753,1.136548
I-95 NB,GP,110+04152,2025-10-27,663.0,1.136548,3,69.98949999999999,49.49005006185587,6000.0,96,0.5,free_flow_speed,34.994749999999996,0.5,0.7071067811865475,True,0.8594560767080054,5459.2908438331415,0.9098818073055236,369.8445170229612,421.41188162544154,31.802222222222223,390.0,False,False,True,0.97681308507033,1.136548
I-95 NB,GP,110+04152,2025-10-28,663.0,1.136548,3,69.98949999999999,49.49005006185587,6000.0,96,0.5,free_flow_speed,34.994749999999996,0.5,0.7071067811865475,True,1.8804598649880262,10882.785272547575,1.8137975454245958,357.6868213660245,470.5144132653061,32.02888888888889,405.0,False,False,True,2.137232898632411,1.136548
I-95 NB,GP,110+04152,2025-10-29,663.0,1.136548,3,69.98949999999999,49.49005006185587,6000.0,96,0.5,free_flow_speed,34.994749999999996,0.5,0.7071067811865475,True,1.581001992521045,8191.183270764294,1.365197211794049,372.57178728673637,467.43190683799907,13.476666666666665,420.0,False,False,True,1.7968846525958084,1.136548
I-95 NB,GP,110+04152,2025-10-30,663.0,1.136548,3,69.98949999999999,49.49005006185587,6000.0,96,0.5,free_flow_speed,34.994749999999996,0.5,0.7071067811865475,True,0.7421325021166231,4117.99752054535,0.6863329200908918,478.9716811414392,523.4996312684366,33.40111111111111,495.0,False,False,True,0.8434692110156436,1.136548
I-95 NB,GP,110+04152,2025-10-31,663.0,1.136548,3,69.98949999999999,49.49005006185587,6000.0,96,0.5,free_flow_speed,34.994749999999996,0.5,0.7071067811865475,False,0.0,0.0,0.0,,,,,False,False,False,0.0,0.0
I-95 NB,GP,110P04153,2025-10-01,666.0,1.015059,4,70.6,49.921738751770256,8000.0,96,0.5,free_flow_speed,35.3,0.5,0.7071067811865475,True,1.926492377300364,12399.755826722576,1.549969478340322,374.4208361891707,490.01037882719254,18.497777777777785,450.0,False,False,True,1.95550342601013,1.015059
I-95 NB,GP,110P04153,2025-10-02,666.0,1.015059,4,70.6,49.921738751770256,8000.0,96,0.5,free_flow_speed,35.3,0.5,0.7071067811865475,False,0.0,0.0,0.0,,,,,False,False,False,0.0,0.0
I-95 NB,GP,110P04153,2025-10-03,666.0,1.015059,4,70.6,49.921738751770256,8000.0,96,0.5,free_flow_speed,35.3,0.5,0.7071067811865475,False,0.0,0.0,0.0,,,,,False,False,False,0.0,0.0
I-95 NB,GP,110P04153,2025-10-06,666.0,1.015059,4,70.6,49.921738751770256,8000.0,96,0.5,free_flow_speed,35.3,0.5,0.7071067811865475,False,0.0,0.0,0.0,,,,,False,False,False,0.0,0.0
I-95 NB,GP,110P04153,2025-10-07,666.0,1.015059,4,70.6,49.921738751770256,8000.0,96,0.5,free_flow_speed,35.3,0.5,0.7071067811865475,False,0.0,0.0,0.0,,,,,False,False,False,0.0,0.0
I-95 NB,GP,110P04153,2025-10-08,666.0,1.015059,4,70.6,49.921738751770256,8000.0,96,0.5,free_flow_speed,35.3,0.5,0.7071067811865475,True,1.2958192173175538,6722.533722179673,0.8403167152724591,427.0887787291573,504.8379317682105,14.191111111111107,465.0,False,False,True,1.3153329589111387,1.015059
I-95 NB,GP,110P04153,2025-10-09,666.0,1.015059,4,70.6,49.921738751770256,8000.0,96,0.5,free_flow_speed,35.3,0.5,0.7071067811865475,True,0.9377898758706986,6158.432259085183,0.7698040323856479,419.2207398423287,475.48813239457064,19.591111111111115,450.0,False,False,True,0.9519120536114354,1.015059
I-95 NB,GP,110P04153,2025-10-10,666.0,1.015059,4,70.6,49.921738751770256,8000.0,96,0.5,free_flow_speed,35.3,0.5,0.7071067811865475,False,0.0,0.0,0.0,,,,,False,False,False,0.0,0.0
I-95 NB,GP,110P04153,2025-10-13,666.0,1.015059,4,70.6,49.921738751770256,8000.0,96,0.5,free_flow_speed,35.3,0.5,0.7071067811865475,False,0.0,0.0,0.0,,,,,False,False,False,0.0,0.0
I-95 NB,GP,110P04153,2025-10-14,666.0,1.015059,4,70.6,49.921738751770256,8000.0,96,0.5,free_flow_speed,35.3,0.5,0.7071067811865475,True,1.794178287102097,10270.638465592097,1.2838298081990123,399.410921412746,507.06161863887183,14.778888888888888,465.0,False,False,True,1.8211968179275675,1.015059
I-95 NB,GP,110P04153,2025-10-15,666.0,1.015059,4,70.6,49.921738751770256,8000.0,96,0.5,free_flow_speed,35.3,0.5,0.7071067811865475,False,0.0,0.0,0.0,,,,,False,False,False,0.0,0.0
I-95 NB,GP,110P04153,2025-10-16,666.0,1.015059,4,70.6,49.921738751770256,8000.0,96,0.5,free_flow_speed,35.3,0.5,0.7071067811865475,False,0.0,0.0,0.0,,,,,False,False,False,0.0,0.0
I-95 NB,GP,110P04153,2025-10-17,666.0,1.015059,4,70.6,49.921738751770256,8000.0,96,0.5,free_flow_speed,35.3,0.5,0.7071067811865475,False,0.0,0.0,0.0,,,,,False,False,False,0.0,0.0
I-95 NB,GP,110P04153,2025-10-20,666.0,1.015059,4,70.6,49.921738751770256,8000.0,96,0.5,free_flow_speed,35.3,0.5,0.7071067811865475,True,1.0046575502103527,5344.214914837123,0.6680268643546403,392.99068457538993,453.2701375880111,15.186666666666667,420.0,False,False,True,1.0197866882589703,1.015059
I-95 NB,GP,110P04153,2025-10-21,666.0,1.015059,4,70.6,49.921738751770256,8000.0,96,0.5,free_flow_speed,35.3,0.5,0.7071067811865475,True,1.7765405056311419,8045.3313637126175,1.0056664204640773,436.9683173256829,543.5607476635514,9.735555555555555,510.0,False,False,True,1.803293429105441,1.015059
I-95 NB,GP,110P04153,2025-10-22,666.0,1.015059,4,70.6,49.921738751770256,8000.0,96,0.5,free_flow_speed,35.3,0.5,0.7071067811865475,False,0.0,0.0,0.0,,,,,False,False,False,0.0,0.0
I-95 NB,GP,110P04153,2025-10-23,666.0,1.015059,4,70.6,49.921738751770256,8000.0,96,0.5,free_flow_speed,35.3,0.5,0.7071067811865475,False,0.0,0.0,0.0,,,,,False,False,False,0.0,0.0
I-95 NB,GP,110P04153,2025-10-24,666.0,1.015059,4,70.6,49.921738751770256,8000.0,96,0.5,free_flow_speed,35.3,0.5,0.7071067811865475,False,0.0,0.0,0.0,,,,,False,False,False,0.0,0.0
I-95 NB,GP,110P04153,2025-10-27,666.0,1.015059,4,70.6,49.921738751770256,8000.0,96,0.5,free_flow_speed,35.3,0.5,0.7071067811865475,False,0.0,0.0,0.0,,,,,False,False,False,0.0,0.0
I-95 NB,GP,110P04153,2025-10-28,666.0,1.015059,4,70.6,49.921738751770256,8000.0,96,0.5,free_flow_speed,35.3,0.5,0.7071067811865475,False,0.0,0.0,0.0,,,,,False,False,False,0.0,0.0
I-95 NB,GP,110P04153,2025-10-29,666.0,1.015059,4,70.6,49.921738751770256,8000.0,96,0.5,free_flow_speed,35.3,0.5,0.7071067811865475,True,2.0318150497387593,10543.279282454745,1.3179099103068432,383.41598431553456,505.3248872998601,9.893333333333329,420.0,False,False,True,2.062412152572775,1.015059
I-95 NB,GP,110P04153,2025-10-30,666.0,1.015059,4,70.6,49.921738751770256,8000.0,96,0.5,free_flow_speed,35.3,0.5,0.7071067811865475,False,0.0,0.0,0.0,,,,,False,False,False,0.0,0.0
I-95 NB,GP,110P04153,2025-10-31,666.0,1.015059,4,70.6,49.921738751770256,8000.0,96,0.5,free_flow_speed,35.3,0.5,0.7071067811865475,False,0.0,0.0,0.0,,,,,False,False,False,0.0,0.0
I-95 NB,GP,110+04154,2025-10-01,667.0,1.495359,4,70.4,49.780317395532954,8000.0,96,0.5,free_flow_speed,35.2,0.5,0.7071067811865475,True,2.3653870244016892,13518.023263140094,1.6897529078925118,363.825903390041,505.74912485414234,18.39888888888889,450.0,False,False,True,3.537102775422286,1.495359
I-95 NB,GP,110+04154,2025-10-02,667.0,1.495359,4,70.4,49.780317395532954,8000.0,96,0.5,free_flow_speed,35.2,0.5,0.7071067811865475,False,0.0,0.0,0.0,,,,,False,False,False,0.0,0.0
I-95 NB,GP,110+04154,2025-10-03,667.0,1.495359,4,70.4,49.780317395532954,8000.0,96,0.5,free_flow_speed,35.2,0.5,0.7071067811865475,False,0.0,0.0,0.0,,,,,False,False,False,0.0,0.0
I-95 NB,GP,110+04154,2025-10-06,667.0,1.495359,4,70.4,49.780317395532954,8000.0,96,0.5,free_flow_speed,35.2,0.5,0.7071067811865475,True,0.6527326829824592,4942.658543828658,0.6178323179785823,441.66092201637224,480.8248829953198,25.709999999999997,465.0,False,False,True,0.9760696920919674,1.495359
I-95 NB,GP,110+04154,2025-10-07,667.0,1.495359,4,70.4,49.780317395532954,8000.0,96,0.5,free_flow_speed,35.2,0.5,0.7071067811865475,True,1.1242321898091225,8247.626357874977,1.030953294734372,374.16158978822165,441.615521176769,23.365555555555556,420.0,False,False,True,1.6811307231207797,1.495359
I-95 NB,GP,110+04154,2025-10-08,667.0,1.495359,4,70.4,49.780317395532954,8000.0,96,0.5,free_flow_speed,35.2,0.5,0.7071067811865475,True,2.144370835124774,11830.929202792571,1.4788661503490714,391.46856750257643,520.1308176100629,16.39,465.0,False,False,True,3.206604227641347,1.495359
I-95 NB,GP,110+04154,2025-10-09,667.0,1.495359,4,70.4,49.780317395532954,8000.0,96,0.5,free_flow_speed,35.2,0.5,0.7071067811865475,True,1.8382196410446245,10741.695488821317,1.3427119361026647,378.46264762427904,488.7558260869565,18.43444444444444,465.0,False,False,True,2.748798284212849,1.495359
I-95 NB,GP,110+04154,2025-10-10,667.0,1.495359,4,70.4,49.780317395532954,8000.0,96,0.5,free_flow_speed,35.2,0.5,0.7071067811865475,True,1.4884663777339313,7962.493744751015,0.9953117180938769,406.60435247948624,495.9123351435221,10.564444444444444,435.0,False,False,True,2.225791594141834,1.495359
I-95 NB,GP,110+04154,2025-10-13,667.0,1.495359,4,70.4,49.780317395532954,8000.0,96,0.5,free_flow_speed,35.2,0.5,0.7071067811865475,False,0.0,0.0,0.0,,,,,False,False,False,0.0,0.0
I-95 NB,GP,110+04154,2025-10-14,667.0,1.495359,4,70.4,49.780317395532954,8000.0,96,0.5,free_flow_speed,35.2,0.5,0.7071067811865475,True,3.016439246018339,17854.608976586966,2.231826122073371,362.86482017362545,543.8511749347258,15.341111111111111,465.0,False,False,True,4.510659574486738,1.495359
I-95 NB,GP,110+04154,2025-10-15,667.0,1.495359,4,70.4,49.780317395532954,8000.0,96,0.5,free_flow_speed,35.2,0.5,0.7071067811865475,True,1.5639186483323386,11808.183407223394,1.4760229259029243,387.1521761820269,480.9872950819672,22.235555555555553,450.0,False,False,True,2.338619826051598,1.495359
I-95 NB,GP,110+04154,2025-10-16,667.0,1.495359,4,70.4,49.780317395532954,8000.0,96,0.5,free_flow_speed,35.2,0.5,0.7071067811865475,True,1.2313506719431075,8189.161754701364,1.0236452193376704,400.834944417593,474.7159847341795,23.03,450.0,False,False,True,1.8413113094461735,1.495359
I-95 NB,GP,110+04154,2025-10-17,667.0,1.495359,4,70.4,49.780317395532954,8000.0,96,0.5,free_flow_speed,35.2,0.5,0.7071067811865475,False,0.0,0.0,0.0,,,,,False,False,False,0.0,0.0
I-95 NB,GP,110+04154,2025-10-20,667.0,1.495359,4,70.4,49.780317395532954,8000.0,96,0.5,free_flow_speed,35.2,0.5,0.7071067811865475,True,1.5085827105929819,7606.608556767431,0.9508260695959289,376.34404536862,466.8590080041989,12.964444444444444,405.0,False,False,True,2.255872733529611,1.495359
I-95 NB,GP,110+04154,2025-10-21,667.0,1.495359,4,70.4,49.780317395532954,8000.0,96,0.5,free_flow_speed,35.2,0.5,0.7071067811865475,True,2.224018148578085,12523.132271414992,1.565391533926874,423.25092421441775,556.6920131291029,12.64,480.0,False,False,True,3.3257055546395766,1.495359
I-95 NB,GP,110+04154,2025-10-22,667.0,1.495359,4,70.4,49.780317395532954,8000.0,96,0.5,free_flow_speed,35.2,0.5,0.7071067811865475,True,1.4873473211610948,9225.220657034864,1.153152582129358,408.31564213227574,497.5564814019414,20.17222222222222,450.0,False,False,True,2.2241182028241337,1.495359
I-95 NB,GP,110+04154,2025-10-23,667.0,1.495359,4,70.4,49.780317395532954,8000.0,96,0.5,free_flow_speed,35.2,0.5,0.7071067811865475,True,1.4325053250525912,7668.577810371594,0.9585722262964492,407.77706185567007,493.72738135882554,19.641111111111112,450.0,False,False,True,2.142109730365318,1.495359
I-95 NB,GP,110+04154,2025-10-24,667.0,1.495359,4,70.4,49.780317395532954,8000.0,96,0.5,free_flow_speed,35.2,0.5,0.7071067811865475,False,0.0,0.0,0.0,,,,,False,False,False,0.0,0.0
I-95 NB,GP,110+04154,2025-10-27,667.0,1.495359,4,70.4,49.780317395532954,8000.0,96,0.5,free_flow_speed,35.2,0.5,0.7071067811865475,False,0.0,0.0,0.0,,,,,False,False,False,0.0,0.0
I-95 NB,GP,110+04154,2025-10-28,667.0,1.495359,4,70.4,49.780317395532954,8000.0,96,0.5,free_flow_speed,35.2,0.5,0.7071067811865475,True,1.060943389148749,6769.780131405478,0.8462225164256847,407.46779247910865,471.1243958280336,25.85666666666667,435.0,False,False,True,1.5864912454540843,1.495359
I-95 NB,GP,110+04154,2025-10-29,667.0,1.495359,4,70.4,49.780317395532954,8000.0,96,0.5,free_flow_speed,35.2,0.5,0.7071067811865475,True,1.1396419606952388,6123.936984834157,0.7654921231042696,453.8094190140845,522.1879366557988,20.04222222222222,480.0,False,False,True,1.7041738627032716,1.495359
I-95 NB,GP,110+04154,2025-10-30,667.0,1.495359,4,70.4,49.780317395532954,8000.0,96,0.5,free_flow_speed,35.2,0.5,0.7071067811865475,False,0.0,0.0,0.0,,,,,False,False,False,0.0,0.0
I-95 NB,GP,110+04154,2025-10-31,667.0,1.495359,4,70.4,49.780317395532954,8000.0,96,0.5,free_flow_speed,35.2,0.5,0.7071067811865475,False,0.0,0.0,0.0,,,,,False,False,False,0.0,0.0
I-95 NB,GP,110P04154,2025-10-01,668.0,0.239936,4,70.8,50.063160108007565,8000.0,96,0.5,free_flow_speed,35.4,0.5,0.7071067811865475,True,2.118435507582324,14014.79891627017,1.7518498645337712,386.64816507770666,513.7542955326461,18.197777777777777,450.0,False,False,True,0.5082889419472725,0.239936
I-95 NB,GP,110P04154,2025-10-02,668.0,0.239936,4,70.8,50.063160108007565,8000.0,96,0.5,free_flow_speed,35.4,0.5,0.7071067811865475,True,0.5229667028421905,5191.702926721871,0.6489628658402339,434.6581586144029,466.03616078493434,29.594444444444445,450.0,False,False,True,0.12547853881314383,0.239936
I-95 NB,GP,110P04154,2025-10-03,668.0,0.239936,4,70.8,50.063160108007565,8000.0,96,0.5,free_flow_speed,35.4,0.5,0.7071067811865475,True,0.6109445891703198,3216.5622919529333,0.40207028649411664,411.1137440758294,447.7704194260486,27.686666666666667,435.0,False,False,True,0.14658760094716985,0.239936
I-95 NB,GP,110P04154,2025-10-06,668.0,0.239936,4,70.8,50.063160108007565,8000.0,96,0.5,free_flow_speed,35.4,0.5,0.7071067811865475,True,0.9186132038591552,7132.427787355414,0.8915534734194267,426.8913971934106,482.00818942495994,29.32111111111111,465.0,False,False,True,0.2204083776811503,0.239936
I-95 NB,GP,110P04154,2025-10-07,668.0,0.239936,4,70.8,50.063160108007565,8000.0,96,0.5,free_flow_speed,35.4,0.5,0.7071067811865475,True,1.1067916162925948,8297.364953661016,1.0371706192076269,383.9790516950107,450.3865486725664,26.142222222222227,420.0,False,False,True,0.26555915324678003,0.239936
I-95 NB,GP,110P04154,2025-10-08,668.0,0.239936,4,70.8,50.063160108007565,8000.0,96,0.5,free_flow_speed,35.4,0.5,0.7071067811865475,True,2.41439008838272,15236.149450513201,1.9045186813141501,380.4633273703041,525.3267326732673,16.595555555555556,450.0,False,False,True,0.5792991002461962,0.239936
I-95 NB,GP,110P04154,2025-10-09,668.0,0.239936,4,70.8,50.063160108007565,8000.0,96,0.5,free_flow_speed,35.4,0.5,0.7071067811865475,True,1.9251410531388984,12533.390071782967,1.566673758972871,380.3129489021137,495.8214120904476,18.75,465.0,False,False,True,0.46191064372593477,0.239936
I-95 NB,GP,110P04154,2025-10-10,668.0,0.239936,4,70.8,50.063160108007565,8000.0,96,0.5,free_flow_speed,35.4,0.5,0.7071067811865475,True,2.0949677723988582,9956.226133999633,1.2445282667499542,379.2926901450133,504.9907564889448,7.37,435.0,False,False,True,0.5026581874382925,0.239936
I-95 NB,GP,110P04154,2025-10-13,668.0,0.239936,4,70.8,50.063160108007565,8000.0,96,0.5,free_flow_speed,35.4,0.5,0.7071067811865475,False,0.0,0.0,0.0,,,,,False,False,False,0.0,0.0
I-95 NB,GP,110P04154,2025-10-14,668.0,0.239936,4,70.8,50.063160108007565,8000.0,96,0.5,free_flow_speed,35.4,0.5,0.7071067811865475,True,3.017899451178327,18111.63555605889,2.263954444507361,369.8191085348791,550.8930756055787,15.348888888888888,450.0,False,False,True,0.7241027227179231,0.239936
I-95 NB,GP,110P04154,2025-10-15,668.0,0.239936,4,70.8,50.063160108007565,8000.0,96,0.5,free_flow_speed,35.4,0.5,0.7071067811865475,True,1.6971727537297938,11710.531783564114,1.4638164729455143,388.1660450786444,489.996410302432,23.265555555555554,465.0,False,False,True,0.4072128418389118,0.239936
I-95 NB,GP,110P04154,2025-10-16,668.0,0.239936,4,70.8,50.063160108007565,8000.0,96,0.5,free_flow_speed,35.4,0.5,0.7071067811865475,True,1.520602711939669,9755.386475510735,1.2194233094388418,392.33397079276773,483.57013350914787,22.947777777777777,450.0,False,False,True,0.3648473322919564,0.239936
I-95 NB,GP,110P04154,2025-10-17,668.0,0.239936,4,70.8,50.063160108007565,8000.0,96,0.5,free_flow_speed,35.4,0.5,0.7071067811865475,False,0.0,0.0,0.0,,,,,False,False,False,0.0,0.0
I-95 NB,GP,110P04154,2025-10-20,668.0,0.239936,4,70.8,50.063160108007565,8000.0,96,0.5,free_flow_speed,35.4,0.5,0.7071067811865475,True,1.6825775500506959,9392.57378797616,1.17407172349702,371.39811320754717,472.3527662105889,14.06444444444445,405.0,False,False,True,0.4037109270489638,0.239936
I-95 NB,GP,110P04154,2025-10-21,668.0,0.239936,4,70.8,50.063160108007565,8000.0,96,0.5,free_flow_speed,35.4,0.5,0.7071067811865475,False,0.0,0.0,0.0,,,,,False,False,False,0.0,0.0
I-95 NB,GP,110P04154,2025-10-22,668.0,0.239936,4,70.8,50.063160108007565,8000.0,96,0.5,free_flow_speed,35.4,0.5,0.7071067811865475,True,1.9873529707902966,11178.44882123213,1.3973061026540163,390.5074383533727,509.7486166007905,20.581111111111113,450.0,False,False,True,0.47683752239954064,0.239936
I-95 NB,GP,110P04154,2025-10-23,668.0,0.239936,4,70.8,50.063160108007565,8000.0,96,0.5,free_flow_speed,35.4,0.5,0.7071067811865475,True,1.635952503220699,11179.635987682586,1.3974544984603232,398.24790167865706,496.405051871899,19.521111111111107,450.0,False,False,True,0.39252389981276165,0.239936
I-95 NB,GP,110P04154,2025-10-24,668.0,0.239936,4,70.8,50.063160108007565,8000.0,96,0.5,free_flow_speed,35.4,0.5,0.7071067811865475,False,0.0,0.0,0.0,,,,,False,False,False,0.0,0.0
I-95 NB,GP,110P04154,2025-10-27,668.0,0.239936,4,70.8,50.063160108007565,8000.0,96,0.5,free_flow_speed,35.4,0.5,0.7071067811865475,True,1.2777226907320511,8462.985733393041,1.0578732166741303,391.51453957996773,468.1779010238908,23.77,450.0,False,False,True,0.3065716715234854,0.239936
I-95 NB,GP,110P04154,2025-10-28,668.0,0.239936,4,70.8,50.063160108007565,8000.0,96,0.5,free_flow_speed,35.4,0.5,0.7071067811865475,True,1.7723302271887595,11503.78275464681,1.4379728443308513,390.88195991091317,497.22177354223874,24.165555555555553,450.0,False,False,True,0.4252458253907622,0.239936
I-95 NB,GP,110P04154,2025-10-29,668.0,0.239936,4,70.8,50.063160108007565,8000.0,96,0.5,free_flow_speed,35.4,0.5,0.7071067811865475,True,1.2477094745222852,8067.721733201361,1.00846521665017,454.8128406540558,529.6754091253929,21.51888888888888,480.0,False,False,True,0.29937042047897905,0.239936
I-95 NB,GP,110P04154,2025-10-30,668.0,0.239936,4,70.8,50.063160108007565,8000.0,96,0.5,free_flow_speed,35.4,0.5,0.7071067811865475,False,0.0,0.0,0.0,,,,,False,False,False,0.0,0.0
I-95 NB,GP,110P04154,2025-10-31,668.0,0.239936,4,70.8,50.063160108007565,8000.0,96,0.5,free_flow_speed,35.4,0.5,0.7071067811865475,False,0.0,0.0,0.0,,,,,False,False,False,0.0,0.0
I-95 NB,GP,110+04155,2025-10-01,669.0,2.396225,4,69.19,48.92471819029723,8000.0,96,0.5,free_flow_speed,34.595,0.5,0.7071067811865475,True,3.8387876477577474,24507.38610867901,3.0634232635848764,377.97852093529093,608.3057798007558,20.982222222222223,420.0,False,False,True,9.198598931248307,2.396225
I-95 NB,GP,110+04155,2025-10-02,669.0,2.396225,4,69.19,48.92471819029723,8000.0,96,0.5,free_flow_speed,34.595,0.5,0.7071067811865475,True,1.081005747962277,7189.99397795057,0.8987492472438213,410.5070754716981,475.3674203494347,30.19333333333334,450.0,False,False,True,2.590332998410907,2.396225
I-95 NB,GP,110+04155,2025-10-03,669.0,2.396225,4,69.19,48.92471819029723,8000.0,96,0.5,free_flow_speed,34.595,0.5,0.7071067811865475,True,1.2150012835624948,8690.159335946772,1.0862699169933465,401.4787146950471,474.37879170879677,27.883333333333336,420.0,False,False,True,2.911416450704539,2.396225
I-95 NB,GP,110+04155,2025-10-06,669.0,2.396225,4,69.19,48.92471819029723,8000.0,96,0.5,free_flow_speed,34.595,0.5,0.7071067811865475,True,1.4012377204606206,10769.656104056949,1.3462070130071186,404.776185770751,488.85044899838823,28.937777777777786,465.0,False,False,True,3.35768085671075,2.396225
I-95 NB,GP,110+04155,2025-10-07,669.0,2.396225,4,69.19,48.92471819029723,8000.0,96,0.5,free_flow_speed,34.595,0.5,0.7071067811865475,True,1.2845486079339348,8561.289308818323,1.0701611636022903,380.0099150141643,457.08283149020036,27.37111111111111,435.0,False,False,True,3.0780674880464924,2.396225
I-95 NB,GP,110+04155,2025-10-08,669.0,2.396225,4,69.19,48.92471819029723,8000.0,96,0.5,free_flow_speed,34.595,0.5,0.7071067811865475,True,2.556276135313806,16466.994125254576,2.058374265656822,377.8691784784495,531.2457465972778,21.75111111111111,450.0,False,False,True,6.125412782342324,2.396225
I-95 NB,GP,110+04155,2025-10-09,669.0,2.396225,4,69.19,48.92471819029723,8000.0,96,0.5,free_flow_speed,34.595,0.5,0.7071067811865475,True,2.1871655749307215,13321.125989907214,1.6651407487384018,376.524612579763,507.7545470756063,23.69111111111111,465.0,False,False,True,5.240940829788368,2.396225
I-95 NB,GP,110+04155,2025-10-10,669.0,2.396225,4,69.19,48.92471819029723,8000.0,96,0.5,free_flow_speed,34.595,0.5,0.7071067811865475,True,2.3792329710014246,11068.140889076647,1.3835176111345808,363.1951260504202,505.9491043105057,7.628888888888889,435.0,False,False,True,5.701177525937888,2.396225
I-95 NB,GP,110+04155,2025-10-13,669.0,2.396225,4,69.19,48.92471819029723,8000.0,96,0.5,free_flow_speed,34.595,0.5,0.7071067811865475,False,0.0,0.0,0.0,,,,,False,False,False,0.0,0.0
I-95 NB,GP,110+04155,2025-10-14,669.0,2.396225,4,69.19,48.92471819029723,8000.0,96,0.5,free_flow_speed,34.595,0.5,0.7071067811865475,True,3.519348782684645,22266.940726280387,2.7833675907850486,361.6193917169974,572.7803186780761,18.60777777777778,450.0,False,False,True,8.433151536788513,2.396225
I-95 NB,GP,110+04155,2025-10-15,669.0,2.396225,4,69.19,48.92471819029723,8000.0,96,0.5,free_flow_speed,34.595,0.5,0.7071067811865475,True,2.062856115442519,13714.494627256623,1.714311828407078,376.1974474474475,499.9688143739986,25.442222222222224,450.0,False,False,True,4.94306739522625,2.396225
I-95 NB,GP,110+04155,2025-10-16,669.0,2.396225,4,69.19,48.92471819029723,8000.0,96,0.5,free_flow_speed,34.595,0.5,0.7071067811865475,True,1.751663087916045,11969.64607647743,1.4962057595596787,383.5298223350254,488.6296076099881,25.90111111111111,450.0,False,False,True,4.197378882841625,2.396225
I-95 NB,GP,110+04155,2025-10-17,669.0,2.396225,4,69.19,48.92471819029723,8000.0,96,0.5,free_flow_speed,34.595,0.5,0.7071067811865475,True,0.7795634449093067,7223.613530717048,0.902951691339631,433.4267711847589,480.2005778793173,30.298888888888886,450.0,False,False,True,1.8680094157778033,2.396225
I-95 NB,GP,110+04155,2025-10-20,669.0,2.396225,4,69.19,48.92471819029723,8000.0,96,0.5,free_flow_speed,34.595,0.5,0.7071067811865475,True,1.7109537732932685,10789.008123990967,1.348626015498871,368.7919832422069,471.44920963980303,18.7188888888889,390.0,False,False,True,4.099830205409662,2.396225
I-95 NB,GP,110+04155,2025-10-21,669.0,2.396225,4,69.19,48.92471819029723,8000.0,96,0.5,free_flow_speed,34.595,0.5,0.7071067811865475,False,0.0,0.0,0.0,,,,,False,False,False,0.0,0.0
I-95 NB,GP,110+04155,2025-10-22,669.0,2.396225,4,69.19,48.92471819029723,8000.0,96,0.5,free_flow_speed,34.595,0.5,0.7071067811865475,True,2.222057852620253,15098.811775955286,1.8873514719944107,381.95516757325845,515.2786387304736,23.155555555555555,450.0,False,False,True,5.324550577894965,2.396225
I-95 NB,GP,110+04155,2025-10-23,669.0,2.396225,4,69.19,48.92471819029723,8000.0,96,0.5,free_flow_speed,34.595,0.5,0.7071067811865475,True,1.8747286143602035,13105.294391270958,1.6381617989088697,389.8311565561093,502.3148734177215,21.939999999999998,450.0,False,False,True,4.4922715739452785,2.396225
I-95 NB,GP,110+04155,2025-10-24,669.0,2.396225,4,69.19,48.92471819029723,8000.0,96,0.5,free_flow_speed,34.595,0.5,0.7071067811865475,True,1.0666574322922144,7264.972836576942,0.9081216045721178,394.2260004910385,458.2254464285714,31.344444444444445,405.0,False,False,True,2.555951205694411,2.396225
I-95 NB,GP,110+04155,2025-10-27,669.0,2.396225,4,69.19,48.92471819029723,8000.0,96,0.5,free_flow_speed,34.595,0.5,0.7071067811865475,True,1.3884212129209041,10521.257037516592,1.315157129689574,388.19658251231533,471.5018552875696,28.24888888888889,450.0,False,False,True,3.3269696209313935,2.396225
I-95 NB,GP,110+04155,2025-10-28,669.0,2.396225,4,69.19,48.92471819029723,8000.0,96,0.5,free_flow_speed,34.595,0.5,0.7071067811865475,True,1.7520733170430058,11966.735525795775,1.4958419407244719,386.6742777260019,491.79867674858224,24.66111111111111,450.0,False,False,True,4.198361884131376,2.396225
I-95 NB,GP,110+04155,2025-10-29,669.0,2.396225,4,69.19,48.92471819029723,8000.0,96,0.5,free_flow_speed,34.595,0.5,0.7071067811865475,True,1.2889485690586744,8402.998248925236,1.0503747811156545,454.05237608584565,531.3892902293661,25.496666666666666,480.0,False,False,True,3.0886107848926216,2.396225
I-95 NB,GP,110+04155,2025-10-30,669.0,2.396225,4,69.19,48.92471819029723,8000.0,96,0.5,free_flow_speed,34.595,0.5,0.7071067811865475,False,0.0,0.0,0.0,,,,,False,False,False,0.0,0.0
I-95 NB,GP,110+04155,2025-10-31,669.0,2.396225,4,69.19,48.92471819029723,8000.0,96,0.5,free_flow_speed,34.595,0.5,0.7071067811865475,False,0.0,0.0,0.0,,,,,False,False,False,0.0,0.0
I-95 NB,GP,110P04155,2025-10-01,670.0,0.556002,4,68.39,48.35903276534799,8000.0,96,0.5,free_flow_speed,34.195,0.5,0.7071067811865475,True,4.358510338916754,26923.644237187047,3.365455529648381,361.41083725987676,622.921457594882,18.313333333333336,585.0,False,False,True,2.423340465458393,0.556002
I-95 NB,GP,110P04155,2025-10-02,670.0,0.556002,4,68.39,48.35903276534799,8000.0,96,0.5,free_flow_speed,34.195,0.5,0.7071067811865475,True,0.6665700641243044,3524.9886654937027,0.44062358318671285,436.4007352941176,476.3949391415759,30.24222222222222,465.0,False,False,True,0.3706142887932415,0.556002
I-95 NB,GP,110P04155,2025-10-03,670.0,0.556002,4,68.39,48.35903276534799,8000.0,96,0.5,free_flow_speed,34.195,0.5,0.7071067811865475,True,1.3223677418789492,8817.626404711647,1.102203300588956,399.9839029222387,479.32596743497567,28.63888888888889,450.0,False,False,True,0.7352391092201795,0.556002
I-95 NB,GP,110P04155,2025-10-06,670.0,0.556002,4,68.39,48.35903276534799,8000.0,96,0.5,free_flow_speed,34.195,0.5,0.7071067811865475,True,0.689506978562784,5204.59430029113,0.6505742875363912,427.3950878334418,468.7655065472088,28.607777777777773,450.0,False,False,True,0.383367259094865,0.556002
I-95 NB,GP,110P04155,2025-10-07,670.0,0.556002,4,68.39,48.35903276534799,8000.0,96,0.5,free_flow_speed,34.195,0.5,0.7071067811865475,True,1.4889209557472782,8570.493145551894,1.0713116431939869,375.5559657412877,464.8912230861244,26.22333333333334,435.0,False,False,True,0.8278430292373982,0.556002
I-95 NB,GP,110P04155,2025-10-08,670.0,0.556002,4,68.39,48.35903276534799,8000.0,96,0.5,free_flow_speed,34.195,0.5,0.7071067811865475,True,2.6285543802326448,18284.05163873189,2.285506454841486,367.5049032426778,525.2181660566365,21.75777777777778,450.0,False,False,True,1.461481492518111,0.556002
I-95 NB,GP,110P04155,2025-10-09,670.0,0.556002,4,68.39,48.35903276534799,8000.0,96,0.5,free_flow_speed,34.195,0.5,0.7071067811865475,True,2.2376455788723386,15153.613884633049,1.8942017355791312,377.9362745098039,512.1950092421442,21.805555555555554,450.0,False,False,True,1.244135417144178,0.556002
I-95 NB,GP,110P04155,2025-10-10,670.0,0.556002,4,68.39,48.35903276534799,8000.0,96,0.5,free_flow_speed,34.195,0.5,0.7071067811865475,True,2.5715940527129884,14142.485697746964,1.7678107122183706,356.5270351683109,510.8226783310902,6.157777777777778,420.0,False,False,True,1.4298114364965269,0.556002
I-95 NB,GP,110P04155,2025-10-13,670.0,0.556002,4,68.39,48.35903276534799,8000.0,96,0.5,free_flow_speed,34.195,0.5,0.7071067811865475,False,0.0,0.0,0.0,,,,,False,False,False,0.0,0.0
I-95 NB,GP,110P04155,2025-10-14,670.0,0.556002,4,68.39,48.35903276534799,8000.0,96,0.5,free_flow_speed,34.195,0.5,0.7071067811865475,True,3.3409264529576705,22030.471331319608,2.753808916414951,373.9406177306798,574.39620490814,18.73888888888889,435.0,False,False,True,1.8575617896973706,0.556002
I-95 NB,GP,110P04155,2025-10-15,670.0,0.556002,4,68.39,48.35903276534799,8000.0,96,0.5,free_flow_speed,34.195,0.5,0.7071067811865475,True,2.0563740641060764,13852.21393195154,1.7315267414939426,380.8594531510504,504.241896997415,25.603333333333335,435.0,False,False,True,1.1433480923911066,0.556002
I-95 NB,GP,110P04155,2025-10-16,670.0,0.556002,4,68.39,48.35903276534799,8000.0,96,0.5,free_flow_speed,34.195,0.5,0.7071067811865475,True,2.778947559469911,18867.348241462558,2.3584185301828198,370.7973149967256,537.5341685649203,24.89222222222222,435.0,False,False,True,1.5451004009603895,0.556002
I-95 NB,GP,110P04155,2025-10-17,670.0,0.556002,4,68.39,48.35903276534799,8000.0,96,0.5,free_flow_speed,34.195,0.5,0.7071067811865475,True,1.5309792885224938,10236.16209965365,1.2795202624567061,407.35847333820305,499.2172306495527,25.78,480.0,False,False,True,0.8512275463770835,0.556002
I-95 NB,GP,110P04155,2025-10-20,670.0,0.556002,4,68.39,48.35903276534799,8000.0,96,0.5,free_flow_speed,34.195,0.5,0.7071067811865475,False,0.0,0.0,0.0,,,,,False,False,False,0.0,0.0
I-95 NB,GP,110P04155,2025-10-21,670.0,0.556002,4,68.39,48.35903276534799,8000.0,96,0.5,free_flow_speed,34.195,0.5,0.7071067811865475,True,0.8664898874974909,5228.735133546631,0.6535918916933289,392.57239382239385,444.5617870722433,28.606666666666673,435.0,False,False,True,0.4817701104283799,0.556002
I-95 NB,GP,110P04155,2025-10-22,670.0,0.556002,4,68.39,48.35903276534799,8000.0,96,0.5,free_flow_speed,34.195,0.5,0.7071067811865475,True,2.3188579175349444,14973.068856551225,1.871633607068903,378.6313946083634,517.7628696604601,20.413333333333334,450.0,False,False,True,1.2892896398652642,0.556002
I-95 NB,GP,110P04155,2025-10-23,670.0,0.556002,4,68.39,48.35903276534799,8000.0,96,0.5,free_flow_speed,34.195,0.5,0.7071067811865475,True,2.048894267205944,12939.307198386621,1.6174133997983275,383.16600397614314,506.09966000849977,20.12555555555556,450.0,False,False,True,1.1391893103550392,0.556002
I-95 NB,GP,110P04155,2025-10-24,670.0,0.556002,4,68.39,48.35903276534799,8000.0,96,0.5,free_flow_speed,34.195,0.5,0.7071067811865475,True,1.5326717867147674,10375.684498597268,1.2969605623246585,380.3414048865619,472.30171208944796,26.56555555555555,450.0,False,False,True,0.8521685787569842,0.556002
I-95 NB,GP,110P04155,2025-10-27,670.0,0.556002,4,68.39,48.35903276534799,8000.0,96,0.5,free_flow_speed,34.195,0.5,0.7071067811865475,True,1.8010235100488121,12506.939695623356,1.5633674619529194,379.3240146654445,487.38542526837324,27.74444444444444,450.0,False,False,True,1.0013726736341597,0.556002
I-95 NB,GP,110P04155,2025-10-28,670.0,0.556002,4,68.39,48.35903276534799,8000.0,96,0.5,free_flow_speed,34.195,0.5,0.7071067811865475,True,1.7207817006063257,11937.081831847783,1.4921352289809728,383.07863113897594,486.3255331753555,22.57444444444445,450.0,False,False,True,0.9567580671005184,0.556002
I-95 NB,GP,110P04155,2025-10-29,670.0,0.556002,4,68.39,48.35903276534799,8000.0,96,0.5,free_flow_speed,34.195,0.5,0.7071067811865475,True,1.3034068262411354,8375.619106211654,1.0469523882764569,446.42325,524.6276595744681,23.592222222222215,465.0,False,False,True,0.7246968022037237,0.556002
I-95 NB,GP,110P04155,2025-10-30,670.0,0.556002,4,68.39,48.35903276534799,8000.0,96,0.5,free_flow_speed,34.195,0.5,0.7071067811865475,True,1.6175766583403544,12541.527260276564,1.5676909075345704,509.10187802907916,606.1564775295004,30.24,585.0,False,False,True,0.8993758571905537,0.556002
I-95 NB,GP,110P04155,2025-10-31,670.0,0.556002,4,68.39,48.35903276534799,8000.0,96,0.5,free_flow_speed,34.195,0.5,0.7071067811865475,False,0.0,0.0,0.0,,,,,False,False,False,0.0,0.0
I-95 NB,GP,110+04156,2025-10-01,671.0,0.43656,4,67.9995,48.08290756729464,8000.0,96,0.5,free_flow_speed,33.99975,0.5,0.7071067811865475,True,4.2846306083725985,27373.935861115224,3.421741982639403,366.8877970749543,623.9656335773102,18.712222222222223,585.0,False,False,True,1.8704983383911415,0.43656
I-95 NB,GP,110+04156,2025-10-02,671.0,0.43656,4,67.9995,48.08290756729464,8000.0,96,0.5,free_flow_speed,33.99975,0.5,0.7071067811865475,False,0.0,0.0,0.0,,,,,False,False,False,0.0,0.0
I-95 NB,GP,110+04156,2025-10-03,671.0,0.43656,4,67.9995,48.08290756729464,8000.0,96,0.5,free_flow_speed,33.99975,0.5,0.7071067811865475,True,1.227400221438425,8991.103117952285,1.1238878897440356,395.83053058275806,469.47454386906355,29.768888888888895,405.0,False,False,True,0.5358338406711588,0.43656
I-95 NB,GP,110+04156,2025-10-06,671.0,0.43656,4,67.9995,48.08290756729464,8000.0,96,0.5,free_flow_speed,33.99975,0.5,0.7071067811865475,True,0.7788105779049943,5493.592656821789,0.6866990821027237,416.70002113271346,463.4286558070131,30.00000000000001,450.0,False,False,True,0.3399975458902043,0.43656
I-95 NB,GP,110+04156,2025-10-07,671.0,0.43656,4,67.9995,48.08290756729464,8000.0,96,0.5,free_flow_speed,33.99975,0.5,0.7071067811865475,True,1.3649272155355427,8995.050593971373,1.1243813242464216,381.0873986164122,462.9830315485448,29.671111111111117,450.0,False,False,True,0.5958726252141966,0.43656
I-95 NB,GP,110+04156,2025-10-08,671.0,0.43656,4,67.9995,48.08290756729464,8000.0,96,0.5,free_flow_speed,33.99975,0.5,0.7071067811865475,True,2.7965211974063378,18612.587493754003,2.3265734367192503,363.8403405666064,531.6316124109867,23.80222222222223,480.0,False,False,True,1.2208492939397109,0.43656
I-95 NB,GP,110+04156,2025-10-09,671.0,0.43656,4,67.9995,48.08290756729464,8000.0,96,0.5,free_flow_speed,33.99975,0.5,0.7071067811865475,True,2.357122307733677,15895.776126670322,1.9869720158337902,378.01076141600333,519.438099880024,26.903333333333332,450.0,False,False,True,1.029025314664214,0.43656
I-95 NB,GP,110+04156,2025-10-10,671.0,0.43656,4,67.9995,48.08290756729464,8000.0,96,0.5,free_flow_speed,33.99975,0.5,0.7071067811865475,True,2.5145359540869276,12039.332519770034,1.5049165649712544,351.4590508709422,502.3312081161578,5.579999999999999,420.0,False,False,True,1.097745816116189,0.43656
I-95 NB,GP,110+04156,2025-10-13,671.0,0.43656,4,67.9995,48.08290756729464,8000.0,96,0.5,free_flow_speed,33.99975,0.5,0.7071067811865475,False,0.0,0.0,0.0,,,,,False,False,False,0.0,0.0
I-95 NB,GP,110+04156,2025-10-14,671.0,0.43656,4,67.9995,48.08290756729464,8000.0,96,0.5,free_flow_speed,33.99975,0.5,0.7071067811865475,True,3.238530610252613,20836.813487137857,2.604601685892232,376.5890717092338,570.9009083243906,19.271111111111114,495.0,False,False,True,1.4138129232118806,0.43656
I-95 NB,GP,110+04156,2025-10-15,671.0,0.43656,4,67.9995,48.08290756729464,8000.0,96,0.5,free_flow_speed,33.99975,0.5,0.7071067811865475,True,2.1361996518281474,14095.710206601387,1.7619637758251734,378.7244404883011,506.89641959798996,28.233333333333334,450.0,False,False,True,0.9325793200020961,0.43656
I-95 NB,GP,110+04156,2025-10-16,671.0,0.43656,4,67.9995,48.08290756729464,8000.0,96,0.5,free_flow_speed,33.99975,0.5,0.7071067811865475,True,2.8324188692702847,19002.806960829243,2.3753508701036554,378.2989274364407,548.2440595926578,22.135555555555555,510.0,False,False,True,1.2365207815686354,0.43656
I-95 NB,GP,110+04156,2025-10-17,671.0,0.43656,4,67.9995,48.08290756729464,8000.0,96,0.5,free_flow_speed,33.99975,0.5,0.7071067811865475,True,1.4932336289924686,8955.744654485907,1.1194680818107383,405.33906584582445,494.9330835853726,29.27,465.0,False,False,True,0.6518860730729521,0.43656
I-95 NB,GP,110+04156,2025-10-20,671.0,0.43656,4,67.9995,48.08290756729464,8000.0,96,0.5,free_flow_speed,33.99975,0.5,0.7071067811865475,False,0.0,0.0,0.0,,,,,False,False,False,0.0,0.0
I-95 NB,GP,110+04156,2025-10-21,671.0,0.43656,4,67.9995,48.08290756729464,8000.0,96,0.5,free_flow_speed,33.99975,0.5,0.7071067811865475,True,0.7526429640377501,5425.433084456012,0.6781791355570015,396.6830836314848,441.8416614737498,30.74666666666667,435.0,False,False,True,0.3285738123803202,0.43656
I-95 NB,GP,110+04156,2025-10-22,671.0,0.43656,4,67.9995,48.08290756729464,8000.0,96,0.5,free_flow_speed,33.99975,0.5,0.7071067811865475,True,2.2672033329348893,15652.464283437106,1.9565580354296384,377.08412120272783,513.1163211788212,26.13,450.0,False,False,True,0.9897702870260553,0.43656
I-95 NB,GP,110+04156,2025-10-23,671.0,0.43656,4,67.9995,48.08290756729464,8000.0,96,0.5,free_flow_speed,33.99975,0.5,0.7071067811865475,True,2.0801486040133548,13559.395790041872,1.694924473755234,376.71556250000003,501.5244787408013,24.75555555555556,450.0,False,False,True,0.9081096745680701,0.43656
I-95 NB,GP,110+04156,2025-10-24,671.0,0.43656,4,67.9995,48.08290756729464,8000.0,96,0.5,free_flow_speed,33.99975,0.5,0.7071067811865475,True,1.414986210376219,8800.560059660103,1.100070007457513,379.2112666666667,464.1104392892398,28.721111111111117,405.0,False,False,True,0.6177263800018422,0.43656
I-95 NB,GP,110+04156,2025-10-27,671.0,0.43656,4,67.9995,48.08290756729464,8000.0,96,0.5,free_flow_speed,33.99975,0.5,0.7071067811865475,True,1.6269060782466578,11023.107042304408,1.3778883802880508,380.73849734042557,478.35286203522503,30.515555555555554,435.0,False,False,True,0.710242117519361,0.43656
I-95 NB,GP,110+04156,2025-10-28,671.0,0.43656,4,67.9995,48.08290756729464,8000.0,96,0.5,free_flow_speed,33.99975,0.5,0.7071067811865475,True,1.669689735332985,12384.740621020354,1.5480925776275443,380.3857227596277,480.5671068796068,28.21333333333334,435.0,False,False,True,0.7289197508569679,0.43656
I-95 NB,GP,110+04156,2025-10-29,671.0,0.43656,4,67.9995,48.08290756729464,8000.0,96,0.5,free_flow_speed,33.99975,0.5,0.7071067811865475,True,1.3121375317299226,8625.23996092366,1.0781549951154574,446.24753861003865,524.975790513834,26.86222222222223,465.0,False,False,True,0.572826760852015,0.43656
I-95 NB,GP,110+04156,2025-10-30,671.0,0.43656,4,67.9995,48.08290756729464,8000.0,96,0.5,free_flow_speed,33.99975,0.5,0.7071067811865475,True,1.4793558128225943,10530.175251504183,1.3162719064380228,379.13282554257097,467.89417431192663,28.223333333333333,435.0,False,False,True,0.6458275736458318,0.43656
I-95 NB,GP,110+04156,2025-10-31,671.0,0.43656,4,67.9995,48.08290756729464,8000.0,96,0.5,free_flow_speed,33.99975,0.5,0.7071067811865475,True,0.5674973281701094,3544.8543214838255,0.4431067901854782,450.6264802631579,484.67631995336444,31.572222222222223,465.0,False,False,True,0.24774663358594298,0.43656
I-95 NB,GP,110P04156,2025-10-01,672.0,0.764486,4,68.79,48.64187547782261,7600.0,96,0.5,free_flow_speed,34.395,0.5,0.7071067811865476,True,3.8222311562414943,23357.545349916618,3.0733612302521864,383.1871200339319,612.5209894084215,19.052222222222223,570.0,False,False,True,2.922042207710435,0.764486
I-95 NB,GP,110P04156,2025-10-02,672.0,0.764486,4,68.79,48.64187547782261,7600.0,96,0.5,free_flow_speed,34.395,0.5,0.7071067811865476,False,0.0,0.0,0.0,,,,,False,False,False,0.0,0.0
I-95 NB,GP,110P04156,2025-10-03,672.0,0.764486,4,68.79,48.64187547782261,7600.0,96,0.5,free_flow_speed,34.395,0.5,0.7071067811865476,False,0.0,0.0,0.0,,,,,False,False,False,0.0,0.0
I-95 NB,GP,110P04156,2025-10-06,672.0,0.764486,4,68.79,48.64187547782261,7600.0,96,0.5,free_flow_speed,34.395,0.5,0.7071067811865476,False,0.0,0.0,0.0,,,,,False,False,False,0.0,0.0
I-95 NB,GP,110P04156,2025-10-07,672.0,0.764486,4,68.79,48.64187547782261,7600.0,96,0.5,free_flow_speed,34.395,0.5,0.7071067811865476,False,0.0,0.0,0.0,,,,,False,False,False,0.0,0.0
I-95 NB,GP,110P04156,2025-10-08,672.0,0.764486,4,68.79,48.64187547782261,7600.0,96,0.5,free_flow_speed,34.395,0.5,0.7071067811865476,True,2.5283751458287402,17079.057480841733,2.2472444053739125,380.07641921397385,531.7789279636983,28.176666666666673,510.0,False,False,True,1.9329074017340302,0.764486
I-95 NB,GP,110P04156,2025-10-09,672.0,0.764486,4,68.79,48.64187547782261,7600.0,96,0.5,free_flow_speed,34.395,0.5,0.7071067811865476,False,0.0,0.0,0.0,,,,,False,False,False,0.0,0.0
I-95 NB,GP,110P04156,2025-10-10,672.0,0.764486,4,68.79,48.64187547782261,7600.0,96,0.5,free_flow_speed,34.395,0.5,0.7071067811865476,True,2.028668422147307,8385.44691557722,1.1033482783654238,349.7990159673227,471.51912129616113,6.067777777777773,420.0,False,False,True,1.5508886073737063,0.764486
I-95 NB,GP,110P04156,2025-10-13,672.0,0.764486,4,68.79,48.64187547782261,7600.0,96,0.5,free_flow_speed,34.395,0.5,0.7071067811865476,False,0.0,0.0,0.0,,,,,False,False,False,0.0,0.0
I-95 NB,GP,110P04156,2025-10-14,672.0,0.764486,4,68.79,48.64187547782261,7600.0,96,0.5,free_flow_speed,34.395,0.5,0.7071067811865476,True,2.9695695057618945,19261.78847644418,2.534445852163708,381.98710916072406,560.1612795064377,22.377777777777776,495.0,False,False,True,2.2701943131818876,0.764486
I-95 NB,GP,110P04156,2025-10-15,672.0,0.764486,4,68.79,48.64187547782261,7600.0,96,0.5,free_flow_speed,34.395,0.5,0.7071067811865476,True,2.1264230978173875,15585.706713264242,2.0507508833242425,373.99937320916905,501.5847590782123,29.74555555555556,465.0,False,False,True,1.6256206883580233,0.764486
I-95 NB,GP,110P04156,2025-10-16,672.0,0.764486,4,68.79,48.64187547782261,7600.0,96,0.5,free_flow_speed,34.395,0.5,0.7071067811865476,True,0.9284102472826448,6306.545707390937,0.8298086457093339,479.0135427952329,534.7181576321916,23.04444444444444,510.0,False,False,True,0.70975663630412,0.764486
I-95 NB,GP,110P04156,2025-10-17,672.0,0.764486,4,68.79,48.64187547782261,7600.0,96,0.5,free_flow_speed,34.395,0.5,0.7071067811865476,False,0.0,0.0,0.0,,,,,False,False,False,0.0,0.0
I-95 NB,GP,110P04156,2025-10-20,672.0,0.764486,4,68.79,48.64187547782261,7600.0,96,0.5,free_flow_speed,34.395,0.5,0.7071067811865476,False,0.0,0.0,0.0,,,,,False,False,False,0.0,0.0
I-95 NB,GP,110P04156,2025-10-21,672.0,0.764486,4,68.79,48.64187547782261,7600.0,96,0.5,free_flow_speed,34.395,0.5,0.7071067811865476,False,0.0,0.0,0.0,,,,,False,False,False,0.0,0.0
I-95 NB,GP,110P04156,2025-10-22,672.0,0.764486,4,68.79,48.64187547782261,7600.0,96,0.5,free_flow_speed,34.395,0.5,0.7071067811865476,True,0.8737458666402403,7077.911531167391,0.9313041488378146,402.94438073394497,455.3691327323594,33.11555555555555,450.0,False,False,True,0.6679664826043308,0.764486
I-95 NB,GP,110P04156,2025-10-23,672.0,0.764486,4,68.79,48.64187547782261,7600.0,96,0.5,free_flow_speed,34.395,0.5,0.7071067811865476,True,1.5150299185176948,10299.480775635182,1.355194838899366,382.74380466472303,473.6455997757847,30.707777777777782,390.0,False,False,True,1.1582191622879183,0.764486
I-95 NB,GP,110P04156,2025-10-24,672.0,0.764486,4,68.79,48.64187547782261,7600.0,96,0.5,free_flow_speed,34.395,0.5,0.7071067811865476,False,0.0,0.0,0.0,,,,,False,False,False,0.0,0.0
I-95 NB,GP,110P04156,2025-10-27,672.0,0.764486,4,68.79,48.64187547782261,7600.0,96,0.5,free_flow_speed,34.395,0.5,0.7071067811865476,False,0.0,0.0,0.0,,,,,False,False,False,0.0,0.0
I-95 NB,GP,110P04156,2025-10-28,672.0,0.764486,4,68.79,48.64187547782261,7600.0,96,0.5,free_flow_speed,34.395,0.5,0.7071067811865476,False,0.0,0.0,0.0,,,,,False,False,False,0.0,0.0
I-95 NB,GP,110P04156,2025-10-29,672.0,0.764486,4,68.79,48.64187547782261,7600.0,96,0.5,free_flow_speed,34.395,0.5,0.7071067811865476,True,0.6621024776912862,5280.812690374654,0.6948437750492966,461.4130434782608,501.139192139738,32.312222222222225,495.0,False,False,True,0.5061680747603006,0.764486
I-95 NB,GP,110P04156,2025-10-30,672.0,0.764486,4,68.79,48.64187547782261,7600.0,96,0.5,free_flow_speed,34.395,0.5,0.7071067811865476,False,0.0,0.0,0.0,,,,,False,False,False,0.0,0.0
I-95 NB,GP,110P04156,2025-10-31,672.0,0.764486,4,68.79,48.64187547782261,7600.0,96,0.5,free_flow_speed,34.395,0.5,0.7071067811865476,True,0.653215053150717,5229.416724909515,0.6880811480144099,449.76216593538095,488.95506912442397,32.955555555555556,480.0,False,False,True,0.49937376312297904,0.764486
I-95 NB,GP,110+04157,2025-10-01,673.0,0.329831,4,69.19,48.92471819029723,7600.0,96,0.5,free_flow_speed,34.595,0.5,0.7071067811865475,True,2.4665538734590777,15628.519040689047,2.0563840843011905,458.8362630208333,606.829495428378,20.87888888888888,570.0,False,False,True,0.8135459306368811,0.329831
I-95 NB,GP,110+04157,2025-10-02,673.0,0.329831,4,69.19,48.92471819029723,7600.0,96,0.5,free_flow_speed,34.595,0.5,0.7071067811865475,False,0.0,0.0,0.0,,,,,False,False,False,0.0,0.0
I-95 NB,GP,110+04157,2025-10-03,673.0,0.329831,4,69.19,48.92471819029723,7600.0,96,0.5,free_flow_speed,34.595,0.5,0.7071067811865475,False,0.0,0.0,0.0,,,,,False,False,False,0.0,0.0
I-95 NB,GP,110+04157,2025-10-06,673.0,0.329831,4,69.19,48.92471819029723,7600.0,96,0.5,free_flow_speed,34.595,0.5,0.7071067811865475,False,0.0,0.0,0.0,,,,,False,False,False,0.0,0.0
I-95 NB,GP,110+04157,2025-10-07,673.0,0.329831,4,69.19,48.92471819029723,7600.0,96,0.5,free_flow_speed,34.595,0.5,0.7071067811865475,False,0.0,0.0,0.0,,,,,False,False,False,0.0,0.0
I-95 NB,GP,110+04157,2025-10-08,673.0,0.329831,4,69.19,48.92471819029723,7600.0,96,0.5,free_flow_speed,34.595,0.5,0.7071067811865475,True,0.9936333726146842,6745.657906789239,0.8875865666827946,470.07801542777,529.6960177846511,29.78222222222222,510.0,False,False,True,0.3277310889228739,0.329831
I-95 NB,GP,110+04157,2025-10-09,673.0,0.329831,4,69.19,48.92471819029723,7600.0,96,0.5,free_flow_speed,34.595,0.5,0.7071067811865475,False,0.0,0.0,0.0,,,,,False,False,False,0.0,0.0
I-95 NB,GP,110+04157,2025-10-10,673.0,0.329831,4,69.19,48.92471819029723,7600.0,96,0.5,free_flow_speed,34.595,0.5,0.7071067811865475,True,1.9325326844362072,7244.033896256642,0.9531623547706108,347.6261609907121,463.5781220568845,7.375555555555555,405.0,False,False,True,0.6374091878402787,0.329831
I-95 NB,GP,110+04157,2025-10-13,673.0,0.329831,4,69.19,48.92471819029723,7600.0,96,0.5,free_flow_speed,34.595,0.5,0.7071067811865475,False,0.0,0.0,0.0,,,,,False,False,False,0.0,0.0
I-95 NB,GP,110+04157,2025-10-14,673.0,0.329831,4,69.19,48.92471819029723,7600.0,96,0.5,free_flow_speed,34.595,0.5,0.7071067811865475,True,1.3529006488444897,9889.51827382001,1.3012524044500011,473.8820422535211,555.0560811841905,27.631111111111114,525.0,False,False,True,0.44622857390902687,0.329831
I-95 NB,GP,110+04157,2025-10-15,673.0,0.329831,4,69.19,48.92471819029723,7600.0,96,0.5,free_flow_speed,34.595,0.5,0.7071067811865475,False,0.0,0.0,0.0,,,,,False,False,False,0.0,0.0
I-95 NB,GP,110+04157,2025-10-16,673.0,0.329831,4,69.19,48.92471819029723,7600.0,96,0.5,free_flow_speed,34.595,0.5,0.7071067811865475,True,0.7665252145943526,4721.687774679924,0.6212747071947268,484.76839597670727,530.7599088523684,25.582222222222224,510.0,False,False,True,0.2528237780548699,0.329831
I-95 NB,GP,110+04157,2025-10-17,673.0,0.329831,4,69.19,48.92471819029723,7600.0,96,0.5,free_flow_speed,34.595,0.5,0.7071067811865475,False,0.0,0.0,0.0,,,,,False,False,False,0.0,0.0
I-95 NB,GP,110+04157,2025-10-20,673.0,0.329831,4,69.19,48.92471819029723,7600.0,96,0.5,free_flow_speed,34.595,0.5,0.7071067811865475,False,0.0,0.0,0.0,,,,,False,False,False,0.0,0.0
I-95 NB,GP,110+04157,2025-10-21,673.0,0.329831,4,69.19,48.92471819029723,7600.0,96,0.5,free_flow_speed,34.595,0.5,0.7071067811865475,False,0.0,0.0,0.0,,,,,False,False,False,0.0,0.0
I-95 NB,GP,110+04157,2025-10-22,673.0,0.329831,4,69.19,48.92471819029723,7600.0,96,0.5,free_flow_speed,34.595,0.5,0.7071067811865475,False,0.0,0.0,0.0,,,,,False,False,False,0.0,0.0
I-95 NB,GP,110+04157,2025-10-23,673.0,0.329831,4,69.19,48.92471819029723,7600.0,96,0.5,free_flow_speed,34.595,0.5,0.7071067811865475,True,0.7525565955839653,5217.366948895185,0.686495651170419,385.60385064177365,430.75724637681157,32.083333333333336,390.0,False,False,True,0.24821649447805483,0.329831
I-95 NB,GP,110+04157,2025-10-24,673.0,0.329831,4,69.19,48.92471819029723,7600.0,96,0.5,free_flow_speed,34.595,0.5,0.7071067811865475,False,0.0,0.0,0.0,,,,,False,False,False,0.0,0.0
I-95 NB,GP,110+04157,2025-10-27,673.0,0.329831,4,69.19,48.92471819029723,7600.0,96,0.5,free_flow_speed,34.595,0.5,0.7071067811865475,False,0.0,0.0,0.0,,,,,False,False,False,0.0,0.0
I-95 NB,GP,110+04157,2025-10-28,673.0,0.329831,4,69.19,48.92471819029723,7600.0,96,0.5,free_flow_speed,34.595,0.5,0.7071067811865475,False,0.0,0.0,0.0,,,,,False,False,False,0.0,0.0
I-95 NB,GP,110+04157,2025-10-29,673.0,0.329831,4,69.19,48.92471819029723,7600.0,96,0.5,free_flow_speed,34.595,0.5,0.7071067811865475,False,0.0,0.0,0.0,,,,,False,False,False,0.0,0.0
I-95 NB,GP,110+04157,2025-10-30,673.0,0.329831,4,69.19,48.92471819029723,7600.0,96,0.5,free_flow_speed,34.595,0.5,0.7071067811865475,False,0.0,0.0,0.0,,,,,False,False,False,0.0,0.0
I-95 NB,GP,110+04157,2025-10-31,673.0,0.329831,4,69.19,48.92471819029723,7600.0,96,0.5,free_flow_speed,34.595,0.5,0.7071067811865475,True,0.5500401060591855,3424.930058455693,0.4506486919020649,467.53790489317714,500.5403112567283,31.087777777777774,495.0,False,False,True,0.18142027822160722,0.329831
I-95 NB,GP,110P04157,2025-10-01,674.0,0.48243,4,67.99,48.076190052873365,7600.0,96,0.5,free_flow_speed,33.995,0.5,0.7071067811865475,True,2.3738193077556096,15104.354706833277,1.9874150930043786,461.60017574692444,604.029334212261,19.492222222222235,525.0,False,False,True,1.1452016486405387,0.48243
I-95 NB,GP,110P04157,2025-10-02,674.0,0.48243,4,67.99,48.076190052873365,7600.0,96,0.5,free_flow_speed,33.995,0.5,0.7071067811865475,False,0.0,0.0,0.0,,,,,False,False,False,0.0,0.0
I-95 NB,GP,110P04157,2025-10-03,674.0,0.48243,4,67.99,48.076190052873365,7600.0,96,0.5,free_flow_speed,33.995,0.5,0.7071067811865475,False,0.0,0.0,0.0,,,,,False,False,False,0.0,0.0
I-95 NB,GP,110P04157,2025-10-06,674.0,0.48243,4,67.99,48.076190052873365,7600.0,96,0.5,free_flow_speed,33.995,0.5,0.7071067811865475,False,0.0,0.0,0.0,,,,,False,False,False,0.0,0.0
I-95 NB,GP,110P04157,2025-10-07,674.0,0.48243,4,67.99,48.076190052873365,7600.0,96,0.5,free_flow_speed,33.995,0.5,0.7071067811865475,False,0.0,0.0,0.0,,,,,False,False,False,0.0,0.0
I-95 NB,GP,110P04157,2025-10-08,674.0,0.48243,4,67.99,48.076190052873365,7600.0,96,0.5,free_flow_speed,33.995,0.5,0.7071067811865475,True,0.7716544603189409,5064.480467769753,0.6663790089170728,484.76768488745984,531.0669525065963,30.054444444444442,510.0,False,False,True,0.3722692612916667,0.48243
I-95 NB,GP,110P04157,2025-10-09,674.0,0.48243,4,67.99,48.076190052873365,7600.0,96,0.5,free_flow_speed,33.995,0.5,0.7071067811865475,False,0.0,0.0,0.0,,,,,False,False,False,0.0,0.0
I-95 NB,GP,110P04157,2025-10-10,674.0,0.48243,4,67.99,48.076190052873365,7600.0,96,0.5,free_flow_speed,33.995,0.5,0.7071067811865475,True,1.9372409268874302,8113.884560460699,1.0676163895343025,347.6085803211431,463.8430359343889,10.657777777777776,405.0,False,False,True,0.934583140358303,0.48243
I-95 NB,GP,110P04157,2025-10-13,674.0,0.48243,4,67.99,48.076190052873365,7600.0,96,0.5,free_flow_speed,33.995,0.5,0.7071067811865475,False,0.0,0.0,0.0,,,,,False,False,False,0.0,0.0
I-95 NB,GP,110P04157,2025-10-14,674.0,0.48243,4,67.99,48.076190052873365,7600.0,96,0.5,free_flow_speed,33.995,0.5,0.7071067811865475,True,1.140088733103522,8112.655849210014,1.0674547170013176,477.5413749204329,545.9466989066442,26.055555555555554,495.0,False,False,True,0.5500130075111322,0.48243
I-95 NB,GP,110P04157,2025-10-15,674.0,0.48243,4,67.99,48.076190052873365,7600.0,96,0.5,free_flow_speed,33.995,0.5,0.7071067811865475,False,0.0,0.0,0.0,,,,,False,False,False,0.0,0.0
I-95 NB,GP,110P04157,2025-10-16,674.0,0.48243,4,67.99,48.076190052873365,7600.0,96,0.5,free_flow_speed,33.995,0.5,0.7071067811865475,True,0.8182297903757605,4581.62478749004,0.6028453667750052,485.94549390003937,535.039281322585,23.474444444444455,510.0,False,False,True,0.39473859777097814,0.48243
I-95 NB,GP,110P04157,2025-10-17,674.0,0.48243,4,67.99,48.076190052873365,7600.0,96,0.5,free_flow_speed,33.995,0.5,0.7071067811865475,False,0.0,0.0,0.0,,,,,False,False,False,0.0,0.0
I-95 NB,GP,110P04157,2025-10-20,674.0,0.48243,4,67.99,48.076190052873365,7600.0,96,0.5,free_flow_speed,33.995,0.5,0.7071067811865475,False,0.0,0.0,0.0,,,,,False,False,False,0.0,0.0
I-95 NB,GP,110P04157,2025-10-21,674.0,0.48243,4,67.99,48.076190052873365,7600.0,96,0.5,free_flow_speed,33.995,0.5,0.7071067811865475,False,0.0,0.0,0.0,,,,,False,False,False,0.0,0.0
I-95 NB,GP,110P04157,2025-10-22,674.0,0.48243,4,67.99,48.076190052873365,7600.0,96,0.5,free_flow_speed,33.995,0.5,0.7071067811865475,False,0.0,0.0,0.0,,,,,False,False,False,0.0,0.0
I-95 NB,GP,110P04157,2025-10-23,674.0,0.48243,4,67.99,48.076190052873365,7600.0,96,0.5,free_flow_speed,33.995,0.5,0.7071067811865475,False,0.0,0.0,0.0,,,,,False,False,False,0.0,0.0
I-95 NB,GP,110P04157,2025-10-24,674.0,0.48243,4,67.99,48.076190052873365,7600.0,96,0.5,free_flow_speed,33.995,0.5,0.7071067811865475,False,0.0,0.0,0.0,,,,,False,False,False,0.0,0.0
I-95 NB,GP,110P04157,2025-10-27,674.0,0.48243,4,67.99,48.076190052873365,7600.0,96,0.5,free_flow_speed,33.995,0.5,0.7071067811865475,False,0.0,0.0,0.0,,,,,False,False,False,0.0,0.0
I-95 NB,GP,110P04157,2025-10-28,674.0,0.48243,4,67.99,48.076190052873365,7600.0,96,0.5,free_flow_speed,33.995,0.5,0.7071067811865475,False,0.0,0.0,0.0,,,,,False,False,False,0.0,0.0
I-95 NB,GP,110P04157,2025-10-29,674.0,0.48243,4,67.99,48.076190052873365,7600.0,96,0.5,free_flow_speed,33.995,0.5,0.7071067811865475,False,0.0,0.0,0.0,,,,,False,False,False,0.0,0.0
I-95 NB,GP,110P04157,2025-10-30,674.0,0.48243,4,67.99,48.076190052873365,7600.0,96,0.5,free_flow_speed,33.995,0.5,0.7071067811865475,False,0.0,0.0,0.0,,,,,False,False,False,0.0,0.0
I-95 NB,GP,110P04157,2025-10-31,674.0,0.48243,4,67.99,48.076190052873365,7600.0,96,0.5,free_flow_speed,33.995,0.5,0.7071067811865475,True,0.6281249366297819,5060.960161783458,0.6659158107609813,463.85815147625163,501.54564767403855,29.54444444444444,495.0,False,False,True,0.3030263131783057,0.48243
I-95 NB,GP,110+04158,2025-10-01,675.0,0.157477,4,65.98949999999999,46.66162293710968,7600.0,96,0.5,free_flow_speed,32.994749999999996,0.5,0.7071067811865475,True,2.14712156993164,12236.979637273522,1.6101288996412528,469.58939234990316,598.4166865458016,18.433333333333334,555.0,False,False,True,0.33812226346812485,0.157477
I-95 NB,GP,110+04158,2025-10-02,675.0,0.157477,4,65.98949999999999,46.66162293710968,7600.0,96,0.5,free_flow_speed,32.994749999999996,0.5,0.7071067811865475,False,0.0,0.0,0.0,,,,,False,False,False,0.0,0.0
I-95 NB,GP,110+04158,2025-10-03,675.0,0.157477,4,65.98949999999999,46.66162293710968,7600.0,96,0.5,free_flow_speed,32.994749999999996,0.5,0.7071067811865475,False,0.0,0.0,0.0,,,,,False,False,False,0.0,0.0
I-95 NB,GP,110+04158,2025-10-06,675.0,0.157477,4,65.98949999999999,46.66162293710968,7600.0,96,0.5,free_flow_speed,32.994749999999996,0.5,0.7071067811865475,False,0.0,0.0,0.0,,,,,False,False,False,0.0,0.0
I-95 NB,GP,110+04158,2025-10-07,675.0,0.157477,4,65.98949999999999,46.66162293710968,7600.0,96,0.5,free_flow_speed,32.994749999999996,0.5,0.7071067811865475,False,0.0,0.0,0.0,,,,,False,False,False,0.0,0.0
I-95 NB,GP,110+04158,2025-10-08,675.0,0.157477,4,65.98949999999999,46.66162293710968,7600.0,96,0.5,free_flow_speed,32.994749999999996,0.5,0.7071067811865475,True,0.71290551990654,5096.03628567343,0.6705310902201882,489.1527922416037,531.9271234359961,29.585555555555555,510.0,False,False,True,0.1122662225583222,0.157477
I-95 NB,GP,110+04158,2025-10-09,675.0,0.157477,4,65.98949999999999,46.66162293710968,7600.0,96,0.5,free_flow_speed,32.994749999999996,0.5,0.7071067811865475,False,0.0,0.0,0.0,,,,,False,False,False,0.0,0.0
I-95 NB,GP,110+04158,2025-10-10,675.0,0.157477,4,65.98949999999999,46.66162293710968,7600.0,96,0.5,free_flow_speed,32.994749999999996,0.5,0.7071067811865475,True,1.813011980952453,10122.618069118957,1.3319234301472311,349.4147000387672,458.1954188959144,18.052222222222227,405.0,False,False,True,0.28550768772444945,0.157477
I-95 NB,GP,110+04158,2025-10-13,675.0,0.157477,4,65.98949999999999,46.66162293710968,7600.0,96,0.5,free_flow_speed,32.994749999999996,0.5,0.7071067811865475,False,0.0,0.0,0.0,,,,,False,False,False,0.0,0.0
I-95 NB,GP,110+04158,2025-10-14,675.0,0.157477,4,65.98949999999999,46.66162293710968,7600.0,96,0.5,free_flow_speed,32.994749999999996,0.5,0.7071067811865475,True,0.9921168092814886,6599.621385542932,0.8683712349398596,480.834004304847,540.3610128617363,25.257777777777786,510.0,False,False,True,0.15623557877522098,0.157477
I-95 NB,GP,110+04158,2025-10-15,675.0,0.157477,4,65.98949999999999,46.66162293710968,7600.0,96,0.5,free_flow_speed,32.994749999999996,0.5,0.7071067811865475,False,0.0,0.0,0.0,,,,,False,False,False,0.0,0.0
I-95 NB,GP,110+04158,2025-10-16,675.0,0.157477,4,65.98949999999999,46.66162293710968,7600.0,96,0.5,free_flow_speed,32.994749999999996,0.5,0.7071067811865475,True,0.7880210373461428,4541.602395790846,0.5975792626040586,487.3996807465619,534.6809429873305,22.461111111111112,510.0,False,False,True,0.12409518889815854,0.157477
I-95 NB,GP,110+04158,2025-10-17,675.0,0.157477,4,65.98949999999999,46.66162293710968,7600.0,96,0.5,free_flow_speed,32.994749999999996,0.5,0.7071067811865475,False,0.0,0.0,0.0,,,,,False,False,False,0.0,0.0
I-95 NB,GP,110+04158,2025-10-20,675.0,0.157477,4,65.98949999999999,46.66162293710968,7600.0,96,0.5,free_flow_speed,32.994749999999996,0.5,0.7071067811865475,False,0.0,0.0,0.0,,,,,False,False,False,0.0,0.0
I-95 NB,GP,110+04158,2025-10-21,675.0,0.157477,4,65.98949999999999,46.66162293710968,7600.0,96,0.5,free_flow_speed,32.994749999999996,0.5,0.7071067811865475,False,0.0,0.0,0.0,,,,,False,False,False,0.0,0.0
I-95 NB,GP,110+04158,2025-10-22,675.0,0.157477,4,65.98949999999999,46.66162293710968,7600.0,96,0.5,free_flow_speed,32.994749999999996,0.5,0.7071067811865475,False,0.0,0.0,0.0,,,,,False,False,False,0.0,0.0
I-95 NB,GP,110+04158,2025-10-23,675.0,0.157477,4,65.98949999999999,46.66162293710968,7600.0,96,0.5,free_flow_speed,32.994749999999996,0.5,0.7071067811865475,False,0.0,0.0,0.0,,,,,False,False,False,0.0,0.0
I-95 NB,GP,110+04158,2025-10-24,675.0,0.157477,4,65.98949999999999,46.66162293710968,7600.0,96,0.5,free_flow_speed,32.994749999999996,0.5,0.7071067811865475,False,0.0,0.0,0.0,,,,,False,False,False,0.0,0.0
I-95 NB,GP,110+04158,2025-10-27,675.0,0.157477,4,65.98949999999999,46.66162293710968,7600.0,96,0.5,free_flow_speed,32.994749999999996,0.5,0.7071067811865475,False,0.0,0.0,0.0,,,,,False,False,False,0.0,0.0
I-95 NB,GP,110+04158,2025-10-28,675.0,0.157477,4,65.98949999999999,46.66162293710968,7600.0,96,0.5,free_flow_speed,32.994749999999996,0.5,0.7071067811865475,False,0.0,0.0,0.0,,,,,False,False,False,0.0,0.0
I-95 NB,GP,110+04158,2025-10-29,675.0,0.157477,4,65.98949999999999,46.66162293710968,7600.0,96,0.5,free_flow_speed,32.994749999999996,0.5,0.7071067811865475,False,0.0,0.0,0.0,,,,,False,False,False,0.0,0.0
I-95 NB,GP,110+04158,2025-10-30,675.0,0.157477,4,65.98949999999999,46.66162293710968,7600.0,96,0.5,free_flow_speed,32.994749999999996,0.5,0.7071067811865475,False,0.0,0.0,0.0,,,,,False,False,False,0.0,0.0
I-95 NB,GP,110+04158,2025-10-31,675.0,0.157477,4,65.98949999999999,46.66162293710968,7600.0,96,0.5,free_flow_speed,32.994749999999996,0.5,0.7071067811865475,False,0.0,0.0,0.0,,,,,False,False,False,0.0,0.0
I-95 NB,GP,110P04159,2025-10-01,676.001,1.247942,4,67.2,47.517575695736,7600.0,96,0.5,free_flow_speed,33.6,0.5,0.7071067811865475,True,1.3926893912510026,6878.997763373365,0.9051312846543902,493.5841175340887,577.1454810091489,8.831111111111111,525.0,False,False,True,1.7379955842965589,1.247942
I-95 NB,GP,110P04159,2025-10-02,676.001,1.247942,4,67.2,47.517575695736,7600.0,96,0.5,free_flow_speed,33.6,0.5,0.7071067811865475,True,1.2669298708182368,5470.006199731064,0.7197376578593505,495.3616903487728,571.377482597867,8.32111111111111,525.0,False,False,True,1.5810549968486522,1.247942
I-95 NB,GP,110P04159,2025-10-03,676.001,1.247942,4,67.2,47.517575695736,7600.0,96,0.5,free_flow_speed,33.6,0.5,0.7071067811865475,False,0.0,0.0,0.0,,,,,False,False,False,0.0,0.0
I-95 NB,GP,110P04159,2025-10-06,676.001,1.247942,4,67.2,47.517575695736,7600.0,96,0.5,free_flow_speed,33.6,0.5,0.7071067811865475,False,0.0,0.0,0.0,,,,,False,False,False,0.0,0.0
I-95 NB,GP,110P04159,2025-10-07,676.001,1.247942,4,67.2,47.517575695736,7600.0,96,0.5,free_flow_speed,33.6,0.5,0.7071067811865475,False,0.0,0.0,0.0,,,,,False,False,False,0.0,0.0
I-95 NB,GP,110P04159,2025-10-08,676.001,1.247942,4,67.2,47.517575695736,7600.0,96,0.5,free_flow_speed,33.6,0.5,0.7071067811865475,True,0.632144195141034,4195.124444584207,0.5519900584979219,505.14231077114647,543.0709624796085,19.063333333333333,525.0,False,False,True,0.7888792911726924,1.247942
I-95 NB,GP,110P04159,2025-10-09,676.001,1.247942,4,67.2,47.517575695736,7600.0,96,0.5,free_flow_speed,33.6,0.5,0.7071067811865475,True,0.9696394065437394,4315.600732556905,0.5678422016522244,480.2426882389546,538.421052631579,20.412222222222226,510.0,False,False,True,1.2100537402810072,1.247942
I-95 NB,GP,110P04159,2025-10-10,676.001,1.247942,4,67.2,47.517575695736,7600.0,96,0.5,free_flow_speed,33.6,0.5,0.7071067811865475,False,0.0,0.0,0.0,,,,,False,False,False,0.0,0.0
I-95 NB,GP,110P04159,2025-10-13,676.001,1.247942,4,67.2,47.517575695736,7600.0,96,0.5,free_flow_speed,33.6,0.5,0.7071067811865475,False,0.0,0.0,0.0,,,,,False,False,False,0.0,0.0
I-95 NB,GP,110P04159,2025-10-14,676.001,1.247942,4,67.2,47.517575695736,7600.0,96,0.5,free_flow_speed,33.6,0.5,0.7071067811865475,False,0.0,0.0,0.0,,,,,False,False,False,0.0,0.0
I-95 NB,GP,110P04159,2025-10-15,676.001,1.247942,4,67.2,47.517575695736,7600.0,96,0.5,free_flow_speed,33.6,0.5,0.7071067811865475,True,0.8524592969985851,5581.208879919006,0.7343695894630271,491.12784416434766,542.2754019842628,17.748888888888885,510.0,False,False,True,1.0638197600150083,1.247942
I-95 NB,GP,110P04159,2025-10-16,676.001,1.247942,4,67.2,47.517575695736,7600.0,96,0.5,free_flow_speed,33.6,0.5,0.7071067811865475,True,1.2832117848469105,5774.690586421966,0.7598277087397324,482.9625083686677,559.9552154594824,11.124444444444444,510.0,False,False,True,1.6013738812054232,1.247942
I-95 NB,GP,110P04159,2025-10-17,676.001,1.247942,4,67.2,47.517575695736,7600.0,96,0.5,free_flow_speed,33.6,0.5,0.7071067811865475,False,0.0,0.0,0.0,,,,,False,False,False,0.0,0.0
I-95 NB,GP,110P04159,2025-10-20,676.001,1.247942,4,67.2,47.517575695736,7600.0,87,0.5,free_flow_speed,33.6,0.5,0.7071067811865475,False,0.0,0.0,0.0,,,,,False,False,False,0.0,0.0
I-95 NB,GP,110P04159,2025-10-21,676.001,1.247942,4,67.2,47.517575695736,7600.0,96,0.5,free_flow_speed,33.6,0.5,0.7071067811865475,False,0.0,0.0,0.0,,,,,False,False,False,0.0,0.0
I-95 NB,GP,110P04159,2025-10-22,676.001,1.247942,4,67.2,47.517575695736,7600.0,96,0.5,free_flow_speed,33.6,0.5,0.7071067811865475,False,0.0,0.0,0.0,,,,,False,False,False,0.0,0.0
I-95 NB,GP,110P04159,2025-10-23,676.001,1.247942,4,67.2,47.517575695736,7600.0,96,0.5,free_flow_speed,33.6,0.5,0.7071067811865475,False,0.0,0.0,0.0,,,,,False,False,False,0.0,0.0
I-95 NB,GP,110P04159,2025-10-24,676.001,1.247942,4,67.2,47.517575695736,7600.0,96,0.5,free_flow_speed,33.6,0.5,0.7071067811865475,False,0.0,0.0,0.0,,,,,False,False,False,0.0,0.0
I-95 NB,GP,110P04159,2025-10-27,676.001,1.247942,4,67.2,47.517575695736,7600.0,96,0.5,free_flow_speed,33.6,0.5,0.7071067811865475,False,0.0,0.0,0.0,,,,,False,False,False,0.0,0.0
I-95 NB,GP,110P04159,2025-10-28,676.001,1.247942,4,67.2,47.517575695736,7600.0,96,0.5,free_flow_speed,33.6,0.5,0.7071067811865475,False,0.0,0.0,0.0,,,,,False,False,False,0.0,0.0
I-95 NB,GP,110P04159,2025-10-29,676.001,1.247942,4,67.2,47.517575695736,7600.0,96,0.5,free_flow_speed,33.6,0.5,0.7071067811865475,False,0.0,0.0,0.0,,,,,False,False,False,0.0,0.0
I-95 NB,GP,110P04159,2025-10-30,676.001,1.247942,4,67.2,47.517575695736,7600.0,96,0.5,free_flow_speed,33.6,0.5,0.7071067811865475,False,0.0,0.0,0.0,,,,,False,False,False,0.0,0.0
I-95 NB,GP,110P04159,2025-10-31,676.001,1.247942,4,67.2,47.517575695736,7600.0,96,0.5,free_flow_speed,33.6,0.5,0.7071067811865475,False,0.0,0.0,0.0,,,,,False,False,False,0.0,0.0
